// Raytraced motion blur Shaders

//////////////////////////////////////////////////////////////////////////////////////////////////////////////////////
// Build of fragment shader from fs_pp_motionblur.sc to fs_pp_motionblur with options: NOSTEREO
static const uint8_t fs_pp_motionblur_mtl[3606] =
{
	0x46, 0x53, 0x48, 0x0b, 0x6f, 0x1e, 0x3e, 0x3c, 0x00, 0x00, 0x00, 0x00, 0x0d, 0x00, 0x16, 0x74, // FSH.o.><.......t
	0x65, 0x78, 0x5f, 0x66, 0x62, 0x5f, 0x66, 0x69, 0x6c, 0x74, 0x65, 0x72, 0x65, 0x64, 0x53, 0x61, // ex_fb_filteredSa
	0x6d, 0x70, 0x6c, 0x65, 0x72, 0x11, 0x01, 0xff, 0xff, 0x01, 0x00, 0x00, 0x00, 0x00, 0x00, 0x16, // mpler...........
	0x74, 0x65, 0x78, 0x5f, 0x66, 0x62, 0x5f, 0x66, 0x69, 0x6c, 0x74, 0x65, 0x72, 0x65, 0x64, 0x54, // tex_fb_filteredT
	0x65, 0x78, 0x74, 0x75, 0x72, 0x65, 0x11, 0x01, 0xff, 0xff, 0x01, 0x00, 0x00, 0x00, 0x00, 0x00, // exture..........
	0x10, 0x74, 0x65, 0x78, 0x5f, 0x62, 0x6c, 0x6f, 0x6f, 0x6d, 0x53, 0x61, 0x6d, 0x70, 0x6c, 0x65, // .tex_bloomSample
	0x72, 0x11, 0x01, 0xff, 0xff, 0x01, 0x00, 0x00, 0x00, 0x00, 0x00, 0x10, 0x74, 0x65, 0x78, 0x5f, // r...........tex_
	0x62, 0x6c, 0x6f, 0x6f, 0x6d, 0x54, 0x65, 0x78, 0x74, 0x75, 0x72, 0x65, 0x11, 0x01, 0xff, 0xff, // bloomTexture....
	0x01, 0x00, 0x00, 0x00, 0x00, 0x00, 0x10, 0x74, 0x65, 0x78, 0x5f, 0x64, 0x65, 0x70, 0x74, 0x68, // .......tex_depth
	0x53, 0x61, 0x6d, 0x70, 0x6c, 0x65, 0x72, 0x11, 0x01, 0xff, 0xff, 0x01, 0x00, 0x00, 0x00, 0x00, // Sampler.........
	0x00, 0x10, 0x74, 0x65, 0x78, 0x5f, 0x64, 0x65, 0x70, 0x74, 0x68, 0x54, 0x65, 0x78, 0x74, 0x75, // ..tex_depthTextu
	0x72, 0x65, 0x11, 0x01, 0xff, 0xff, 0x01, 0x00, 0x00, 0x00, 0x00, 0x00, 0x0a, 0x77, 0x5f, 0x68, // re...........w_h
	0x5f, 0x68, 0x65, 0x69, 0x67, 0x68, 0x74, 0x12, 0x01, 0x00, 0x01, 0x01, 0x00, 0x00, 0x00, 0x00, // _height.........
	0x00, 0x0a, 0x6d, 0x61, 0x74, 0x50, 0x72, 0x6f, 0x6a, 0x49, 0x6e, 0x76, 0x14, 0x01, 0xc0, 0x00, // ..matProjInv....
	0x04, 0x00, 0x00, 0x00, 0x00, 0x00, 0x05, 0x62, 0x61, 0x6c, 0x6c, 0x73, 0x12, 0x02, 0x00, 0x00, // .......balls....
	0x02, 0x00, 0x00, 0x00, 0x00, 0x00, 0x07, 0x6d, 0x61, 0x74, 0x50, 0x72, 0x6f, 0x6a, 0x14, 0x01, // .......matProj..
	0x80, 0x00, 0x04, 0x00, 0x00, 0x00, 0x00, 0x00, 0x0f, 0x74, 0x65, 0x78, 0x5f, 0x66, 0x62, 0x5f, // .........tex_fb_
	0x66, 0x69, 0x6c, 0x74, 0x65, 0x72, 0x65, 0x64, 0x10, 0x00, 0x00, 0x00, 0x00, 0x00, 0x00, 0x00, // filtered........
	0x00, 0x00, 0x09, 0x74, 0x65, 0x78, 0x5f, 0x62, 0x6c, 0x6f, 0x6f, 0x6d, 0x10, 0x00, 0x00, 0x00, // ...tex_bloom....
	0x00, 0x00, 0x00, 0x00, 0x00, 0x00, 0x09, 0x74, 0x65, 0x78, 0x5f, 0x64, 0x65, 0x70, 0x74, 0x68, // .......tex_depth
	0x10, 0x00, 0x00, 0x00, 0x00, 0x00, 0x00, 0x00, 0x00, 0x00, 0xc4, 0x0c, 0x00, 0x00, 0x23, 0x69, // ..............#i
	0x6e, 0x63, 0x6c, 0x75, 0x64, 0x65, 0x20, 0x3c, 0x6d, 0x65, 0x74, 0x61, 0x6c, 0x5f, 0x73, 0x74, // nclude <metal_st
	0x64, 0x6c, 0x69, 0x62, 0x3e, 0x0a, 0x23, 0x69, 0x6e, 0x63, 0x6c, 0x75, 0x64, 0x65, 0x20, 0x3c, // dlib>.#include <
	0x73, 0x69, 0x6d, 0x64, 0x2f, 0x73, 0x69, 0x6d, 0x64, 0x2e, 0x68, 0x3e, 0x0a, 0x0a, 0x75, 0x73, // simd/simd.h>..us
	0x69, 0x6e, 0x67, 0x20, 0x6e, 0x61, 0x6d, 0x65, 0x73, 0x70, 0x61, 0x63, 0x65, 0x20, 0x6d, 0x65, // ing namespace me
	0x74, 0x61, 0x6c, 0x3b, 0x0a, 0x0a, 0x73, 0x74, 0x72, 0x75, 0x63, 0x74, 0x20, 0x5f, 0x47, 0x6c, // tal;..struct _Gl
	0x6f, 0x62, 0x61, 0x6c, 0x0a, 0x7b, 0x0a, 0x20, 0x20, 0x20, 0x20, 0x66, 0x6c, 0x6f, 0x61, 0x74, // obal.{.    float
	0x34, 0x20, 0x62, 0x61, 0x6c, 0x6c, 0x73, 0x5b, 0x38, 0x5d, 0x3b, 0x0a, 0x20, 0x20, 0x20, 0x20, // 4 balls[8];.    
	0x66, 0x6c, 0x6f, 0x61, 0x74, 0x34, 0x78, 0x34, 0x20, 0x6d, 0x61, 0x74, 0x50, 0x72, 0x6f, 0x6a, // float4x4 matProj
	0x3b, 0x0a, 0x20, 0x20, 0x20, 0x20, 0x66, 0x6c, 0x6f, 0x61, 0x74, 0x34, 0x78, 0x34, 0x20, 0x6d, // ;.    float4x4 m
	0x61, 0x74, 0x50, 0x72, 0x6f, 0x6a, 0x49, 0x6e, 0x76, 0x3b, 0x0a, 0x20, 0x20, 0x20, 0x20, 0x66, // atProjInv;.    f
	0x6c, 0x6f, 0x61, 0x74, 0x34, 0x20, 0x77, 0x5f, 0x68, 0x5f, 0x68, 0x65, 0x69, 0x67, 0x68, 0x74, // loat4 w_h_height
	0x3b, 0x0a, 0x7d, 0x3b, 0x0a, 0x0a, 0x63, 0x6f, 0x6e, 0x73, 0x74, 0x61, 0x6e, 0x74, 0x20, 0x66, // ;.};..constant f
	0x6c, 0x6f, 0x61, 0x74, 0x34, 0x20, 0x5f, 0x38, 0x35, 0x31, 0x20, 0x3d, 0x20, 0x7b, 0x7d, 0x3b, // loat4 _851 = {};
	0x0a, 0x0a, 0x73, 0x74, 0x72, 0x75, 0x63, 0x74, 0x20, 0x78, 0x6c, 0x61, 0x74, 0x4d, 0x74, 0x6c, // ..struct xlatMtl
	0x4d, 0x61, 0x69, 0x6e, 0x5f, 0x6f, 0x75, 0x74, 0x0a, 0x7b, 0x0a, 0x20, 0x20, 0x20, 0x20, 0x66, // Main_out.{.    f
	0x6c, 0x6f, 0x61, 0x74, 0x34, 0x20, 0x62, 0x67, 0x66, 0x78, 0x5f, 0x46, 0x72, 0x61, 0x67, 0x44, // loat4 bgfx_FragD
	0x61, 0x74, 0x61, 0x30, 0x20, 0x5b, 0x5b, 0x63, 0x6f, 0x6c, 0x6f, 0x72, 0x28, 0x30, 0x29, 0x5d, // ata0 [[color(0)]
	0x5d, 0x3b, 0x0a, 0x7d, 0x3b, 0x0a, 0x0a, 0x73, 0x74, 0x72, 0x75, 0x63, 0x74, 0x20, 0x78, 0x6c, // ];.};..struct xl
	0x61, 0x74, 0x4d, 0x74, 0x6c, 0x4d, 0x61, 0x69, 0x6e, 0x5f, 0x69, 0x6e, 0x0a, 0x7b, 0x0a, 0x20, // atMtlMain_in.{. 
	0x20, 0x20, 0x20, 0x66, 0x6c, 0x6f, 0x61, 0x74, 0x32, 0x20, 0x76, 0x5f, 0x74, 0x65, 0x78, 0x63, //    float2 v_texc
	0x6f, 0x6f, 0x72, 0x64, 0x30, 0x20, 0x5b, 0x5b, 0x75, 0x73, 0x65, 0x72, 0x28, 0x6c, 0x6f, 0x63, // oord0 [[user(loc
	0x6e, 0x30, 0x29, 0x5d, 0x5d, 0x3b, 0x0a, 0x7d, 0x3b, 0x0a, 0x0a, 0x66, 0x72, 0x61, 0x67, 0x6d, // n0)]];.};..fragm
	0x65, 0x6e, 0x74, 0x20, 0x78, 0x6c, 0x61, 0x74, 0x4d, 0x74, 0x6c, 0x4d, 0x61, 0x69, 0x6e, 0x5f, // ent xlatMtlMain_
	0x6f, 0x75, 0x74, 0x20, 0x78, 0x6c, 0x61, 0x74, 0x4d, 0x74, 0x6c, 0x4d, 0x61, 0x69, 0x6e, 0x28, // out xlatMtlMain(
	0x78, 0x6c, 0x61, 0x74, 0x4d, 0x74, 0x6c, 0x4d, 0x61, 0x69, 0x6e, 0x5f, 0x69, 0x6e, 0x20, 0x69, // xlatMtlMain_in i
	0x6e, 0x20, 0x5b, 0x5b, 0x73, 0x74, 0x61, 0x67, 0x65, 0x5f, 0x69, 0x6e, 0x5d, 0x5d, 0x2c, 0x20, // n [[stage_in]], 
	0x63, 0x6f, 0x6e, 0x73, 0x74, 0x61, 0x6e, 0x74, 0x20, 0x5f, 0x47, 0x6c, 0x6f, 0x62, 0x61, 0x6c, // constant _Global
	0x26, 0x20, 0x5f, 0x6d, 0x74, 0x6c, 0x5f, 0x75, 0x20, 0x5b, 0x5b, 0x62, 0x75, 0x66, 0x66, 0x65, // & _mtl_u [[buffe
	0x72, 0x28, 0x30, 0x29, 0x5d, 0x5d, 0x2c, 0x20, 0x74, 0x65, 0x78, 0x74, 0x75, 0x72, 0x65, 0x32, // r(0)]], texture2
	0x64, 0x3c, 0x66, 0x6c, 0x6f, 0x61, 0x74, 0x3e, 0x20, 0x74, 0x65, 0x78, 0x5f, 0x66, 0x62, 0x5f, // d<float> tex_fb_
	0x66, 0x69, 0x6c, 0x74, 0x65, 0x72, 0x65, 0x64, 0x20, 0x5b, 0x5b, 0x74, 0x65, 0x78, 0x74, 0x75, // filtered [[textu
	0x72, 0x65, 0x28, 0x30, 0x29, 0x5d, 0x5d, 0x2c, 0x20, 0x74, 0x65, 0x78, 0x74, 0x75, 0x72, 0x65, // re(0)]], texture
	0x32, 0x64, 0x3c, 0x66, 0x6c, 0x6f, 0x61, 0x74, 0x3e, 0x20, 0x74, 0x65, 0x78, 0x5f, 0x62, 0x6c, // 2d<float> tex_bl
	0x6f, 0x6f, 0x6d, 0x20, 0x5b, 0x5b, 0x74, 0x65, 0x78, 0x74, 0x75, 0x72, 0x65, 0x28, 0x31, 0x29, // oom [[texture(1)
	0x5d, 0x5d, 0x2c, 0x20, 0x74, 0x65, 0x78, 0x74, 0x75, 0x72, 0x65, 0x32, 0x64, 0x3c, 0x66, 0x6c, // ]], texture2d<fl
	0x6f, 0x61, 0x74, 0x3e, 0x20, 0x74, 0x65, 0x78, 0x5f, 0x64, 0x65, 0x70, 0x74, 0x68, 0x20, 0x5b, // oat> tex_depth [
	0x5b, 0x74, 0x65, 0x78, 0x74, 0x75, 0x72, 0x65, 0x28, 0x34, 0x29, 0x5d, 0x5d, 0x2c, 0x20, 0x73, // [texture(4)]], s
	0x61, 0x6d, 0x70, 0x6c, 0x65, 0x72, 0x20, 0x74, 0x65, 0x78, 0x5f, 0x66, 0x62, 0x5f, 0x66, 0x69, // ampler tex_fb_fi
	0x6c, 0x74, 0x65, 0x72, 0x65, 0x64, 0x53, 0x61, 0x6d, 0x70, 0x6c, 0x65, 0x72, 0x20, 0x5b, 0x5b, // lteredSampler [[
	0x73, 0x61, 0x6d, 0x70, 0x6c, 0x65, 0x72, 0x28, 0x30, 0x29, 0x5d, 0x5d, 0x2c, 0x20, 0x73, 0x61, // sampler(0)]], sa
	0x6d, 0x70, 0x6c, 0x65, 0x72, 0x20, 0x74, 0x65, 0x78, 0x5f, 0x62, 0x6c, 0x6f, 0x6f, 0x6d, 0x53, // mpler tex_bloomS
	0x61, 0x6d, 0x70, 0x6c, 0x65, 0x72, 0x20, 0x5b, 0x5b, 0x73, 0x61, 0x6d, 0x70, 0x6c, 0x65, 0x72, // ampler [[sampler
	0x28, 0x31, 0x29, 0x5d, 0x5d, 0x2c, 0x20, 0x73, 0x61, 0x6d, 0x70, 0x6c, 0x65, 0x72, 0x20, 0x74, // (1)]], sampler t
	0x65, 0x78, 0x5f, 0x64, 0x65, 0x70, 0x74, 0x68, 0x53, 0x61, 0x6d, 0x70, 0x6c, 0x65, 0x72, 0x20, // ex_depthSampler 
	0x5b, 0x5b, 0x73, 0x61, 0x6d, 0x70, 0x6c, 0x65, 0x72, 0x28, 0x34, 0x29, 0x5d, 0x5d, 0x29, 0x0a, // [[sampler(4)]]).
	0x7b, 0x0a, 0x20, 0x20, 0x20, 0x20, 0x78, 0x6c, 0x61, 0x74, 0x4d, 0x74, 0x6c, 0x4d, 0x61, 0x69, // {.    xlatMtlMai
	0x6e, 0x5f, 0x6f, 0x75, 0x74, 0x20, 0x6f, 0x75, 0x74, 0x20, 0x3d, 0x20, 0x7b, 0x7d, 0x3b, 0x0a, // n_out out = {};.
	0x20, 0x20, 0x20, 0x20, 0x66, 0x6c, 0x6f, 0x61, 0x74, 0x34, 0x20, 0x5f, 0x38, 0x34, 0x32, 0x3b, //     float4 _842;
	0x0a, 0x20, 0x20, 0x20, 0x20, 0x64, 0x6f, 0x0a, 0x20, 0x20, 0x20, 0x20, 0x7b, 0x0a, 0x20, 0x20, // .    do.    {.  
	0x20, 0x20, 0x20, 0x20, 0x20, 0x20, 0x69, 0x6e, 0x74, 0x20, 0x5f, 0x34, 0x39, 0x34, 0x20, 0x3d, //       int _494 =
	0x20, 0x69, 0x6e, 0x74, 0x28, 0x5f, 0x6d, 0x74, 0x6c, 0x5f, 0x75, 0x2e, 0x77, 0x5f, 0x68, 0x5f, //  int(_mtl_u.w_h_
	0x68, 0x65, 0x69, 0x67, 0x68, 0x74, 0x2e, 0x77, 0x29, 0x3b, 0x0a, 0x20, 0x20, 0x20, 0x20, 0x20, // height.w);.     
	0x20, 0x20, 0x20, 0x66, 0x6c, 0x6f, 0x61, 0x74, 0x34, 0x20, 0x5f, 0x35, 0x31, 0x33, 0x20, 0x3d, //    float4 _513 =
	0x20, 0x5f, 0x6d, 0x74, 0x6c, 0x5f, 0x75, 0x2e, 0x6d, 0x61, 0x74, 0x50, 0x72, 0x6f, 0x6a, 0x49, //  _mtl_u.matProjI
	0x6e, 0x76, 0x20, 0x2a, 0x20, 0x66, 0x6c, 0x6f, 0x61, 0x74, 0x34, 0x28, 0x28, 0x69, 0x6e, 0x2e, // nv * float4((in.
	0x76, 0x5f, 0x74, 0x65, 0x78, 0x63, 0x6f, 0x6f, 0x72, 0x64, 0x30, 0x2e, 0x78, 0x20, 0x2a, 0x20, // v_texcoord0.x * 
	0x32, 0x2e, 0x30, 0x29, 0x20, 0x2d, 0x20, 0x31, 0x2e, 0x30, 0x2c, 0x20, 0x31, 0x2e, 0x30, 0x20, // 2.0) - 1.0, 1.0 
	0x2d, 0x20, 0x28, 0x69, 0x6e, 0x2e, 0x76, 0x5f, 0x74, 0x65, 0x78, 0x63, 0x6f, 0x6f, 0x72, 0x64, // - (in.v_texcoord
	0x30, 0x2e, 0x79, 0x20, 0x2a, 0x20, 0x32, 0x2e, 0x30, 0x29, 0x2c, 0x20, 0x74, 0x65, 0x78, 0x5f, // 0.y * 2.0), tex_
	0x64, 0x65, 0x70, 0x74, 0x68, 0x2e, 0x73, 0x61, 0x6d, 0x70, 0x6c, 0x65, 0x28, 0x74, 0x65, 0x78, // depth.sample(tex
	0x5f, 0x64, 0x65, 0x70, 0x74, 0x68, 0x53, 0x61, 0x6d, 0x70, 0x6c, 0x65, 0x72, 0x2c, 0x20, 0x69, // _depthSampler, i
	0x6e, 0x2e, 0x76, 0x5f, 0x74, 0x65, 0x78, 0x63, 0x6f, 0x6f, 0x72, 0x64, 0x30, 0x2c, 0x20, 0x6c, // n.v_texcoord0, l
	0x65, 0x76, 0x65, 0x6c, 0x28, 0x30, 0x2e, 0x30, 0x29, 0x29, 0x2e, 0x78, 0x2c, 0x20, 0x31, 0x2e, // evel(0.0)).x, 1.
	0x30, 0x29, 0x3b, 0x0a, 0x20, 0x20, 0x20, 0x20, 0x20, 0x20, 0x20, 0x20, 0x66, 0x6c, 0x6f, 0x61, // 0);.        floa
	0x74, 0x33, 0x20, 0x5f, 0x35, 0x31, 0x39, 0x20, 0x3d, 0x20, 0x5f, 0x35, 0x31, 0x33, 0x2e, 0x78, // t3 _519 = _513.x
	0x79, 0x7a, 0x20, 0x2f, 0x20, 0x66, 0x6c, 0x6f, 0x61, 0x74, 0x33, 0x28, 0x5f, 0x35, 0x31, 0x33, // yz / float3(_513
	0x2e, 0x77, 0x29, 0x3b, 0x0a, 0x20, 0x20, 0x20, 0x20, 0x20, 0x20, 0x20, 0x20, 0x66, 0x6c, 0x6f, // .w);.        flo
	0x61, 0x74, 0x34, 0x20, 0x5f, 0x38, 0x31, 0x35, 0x3b, 0x0a, 0x20, 0x20, 0x20, 0x20, 0x20, 0x20, // at4 _815;.      
	0x20, 0x20, 0x5f, 0x38, 0x31, 0x35, 0x2e, 0x78, 0x20, 0x3d, 0x20, 0x5f, 0x35, 0x31, 0x39, 0x2e, //   _815.x = _519.
	0x78, 0x3b, 0x0a, 0x20, 0x20, 0x20, 0x20, 0x20, 0x20, 0x20, 0x20, 0x5f, 0x38, 0x31, 0x35, 0x2e, // x;.        _815.
	0x79, 0x20, 0x3d, 0x20, 0x5f, 0x35, 0x31, 0x39, 0x2e, 0x79, 0x3b, 0x0a, 0x20, 0x20, 0x20, 0x20, // y = _519.y;.    
	0x20, 0x20, 0x20, 0x20, 0x66, 0x6c, 0x6f, 0x61, 0x74, 0x20, 0x5f, 0x35, 0x32, 0x35, 0x20, 0x3d, //     float _525 =
	0x20, 0x5f, 0x35, 0x31, 0x39, 0x2e, 0x7a, 0x3b, 0x0a, 0x20, 0x20, 0x20, 0x20, 0x20, 0x20, 0x20, //  _519.z;.       
	0x20, 0x5f, 0x38, 0x31, 0x35, 0x2e, 0x7a, 0x20, 0x3d, 0x20, 0x5f, 0x35, 0x32, 0x35, 0x3b, 0x0a, //  _815.z = _525;.
	0x20, 0x20, 0x20, 0x20, 0x20, 0x20, 0x20, 0x20, 0x66, 0x6c, 0x6f, 0x61, 0x74, 0x33, 0x20, 0x5f, //         float3 _
	0x35, 0x32, 0x38, 0x20, 0x3d, 0x20, 0x66, 0x61, 0x73, 0x74, 0x3a, 0x3a, 0x6e, 0x6f, 0x72, 0x6d, // 528 = fast::norm
	0x61, 0x6c, 0x69, 0x7a, 0x65, 0x28, 0x5f, 0x38, 0x31, 0x35, 0x2e, 0x78, 0x79, 0x7a, 0x29, 0x3b, // alize(_815.xyz);
	0x0a, 0x20, 0x20, 0x20, 0x20, 0x20, 0x20, 0x20, 0x20, 0x66, 0x6c, 0x6f, 0x61, 0x74, 0x20, 0x5f, // .        float _
	0x35, 0x33, 0x39, 0x20, 0x3d, 0x20, 0x5f, 0x6d, 0x74, 0x6c, 0x5f, 0x75, 0x2e, 0x62, 0x61, 0x6c, // 539 = _mtl_u.bal
	0x6c, 0x73, 0x5b, 0x30, 0x5d, 0x2e, 0x77, 0x20, 0x2a, 0x20, 0x5f, 0x6d, 0x74, 0x6c, 0x5f, 0x75, // ls[0].w * _mtl_u
	0x2e, 0x62, 0x61, 0x6c, 0x6c, 0x73, 0x5b, 0x30, 0x5d, 0x2e, 0x77, 0x3b, 0x0a, 0x20, 0x20, 0x20, // .balls[0].w;.   
	0x20, 0x20, 0x20, 0x20, 0x20, 0x66, 0x6c, 0x6f, 0x61, 0x74, 0x34, 0x20, 0x5f, 0x37, 0x34, 0x30, //      float4 _740
	0x20, 0x3d, 0x20, 0x74, 0x65, 0x78, 0x5f, 0x66, 0x62, 0x5f, 0x66, 0x69, 0x6c, 0x74, 0x65, 0x72, //  = tex_fb_filter
	0x65, 0x64, 0x2e, 0x73, 0x61, 0x6d, 0x70, 0x6c, 0x65, 0x28, 0x74, 0x65, 0x78, 0x5f, 0x66, 0x62, // ed.sample(tex_fb
	0x5f, 0x66, 0x69, 0x6c, 0x74, 0x65, 0x72, 0x65, 0x64, 0x53, 0x61, 0x6d, 0x70, 0x6c, 0x65, 0x72, // _filteredSampler
	0x2c, 0x20, 0x69, 0x6e, 0x2e, 0x76, 0x5f, 0x74, 0x65, 0x78, 0x63, 0x6f, 0x6f, 0x72, 0x64, 0x30, // , in.v_texcoord0
	0x2c, 0x20, 0x6c, 0x65, 0x76, 0x65, 0x6c, 0x28, 0x30, 0x2e, 0x30, 0x29, 0x29, 0x3b, 0x0a, 0x20, // , level(0.0));. 
	0x20, 0x20, 0x20, 0x20, 0x20, 0x20, 0x20, 0x66, 0x6c, 0x6f, 0x61, 0x74, 0x33, 0x20, 0x5f, 0x35, //        float3 _5
	0x34, 0x33, 0x20, 0x3d, 0x20, 0x5f, 0x37, 0x34, 0x30, 0x2e, 0x78, 0x79, 0x7a, 0x3b, 0x0a, 0x20, // 43 = _740.xyz;. 
	0x20, 0x20, 0x20, 0x20, 0x20, 0x20, 0x20, 0x66, 0x6c, 0x6f, 0x61, 0x74, 0x20, 0x5f, 0x35, 0x34, //        float _54
	0x36, 0x20, 0x3d, 0x20, 0x64, 0x6f, 0x74, 0x28, 0x5f, 0x35, 0x32, 0x38, 0x2c, 0x20, 0x5f, 0x6d, // 6 = dot(_528, _m
	0x74, 0x6c, 0x5f, 0x75, 0x2e, 0x62, 0x61, 0x6c, 0x6c, 0x73, 0x5b, 0x30, 0x5d, 0x2e, 0x78, 0x79, // tl_u.balls[0].xy
	0x7a, 0x29, 0x3b, 0x0a, 0x20, 0x20, 0x20, 0x20, 0x20, 0x20, 0x20, 0x20, 0x66, 0x6c, 0x6f, 0x61, // z);.        floa
	0x74, 0x20, 0x5f, 0x35, 0x35, 0x37, 0x20, 0x3d, 0x20, 0x28, 0x5f, 0x35, 0x34, 0x36, 0x20, 0x2a, // t _557 = (_546 *
	0x20, 0x5f, 0x35, 0x34, 0x36, 0x29, 0x20, 0x2d, 0x20, 0x28, 0x64, 0x6f, 0x74, 0x28, 0x5f, 0x6d, //  _546) - (dot(_m
	0x74, 0x6c, 0x5f, 0x75, 0x2e, 0x62, 0x61, 0x6c, 0x6c, 0x73, 0x5b, 0x30, 0x5d, 0x2e, 0x78, 0x79, // tl_u.balls[0].xy
	0x7a, 0x2c, 0x20, 0x5f, 0x6d, 0x74, 0x6c, 0x5f, 0x75, 0x2e, 0x62, 0x61, 0x6c, 0x6c, 0x73, 0x5b, // z, _mtl_u.balls[
	0x30, 0x5d, 0x2e, 0x78, 0x79, 0x7a, 0x29, 0x20, 0x2d, 0x20, 0x28, 0x5f, 0x35, 0x33, 0x39, 0x20, // 0].xyz) - (_539 
	0x2a, 0x20, 0x31, 0x2e, 0x31, 0x34, 0x39, 0x39, 0x39, 0x39, 0x39, 0x37, 0x36, 0x31, 0x35, 0x38, // * 1.149999976158
	0x31, 0x34, 0x32, 0x30, 0x38, 0x39, 0x38, 0x34, 0x33, 0x37, 0x35, 0x29, 0x29, 0x3b, 0x0a, 0x20, // 14208984375));. 
	0x20, 0x20, 0x20, 0x20, 0x20, 0x20, 0x20, 0x66, 0x6c, 0x6f, 0x61, 0x74, 0x33, 0x20, 0x5f, 0x38, //        float3 _8
	0x34, 0x34, 0x3b, 0x0a, 0x20, 0x20, 0x20, 0x20, 0x20, 0x20, 0x20, 0x20, 0x69, 0x66, 0x20, 0x28, // 44;.        if (
	0x5f, 0x35, 0x35, 0x37, 0x20, 0x3c, 0x20, 0x30, 0x2e, 0x30, 0x29, 0x0a, 0x20, 0x20, 0x20, 0x20, // _557 < 0.0).    
	0x20, 0x20, 0x20, 0x20, 0x7b, 0x0a, 0x20, 0x20, 0x20, 0x20, 0x20, 0x20, 0x20, 0x20, 0x20, 0x20, //     {.          
	0x20, 0x20, 0x5f, 0x38, 0x34, 0x34, 0x20, 0x3d, 0x20, 0x5f, 0x35, 0x34, 0x33, 0x3b, 0x0a, 0x20, //   _844 = _543;. 
	0x20, 0x20, 0x20, 0x20, 0x20, 0x20, 0x20, 0x7d, 0x0a, 0x20, 0x20, 0x20, 0x20, 0x20, 0x20, 0x20, //        }.       
	0x20, 0x65, 0x6c, 0x73, 0x65, 0x0a, 0x20, 0x20, 0x20, 0x20, 0x20, 0x20, 0x20, 0x20, 0x7b, 0x0a, //  else.        {.
	0x20, 0x20, 0x20, 0x20, 0x20, 0x20, 0x20, 0x20, 0x20, 0x20, 0x20, 0x20, 0x69, 0x66, 0x20, 0x28, //             if (
	0x5f, 0x35, 0x32, 0x35, 0x20, 0x3e, 0x20, 0x28, 0x28, 0x28, 0x5f, 0x35, 0x34, 0x36, 0x20, 0x2d, // _525 > (((_546 -
	0x20, 0x73, 0x71, 0x72, 0x74, 0x28, 0x5f, 0x35, 0x35, 0x37, 0x29, 0x29, 0x20, 0x2a, 0x20, 0x5f, //  sqrt(_557)) * _
	0x35, 0x32, 0x38, 0x2e, 0x7a, 0x29, 0x20, 0x2b, 0x20, 0x31, 0x2e, 0x30, 0x29, 0x29, 0x0a, 0x20, // 528.z) + 1.0)). 
	0x20, 0x20, 0x20, 0x20, 0x20, 0x20, 0x20, 0x20, 0x20, 0x20, 0x20, 0x7b, 0x0a, 0x20, 0x20, 0x20, //            {.   
	0x20, 0x20, 0x20, 0x20, 0x20, 0x20, 0x20, 0x20, 0x20, 0x20, 0x20, 0x20, 0x20, 0x5f, 0x38, 0x34, //              _84
	0x32, 0x20, 0x3d, 0x20, 0x66, 0x6c, 0x6f, 0x61, 0x74, 0x34, 0x28, 0x5f, 0x37, 0x34, 0x30, 0x2e, // 2 = float4(_740.
	0x78, 0x79, 0x7a, 0x2c, 0x20, 0x31, 0x2e, 0x30, 0x29, 0x3b, 0x0a, 0x20, 0x20, 0x20, 0x20, 0x20, // xyz, 1.0);.     
	0x20, 0x20, 0x20, 0x20, 0x20, 0x20, 0x20, 0x20, 0x20, 0x20, 0x20, 0x62, 0x72, 0x65, 0x61, 0x6b, //            break
	0x3b, 0x0a, 0x20, 0x20, 0x20, 0x20, 0x20, 0x20, 0x20, 0x20, 0x20, 0x20, 0x20, 0x20, 0x7d, 0x0a, // ;.            }.
	0x20, 0x20, 0x20, 0x20, 0x20, 0x20, 0x20, 0x20, 0x20, 0x20, 0x20, 0x20, 0x5f, 0x38, 0x34, 0x34, //             _844
	0x20, 0x3d, 0x20, 0x74, 0x65, 0x78, 0x5f, 0x62, 0x6c, 0x6f, 0x6f, 0x6d, 0x2e, 0x73, 0x61, 0x6d, //  = tex_bloom.sam
	0x70, 0x6c, 0x65, 0x28, 0x74, 0x65, 0x78, 0x5f, 0x62, 0x6c, 0x6f, 0x6f, 0x6d, 0x53, 0x61, 0x6d, // ple(tex_bloomSam
	0x70, 0x6c, 0x65, 0x72, 0x2c, 0x20, 0x69, 0x6e, 0x2e, 0x76, 0x5f, 0x74, 0x65, 0x78, 0x63, 0x6f, // pler, in.v_texco
	0x6f, 0x72, 0x64, 0x30, 0x2c, 0x20, 0x6c, 0x65, 0x76, 0x65, 0x6c, 0x28, 0x30, 0x2e, 0x30, 0x29, // ord0, level(0.0)
	0x29, 0x2e, 0x78, 0x79, 0x7a, 0x3b, 0x0a, 0x20, 0x20, 0x20, 0x20, 0x20, 0x20, 0x20, 0x20, 0x7d, // ).xyz;.        }
	0x0a, 0x20, 0x20, 0x20, 0x20, 0x20, 0x20, 0x20, 0x20, 0x66, 0x6c, 0x6f, 0x61, 0x74, 0x33, 0x20, // .        float3 
	0x5f, 0x38, 0x34, 0x30, 0x3b, 0x0a, 0x20, 0x20, 0x20, 0x20, 0x20, 0x20, 0x20, 0x20, 0x5f, 0x38, // _840;.        _8
	0x34, 0x30, 0x20, 0x3d, 0x20, 0x5f, 0x35, 0x34, 0x33, 0x3b, 0x0a, 0x20, 0x20, 0x20, 0x20, 0x20, // 40 = _543;.     
	0x20, 0x20, 0x20, 0x66, 0x6c, 0x6f, 0x61, 0x74, 0x33, 0x20, 0x5f, 0x38, 0x34, 0x36, 0x3b, 0x0a, //    float3 _846;.
	0x20, 0x20, 0x20, 0x20, 0x20, 0x20, 0x20, 0x20, 0x66, 0x6f, 0x72, 0x20, 0x28, 0x69, 0x6e, 0x74, //         for (int
	0x20, 0x5f, 0x38, 0x33, 0x39, 0x20, 0x3d, 0x20, 0x31, 0x3b, 0x20, 0x5f, 0x38, 0x33, 0x39, 0x20, //  _839 = 1; _839 
	0x3c, 0x20, 0x5f, 0x34, 0x39, 0x34, 0x3b, 0x20, 0x5f, 0x38, 0x34, 0x30, 0x20, 0x3d, 0x20, 0x5f, // < _494; _840 = _
	0x38, 0x34, 0x36, 0x2c, 0x20, 0x5f, 0x38, 0x33, 0x39, 0x2b, 0x2b, 0x29, 0x0a, 0x20, 0x20, 0x20, // 846, _839++).   
	0x20, 0x20, 0x20, 0x20, 0x20, 0x7b, 0x0a, 0x20, 0x20, 0x20, 0x20, 0x20, 0x20, 0x20, 0x20, 0x20, //      {.         
	0x20, 0x20, 0x20, 0x66, 0x6c, 0x6f, 0x61, 0x74, 0x33, 0x20, 0x5f, 0x35, 0x39, 0x39, 0x20, 0x3d, //    float3 _599 =
	0x20, 0x66, 0x6c, 0x6f, 0x61, 0x74, 0x33, 0x28, 0x66, 0x6c, 0x6f, 0x61, 0x74, 0x28, 0x5f, 0x38, //  float3(float(_8
	0x33, 0x39, 0x29, 0x20, 0x2f, 0x20, 0x5f, 0x6d, 0x74, 0x6c, 0x5f, 0x75, 0x2e, 0x77, 0x5f, 0x68, // 39) / _mtl_u.w_h
	0x5f, 0x68, 0x65, 0x69, 0x67, 0x68, 0x74, 0x2e, 0x77, 0x29, 0x3b, 0x0a, 0x20, 0x20, 0x20, 0x20, // _height.w);.    
	0x20, 0x20, 0x20, 0x20, 0x20, 0x20, 0x20, 0x20, 0x66, 0x6c, 0x6f, 0x61, 0x74, 0x33, 0x20, 0x5f, //         float3 _
	0x37, 0x35, 0x36, 0x20, 0x3d, 0x20, 0x6d, 0x69, 0x78, 0x28, 0x5f, 0x6d, 0x74, 0x6c, 0x5f, 0x75, // 756 = mix(_mtl_u
	0x2e, 0x62, 0x61, 0x6c, 0x6c, 0x73, 0x5b, 0x31, 0x5d, 0x2e, 0x78, 0x79, 0x7a, 0x2c, 0x20, 0x5f, // .balls[1].xyz, _
	0x6d, 0x74, 0x6c, 0x5f, 0x75, 0x2e, 0x62, 0x61, 0x6c, 0x6c, 0x73, 0x5b, 0x30, 0x5d, 0x2e, 0x78, // mtl_u.balls[0].x
	0x79, 0x7a, 0x2c, 0x20, 0x5f, 0x35, 0x39, 0x39, 0x29, 0x3b, 0x0a, 0x20, 0x20, 0x20, 0x20, 0x20, // yz, _599);.     
	0x20, 0x20, 0x20, 0x20, 0x20, 0x20, 0x20, 0x66, 0x6c, 0x6f, 0x61, 0x74, 0x20, 0x5f, 0x36, 0x30, //        float _60
	0x35, 0x20, 0x3d, 0x20, 0x64, 0x6f, 0x74, 0x28, 0x5f, 0x35, 0x32, 0x38, 0x2c, 0x20, 0x5f, 0x37, // 5 = dot(_528, _7
	0x35, 0x36, 0x29, 0x3b, 0x0a, 0x20, 0x20, 0x20, 0x20, 0x20, 0x20, 0x20, 0x20, 0x20, 0x20, 0x20, // 56);.           
	0x20, 0x66, 0x6c, 0x6f, 0x61, 0x74, 0x20, 0x5f, 0x36, 0x31, 0x35, 0x20, 0x3d, 0x20, 0x28, 0x5f, //  float _615 = (_
	0x36, 0x30, 0x35, 0x20, 0x2a, 0x20, 0x5f, 0x36, 0x30, 0x35, 0x29, 0x20, 0x2d, 0x20, 0x28, 0x64, // 605 * _605) - (d
	0x6f, 0x74, 0x28, 0x5f, 0x37, 0x35, 0x36, 0x2c, 0x20, 0x5f, 0x37, 0x35, 0x36, 0x29, 0x20, 0x2d, // ot(_756, _756) -
	0x20, 0x5f, 0x35, 0x33, 0x39, 0x29, 0x3b, 0x0a, 0x20, 0x20, 0x20, 0x20, 0x20, 0x20, 0x20, 0x20, //  _539);.        
	0x20, 0x20, 0x20, 0x20, 0x69, 0x66, 0x20, 0x28, 0x5f, 0x36, 0x31, 0x35, 0x20, 0x3c, 0x20, 0x30, //     if (_615 < 0
	0x2e, 0x30, 0x29, 0x0a, 0x20, 0x20, 0x20, 0x20, 0x20, 0x20, 0x20, 0x20, 0x20, 0x20, 0x20, 0x20, // .0).            
	0x7b, 0x0a, 0x20, 0x20, 0x20, 0x20, 0x20, 0x20, 0x20, 0x20, 0x20, 0x20, 0x20, 0x20, 0x20, 0x20, // {.              
	0x20, 0x20, 0x5f, 0x38, 0x34, 0x36, 0x20, 0x3d, 0x20, 0x5f, 0x38, 0x34, 0x30, 0x20, 0x2b, 0x20, //   _846 = _840 + 
	0x5f, 0x38, 0x34, 0x34, 0x3b, 0x0a, 0x20, 0x20, 0x20, 0x20, 0x20, 0x20, 0x20, 0x20, 0x20, 0x20, // _844;.          
	0x20, 0x20, 0x7d, 0x0a, 0x20, 0x20, 0x20, 0x20, 0x20, 0x20, 0x20, 0x20, 0x20, 0x20, 0x20, 0x20, //   }.            
	0x65, 0x6c, 0x73, 0x65, 0x0a, 0x20, 0x20, 0x20, 0x20, 0x20, 0x20, 0x20, 0x20, 0x20, 0x20, 0x20, // else.           
	0x20, 0x7b, 0x0a, 0x20, 0x20, 0x20, 0x20, 0x20, 0x20, 0x20, 0x20, 0x20, 0x20, 0x20, 0x20, 0x20, //  {.             
	0x20, 0x20, 0x20, 0x66, 0x6c, 0x6f, 0x61, 0x74, 0x33, 0x20, 0x5f, 0x36, 0x33, 0x30, 0x20, 0x3d, //    float3 _630 =
	0x20, 0x28, 0x5f, 0x35, 0x32, 0x38, 0x20, 0x2a, 0x20, 0x28, 0x5f, 0x36, 0x30, 0x35, 0x20, 0x2d, //  (_528 * (_605 -
	0x20, 0x73, 0x71, 0x72, 0x74, 0x28, 0x5f, 0x36, 0x31, 0x35, 0x29, 0x29, 0x29, 0x20, 0x2d, 0x20, //  sqrt(_615))) - 
	0x5f, 0x37, 0x35, 0x36, 0x3b, 0x0a, 0x20, 0x20, 0x20, 0x20, 0x20, 0x20, 0x20, 0x20, 0x20, 0x20, // _756;.          
	0x20, 0x20, 0x20, 0x20, 0x20, 0x20, 0x66, 0x6c, 0x6f, 0x61, 0x74, 0x34, 0x20, 0x5f, 0x36, 0x34, //       float4 _64
	0x30, 0x20, 0x3d, 0x20, 0x5f, 0x6d, 0x74, 0x6c, 0x5f, 0x75, 0x2e, 0x6d, 0x61, 0x74, 0x50, 0x72, // 0 = _mtl_u.matPr
	0x6f, 0x6a, 0x20, 0x2a, 0x20, 0x66, 0x6c, 0x6f, 0x61, 0x74, 0x34, 0x28, 0x5f, 0x6d, 0x74, 0x6c, // oj * float4(_mtl
	0x5f, 0x75, 0x2e, 0x62, 0x61, 0x6c, 0x6c, 0x73, 0x5b, 0x31, 0x5d, 0x2e, 0x78, 0x79, 0x7a, 0x20, // _u.balls[1].xyz 
	0x2b, 0x20, 0x5f, 0x36, 0x33, 0x30, 0x2c, 0x20, 0x31, 0x2e, 0x30, 0x29, 0x3b, 0x0a, 0x20, 0x20, // + _630, 1.0);.  
	0x20, 0x20, 0x20, 0x20, 0x20, 0x20, 0x20, 0x20, 0x20, 0x20, 0x20, 0x20, 0x20, 0x20, 0x66, 0x6c, //               fl
	0x6f, 0x61, 0x74, 0x34, 0x20, 0x5f, 0x36, 0x35, 0x30, 0x20, 0x3d, 0x20, 0x5f, 0x6d, 0x74, 0x6c, // oat4 _650 = _mtl
	0x5f, 0x75, 0x2e, 0x6d, 0x61, 0x74, 0x50, 0x72, 0x6f, 0x6a, 0x20, 0x2a, 0x20, 0x66, 0x6c, 0x6f, // _u.matProj * flo
	0x61, 0x74, 0x34, 0x28, 0x5f, 0x6d, 0x74, 0x6c, 0x5f, 0x75, 0x2e, 0x62, 0x61, 0x6c, 0x6c, 0x73, // at4(_mtl_u.balls
	0x5b, 0x30, 0x5d, 0x2e, 0x78, 0x79, 0x7a, 0x20, 0x2b, 0x20, 0x5f, 0x36, 0x33, 0x30, 0x2c, 0x20, // [0].xyz + _630, 
	0x31, 0x2e, 0x30, 0x29, 0x3b, 0x0a, 0x20, 0x20, 0x20, 0x20, 0x20, 0x20, 0x20, 0x20, 0x20, 0x20, // 1.0);.          
	0x20, 0x20, 0x20, 0x20, 0x20, 0x20, 0x66, 0x6c, 0x6f, 0x61, 0x74, 0x32, 0x20, 0x5f, 0x36, 0x35, //       float2 _65
	0x36, 0x20, 0x3d, 0x20, 0x5f, 0x36, 0x34, 0x30, 0x2e, 0x78, 0x79, 0x20, 0x2f, 0x20, 0x66, 0x6c, // 6 = _640.xy / fl
	0x6f, 0x61, 0x74, 0x32, 0x28, 0x5f, 0x36, 0x34, 0x30, 0x2e, 0x77, 0x29, 0x3b, 0x0a, 0x20, 0x20, // oat2(_640.w);.  
	0x20, 0x20, 0x20, 0x20, 0x20, 0x20, 0x20, 0x20, 0x20, 0x20, 0x20, 0x20, 0x20, 0x20, 0x66, 0x6c, //               fl
	0x6f, 0x61, 0x74, 0x32, 0x20, 0x5f, 0x36, 0x36, 0x36, 0x20, 0x3d, 0x20, 0x5f, 0x36, 0x35, 0x30, // oat2 _666 = _650
	0x2e, 0x78, 0x79, 0x20, 0x2f, 0x20, 0x66, 0x6c, 0x6f, 0x61, 0x74, 0x32, 0x28, 0x5f, 0x36, 0x35, // .xy / float2(_65
	0x30, 0x2e, 0x77, 0x29, 0x3b, 0x0a, 0x20, 0x20, 0x20, 0x20, 0x20, 0x20, 0x20, 0x20, 0x20, 0x20, // 0.w);.          
	0x20, 0x20, 0x20, 0x20, 0x20, 0x20, 0x5f, 0x38, 0x34, 0x36, 0x20, 0x3d, 0x20, 0x5f, 0x38, 0x34, //       _846 = _84
	0x30, 0x20, 0x2b, 0x20, 0x6d, 0x69, 0x78, 0x28, 0x74, 0x65, 0x78, 0x5f, 0x62, 0x6c, 0x6f, 0x6f, // 0 + mix(tex_bloo
	0x6d, 0x2e, 0x73, 0x61, 0x6d, 0x70, 0x6c, 0x65, 0x28, 0x74, 0x65, 0x78, 0x5f, 0x62, 0x6c, 0x6f, // m.sample(tex_blo
	0x6f, 0x6d, 0x53, 0x61, 0x6d, 0x70, 0x6c, 0x65, 0x72, 0x2c, 0x20, 0x28, 0x66, 0x6c, 0x6f, 0x61, // omSampler, (floa
	0x74, 0x32, 0x28, 0x30, 0x2e, 0x35, 0x29, 0x20, 0x2b, 0x20, 0x28, 0x66, 0x6c, 0x6f, 0x61, 0x74, // t2(0.5) + (float
	0x32, 0x28, 0x5f, 0x36, 0x35, 0x36, 0x2e, 0x78, 0x2c, 0x20, 0x2d, 0x5f, 0x36, 0x35, 0x36, 0x2e, // 2(_656.x, -_656.
	0x79, 0x29, 0x20, 0x2a, 0x20, 0x30, 0x2e, 0x35, 0x29, 0x29, 0x2c, 0x20, 0x6c, 0x65, 0x76, 0x65, // y) * 0.5)), leve
	0x6c, 0x28, 0x30, 0x2e, 0x30, 0x29, 0x29, 0x2e, 0x78, 0x79, 0x7a, 0x2c, 0x20, 0x74, 0x65, 0x78, // l(0.0)).xyz, tex
	0x5f, 0x66, 0x62, 0x5f, 0x66, 0x69, 0x6c, 0x74, 0x65, 0x72, 0x65, 0x64, 0x2e, 0x73, 0x61, 0x6d, // _fb_filtered.sam
	0x70, 0x6c, 0x65, 0x28, 0x74, 0x65, 0x78, 0x5f, 0x66, 0x62, 0x5f, 0x66, 0x69, 0x6c, 0x74, 0x65, // ple(tex_fb_filte
	0x72, 0x65, 0x64, 0x53, 0x61, 0x6d, 0x70, 0x6c, 0x65, 0x72, 0x2c, 0x20, 0x28, 0x66, 0x6c, 0x6f, // redSampler, (flo
	0x61, 0x74, 0x32, 0x28, 0x30, 0x2e, 0x35, 0x29, 0x20, 0x2b, 0x20, 0x28, 0x66, 0x6c, 0x6f, 0x61, // at2(0.5) + (floa
	0x74, 0x32, 0x28, 0x5f, 0x36, 0x36, 0x36, 0x2e, 0x78, 0x2c, 0x20, 0x2d, 0x5f, 0x36, 0x36, 0x36, // t2(_666.x, -_666
	0x2e, 0x79, 0x29, 0x20, 0x2a, 0x20, 0x30, 0x2e, 0x35, 0x29, 0x29, 0x2c, 0x20, 0x6c, 0x65, 0x76, // .y) * 0.5)), lev
	0x65, 0x6c, 0x28, 0x30, 0x2e, 0x30, 0x29, 0x29, 0x2e, 0x78, 0x79, 0x7a, 0x2c, 0x20, 0x5f, 0x35, // el(0.0)).xyz, _5
	0x39, 0x39, 0x29, 0x3b, 0x0a, 0x20, 0x20, 0x20, 0x20, 0x20, 0x20, 0x20, 0x20, 0x20, 0x20, 0x20, // 99);.           
	0x20, 0x7d, 0x0a, 0x20, 0x20, 0x20, 0x20, 0x20, 0x20, 0x20, 0x20, 0x7d, 0x0a, 0x20, 0x20, 0x20, //  }.        }.   
	0x20, 0x20, 0x20, 0x20, 0x20, 0x5f, 0x38, 0x34, 0x32, 0x20, 0x3d, 0x20, 0x66, 0x6c, 0x6f, 0x61, //      _842 = floa
	0x74, 0x34, 0x28, 0x5f, 0x38, 0x34, 0x30, 0x20, 0x2f, 0x20, 0x66, 0x6c, 0x6f, 0x61, 0x74, 0x33, // t4(_840 / float3
	0x28, 0x5f, 0x6d, 0x74, 0x6c, 0x5f, 0x75, 0x2e, 0x77, 0x5f, 0x68, 0x5f, 0x68, 0x65, 0x69, 0x67, // (_mtl_u.w_h_heig
	0x68, 0x74, 0x2e, 0x77, 0x29, 0x2c, 0x20, 0x31, 0x2e, 0x30, 0x29, 0x3b, 0x0a, 0x20, 0x20, 0x20, // ht.w), 1.0);.   
	0x20, 0x20, 0x20, 0x20, 0x20, 0x62, 0x72, 0x65, 0x61, 0x6b, 0x3b, 0x0a, 0x20, 0x20, 0x20, 0x20, //      break;.    
	0x7d, 0x20, 0x77, 0x68, 0x69, 0x6c, 0x65, 0x28, 0x66, 0x61, 0x6c, 0x73, 0x65, 0x29, 0x3b, 0x0a, // } while(false);.
	0x20, 0x20, 0x20, 0x20, 0x6f, 0x75, 0x74, 0x2e, 0x62, 0x67, 0x66, 0x78, 0x5f, 0x46, 0x72, 0x61, //     out.bgfx_Fra
	0x67, 0x44, 0x61, 0x74, 0x61, 0x30, 0x20, 0x3d, 0x20, 0x5f, 0x38, 0x34, 0x32, 0x3b, 0x0a, 0x20, // gData0 = _842;. 
	0x20, 0x20, 0x20, 0x72, 0x65, 0x74, 0x75, 0x72, 0x6e, 0x20, 0x6f, 0x75, 0x74, 0x3b, 0x0a, 0x7d, //    return out;.}
	0x0a, 0x0a, 0x00, 0x00, 0x10, 0x01,                                                             // ......
};
static const uint8_t fs_pp_motionblur_essl[3020] =
{
	0x46, 0x53, 0x48, 0x0b, 0x6f, 0x1e, 0x3e, 0x3c, 0x00, 0x00, 0x00, 0x00, 0x07, 0x00, 0x0a, 0x77, // FSH.o.><.......w
	0x5f, 0x68, 0x5f, 0x68, 0x65, 0x69, 0x67, 0x68, 0x74, 0x02, 0x01, 0x00, 0x00, 0x01, 0x00, 0x00, // _h_height.......
	0x00, 0x00, 0x00, 0x0a, 0x6d, 0x61, 0x74, 0x50, 0x72, 0x6f, 0x6a, 0x49, 0x6e, 0x76, 0x04, 0x01, // ....matProjInv..
	0x00, 0x00, 0x04, 0x00, 0x00, 0x00, 0x00, 0x00, 0x05, 0x62, 0x61, 0x6c, 0x6c, 0x73, 0x02, 0x08, // .........balls..
	0x00, 0x00, 0x08, 0x00, 0x00, 0x00, 0x00, 0x00, 0x07, 0x6d, 0x61, 0x74, 0x50, 0x72, 0x6f, 0x6a, // .........matProj
	0x04, 0x01, 0x00, 0x00, 0x04, 0x00, 0x00, 0x00, 0x00, 0x00, 0x09, 0x74, 0x65, 0x78, 0x5f, 0x64, // ...........tex_d
	0x65, 0x70, 0x74, 0x68, 0x00, 0x01, 0x00, 0x00, 0x01, 0x00, 0x00, 0x00, 0x00, 0x00, 0x0f, 0x74, // epth...........t
	0x65, 0x78, 0x5f, 0x66, 0x62, 0x5f, 0x66, 0x69, 0x6c, 0x74, 0x65, 0x72, 0x65, 0x64, 0x00, 0x01, // ex_fb_filtered..
	0x00, 0x00, 0x01, 0x00, 0x00, 0x00, 0x00, 0x00, 0x09, 0x74, 0x65, 0x78, 0x5f, 0x62, 0x6c, 0x6f, // .........tex_blo
	0x6f, 0x6d, 0x00, 0x01, 0x00, 0x00, 0x01, 0x00, 0x00, 0x00, 0x00, 0x00, 0x2b, 0x0b, 0x00, 0x00, // om..........+...
	0x70, 0x72, 0x65, 0x63, 0x69, 0x73, 0x69, 0x6f, 0x6e, 0x20, 0x6d, 0x65, 0x64, 0x69, 0x75, 0x6d, // precision medium
	0x70, 0x20, 0x66, 0x6c, 0x6f, 0x61, 0x74, 0x3b, 0x0a, 0x70, 0x72, 0x65, 0x63, 0x69, 0x73, 0x69, // p float;.precisi
	0x6f, 0x6e, 0x20, 0x68, 0x69, 0x67, 0x68, 0x70, 0x20, 0x69, 0x6e, 0x74, 0x3b, 0x0a, 0x0a, 0x76, // on highp int;..v
	0x65, 0x63, 0x34, 0x20, 0x5f, 0x33, 0x36, 0x34, 0x3b, 0x0a, 0x0a, 0x75, 0x6e, 0x69, 0x66, 0x6f, // ec4 _364;..unifo
	0x72, 0x6d, 0x20, 0x68, 0x69, 0x67, 0x68, 0x70, 0x20, 0x76, 0x65, 0x63, 0x34, 0x20, 0x77, 0x5f, // rm highp vec4 w_
	0x68, 0x5f, 0x68, 0x65, 0x69, 0x67, 0x68, 0x74, 0x3b, 0x0a, 0x75, 0x6e, 0x69, 0x66, 0x6f, 0x72, // h_height;.unifor
	0x6d, 0x20, 0x68, 0x69, 0x67, 0x68, 0x70, 0x20, 0x73, 0x61, 0x6d, 0x70, 0x6c, 0x65, 0x72, 0x32, // m highp sampler2
	0x44, 0x20, 0x74, 0x65, 0x78, 0x5f, 0x64, 0x65, 0x70, 0x74, 0x68, 0x3b, 0x0a, 0x75, 0x6e, 0x69, // D tex_depth;.uni
	0x66, 0x6f, 0x72, 0x6d, 0x20, 0x68, 0x69, 0x67, 0x68, 0x70, 0x20, 0x6d, 0x61, 0x74, 0x34, 0x20, // form highp mat4 
	0x6d, 0x61, 0x74, 0x50, 0x72, 0x6f, 0x6a, 0x49, 0x6e, 0x76, 0x3b, 0x0a, 0x75, 0x6e, 0x69, 0x66, // matProjInv;.unif
	0x6f, 0x72, 0x6d, 0x20, 0x68, 0x69, 0x67, 0x68, 0x70, 0x20, 0x76, 0x65, 0x63, 0x34, 0x20, 0x62, // orm highp vec4 b
	0x61, 0x6c, 0x6c, 0x73, 0x5b, 0x38, 0x5d, 0x3b, 0x0a, 0x75, 0x6e, 0x69, 0x66, 0x6f, 0x72, 0x6d, // alls[8];.uniform
	0x20, 0x68, 0x69, 0x67, 0x68, 0x70, 0x20, 0x73, 0x61, 0x6d, 0x70, 0x6c, 0x65, 0x72, 0x32, 0x44, //  highp sampler2D
	0x20, 0x74, 0x65, 0x78, 0x5f, 0x66, 0x62, 0x5f, 0x66, 0x69, 0x6c, 0x74, 0x65, 0x72, 0x65, 0x64, //  tex_fb_filtered
	0x3b, 0x0a, 0x75, 0x6e, 0x69, 0x66, 0x6f, 0x72, 0x6d, 0x20, 0x68, 0x69, 0x67, 0x68, 0x70, 0x20, // ;.uniform highp 
	0x73, 0x61, 0x6d, 0x70, 0x6c, 0x65, 0x72, 0x32, 0x44, 0x20, 0x74, 0x65, 0x78, 0x5f, 0x62, 0x6c, // sampler2D tex_bl
	0x6f, 0x6f, 0x6d, 0x3b, 0x0a, 0x75, 0x6e, 0x69, 0x66, 0x6f, 0x72, 0x6d, 0x20, 0x68, 0x69, 0x67, // oom;.uniform hig
	0x68, 0x70, 0x20, 0x6d, 0x61, 0x74, 0x34, 0x20, 0x6d, 0x61, 0x74, 0x50, 0x72, 0x6f, 0x6a, 0x3b, // hp mat4 matProj;
	0x0a, 0x0a, 0x69, 0x6e, 0x20, 0x68, 0x69, 0x67, 0x68, 0x70, 0x20, 0x76, 0x65, 0x63, 0x32, 0x20, // ..in highp vec2 
	0x76, 0x5f, 0x74, 0x65, 0x78, 0x63, 0x6f, 0x6f, 0x72, 0x64, 0x30, 0x3b, 0x0a, 0x6c, 0x61, 0x79, // v_texcoord0;.lay
	0x6f, 0x75, 0x74, 0x28, 0x6c, 0x6f, 0x63, 0x61, 0x74, 0x69, 0x6f, 0x6e, 0x20, 0x3d, 0x20, 0x30, // out(location = 0
	0x29, 0x20, 0x6f, 0x75, 0x74, 0x20, 0x68, 0x69, 0x67, 0x68, 0x70, 0x20, 0x76, 0x65, 0x63, 0x34, // ) out highp vec4
	0x20, 0x62, 0x67, 0x66, 0x78, 0x5f, 0x46, 0x72, 0x61, 0x67, 0x43, 0x6f, 0x6c, 0x6f, 0x72, 0x3b, //  bgfx_FragColor;
	0x0a, 0x0a, 0x76, 0x6f, 0x69, 0x64, 0x20, 0x6d, 0x61, 0x69, 0x6e, 0x28, 0x29, 0x0a, 0x7b, 0x0a, // ..void main().{.
	0x20, 0x20, 0x20, 0x20, 0x64, 0x6f, 0x0a, 0x20, 0x20, 0x20, 0x20, 0x7b, 0x0a, 0x20, 0x20, 0x20, //     do.    {.   
	0x20, 0x20, 0x20, 0x20, 0x20, 0x69, 0x6e, 0x74, 0x20, 0x5f, 0x32, 0x38, 0x20, 0x3d, 0x20, 0x69, //      int _28 = i
	0x6e, 0x74, 0x28, 0x77, 0x5f, 0x68, 0x5f, 0x68, 0x65, 0x69, 0x67, 0x68, 0x74, 0x2e, 0x77, 0x29, // nt(w_h_height.w)
	0x3b, 0x0a, 0x20, 0x20, 0x20, 0x20, 0x20, 0x20, 0x20, 0x20, 0x68, 0x69, 0x67, 0x68, 0x70, 0x20, // ;.        highp 
	0x76, 0x65, 0x63, 0x34, 0x20, 0x5f, 0x36, 0x39, 0x20, 0x3d, 0x20, 0x6d, 0x61, 0x74, 0x50, 0x72, // vec4 _69 = matPr
	0x6f, 0x6a, 0x49, 0x6e, 0x76, 0x20, 0x2a, 0x20, 0x76, 0x65, 0x63, 0x34, 0x28, 0x28, 0x76, 0x5f, // ojInv * vec4((v_
	0x74, 0x65, 0x78, 0x63, 0x6f, 0x6f, 0x72, 0x64, 0x30, 0x2e, 0x78, 0x20, 0x2a, 0x20, 0x32, 0x2e, // texcoord0.x * 2.
	0x30, 0x29, 0x20, 0x2d, 0x20, 0x31, 0x2e, 0x30, 0x2c, 0x20, 0x31, 0x2e, 0x30, 0x20, 0x2d, 0x20, // 0) - 1.0, 1.0 - 
	0x28, 0x28, 0x31, 0x2e, 0x30, 0x20, 0x2d, 0x20, 0x76, 0x5f, 0x74, 0x65, 0x78, 0x63, 0x6f, 0x6f, // ((1.0 - v_texcoo
	0x72, 0x64, 0x30, 0x2e, 0x79, 0x29, 0x20, 0x2a, 0x20, 0x32, 0x2e, 0x30, 0x29, 0x2c, 0x20, 0x28, // rd0.y) * 2.0), (
	0x74, 0x65, 0x78, 0x74, 0x75, 0x72, 0x65, 0x4c, 0x6f, 0x64, 0x28, 0x74, 0x65, 0x78, 0x5f, 0x64, // textureLod(tex_d
	0x65, 0x70, 0x74, 0x68, 0x2c, 0x20, 0x76, 0x5f, 0x74, 0x65, 0x78, 0x63, 0x6f, 0x6f, 0x72, 0x64, // epth, v_texcoord
	0x30, 0x2c, 0x20, 0x30, 0x2e, 0x30, 0x29, 0x2e, 0x78, 0x20, 0x2a, 0x20, 0x32, 0x2e, 0x30, 0x29, // 0, 0.0).x * 2.0)
	0x20, 0x2d, 0x20, 0x31, 0x2e, 0x30, 0x2c, 0x20, 0x31, 0x2e, 0x30, 0x29, 0x3b, 0x0a, 0x20, 0x20, //  - 1.0, 1.0);.  
	0x20, 0x20, 0x20, 0x20, 0x20, 0x20, 0x68, 0x69, 0x67, 0x68, 0x70, 0x20, 0x76, 0x65, 0x63, 0x33, //       highp vec3
	0x20, 0x5f, 0x37, 0x36, 0x20, 0x3d, 0x20, 0x5f, 0x36, 0x39, 0x2e, 0x78, 0x79, 0x7a, 0x20, 0x2f, //  _76 = _69.xyz /
	0x20, 0x76, 0x65, 0x63, 0x33, 0x28, 0x5f, 0x36, 0x39, 0x2e, 0x77, 0x29, 0x3b, 0x0a, 0x20, 0x20, //  vec3(_69.w);.  
	0x20, 0x20, 0x20, 0x20, 0x20, 0x20, 0x68, 0x69, 0x67, 0x68, 0x70, 0x20, 0x76, 0x65, 0x63, 0x34, //       highp vec4
	0x20, 0x5f, 0x33, 0x33, 0x37, 0x3b, 0x0a, 0x20, 0x20, 0x20, 0x20, 0x20, 0x20, 0x20, 0x20, 0x5f, //  _337;.        _
	0x33, 0x33, 0x37, 0x2e, 0x78, 0x20, 0x3d, 0x20, 0x5f, 0x37, 0x36, 0x2e, 0x78, 0x3b, 0x0a, 0x20, // 337.x = _76.x;. 
	0x20, 0x20, 0x20, 0x20, 0x20, 0x20, 0x20, 0x5f, 0x33, 0x33, 0x37, 0x2e, 0x79, 0x20, 0x3d, 0x20, //        _337.y = 
	0x5f, 0x37, 0x36, 0x2e, 0x79, 0x3b, 0x0a, 0x20, 0x20, 0x20, 0x20, 0x20, 0x20, 0x20, 0x20, 0x68, // _76.y;.        h
	0x69, 0x67, 0x68, 0x70, 0x20, 0x66, 0x6c, 0x6f, 0x61, 0x74, 0x20, 0x5f, 0x38, 0x33, 0x20, 0x3d, // ighp float _83 =
	0x20, 0x5f, 0x37, 0x36, 0x2e, 0x7a, 0x3b, 0x0a, 0x20, 0x20, 0x20, 0x20, 0x20, 0x20, 0x20, 0x20, //  _76.z;.        
	0x5f, 0x33, 0x33, 0x37, 0x2e, 0x7a, 0x20, 0x3d, 0x20, 0x5f, 0x38, 0x33, 0x3b, 0x0a, 0x20, 0x20, // _337.z = _83;.  
	0x20, 0x20, 0x20, 0x20, 0x20, 0x20, 0x68, 0x69, 0x67, 0x68, 0x70, 0x20, 0x76, 0x65, 0x63, 0x33, //       highp vec3
	0x20, 0x5f, 0x38, 0x38, 0x20, 0x3d, 0x20, 0x6e, 0x6f, 0x72, 0x6d, 0x61, 0x6c, 0x69, 0x7a, 0x65, //  _88 = normalize
	0x28, 0x5f, 0x33, 0x33, 0x37, 0x2e, 0x78, 0x79, 0x7a, 0x29, 0x3b, 0x0a, 0x20, 0x20, 0x20, 0x20, // (_337.xyz);.    
	0x20, 0x20, 0x20, 0x20, 0x68, 0x69, 0x67, 0x68, 0x70, 0x20, 0x66, 0x6c, 0x6f, 0x61, 0x74, 0x20, //     highp float 
	0x5f, 0x31, 0x30, 0x38, 0x20, 0x3d, 0x20, 0x62, 0x61, 0x6c, 0x6c, 0x73, 0x5b, 0x30, 0x5d, 0x2e, // _108 = balls[0].
	0x77, 0x20, 0x2a, 0x20, 0x62, 0x61, 0x6c, 0x6c, 0x73, 0x5b, 0x30, 0x5d, 0x2e, 0x77, 0x3b, 0x0a, // w * balls[0].w;.
	0x20, 0x20, 0x20, 0x20, 0x20, 0x20, 0x20, 0x20, 0x68, 0x69, 0x67, 0x68, 0x70, 0x20, 0x76, 0x65, //         highp ve
	0x63, 0x34, 0x20, 0x5f, 0x31, 0x31, 0x33, 0x20, 0x3d, 0x20, 0x74, 0x65, 0x78, 0x74, 0x75, 0x72, // c4 _113 = textur
	0x65, 0x4c, 0x6f, 0x64, 0x28, 0x74, 0x65, 0x78, 0x5f, 0x66, 0x62, 0x5f, 0x66, 0x69, 0x6c, 0x74, // eLod(tex_fb_filt
	0x65, 0x72, 0x65, 0x64, 0x2c, 0x20, 0x76, 0x5f, 0x74, 0x65, 0x78, 0x63, 0x6f, 0x6f, 0x72, 0x64, // ered, v_texcoord
	0x30, 0x2c, 0x20, 0x30, 0x2e, 0x30, 0x29, 0x3b, 0x0a, 0x20, 0x20, 0x20, 0x20, 0x20, 0x20, 0x20, // 0, 0.0);.       
	0x20, 0x68, 0x69, 0x67, 0x68, 0x70, 0x20, 0x76, 0x65, 0x63, 0x33, 0x20, 0x5f, 0x31, 0x31, 0x34, //  highp vec3 _114
	0x20, 0x3d, 0x20, 0x5f, 0x31, 0x31, 0x33, 0x2e, 0x78, 0x79, 0x7a, 0x3b, 0x0a, 0x20, 0x20, 0x20, //  = _113.xyz;.   
	0x20, 0x20, 0x20, 0x20, 0x20, 0x68, 0x69, 0x67, 0x68, 0x70, 0x20, 0x66, 0x6c, 0x6f, 0x61, 0x74, //      highp float
	0x20, 0x5f, 0x31, 0x31, 0x38, 0x20, 0x3d, 0x20, 0x64, 0x6f, 0x74, 0x28, 0x5f, 0x38, 0x38, 0x2c, //  _118 = dot(_88,
	0x20, 0x62, 0x61, 0x6c, 0x6c, 0x73, 0x5b, 0x30, 0x5d, 0x2e, 0x78, 0x79, 0x7a, 0x29, 0x3b, 0x0a, //  balls[0].xyz);.
	0x20, 0x20, 0x20, 0x20, 0x20, 0x20, 0x20, 0x20, 0x68, 0x69, 0x67, 0x68, 0x70, 0x20, 0x66, 0x6c, //         highp fl
	0x6f, 0x61, 0x74, 0x20, 0x5f, 0x31, 0x33, 0x32, 0x20, 0x3d, 0x20, 0x28, 0x5f, 0x31, 0x31, 0x38, // oat _132 = (_118
	0x20, 0x2a, 0x20, 0x5f, 0x31, 0x31, 0x38, 0x29, 0x20, 0x2d, 0x20, 0x28, 0x64, 0x6f, 0x74, 0x28, //  * _118) - (dot(
	0x62, 0x61, 0x6c, 0x6c, 0x73, 0x5b, 0x30, 0x5d, 0x2e, 0x78, 0x79, 0x7a, 0x2c, 0x20, 0x62, 0x61, // balls[0].xyz, ba
	0x6c, 0x6c, 0x73, 0x5b, 0x30, 0x5d, 0x2e, 0x78, 0x79, 0x7a, 0x29, 0x20, 0x2d, 0x20, 0x28, 0x5f, // lls[0].xyz) - (_
	0x31, 0x30, 0x38, 0x20, 0x2a, 0x20, 0x31, 0x2e, 0x31, 0x34, 0x39, 0x39, 0x39, 0x39, 0x39, 0x37, // 108 * 1.14999997
	0x36, 0x31, 0x35, 0x38, 0x31, 0x34, 0x32, 0x30, 0x38, 0x39, 0x38, 0x34, 0x33, 0x37, 0x35, 0x29, // 615814208984375)
	0x29, 0x3b, 0x0a, 0x20, 0x20, 0x20, 0x20, 0x20, 0x20, 0x20, 0x20, 0x68, 0x69, 0x67, 0x68, 0x70, // );.        highp
	0x20, 0x76, 0x65, 0x63, 0x33, 0x20, 0x5f, 0x33, 0x35, 0x38, 0x3b, 0x0a, 0x20, 0x20, 0x20, 0x20, //  vec3 _358;.    
	0x20, 0x20, 0x20, 0x20, 0x69, 0x66, 0x20, 0x28, 0x5f, 0x31, 0x33, 0x32, 0x20, 0x3c, 0x20, 0x30, //     if (_132 < 0
	0x2e, 0x30, 0x29, 0x0a, 0x20, 0x20, 0x20, 0x20, 0x20, 0x20, 0x20, 0x20, 0x7b, 0x0a, 0x20, 0x20, // .0).        {.  
	0x20, 0x20, 0x20, 0x20, 0x20, 0x20, 0x20, 0x20, 0x20, 0x20, 0x5f, 0x33, 0x35, 0x38, 0x20, 0x3d, //           _358 =
	0x20, 0x5f, 0x31, 0x31, 0x34, 0x3b, 0x0a, 0x20, 0x20, 0x20, 0x20, 0x20, 0x20, 0x20, 0x20, 0x7d, //  _114;.        }
	0x0a, 0x20, 0x20, 0x20, 0x20, 0x20, 0x20, 0x20, 0x20, 0x65, 0x6c, 0x73, 0x65, 0x0a, 0x20, 0x20, // .        else.  
	0x20, 0x20, 0x20, 0x20, 0x20, 0x20, 0x7b, 0x0a, 0x20, 0x20, 0x20, 0x20, 0x20, 0x20, 0x20, 0x20, //       {.        
	0x20, 0x20, 0x20, 0x20, 0x69, 0x66, 0x20, 0x28, 0x5f, 0x38, 0x33, 0x20, 0x3e, 0x20, 0x28, 0x28, //     if (_83 > ((
	0x28, 0x5f, 0x31, 0x31, 0x38, 0x20, 0x2d, 0x20, 0x73, 0x71, 0x72, 0x74, 0x28, 0x5f, 0x31, 0x33, // (_118 - sqrt(_13
	0x32, 0x29, 0x29, 0x20, 0x2a, 0x20, 0x5f, 0x38, 0x38, 0x2e, 0x7a, 0x29, 0x20, 0x2b, 0x20, 0x31, // 2)) * _88.z) + 1
	0x2e, 0x30, 0x29, 0x29, 0x0a, 0x20, 0x20, 0x20, 0x20, 0x20, 0x20, 0x20, 0x20, 0x20, 0x20, 0x20, // .0)).           
	0x20, 0x7b, 0x0a, 0x20, 0x20, 0x20, 0x20, 0x20, 0x20, 0x20, 0x20, 0x20, 0x20, 0x20, 0x20, 0x20, //  {.             
	0x20, 0x20, 0x20, 0x62, 0x67, 0x66, 0x78, 0x5f, 0x46, 0x72, 0x61, 0x67, 0x43, 0x6f, 0x6c, 0x6f, //    bgfx_FragColo
	0x72, 0x20, 0x3d, 0x20, 0x76, 0x65, 0x63, 0x34, 0x28, 0x5f, 0x31, 0x31, 0x33, 0x2e, 0x78, 0x79, // r = vec4(_113.xy
	0x7a, 0x2c, 0x20, 0x31, 0x2e, 0x30, 0x29, 0x3b, 0x0a, 0x20, 0x20, 0x20, 0x20, 0x20, 0x20, 0x20, // z, 1.0);.       
	0x20, 0x20, 0x20, 0x20, 0x20, 0x20, 0x20, 0x20, 0x20, 0x62, 0x72, 0x65, 0x61, 0x6b, 0x3b, 0x0a, //          break;.
	0x20, 0x20, 0x20, 0x20, 0x20, 0x20, 0x20, 0x20, 0x20, 0x20, 0x20, 0x20, 0x7d, 0x0a, 0x20, 0x20, //             }.  
	0x20, 0x20, 0x20, 0x20, 0x20, 0x20, 0x20, 0x20, 0x20, 0x20, 0x5f, 0x33, 0x35, 0x38, 0x20, 0x3d, //           _358 =
	0x20, 0x74, 0x65, 0x78, 0x74, 0x75, 0x72, 0x65, 0x4c, 0x6f, 0x64, 0x28, 0x74, 0x65, 0x78, 0x5f, //  textureLod(tex_
	0x62, 0x6c, 0x6f, 0x6f, 0x6d, 0x2c, 0x20, 0x76, 0x5f, 0x74, 0x65, 0x78, 0x63, 0x6f, 0x6f, 0x72, // bloom, v_texcoor
	0x64, 0x30, 0x2c, 0x20, 0x30, 0x2e, 0x30, 0x29, 0x2e, 0x78, 0x79, 0x7a, 0x3b, 0x0a, 0x20, 0x20, // d0, 0.0).xyz;.  
	0x20, 0x20, 0x20, 0x20, 0x20, 0x20, 0x7d, 0x0a, 0x20, 0x20, 0x20, 0x20, 0x20, 0x20, 0x20, 0x20, //       }.        
	0x68, 0x69, 0x67, 0x68, 0x70, 0x20, 0x76, 0x65, 0x63, 0x33, 0x20, 0x5f, 0x33, 0x35, 0x35, 0x3b, // highp vec3 _355;
	0x0a, 0x20, 0x20, 0x20, 0x20, 0x20, 0x20, 0x20, 0x20, 0x5f, 0x33, 0x35, 0x35, 0x20, 0x3d, 0x20, // .        _355 = 
	0x5f, 0x31, 0x31, 0x34, 0x3b, 0x0a, 0x20, 0x20, 0x20, 0x20, 0x20, 0x20, 0x20, 0x20, 0x68, 0x69, // _114;.        hi
	0x67, 0x68, 0x70, 0x20, 0x76, 0x65, 0x63, 0x33, 0x20, 0x5f, 0x33, 0x36, 0x30, 0x3b, 0x0a, 0x20, // ghp vec3 _360;. 
	0x20, 0x20, 0x20, 0x20, 0x20, 0x20, 0x20, 0x66, 0x6f, 0x72, 0x20, 0x28, 0x69, 0x6e, 0x74, 0x20, //        for (int 
	0x5f, 0x33, 0x35, 0x34, 0x20, 0x3d, 0x20, 0x31, 0x3b, 0x20, 0x5f, 0x33, 0x35, 0x34, 0x20, 0x3c, // _354 = 1; _354 <
	0x20, 0x5f, 0x32, 0x38, 0x3b, 0x20, 0x5f, 0x33, 0x35, 0x35, 0x20, 0x3d, 0x20, 0x5f, 0x33, 0x36, //  _28; _355 = _36
	0x30, 0x2c, 0x20, 0x5f, 0x33, 0x35, 0x34, 0x2b, 0x2b, 0x29, 0x0a, 0x20, 0x20, 0x20, 0x20, 0x20, // 0, _354++).     
	0x20, 0x20, 0x20, 0x7b, 0x0a, 0x20, 0x20, 0x20, 0x20, 0x20, 0x20, 0x20, 0x20, 0x20, 0x20, 0x20, //    {.           
	0x20, 0x68, 0x69, 0x67, 0x68, 0x70, 0x20, 0x76, 0x65, 0x63, 0x33, 0x20, 0x5f, 0x31, 0x38, 0x38, //  highp vec3 _188
	0x20, 0x3d, 0x20, 0x76, 0x65, 0x63, 0x33, 0x28, 0x66, 0x6c, 0x6f, 0x61, 0x74, 0x28, 0x5f, 0x33, //  = vec3(float(_3
	0x35, 0x34, 0x29, 0x20, 0x2f, 0x20, 0x77, 0x5f, 0x68, 0x5f, 0x68, 0x65, 0x69, 0x67, 0x68, 0x74, // 54) / w_h_height
	0x2e, 0x77, 0x29, 0x3b, 0x0a, 0x20, 0x20, 0x20, 0x20, 0x20, 0x20, 0x20, 0x20, 0x20, 0x20, 0x20, // .w);.           
	0x20, 0x68, 0x69, 0x67, 0x68, 0x70, 0x20, 0x76, 0x65, 0x63, 0x33, 0x20, 0x5f, 0x31, 0x38, 0x39, //  highp vec3 _189
	0x20, 0x3d, 0x20, 0x6d, 0x69, 0x78, 0x28, 0x62, 0x61, 0x6c, 0x6c, 0x73, 0x5b, 0x31, 0x5d, 0x2e, //  = mix(balls[1].
	0x78, 0x79, 0x7a, 0x2c, 0x20, 0x62, 0x61, 0x6c, 0x6c, 0x73, 0x5b, 0x30, 0x5d, 0x2e, 0x78, 0x79, // xyz, balls[0].xy
	0x7a, 0x2c, 0x20, 0x5f, 0x31, 0x38, 0x38, 0x29, 0x3b, 0x0a, 0x20, 0x20, 0x20, 0x20, 0x20, 0x20, // z, _188);.      
	0x20, 0x20, 0x20, 0x20, 0x20, 0x20, 0x68, 0x69, 0x67, 0x68, 0x70, 0x20, 0x66, 0x6c, 0x6f, 0x61, //       highp floa
	0x74, 0x20, 0x5f, 0x31, 0x39, 0x33, 0x20, 0x3d, 0x20, 0x64, 0x6f, 0x74, 0x28, 0x5f, 0x38, 0x38, // t _193 = dot(_88
	0x2c, 0x20, 0x5f, 0x31, 0x38, 0x39, 0x29, 0x3b, 0x0a, 0x20, 0x20, 0x20, 0x20, 0x20, 0x20, 0x20, // , _189);.       
	0x20, 0x20, 0x20, 0x20, 0x20, 0x68, 0x69, 0x67, 0x68, 0x70, 0x20, 0x66, 0x6c, 0x6f, 0x61, 0x74, //      highp float
	0x20, 0x5f, 0x32, 0x30, 0x35, 0x20, 0x3d, 0x20, 0x28, 0x5f, 0x31, 0x39, 0x33, 0x20, 0x2a, 0x20, //  _205 = (_193 * 
	0x5f, 0x31, 0x39, 0x33, 0x29, 0x20, 0x2d, 0x20, 0x28, 0x64, 0x6f, 0x74, 0x28, 0x5f, 0x31, 0x38, // _193) - (dot(_18
	0x39, 0x2c, 0x20, 0x5f, 0x31, 0x38, 0x39, 0x29, 0x20, 0x2d, 0x20, 0x5f, 0x31, 0x30, 0x38, 0x29, // 9, _189) - _108)
	0x3b, 0x0a, 0x20, 0x20, 0x20, 0x20, 0x20, 0x20, 0x20, 0x20, 0x20, 0x20, 0x20, 0x20, 0x69, 0x66, // ;.            if
	0x20, 0x28, 0x5f, 0x32, 0x30, 0x35, 0x20, 0x3c, 0x20, 0x30, 0x2e, 0x30, 0x29, 0x0a, 0x20, 0x20, //  (_205 < 0.0).  
	0x20, 0x20, 0x20, 0x20, 0x20, 0x20, 0x20, 0x20, 0x20, 0x20, 0x7b, 0x0a, 0x20, 0x20, 0x20, 0x20, //           {.    
	0x20, 0x20, 0x20, 0x20, 0x20, 0x20, 0x20, 0x20, 0x20, 0x20, 0x20, 0x20, 0x5f, 0x33, 0x36, 0x30, //             _360
	0x20, 0x3d, 0x20, 0x5f, 0x33, 0x35, 0x35, 0x20, 0x2b, 0x20, 0x5f, 0x33, 0x35, 0x38, 0x3b, 0x0a, //  = _355 + _358;.
	0x20, 0x20, 0x20, 0x20, 0x20, 0x20, 0x20, 0x20, 0x20, 0x20, 0x20, 0x20, 0x7d, 0x0a, 0x20, 0x20, //             }.  
	0x20, 0x20, 0x20, 0x20, 0x20, 0x20, 0x20, 0x20, 0x20, 0x20, 0x65, 0x6c, 0x73, 0x65, 0x0a, 0x20, //           else. 
	0x20, 0x20, 0x20, 0x20, 0x20, 0x20, 0x20, 0x20, 0x20, 0x20, 0x20, 0x7b, 0x0a, 0x20, 0x20, 0x20, //            {.   
	0x20, 0x20, 0x20, 0x20, 0x20, 0x20, 0x20, 0x20, 0x20, 0x20, 0x20, 0x20, 0x20, 0x68, 0x69, 0x67, //              hig
	0x68, 0x70, 0x20, 0x76, 0x65, 0x63, 0x33, 0x20, 0x5f, 0x32, 0x32, 0x32, 0x20, 0x3d, 0x20, 0x28, // hp vec3 _222 = (
	0x5f, 0x38, 0x38, 0x20, 0x2a, 0x20, 0x28, 0x5f, 0x31, 0x39, 0x33, 0x20, 0x2d, 0x20, 0x73, 0x71, // _88 * (_193 - sq
	0x72, 0x74, 0x28, 0x5f, 0x32, 0x30, 0x35, 0x29, 0x29, 0x29, 0x20, 0x2d, 0x20, 0x5f, 0x31, 0x38, // rt(_205))) - _18
	0x39, 0x3b, 0x0a, 0x20, 0x20, 0x20, 0x20, 0x20, 0x20, 0x20, 0x20, 0x20, 0x20, 0x20, 0x20, 0x20, // 9;.             
	0x20, 0x20, 0x20, 0x68, 0x69, 0x67, 0x68, 0x70, 0x20, 0x76, 0x65, 0x63, 0x34, 0x20, 0x5f, 0x32, //    highp vec4 _2
	0x33, 0x33, 0x20, 0x3d, 0x20, 0x6d, 0x61, 0x74, 0x50, 0x72, 0x6f, 0x6a, 0x20, 0x2a, 0x20, 0x76, // 33 = matProj * v
	0x65, 0x63, 0x34, 0x28, 0x62, 0x61, 0x6c, 0x6c, 0x73, 0x5b, 0x31, 0x5d, 0x2e, 0x78, 0x79, 0x7a, // ec4(balls[1].xyz
	0x20, 0x2b, 0x20, 0x5f, 0x32, 0x32, 0x32, 0x2c, 0x20, 0x31, 0x2e, 0x30, 0x29, 0x3b, 0x0a, 0x20, //  + _222, 1.0);. 
	0x20, 0x20, 0x20, 0x20, 0x20, 0x20, 0x20, 0x20, 0x20, 0x20, 0x20, 0x20, 0x20, 0x20, 0x20, 0x68, //                h
	0x69, 0x67, 0x68, 0x70, 0x20, 0x76, 0x65, 0x63, 0x34, 0x20, 0x5f, 0x32, 0x34, 0x33, 0x20, 0x3d, // ighp vec4 _243 =
	0x20, 0x6d, 0x61, 0x74, 0x50, 0x72, 0x6f, 0x6a, 0x20, 0x2a, 0x20, 0x76, 0x65, 0x63, 0x34, 0x28, //  matProj * vec4(
	0x62, 0x61, 0x6c, 0x6c, 0x73, 0x5b, 0x30, 0x5d, 0x2e, 0x78, 0x79, 0x7a, 0x20, 0x2b, 0x20, 0x5f, // balls[0].xyz + _
	0x32, 0x32, 0x32, 0x2c, 0x20, 0x31, 0x2e, 0x30, 0x29, 0x3b, 0x0a, 0x20, 0x20, 0x20, 0x20, 0x20, // 222, 1.0);.     
	0x20, 0x20, 0x20, 0x20, 0x20, 0x20, 0x20, 0x20, 0x20, 0x20, 0x20, 0x68, 0x69, 0x67, 0x68, 0x70, //            highp
	0x20, 0x76, 0x65, 0x63, 0x32, 0x20, 0x5f, 0x32, 0x34, 0x39, 0x20, 0x3d, 0x20, 0x5f, 0x32, 0x33, //  vec2 _249 = _23
	0x33, 0x2e, 0x78, 0x79, 0x20, 0x2f, 0x20, 0x76, 0x65, 0x63, 0x32, 0x28, 0x5f, 0x32, 0x33, 0x33, // 3.xy / vec2(_233
	0x2e, 0x77, 0x29, 0x3b, 0x0a, 0x20, 0x20, 0x20, 0x20, 0x20, 0x20, 0x20, 0x20, 0x20, 0x20, 0x20, // .w);.           
	0x20, 0x20, 0x20, 0x20, 0x20, 0x68, 0x69, 0x67, 0x68, 0x70, 0x20, 0x76, 0x65, 0x63, 0x34, 0x20, //      highp vec4 
	0x5f, 0x33, 0x34, 0x36, 0x3b, 0x0a, 0x20, 0x20, 0x20, 0x20, 0x20, 0x20, 0x20, 0x20, 0x20, 0x20, // _346;.          
	0x20, 0x20, 0x20, 0x20, 0x20, 0x20, 0x5f, 0x33, 0x34, 0x36, 0x2e, 0x78, 0x20, 0x3d, 0x20, 0x5f, //       _346.x = _
	0x32, 0x34, 0x39, 0x2e, 0x78, 0x3b, 0x0a, 0x20, 0x20, 0x20, 0x20, 0x20, 0x20, 0x20, 0x20, 0x20, // 249.x;.         
	0x20, 0x20, 0x20, 0x20, 0x20, 0x20, 0x20, 0x5f, 0x33, 0x34, 0x36, 0x2e, 0x79, 0x20, 0x3d, 0x20, //        _346.y = 
	0x5f, 0x32, 0x34, 0x39, 0x2e, 0x79, 0x3b, 0x0a, 0x20, 0x20, 0x20, 0x20, 0x20, 0x20, 0x20, 0x20, // _249.y;.        
	0x20, 0x20, 0x20, 0x20, 0x20, 0x20, 0x20, 0x20, 0x68, 0x69, 0x67, 0x68, 0x70, 0x20, 0x76, 0x65, //         highp ve
	0x63, 0x32, 0x20, 0x5f, 0x32, 0x35, 0x39, 0x20, 0x3d, 0x20, 0x5f, 0x32, 0x34, 0x33, 0x2e, 0x78, // c2 _259 = _243.x
	0x79, 0x20, 0x2f, 0x20, 0x76, 0x65, 0x63, 0x32, 0x28, 0x5f, 0x32, 0x34, 0x33, 0x2e, 0x77, 0x29, // y / vec2(_243.w)
	0x3b, 0x0a, 0x20, 0x20, 0x20, 0x20, 0x20, 0x20, 0x20, 0x20, 0x20, 0x20, 0x20, 0x20, 0x20, 0x20, // ;.              
	0x20, 0x20, 0x68, 0x69, 0x67, 0x68, 0x70, 0x20, 0x76, 0x65, 0x63, 0x34, 0x20, 0x5f, 0x33, 0x35, //   highp vec4 _35
	0x31, 0x3b, 0x0a, 0x20, 0x20, 0x20, 0x20, 0x20, 0x20, 0x20, 0x20, 0x20, 0x20, 0x20, 0x20, 0x20, // 1;.             
	0x20, 0x20, 0x20, 0x5f, 0x33, 0x35, 0x31, 0x2e, 0x78, 0x20, 0x3d, 0x20, 0x5f, 0x32, 0x35, 0x39, //    _351.x = _259
	0x2e, 0x78, 0x3b, 0x0a, 0x20, 0x20, 0x20, 0x20, 0x20, 0x20, 0x20, 0x20, 0x20, 0x20, 0x20, 0x20, // .x;.            
	0x20, 0x20, 0x20, 0x20, 0x5f, 0x33, 0x35, 0x31, 0x2e, 0x79, 0x20, 0x3d, 0x20, 0x5f, 0x32, 0x35, //     _351.y = _25
	0x39, 0x2e, 0x79, 0x3b, 0x0a, 0x20, 0x20, 0x20, 0x20, 0x20, 0x20, 0x20, 0x20, 0x20, 0x20, 0x20, // 9.y;.           
	0x20, 0x20, 0x20, 0x20, 0x20, 0x5f, 0x33, 0x36, 0x30, 0x20, 0x3d, 0x20, 0x5f, 0x33, 0x35, 0x35, //      _360 = _355
	0x20, 0x2b, 0x20, 0x6d, 0x69, 0x78, 0x28, 0x74, 0x65, 0x78, 0x74, 0x75, 0x72, 0x65, 0x4c, 0x6f, //  + mix(textureLo
	0x64, 0x28, 0x74, 0x65, 0x78, 0x5f, 0x62, 0x6c, 0x6f, 0x6f, 0x6d, 0x2c, 0x20, 0x76, 0x65, 0x63, // d(tex_bloom, vec
	0x32, 0x28, 0x30, 0x2e, 0x35, 0x29, 0x20, 0x2b, 0x20, 0x28, 0x5f, 0x33, 0x34, 0x36, 0x2e, 0x78, // 2(0.5) + (_346.x
	0x79, 0x20, 0x2a, 0x20, 0x30, 0x2e, 0x35, 0x29, 0x2c, 0x20, 0x30, 0x2e, 0x30, 0x29, 0x2e, 0x78, // y * 0.5), 0.0).x
	0x79, 0x7a, 0x2c, 0x20, 0x74, 0x65, 0x78, 0x74, 0x75, 0x72, 0x65, 0x4c, 0x6f, 0x64, 0x28, 0x74, // yz, textureLod(t
	0x65, 0x78, 0x5f, 0x66, 0x62, 0x5f, 0x66, 0x69, 0x6c, 0x74, 0x65, 0x72, 0x65, 0x64, 0x2c, 0x20, // ex_fb_filtered, 
	0x76, 0x65, 0x63, 0x32, 0x28, 0x30, 0x2e, 0x35, 0x29, 0x20, 0x2b, 0x20, 0x28, 0x5f, 0x33, 0x35, // vec2(0.5) + (_35
	0x31, 0x2e, 0x78, 0x79, 0x20, 0x2a, 0x20, 0x30, 0x2e, 0x35, 0x29, 0x2c, 0x20, 0x30, 0x2e, 0x30, // 1.xy * 0.5), 0.0
	0x29, 0x2e, 0x78, 0x79, 0x7a, 0x2c, 0x20, 0x5f, 0x31, 0x38, 0x38, 0x29, 0x3b, 0x0a, 0x20, 0x20, // ).xyz, _188);.  
	0x20, 0x20, 0x20, 0x20, 0x20, 0x20, 0x20, 0x20, 0x20, 0x20, 0x7d, 0x0a, 0x20, 0x20, 0x20, 0x20, //           }.    
	0x20, 0x20, 0x20, 0x20, 0x7d, 0x0a, 0x20, 0x20, 0x20, 0x20, 0x20, 0x20, 0x20, 0x20, 0x62, 0x67, //     }.        bg
	0x66, 0x78, 0x5f, 0x46, 0x72, 0x61, 0x67, 0x43, 0x6f, 0x6c, 0x6f, 0x72, 0x20, 0x3d, 0x20, 0x76, // fx_FragColor = v
	0x65, 0x63, 0x34, 0x28, 0x5f, 0x33, 0x35, 0x35, 0x20, 0x2f, 0x20, 0x76, 0x65, 0x63, 0x33, 0x28, // ec4(_355 / vec3(
	0x77, 0x5f, 0x68, 0x5f, 0x68, 0x65, 0x69, 0x67, 0x68, 0x74, 0x2e, 0x77, 0x29, 0x2c, 0x20, 0x31, // w_h_height.w), 1
	0x2e, 0x30, 0x29, 0x3b, 0x0a, 0x20, 0x20, 0x20, 0x20, 0x20, 0x20, 0x20, 0x20, 0x62, 0x72, 0x65, // .0);.        bre
	0x61, 0x6b, 0x3b, 0x0a, 0x20, 0x20, 0x20, 0x20, 0x7d, 0x20, 0x77, 0x68, 0x69, 0x6c, 0x65, 0x28, // ak;.    } while(
	0x66, 0x61, 0x6c, 0x73, 0x65, 0x29, 0x3b, 0x0a, 0x7d, 0x0a, 0x0a, 0x00,                         // false);.}...
};
static const uint8_t fs_pp_motionblur_glsl[2776] =
{
	0x46, 0x53, 0x48, 0x0b, 0x6f, 0x1e, 0x3e, 0x3c, 0x00, 0x00, 0x00, 0x00, 0x07, 0x00, 0x0a, 0x77, // FSH.o.><.......w
	0x5f, 0x68, 0x5f, 0x68, 0x65, 0x69, 0x67, 0x68, 0x74, 0x02, 0x01, 0x00, 0x00, 0x01, 0x00, 0x00, // _h_height.......
	0x00, 0x00, 0x00, 0x0a, 0x6d, 0x61, 0x74, 0x50, 0x72, 0x6f, 0x6a, 0x49, 0x6e, 0x76, 0x04, 0x01, // ....matProjInv..
	0x00, 0x00, 0x04, 0x00, 0x00, 0x00, 0x00, 0x00, 0x05, 0x62, 0x61, 0x6c, 0x6c, 0x73, 0x02, 0x08, // .........balls..
	0x00, 0x00, 0x08, 0x00, 0x00, 0x00, 0x00, 0x00, 0x07, 0x6d, 0x61, 0x74, 0x50, 0x72, 0x6f, 0x6a, // .........matProj
	0x04, 0x01, 0x00, 0x00, 0x04, 0x00, 0x00, 0x00, 0x00, 0x00, 0x09, 0x74, 0x65, 0x78, 0x5f, 0x64, // ...........tex_d
	0x65, 0x70, 0x74, 0x68, 0x00, 0x01, 0x00, 0x00, 0x01, 0x00, 0x00, 0x00, 0x00, 0x00, 0x0f, 0x74, // epth...........t
	0x65, 0x78, 0x5f, 0x66, 0x62, 0x5f, 0x66, 0x69, 0x6c, 0x74, 0x65, 0x72, 0x65, 0x64, 0x00, 0x01, // ex_fb_filtered..
	0x00, 0x00, 0x01, 0x00, 0x00, 0x00, 0x00, 0x00, 0x09, 0x74, 0x65, 0x78, 0x5f, 0x62, 0x6c, 0x6f, // .........tex_blo
	0x6f, 0x6d, 0x00, 0x01, 0x00, 0x00, 0x01, 0x00, 0x00, 0x00, 0x00, 0x00, 0x37, 0x0a, 0x00, 0x00, // om..........7...
	0x0a, 0x76, 0x65, 0x63, 0x34, 0x20, 0x5f, 0x33, 0x36, 0x34, 0x3b, 0x0a, 0x0a, 0x75, 0x6e, 0x69, // .vec4 _364;..uni
	0x66, 0x6f, 0x72, 0x6d, 0x20, 0x76, 0x65, 0x63, 0x34, 0x20, 0x77, 0x5f, 0x68, 0x5f, 0x68, 0x65, // form vec4 w_h_he
	0x69, 0x67, 0x68, 0x74, 0x3b, 0x0a, 0x75, 0x6e, 0x69, 0x66, 0x6f, 0x72, 0x6d, 0x20, 0x73, 0x61, // ight;.uniform sa
	0x6d, 0x70, 0x6c, 0x65, 0x72, 0x32, 0x44, 0x20, 0x74, 0x65, 0x78, 0x5f, 0x64, 0x65, 0x70, 0x74, // mpler2D tex_dept
	0x68, 0x3b, 0x0a, 0x75, 0x6e, 0x69, 0x66, 0x6f, 0x72, 0x6d, 0x20, 0x6d, 0x61, 0x74, 0x34, 0x20, // h;.uniform mat4 
	0x6d, 0x61, 0x74, 0x50, 0x72, 0x6f, 0x6a, 0x49, 0x6e, 0x76, 0x3b, 0x0a, 0x75, 0x6e, 0x69, 0x66, // matProjInv;.unif
	0x6f, 0x72, 0x6d, 0x20, 0x76, 0x65, 0x63, 0x34, 0x20, 0x62, 0x61, 0x6c, 0x6c, 0x73, 0x5b, 0x38, // orm vec4 balls[8
	0x5d, 0x3b, 0x0a, 0x75, 0x6e, 0x69, 0x66, 0x6f, 0x72, 0x6d, 0x20, 0x73, 0x61, 0x6d, 0x70, 0x6c, // ];.uniform sampl
	0x65, 0x72, 0x32, 0x44, 0x20, 0x74, 0x65, 0x78, 0x5f, 0x66, 0x62, 0x5f, 0x66, 0x69, 0x6c, 0x74, // er2D tex_fb_filt
	0x65, 0x72, 0x65, 0x64, 0x3b, 0x0a, 0x75, 0x6e, 0x69, 0x66, 0x6f, 0x72, 0x6d, 0x20, 0x73, 0x61, // ered;.uniform sa
	0x6d, 0x70, 0x6c, 0x65, 0x72, 0x32, 0x44, 0x20, 0x74, 0x65, 0x78, 0x5f, 0x62, 0x6c, 0x6f, 0x6f, // mpler2D tex_bloo
	0x6d, 0x3b, 0x0a, 0x75, 0x6e, 0x69, 0x66, 0x6f, 0x72, 0x6d, 0x20, 0x6d, 0x61, 0x74, 0x34, 0x20, // m;.uniform mat4 
	0x6d, 0x61, 0x74, 0x50, 0x72, 0x6f, 0x6a, 0x3b, 0x0a, 0x0a, 0x69, 0x6e, 0x20, 0x76, 0x65, 0x63, // matProj;..in vec
	0x32, 0x20, 0x76, 0x5f, 0x74, 0x65, 0x78, 0x63, 0x6f, 0x6f, 0x72, 0x64, 0x30, 0x3b, 0x0a, 0x6c, // 2 v_texcoord0;.l
	0x61, 0x79, 0x6f, 0x75, 0x74, 0x28, 0x6c, 0x6f, 0x63, 0x61, 0x74, 0x69, 0x6f, 0x6e, 0x20, 0x3d, // ayout(location =
	0x20, 0x30, 0x29, 0x20, 0x6f, 0x75, 0x74, 0x20, 0x76, 0x65, 0x63, 0x34, 0x20, 0x62, 0x67, 0x66, //  0) out vec4 bgf
	0x78, 0x5f, 0x46, 0x72, 0x61, 0x67, 0x43, 0x6f, 0x6c, 0x6f, 0x72, 0x3b, 0x0a, 0x0a, 0x76, 0x6f, // x_FragColor;..vo
	0x69, 0x64, 0x20, 0x6d, 0x61, 0x69, 0x6e, 0x28, 0x29, 0x0a, 0x7b, 0x0a, 0x20, 0x20, 0x20, 0x20, // id main().{.    
	0x64, 0x6f, 0x0a, 0x20, 0x20, 0x20, 0x20, 0x7b, 0x0a, 0x20, 0x20, 0x20, 0x20, 0x20, 0x20, 0x20, // do.    {.       
	0x20, 0x69, 0x6e, 0x74, 0x20, 0x5f, 0x32, 0x38, 0x20, 0x3d, 0x20, 0x69, 0x6e, 0x74, 0x28, 0x77, //  int _28 = int(w
	0x5f, 0x68, 0x5f, 0x68, 0x65, 0x69, 0x67, 0x68, 0x74, 0x2e, 0x77, 0x29, 0x3b, 0x0a, 0x20, 0x20, // _h_height.w);.  
	0x20, 0x20, 0x20, 0x20, 0x20, 0x20, 0x76, 0x65, 0x63, 0x34, 0x20, 0x5f, 0x36, 0x39, 0x20, 0x3d, //       vec4 _69 =
	0x20, 0x6d, 0x61, 0x74, 0x50, 0x72, 0x6f, 0x6a, 0x49, 0x6e, 0x76, 0x20, 0x2a, 0x20, 0x76, 0x65, //  matProjInv * ve
	0x63, 0x34, 0x28, 0x28, 0x76, 0x5f, 0x74, 0x65, 0x78, 0x63, 0x6f, 0x6f, 0x72, 0x64, 0x30, 0x2e, // c4((v_texcoord0.
	0x78, 0x20, 0x2a, 0x20, 0x32, 0x2e, 0x30, 0x29, 0x20, 0x2d, 0x20, 0x31, 0x2e, 0x30, 0x2c, 0x20, // x * 2.0) - 1.0, 
	0x31, 0x2e, 0x30, 0x20, 0x2d, 0x20, 0x28, 0x28, 0x31, 0x2e, 0x30, 0x20, 0x2d, 0x20, 0x76, 0x5f, // 1.0 - ((1.0 - v_
	0x74, 0x65, 0x78, 0x63, 0x6f, 0x6f, 0x72, 0x64, 0x30, 0x2e, 0x79, 0x29, 0x20, 0x2a, 0x20, 0x32, // texcoord0.y) * 2
	0x2e, 0x30, 0x29, 0x2c, 0x20, 0x28, 0x74, 0x65, 0x78, 0x74, 0x75, 0x72, 0x65, 0x4c, 0x6f, 0x64, // .0), (textureLod
	0x28, 0x74, 0x65, 0x78, 0x5f, 0x64, 0x65, 0x70, 0x74, 0x68, 0x2c, 0x20, 0x76, 0x5f, 0x74, 0x65, // (tex_depth, v_te
	0x78, 0x63, 0x6f, 0x6f, 0x72, 0x64, 0x30, 0x2c, 0x20, 0x30, 0x2e, 0x30, 0x29, 0x2e, 0x78, 0x20, // xcoord0, 0.0).x 
	0x2a, 0x20, 0x32, 0x2e, 0x30, 0x29, 0x20, 0x2d, 0x20, 0x31, 0x2e, 0x30, 0x2c, 0x20, 0x31, 0x2e, // * 2.0) - 1.0, 1.
	0x30, 0x29, 0x3b, 0x0a, 0x20, 0x20, 0x20, 0x20, 0x20, 0x20, 0x20, 0x20, 0x76, 0x65, 0x63, 0x33, // 0);.        vec3
	0x20, 0x5f, 0x37, 0x36, 0x20, 0x3d, 0x20, 0x5f, 0x36, 0x39, 0x2e, 0x78, 0x79, 0x7a, 0x20, 0x2f, //  _76 = _69.xyz /
	0x20, 0x76, 0x65, 0x63, 0x33, 0x28, 0x5f, 0x36, 0x39, 0x2e, 0x77, 0x29, 0x3b, 0x0a, 0x20, 0x20, //  vec3(_69.w);.  
	0x20, 0x20, 0x20, 0x20, 0x20, 0x20, 0x76, 0x65, 0x63, 0x34, 0x20, 0x5f, 0x33, 0x33, 0x37, 0x3b, //       vec4 _337;
	0x0a, 0x20, 0x20, 0x20, 0x20, 0x20, 0x20, 0x20, 0x20, 0x5f, 0x33, 0x33, 0x37, 0x2e, 0x78, 0x20, // .        _337.x 
	0x3d, 0x20, 0x5f, 0x37, 0x36, 0x2e, 0x78, 0x3b, 0x0a, 0x20, 0x20, 0x20, 0x20, 0x20, 0x20, 0x20, // = _76.x;.       
	0x20, 0x5f, 0x33, 0x33, 0x37, 0x2e, 0x79, 0x20, 0x3d, 0x20, 0x5f, 0x37, 0x36, 0x2e, 0x79, 0x3b, //  _337.y = _76.y;
	0x0a, 0x20, 0x20, 0x20, 0x20, 0x20, 0x20, 0x20, 0x20, 0x66, 0x6c, 0x6f, 0x61, 0x74, 0x20, 0x5f, // .        float _
	0x38, 0x33, 0x20, 0x3d, 0x20, 0x5f, 0x37, 0x36, 0x2e, 0x7a, 0x3b, 0x0a, 0x20, 0x20, 0x20, 0x20, // 83 = _76.z;.    
	0x20, 0x20, 0x20, 0x20, 0x5f, 0x33, 0x33, 0x37, 0x2e, 0x7a, 0x20, 0x3d, 0x20, 0x5f, 0x38, 0x33, //     _337.z = _83
	0x3b, 0x0a, 0x20, 0x20, 0x20, 0x20, 0x20, 0x20, 0x20, 0x20, 0x76, 0x65, 0x63, 0x33, 0x20, 0x5f, // ;.        vec3 _
	0x38, 0x38, 0x20, 0x3d, 0x20, 0x6e, 0x6f, 0x72, 0x6d, 0x61, 0x6c, 0x69, 0x7a, 0x65, 0x28, 0x5f, // 88 = normalize(_
	0x33, 0x33, 0x37, 0x2e, 0x78, 0x79, 0x7a, 0x29, 0x3b, 0x0a, 0x20, 0x20, 0x20, 0x20, 0x20, 0x20, // 337.xyz);.      
	0x20, 0x20, 0x66, 0x6c, 0x6f, 0x61, 0x74, 0x20, 0x5f, 0x31, 0x30, 0x38, 0x20, 0x3d, 0x20, 0x62, //   float _108 = b
	0x61, 0x6c, 0x6c, 0x73, 0x5b, 0x30, 0x5d, 0x2e, 0x77, 0x20, 0x2a, 0x20, 0x62, 0x61, 0x6c, 0x6c, // alls[0].w * ball
	0x73, 0x5b, 0x30, 0x5d, 0x2e, 0x77, 0x3b, 0x0a, 0x20, 0x20, 0x20, 0x20, 0x20, 0x20, 0x20, 0x20, // s[0].w;.        
	0x76, 0x65, 0x63, 0x34, 0x20, 0x5f, 0x31, 0x31, 0x33, 0x20, 0x3d, 0x20, 0x74, 0x65, 0x78, 0x74, // vec4 _113 = text
	0x75, 0x72, 0x65, 0x4c, 0x6f, 0x64, 0x28, 0x74, 0x65, 0x78, 0x5f, 0x66, 0x62, 0x5f, 0x66, 0x69, // ureLod(tex_fb_fi
	0x6c, 0x74, 0x65, 0x72, 0x65, 0x64, 0x2c, 0x20, 0x76, 0x5f, 0x74, 0x65, 0x78, 0x63, 0x6f, 0x6f, // ltered, v_texcoo
	0x72, 0x64, 0x30, 0x2c, 0x20, 0x30, 0x2e, 0x30, 0x29, 0x3b, 0x0a, 0x20, 0x20, 0x20, 0x20, 0x20, // rd0, 0.0);.     
	0x20, 0x20, 0x20, 0x76, 0x65, 0x63, 0x33, 0x20, 0x5f, 0x31, 0x31, 0x34, 0x20, 0x3d, 0x20, 0x5f, //    vec3 _114 = _
	0x31, 0x31, 0x33, 0x2e, 0x78, 0x79, 0x7a, 0x3b, 0x0a, 0x20, 0x20, 0x20, 0x20, 0x20, 0x20, 0x20, // 113.xyz;.       
	0x20, 0x66, 0x6c, 0x6f, 0x61, 0x74, 0x20, 0x5f, 0x31, 0x31, 0x38, 0x20, 0x3d, 0x20, 0x64, 0x6f, //  float _118 = do
	0x74, 0x28, 0x5f, 0x38, 0x38, 0x2c, 0x20, 0x62, 0x61, 0x6c, 0x6c, 0x73, 0x5b, 0x30, 0x5d, 0x2e, // t(_88, balls[0].
	0x78, 0x79, 0x7a, 0x29, 0x3b, 0x0a, 0x20, 0x20, 0x20, 0x20, 0x20, 0x20, 0x20, 0x20, 0x66, 0x6c, // xyz);.        fl
	0x6f, 0x61, 0x74, 0x20, 0x5f, 0x31, 0x33, 0x32, 0x20, 0x3d, 0x20, 0x28, 0x5f, 0x31, 0x31, 0x38, // oat _132 = (_118
	0x20, 0x2a, 0x20, 0x5f, 0x31, 0x31, 0x38, 0x29, 0x20, 0x2d, 0x20, 0x28, 0x64, 0x6f, 0x74, 0x28, //  * _118) - (dot(
	0x62, 0x61, 0x6c, 0x6c, 0x73, 0x5b, 0x30, 0x5d, 0x2e, 0x78, 0x79, 0x7a, 0x2c, 0x20, 0x62, 0x61, // balls[0].xyz, ba
	0x6c, 0x6c, 0x73, 0x5b, 0x30, 0x5d, 0x2e, 0x78, 0x79, 0x7a, 0x29, 0x20, 0x2d, 0x20, 0x28, 0x5f, // lls[0].xyz) - (_
	0x31, 0x30, 0x38, 0x20, 0x2a, 0x20, 0x31, 0x2e, 0x31, 0x34, 0x39, 0x39, 0x39, 0x39, 0x39, 0x37, // 108 * 1.14999997
	0x36, 0x31, 0x35, 0x38, 0x31, 0x34, 0x32, 0x30, 0x38, 0x39, 0x38, 0x34, 0x33, 0x37, 0x35, 0x29, // 615814208984375)
	0x29, 0x3b, 0x0a, 0x20, 0x20, 0x20, 0x20, 0x20, 0x20, 0x20, 0x20, 0x76, 0x65, 0x63, 0x33, 0x20, // );.        vec3 
	0x5f, 0x33, 0x35, 0x38, 0x3b, 0x0a, 0x20, 0x20, 0x20, 0x20, 0x20, 0x20, 0x20, 0x20, 0x69, 0x66, // _358;.        if
	0x20, 0x28, 0x5f, 0x31, 0x33, 0x32, 0x20, 0x3c, 0x20, 0x30, 0x2e, 0x30, 0x29, 0x0a, 0x20, 0x20, //  (_132 < 0.0).  
	0x20, 0x20, 0x20, 0x20, 0x20, 0x20, 0x7b, 0x0a, 0x20, 0x20, 0x20, 0x20, 0x20, 0x20, 0x20, 0x20, //       {.        
	0x20, 0x20, 0x20, 0x20, 0x5f, 0x33, 0x35, 0x38, 0x20, 0x3d, 0x20, 0x5f, 0x31, 0x31, 0x34, 0x3b, //     _358 = _114;
	0x0a, 0x20, 0x20, 0x20, 0x20, 0x20, 0x20, 0x20, 0x20, 0x7d, 0x0a, 0x20, 0x20, 0x20, 0x20, 0x20, // .        }.     
	0x20, 0x20, 0x20, 0x65, 0x6c, 0x73, 0x65, 0x0a, 0x20, 0x20, 0x20, 0x20, 0x20, 0x20, 0x20, 0x20, //    else.        
	0x7b, 0x0a, 0x20, 0x20, 0x20, 0x20, 0x20, 0x20, 0x20, 0x20, 0x20, 0x20, 0x20, 0x20, 0x69, 0x66, // {.            if
	0x20, 0x28, 0x5f, 0x38, 0x33, 0x20, 0x3e, 0x20, 0x28, 0x28, 0x28, 0x5f, 0x31, 0x31, 0x38, 0x20, //  (_83 > (((_118 
	0x2d, 0x20, 0x73, 0x71, 0x72, 0x74, 0x28, 0x5f, 0x31, 0x33, 0x32, 0x29, 0x29, 0x20, 0x2a, 0x20, // - sqrt(_132)) * 
	0x5f, 0x38, 0x38, 0x2e, 0x7a, 0x29, 0x20, 0x2b, 0x20, 0x31, 0x2e, 0x30, 0x29, 0x29, 0x0a, 0x20, // _88.z) + 1.0)). 
	0x20, 0x20, 0x20, 0x20, 0x20, 0x20, 0x20, 0x20, 0x20, 0x20, 0x20, 0x7b, 0x0a, 0x20, 0x20, 0x20, //            {.   
	0x20, 0x20, 0x20, 0x20, 0x20, 0x20, 0x20, 0x20, 0x20, 0x20, 0x20, 0x20, 0x20, 0x62, 0x67, 0x66, //              bgf
	0x78, 0x5f, 0x46, 0x72, 0x61, 0x67, 0x43, 0x6f, 0x6c, 0x6f, 0x72, 0x20, 0x3d, 0x20, 0x76, 0x65, // x_FragColor = ve
	0x63, 0x34, 0x28, 0x5f, 0x31, 0x31, 0x33, 0x2e, 0x78, 0x79, 0x7a, 0x2c, 0x20, 0x31, 0x2e, 0x30, // c4(_113.xyz, 1.0
	0x29, 0x3b, 0x0a, 0x20, 0x20, 0x20, 0x20, 0x20, 0x20, 0x20, 0x20, 0x20, 0x20, 0x20, 0x20, 0x20, // );.             
	0x20, 0x20, 0x20, 0x62, 0x72, 0x65, 0x61, 0x6b, 0x3b, 0x0a, 0x20, 0x20, 0x20, 0x20, 0x20, 0x20, //    break;.      
	0x20, 0x20, 0x20, 0x20, 0x20, 0x20, 0x7d, 0x0a, 0x20, 0x20, 0x20, 0x20, 0x20, 0x20, 0x20, 0x20, //       }.        
	0x20, 0x20, 0x20, 0x20, 0x5f, 0x33, 0x35, 0x38, 0x20, 0x3d, 0x20, 0x74, 0x65, 0x78, 0x74, 0x75, //     _358 = textu
	0x72, 0x65, 0x4c, 0x6f, 0x64, 0x28, 0x74, 0x65, 0x78, 0x5f, 0x62, 0x6c, 0x6f, 0x6f, 0x6d, 0x2c, // reLod(tex_bloom,
	0x20, 0x76, 0x5f, 0x74, 0x65, 0x78, 0x63, 0x6f, 0x6f, 0x72, 0x64, 0x30, 0x2c, 0x20, 0x30, 0x2e, //  v_texcoord0, 0.
	0x30, 0x29, 0x2e, 0x78, 0x79, 0x7a, 0x3b, 0x0a, 0x20, 0x20, 0x20, 0x20, 0x20, 0x20, 0x20, 0x20, // 0).xyz;.        
	0x7d, 0x0a, 0x20, 0x20, 0x20, 0x20, 0x20, 0x20, 0x20, 0x20, 0x76, 0x65, 0x63, 0x33, 0x20, 0x5f, // }.        vec3 _
	0x33, 0x35, 0x35, 0x3b, 0x0a, 0x20, 0x20, 0x20, 0x20, 0x20, 0x20, 0x20, 0x20, 0x5f, 0x33, 0x35, // 355;.        _35
	0x35, 0x20, 0x3d, 0x20, 0x5f, 0x31, 0x31, 0x34, 0x3b, 0x0a, 0x20, 0x20, 0x20, 0x20, 0x20, 0x20, // 5 = _114;.      
	0x20, 0x20, 0x76, 0x65, 0x63, 0x33, 0x20, 0x5f, 0x33, 0x36, 0x30, 0x3b, 0x0a, 0x20, 0x20, 0x20, //   vec3 _360;.   
	0x20, 0x20, 0x20, 0x20, 0x20, 0x66, 0x6f, 0x72, 0x20, 0x28, 0x69, 0x6e, 0x74, 0x20, 0x5f, 0x33, //      for (int _3
	0x35, 0x34, 0x20, 0x3d, 0x20, 0x31, 0x3b, 0x20, 0x5f, 0x33, 0x35, 0x34, 0x20, 0x3c, 0x20, 0x5f, // 54 = 1; _354 < _
	0x32, 0x38, 0x3b, 0x20, 0x5f, 0x33, 0x35, 0x35, 0x20, 0x3d, 0x20, 0x5f, 0x33, 0x36, 0x30, 0x2c, // 28; _355 = _360,
	0x20, 0x5f, 0x33, 0x35, 0x34, 0x2b, 0x2b, 0x29, 0x0a, 0x20, 0x20, 0x20, 0x20, 0x20, 0x20, 0x20, //  _354++).       
	0x20, 0x7b, 0x0a, 0x20, 0x20, 0x20, 0x20, 0x20, 0x20, 0x20, 0x20, 0x20, 0x20, 0x20, 0x20, 0x76, //  {.            v
	0x65, 0x63, 0x33, 0x20, 0x5f, 0x31, 0x38, 0x38, 0x20, 0x3d, 0x20, 0x76, 0x65, 0x63, 0x33, 0x28, // ec3 _188 = vec3(
	0x66, 0x6c, 0x6f, 0x61, 0x74, 0x28, 0x5f, 0x33, 0x35, 0x34, 0x29, 0x20, 0x2f, 0x20, 0x77, 0x5f, // float(_354) / w_
	0x68, 0x5f, 0x68, 0x65, 0x69, 0x67, 0x68, 0x74, 0x2e, 0x77, 0x29, 0x3b, 0x0a, 0x20, 0x20, 0x20, // h_height.w);.   
	0x20, 0x20, 0x20, 0x20, 0x20, 0x20, 0x20, 0x20, 0x20, 0x76, 0x65, 0x63, 0x33, 0x20, 0x5f, 0x31, //          vec3 _1
	0x38, 0x39, 0x20, 0x3d, 0x20, 0x6d, 0x69, 0x78, 0x28, 0x62, 0x61, 0x6c, 0x6c, 0x73, 0x5b, 0x31, // 89 = mix(balls[1
	0x5d, 0x2e, 0x78, 0x79, 0x7a, 0x2c, 0x20, 0x62, 0x61, 0x6c, 0x6c, 0x73, 0x5b, 0x30, 0x5d, 0x2e, // ].xyz, balls[0].
	0x78, 0x79, 0x7a, 0x2c, 0x20, 0x5f, 0x31, 0x38, 0x38, 0x29, 0x3b, 0x0a, 0x20, 0x20, 0x20, 0x20, // xyz, _188);.    
	0x20, 0x20, 0x20, 0x20, 0x20, 0x20, 0x20, 0x20, 0x66, 0x6c, 0x6f, 0x61, 0x74, 0x20, 0x5f, 0x31, //         float _1
	0x39, 0x33, 0x20, 0x3d, 0x20, 0x64, 0x6f, 0x74, 0x28, 0x5f, 0x38, 0x38, 0x2c, 0x20, 0x5f, 0x31, // 93 = dot(_88, _1
	0x38, 0x39, 0x29, 0x3b, 0x0a, 0x20, 0x20, 0x20, 0x20, 0x20, 0x20, 0x20, 0x20, 0x20, 0x20, 0x20, // 89);.           
	0x20, 0x66, 0x6c, 0x6f, 0x61, 0x74, 0x20, 0x5f, 0x32, 0x30, 0x35, 0x20, 0x3d, 0x20, 0x28, 0x5f, //  float _205 = (_
	0x31, 0x39, 0x33, 0x20, 0x2a, 0x20, 0x5f, 0x31, 0x39, 0x33, 0x29, 0x20, 0x2d, 0x20, 0x28, 0x64, // 193 * _193) - (d
	0x6f, 0x74, 0x28, 0x5f, 0x31, 0x38, 0x39, 0x2c, 0x20, 0x5f, 0x31, 0x38, 0x39, 0x29, 0x20, 0x2d, // ot(_189, _189) -
	0x20, 0x5f, 0x31, 0x30, 0x38, 0x29, 0x3b, 0x0a, 0x20, 0x20, 0x20, 0x20, 0x20, 0x20, 0x20, 0x20, //  _108);.        
	0x20, 0x20, 0x20, 0x20, 0x69, 0x66, 0x20, 0x28, 0x5f, 0x32, 0x30, 0x35, 0x20, 0x3c, 0x20, 0x30, //     if (_205 < 0
	0x2e, 0x30, 0x29, 0x0a, 0x20, 0x20, 0x20, 0x20, 0x20, 0x20, 0x20, 0x20, 0x20, 0x20, 0x20, 0x20, // .0).            
	0x7b, 0x0a, 0x20, 0x20, 0x20, 0x20, 0x20, 0x20, 0x20, 0x20, 0x20, 0x20, 0x20, 0x20, 0x20, 0x20, // {.              
	0x20, 0x20, 0x5f, 0x33, 0x36, 0x30, 0x20, 0x3d, 0x20, 0x5f, 0x33, 0x35, 0x35, 0x20, 0x2b, 0x20, //   _360 = _355 + 
	0x5f, 0x33, 0x35, 0x38, 0x3b, 0x0a, 0x20, 0x20, 0x20, 0x20, 0x20, 0x20, 0x20, 0x20, 0x20, 0x20, // _358;.          
	0x20, 0x20, 0x7d, 0x0a, 0x20, 0x20, 0x20, 0x20, 0x20, 0x20, 0x20, 0x20, 0x20, 0x20, 0x20, 0x20, //   }.            
	0x65, 0x6c, 0x73, 0x65, 0x0a, 0x20, 0x20, 0x20, 0x20, 0x20, 0x20, 0x20, 0x20, 0x20, 0x20, 0x20, // else.           
	0x20, 0x7b, 0x0a, 0x20, 0x20, 0x20, 0x20, 0x20, 0x20, 0x20, 0x20, 0x20, 0x20, 0x20, 0x20, 0x20, //  {.             
	0x20, 0x20, 0x20, 0x76, 0x65, 0x63, 0x33, 0x20, 0x5f, 0x32, 0x32, 0x32, 0x20, 0x3d, 0x20, 0x28, //    vec3 _222 = (
	0x5f, 0x38, 0x38, 0x20, 0x2a, 0x20, 0x28, 0x5f, 0x31, 0x39, 0x33, 0x20, 0x2d, 0x20, 0x73, 0x71, // _88 * (_193 - sq
	0x72, 0x74, 0x28, 0x5f, 0x32, 0x30, 0x35, 0x29, 0x29, 0x29, 0x20, 0x2d, 0x20, 0x5f, 0x31, 0x38, // rt(_205))) - _18
	0x39, 0x3b, 0x0a, 0x20, 0x20, 0x20, 0x20, 0x20, 0x20, 0x20, 0x20, 0x20, 0x20, 0x20, 0x20, 0x20, // 9;.             
	0x20, 0x20, 0x20, 0x76, 0x65, 0x63, 0x34, 0x20, 0x5f, 0x32, 0x33, 0x33, 0x20, 0x3d, 0x20, 0x6d, //    vec4 _233 = m
	0x61, 0x74, 0x50, 0x72, 0x6f, 0x6a, 0x20, 0x2a, 0x20, 0x76, 0x65, 0x63, 0x34, 0x28, 0x62, 0x61, // atProj * vec4(ba
	0x6c, 0x6c, 0x73, 0x5b, 0x31, 0x5d, 0x2e, 0x78, 0x79, 0x7a, 0x20, 0x2b, 0x20, 0x5f, 0x32, 0x32, // lls[1].xyz + _22
	0x32, 0x2c, 0x20, 0x31, 0x2e, 0x30, 0x29, 0x3b, 0x0a, 0x20, 0x20, 0x20, 0x20, 0x20, 0x20, 0x20, // 2, 1.0);.       
	0x20, 0x20, 0x20, 0x20, 0x20, 0x20, 0x20, 0x20, 0x20, 0x76, 0x65, 0x63, 0x34, 0x20, 0x5f, 0x32, //          vec4 _2
	0x34, 0x33, 0x20, 0x3d, 0x20, 0x6d, 0x61, 0x74, 0x50, 0x72, 0x6f, 0x6a, 0x20, 0x2a, 0x20, 0x76, // 43 = matProj * v
	0x65, 0x63, 0x34, 0x28, 0x62, 0x61, 0x6c, 0x6c, 0x73, 0x5b, 0x30, 0x5d, 0x2e, 0x78, 0x79, 0x7a, // ec4(balls[0].xyz
	0x20, 0x2b, 0x20, 0x5f, 0x32, 0x32, 0x32, 0x2c, 0x20, 0x31, 0x2e, 0x30, 0x29, 0x3b, 0x0a, 0x20, //  + _222, 1.0);. 
	0x20, 0x20, 0x20, 0x20, 0x20, 0x20, 0x20, 0x20, 0x20, 0x20, 0x20, 0x20, 0x20, 0x20, 0x20, 0x76, //                v
	0x65, 0x63, 0x32, 0x20, 0x5f, 0x32, 0x34, 0x39, 0x20, 0x3d, 0x20, 0x5f, 0x32, 0x33, 0x33, 0x2e, // ec2 _249 = _233.
	0x78, 0x79, 0x20, 0x2f, 0x20, 0x76, 0x65, 0x63, 0x32, 0x28, 0x5f, 0x32, 0x33, 0x33, 0x2e, 0x77, // xy / vec2(_233.w
	0x29, 0x3b, 0x0a, 0x20, 0x20, 0x20, 0x20, 0x20, 0x20, 0x20, 0x20, 0x20, 0x20, 0x20, 0x20, 0x20, // );.             
	0x20, 0x20, 0x20, 0x76, 0x65, 0x63, 0x34, 0x20, 0x5f, 0x33, 0x34, 0x36, 0x3b, 0x0a, 0x20, 0x20, //    vec4 _346;.  
	0x20, 0x20, 0x20, 0x20, 0x20, 0x20, 0x20, 0x20, 0x20, 0x20, 0x20, 0x20, 0x20, 0x20, 0x5f, 0x33, //               _3
	0x34, 0x36, 0x2e, 0x78, 0x20, 0x3d, 0x20, 0x5f, 0x32, 0x34, 0x39, 0x2e, 0x78, 0x3b, 0x0a, 0x20, // 46.x = _249.x;. 
	0x20, 0x20, 0x20, 0x20, 0x20, 0x20, 0x20, 0x20, 0x20, 0x20, 0x20, 0x20, 0x20, 0x20, 0x20, 0x5f, //                _
	0x33, 0x34, 0x36, 0x2e, 0x79, 0x20, 0x3d, 0x20, 0x5f, 0x32, 0x34, 0x39, 0x2e, 0x79, 0x3b, 0x0a, // 346.y = _249.y;.
	0x20, 0x20, 0x20, 0x20, 0x20, 0x20, 0x20, 0x20, 0x20, 0x20, 0x20, 0x20, 0x20, 0x20, 0x20, 0x20, //                 
	0x76, 0x65, 0x63, 0x32, 0x20, 0x5f, 0x32, 0x35, 0x39, 0x20, 0x3d, 0x20, 0x5f, 0x32, 0x34, 0x33, // vec2 _259 = _243
	0x2e, 0x78, 0x79, 0x20, 0x2f, 0x20, 0x76, 0x65, 0x63, 0x32, 0x28, 0x5f, 0x32, 0x34, 0x33, 0x2e, // .xy / vec2(_243.
	0x77, 0x29, 0x3b, 0x0a, 0x20, 0x20, 0x20, 0x20, 0x20, 0x20, 0x20, 0x20, 0x20, 0x20, 0x20, 0x20, // w);.            
	0x20, 0x20, 0x20, 0x20, 0x76, 0x65, 0x63, 0x34, 0x20, 0x5f, 0x33, 0x35, 0x31, 0x3b, 0x0a, 0x20, //     vec4 _351;. 
	0x20, 0x20, 0x20, 0x20, 0x20, 0x20, 0x20, 0x20, 0x20, 0x20, 0x20, 0x20, 0x20, 0x20, 0x20, 0x5f, //                _
	0x33, 0x35, 0x31, 0x2e, 0x78, 0x20, 0x3d, 0x20, 0x5f, 0x32, 0x35, 0x39, 0x2e, 0x78, 0x3b, 0x0a, // 351.x = _259.x;.
	0x20, 0x20, 0x20, 0x20, 0x20, 0x20, 0x20, 0x20, 0x20, 0x20, 0x20, 0x20, 0x20, 0x20, 0x20, 0x20, //                 
	0x5f, 0x33, 0x35, 0x31, 0x2e, 0x79, 0x20, 0x3d, 0x20, 0x5f, 0x32, 0x35, 0x39, 0x2e, 0x79, 0x3b, // _351.y = _259.y;
	0x0a, 0x20, 0x20, 0x20, 0x20, 0x20, 0x20, 0x20, 0x20, 0x20, 0x20, 0x20, 0x20, 0x20, 0x20, 0x20, // .               
	0x20, 0x5f, 0x33, 0x36, 0x30, 0x20, 0x3d, 0x20, 0x5f, 0x33, 0x35, 0x35, 0x20, 0x2b, 0x20, 0x6d, //  _360 = _355 + m
	0x69, 0x78, 0x28, 0x74, 0x65, 0x78, 0x74, 0x75, 0x72, 0x65, 0x4c, 0x6f, 0x64, 0x28, 0x74, 0x65, // ix(textureLod(te
	0x78, 0x5f, 0x62, 0x6c, 0x6f, 0x6f, 0x6d, 0x2c, 0x20, 0x76, 0x65, 0x63, 0x32, 0x28, 0x30, 0x2e, // x_bloom, vec2(0.
	0x35, 0x29, 0x20, 0x2b, 0x20, 0x28, 0x5f, 0x33, 0x34, 0x36, 0x2e, 0x78, 0x79, 0x20, 0x2a, 0x20, // 5) + (_346.xy * 
	0x30, 0x2e, 0x35, 0x29, 0x2c, 0x20, 0x30, 0x2e, 0x30, 0x29, 0x2e, 0x78, 0x79, 0x7a, 0x2c, 0x20, // 0.5), 0.0).xyz, 
	0x74, 0x65, 0x78, 0x74, 0x75, 0x72, 0x65, 0x4c, 0x6f, 0x64, 0x28, 0x74, 0x65, 0x78, 0x5f, 0x66, // textureLod(tex_f
	0x62, 0x5f, 0x66, 0x69, 0x6c, 0x74, 0x65, 0x72, 0x65, 0x64, 0x2c, 0x20, 0x76, 0x65, 0x63, 0x32, // b_filtered, vec2
	0x28, 0x30, 0x2e, 0x35, 0x29, 0x20, 0x2b, 0x20, 0x28, 0x5f, 0x33, 0x35, 0x31, 0x2e, 0x78, 0x79, // (0.5) + (_351.xy
	0x20, 0x2a, 0x20, 0x30, 0x2e, 0x35, 0x29, 0x2c, 0x20, 0x30, 0x2e, 0x30, 0x29, 0x2e, 0x78, 0x79, //  * 0.5), 0.0).xy
	0x7a, 0x2c, 0x20, 0x5f, 0x31, 0x38, 0x38, 0x29, 0x3b, 0x0a, 0x20, 0x20, 0x20, 0x20, 0x20, 0x20, // z, _188);.      
	0x20, 0x20, 0x20, 0x20, 0x20, 0x20, 0x7d, 0x0a, 0x20, 0x20, 0x20, 0x20, 0x20, 0x20, 0x20, 0x20, //       }.        
	0x7d, 0x0a, 0x20, 0x20, 0x20, 0x20, 0x20, 0x20, 0x20, 0x20, 0x62, 0x67, 0x66, 0x78, 0x5f, 0x46, // }.        bgfx_F
	0x72, 0x61, 0x67, 0x43, 0x6f, 0x6c, 0x6f, 0x72, 0x20, 0x3d, 0x20, 0x76, 0x65, 0x63, 0x34, 0x28, // ragColor = vec4(
	0x5f, 0x33, 0x35, 0x35, 0x20, 0x2f, 0x20, 0x76, 0x65, 0x63, 0x33, 0x28, 0x77, 0x5f, 0x68, 0x5f, // _355 / vec3(w_h_
	0x68, 0x65, 0x69, 0x67, 0x68, 0x74, 0x2e, 0x77, 0x29, 0x2c, 0x20, 0x31, 0x2e, 0x30, 0x29, 0x3b, // height.w), 1.0);
	0x0a, 0x20, 0x20, 0x20, 0x20, 0x20, 0x20, 0x20, 0x20, 0x62, 0x72, 0x65, 0x61, 0x6b, 0x3b, 0x0a, // .        break;.
	0x20, 0x20, 0x20, 0x20, 0x7d, 0x20, 0x77, 0x68, 0x69, 0x6c, 0x65, 0x28, 0x66, 0x61, 0x6c, 0x73, //     } while(fals
	0x65, 0x29, 0x3b, 0x0a, 0x7d, 0x0a, 0x0a, 0x00,                                                 // e);.}...
};
static const uint8_t fs_pp_motionblur_dxbc[2776] =
{
	0x46, 0x53, 0x48, 0x0b, 0x6f, 0x1e, 0x3e, 0x3c, 0x00, 0x00, 0x00, 0x00, 0x07, 0x00, 0x05, 0x62, // FSH.o.><.......b
	0x61, 0x6c, 0x6c, 0x73, 0x12, 0x08, 0x00, 0x00, 0x08, 0x00, 0x00, 0x00, 0x00, 0x00, 0x07, 0x6d, // alls...........m
	0x61, 0x74, 0x50, 0x72, 0x6f, 0x6a, 0x14, 0x00, 0x80, 0x00, 0x04, 0x00, 0x00, 0x00, 0x00, 0x00, // atProj..........
	0x0a, 0x6d, 0x61, 0x74, 0x50, 0x72, 0x6f, 0x6a, 0x49, 0x6e, 0x76, 0x14, 0x00, 0xc0, 0x00, 0x04, // .matProjInv.....
	0x00, 0x00, 0x00, 0x00, 0x00, 0x0a, 0x77, 0x5f, 0x68, 0x5f, 0x68, 0x65, 0x69, 0x67, 0x68, 0x74, // ......w_h_height
	0x12, 0x00, 0x00, 0x01, 0x01, 0x00, 0x00, 0x00, 0x00, 0x00, 0x0f, 0x74, 0x65, 0x78, 0x5f, 0x66, // ...........tex_f
	0x62, 0x5f, 0x66, 0x69, 0x6c, 0x74, 0x65, 0x72, 0x65, 0x64, 0x30, 0x01, 0x00, 0x00, 0x01, 0x00, // b_filtered0.....
	0x00, 0x00, 0x00, 0x00, 0x09, 0x74, 0x65, 0x78, 0x5f, 0x62, 0x6c, 0x6f, 0x6f, 0x6d, 0x30, 0x01, // .....tex_bloom0.
	0x01, 0x00, 0x01, 0x00, 0x00, 0x00, 0x00, 0x00, 0x09, 0x74, 0x65, 0x78, 0x5f, 0x64, 0x65, 0x70, // .........tex_dep
	0x74, 0x68, 0x30, 0x01, 0x04, 0x00, 0x01, 0x00, 0x00, 0x00, 0x00, 0x00, 0x34, 0x0a, 0x00, 0x00, // th0.........4...
	0x44, 0x58, 0x42, 0x43, 0x2d, 0x70, 0x1f, 0xe8, 0x44, 0x2a, 0x21, 0xc8, 0x1f, 0x56, 0x46, 0x7a, // DXBC-p..D*!..VFz
	0x37, 0xd4, 0x94, 0xb3, 0x01, 0x00, 0x00, 0x00, 0x34, 0x0a, 0x00, 0x00, 0x03, 0x00, 0x00, 0x00, // 7.......4.......
	0x2c, 0x00, 0x00, 0x00, 0x84, 0x00, 0x00, 0x00, 0xb8, 0x00, 0x00, 0x00, 0x49, 0x53, 0x47, 0x4e, // ,...........ISGN
	0x50, 0x00, 0x00, 0x00, 0x02, 0x00, 0x00, 0x00, 0x08, 0x00, 0x00, 0x00, 0x38, 0x00, 0x00, 0x00, // P...........8...
	0x00, 0x00, 0x00, 0x00, 0x01, 0x00, 0x00, 0x00, 0x03, 0x00, 0x00, 0x00, 0x00, 0x00, 0x00, 0x00, // ................
	0x0f, 0x00, 0x00, 0x00, 0x44, 0x00, 0x00, 0x00, 0x00, 0x00, 0x00, 0x00, 0x00, 0x00, 0x00, 0x00, // ....D...........
	0x03, 0x00, 0x00, 0x00, 0x01, 0x00, 0x00, 0x00, 0x03, 0x03, 0x00, 0x00, 0x53, 0x56, 0x5f, 0x50, // ............SV_P
	0x4f, 0x53, 0x49, 0x54, 0x49, 0x4f, 0x4e, 0x00, 0x54, 0x45, 0x58, 0x43, 0x4f, 0x4f, 0x52, 0x44, // OSITION.TEXCOORD
	0x00, 0xab, 0xab, 0xab, 0x4f, 0x53, 0x47, 0x4e, 0x2c, 0x00, 0x00, 0x00, 0x01, 0x00, 0x00, 0x00, // ....OSGN,.......
	0x08, 0x00, 0x00, 0x00, 0x20, 0x00, 0x00, 0x00, 0x00, 0x00, 0x00, 0x00, 0x00, 0x00, 0x00, 0x00, // .... ...........
	0x03, 0x00, 0x00, 0x00, 0x00, 0x00, 0x00, 0x00, 0x0f, 0x00, 0x00, 0x00, 0x53, 0x56, 0x5f, 0x54, // ............SV_T
	0x41, 0x52, 0x47, 0x45, 0x54, 0x00, 0xab, 0xab, 0x53, 0x48, 0x45, 0x58, 0x74, 0x09, 0x00, 0x00, // ARGET...SHEXt...
	0x50, 0x00, 0x00, 0x00, 0x5d, 0x02, 0x00, 0x00, 0x6a, 0x08, 0x00, 0x01, 0x59, 0x00, 0x00, 0x04, // P...]...j...Y...
	0x46, 0x8e, 0x20, 0x00, 0x00, 0x00, 0x00, 0x00, 0x11, 0x00, 0x00, 0x00, 0x5a, 0x00, 0x00, 0x03, // F. .........Z...
	0x00, 0x60, 0x10, 0x00, 0x00, 0x00, 0x00, 0x00, 0x5a, 0x00, 0x00, 0x03, 0x00, 0x60, 0x10, 0x00, // .`......Z....`..
	0x01, 0x00, 0x00, 0x00, 0x5a, 0x00, 0x00, 0x03, 0x00, 0x60, 0x10, 0x00, 0x04, 0x00, 0x00, 0x00, // ....Z....`......
	0x58, 0x18, 0x00, 0x04, 0x00, 0x70, 0x10, 0x00, 0x00, 0x00, 0x00, 0x00, 0x55, 0x55, 0x00, 0x00, // X....p......UU..
	0x58, 0x18, 0x00, 0x04, 0x00, 0x70, 0x10, 0x00, 0x01, 0x00, 0x00, 0x00, 0x55, 0x55, 0x00, 0x00, // X....p......UU..
	0x58, 0x18, 0x00, 0x04, 0x00, 0x70, 0x10, 0x00, 0x04, 0x00, 0x00, 0x00, 0x55, 0x55, 0x00, 0x00, // X....p......UU..
	0x62, 0x10, 0x00, 0x03, 0x32, 0x10, 0x10, 0x00, 0x01, 0x00, 0x00, 0x00, 0x65, 0x00, 0x00, 0x03, // b...2.......e...
	0xf2, 0x20, 0x10, 0x00, 0x00, 0x00, 0x00, 0x00, 0x68, 0x00, 0x00, 0x02, 0x08, 0x00, 0x00, 0x00, // . ......h.......
	0x48, 0x00, 0x00, 0x8d, 0xc2, 0x00, 0x00, 0x80, 0x43, 0x55, 0x15, 0x00, 0x12, 0x00, 0x10, 0x00, // H.......CU......
	0x00, 0x00, 0x00, 0x00, 0x46, 0x10, 0x10, 0x00, 0x01, 0x00, 0x00, 0x00, 0x46, 0x7e, 0x10, 0x00, // ....F.......F~..
	0x04, 0x00, 0x00, 0x00, 0x00, 0x60, 0x10, 0x00, 0x04, 0x00, 0x00, 0x00, 0x01, 0x40, 0x00, 0x00, // .....`.......@..
	0x00, 0x00, 0x00, 0x00, 0x32, 0x00, 0x00, 0x09, 0x22, 0x00, 0x10, 0x00, 0x00, 0x00, 0x00, 0x00, // ....2...".......
	0x0a, 0x10, 0x10, 0x00, 0x01, 0x00, 0x00, 0x00, 0x01, 0x40, 0x00, 0x00, 0x00, 0x00, 0x00, 0x40, // .........@.....@
	0x01, 0x40, 0x00, 0x00, 0x00, 0x00, 0x80, 0xbf, 0x32, 0x00, 0x00, 0x0a, 0x42, 0x00, 0x10, 0x00, // .@......2...B...
	0x00, 0x00, 0x00, 0x00, 0x1a, 0x10, 0x10, 0x80, 0x41, 0x00, 0x00, 0x00, 0x01, 0x00, 0x00, 0x00, // ........A.......
	0x01, 0x40, 0x00, 0x00, 0x00, 0x00, 0x00, 0x40, 0x01, 0x40, 0x00, 0x00, 0x00, 0x00, 0x80, 0x3f, // .@.....@.@.....?
	0x38, 0x00, 0x00, 0x08, 0xf2, 0x00, 0x10, 0x00, 0x01, 0x00, 0x00, 0x00, 0xa6, 0x0a, 0x10, 0x00, // 8...............
	0x00, 0x00, 0x00, 0x00, 0x46, 0x8e, 0x20, 0x00, 0x00, 0x00, 0x00, 0x00, 0x0d, 0x00, 0x00, 0x00, // ....F. .........
	0x32, 0x00, 0x00, 0x0a, 0xf2, 0x00, 0x10, 0x00, 0x01, 0x00, 0x00, 0x00, 0x46, 0x8e, 0x20, 0x00, // 2...........F. .
	0x00, 0x00, 0x00, 0x00, 0x0c, 0x00, 0x00, 0x00, 0x56, 0x05, 0x10, 0x00, 0x00, 0x00, 0x00, 0x00, // ........V.......
	0x46, 0x0e, 0x10, 0x00, 0x01, 0x00, 0x00, 0x00, 0x32, 0x00, 0x00, 0x0a, 0xf2, 0x00, 0x10, 0x00, // F.......2.......
	0x00, 0x00, 0x00, 0x00, 0x46, 0x8e, 0x20, 0x00, 0x00, 0x00, 0x00, 0x00, 0x0e, 0x00, 0x00, 0x00, // ....F. .........
	0x06, 0x00, 0x10, 0x00, 0x00, 0x00, 0x00, 0x00, 0x46, 0x0e, 0x10, 0x00, 0x01, 0x00, 0x00, 0x00, // ........F.......
	0x00, 0x00, 0x00, 0x08, 0xf2, 0x00, 0x10, 0x00, 0x00, 0x00, 0x00, 0x00, 0x46, 0x0e, 0x10, 0x00, // ............F...
	0x00, 0x00, 0x00, 0x00, 0x46, 0x8e, 0x20, 0x00, 0x00, 0x00, 0x00, 0x00, 0x0f, 0x00, 0x00, 0x00, // ....F. .........
	0x0e, 0x00, 0x00, 0x07, 0x72, 0x00, 0x10, 0x00, 0x00, 0x00, 0x00, 0x00, 0x46, 0x02, 0x10, 0x00, // ....r.......F...
	0x00, 0x00, 0x00, 0x00, 0xf6, 0x0f, 0x10, 0x00, 0x00, 0x00, 0x00, 0x00, 0x10, 0x00, 0x00, 0x07, // ................
	0x82, 0x00, 0x10, 0x00, 0x00, 0x00, 0x00, 0x00, 0x46, 0x02, 0x10, 0x00, 0x00, 0x00, 0x00, 0x00, // ........F.......
	0x46, 0x02, 0x10, 0x00, 0x00, 0x00, 0x00, 0x00, 0x44, 0x00, 0x00, 0x05, 0x82, 0x00, 0x10, 0x00, // F.......D.......
	0x00, 0x00, 0x00, 0x00, 0x3a, 0x00, 0x10, 0x00, 0x00, 0x00, 0x00, 0x00, 0x38, 0x00, 0x00, 0x07, // ....:.......8...
	0xb2, 0x00, 0x10, 0x00, 0x00, 0x00, 0x00, 0x00, 0xf6, 0x0f, 0x10, 0x00, 0x00, 0x00, 0x00, 0x00, // ................
	0x46, 0x08, 0x10, 0x00, 0x00, 0x00, 0x00, 0x00, 0x38, 0x00, 0x00, 0x09, 0x12, 0x00, 0x10, 0x00, // F.......8.......
	0x01, 0x00, 0x00, 0x00, 0x3a, 0x80, 0x20, 0x00, 0x00, 0x00, 0x00, 0x00, 0x00, 0x00, 0x00, 0x00, // ....:. .........
	0x3a, 0x80, 0x20, 0x00, 0x00, 0x00, 0x00, 0x00, 0x00, 0x00, 0x00, 0x00, 0x48, 0x00, 0x00, 0x8d, // :. .........H...
	0xc2, 0x00, 0x00, 0x80, 0x43, 0x55, 0x15, 0x00, 0xe2, 0x00, 0x10, 0x00, 0x01, 0x00, 0x00, 0x00, // ....CU..........
	0x46, 0x10, 0x10, 0x00, 0x01, 0x00, 0x00, 0x00, 0x36, 0x79, 0x10, 0x00, 0x00, 0x00, 0x00, 0x00, // F.......6y......
	0x00, 0x60, 0x10, 0x00, 0x00, 0x00, 0x00, 0x00, 0x01, 0x40, 0x00, 0x00, 0x00, 0x00, 0x00, 0x00, // .`.......@......
	0x10, 0x00, 0x00, 0x08, 0x12, 0x00, 0x10, 0x00, 0x02, 0x00, 0x00, 0x00, 0x46, 0x03, 0x10, 0x00, // ............F...
	0x00, 0x00, 0x00, 0x00, 0x46, 0x82, 0x20, 0x00, 0x00, 0x00, 0x00, 0x00, 0x00, 0x00, 0x00, 0x00, // ....F. .........
	0x10, 0x00, 0x00, 0x09, 0x22, 0x00, 0x10, 0x00, 0x02, 0x00, 0x00, 0x00, 0x46, 0x82, 0x20, 0x00, // ....".......F. .
	0x00, 0x00, 0x00, 0x00, 0x00, 0x00, 0x00, 0x00, 0x46, 0x82, 0x20, 0x00, 0x00, 0x00, 0x00, 0x00, // ........F. .....
	0x00, 0x00, 0x00, 0x00, 0x32, 0x00, 0x00, 0x0a, 0x12, 0x00, 0x10, 0x00, 0x01, 0x00, 0x00, 0x00, // ....2...........
	0x0a, 0x00, 0x10, 0x80, 0x41, 0x00, 0x00, 0x00, 0x01, 0x00, 0x00, 0x00, 0x01, 0x40, 0x00, 0x00, // ....A........@..
	0x33, 0x33, 0x93, 0x3f, 0x1a, 0x00, 0x10, 0x00, 0x02, 0x00, 0x00, 0x00, 0x32, 0x00, 0x00, 0x0a, // 33.?........2...
	0x12, 0x00, 0x10, 0x00, 0x01, 0x00, 0x00, 0x00, 0x0a, 0x00, 0x10, 0x00, 0x02, 0x00, 0x00, 0x00, // ................
	0x0a, 0x00, 0x10, 0x00, 0x02, 0x00, 0x00, 0x00, 0x0a, 0x00, 0x10, 0x80, 0x41, 0x00, 0x00, 0x00, // ............A...
	0x01, 0x00, 0x00, 0x00, 0x31, 0x00, 0x00, 0x07, 0x22, 0x00, 0x10, 0x00, 0x02, 0x00, 0x00, 0x00, // ....1...".......
	0x0a, 0x00, 0x10, 0x00, 0x01, 0x00, 0x00, 0x00, 0x01, 0x40, 0x00, 0x00, 0x00, 0x00, 0x00, 0x00, // .........@......
	0x1f, 0x00, 0x04, 0x03, 0x1a, 0x00, 0x10, 0x00, 0x02, 0x00, 0x00, 0x00, 0x36, 0x00, 0x00, 0x05, // ............6...
	0xe2, 0x00, 0x10, 0x00, 0x02, 0x00, 0x00, 0x00, 0x56, 0x0e, 0x10, 0x00, 0x01, 0x00, 0x00, 0x00, // ........V.......
	0x12, 0x00, 0x00, 0x01, 0x4b, 0x00, 0x00, 0x05, 0x12, 0x00, 0x10, 0x00, 0x01, 0x00, 0x00, 0x00, // ....K...........
	0x0a, 0x00, 0x10, 0x00, 0x01, 0x00, 0x00, 0x00, 0x00, 0x00, 0x00, 0x08, 0x12, 0x00, 0x10, 0x00, // ................
	0x01, 0x00, 0x00, 0x00, 0x0a, 0x00, 0x10, 0x80, 0x41, 0x00, 0x00, 0x00, 0x01, 0x00, 0x00, 0x00, // ........A.......
	0x0a, 0x00, 0x10, 0x00, 0x02, 0x00, 0x00, 0x00, 0x32, 0x00, 0x00, 0x09, 0x12, 0x00, 0x10, 0x00, // ........2.......
	0x01, 0x00, 0x00, 0x00, 0x0a, 0x00, 0x10, 0x00, 0x01, 0x00, 0x00, 0x00, 0x3a, 0x00, 0x10, 0x00, // ............:...
	0x00, 0x00, 0x00, 0x00, 0x01, 0x40, 0x00, 0x00, 0x00, 0x00, 0x80, 0x3f, 0x31, 0x00, 0x00, 0x07, // .....@.....?1...
	0x42, 0x00, 0x10, 0x00, 0x00, 0x00, 0x00, 0x00, 0x0a, 0x00, 0x10, 0x00, 0x01, 0x00, 0x00, 0x00, // B...............
	0x2a, 0x00, 0x10, 0x00, 0x00, 0x00, 0x00, 0x00, 0x1f, 0x00, 0x04, 0x03, 0x2a, 0x00, 0x10, 0x00, // *...........*...
	0x00, 0x00, 0x00, 0x00, 0x36, 0x00, 0x00, 0x05, 0x72, 0x20, 0x10, 0x00, 0x00, 0x00, 0x00, 0x00, // ....6...r ......
	0x96, 0x07, 0x10, 0x00, 0x01, 0x00, 0x00, 0x00, 0x36, 0x00, 0x00, 0x05, 0x82, 0x20, 0x10, 0x00, // ........6.... ..
	0x00, 0x00, 0x00, 0x00, 0x01, 0x40, 0x00, 0x00, 0x00, 0x00, 0x80, 0x3f, 0x3e, 0x00, 0x00, 0x01, // .....@.....?>...
	0x15, 0x00, 0x00, 0x01, 0x48, 0x00, 0x00, 0x8d, 0xc2, 0x00, 0x00, 0x80, 0x43, 0x55, 0x15, 0x00, // ....H.......CU..
	0xe2, 0x00, 0x10, 0x00, 0x02, 0x00, 0x00, 0x00, 0x46, 0x10, 0x10, 0x00, 0x01, 0x00, 0x00, 0x00, // ........F.......
	0x36, 0x79, 0x10, 0x00, 0x01, 0x00, 0x00, 0x00, 0x00, 0x60, 0x10, 0x00, 0x01, 0x00, 0x00, 0x00, // 6y.......`......
	0x01, 0x40, 0x00, 0x00, 0x00, 0x00, 0x00, 0x00, 0x15, 0x00, 0x00, 0x01, 0x1b, 0x00, 0x00, 0x06, // .@..............
	0x42, 0x00, 0x10, 0x00, 0x00, 0x00, 0x00, 0x00, 0x3a, 0x80, 0x20, 0x00, 0x00, 0x00, 0x00, 0x00, // B.......:. .....
	0x10, 0x00, 0x00, 0x00, 0x00, 0x00, 0x00, 0x0a, 0x72, 0x00, 0x10, 0x00, 0x03, 0x00, 0x00, 0x00, // ........r.......
	0x46, 0x82, 0x20, 0x00, 0x00, 0x00, 0x00, 0x00, 0x00, 0x00, 0x00, 0x00, 0x46, 0x82, 0x20, 0x80, // F. .........F. .
	0x41, 0x00, 0x00, 0x00, 0x00, 0x00, 0x00, 0x00, 0x01, 0x00, 0x00, 0x00, 0x36, 0x00, 0x00, 0x05, // A...........6...
	0x72, 0x00, 0x10, 0x00, 0x04, 0x00, 0x00, 0x00, 0x96, 0x07, 0x10, 0x00, 0x01, 0x00, 0x00, 0x00, // r...............
	0x36, 0x00, 0x00, 0x05, 0x12, 0x00, 0x10, 0x00, 0x01, 0x00, 0x00, 0x00, 0x01, 0x40, 0x00, 0x00, // 6............@..
	0x01, 0x00, 0x00, 0x00, 0x30, 0x00, 0x00, 0x01, 0x21, 0x00, 0x00, 0x07, 0x12, 0x00, 0x10, 0x00, // ....0...!.......
	0x02, 0x00, 0x00, 0x00, 0x0a, 0x00, 0x10, 0x00, 0x01, 0x00, 0x00, 0x00, 0x2a, 0x00, 0x10, 0x00, // ............*...
	0x00, 0x00, 0x00, 0x00, 0x03, 0x00, 0x04, 0x03, 0x0a, 0x00, 0x10, 0x00, 0x02, 0x00, 0x00, 0x00, // ................
	0x2b, 0x00, 0x00, 0x05, 0x12, 0x00, 0x10, 0x00, 0x02, 0x00, 0x00, 0x00, 0x0a, 0x00, 0x10, 0x00, // +...............
	0x01, 0x00, 0x00, 0x00, 0x0e, 0x00, 0x00, 0x08, 0x12, 0x00, 0x10, 0x00, 0x02, 0x00, 0x00, 0x00, // ................
	0x0a, 0x00, 0x10, 0x00, 0x02, 0x00, 0x00, 0x00, 0x3a, 0x80, 0x20, 0x00, 0x00, 0x00, 0x00, 0x00, // ........:. .....
	0x10, 0x00, 0x00, 0x00, 0x32, 0x00, 0x00, 0x0a, 0x72, 0x00, 0x10, 0x00, 0x05, 0x00, 0x00, 0x00, // ....2...r.......
	0x06, 0x00, 0x10, 0x00, 0x02, 0x00, 0x00, 0x00, 0x46, 0x02, 0x10, 0x00, 0x03, 0x00, 0x00, 0x00, // ........F.......
	0x46, 0x82, 0x20, 0x00, 0x00, 0x00, 0x00, 0x00, 0x01, 0x00, 0x00, 0x00, 0x10, 0x00, 0x00, 0x07, // F. .............
	0x82, 0x00, 0x10, 0x00, 0x03, 0x00, 0x00, 0x00, 0x46, 0x03, 0x10, 0x00, 0x00, 0x00, 0x00, 0x00, // ........F.......
	0x46, 0x02, 0x10, 0x00, 0x05, 0x00, 0x00, 0x00, 0x10, 0x00, 0x00, 0x07, 0x82, 0x00, 0x10, 0x00, // F...............
	0x04, 0x00, 0x00, 0x00, 0x46, 0x02, 0x10, 0x00, 0x05, 0x00, 0x00, 0x00, 0x46, 0x02, 0x10, 0x00, // ....F.......F...
	0x05, 0x00, 0x00, 0x00, 0x32, 0x00, 0x00, 0x0c, 0x82, 0x00, 0x10, 0x00, 0x04, 0x00, 0x00, 0x00, // ....2...........
	0x3a, 0x80, 0x20, 0x80, 0x41, 0x00, 0x00, 0x00, 0x00, 0x00, 0x00, 0x00, 0x00, 0x00, 0x00, 0x00, // :. .A...........
	0x3a, 0x80, 0x20, 0x00, 0x00, 0x00, 0x00, 0x00, 0x00, 0x00, 0x00, 0x00, 0x3a, 0x00, 0x10, 0x00, // :. .........:...
	0x04, 0x00, 0x00, 0x00, 0x32, 0x00, 0x00, 0x0a, 0x82, 0x00, 0x10, 0x00, 0x04, 0x00, 0x00, 0x00, // ....2...........
	0x3a, 0x00, 0x10, 0x00, 0x03, 0x00, 0x00, 0x00, 0x3a, 0x00, 0x10, 0x00, 0x03, 0x00, 0x00, 0x00, // :.......:.......
	0x3a, 0x00, 0x10, 0x80, 0x41, 0x00, 0x00, 0x00, 0x04, 0x00, 0x00, 0x00, 0x31, 0x00, 0x00, 0x07, // :...A.......1...
	0x82, 0x00, 0x10, 0x00, 0x05, 0x00, 0x00, 0x00, 0x3a, 0x00, 0x10, 0x00, 0x04, 0x00, 0x00, 0x00, // ........:.......
	0x01, 0x40, 0x00, 0x00, 0x00, 0x00, 0x00, 0x00, 0x1f, 0x00, 0x04, 0x03, 0x3a, 0x00, 0x10, 0x00, // .@..........:...
	0x05, 0x00, 0x00, 0x00, 0x00, 0x00, 0x00, 0x07, 0x72, 0x00, 0x10, 0x00, 0x04, 0x00, 0x00, 0x00, // ........r.......
	0x96, 0x07, 0x10, 0x00, 0x02, 0x00, 0x00, 0x00, 0x46, 0x02, 0x10, 0x00, 0x04, 0x00, 0x00, 0x00, // ........F.......
	0x12, 0x00, 0x00, 0x01, 0x4b, 0x00, 0x00, 0x05, 0x82, 0x00, 0x10, 0x00, 0x04, 0x00, 0x00, 0x00, // ....K...........
	0x3a, 0x00, 0x10, 0x00, 0x04, 0x00, 0x00, 0x00, 0x00, 0x00, 0x00, 0x08, 0x82, 0x00, 0x10, 0x00, // :...............
	0x03, 0x00, 0x00, 0x00, 0x3a, 0x00, 0x10, 0x00, 0x03, 0x00, 0x00, 0x00, 0x3a, 0x00, 0x10, 0x80, // ....:.......:...
	0x41, 0x00, 0x00, 0x00, 0x04, 0x00, 0x00, 0x00, 0x32, 0x00, 0x00, 0x0a, 0x72, 0x00, 0x10, 0x00, // A.......2...r...
	0x05, 0x00, 0x00, 0x00, 0xf6, 0x0f, 0x10, 0x00, 0x03, 0x00, 0x00, 0x00, 0x46, 0x03, 0x10, 0x00, // ............F...
	0x00, 0x00, 0x00, 0x00, 0x46, 0x02, 0x10, 0x80, 0x41, 0x00, 0x00, 0x00, 0x05, 0x00, 0x00, 0x00, // ....F...A.......
	0x00, 0x00, 0x00, 0x08, 0x72, 0x00, 0x10, 0x00, 0x06, 0x00, 0x00, 0x00, 0x46, 0x02, 0x10, 0x00, // ....r.......F...
	0x05, 0x00, 0x00, 0x00, 0x46, 0x82, 0x20, 0x00, 0x00, 0x00, 0x00, 0x00, 0x01, 0x00, 0x00, 0x00, // ....F. .........
	0x38, 0x00, 0x00, 0x08, 0x72, 0x00, 0x10, 0x00, 0x07, 0x00, 0x00, 0x00, 0x56, 0x05, 0x10, 0x00, // 8...r.......V...
	0x06, 0x00, 0x00, 0x00, 0x46, 0x83, 0x20, 0x00, 0x00, 0x00, 0x00, 0x00, 0x09, 0x00, 0x00, 0x00, // ....F. .........
	0x32, 0x00, 0x00, 0x0a, 0xb2, 0x00, 0x10, 0x00, 0x06, 0x00, 0x00, 0x00, 0x46, 0x8c, 0x20, 0x00, // 2...........F. .
	0x00, 0x00, 0x00, 0x00, 0x08, 0x00, 0x00, 0x00, 0x06, 0x00, 0x10, 0x00, 0x06, 0x00, 0x00, 0x00, // ................
	0x46, 0x08, 0x10, 0x00, 0x07, 0x00, 0x00, 0x00, 0x32, 0x00, 0x00, 0x0a, 0x72, 0x00, 0x10, 0x00, // F.......2...r...
	0x06, 0x00, 0x00, 0x00, 0x46, 0x83, 0x20, 0x00, 0x00, 0x00, 0x00, 0x00, 0x0a, 0x00, 0x00, 0x00, // ....F. .........
	0xa6, 0x0a, 0x10, 0x00, 0x06, 0x00, 0x00, 0x00, 0x46, 0x03, 0x10, 0x00, 0x06, 0x00, 0x00, 0x00, // ........F.......
	0x00, 0x00, 0x00, 0x08, 0x72, 0x00, 0x10, 0x00, 0x06, 0x00, 0x00, 0x00, 0x46, 0x02, 0x10, 0x00, // ....r.......F...
	0x06, 0x00, 0x00, 0x00, 0x46, 0x83, 0x20, 0x00, 0x00, 0x00, 0x00, 0x00, 0x0b, 0x00, 0x00, 0x00, // ....F. .........
	0x00, 0x00, 0x00, 0x08, 0x72, 0x00, 0x10, 0x00, 0x05, 0x00, 0x00, 0x00, 0x46, 0x02, 0x10, 0x00, // ....r.......F...
	0x05, 0x00, 0x00, 0x00, 0x46, 0x82, 0x20, 0x00, 0x00, 0x00, 0x00, 0x00, 0x00, 0x00, 0x00, 0x00, // ....F. .........
	0x38, 0x00, 0x00, 0x08, 0x72, 0x00, 0x10, 0x00, 0x07, 0x00, 0x00, 0x00, 0x56, 0x05, 0x10, 0x00, // 8...r.......V...
	0x05, 0x00, 0x00, 0x00, 0x46, 0x83, 0x20, 0x00, 0x00, 0x00, 0x00, 0x00, 0x09, 0x00, 0x00, 0x00, // ....F. .........
	0x32, 0x00, 0x00, 0x0a, 0xb2, 0x00, 0x10, 0x00, 0x05, 0x00, 0x00, 0x00, 0x46, 0x8c, 0x20, 0x00, // 2...........F. .
	0x00, 0x00, 0x00, 0x00, 0x08, 0x00, 0x00, 0x00, 0x06, 0x00, 0x10, 0x00, 0x05, 0x00, 0x00, 0x00, // ................
	0x46, 0x08, 0x10, 0x00, 0x07, 0x00, 0x00, 0x00, 0x32, 0x00, 0x00, 0x0a, 0x72, 0x00, 0x10, 0x00, // F.......2...r...
	0x05, 0x00, 0x00, 0x00, 0x46, 0x83, 0x20, 0x00, 0x00, 0x00, 0x00, 0x00, 0x0a, 0x00, 0x00, 0x00, // ....F. .........
	0xa6, 0x0a, 0x10, 0x00, 0x05, 0x00, 0x00, 0x00, 0x46, 0x03, 0x10, 0x00, 0x05, 0x00, 0x00, 0x00, // ........F.......
	0x00, 0x00, 0x00, 0x08, 0x72, 0x00, 0x10, 0x00, 0x05, 0x00, 0x00, 0x00, 0x46, 0x02, 0x10, 0x00, // ....r.......F...
	0x05, 0x00, 0x00, 0x00, 0x46, 0x83, 0x20, 0x00, 0x00, 0x00, 0x00, 0x00, 0x0b, 0x00, 0x00, 0x00, // ....F. .........
	0x0e, 0x00, 0x00, 0x07, 0x32, 0x00, 0x10, 0x00, 0x06, 0x00, 0x00, 0x00, 0x46, 0x00, 0x10, 0x00, // ....2.......F...
	0x06, 0x00, 0x00, 0x00, 0xa6, 0x0a, 0x10, 0x00, 0x06, 0x00, 0x00, 0x00, 0x0e, 0x00, 0x00, 0x07, // ................
	0x32, 0x00, 0x10, 0x00, 0x05, 0x00, 0x00, 0x00, 0x46, 0x00, 0x10, 0x00, 0x05, 0x00, 0x00, 0x00, // 2.......F.......
	0xa6, 0x0a, 0x10, 0x00, 0x05, 0x00, 0x00, 0x00, 0x32, 0x00, 0x00, 0x0f, 0xc2, 0x00, 0x10, 0x00, // ........2.......
	0x05, 0x00, 0x00, 0x00, 0x06, 0x04, 0x10, 0x00, 0x06, 0x00, 0x00, 0x00, 0x02, 0x40, 0x00, 0x00, // .............@..
	0x00, 0x00, 0x00, 0x00, 0x00, 0x00, 0x00, 0x00, 0x00, 0x00, 0x00, 0x3f, 0x00, 0x00, 0x00, 0xbf, // ...........?....
	0x02, 0x40, 0x00, 0x00, 0x00, 0x00, 0x00, 0x00, 0x00, 0x00, 0x00, 0x00, 0x00, 0x00, 0x00, 0x3f, // .@.............?
	0x00, 0x00, 0x00, 0x3f, 0x48, 0x00, 0x00, 0x8d, 0xc2, 0x00, 0x00, 0x80, 0x43, 0x55, 0x15, 0x00, // ...?H.......CU..
	0x72, 0x00, 0x10, 0x00, 0x06, 0x00, 0x00, 0x00, 0xe6, 0x0a, 0x10, 0x00, 0x05, 0x00, 0x00, 0x00, // r...............
	0x46, 0x7e, 0x10, 0x00, 0x01, 0x00, 0x00, 0x00, 0x00, 0x60, 0x10, 0x00, 0x01, 0x00, 0x00, 0x00, // F~.......`......
	0x01, 0x40, 0x00, 0x00, 0x00, 0x00, 0x00, 0x00, 0x32, 0x00, 0x00, 0x0f, 0x32, 0x00, 0x10, 0x00, // .@......2...2...
	0x05, 0x00, 0x00, 0x00, 0x46, 0x00, 0x10, 0x00, 0x05, 0x00, 0x00, 0x00, 0x02, 0x40, 0x00, 0x00, // ....F........@..
	0x00, 0x00, 0x00, 0x3f, 0x00, 0x00, 0x00, 0xbf, 0x00, 0x00, 0x00, 0x00, 0x00, 0x00, 0x00, 0x00, // ...?............
	0x02, 0x40, 0x00, 0x00, 0x00, 0x00, 0x00, 0x3f, 0x00, 0x00, 0x00, 0x3f, 0x00, 0x00, 0x00, 0x00, // .@.....?...?....
	0x00, 0x00, 0x00, 0x00, 0x48, 0x00, 0x00, 0x8d, 0xc2, 0x00, 0x00, 0x80, 0x43, 0x55, 0x15, 0x00, // ....H.......CU..
	0x72, 0x00, 0x10, 0x00, 0x05, 0x00, 0x00, 0x00, 0x46, 0x00, 0x10, 0x00, 0x05, 0x00, 0x00, 0x00, // r.......F.......
	0x46, 0x7e, 0x10, 0x00, 0x00, 0x00, 0x00, 0x00, 0x00, 0x60, 0x10, 0x00, 0x00, 0x00, 0x00, 0x00, // F~.......`......
	0x01, 0x40, 0x00, 0x00, 0x00, 0x00, 0x00, 0x00, 0x00, 0x00, 0x00, 0x08, 0x72, 0x00, 0x10, 0x00, // .@..........r...
	0x05, 0x00, 0x00, 0x00, 0x46, 0x02, 0x10, 0x80, 0x41, 0x00, 0x00, 0x00, 0x06, 0x00, 0x00, 0x00, // ....F...A.......
	0x46, 0x02, 0x10, 0x00, 0x05, 0x00, 0x00, 0x00, 0x32, 0x00, 0x00, 0x09, 0x72, 0x00, 0x10, 0x00, // F.......2...r...
	0x05, 0x00, 0x00, 0x00, 0x06, 0x00, 0x10, 0x00, 0x02, 0x00, 0x00, 0x00, 0x46, 0x02, 0x10, 0x00, // ............F...
	0x05, 0x00, 0x00, 0x00, 0x46, 0x02, 0x10, 0x00, 0x06, 0x00, 0x00, 0x00, 0x00, 0x00, 0x00, 0x07, // ....F...........
	0x72, 0x00, 0x10, 0x00, 0x04, 0x00, 0x00, 0x00, 0x46, 0x02, 0x10, 0x00, 0x04, 0x00, 0x00, 0x00, // r.......F.......
	0x46, 0x02, 0x10, 0x00, 0x05, 0x00, 0x00, 0x00, 0x15, 0x00, 0x00, 0x01, 0x1e, 0x00, 0x00, 0x07, // F...............
	0x12, 0x00, 0x10, 0x00, 0x01, 0x00, 0x00, 0x00, 0x0a, 0x00, 0x10, 0x00, 0x01, 0x00, 0x00, 0x00, // ................
	0x01, 0x40, 0x00, 0x00, 0x01, 0x00, 0x00, 0x00, 0x16, 0x00, 0x00, 0x01, 0x0e, 0x00, 0x00, 0x08, // .@..............
	0x72, 0x20, 0x10, 0x00, 0x00, 0x00, 0x00, 0x00, 0x46, 0x02, 0x10, 0x00, 0x04, 0x00, 0x00, 0x00, // r ......F.......
	0xf6, 0x8f, 0x20, 0x00, 0x00, 0x00, 0x00, 0x00, 0x10, 0x00, 0x00, 0x00, 0x36, 0x00, 0x00, 0x05, // .. .........6...
	0x82, 0x20, 0x10, 0x00, 0x00, 0x00, 0x00, 0x00, 0x01, 0x40, 0x00, 0x00, 0x00, 0x00, 0x80, 0x3f, // . .......@.....?
	0x3e, 0x00, 0x00, 0x01, 0x00, 0x00, 0x10, 0x01,                                                 // >.......
};
static const uint8_t fs_pp_motionblur_dxil[4344] =
{
	0x46, 0x53, 0x48, 0x0b, 0x6f, 0x1e, 0x3e, 0x3c, 0x00, 0x00, 0x00, 0x00, 0x07, 0x00, 0x05, 0x62, // FSH.o.><.......b
	0x61, 0x6c, 0x6c, 0x73, 0x12, 0x08, 0x00, 0x00, 0x08, 0x00, 0x00, 0x00, 0x00, 0x00, 0x07, 0x6d, // alls...........m
	0x61, 0x74, 0x50, 0x72, 0x6f, 0x6a, 0x14, 0x00, 0x80, 0x00, 0x04, 0x00, 0x00, 0x00, 0x00, 0x00, // atProj..........
	0x0a, 0x6d, 0x61, 0x74, 0x50, 0x72, 0x6f, 0x6a, 0x49, 0x6e, 0x76, 0x14, 0x00, 0xc0, 0x00, 0x04, // .matProjInv.....
	0x00, 0x00, 0x00, 0x00, 0x00, 0x0a, 0x77, 0x5f, 0x68, 0x5f, 0x68, 0x65, 0x69, 0x67, 0x68, 0x74, // ......w_h_height
	0x12, 0x00, 0x00, 0x01, 0x01, 0x00, 0x00, 0x00, 0x00, 0x00, 0x0f, 0x74, 0x65, 0x78, 0x5f, 0x66, // ...........tex_f
	0x62, 0x5f, 0x66, 0x69, 0x6c, 0x74, 0x65, 0x72, 0x65, 0x64, 0x30, 0x01, 0x00, 0x00, 0x01, 0x00, // b_filtered0.....
	0x00, 0x00, 0x00, 0x00, 0x09, 0x74, 0x65, 0x78, 0x5f, 0x62, 0x6c, 0x6f, 0x6f, 0x6d, 0x30, 0x01, // .....tex_bloom0.
	0x01, 0x00, 0x01, 0x00, 0x00, 0x00, 0x00, 0x00, 0x09, 0x74, 0x65, 0x78, 0x5f, 0x64, 0x65, 0x70, // .........tex_dep
	0x74, 0x68, 0x30, 0x01, 0x04, 0x00, 0x01, 0x00, 0x00, 0x00, 0x00, 0x00, 0x54, 0x10, 0x00, 0x00, // th0.........T...
	0x44, 0x58, 0x42, 0x43, 0xda, 0x86, 0x9a, 0x94, 0xbd, 0xd4, 0xa8, 0x17, 0xcb, 0xff, 0x43, 0x52, // DXBC..........CR
	0x03, 0xd4, 0x1d, 0xe4, 0x01, 0x00, 0x00, 0x00, 0x54, 0x10, 0x00, 0x00, 0x07, 0x00, 0x00, 0x00, // ........T.......
	0x3c, 0x00, 0x00, 0x00, 0x4c, 0x00, 0x00, 0x00, 0xb4, 0x00, 0x00, 0x00, 0xf0, 0x00, 0x00, 0x00, // <...L...........
	0x54, 0x02, 0x00, 0x00, 0x88, 0x02, 0x00, 0x00, 0xa4, 0x02, 0x00, 0x00, 0x53, 0x46, 0x49, 0x30, // T...........SFI0
	0x08, 0x00, 0x00, 0x00, 0x00, 0x00, 0x00, 0x00, 0x00, 0x00, 0x00, 0x00, 0x49, 0x53, 0x47, 0x31, // ............ISG1
	0x60, 0x00, 0x00, 0x00, 0x02, 0x00, 0x00, 0x00, 0x08, 0x00, 0x00, 0x00, 0x00, 0x00, 0x00, 0x00, // `...............
	0x48, 0x00, 0x00, 0x00, 0x00, 0x00, 0x00, 0x00, 0x01, 0x00, 0x00, 0x00, 0x03, 0x00, 0x00, 0x00, // H...............
	0x00, 0x00, 0x00, 0x00, 0x0f, 0x00, 0x00, 0x00, 0x00, 0x00, 0x00, 0x00, 0x00, 0x00, 0x00, 0x00, // ................
	0x54, 0x00, 0x00, 0x00, 0x00, 0x00, 0x00, 0x00, 0x00, 0x00, 0x00, 0x00, 0x03, 0x00, 0x00, 0x00, // T...............
	0x01, 0x00, 0x00, 0x00, 0x03, 0x03, 0x00, 0x00, 0x00, 0x00, 0x00, 0x00, 0x53, 0x56, 0x5f, 0x50, // ............SV_P
	0x6f, 0x73, 0x69, 0x74, 0x69, 0x6f, 0x6e, 0x00, 0x54, 0x45, 0x58, 0x43, 0x4f, 0x4f, 0x52, 0x44, // osition.TEXCOORD
	0x00, 0x00, 0x00, 0x00, 0x4f, 0x53, 0x47, 0x31, 0x34, 0x00, 0x00, 0x00, 0x01, 0x00, 0x00, 0x00, // ....OSG14.......
	0x08, 0x00, 0x00, 0x00, 0x00, 0x00, 0x00, 0x00, 0x28, 0x00, 0x00, 0x00, 0x00, 0x00, 0x00, 0x00, // ........(.......
	0x40, 0x00, 0x00, 0x00, 0x03, 0x00, 0x00, 0x00, 0x00, 0x00, 0x00, 0x00, 0x0f, 0x00, 0x00, 0x00, // @...............
	0x00, 0x00, 0x00, 0x00, 0x53, 0x56, 0x5f, 0x54, 0x61, 0x72, 0x67, 0x65, 0x74, 0x00, 0x00, 0x00, // ....SV_Target...
	0x50, 0x53, 0x56, 0x30, 0x5c, 0x01, 0x00, 0x00, 0x38, 0x00, 0x00, 0x00, 0x00, 0x00, 0x00, 0x00, // PSV0....8.......
	0x00, 0x00, 0x00, 0x00, 0x00, 0x00, 0x00, 0x00, 0x00, 0x00, 0x00, 0x00, 0x00, 0x00, 0x00, 0x00, // ................
	0xff, 0xff, 0xff, 0xff, 0x00, 0x00, 0x00, 0x00, 0x02, 0x01, 0x00, 0x02, 0x01, 0x00, 0x00, 0x00, // ................
	0x00, 0x00, 0x00, 0x00, 0x00, 0x00, 0x00, 0x00, 0x00, 0x00, 0x00, 0x00, 0x0a, 0x00, 0x00, 0x00, // ................
	0x00, 0x00, 0x00, 0x00, 0x07, 0x00, 0x00, 0x00, 0x18, 0x00, 0x00, 0x00, 0x02, 0x00, 0x00, 0x00, // ................
	0x00, 0x00, 0x00, 0x00, 0x00, 0x00, 0x00, 0x00, 0x00, 0x00, 0x00, 0x00, 0x0d, 0x00, 0x00, 0x00, // ................
	0x00, 0x00, 0x00, 0x00, 0x01, 0x00, 0x00, 0x00, 0x00, 0x00, 0x00, 0x00, 0x00, 0x00, 0x00, 0x00, // ................
	0x00, 0x00, 0x00, 0x00, 0x0e, 0x00, 0x00, 0x00, 0x00, 0x00, 0x00, 0x00, 0x01, 0x00, 0x00, 0x00, // ................
	0x00, 0x00, 0x00, 0x00, 0x01, 0x00, 0x00, 0x00, 0x01, 0x00, 0x00, 0x00, 0x0e, 0x00, 0x00, 0x00, // ................
	0x00, 0x00, 0x00, 0x00, 0x01, 0x00, 0x00, 0x00, 0x00, 0x00, 0x00, 0x00, 0x04, 0x00, 0x00, 0x00, // ................
	0x04, 0x00, 0x00, 0x00, 0x0e, 0x00, 0x00, 0x00, 0x00, 0x00, 0x00, 0x00, 0x03, 0x00, 0x00, 0x00, // ................
	0x00, 0x00, 0x00, 0x00, 0x00, 0x00, 0x00, 0x00, 0x00, 0x00, 0x00, 0x00, 0x02, 0x00, 0x00, 0x00, // ................
	0x00, 0x00, 0x00, 0x00, 0x03, 0x00, 0x00, 0x00, 0x00, 0x00, 0x00, 0x00, 0x01, 0x00, 0x00, 0x00, // ................
	0x01, 0x00, 0x00, 0x00, 0x02, 0x00, 0x00, 0x00, 0x00, 0x00, 0x00, 0x00, 0x03, 0x00, 0x00, 0x00, // ................
	0x00, 0x00, 0x00, 0x00, 0x04, 0x00, 0x00, 0x00, 0x04, 0x00, 0x00, 0x00, 0x02, 0x00, 0x00, 0x00, // ................
	0x00, 0x00, 0x00, 0x00, 0x10, 0x00, 0x00, 0x00, 0x00, 0x54, 0x45, 0x58, 0x43, 0x4f, 0x4f, 0x52, // .........TEXCOOR
	0x44, 0x00, 0x6d, 0x61, 0x69, 0x6e, 0x00, 0x00, 0x01, 0x00, 0x00, 0x00, 0x00, 0x00, 0x00, 0x00, // D.main..........
	0x10, 0x00, 0x00, 0x00, 0x00, 0x00, 0x00, 0x00, 0x00, 0x00, 0x00, 0x00, 0x01, 0x00, 0x44, 0x03, // ..............D.
	0x03, 0x04, 0x00, 0x00, 0x01, 0x00, 0x00, 0x00, 0x00, 0x00, 0x00, 0x00, 0x01, 0x01, 0x42, 0x00, // ..............B.
	0x03, 0x02, 0x00, 0x00, 0x00, 0x00, 0x00, 0x00, 0x00, 0x00, 0x00, 0x00, 0x01, 0x00, 0x44, 0x10, // ..............D.
	0x03, 0x00, 0x00, 0x00, 0x00, 0x00, 0x00, 0x00, 0x00, 0x00, 0x00, 0x00, 0x00, 0x00, 0x00, 0x00, // ................
	0x00, 0x00, 0x00, 0x00, 0x0f, 0x00, 0x00, 0x00, 0x0f, 0x00, 0x00, 0x00, 0x00, 0x00, 0x00, 0x00, // ................
	0x00, 0x00, 0x00, 0x00, 0x49, 0x4c, 0x44, 0x4e, 0x2c, 0x00, 0x00, 0x00, 0x00, 0x00, 0x24, 0x00, // ....ILDN,.....$.
	0x62, 0x65, 0x33, 0x34, 0x31, 0x63, 0x38, 0x66, 0x33, 0x33, 0x61, 0x62, 0x63, 0x66, 0x65, 0x64, // be341c8f33abcfed
	0x64, 0x32, 0x39, 0x36, 0x65, 0x32, 0x38, 0x35, 0x39, 0x64, 0x63, 0x34, 0x63, 0x31, 0x34, 0x64, // d296e2859dc4c14d
	0x2e, 0x70, 0x64, 0x62, 0x00, 0x00, 0x00, 0x00, 0x48, 0x41, 0x53, 0x48, 0x14, 0x00, 0x00, 0x00, // .pdb....HASH....
	0x00, 0x00, 0x00, 0x00, 0xbe, 0x34, 0x1c, 0x8f, 0x33, 0xab, 0xcf, 0xed, 0xd2, 0x96, 0xe2, 0x85, // .....4..3.......
	0x9d, 0xc4, 0xc1, 0x4d, 0x44, 0x58, 0x49, 0x4c, 0xa8, 0x0d, 0x00, 0x00, 0x60, 0x00, 0x00, 0x00, // ...MDXIL....`...
	0x6a, 0x03, 0x00, 0x00, 0x44, 0x58, 0x49, 0x4c, 0x00, 0x01, 0x00, 0x00, 0x10, 0x00, 0x00, 0x00, // j...DXIL........
	0x90, 0x0d, 0x00, 0x00, 0x42, 0x43, 0xc0, 0xde, 0x21, 0x0c, 0x00, 0x00, 0x61, 0x03, 0x00, 0x00, // ....BC..!...a...
	0x0b, 0x82, 0x20, 0x00, 0x02, 0x00, 0x00, 0x00, 0x13, 0x00, 0x00, 0x00, 0x07, 0x81, 0x23, 0x91, // .. ...........#.
	0x41, 0xc8, 0x04, 0x49, 0x06, 0x10, 0x32, 0x39, 0x92, 0x01, 0x84, 0x0c, 0x25, 0x05, 0x08, 0x19, // A..I..29....%...
	0x1e, 0x04, 0x8b, 0x62, 0x80, 0x18, 0x45, 0x02, 0x42, 0x92, 0x0b, 0x42, 0xc4, 0x10, 0x32, 0x14, // ...b..E.B..B..2.
	0x38, 0x08, 0x18, 0x4b, 0x0a, 0x32, 0x62, 0x88, 0x48, 0x90, 0x14, 0x20, 0x43, 0x46, 0x88, 0xa5, // 8..K.2b.H.. CF..
	0x00, 0x19, 0x32, 0x42, 0xe4, 0x48, 0x0e, 0x90, 0x11, 0x23, 0xc4, 0x50, 0x41, 0x51, 0x81, 0x8c, // ..2B.H...#.PAQ..
	0xe1, 0x83, 0xe5, 0x8a, 0x04, 0x31, 0x46, 0x06, 0x51, 0x18, 0x00, 0x00, 0x08, 0x00, 0x00, 0x00, // .....1F.Q.......
	0x1b, 0x8c, 0xe0, 0xff, 0xff, 0xff, 0xff, 0x07, 0x40, 0x02, 0xa8, 0x0d, 0x84, 0xf0, 0xff, 0xff, // ........@.......
	0xff, 0xff, 0x03, 0x20, 0x6d, 0x30, 0x86, 0xff, 0xff, 0xff, 0xff, 0x1f, 0x00, 0x09, 0xa8, 0x00, // ... m0..........
	0x49, 0x18, 0x00, 0x00, 0x03, 0x00, 0x00, 0x00, 0x13, 0x82, 0x60, 0x42, 0x20, 0x4c, 0x08, 0x06, // I.........`B L..
	0x00, 0x00, 0x00, 0x00, 0x89, 0x20, 0x00, 0x00, 0x5b, 0x00, 0x00, 0x00, 0x32, 0x22, 0x88, 0x09, // ..... ..[...2"..
	0x20, 0x64, 0x85, 0x04, 0x13, 0x23, 0xa4, 0x84, 0x04, 0x13, 0x23, 0xe3, 0x84, 0xa1, 0x90, 0x14, //  d...#....#.....
	0x12, 0x4c, 0x8c, 0x8c, 0x0b, 0x84, 0xc4, 0x4c, 0x10, 0xa0, 0xc1, 0x08, 0x40, 0x09, 0x00, 0x0a, // .L.....L....@...
	0x66, 0x00, 0xe6, 0x08, 0xc0, 0x60, 0x8e, 0x00, 0x29, 0xc6, 0x40, 0x10, 0x44, 0x41, 0x90, 0x51, // f....`..).@.DA.Q
	0x0c, 0x80, 0x20, 0x88, 0x62, 0x20, 0xa4, 0x20, 0x03, 0x31, 0x0c, 0xc3, 0x30, 0x0c, 0xa4, 0x94, // .. .b . .1..0...
	0x61, 0x20, 0x06, 0x62, 0x6e, 0x1a, 0x2e, 0x7f, 0xc2, 0x1e, 0x42, 0xf2, 0x57, 0x42, 0x5a, 0x89, // a .bn.....B.WBZ.
	0xc9, 0x2f, 0x6e, 0x1b, 0x15, 0xc3, 0x30, 0x0c, 0x04, 0x15, 0xf7, 0x0c, 0x97, 0x3f, 0x61, 0x0f, // ./n...0......?a.
	0x21, 0xf9, 0x21, 0xd0, 0x0c, 0x0b, 0x81, 0x82, 0xa7, 0x30, 0x0e, 0x01, 0x41, 0xc3, 0x30, 0x0c, // !.!......0..A.0.
	0x04, 0x41, 0x0c, 0x14, 0x1d, 0x35, 0x5c, 0xfe, 0x84, 0x3d, 0x84, 0xe4, 0x73, 0x1b, 0x55, 0xac, // .A...5...=..s.U.
	0xc4, 0xe4, 0x17, 0xb7, 0x8d, 0x88, 0x61, 0x18, 0x86, 0x42, 0x4c, 0x04, 0x44, 0x10, 0x55, 0x8a, // ......a..BL.D.U.
	0x81, 0x18, 0x86, 0x81, 0xac, 0x39, 0x82, 0xa0, 0x18, 0x10, 0x51, 0x10, 0x04, 0x46, 0xd9, 0x40, // .....9....Q..F.@
	0xc0, 0x30, 0x02, 0x31, 0xcc, 0xd4, 0x06, 0xe3, 0xc0, 0x0e, 0xe1, 0x30, 0x0f, 0xf3, 0xe0, 0x06, // .0.1.......0....
	0xb4, 0x50, 0x0e, 0xf8, 0x40, 0x0f, 0xf5, 0x20, 0x0f, 0xe5, 0x20, 0x07, 0xa4, 0xc0, 0x07, 0xf6, // .P..@.. .. .....
	0x50, 0x0e, 0xe3, 0x40, 0x0f, 0xef, 0x20, 0x0f, 0x7c, 0x60, 0x0e, 0xec, 0xf0, 0x0e, 0xe1, 0x40, // P..@.. .|`.....@
	0x0f, 0x6c, 0x00, 0x06, 0x74, 0xe0, 0x07, 0x60, 0xe0, 0x07, 0x7a, 0xa0, 0x07, 0xed, 0x90, 0x0e, // .l..t..`..z.....
	0xf0, 0x30, 0x0f, 0xbf, 0x40, 0x0f, 0xf9, 0x00, 0x0f, 0xe5, 0x80, 0x02, 0x62, 0x26, 0x31, 0x18, // .0..@.......b&1.
	0x07, 0x76, 0x08, 0x87, 0x79, 0x98, 0x07, 0x37, 0xa0, 0x85, 0x72, 0xc0, 0x07, 0x7a, 0xa8, 0x07, // .v..y..7..r..z..
	0x79, 0x28, 0x07, 0x39, 0x20, 0x05, 0x3e, 0xb0, 0x87, 0x72, 0x18, 0x07, 0x7a, 0x78, 0x07, 0x79, // y(.9 .>..r..zx.y
	0xe0, 0x03, 0x73, 0x60, 0x87, 0x77, 0x08, 0x07, 0x7a, 0x60, 0x03, 0x30, 0xa0, 0x03, 0x3f, 0x00, // ..s`.w..z`.0..?.
	0x03, 0x3f, 0x40, 0x02, 0xd7, 0x91, 0x97, 0x08, 0x5c, 0x12, 0x70, 0x33, 0x4d, 0xe8, 0xf0, 0x0e, // .?@.......p3M...
	0xf3, 0x40, 0x0f, 0xec, 0x10, 0x0e, 0xf9, 0xf0, 0x0e, 0xf5, 0x40, 0x0f, 0x6e, 0x40, 0x06, 0xa7, // .@........@.n@..
	0xc0, 0x0e, 0xef, 0x20, 0x0e, 0xe1, 0xc0, 0x0e, 0xf3, 0x80, 0x08, 0x30, 0x0c, 0x39, 0x12, 0x6f, // ... .......0.9.o
	0x92, 0xa6, 0x88, 0x12, 0x26, 0x9f, 0x05, 0x98, 0x67, 0x21, 0x22, 0x76, 0x02, 0x26, 0x02, 0x05, // ....&...g!"v.&..
	0x04, 0x91, 0x89, 0x40, 0x4c, 0x01, 0x00, 0x00, 0x13, 0x14, 0x72, 0xc0, 0x87, 0x74, 0x60, 0x87, // ...@L.....r..t`.
	0x36, 0x68, 0x87, 0x79, 0x68, 0x03, 0x72, 0xc0, 0x87, 0x0d, 0xaf, 0x50, 0x0e, 0x6d, 0xd0, 0x0e, // 6h.yh.r....P.m..
	0x7a, 0x50, 0x0e, 0x6d, 0x00, 0x0f, 0x7a, 0x30, 0x07, 0x72, 0xa0, 0x07, 0x73, 0x20, 0x07, 0x6d, // zP.m..z0.r..s .m
	0x90, 0x0e, 0x71, 0xa0, 0x07, 0x73, 0x20, 0x07, 0x6d, 0x90, 0x0e, 0x78, 0xa0, 0x07, 0x73, 0x20, // ..q..s .m..x..s 
	0x07, 0x6d, 0x90, 0x0e, 0x71, 0x60, 0x07, 0x7a, 0x30, 0x07, 0x72, 0xd0, 0x06, 0xe9, 0x30, 0x07, // .m..q`.z0.r...0.
	0x72, 0xa0, 0x07, 0x73, 0x20, 0x07, 0x6d, 0x90, 0x0e, 0x76, 0x40, 0x07, 0x7a, 0x60, 0x07, 0x74, // r..s .m..v@.z`.t
	0xd0, 0x06, 0xe6, 0x10, 0x07, 0x76, 0xa0, 0x07, 0x73, 0x20, 0x07, 0x6d, 0x60, 0x0e, 0x73, 0x20, // .....v..s .m`.s 
	0x07, 0x7a, 0x30, 0x07, 0x72, 0xd0, 0x06, 0xe6, 0x60, 0x07, 0x74, 0xa0, 0x07, 0x76, 0x40, 0x07, // .z0.r...`.t..v@.
	0x6d, 0xe0, 0x0e, 0x78, 0xa0, 0x07, 0x71, 0x60, 0x07, 0x7a, 0x30, 0x07, 0x72, 0xa0, 0x07, 0x76, // m..x..q`.z0.r..v
	0x40, 0x07, 0x43, 0x9e, 0x00, 0x00, 0x00, 0x00, 0x00, 0x00, 0x00, 0x00, 0x00, 0x00, 0x00, 0x86, // @.C.............
	0x3c, 0x06, 0x10, 0x00, 0x01, 0x00, 0x00, 0x00, 0x00, 0x00, 0x00, 0x00, 0x0c, 0x79, 0x10, 0x20, // <............y. 
	0x00, 0x04, 0x00, 0x00, 0x00, 0x00, 0x00, 0x00, 0x00, 0x18, 0xf2, 0x28, 0x40, 0x00, 0x04, 0x00, // ...........(@...
	0x00, 0x00, 0x00, 0x00, 0x00, 0x00, 0x30, 0xe4, 0x61, 0x80, 0x00, 0x08, 0x00, 0x00, 0x00, 0x00, // ......0.a.......
	0x00, 0x00, 0x00, 0x60, 0xc8, 0x13, 0x01, 0x01, 0x30, 0x00, 0x00, 0x00, 0x00, 0x00, 0x00, 0x00, // ...`....0.......
	0xc0, 0x90, 0x87, 0x02, 0x02, 0x60, 0x00, 0x00, 0x00, 0x00, 0x00, 0x00, 0x00, 0x80, 0x21, 0x8f, // .....`........!.
	0x05, 0x04, 0x40, 0x00, 0x00, 0x00, 0x00, 0x00, 0x00, 0x00, 0x00, 0x43, 0x9e, 0x0c, 0x08, 0x80, // ..@........C....
	0x01, 0x00, 0x00, 0x00, 0x00, 0x00, 0x00, 0x00, 0xb2, 0x40, 0x00, 0x00, 0x10, 0x00, 0x00, 0x00, // .........@......
	0x32, 0x1e, 0x98, 0x14, 0x19, 0x11, 0x4c, 0x90, 0x8c, 0x09, 0x26, 0x47, 0xc6, 0x04, 0x43, 0x22, // 2.....L...&G..C"
	0x4a, 0x60, 0x04, 0xa0, 0x28, 0x8a, 0xa1, 0x08, 0x4a, 0xa2, 0x10, 0x0a, 0x94, 0xa0, 0x0c, 0xca, // J`..(...J.......
	0x83, 0x8a, 0x92, 0x28, 0x83, 0x42, 0x18, 0x01, 0x28, 0x82, 0x02, 0xa1, 0x6f, 0x06, 0x80, 0xc6, // ...(.B..(...o...
	0x19, 0x00, 0x2a, 0x67, 0x00, 0xc8, 0x1c, 0x0b, 0x31, 0x08, 0x00, 0x00, 0x80, 0xe7, 0x01, 0x00, // ..*g....1.......
	0x79, 0x18, 0x00, 0x00, 0x6e, 0x00, 0x00, 0x00, 0x1a, 0x03, 0x4c, 0x90, 0x46, 0x02, 0x13, 0xc4, // y...n.....L.F...
	0x8f, 0x0c, 0x6f, 0xec, 0xed, 0x4d, 0x0c, 0x24, 0xc6, 0x25, 0x06, 0xc6, 0x45, 0xc6, 0x06, 0xa6, // ..o..M.$.%..E...
	0xc6, 0x65, 0xe6, 0x06, 0x04, 0x65, 0x8c, 0x86, 0x0c, 0xc7, 0x8c, 0xc6, 0x2c, 0x27, 0x27, 0x65, // .e...e......,''e
	0x43, 0x10, 0x4c, 0x10, 0x88, 0x64, 0x82, 0x40, 0x28, 0x1b, 0x84, 0x81, 0x98, 0x20, 0x10, 0xcb, // C.L..d.@(.... ..
	0x06, 0x61, 0x30, 0x28, 0xc0, 0xcd, 0x4d, 0x10, 0x08, 0x66, 0xc3, 0x80, 0x24, 0xc4, 0x04, 0xe1, // .a0(..M..f..$...
	0xcb, 0x08, 0x4c, 0x10, 0x88, 0x66, 0x82, 0x40, 0x38, 0x1b, 0x04, 0xc2, 0xd9, 0x90, 0x10, 0x0b, // ..L..f.@8.......
	0x43, 0x10, 0x43, 0x43, 0x3c, 0x1b, 0x92, 0x61, 0x61, 0x88, 0x61, 0x68, 0x88, 0x67, 0x82, 0x40, // C.CC<..aa.ah.g.@
	0x3c, 0x1b, 0x92, 0x66, 0x61, 0x08, 0x69, 0x68, 0x88, 0x67, 0xc3, 0x00, 0x45, 0xd3, 0x04, 0x61, // <..fa.ih.g..E..a
	0x0c, 0xb4, 0x09, 0x02, 0x01, 0x6d, 0x40, 0x88, 0x8a, 0x21, 0x88, 0xc1, 0x02, 0x36, 0x04, 0xd7, // .....m@..!...6..
	0x04, 0xa1, 0x0c, 0xb6, 0x0d, 0x08, 0x91, 0x31, 0x04, 0x31, 0x10, 0xc0, 0x06, 0x64, 0xc8, 0x18, // .......1.1...d..
	0x62, 0x18, 0x08, 0x60, 0x03, 0xd2, 0x64, 0x0c, 0x21, 0x0d, 0x04, 0xb0, 0x61, 0xd0, 0x36, 0x6e, // b..`..d.!...a.6n
	0x03, 0x41, 0x01, 0x58, 0x37, 0x41, 0x30, 0x03, 0x6e, 0x43, 0xf0, 0x4d, 0x10, 0x04, 0x80, 0x44, // .A.X7A0.nC.M...D
	0x5b, 0x58, 0x9a, 0x1b, 0x97, 0x29, 0xab, 0x2f, 0xa8, 0xb7, 0xb9, 0x34, 0xba, 0xb4, 0x37, 0xb7, // [X...)./...4..7.
	0x09, 0x42, 0x31, 0x4d, 0x10, 0x0a, 0x6a, 0x43, 0x40, 0x4c, 0x10, 0x8a, 0x6a, 0x82, 0x50, 0x58, // .B1M..jC@L..j.PX
	0x1b, 0x16, 0x62, 0x0c, 0xc8, 0xa0, 0x0c, 0xcc, 0xe0, 0x0c, 0x86, 0x33, 0x20, 0xd0, 0x00, 0x20, // ..b........3 .. 
	0x42, 0x55, 0x84, 0x35, 0xf4, 0xf4, 0x24, 0x45, 0x34, 0x41, 0x28, 0xae, 0x09, 0x02, 0x11, 0x6d, // BU.5..$E4A(....m
	0x10, 0xd8, 0x80, 0x0d, 0x36, 0x2c, 0x83, 0x1a, 0x90, 0x01, 0x1a, 0x98, 0xc1, 0x1a, 0x0c, 0x6b, // ....6,.........k
	0x30, 0xa0, 0x41, 0x1b, 0x6c, 0x10, 0xd2, 0xc0, 0x0d, 0x98, 0x4c, 0x59, 0x7d, 0x51, 0x85, 0xc9, // 0.A.l.....LY}Q..
	0x9d, 0x95, 0xd1, 0x4d, 0x10, 0x0a, 0x6c, 0x82, 0x40, 0x48, 0x1b, 0x04, 0x36, 0x90, 0x83, 0x0d, // ...M..l.@H..6...
	0x0b, 0x01, 0x07, 0x64, 0x10, 0x07, 0x66, 0x80, 0x06, 0xc3, 0x19, 0x10, 0x68, 0x30, 0x07, 0x1b, // ...d..f.....h0..
	0x02, 0x3a, 0xd8, 0x30, 0xbc, 0x41, 0x1d, 0x00, 0x1b, 0x8a, 0x30, 0x10, 0x03, 0x3b, 0xf0, 0x80, // .:.0.A....0..;..
	0x2a, 0x6c, 0x6c, 0x76, 0x6d, 0x2e, 0x69, 0x64, 0x65, 0x6e, 0x74, 0x53, 0x82, 0xa0, 0x0a, 0x19, // *llvm.identS....
	0x9e, 0x8b, 0x5d, 0x99, 0xdc, 0x5c, 0xda, 0x9b, 0xdb, 0x94, 0x80, 0x68, 0x42, 0x86, 0xe7, 0x62, // ..]........hB..b
	0x17, 0xc6, 0x66, 0x57, 0x26, 0x37, 0x25, 0x30, 0xea, 0x90, 0xe1, 0xb9, 0xcc, 0xa1, 0x85, 0x91, // ..fW&7%0........
	0x95, 0xc9, 0x35, 0xbd, 0x91, 0x95, 0xb1, 0x4d, 0x09, 0x92, 0x32, 0x64, 0x78, 0x2e, 0x72, 0x65, // ..5....M..2dx.re
	0x73, 0x6f, 0x75, 0x72, 0x63, 0x65, 0x73, 0x53, 0x82, 0xae, 0x0e, 0x19, 0x9e, 0x8b, 0x5d, 0x5a, // sourcesS......]Z
	0xd9, 0x5d, 0x12, 0xd9, 0x14, 0x5d, 0x18, 0x5d, 0xd9, 0x94, 0xe0, 0xab, 0x43, 0x86, 0xe7, 0x52, // .]...].]....C..R
	0xe6, 0x46, 0x27, 0x97, 0x07, 0xf5, 0x96, 0xe6, 0x46, 0x37, 0x37, 0x25, 0xb0, 0x03, 0x00, 0x00, // .F'.....F77%....
	0x79, 0x18, 0x00, 0x00, 0x51, 0x00, 0x00, 0x00, 0x33, 0x08, 0x80, 0x1c, 0xc4, 0xe1, 0x1c, 0x66, // y...Q...3......f
	0x14, 0x01, 0x3d, 0x88, 0x43, 0x38, 0x84, 0xc3, 0x8c, 0x42, 0x80, 0x07, 0x79, 0x78, 0x07, 0x73, // ..=.C8...B..yx.s
	0x98, 0x71, 0x0c, 0xe6, 0x00, 0x0f, 0xed, 0x10, 0x0e, 0xf4, 0x80, 0x0e, 0x33, 0x0c, 0x42, 0x1e, // .q..........3.B.
	0xc2, 0xc1, 0x1d, 0xce, 0xa1, 0x1c, 0x66, 0x30, 0x05, 0x3d, 0x88, 0x43, 0x38, 0x84, 0x83, 0x1b, // ......f0.=.C8...
	0xcc, 0x03, 0x3d, 0xc8, 0x43, 0x3d, 0x8c, 0x03, 0x3d, 0xcc, 0x78, 0x8c, 0x74, 0x70, 0x07, 0x7b, // ..=.C=..=.x.tp.{
	0x08, 0x07, 0x79, 0x48, 0x87, 0x70, 0x70, 0x07, 0x7a, 0x70, 0x03, 0x76, 0x78, 0x87, 0x70, 0x20, // ..yH.pp.zp.vx.p 
	0x87, 0x19, 0xcc, 0x11, 0x0e, 0xec, 0x90, 0x0e, 0xe1, 0x30, 0x0f, 0x6e, 0x30, 0x0f, 0xe3, 0xf0, // .........0.n0...
	0x0e, 0xf0, 0x50, 0x0e, 0x33, 0x10, 0xc4, 0x1d, 0xde, 0x21, 0x1c, 0xd8, 0x21, 0x1d, 0xc2, 0x61, // ..P.3....!..!..a
	0x1e, 0x66, 0x30, 0x89, 0x3b, 0xbc, 0x83, 0x3b, 0xd0, 0x43, 0x39, 0xb4, 0x03, 0x3c, 0xbc, 0x83, // .f0.;..;.C9..<..
	0x3c, 0x84, 0x03, 0x3b, 0xcc, 0xf0, 0x14, 0x76, 0x60, 0x07, 0x7b, 0x68, 0x07, 0x37, 0x68, 0x87, // <..;...v`.{h.7h.
	0x72, 0x68, 0x07, 0x37, 0x80, 0x87, 0x70, 0x90, 0x87, 0x70, 0x60, 0x07, 0x76, 0x28, 0x07, 0x76, // rh.7..p..p`.v(.v
	0xf8, 0x05, 0x76, 0x78, 0x87, 0x77, 0x80, 0x87, 0x5f, 0x08, 0x87, 0x71, 0x18, 0x87, 0x72, 0x98, // ..vx.w.._..q..r.
	0x87, 0x79, 0x98, 0x81, 0x2c, 0xee, 0xf0, 0x0e, 0xee, 0xe0, 0x0e, 0xf5, 0xc0, 0x0e, 0xec, 0x30, // .y..,..........0
	0x03, 0x62, 0xc8, 0xa1, 0x1c, 0xe4, 0xa1, 0x1c, 0xcc, 0xa1, 0x1c, 0xe4, 0xa1, 0x1c, 0xdc, 0x61, // .b.............a
	0x1c, 0xca, 0x21, 0x1c, 0xc4, 0x81, 0x1d, 0xca, 0x61, 0x06, 0xd6, 0x90, 0x43, 0x39, 0xc8, 0x43, // ..!.....a...C9.C
	0x39, 0x98, 0x43, 0x39, 0xc8, 0x43, 0x39, 0xb8, 0xc3, 0x38, 0x94, 0x43, 0x38, 0x88, 0x03, 0x3b, // 9.C9.C9..8.C8..;
	0x94, 0xc3, 0x2f, 0xbc, 0x83, 0x3c, 0xfc, 0x82, 0x3b, 0xd4, 0x03, 0x3b, 0xb0, 0xc3, 0x0c, 0xc4, // ../..<..;..;....
	0x21, 0x07, 0x7c, 0x70, 0x03, 0x7a, 0x28, 0x87, 0x76, 0x80, 0x87, 0x19, 0xd1, 0x43, 0x0e, 0xf8, // !.|p.z(.v....C..
	0xe0, 0x06, 0xe4, 0x20, 0x0e, 0xe7, 0xe0, 0x06, 0xf6, 0x10, 0x0e, 0xf2, 0xc0, 0x0e, 0xe1, 0x90, // ... ............
	0x0f, 0xef, 0x50, 0x0f, 0xf4, 0x30, 0x83, 0x81, 0xc8, 0x01, 0x1f, 0xdc, 0x40, 0x1c, 0xe4, 0xa1, // ..P..0......@...
	0x1c, 0xc2, 0x61, 0x1d, 0xdc, 0x40, 0x1c, 0xe4, 0x01, 0x00, 0x00, 0x00, 0x71, 0x20, 0x00, 0x00, // ..a..@......q ..
	0x23, 0x00, 0x00, 0x00, 0x66, 0xb0, 0x0d, 0x97, 0xef, 0x3c, 0xbe, 0x10, 0x50, 0x45, 0x41, 0x44, // #...f....<..PEAD
	0xa5, 0x03, 0x0c, 0x25, 0x61, 0x00, 0x02, 0xe6, 0x17, 0xb7, 0x6d, 0x08, 0xd2, 0x70, 0xf9, 0xce, // ...%a.....m..p..
	0xe3, 0x0b, 0x11, 0x01, 0x4c, 0x44, 0x08, 0x34, 0xc3, 0x42, 0xd8, 0x80, 0x33, 0x5c, 0xbe, 0xf3, // ....LD.4.B..3...
	0xf8, 0x83, 0x33, 0xdd, 0x7e, 0x71, 0xdb, 0x16, 0x30, 0x0d, 0x97, 0xef, 0x3c, 0xfe, 0xe2, 0x00, // ..3.~q..0...<...
	0x83, 0xd8, 0x3c, 0xd4, 0xe4, 0x17, 0xb7, 0x6d, 0x05, 0xd5, 0x70, 0xf9, 0xce, 0xe3, 0x4b, 0x00, // ..<....m..p...K.
	0xf3, 0x2c, 0x44, 0x49, 0x54, 0xc4, 0xe2, 0x17, 0xb7, 0x6d, 0x02, 0xd5, 0x70, 0xf9, 0xce, 0xe3, // .,DIT....m..p...
	0x4b, 0x93, 0x13, 0x11, 0x28, 0x35, 0x3d, 0xd4, 0xe4, 0x17, 0xb7, 0x6d, 0x07, 0xd2, 0x70, 0xf9, // K...(5=....m..p.
	0xce, 0xe3, 0x4f, 0x44, 0x34, 0x21, 0x40, 0x84, 0xf9, 0xc5, 0x6d, 0x1b, 0xc1, 0x33, 0x5c, 0xbe, // ..OD4!@...m..3..
	0xf3, 0xf8, 0x54, 0x03, 0x44, 0x98, 0x5f, 0xdc, 0xb6, 0x01, 0x10, 0x0c, 0x80, 0x34, 0x00, 0x00, // ..T.D._......4..
	0x61, 0x20, 0x00, 0x00, 0xa2, 0x01, 0x00, 0x00, 0x13, 0x04, 0x4c, 0x2c, 0x10, 0x00, 0x00, 0x00, // a ........L,....
	0x12, 0x00, 0x00, 0x00, 0x84, 0x8d, 0x00, 0x50, 0x51, 0x02, 0x44, 0x94, 0x45, 0x41, 0x94, 0x4c, // .......PQ.D.EA.L
	0x71, 0x94, 0x46, 0x71, 0x95, 0x5d, 0x29, 0x94, 0xdc, 0x0c, 0x40, 0xf1, 0x95, 0x5b, 0x81, 0x14, // q.Fq.])...@..[..
	0x4c, 0x61, 0xd0, 0x30, 0x46, 0x30, 0xe7, 0xac, 0x99, 0x7f, 0x63, 0x04, 0x20, 0x08, 0x82, 0xf8, // La.0F0....c. ...
	0x2f, 0x8c, 0x11, 0x80, 0x20, 0x08, 0x82, 0x60, 0x30, 0x46, 0x00, 0x82, 0x20, 0x88, 0x7f, 0x23, // /... ..`0F.. ..#
	0x00, 0x63, 0x04, 0x20, 0x08, 0x82, 0xf0, 0x37, 0x03, 0x00, 0x00, 0x00, 0x23, 0x06, 0x09, 0x00, // .c. ...7....#...
	0x82, 0x60, 0x90, 0xb5, 0x81, 0xf3, 0xa1, 0x81, 0x19, 0x60, 0x23, 0x06, 0x09, 0x00, 0x82, 0x60, // .`.......`#....`
	0x90, 0xb9, 0xc1, 0x03, 0x06, 0x6d, 0xd0, 0x06, 0xd9, 0x88, 0x41, 0x02, 0x80, 0x20, 0x18, 0x64, // .....m....A.. .d
	0x6f, 0x00, 0x85, 0x41, 0x1b, 0xb4, 0x81, 0x36, 0x62, 0x90, 0x00, 0x20, 0x08, 0x06, 0x19, 0x1c, // o..A...6b.. ....
	0x44, 0x64, 0xb0, 0x06, 0x69, 0xb0, 0x8d, 0x18, 0x24, 0x00, 0x08, 0x82, 0x41, 0x16, 0x07, 0x52, // Dd..i...$...A..R
	0x19, 0xc0, 0x01, 0x1c, 0x70, 0x23, 0x06, 0x09, 0x00, 0x82, 0x60, 0x90, 0xc9, 0xc1, 0x64, 0x06, // ....p#....`...d.
	0x70, 0x00, 0x07, 0xdd, 0x88, 0x41, 0x02, 0x80, 0x20, 0x18, 0x64, 0x73, 0x40, 0x91, 0x41, 0x1c, // p....A.. .ds@.A.
	0xc4, 0x81, 0x37, 0x62, 0x90, 0x00, 0x20, 0x08, 0x06, 0xc6, 0x1e, 0xb4, 0xc1, 0x1c, 0xc8, 0x81, // ..7b.. .........
	0x19, 0x50, 0x23, 0x06, 0x09, 0x00, 0x82, 0x60, 0x60, 0xf0, 0x81, 0x1b, 0xd0, 0xc1, 0x1c, 0x7c, // .P#....``......|
	0xd5, 0x88, 0xc1, 0x01, 0x80, 0x20, 0x18, 0x50, 0x78, 0x90, 0x0d, 0xd3, 0x68, 0x42, 0x30, 0x5c, // ..... .Px...hB0.
	0x40, 0xd0, 0x88, 0xc1, 0x03, 0x80, 0x20, 0x18, 0x44, 0x7c, 0x80, 0x31, 0x49, 0x41, 0x34, 0xcd, // @..... .D|.1IA4.
	0x1d, 0xdc, 0x41, 0xf6, 0x8c, 0x26, 0x04, 0x80, 0x1d, 0x93, 0x7c, 0x2c, 0xa8, 0xe0, 0x63, 0x48, // ..A..&....|,..cH
	0x25, 0x1f, 0xab, 0x82, 0xf8, 0x8c, 0x18, 0x1c, 0x00, 0x08, 0x82, 0x01, 0x15, 0x0a, 0x62, 0xc0, // %.............b.
	0x68, 0xa3, 0x09, 0x01, 0x30, 0x9a, 0x20, 0x04, 0xa3, 0x09, 0x83, 0x30, 0x9a, 0x40, 0x0c, 0x23, // h...0. ....0.@.#
	0x06, 0x07, 0x00, 0x82, 0x60, 0x40, 0x99, 0xc2, 0x19, 0x44, 0x69, 0x30, 0x9a, 0x10, 0x00, 0xa3, // ....`@...Di0....
	0x09, 0x42, 0x30, 0x9a, 0x30, 0x08, 0xa3, 0x09, 0xc4, 0x30, 0x62, 0x70, 0x00, 0x20, 0x08, 0x06, // .B0.0....0bp. ..
	0xd4, 0x2a, 0xb0, 0x81, 0xf5, 0x06, 0xa3, 0x09, 0x01, 0x30, 0x9a, 0x20, 0x04, 0xa3, 0x09, 0x83, // .*.......0. ....
	0x30, 0x9a, 0x40, 0x0c, 0x23, 0x06, 0x07, 0x00, 0x82, 0x60, 0x40, 0xc1, 0x42, 0x1c, 0x6c, 0xa4, // 0.@.#....`@.B.l.
	0x30, 0x9a, 0x10, 0x00, 0xa3, 0x09, 0x42, 0x30, 0x9a, 0x30, 0x08, 0xa3, 0x09, 0xc4, 0x60, 0xd3, // 0.....B0.0....`.
	0x25, 0x9f, 0x11, 0x03, 0x04, 0x00, 0x41, 0x30, 0xb0, 0x6a, 0x01, 0x0f, 0x1e, 0x2b, 0x18, 0x31, // %.....A0.j...+.1
	0x40, 0x00, 0x10, 0x04, 0x03, 0xcb, 0x16, 0xf2, 0x60, 0xd9, 0x02, 0x0b, 0x0e, 0xe8, 0x98, 0xb5, // @.......`.......
	0xc9, 0x67, 0xc4, 0x00, 0x01, 0x40, 0x10, 0x0c, 0xac, 0x5c, 0xe0, 0x03, 0x49, 0x0b, 0x46, 0x0c, // .g...@......I.F.
	0x10, 0x00, 0x04, 0xc1, 0xc0, 0xd2, 0x85, 0x3e, 0x70, 0xbe, 0xc0, 0x02, 0x05, 0x3a, 0x96, 0x7d, // .......>p....:.}
	0xf2, 0x19, 0x31, 0x40, 0x00, 0x10, 0x04, 0x03, 0xab, 0x17, 0x40, 0xa1, 0xf2, 0x82, 0x11, 0x03, // ..1@......@.....
	0x04, 0x00, 0x41, 0x30, 0xb0, 0x7c, 0x21, 0x14, 0xa2, 0x31, 0x08, 0x2c, 0x68, 0xa0, 0x63, 0xdc, // ..A0.|!..1.,h.c.
	0x18, 0xc8, 0x67, 0xc4, 0x00, 0x01, 0x40, 0x10, 0x0c, 0xac, 0x70, 0x20, 0x05, 0x4c, 0x0c, 0x82, // ..g...@...p .L..
	0x11, 0x03, 0x04, 0x00, 0x41, 0x30, 0xb0, 0xc4, 0xa1, 0x14, 0xa8, 0x33, 0x08, 0x2c, 0x80, 0xa0, // ....A0.....3.,..
	0x63, 0x4d, 0x40, 0x1f, 0x53, 0x04, 0xfa, 0xd8, 0x31, 0xd0, 0x67, 0xc4, 0x60, 0x01, 0x40, 0x10, // cM@.S...1.g.`.@.
	0x0c, 0x94, 0x75, 0x20, 0x85, 0x41, 0x08, 0x06, 0x21, 0x18, 0x31, 0x30, 0x00, 0x10, 0x04, 0x03, // ..u .A..!.10....
	0x66, 0x1d, 0x5c, 0x21, 0xb0, 0xa0, 0x90, 0x8f, 0x09, 0x85, 0x7c, 0x6c, 0x28, 0xe4, 0x33, 0x62, // f..!......|l(.3b
	0x70, 0x00, 0x20, 0x08, 0x06, 0x54, 0x3b, 0xb8, 0x02, 0x1e, 0xa4, 0xc3, 0x68, 0x42, 0x00, 0x8c, // p. ..T;.....hB..
	0x26, 0x08, 0xc1, 0x68, 0xc2, 0x20, 0x8c, 0x18, 0x1c, 0x00, 0x08, 0x82, 0x01, 0x15, 0x0f, 0xb2, // &..h. ..........
	0xc0, 0x07, 0xee, 0x30, 0x9a, 0x10, 0x00, 0xa3, 0x09, 0x42, 0x30, 0x9a, 0x30, 0x08, 0xa3, 0x09, // ...0.....B0.0...
	0xc8, 0x60, 0x41, 0x20, 0x9f, 0x11, 0x83, 0x07, 0x00, 0x41, 0x30, 0x88, 0xf0, 0x81, 0x16, 0x4c, // .`A .....A0....L
	0x61, 0x14, 0x42, 0x01, 0x14, 0x52, 0x21, 0x15, 0xe6, 0x61, 0x1e, 0x6a, 0x61, 0x15, 0x46, 0x13, // a.B..R!..a.ja.F.
	0x02, 0x60, 0x34, 0x41, 0x08, 0x46, 0x13, 0x06, 0x61, 0xc4, 0x60, 0x01, 0x40, 0x10, 0x0c, 0x14, // .`4A.F..a.`.@...
	0x7f, 0xb8, 0x85, 0x08, 0x7a, 0x1a, 0x66, 0x19, 0x31, 0x58, 0x00, 0x10, 0x04, 0x03, 0xe5, 0x1f, // ....z.f.1X......
	0x70, 0xc1, 0x69, 0x18, 0xa7, 0x61, 0xec, 0xa8, 0x05, 0xf9, 0x98, 0x10, 0xc4, 0xc7, 0x08, 0x42, // p.i..a.........B
	0x3e, 0x16, 0x08, 0xf1, 0x19, 0x8e, 0x08, 0x6a, 0x81, 0xf8, 0x66, 0x19, 0x88, 0x20, 0x18, 0x31, // >......j..f.. .1
	0x30, 0x00, 0x10, 0x04, 0x03, 0x86, 0x24, 0x78, 0x41, 0x30, 0x24, 0x88, 0x8f, 0x05, 0x98, 0x7c, // 0.....$xA0$....|
	0x2c, 0xd0, 0x05, 0xf8, 0x0c, 0x47, 0x7c, 0x81, 0xf0, 0xcd, 0x32, 0x08, 0x43, 0x30, 0x62, 0x90, // ,....G|...2.C0b.
	0x00, 0x20, 0x08, 0x06, 0xc8, 0x4a, 0x9c, 0xc3, 0x48, 0x8c, 0xc4, 0x3d, 0x3c, 0x23, 0x06, 0x09, // . ...J..H..=<#..
	0x00, 0x82, 0x60, 0x80, 0xac, 0xc4, 0x39, 0x8c, 0xc4, 0x48, 0xbc, 0x83, 0x33, 0x62, 0x90, 0x00, // ..`...9..H..3b..
	0x20, 0x08, 0x06, 0xc8, 0x4a, 0x9c, 0xc3, 0x48, 0x8c, 0x84, 0x3d, 0x34, 0x23, 0x06, 0x09, 0x00, //  ...J..H..=4#...
	0x82, 0x60, 0x80, 0xac, 0xc4, 0x39, 0x8c, 0xc4, 0x48, 0xe4, 0x03, 0x2f, 0xcc, 0x12, 0x2c, 0x23, // .`...9..H../..,#
	0x06, 0x0f, 0x00, 0x82, 0x60, 0x10, 0xa1, 0x04, 0x39, 0xdc, 0x02, 0x2d, 0xc4, 0x02, 0x2c, 0xe4, // ....`...9..-..,.
	0x42, 0x2e, 0x8c, 0xc4, 0x48, 0x94, 0xc3, 0x2e, 0x8c, 0x26, 0x04, 0xc0, 0x68, 0x82, 0x10, 0x8c, // B...H....&..h...
	0x26, 0x0c, 0xc2, 0x2c, 0x01, 0x31, 0x50, 0x31, 0x18, 0x83, 0x19, 0x00, 0x03, 0x15, 0x83, 0x31, // &..,.1P1.......1
	0x98, 0x01, 0x30, 0x50, 0x31, 0x18, 0x83, 0x19, 0x00, 0xc3, 0x0d, 0xb4, 0xb0, 0x12, 0x66, 0x30, // ..0P1.........f0
	0xcb, 0x50, 0x28, 0xc1, 0x2c, 0x81, 0x31, 0x50, 0x31, 0xec, 0x06, 0xe2, 0x06, 0xc5, 0x40, 0xc5, // .P(.,.1P1.....@.
	0xb0, 0x1b, 0x88, 0x1b, 0x14, 0x03, 0x15, 0xc3, 0x6e, 0x20, 0x6e, 0x50, 0x0c, 0x54, 0x10, 0xbb, // ........n nP.T..
	0x81, 0xf8, 0x48, 0x71, 0xc1, 0x60, 0x23, 0x06, 0x07, 0x00, 0x82, 0x60, 0x40, 0xd1, 0x44, 0x3d, // ..Hq.`#....`@.D=
	0xfc, 0xc2, 0x3b, 0x8c, 0x26, 0x04, 0x83, 0x0d, 0x01, 0x7d, 0x2c, 0x0d, 0xca, 0x20, 0x3e, 0x96, // ..;.&....},.. >.
	0x06, 0x65, 0x10, 0x1f, 0x4b, 0x83, 0x32, 0x88, 0x8f, 0x11, 0x83, 0x7c, 0xac, 0x18, 0xe4, 0x63, // .e..K.2....|...c
	0xc6, 0x20, 0x1f, 0x1b, 0xd6, 0x00, 0x3e, 0x36, 0xac, 0x01, 0x7c, 0x6c, 0x58, 0x03, 0xf8, 0x8c, // . ....>6..|lX...
	0x18, 0x2c, 0x00, 0x08, 0x82, 0x81, 0x32, 0x16, 0xfc, 0x60, 0x07, 0x75, 0x40, 0x07, 0x83, 0x10, // .,....2..`.u@...
	0x8c, 0x18, 0x2c, 0x00, 0x08, 0x82, 0x81, 0x42, 0x16, 0xfd, 0x40, 0x0c, 0x02, 0x31, 0x08, 0x16, // ..,....B..@..1..
	0xb0, 0x41, 0x7c, 0x6c, 0x18, 0xe4, 0x63, 0x81, 0x10, 0x9f, 0xe1, 0x88, 0x20, 0x1f, 0x88, 0x6f, // .A|l..c..... ..o
	0x96, 0x01, 0x39, 0x82, 0x11, 0x03, 0x03, 0x00, 0x41, 0x30, 0x60, 0xd0, 0x02, 0x24, 0x04, 0x3b, // ..9.....A0`..$.;
	0x82, 0xf8, 0x58, 0xe0, 0x07, 0xf2, 0x31, 0xc1, 0x0f, 0xe4, 0x63, 0x83, 0x1f, 0xc8, 0xc7, 0x06, // ..X...1...c.....
	0x27, 0x3e, 0x36, 0x38, 0xf1, 0xb1, 0xc1, 0x89, 0x8f, 0x0d, 0x7c, 0x00, 0x1f, 0x1b, 0xf8, 0x00, // '>68......|.....
	0x3e, 0x36, 0xf0, 0x01, 0x7c, 0x46, 0x0c, 0x0e, 0x00, 0x04, 0xc1, 0x80, 0x8a, 0x0b, 0x99, 0xe0, // >6..|F..........
	0x87, 0x9b, 0x18, 0x4d, 0x08, 0x80, 0xd1, 0x04, 0x21, 0x18, 0x4d, 0x18, 0x86, 0x11, 0x83, 0x03, // ...M....!.M.....
	0x00, 0x41, 0x30, 0xa0, 0xea, 0xc2, 0x26, 0x40, 0xa2, 0x2d, 0x46, 0x13, 0x02, 0x60, 0x34, 0x41, // .A0...&@.-F..`4A
	0x08, 0x46, 0x13, 0x86, 0x61, 0xc4, 0xe0, 0x00, 0x40, 0x10, 0x0c, 0xa8, 0xbc, 0xd0, 0x09, 0x92, // .F..a...@.......
	0xa0, 0x8b, 0xd1, 0x84, 0x00, 0x18, 0x4d, 0x10, 0x82, 0xd1, 0x84, 0x61, 0x18, 0x31, 0x38, 0x00, // ......M....a.18.
	0x10, 0x04, 0x03, 0xaa, 0x2f, 0x7c, 0x02, 0x25, 0xc8, 0x62, 0x34, 0x21, 0x00, 0x46, 0x13, 0x84, // ..../|.%.b4!.F..
	0x60, 0x34, 0x61, 0x18, 0x6c, 0x7a, 0xe4, 0x33, 0x62, 0x80, 0x00, 0x20, 0x08, 0x06, 0x56, 0x68, // `4a.lz.3b.. ..Vh
	0x90, 0x05, 0x33, 0x05, 0x23, 0x06, 0x08, 0x00, 0x82, 0x60, 0x60, 0x89, 0x46, 0x59, 0x24, 0x53, // ..3.#....``.FY$S
	0x60, 0x81, 0x01, 0x1d, 0xbb, 0x24, 0xf9, 0x8c, 0x18, 0x20, 0x00, 0x08, 0x82, 0x81, 0x55, 0x1a, // `....$... ....U.
	0x68, 0xf1, 0x5c, 0xc1, 0x88, 0x01, 0x02, 0x80, 0x20, 0x18, 0x58, 0xa6, 0x91, 0x16, 0xcc, 0x15, // h....... .X.....
	0x58, 0x90, 0x40, 0xc7, 0xb6, 0x4a, 0x3e, 0x23, 0x06, 0x08, 0x00, 0x82, 0x60, 0x60, 0xa5, 0x06, // X.@..J>#....``..
	0x5b, 0x48, 0x5b, 0x30, 0x62, 0x80, 0x00, 0x20, 0x08, 0x06, 0x96, 0x6a, 0xb4, 0xc5, 0xb3, 0x05, // [H[0b.. ...j....
	0x16, 0x30, 0xd0, 0x31, 0x31, 0xf8, 0x05, 0xf8, 0x98, 0x18, 0xfc, 0x02, 0x7c, 0x4c, 0x0c, 0x7e, // .0.11.......|L.~
	0x01, 0x3e, 0x36, 0x78, 0xf2, 0x19, 0x31, 0x40, 0x00, 0x10, 0x04, 0x03, 0x0b, 0x36, 0xe6, 0x62, // .>6x..1@.....6.b
	0x1b, 0x82, 0x11, 0x03, 0x04, 0x00, 0x41, 0x30, 0xb0, 0x62, 0x83, 0x2e, 0xb0, 0x21, 0xb0, 0xa0, // ......A0.b...!..
	0x82, 0x8e, 0x1d, 0x61, 0x20, 0x9f, 0x11, 0x03, 0x04, 0x00, 0x41, 0x30, 0xb0, 0x68, 0xe3, 0x2e, // ...a .....A0.h..
	0xbc, 0x23, 0x18, 0x31, 0x40, 0x00, 0x10, 0x04, 0x03, 0xab, 0x36, 0xf0, 0x62, 0x3b, 0x02, 0x0b, // .#.1@.....6.b;..
	0x30, 0xe8, 0xd8, 0x42, 0x06, 0xf2, 0x19, 0x31, 0x40, 0x00, 0x10, 0x04, 0x03, 0x0b, 0x37, 0xf6, // 0..B...1@.....7.
	0x22, 0x0c, 0x96, 0x60, 0xc4, 0x00, 0x01, 0x40, 0x10, 0x0c, 0xac, 0xdc, 0xe0, 0x0b, 0x6f, 0x09, // "..`...@......o.
	0x2c, 0xd8, 0xa0, 0x63, 0x18, 0x44, 0x1f, 0xab, 0x22, 0xfa, 0xd8, 0x32, 0xd0, 0xc7, 0x10, 0x82, // ,..c.D.."..2....
	0x3e, 0x46, 0xcc, 0x85, 0x7c, 0x8c, 0xa0, 0x0b, 0xf9, 0x98, 0x50, 0x17, 0xf0, 0x31, 0xbb, 0x10, // >F..|.....P..1..
	0xe2, 0x33, 0x62, 0xf0, 0x00, 0x20, 0x08, 0x06, 0x51, 0x79, 0x84, 0x06, 0x5d, 0xc4, 0x85, 0x10, // .3b.. ..Qy..]...
	0xd8, 0x85, 0x5d, 0x80, 0x07, 0x78, 0x88, 0x06, 0x5e, 0x8c, 0x26, 0x04, 0xc0, 0x68, 0x82, 0x10, // ..]..x..^.&..h..
	0x8c, 0x26, 0x0c, 0x82, 0x29, 0x7b, 0x21, 0x1f, 0x53, 0xf8, 0x42, 0x3e, 0x26, 0xf4, 0x05, 0x7c, // .&..){!.S.B>&..|
	0xcc, 0x2f, 0x84, 0xf8, 0x8c, 0x18, 0x3c, 0x00, 0x08, 0x82, 0x41, 0xd4, 0x1e, 0xa9, 0xb1, 0x17, // ./....<...A.....
	0x78, 0x21, 0x04, 0x7e, 0xe1, 0x17, 0xe8, 0x81, 0x1e, 0xaa, 0x01, 0x1a, 0xa3, 0x09, 0x01, 0x30, // x!.~...........0
	0x9a, 0x20, 0x04, 0xa3, 0x09, 0x83, 0x60, 0xc3, 0x12, 0x1f, 0x1b, 0x96, 0xf8, 0xd8, 0xb0, 0xc4, // . ....`.........
	0xc7, 0x86, 0x5e, 0x90, 0x8f, 0x0d, 0xbe, 0x20, 0x1f, 0x1b, 0x7e, 0x41, 0x3e, 0x36, 0x44, 0xf0, // ..^.... ..~A>6D.
	0xb1, 0x21, 0x82, 0x8f, 0x0d, 0x11, 0x7c, 0x66, 0x09, 0x90, 0x81, 0x8a, 0xc1, 0x38, 0x78, 0xc3, // .!....|f.....8x.
	0x18, 0xa8, 0x18, 0x8c, 0x83, 0x37, 0x8c, 0x81, 0x8a, 0xc1, 0x38, 0x78, 0xc3, 0xb0, 0xa1, 0x1d, // .....7....8x....
	0xe0, 0x63, 0x43, 0x3b, 0xc0, 0xc7, 0x86, 0x76, 0x80, 0x8f, 0xb5, 0x03, 0x7f, 0xc0, 0x60, 0xb8, // .cC;...v......`.
	0x21, 0x30, 0x0d, 0x30, 0x98, 0x65, 0x48, 0x8c, 0x60, 0x96, 0x40, 0x19, 0xa8, 0x18, 0x64, 0x84, // !0.0.eH.`.@...d.
	0x50, 0x92, 0x81, 0x8a, 0x41, 0x46, 0x08, 0x25, 0x19, 0xa8, 0x18, 0x64, 0x84, 0x50, 0x92, 0x11, // P...AF.%...d.P..
	0x83, 0x03, 0x00, 0x41, 0x30, 0xa0, 0x48, 0xa4, 0x3c, 0x5e, 0xe3, 0x37, 0x46, 0x13, 0x82, 0xc1, // ...A0.H.<^.7F...
	0x8a, 0x80, 0x3e, 0x56, 0x08, 0xf4, 0xb1, 0x62, 0xa0, 0xcf, 0x88, 0x41, 0x02, 0x80, 0x20, 0x18, // ..>V...b...A.. .
	0x20, 0x2d, 0x92, 0x1e, 0x25, 0x52, 0x22, 0xf9, 0x31, 0x8c, 0x18, 0x24, 0x00, 0x08, 0x82, 0x01, //  -..%R".1..$....
	0xd2, 0x22, 0xe9, 0x51, 0x22, 0x25, 0x12, 0x1f, 0xc2, 0x88, 0x41, 0x02, 0x80, 0x20, 0x18, 0x20, // .".Q"%....A.. . 
	0x2d, 0x92, 0x1e, 0x25, 0x52, 0x22, 0xf8, 0x11, 0x8c, 0x18, 0x24, 0x00, 0x08, 0x82, 0x01, 0xd2, // -..%R"....$.....
	0x22, 0xe9, 0x51, 0x22, 0x25, 0xb2, 0x1f, 0xbe, 0x31, 0x4b, 0xb0, 0x20, 0x00, 0x00, 0x00, 0x00, // ".Q"%...1K. ....
	0x00, 0x00, 0x00, 0x00, 0x00, 0x00, 0x10, 0x01,                                                 // ........
};
static const uint8_t fs_pp_motionblur_spv[5160] =
{
	0x46, 0x53, 0x48, 0x0b, 0x6f, 0x1e, 0x3e, 0x3c, 0x00, 0x00, 0x00, 0x00, 0x07, 0x00, 0x0a, 0x77, // FSH.o.><.......w
	0x5f, 0x68, 0x5f, 0x68, 0x65, 0x69, 0x67, 0x68, 0x74, 0x12, 0x01, 0x00, 0x01, 0x01, 0x00, 0x00, // _h_height.......
	0x00, 0x00, 0x00, 0x0a, 0x6d, 0x61, 0x74, 0x50, 0x72, 0x6f, 0x6a, 0x49, 0x6e, 0x76, 0x14, 0x01, // ....matProjInv..
	0xc0, 0x00, 0x04, 0x00, 0x00, 0x00, 0x00, 0x00, 0x05, 0x62, 0x61, 0x6c, 0x6c, 0x73, 0x12, 0x02, // .........balls..
	0x00, 0x00, 0x02, 0x00, 0x00, 0x00, 0x00, 0x00, 0x07, 0x6d, 0x61, 0x74, 0x50, 0x72, 0x6f, 0x6a, // .........matProj
	0x14, 0x01, 0x80, 0x00, 0x04, 0x00, 0x00, 0x00, 0x00, 0x00, 0x0f, 0x74, 0x65, 0x78, 0x5f, 0x66, // ...........tex_f
	0x62, 0x5f, 0x66, 0x69, 0x6c, 0x74, 0x65, 0x72, 0x65, 0x64, 0x30, 0x00, 0x02, 0x00, 0x00, 0x00, // b_filtered0.....
	0x00, 0x02, 0x29, 0x00, 0x09, 0x74, 0x65, 0x78, 0x5f, 0x62, 0x6c, 0x6f, 0x6f, 0x6d, 0x30, 0x00, // ..)..tex_bloom0.
	0x03, 0x00, 0x00, 0x00, 0x00, 0x02, 0x29, 0x00, 0x09, 0x74, 0x65, 0x78, 0x5f, 0x64, 0x65, 0x70, // ......)..tex_dep
	0x74, 0x68, 0x30, 0x00, 0x06, 0x00, 0x00, 0x00, 0x00, 0x02, 0x29, 0x00, 0x84, 0x13, 0x00, 0x00, // th0.......).....
	0x03, 0x02, 0x23, 0x07, 0x00, 0x00, 0x01, 0x00, 0x0b, 0x00, 0x08, 0x00, 0x54, 0x03, 0x00, 0x00, // ..#.........T...
	0x00, 0x00, 0x00, 0x00, 0x11, 0x00, 0x02, 0x00, 0x01, 0x00, 0x00, 0x00, 0x0b, 0x00, 0x06, 0x00, // ................
	0x01, 0x00, 0x00, 0x00, 0x47, 0x4c, 0x53, 0x4c, 0x2e, 0x73, 0x74, 0x64, 0x2e, 0x34, 0x35, 0x30, // ....GLSL.std.450
	0x00, 0x00, 0x00, 0x00, 0x0e, 0x00, 0x03, 0x00, 0x00, 0x00, 0x00, 0x00, 0x01, 0x00, 0x00, 0x00, // ................
	0x0f, 0x00, 0x07, 0x00, 0x04, 0x00, 0x00, 0x00, 0x04, 0x00, 0x00, 0x00, 0x6d, 0x61, 0x69, 0x6e, // ............main
	0x00, 0x00, 0x00, 0x00, 0x91, 0x01, 0x00, 0x00, 0x9c, 0x01, 0x00, 0x00, 0x10, 0x00, 0x03, 0x00, // ................
	0x04, 0x00, 0x00, 0x00, 0x07, 0x00, 0x00, 0x00, 0x03, 0x00, 0x03, 0x00, 0x05, 0x00, 0x00, 0x00, // ................
	0xf4, 0x01, 0x00, 0x00, 0x05, 0x00, 0x04, 0x00, 0x04, 0x00, 0x00, 0x00, 0x6d, 0x61, 0x69, 0x6e, // ............main
	0x00, 0x00, 0x00, 0x00, 0x05, 0x00, 0x08, 0x00, 0x2f, 0x00, 0x00, 0x00, 0x74, 0x65, 0x78, 0x5f, // ......../...tex_
	0x66, 0x62, 0x5f, 0x66, 0x69, 0x6c, 0x74, 0x65, 0x72, 0x65, 0x64, 0x53, 0x61, 0x6d, 0x70, 0x6c, // fb_filteredSampl
	0x65, 0x72, 0x00, 0x00, 0x05, 0x00, 0x08, 0x00, 0x32, 0x00, 0x00, 0x00, 0x74, 0x65, 0x78, 0x5f, // er......2...tex_
	0x66, 0x62, 0x5f, 0x66, 0x69, 0x6c, 0x74, 0x65, 0x72, 0x65, 0x64, 0x54, 0x65, 0x78, 0x74, 0x75, // fb_filteredTextu
	0x72, 0x65, 0x00, 0x00, 0x05, 0x00, 0x07, 0x00, 0x36, 0x00, 0x00, 0x00, 0x74, 0x65, 0x78, 0x5f, // re......6...tex_
	0x62, 0x6c, 0x6f, 0x6f, 0x6d, 0x53, 0x61, 0x6d, 0x70, 0x6c, 0x65, 0x72, 0x00, 0x00, 0x00, 0x00, // bloomSampler....
	0x05, 0x00, 0x07, 0x00, 0x38, 0x00, 0x00, 0x00, 0x74, 0x65, 0x78, 0x5f, 0x62, 0x6c, 0x6f, 0x6f, // ....8...tex_bloo
	0x6d, 0x54, 0x65, 0x78, 0x74, 0x75, 0x72, 0x65, 0x00, 0x00, 0x00, 0x00, 0x05, 0x00, 0x07, 0x00, // mTexture........
	0x3c, 0x00, 0x00, 0x00, 0x74, 0x65, 0x78, 0x5f, 0x64, 0x65, 0x70, 0x74, 0x68, 0x53, 0x61, 0x6d, // <...tex_depthSam
	0x70, 0x6c, 0x65, 0x72, 0x00, 0x00, 0x00, 0x00, 0x05, 0x00, 0x07, 0x00, 0x3e, 0x00, 0x00, 0x00, // pler........>...
	0x74, 0x65, 0x78, 0x5f, 0x64, 0x65, 0x70, 0x74, 0x68, 0x54, 0x65, 0x78, 0x74, 0x75, 0x72, 0x65, // tex_depthTexture
	0x00, 0x00, 0x00, 0x00, 0x05, 0x00, 0x06, 0x00, 0x69, 0x00, 0x00, 0x00, 0x55, 0x6e, 0x69, 0x66, // ........i...Unif
	0x6f, 0x72, 0x6d, 0x42, 0x6c, 0x6f, 0x63, 0x6b, 0x00, 0x00, 0x00, 0x00, 0x06, 0x00, 0x05, 0x00, // ormBlock........
	0x69, 0x00, 0x00, 0x00, 0x00, 0x00, 0x00, 0x00, 0x62, 0x61, 0x6c, 0x6c, 0x73, 0x00, 0x00, 0x00, // i.......balls...
	0x06, 0x00, 0x05, 0x00, 0x69, 0x00, 0x00, 0x00, 0x01, 0x00, 0x00, 0x00, 0x6d, 0x61, 0x74, 0x50, // ....i.......matP
	0x72, 0x6f, 0x6a, 0x00, 0x06, 0x00, 0x06, 0x00, 0x69, 0x00, 0x00, 0x00, 0x02, 0x00, 0x00, 0x00, // roj.....i.......
	0x6d, 0x61, 0x74, 0x50, 0x72, 0x6f, 0x6a, 0x49, 0x6e, 0x76, 0x00, 0x00, 0x06, 0x00, 0x06, 0x00, // matProjInv......
	0x69, 0x00, 0x00, 0x00, 0x03, 0x00, 0x00, 0x00, 0x77, 0x5f, 0x68, 0x5f, 0x68, 0x65, 0x69, 0x67, // i.......w_h_heig
	0x68, 0x74, 0x00, 0x00, 0x05, 0x00, 0x03, 0x00, 0x6b, 0x00, 0x00, 0x00, 0x00, 0x00, 0x00, 0x00, // ht......k.......
	0x05, 0x00, 0x05, 0x00, 0x91, 0x01, 0x00, 0x00, 0x76, 0x5f, 0x74, 0x65, 0x78, 0x63, 0x6f, 0x6f, // ........v_texcoo
	0x72, 0x64, 0x30, 0x00, 0x05, 0x00, 0x06, 0x00, 0x9c, 0x01, 0x00, 0x00, 0x62, 0x67, 0x66, 0x78, // rd0.........bgfx
	0x5f, 0x46, 0x72, 0x61, 0x67, 0x44, 0x61, 0x74, 0x61, 0x30, 0x00, 0x00, 0x47, 0x00, 0x04, 0x00, // _FragData0..G...
	0x2f, 0x00, 0x00, 0x00, 0x21, 0x00, 0x00, 0x00, 0x12, 0x00, 0x00, 0x00, 0x47, 0x00, 0x04, 0x00, // /...!.......G...
	0x2f, 0x00, 0x00, 0x00, 0x22, 0x00, 0x00, 0x00, 0x00, 0x00, 0x00, 0x00, 0x47, 0x00, 0x04, 0x00, // /...".......G...
	0x32, 0x00, 0x00, 0x00, 0x21, 0x00, 0x00, 0x00, 0x02, 0x00, 0x00, 0x00, 0x47, 0x00, 0x04, 0x00, // 2...!.......G...
	0x32, 0x00, 0x00, 0x00, 0x22, 0x00, 0x00, 0x00, 0x00, 0x00, 0x00, 0x00, 0x47, 0x00, 0x04, 0x00, // 2...".......G...
	0x36, 0x00, 0x00, 0x00, 0x21, 0x00, 0x00, 0x00, 0x13, 0x00, 0x00, 0x00, 0x47, 0x00, 0x04, 0x00, // 6...!.......G...
	0x36, 0x00, 0x00, 0x00, 0x22, 0x00, 0x00, 0x00, 0x00, 0x00, 0x00, 0x00, 0x47, 0x00, 0x04, 0x00, // 6...".......G...
	0x38, 0x00, 0x00, 0x00, 0x21, 0x00, 0x00, 0x00, 0x03, 0x00, 0x00, 0x00, 0x47, 0x00, 0x04, 0x00, // 8...!.......G...
	0x38, 0x00, 0x00, 0x00, 0x22, 0x00, 0x00, 0x00, 0x00, 0x00, 0x00, 0x00, 0x47, 0x00, 0x04, 0x00, // 8...".......G...
	0x3c, 0x00, 0x00, 0x00, 0x21, 0x00, 0x00, 0x00, 0x16, 0x00, 0x00, 0x00, 0x47, 0x00, 0x04, 0x00, // <...!.......G...
	0x3c, 0x00, 0x00, 0x00, 0x22, 0x00, 0x00, 0x00, 0x00, 0x00, 0x00, 0x00, 0x47, 0x00, 0x04, 0x00, // <...".......G...
	0x3e, 0x00, 0x00, 0x00, 0x21, 0x00, 0x00, 0x00, 0x06, 0x00, 0x00, 0x00, 0x47, 0x00, 0x04, 0x00, // >...!.......G...
	0x3e, 0x00, 0x00, 0x00, 0x22, 0x00, 0x00, 0x00, 0x00, 0x00, 0x00, 0x00, 0x47, 0x00, 0x04, 0x00, // >...".......G...
	0x67, 0x00, 0x00, 0x00, 0x06, 0x00, 0x00, 0x00, 0x10, 0x00, 0x00, 0x00, 0x47, 0x00, 0x03, 0x00, // g...........G...
	0x69, 0x00, 0x00, 0x00, 0x02, 0x00, 0x00, 0x00, 0x48, 0x00, 0x05, 0x00, 0x69, 0x00, 0x00, 0x00, // i.......H...i...
	0x00, 0x00, 0x00, 0x00, 0x23, 0x00, 0x00, 0x00, 0x00, 0x00, 0x00, 0x00, 0x48, 0x00, 0x04, 0x00, // ....#.......H...
	0x69, 0x00, 0x00, 0x00, 0x01, 0x00, 0x00, 0x00, 0x04, 0x00, 0x00, 0x00, 0x48, 0x00, 0x05, 0x00, // i...........H...
	0x69, 0x00, 0x00, 0x00, 0x01, 0x00, 0x00, 0x00, 0x07, 0x00, 0x00, 0x00, 0x10, 0x00, 0x00, 0x00, // i...............
	0x48, 0x00, 0x05, 0x00, 0x69, 0x00, 0x00, 0x00, 0x01, 0x00, 0x00, 0x00, 0x23, 0x00, 0x00, 0x00, // H...i.......#...
	0x80, 0x00, 0x00, 0x00, 0x48, 0x00, 0x04, 0x00, 0x69, 0x00, 0x00, 0x00, 0x02, 0x00, 0x00, 0x00, // ....H...i.......
	0x04, 0x00, 0x00, 0x00, 0x48, 0x00, 0x05, 0x00, 0x69, 0x00, 0x00, 0x00, 0x02, 0x00, 0x00, 0x00, // ....H...i.......
	0x07, 0x00, 0x00, 0x00, 0x10, 0x00, 0x00, 0x00, 0x48, 0x00, 0x05, 0x00, 0x69, 0x00, 0x00, 0x00, // ........H...i...
	0x02, 0x00, 0x00, 0x00, 0x23, 0x00, 0x00, 0x00, 0xc0, 0x00, 0x00, 0x00, 0x48, 0x00, 0x05, 0x00, // ....#.......H...
	0x69, 0x00, 0x00, 0x00, 0x03, 0x00, 0x00, 0x00, 0x23, 0x00, 0x00, 0x00, 0x00, 0x01, 0x00, 0x00, // i.......#.......
	0x47, 0x00, 0x04, 0x00, 0x6b, 0x00, 0x00, 0x00, 0x21, 0x00, 0x00, 0x00, 0x01, 0x00, 0x00, 0x00, // G...k...!.......
	0x47, 0x00, 0x04, 0x00, 0x6b, 0x00, 0x00, 0x00, 0x22, 0x00, 0x00, 0x00, 0x00, 0x00, 0x00, 0x00, // G...k...".......
	0x47, 0x00, 0x04, 0x00, 0x91, 0x01, 0x00, 0x00, 0x1e, 0x00, 0x00, 0x00, 0x00, 0x00, 0x00, 0x00, // G...............
	0x47, 0x00, 0x04, 0x00, 0x9c, 0x01, 0x00, 0x00, 0x1e, 0x00, 0x00, 0x00, 0x00, 0x00, 0x00, 0x00, // G...............
	0x13, 0x00, 0x02, 0x00, 0x02, 0x00, 0x00, 0x00, 0x21, 0x00, 0x03, 0x00, 0x03, 0x00, 0x00, 0x00, // ........!.......
	0x02, 0x00, 0x00, 0x00, 0x1a, 0x00, 0x02, 0x00, 0x06, 0x00, 0x00, 0x00, 0x16, 0x00, 0x03, 0x00, // ................
	0x07, 0x00, 0x00, 0x00, 0x20, 0x00, 0x00, 0x00, 0x19, 0x00, 0x09, 0x00, 0x08, 0x00, 0x00, 0x00, // .... ...........
	0x07, 0x00, 0x00, 0x00, 0x01, 0x00, 0x00, 0x00, 0x00, 0x00, 0x00, 0x00, 0x00, 0x00, 0x00, 0x00, // ................
	0x00, 0x00, 0x00, 0x00, 0x01, 0x00, 0x00, 0x00, 0x00, 0x00, 0x00, 0x00, 0x17, 0x00, 0x04, 0x00, // ................
	0x0b, 0x00, 0x00, 0x00, 0x07, 0x00, 0x00, 0x00, 0x02, 0x00, 0x00, 0x00, 0x17, 0x00, 0x04, 0x00, // ................
	0x0e, 0x00, 0x00, 0x00, 0x07, 0x00, 0x00, 0x00, 0x04, 0x00, 0x00, 0x00, 0x17, 0x00, 0x04, 0x00, // ................
	0x15, 0x00, 0x00, 0x00, 0x07, 0x00, 0x00, 0x00, 0x03, 0x00, 0x00, 0x00, 0x20, 0x00, 0x04, 0x00, // ............ ...
	0x2e, 0x00, 0x00, 0x00, 0x00, 0x00, 0x00, 0x00, 0x06, 0x00, 0x00, 0x00, 0x3b, 0x00, 0x04, 0x00, // ............;...
	0x2e, 0x00, 0x00, 0x00, 0x2f, 0x00, 0x00, 0x00, 0x00, 0x00, 0x00, 0x00, 0x20, 0x00, 0x04, 0x00, // ..../....... ...
	0x31, 0x00, 0x00, 0x00, 0x00, 0x00, 0x00, 0x00, 0x08, 0x00, 0x00, 0x00, 0x3b, 0x00, 0x04, 0x00, // 1...........;...
	0x31, 0x00, 0x00, 0x00, 0x32, 0x00, 0x00, 0x00, 0x00, 0x00, 0x00, 0x00, 0x3b, 0x00, 0x04, 0x00, // 1...2.......;...
	0x2e, 0x00, 0x00, 0x00, 0x36, 0x00, 0x00, 0x00, 0x00, 0x00, 0x00, 0x00, 0x3b, 0x00, 0x04, 0x00, // ....6.......;...
	0x31, 0x00, 0x00, 0x00, 0x38, 0x00, 0x00, 0x00, 0x00, 0x00, 0x00, 0x00, 0x3b, 0x00, 0x04, 0x00, // 1...8.......;...
	0x2e, 0x00, 0x00, 0x00, 0x3c, 0x00, 0x00, 0x00, 0x00, 0x00, 0x00, 0x00, 0x3b, 0x00, 0x04, 0x00, // ....<.......;...
	0x31, 0x00, 0x00, 0x00, 0x3e, 0x00, 0x00, 0x00, 0x00, 0x00, 0x00, 0x00, 0x15, 0x00, 0x04, 0x00, // 1...>...........
	0x41, 0x00, 0x00, 0x00, 0x20, 0x00, 0x00, 0x00, 0x01, 0x00, 0x00, 0x00, 0x2b, 0x00, 0x04, 0x00, // A... .......+...
	0x41, 0x00, 0x00, 0x00, 0x42, 0x00, 0x00, 0x00, 0x01, 0x00, 0x00, 0x00, 0x2b, 0x00, 0x04, 0x00, // A...B.......+...
	0x41, 0x00, 0x00, 0x00, 0x46, 0x00, 0x00, 0x00, 0x00, 0x00, 0x00, 0x00, 0x1b, 0x00, 0x03, 0x00, // A...F...........
	0x4a, 0x00, 0x00, 0x00, 0x08, 0x00, 0x00, 0x00, 0x2b, 0x00, 0x04, 0x00, 0x07, 0x00, 0x00, 0x00, // J.......+.......
	0x60, 0x00, 0x00, 0x00, 0x00, 0x00, 0x00, 0x00, 0x15, 0x00, 0x04, 0x00, 0x65, 0x00, 0x00, 0x00, // `...........e...
	0x20, 0x00, 0x00, 0x00, 0x00, 0x00, 0x00, 0x00, 0x2b, 0x00, 0x04, 0x00, 0x65, 0x00, 0x00, 0x00, //  .......+...e...
	0x66, 0x00, 0x00, 0x00, 0x08, 0x00, 0x00, 0x00, 0x1c, 0x00, 0x04, 0x00, 0x67, 0x00, 0x00, 0x00, // f...........g...
	0x0e, 0x00, 0x00, 0x00, 0x66, 0x00, 0x00, 0x00, 0x18, 0x00, 0x04, 0x00, 0x68, 0x00, 0x00, 0x00, // ....f.......h...
	0x0e, 0x00, 0x00, 0x00, 0x04, 0x00, 0x00, 0x00, 0x1e, 0x00, 0x06, 0x00, 0x69, 0x00, 0x00, 0x00, // ............i...
	0x67, 0x00, 0x00, 0x00, 0x68, 0x00, 0x00, 0x00, 0x68, 0x00, 0x00, 0x00, 0x0e, 0x00, 0x00, 0x00, // g...h...h.......
	0x20, 0x00, 0x04, 0x00, 0x6a, 0x00, 0x00, 0x00, 0x02, 0x00, 0x00, 0x00, 0x69, 0x00, 0x00, 0x00, //  ...j.......i...
	0x3b, 0x00, 0x04, 0x00, 0x6a, 0x00, 0x00, 0x00, 0x6b, 0x00, 0x00, 0x00, 0x02, 0x00, 0x00, 0x00, // ;...j...k.......
	0x2b, 0x00, 0x04, 0x00, 0x41, 0x00, 0x00, 0x00, 0x6c, 0x00, 0x00, 0x00, 0x03, 0x00, 0x00, 0x00, // +...A...l.......
	0x2b, 0x00, 0x04, 0x00, 0x65, 0x00, 0x00, 0x00, 0x6d, 0x00, 0x00, 0x00, 0x03, 0x00, 0x00, 0x00, // +...e...m.......
	0x20, 0x00, 0x04, 0x00, 0x6e, 0x00, 0x00, 0x00, 0x02, 0x00, 0x00, 0x00, 0x07, 0x00, 0x00, 0x00, //  ...n...........
	0x2b, 0x00, 0x04, 0x00, 0x65, 0x00, 0x00, 0x00, 0x7b, 0x00, 0x00, 0x00, 0x00, 0x00, 0x00, 0x00, // +...e...{.......
	0x2b, 0x00, 0x04, 0x00, 0x07, 0x00, 0x00, 0x00, 0x80, 0x00, 0x00, 0x00, 0x00, 0x00, 0x00, 0x40, // +..............@
	0x2b, 0x00, 0x04, 0x00, 0x07, 0x00, 0x00, 0x00, 0x82, 0x00, 0x00, 0x00, 0x00, 0x00, 0x80, 0x3f, // +..............?
	0x2b, 0x00, 0x04, 0x00, 0x41, 0x00, 0x00, 0x00, 0x8d, 0x00, 0x00, 0x00, 0x02, 0x00, 0x00, 0x00, // +...A...........
	0x20, 0x00, 0x04, 0x00, 0x8e, 0x00, 0x00, 0x00, 0x02, 0x00, 0x00, 0x00, 0x68, 0x00, 0x00, 0x00, //  ...........h...
	0x20, 0x00, 0x04, 0x00, 0xa4, 0x00, 0x00, 0x00, 0x02, 0x00, 0x00, 0x00, 0x0e, 0x00, 0x00, 0x00, //  ...............
	0x2b, 0x00, 0x04, 0x00, 0x07, 0x00, 0x00, 0x00, 0xc3, 0x00, 0x00, 0x00, 0x33, 0x33, 0x93, 0x3f, // +...........33.?
	0x14, 0x00, 0x02, 0x00, 0xcd, 0x00, 0x00, 0x00, 0x2b, 0x00, 0x04, 0x00, 0x07, 0x00, 0x00, 0x00, // ........+.......
	0x54, 0x01, 0x00, 0x00, 0x00, 0x00, 0x00, 0x3f, 0x20, 0x00, 0x04, 0x00, 0x90, 0x01, 0x00, 0x00, // T......? .......
	0x01, 0x00, 0x00, 0x00, 0x0b, 0x00, 0x00, 0x00, 0x3b, 0x00, 0x04, 0x00, 0x90, 0x01, 0x00, 0x00, // ........;.......
	0x91, 0x01, 0x00, 0x00, 0x01, 0x00, 0x00, 0x00, 0x20, 0x00, 0x04, 0x00, 0x9b, 0x01, 0x00, 0x00, // ........ .......
	0x03, 0x00, 0x00, 0x00, 0x0e, 0x00, 0x00, 0x00, 0x3b, 0x00, 0x04, 0x00, 0x9b, 0x01, 0x00, 0x00, // ........;.......
	0x9c, 0x01, 0x00, 0x00, 0x03, 0x00, 0x00, 0x00, 0x2c, 0x00, 0x05, 0x00, 0x0b, 0x00, 0x00, 0x00, // ........,.......
	0x45, 0x03, 0x00, 0x00, 0x54, 0x01, 0x00, 0x00, 0x54, 0x01, 0x00, 0x00, 0x01, 0x00, 0x03, 0x00, // E...T...T.......
	0x0e, 0x00, 0x00, 0x00, 0x53, 0x03, 0x00, 0x00, 0x36, 0x00, 0x05, 0x00, 0x02, 0x00, 0x00, 0x00, // ....S...6.......
	0x04, 0x00, 0x00, 0x00, 0x00, 0x00, 0x00, 0x00, 0x03, 0x00, 0x00, 0x00, 0xf8, 0x00, 0x02, 0x00, // ................
	0x05, 0x00, 0x00, 0x00, 0x3d, 0x00, 0x04, 0x00, 0x06, 0x00, 0x00, 0x00, 0x30, 0x00, 0x00, 0x00, // ....=.......0...
	0x2f, 0x00, 0x00, 0x00, 0x3d, 0x00, 0x04, 0x00, 0x08, 0x00, 0x00, 0x00, 0x33, 0x00, 0x00, 0x00, // /...=.......3...
	0x32, 0x00, 0x00, 0x00, 0x3d, 0x00, 0x04, 0x00, 0x06, 0x00, 0x00, 0x00, 0x37, 0x00, 0x00, 0x00, // 2...=.......7...
	0x36, 0x00, 0x00, 0x00, 0x3d, 0x00, 0x04, 0x00, 0x08, 0x00, 0x00, 0x00, 0x39, 0x00, 0x00, 0x00, // 6...=.......9...
	0x38, 0x00, 0x00, 0x00, 0x3d, 0x00, 0x04, 0x00, 0x06, 0x00, 0x00, 0x00, 0x3d, 0x00, 0x00, 0x00, // 8...=.......=...
	0x3c, 0x00, 0x00, 0x00, 0x3d, 0x00, 0x04, 0x00, 0x08, 0x00, 0x00, 0x00, 0x3f, 0x00, 0x00, 0x00, // <...=.......?...
	0x3e, 0x00, 0x00, 0x00, 0x3d, 0x00, 0x04, 0x00, 0x0b, 0x00, 0x00, 0x00, 0x92, 0x01, 0x00, 0x00, // >...=...........
	0x91, 0x01, 0x00, 0x00, 0xf7, 0x00, 0x03, 0x00, 0xcc, 0x02, 0x00, 0x00, 0x00, 0x00, 0x00, 0x00, // ................
	0xfb, 0x00, 0x03, 0x00, 0x7b, 0x00, 0x00, 0x00, 0xea, 0x01, 0x00, 0x00, 0xf8, 0x00, 0x02, 0x00, // ....{...........
	0xea, 0x01, 0x00, 0x00, 0x41, 0x00, 0x06, 0x00, 0x6e, 0x00, 0x00, 0x00, 0xec, 0x01, 0x00, 0x00, // ....A...n.......
	0x6b, 0x00, 0x00, 0x00, 0x6c, 0x00, 0x00, 0x00, 0x6d, 0x00, 0x00, 0x00, 0x3d, 0x00, 0x04, 0x00, // k...l...m...=...
	0x07, 0x00, 0x00, 0x00, 0xed, 0x01, 0x00, 0x00, 0xec, 0x01, 0x00, 0x00, 0x6e, 0x00, 0x04, 0x00, // ............n...
	0x41, 0x00, 0x00, 0x00, 0xee, 0x01, 0x00, 0x00, 0xed, 0x01, 0x00, 0x00, 0x56, 0x00, 0x05, 0x00, // A...........V...
	0x4a, 0x00, 0x00, 0x00, 0xd7, 0x02, 0x00, 0x00, 0x3f, 0x00, 0x00, 0x00, 0x3d, 0x00, 0x00, 0x00, // J.......?...=...
	0x58, 0x00, 0x07, 0x00, 0x0e, 0x00, 0x00, 0x00, 0xda, 0x02, 0x00, 0x00, 0xd7, 0x02, 0x00, 0x00, // X...............
	0x92, 0x01, 0x00, 0x00, 0x02, 0x00, 0x00, 0x00, 0x60, 0x00, 0x00, 0x00, 0x51, 0x00, 0x05, 0x00, // ........`...Q...
	0x07, 0x00, 0x00, 0x00, 0xf3, 0x01, 0x00, 0x00, 0xda, 0x02, 0x00, 0x00, 0x00, 0x00, 0x00, 0x00, // ................
	0x51, 0x00, 0x05, 0x00, 0x07, 0x00, 0x00, 0x00, 0xf5, 0x01, 0x00, 0x00, 0x92, 0x01, 0x00, 0x00, // Q...............
	0x00, 0x00, 0x00, 0x00, 0x85, 0x00, 0x05, 0x00, 0x07, 0x00, 0x00, 0x00, 0xf6, 0x01, 0x00, 0x00, // ................
	0xf5, 0x01, 0x00, 0x00, 0x80, 0x00, 0x00, 0x00, 0x83, 0x00, 0x05, 0x00, 0x07, 0x00, 0x00, 0x00, // ................
	0xf7, 0x01, 0x00, 0x00, 0xf6, 0x01, 0x00, 0x00, 0x82, 0x00, 0x00, 0x00, 0x51, 0x00, 0x05, 0x00, // ............Q...
	0x07, 0x00, 0x00, 0x00, 0xf9, 0x01, 0x00, 0x00, 0x92, 0x01, 0x00, 0x00, 0x01, 0x00, 0x00, 0x00, // ................
	0x85, 0x00, 0x05, 0x00, 0x07, 0x00, 0x00, 0x00, 0xfa, 0x01, 0x00, 0x00, 0xf9, 0x01, 0x00, 0x00, // ................
	0x80, 0x00, 0x00, 0x00, 0x83, 0x00, 0x05, 0x00, 0x07, 0x00, 0x00, 0x00, 0xfb, 0x01, 0x00, 0x00, // ................
	0x82, 0x00, 0x00, 0x00, 0xfa, 0x01, 0x00, 0x00, 0x50, 0x00, 0x07, 0x00, 0x0e, 0x00, 0x00, 0x00, // ........P.......
	0xfd, 0x01, 0x00, 0x00, 0xf7, 0x01, 0x00, 0x00, 0xfb, 0x01, 0x00, 0x00, 0xf3, 0x01, 0x00, 0x00, // ................
	0x82, 0x00, 0x00, 0x00, 0x41, 0x00, 0x05, 0x00, 0x8e, 0x00, 0x00, 0x00, 0xff, 0x01, 0x00, 0x00, // ....A...........
	0x6b, 0x00, 0x00, 0x00, 0x8d, 0x00, 0x00, 0x00, 0x3d, 0x00, 0x04, 0x00, 0x68, 0x00, 0x00, 0x00, // k.......=...h...
	0x00, 0x02, 0x00, 0x00, 0xff, 0x01, 0x00, 0x00, 0x90, 0x00, 0x05, 0x00, 0x0e, 0x00, 0x00, 0x00, // ................
	0x01, 0x02, 0x00, 0x00, 0xfd, 0x01, 0x00, 0x00, 0x00, 0x02, 0x00, 0x00, 0x51, 0x00, 0x05, 0x00, // ............Q...
	0x07, 0x00, 0x00, 0x00, 0x03, 0x02, 0x00, 0x00, 0x01, 0x02, 0x00, 0x00, 0x03, 0x00, 0x00, 0x00, // ................
	0x4f, 0x00, 0x08, 0x00, 0x15, 0x00, 0x00, 0x00, 0x05, 0x02, 0x00, 0x00, 0x01, 0x02, 0x00, 0x00, // O...............
	0x01, 0x02, 0x00, 0x00, 0x00, 0x00, 0x00, 0x00, 0x01, 0x00, 0x00, 0x00, 0x02, 0x00, 0x00, 0x00, // ................
	0x50, 0x00, 0x06, 0x00, 0x15, 0x00, 0x00, 0x00, 0x06, 0x02, 0x00, 0x00, 0x03, 0x02, 0x00, 0x00, // P...............
	0x03, 0x02, 0x00, 0x00, 0x03, 0x02, 0x00, 0x00, 0x88, 0x00, 0x05, 0x00, 0x15, 0x00, 0x00, 0x00, // ................
	0x07, 0x02, 0x00, 0x00, 0x05, 0x02, 0x00, 0x00, 0x06, 0x02, 0x00, 0x00, 0x51, 0x00, 0x05, 0x00, // ............Q...
	0x07, 0x00, 0x00, 0x00, 0x09, 0x02, 0x00, 0x00, 0x07, 0x02, 0x00, 0x00, 0x00, 0x00, 0x00, 0x00, // ................
	0x52, 0x00, 0x06, 0x00, 0x0e, 0x00, 0x00, 0x00, 0x2f, 0x03, 0x00, 0x00, 0x09, 0x02, 0x00, 0x00, // R......./.......
	0x53, 0x03, 0x00, 0x00, 0x00, 0x00, 0x00, 0x00, 0x51, 0x00, 0x05, 0x00, 0x07, 0x00, 0x00, 0x00, // S.......Q.......
	0x0b, 0x02, 0x00, 0x00, 0x07, 0x02, 0x00, 0x00, 0x01, 0x00, 0x00, 0x00, 0x52, 0x00, 0x06, 0x00, // ............R...
	0x0e, 0x00, 0x00, 0x00, 0x31, 0x03, 0x00, 0x00, 0x0b, 0x02, 0x00, 0x00, 0x2f, 0x03, 0x00, 0x00, // ....1......./...
	0x01, 0x00, 0x00, 0x00, 0x51, 0x00, 0x05, 0x00, 0x07, 0x00, 0x00, 0x00, 0x0d, 0x02, 0x00, 0x00, // ....Q...........
	0x07, 0x02, 0x00, 0x00, 0x02, 0x00, 0x00, 0x00, 0x52, 0x00, 0x06, 0x00, 0x0e, 0x00, 0x00, 0x00, // ........R.......
	0x33, 0x03, 0x00, 0x00, 0x0d, 0x02, 0x00, 0x00, 0x31, 0x03, 0x00, 0x00, 0x02, 0x00, 0x00, 0x00, // 3.......1.......
	0x4f, 0x00, 0x08, 0x00, 0x15, 0x00, 0x00, 0x00, 0x0f, 0x02, 0x00, 0x00, 0x33, 0x03, 0x00, 0x00, // O...........3...
	0x33, 0x03, 0x00, 0x00, 0x00, 0x00, 0x00, 0x00, 0x01, 0x00, 0x00, 0x00, 0x02, 0x00, 0x00, 0x00, // 3...............
	0x0c, 0x00, 0x06, 0x00, 0x15, 0x00, 0x00, 0x00, 0x10, 0x02, 0x00, 0x00, 0x01, 0x00, 0x00, 0x00, // ................
	0x45, 0x00, 0x00, 0x00, 0x0f, 0x02, 0x00, 0x00, 0x41, 0x00, 0x06, 0x00, 0xa4, 0x00, 0x00, 0x00, // E.......A.......
	0x11, 0x02, 0x00, 0x00, 0x6b, 0x00, 0x00, 0x00, 0x46, 0x00, 0x00, 0x00, 0x46, 0x00, 0x00, 0x00, // ....k...F...F...
	0x3d, 0x00, 0x04, 0x00, 0x0e, 0x00, 0x00, 0x00, 0x12, 0x02, 0x00, 0x00, 0x11, 0x02, 0x00, 0x00, // =...............
	0x4f, 0x00, 0x08, 0x00, 0x15, 0x00, 0x00, 0x00, 0x13, 0x02, 0x00, 0x00, 0x12, 0x02, 0x00, 0x00, // O...............
	0x12, 0x02, 0x00, 0x00, 0x00, 0x00, 0x00, 0x00, 0x01, 0x00, 0x00, 0x00, 0x02, 0x00, 0x00, 0x00, // ................
	0x41, 0x00, 0x06, 0x00, 0xa4, 0x00, 0x00, 0x00, 0x14, 0x02, 0x00, 0x00, 0x6b, 0x00, 0x00, 0x00, // A...........k...
	0x46, 0x00, 0x00, 0x00, 0x42, 0x00, 0x00, 0x00, 0x3d, 0x00, 0x04, 0x00, 0x0e, 0x00, 0x00, 0x00, // F...B...=.......
	0x15, 0x02, 0x00, 0x00, 0x14, 0x02, 0x00, 0x00, 0x4f, 0x00, 0x08, 0x00, 0x15, 0x00, 0x00, 0x00, // ........O.......
	0x16, 0x02, 0x00, 0x00, 0x15, 0x02, 0x00, 0x00, 0x15, 0x02, 0x00, 0x00, 0x00, 0x00, 0x00, 0x00, // ................
	0x01, 0x00, 0x00, 0x00, 0x02, 0x00, 0x00, 0x00, 0x41, 0x00, 0x07, 0x00, 0x6e, 0x00, 0x00, 0x00, // ........A...n...
	0x17, 0x02, 0x00, 0x00, 0x6b, 0x00, 0x00, 0x00, 0x46, 0x00, 0x00, 0x00, 0x46, 0x00, 0x00, 0x00, // ....k...F...F...
	0x6d, 0x00, 0x00, 0x00, 0x3d, 0x00, 0x04, 0x00, 0x07, 0x00, 0x00, 0x00, 0x18, 0x02, 0x00, 0x00, // m...=...........
	0x17, 0x02, 0x00, 0x00, 0x85, 0x00, 0x05, 0x00, 0x07, 0x00, 0x00, 0x00, 0x1b, 0x02, 0x00, 0x00, // ................
	0x18, 0x02, 0x00, 0x00, 0x18, 0x02, 0x00, 0x00, 0x56, 0x00, 0x05, 0x00, 0x4a, 0x00, 0x00, 0x00, // ........V...J...
	0xe1, 0x02, 0x00, 0x00, 0x33, 0x00, 0x00, 0x00, 0x30, 0x00, 0x00, 0x00, 0x58, 0x00, 0x07, 0x00, // ....3...0...X...
	0x0e, 0x00, 0x00, 0x00, 0xe4, 0x02, 0x00, 0x00, 0xe1, 0x02, 0x00, 0x00, 0x92, 0x01, 0x00, 0x00, // ................
	0x02, 0x00, 0x00, 0x00, 0x60, 0x00, 0x00, 0x00, 0x4f, 0x00, 0x08, 0x00, 0x15, 0x00, 0x00, 0x00, // ....`...O.......
	0x1f, 0x02, 0x00, 0x00, 0xe4, 0x02, 0x00, 0x00, 0xe4, 0x02, 0x00, 0x00, 0x00, 0x00, 0x00, 0x00, // ................
	0x01, 0x00, 0x00, 0x00, 0x02, 0x00, 0x00, 0x00, 0x94, 0x00, 0x05, 0x00, 0x07, 0x00, 0x00, 0x00, // ................
	0x22, 0x02, 0x00, 0x00, 0x10, 0x02, 0x00, 0x00, 0x13, 0x02, 0x00, 0x00, 0x94, 0x00, 0x05, 0x00, // "...............
	0x07, 0x00, 0x00, 0x00, 0x25, 0x02, 0x00, 0x00, 0x13, 0x02, 0x00, 0x00, 0x13, 0x02, 0x00, 0x00, // ....%...........
	0x85, 0x00, 0x05, 0x00, 0x07, 0x00, 0x00, 0x00, 0x27, 0x02, 0x00, 0x00, 0x1b, 0x02, 0x00, 0x00, // ........'.......
	0xc3, 0x00, 0x00, 0x00, 0x83, 0x00, 0x05, 0x00, 0x07, 0x00, 0x00, 0x00, 0x28, 0x02, 0x00, 0x00, // ............(...
	0x25, 0x02, 0x00, 0x00, 0x27, 0x02, 0x00, 0x00, 0x85, 0x00, 0x05, 0x00, 0x07, 0x00, 0x00, 0x00, // %...'...........
	0x2b, 0x02, 0x00, 0x00, 0x22, 0x02, 0x00, 0x00, 0x22, 0x02, 0x00, 0x00, 0x83, 0x00, 0x05, 0x00, // +..."...".......
	0x07, 0x00, 0x00, 0x00, 0x2d, 0x02, 0x00, 0x00, 0x2b, 0x02, 0x00, 0x00, 0x28, 0x02, 0x00, 0x00, // ....-...+...(...
	0xb8, 0x00, 0x05, 0x00, 0xcd, 0x00, 0x00, 0x00, 0x2f, 0x02, 0x00, 0x00, 0x2d, 0x02, 0x00, 0x00, // ......../...-...
	0x60, 0x00, 0x00, 0x00, 0xf7, 0x00, 0x03, 0x00, 0x4a, 0x02, 0x00, 0x00, 0x00, 0x00, 0x00, 0x00, // `.......J.......
	0xfa, 0x00, 0x04, 0x00, 0x2f, 0x02, 0x00, 0x00, 0x30, 0x02, 0x00, 0x00, 0x32, 0x02, 0x00, 0x00, // ..../...0...2...
	0xf8, 0x00, 0x02, 0x00, 0x30, 0x02, 0x00, 0x00, 0xf9, 0x00, 0x02, 0x00, 0x4a, 0x02, 0x00, 0x00, // ....0.......J...
	0xf8, 0x00, 0x02, 0x00, 0x32, 0x02, 0x00, 0x00, 0x0c, 0x00, 0x06, 0x00, 0x07, 0x00, 0x00, 0x00, // ....2...........
	0x35, 0x02, 0x00, 0x00, 0x01, 0x00, 0x00, 0x00, 0x1f, 0x00, 0x00, 0x00, 0x2d, 0x02, 0x00, 0x00, // 5...........-...
	0x83, 0x00, 0x05, 0x00, 0x07, 0x00, 0x00, 0x00, 0x36, 0x02, 0x00, 0x00, 0x22, 0x02, 0x00, 0x00, // ........6..."...
	0x35, 0x02, 0x00, 0x00, 0x51, 0x00, 0x05, 0x00, 0x07, 0x00, 0x00, 0x00, 0x38, 0x02, 0x00, 0x00, // 5...Q.......8...
	0x10, 0x02, 0x00, 0x00, 0x02, 0x00, 0x00, 0x00, 0x85, 0x00, 0x05, 0x00, 0x07, 0x00, 0x00, 0x00, // ................
	0x39, 0x02, 0x00, 0x00, 0x36, 0x02, 0x00, 0x00, 0x38, 0x02, 0x00, 0x00, 0x81, 0x00, 0x05, 0x00, // 9...6...8.......
	0x07, 0x00, 0x00, 0x00, 0x3d, 0x02, 0x00, 0x00, 0x39, 0x02, 0x00, 0x00, 0x82, 0x00, 0x00, 0x00, // ....=...9.......
	0xba, 0x00, 0x05, 0x00, 0xcd, 0x00, 0x00, 0x00, 0x3e, 0x02, 0x00, 0x00, 0x0d, 0x02, 0x00, 0x00, // ........>.......
	0x3d, 0x02, 0x00, 0x00, 0xf7, 0x00, 0x03, 0x00, 0x45, 0x02, 0x00, 0x00, 0x00, 0x00, 0x00, 0x00, // =.......E.......
	0xfa, 0x00, 0x04, 0x00, 0x3e, 0x02, 0x00, 0x00, 0x3f, 0x02, 0x00, 0x00, 0x45, 0x02, 0x00, 0x00, // ....>...?...E...
	0xf8, 0x00, 0x02, 0x00, 0x3f, 0x02, 0x00, 0x00, 0x51, 0x00, 0x05, 0x00, 0x07, 0x00, 0x00, 0x00, // ....?...Q.......
	0x41, 0x02, 0x00, 0x00, 0xe4, 0x02, 0x00, 0x00, 0x00, 0x00, 0x00, 0x00, 0x51, 0x00, 0x05, 0x00, // A...........Q...
	0x07, 0x00, 0x00, 0x00, 0x42, 0x02, 0x00, 0x00, 0xe4, 0x02, 0x00, 0x00, 0x01, 0x00, 0x00, 0x00, // ....B...........
	0x51, 0x00, 0x05, 0x00, 0x07, 0x00, 0x00, 0x00, 0x43, 0x02, 0x00, 0x00, 0xe4, 0x02, 0x00, 0x00, // Q.......C.......
	0x02, 0x00, 0x00, 0x00, 0x50, 0x00, 0x07, 0x00, 0x0e, 0x00, 0x00, 0x00, 0x44, 0x02, 0x00, 0x00, // ....P.......D...
	0x41, 0x02, 0x00, 0x00, 0x42, 0x02, 0x00, 0x00, 0x43, 0x02, 0x00, 0x00, 0x82, 0x00, 0x00, 0x00, // A...B...C.......
	0xf9, 0x00, 0x02, 0x00, 0xcc, 0x02, 0x00, 0x00, 0xf8, 0x00, 0x02, 0x00, 0x45, 0x02, 0x00, 0x00, // ............E...
	0x56, 0x00, 0x05, 0x00, 0x4a, 0x00, 0x00, 0x00, 0xeb, 0x02, 0x00, 0x00, 0x39, 0x00, 0x00, 0x00, // V...J.......9...
	0x37, 0x00, 0x00, 0x00, 0x58, 0x00, 0x07, 0x00, 0x0e, 0x00, 0x00, 0x00, 0xee, 0x02, 0x00, 0x00, // 7...X...........
	0xeb, 0x02, 0x00, 0x00, 0x92, 0x01, 0x00, 0x00, 0x02, 0x00, 0x00, 0x00, 0x60, 0x00, 0x00, 0x00, // ............`...
	0x4f, 0x00, 0x08, 0x00, 0x15, 0x00, 0x00, 0x00, 0x49, 0x02, 0x00, 0x00, 0xee, 0x02, 0x00, 0x00, // O.......I.......
	0xee, 0x02, 0x00, 0x00, 0x00, 0x00, 0x00, 0x00, 0x01, 0x00, 0x00, 0x00, 0x02, 0x00, 0x00, 0x00, // ................
	0xf9, 0x00, 0x02, 0x00, 0x4a, 0x02, 0x00, 0x00, 0xf8, 0x00, 0x02, 0x00, 0x4a, 0x02, 0x00, 0x00, // ....J.......J...
	0xf5, 0x00, 0x07, 0x00, 0x15, 0x00, 0x00, 0x00, 0x4c, 0x03, 0x00, 0x00, 0x1f, 0x02, 0x00, 0x00, // ........L.......
	0x30, 0x02, 0x00, 0x00, 0x49, 0x02, 0x00, 0x00, 0x45, 0x02, 0x00, 0x00, 0xf9, 0x00, 0x02, 0x00, // 0...I...E.......
	0x4b, 0x02, 0x00, 0x00, 0xf8, 0x00, 0x02, 0x00, 0x4b, 0x02, 0x00, 0x00, 0xf5, 0x00, 0x07, 0x00, // K.......K.......
	0x15, 0x00, 0x00, 0x00, 0x48, 0x03, 0x00, 0x00, 0x1f, 0x02, 0x00, 0x00, 0x4a, 0x02, 0x00, 0x00, // ....H.......J...
	0x4e, 0x03, 0x00, 0x00, 0xbf, 0x02, 0x00, 0x00, 0xf5, 0x00, 0x07, 0x00, 0x41, 0x00, 0x00, 0x00, // N...........A...
	0x47, 0x03, 0x00, 0x00, 0x42, 0x00, 0x00, 0x00, 0x4a, 0x02, 0x00, 0x00, 0xc1, 0x02, 0x00, 0x00, // G...B...J.......
	0xbf, 0x02, 0x00, 0x00, 0xb1, 0x00, 0x05, 0x00, 0xcd, 0x00, 0x00, 0x00, 0x4f, 0x02, 0x00, 0x00, // ............O...
	0x47, 0x03, 0x00, 0x00, 0xee, 0x01, 0x00, 0x00, 0xf6, 0x00, 0x04, 0x00, 0xc2, 0x02, 0x00, 0x00, // G...............
	0xbf, 0x02, 0x00, 0x00, 0x00, 0x00, 0x00, 0x00, 0xfa, 0x00, 0x04, 0x00, 0x4f, 0x02, 0x00, 0x00, // ............O...
	0x50, 0x02, 0x00, 0x00, 0xc2, 0x02, 0x00, 0x00, 0xf8, 0x00, 0x02, 0x00, 0x50, 0x02, 0x00, 0x00, // P...........P...
	0x6f, 0x00, 0x04, 0x00, 0x07, 0x00, 0x00, 0x00, 0x52, 0x02, 0x00, 0x00, 0x47, 0x03, 0x00, 0x00, // o.......R...G...
	0x88, 0x00, 0x05, 0x00, 0x07, 0x00, 0x00, 0x00, 0x55, 0x02, 0x00, 0x00, 0x52, 0x02, 0x00, 0x00, // ........U...R...
	0xed, 0x01, 0x00, 0x00, 0x50, 0x00, 0x06, 0x00, 0x15, 0x00, 0x00, 0x00, 0x57, 0x02, 0x00, 0x00, // ....P.......W...
	0x55, 0x02, 0x00, 0x00, 0x55, 0x02, 0x00, 0x00, 0x55, 0x02, 0x00, 0x00, 0x0c, 0x00, 0x08, 0x00, // U...U...U.......
	0x15, 0x00, 0x00, 0x00, 0xf4, 0x02, 0x00, 0x00, 0x01, 0x00, 0x00, 0x00, 0x2e, 0x00, 0x00, 0x00, // ................
	0x16, 0x02, 0x00, 0x00, 0x13, 0x02, 0x00, 0x00, 0x57, 0x02, 0x00, 0x00, 0x94, 0x00, 0x05, 0x00, // ........W.......
	0x07, 0x00, 0x00, 0x00, 0x5d, 0x02, 0x00, 0x00, 0x10, 0x02, 0x00, 0x00, 0xf4, 0x02, 0x00, 0x00, // ....]...........
	0x94, 0x00, 0x05, 0x00, 0x07, 0x00, 0x00, 0x00, 0x60, 0x02, 0x00, 0x00, 0xf4, 0x02, 0x00, 0x00, // ........`.......
	0xf4, 0x02, 0x00, 0x00, 0x83, 0x00, 0x05, 0x00, 0x07, 0x00, 0x00, 0x00, 0x62, 0x02, 0x00, 0x00, // ............b...
	0x60, 0x02, 0x00, 0x00, 0x1b, 0x02, 0x00, 0x00, 0x85, 0x00, 0x05, 0x00, 0x07, 0x00, 0x00, 0x00, // `...............
	0x65, 0x02, 0x00, 0x00, 0x5d, 0x02, 0x00, 0x00, 0x5d, 0x02, 0x00, 0x00, 0x83, 0x00, 0x05, 0x00, // e...]...].......
	0x07, 0x00, 0x00, 0x00, 0x67, 0x02, 0x00, 0x00, 0x65, 0x02, 0x00, 0x00, 0x62, 0x02, 0x00, 0x00, // ....g...e...b...
	0xb8, 0x00, 0x05, 0x00, 0xcd, 0x00, 0x00, 0x00, 0x69, 0x02, 0x00, 0x00, 0x67, 0x02, 0x00, 0x00, // ........i...g...
	0x60, 0x00, 0x00, 0x00, 0xf7, 0x00, 0x03, 0x00, 0xbe, 0x02, 0x00, 0x00, 0x00, 0x00, 0x00, 0x00, // `...............
	0xfa, 0x00, 0x04, 0x00, 0x69, 0x02, 0x00, 0x00, 0x6a, 0x02, 0x00, 0x00, 0x6e, 0x02, 0x00, 0x00, // ....i...j...n...
	0xf8, 0x00, 0x02, 0x00, 0x6a, 0x02, 0x00, 0x00, 0x81, 0x00, 0x05, 0x00, 0x15, 0x00, 0x00, 0x00, // ....j...........
	0x6d, 0x02, 0x00, 0x00, 0x48, 0x03, 0x00, 0x00, 0x4c, 0x03, 0x00, 0x00, 0xf9, 0x00, 0x02, 0x00, // m...H...L.......
	0xbe, 0x02, 0x00, 0x00, 0xf8, 0x00, 0x02, 0x00, 0x6e, 0x02, 0x00, 0x00, 0x0c, 0x00, 0x06, 0x00, // ........n.......
	0x07, 0x00, 0x00, 0x00, 0x71, 0x02, 0x00, 0x00, 0x01, 0x00, 0x00, 0x00, 0x1f, 0x00, 0x00, 0x00, // ....q...........
	0x67, 0x02, 0x00, 0x00, 0x83, 0x00, 0x05, 0x00, 0x07, 0x00, 0x00, 0x00, 0x72, 0x02, 0x00, 0x00, // g...........r...
	0x5d, 0x02, 0x00, 0x00, 0x71, 0x02, 0x00, 0x00, 0x8e, 0x00, 0x05, 0x00, 0x15, 0x00, 0x00, 0x00, // ]...q...........
	0x74, 0x02, 0x00, 0x00, 0x10, 0x02, 0x00, 0x00, 0x72, 0x02, 0x00, 0x00, 0x83, 0x00, 0x05, 0x00, // t.......r.......
	0x15, 0x00, 0x00, 0x00, 0x76, 0x02, 0x00, 0x00, 0x74, 0x02, 0x00, 0x00, 0xf4, 0x02, 0x00, 0x00, // ....v...t.......
	0x81, 0x00, 0x05, 0x00, 0x15, 0x00, 0x00, 0x00, 0x79, 0x02, 0x00, 0x00, 0x16, 0x02, 0x00, 0x00, // ........y.......
	0x76, 0x02, 0x00, 0x00, 0x51, 0x00, 0x05, 0x00, 0x07, 0x00, 0x00, 0x00, 0x7a, 0x02, 0x00, 0x00, // v...Q.......z...
	0x79, 0x02, 0x00, 0x00, 0x00, 0x00, 0x00, 0x00, 0x51, 0x00, 0x05, 0x00, 0x07, 0x00, 0x00, 0x00, // y.......Q.......
	0x7b, 0x02, 0x00, 0x00, 0x79, 0x02, 0x00, 0x00, 0x01, 0x00, 0x00, 0x00, 0x51, 0x00, 0x05, 0x00, // {...y.......Q...
	0x07, 0x00, 0x00, 0x00, 0x7c, 0x02, 0x00, 0x00, 0x79, 0x02, 0x00, 0x00, 0x02, 0x00, 0x00, 0x00, // ....|...y.......
	0x50, 0x00, 0x07, 0x00, 0x0e, 0x00, 0x00, 0x00, 0x7d, 0x02, 0x00, 0x00, 0x7a, 0x02, 0x00, 0x00, // P.......}...z...
	0x7b, 0x02, 0x00, 0x00, 0x7c, 0x02, 0x00, 0x00, 0x82, 0x00, 0x00, 0x00, 0x41, 0x00, 0x05, 0x00, // {...|.......A...
	0x8e, 0x00, 0x00, 0x00, 0x7e, 0x02, 0x00, 0x00, 0x6b, 0x00, 0x00, 0x00, 0x42, 0x00, 0x00, 0x00, // ....~...k...B...
	0x3d, 0x00, 0x04, 0x00, 0x68, 0x00, 0x00, 0x00, 0x7f, 0x02, 0x00, 0x00, 0x7e, 0x02, 0x00, 0x00, // =...h.......~...
	0x90, 0x00, 0x05, 0x00, 0x0e, 0x00, 0x00, 0x00, 0x80, 0x02, 0x00, 0x00, 0x7d, 0x02, 0x00, 0x00, // ............}...
	0x7f, 0x02, 0x00, 0x00, 0x81, 0x00, 0x05, 0x00, 0x15, 0x00, 0x00, 0x00, 0x83, 0x02, 0x00, 0x00, // ................
	0x13, 0x02, 0x00, 0x00, 0x76, 0x02, 0x00, 0x00, 0x51, 0x00, 0x05, 0x00, 0x07, 0x00, 0x00, 0x00, // ....v...Q.......
	0x84, 0x02, 0x00, 0x00, 0x83, 0x02, 0x00, 0x00, 0x00, 0x00, 0x00, 0x00, 0x51, 0x00, 0x05, 0x00, // ............Q...
	0x07, 0x00, 0x00, 0x00, 0x85, 0x02, 0x00, 0x00, 0x83, 0x02, 0x00, 0x00, 0x01, 0x00, 0x00, 0x00, // ................
	0x51, 0x00, 0x05, 0x00, 0x07, 0x00, 0x00, 0x00, 0x86, 0x02, 0x00, 0x00, 0x83, 0x02, 0x00, 0x00, // Q...............
	0x02, 0x00, 0x00, 0x00, 0x50, 0x00, 0x07, 0x00, 0x0e, 0x00, 0x00, 0x00, 0x87, 0x02, 0x00, 0x00, // ....P...........
	0x84, 0x02, 0x00, 0x00, 0x85, 0x02, 0x00, 0x00, 0x86, 0x02, 0x00, 0x00, 0x82, 0x00, 0x00, 0x00, // ................
	0x90, 0x00, 0x05, 0x00, 0x0e, 0x00, 0x00, 0x00, 0x8a, 0x02, 0x00, 0x00, 0x87, 0x02, 0x00, 0x00, // ................
	0x7f, 0x02, 0x00, 0x00, 0x51, 0x00, 0x05, 0x00, 0x07, 0x00, 0x00, 0x00, 0x8c, 0x02, 0x00, 0x00, // ....Q...........
	0x80, 0x02, 0x00, 0x00, 0x03, 0x00, 0x00, 0x00, 0x4f, 0x00, 0x07, 0x00, 0x0b, 0x00, 0x00, 0x00, // ........O.......
	0x8e, 0x02, 0x00, 0x00, 0x80, 0x02, 0x00, 0x00, 0x80, 0x02, 0x00, 0x00, 0x00, 0x00, 0x00, 0x00, // ................
	0x01, 0x00, 0x00, 0x00, 0x50, 0x00, 0x05, 0x00, 0x0b, 0x00, 0x00, 0x00, 0x8f, 0x02, 0x00, 0x00, // ....P...........
	0x8c, 0x02, 0x00, 0x00, 0x8c, 0x02, 0x00, 0x00, 0x88, 0x00, 0x05, 0x00, 0x0b, 0x00, 0x00, 0x00, // ................
	0x90, 0x02, 0x00, 0x00, 0x8e, 0x02, 0x00, 0x00, 0x8f, 0x02, 0x00, 0x00, 0x51, 0x00, 0x05, 0x00, // ............Q...
	0x07, 0x00, 0x00, 0x00, 0x92, 0x02, 0x00, 0x00, 0x90, 0x02, 0x00, 0x00, 0x00, 0x00, 0x00, 0x00, // ................
	0x51, 0x00, 0x05, 0x00, 0x07, 0x00, 0x00, 0x00, 0x94, 0x02, 0x00, 0x00, 0x90, 0x02, 0x00, 0x00, // Q...............
	0x01, 0x00, 0x00, 0x00, 0x51, 0x00, 0x05, 0x00, 0x07, 0x00, 0x00, 0x00, 0x96, 0x02, 0x00, 0x00, // ....Q...........
	0x8a, 0x02, 0x00, 0x00, 0x03, 0x00, 0x00, 0x00, 0x4f, 0x00, 0x07, 0x00, 0x0b, 0x00, 0x00, 0x00, // ........O.......
	0x98, 0x02, 0x00, 0x00, 0x8a, 0x02, 0x00, 0x00, 0x8a, 0x02, 0x00, 0x00, 0x00, 0x00, 0x00, 0x00, // ................
	0x01, 0x00, 0x00, 0x00, 0x50, 0x00, 0x05, 0x00, 0x0b, 0x00, 0x00, 0x00, 0x99, 0x02, 0x00, 0x00, // ....P...........
	0x96, 0x02, 0x00, 0x00, 0x96, 0x02, 0x00, 0x00, 0x88, 0x00, 0x05, 0x00, 0x0b, 0x00, 0x00, 0x00, // ................
	0x9a, 0x02, 0x00, 0x00, 0x98, 0x02, 0x00, 0x00, 0x99, 0x02, 0x00, 0x00, 0x51, 0x00, 0x05, 0x00, // ............Q...
	0x07, 0x00, 0x00, 0x00, 0x9c, 0x02, 0x00, 0x00, 0x9a, 0x02, 0x00, 0x00, 0x00, 0x00, 0x00, 0x00, // ................
	0x51, 0x00, 0x05, 0x00, 0x07, 0x00, 0x00, 0x00, 0x9e, 0x02, 0x00, 0x00, 0x9a, 0x02, 0x00, 0x00, // Q...............
	0x01, 0x00, 0x00, 0x00, 0x7f, 0x00, 0x04, 0x00, 0x07, 0x00, 0x00, 0x00, 0xa4, 0x02, 0x00, 0x00, // ................
	0x94, 0x02, 0x00, 0x00, 0x50, 0x00, 0x05, 0x00, 0x0b, 0x00, 0x00, 0x00, 0xa5, 0x02, 0x00, 0x00, // ....P...........
	0x92, 0x02, 0x00, 0x00, 0xa4, 0x02, 0x00, 0x00, 0x8e, 0x00, 0x05, 0x00, 0x0b, 0x00, 0x00, 0x00, // ................
	0xa6, 0x02, 0x00, 0x00, 0xa5, 0x02, 0x00, 0x00, 0x54, 0x01, 0x00, 0x00, 0x81, 0x00, 0x05, 0x00, // ........T.......
	0x0b, 0x00, 0x00, 0x00, 0xa7, 0x02, 0x00, 0x00, 0x45, 0x03, 0x00, 0x00, 0xa6, 0x02, 0x00, 0x00, // ........E.......
	0x56, 0x00, 0x05, 0x00, 0x4a, 0x00, 0x00, 0x00, 0xff, 0x02, 0x00, 0x00, 0x39, 0x00, 0x00, 0x00, // V...J.......9...
	0x37, 0x00, 0x00, 0x00, 0x58, 0x00, 0x07, 0x00, 0x0e, 0x00, 0x00, 0x00, 0x02, 0x03, 0x00, 0x00, // 7...X...........
	0xff, 0x02, 0x00, 0x00, 0xa7, 0x02, 0x00, 0x00, 0x02, 0x00, 0x00, 0x00, 0x60, 0x00, 0x00, 0x00, // ............`...
	0x4f, 0x00, 0x08, 0x00, 0x15, 0x00, 0x00, 0x00, 0xaa, 0x02, 0x00, 0x00, 0x02, 0x03, 0x00, 0x00, // O...............
	0x02, 0x03, 0x00, 0x00, 0x00, 0x00, 0x00, 0x00, 0x01, 0x00, 0x00, 0x00, 0x02, 0x00, 0x00, 0x00, // ................
	0x7f, 0x00, 0x04, 0x00, 0x07, 0x00, 0x00, 0x00, 0xb0, 0x02, 0x00, 0x00, 0x9e, 0x02, 0x00, 0x00, // ................
	0x50, 0x00, 0x05, 0x00, 0x0b, 0x00, 0x00, 0x00, 0xb1, 0x02, 0x00, 0x00, 0x9c, 0x02, 0x00, 0x00, // P...............
	0xb0, 0x02, 0x00, 0x00, 0x8e, 0x00, 0x05, 0x00, 0x0b, 0x00, 0x00, 0x00, 0xb2, 0x02, 0x00, 0x00, // ................
	0xb1, 0x02, 0x00, 0x00, 0x54, 0x01, 0x00, 0x00, 0x81, 0x00, 0x05, 0x00, 0x0b, 0x00, 0x00, 0x00, // ....T...........
	0xb3, 0x02, 0x00, 0x00, 0x45, 0x03, 0x00, 0x00, 0xb2, 0x02, 0x00, 0x00, 0x56, 0x00, 0x05, 0x00, // ....E.......V...
	0x4a, 0x00, 0x00, 0x00, 0x0d, 0x03, 0x00, 0x00, 0x33, 0x00, 0x00, 0x00, 0x30, 0x00, 0x00, 0x00, // J.......3...0...
	0x58, 0x00, 0x07, 0x00, 0x0e, 0x00, 0x00, 0x00, 0x10, 0x03, 0x00, 0x00, 0x0d, 0x03, 0x00, 0x00, // X...............
	0xb3, 0x02, 0x00, 0x00, 0x02, 0x00, 0x00, 0x00, 0x60, 0x00, 0x00, 0x00, 0x4f, 0x00, 0x08, 0x00, // ........`...O...
	0x15, 0x00, 0x00, 0x00, 0xb6, 0x02, 0x00, 0x00, 0x10, 0x03, 0x00, 0x00, 0x10, 0x03, 0x00, 0x00, // ................
	0x00, 0x00, 0x00, 0x00, 0x01, 0x00, 0x00, 0x00, 0x02, 0x00, 0x00, 0x00, 0x0c, 0x00, 0x08, 0x00, // ................
	0x15, 0x00, 0x00, 0x00, 0x16, 0x03, 0x00, 0x00, 0x01, 0x00, 0x00, 0x00, 0x2e, 0x00, 0x00, 0x00, // ................
	0xaa, 0x02, 0x00, 0x00, 0xb6, 0x02, 0x00, 0x00, 0x57, 0x02, 0x00, 0x00, 0x81, 0x00, 0x05, 0x00, // ........W.......
	0x15, 0x00, 0x00, 0x00, 0xbd, 0x02, 0x00, 0x00, 0x48, 0x03, 0x00, 0x00, 0x16, 0x03, 0x00, 0x00, // ........H.......
	0xf9, 0x00, 0x02, 0x00, 0xbe, 0x02, 0x00, 0x00, 0xf8, 0x00, 0x02, 0x00, 0xbe, 0x02, 0x00, 0x00, // ................
	0xf5, 0x00, 0x07, 0x00, 0x15, 0x00, 0x00, 0x00, 0x4e, 0x03, 0x00, 0x00, 0x6d, 0x02, 0x00, 0x00, // ........N...m...
	0x6a, 0x02, 0x00, 0x00, 0xbd, 0x02, 0x00, 0x00, 0x6e, 0x02, 0x00, 0x00, 0xf9, 0x00, 0x02, 0x00, // j.......n.......
	0xbf, 0x02, 0x00, 0x00, 0xf8, 0x00, 0x02, 0x00, 0xbf, 0x02, 0x00, 0x00, 0x80, 0x00, 0x05, 0x00, // ................
	0x41, 0x00, 0x00, 0x00, 0xc1, 0x02, 0x00, 0x00, 0x47, 0x03, 0x00, 0x00, 0x42, 0x00, 0x00, 0x00, // A.......G...B...
	0xf9, 0x00, 0x02, 0x00, 0x4b, 0x02, 0x00, 0x00, 0xf8, 0x00, 0x02, 0x00, 0xc2, 0x02, 0x00, 0x00, // ....K...........
	0x50, 0x00, 0x06, 0x00, 0x15, 0x00, 0x00, 0x00, 0xc6, 0x02, 0x00, 0x00, 0xed, 0x01, 0x00, 0x00, // P...............
	0xed, 0x01, 0x00, 0x00, 0xed, 0x01, 0x00, 0x00, 0x88, 0x00, 0x05, 0x00, 0x15, 0x00, 0x00, 0x00, // ................
	0xc7, 0x02, 0x00, 0x00, 0x48, 0x03, 0x00, 0x00, 0xc6, 0x02, 0x00, 0x00, 0x51, 0x00, 0x05, 0x00, // ....H.......Q...
	0x07, 0x00, 0x00, 0x00, 0xc8, 0x02, 0x00, 0x00, 0xc7, 0x02, 0x00, 0x00, 0x00, 0x00, 0x00, 0x00, // ................
	0x51, 0x00, 0x05, 0x00, 0x07, 0x00, 0x00, 0x00, 0xc9, 0x02, 0x00, 0x00, 0xc7, 0x02, 0x00, 0x00, // Q...............
	0x01, 0x00, 0x00, 0x00, 0x51, 0x00, 0x05, 0x00, 0x07, 0x00, 0x00, 0x00, 0xca, 0x02, 0x00, 0x00, // ....Q...........
	0xc7, 0x02, 0x00, 0x00, 0x02, 0x00, 0x00, 0x00, 0x50, 0x00, 0x07, 0x00, 0x0e, 0x00, 0x00, 0x00, // ........P.......
	0xcb, 0x02, 0x00, 0x00, 0xc8, 0x02, 0x00, 0x00, 0xc9, 0x02, 0x00, 0x00, 0xca, 0x02, 0x00, 0x00, // ................
	0x82, 0x00, 0x00, 0x00, 0xf9, 0x00, 0x02, 0x00, 0xcc, 0x02, 0x00, 0x00, 0xf8, 0x00, 0x02, 0x00, // ................
	0xcc, 0x02, 0x00, 0x00, 0xf5, 0x00, 0x07, 0x00, 0x0e, 0x00, 0x00, 0x00, 0x4a, 0x03, 0x00, 0x00, // ............J...
	0x44, 0x02, 0x00, 0x00, 0x3f, 0x02, 0x00, 0x00, 0xcb, 0x02, 0x00, 0x00, 0xc2, 0x02, 0x00, 0x00, // D...?...........
	0x3e, 0x00, 0x03, 0x00, 0x9c, 0x01, 0x00, 0x00, 0x4a, 0x03, 0x00, 0x00, 0xfd, 0x00, 0x01, 0x00, // >.......J.......
	0x38, 0x00, 0x01, 0x00, 0x00, 0x00, 0x10, 0x01,                                                 // 8.......
};
static const bgfx::EmbeddedShader fs_pp_motionblur = BGFX_EMBEDDED_SHADER(fs_pp_motionblur);

//////////////////////////////////////////////////////////////////////////////////////////////////////////////////////
// Build of fragment shader from fs_pp_motionblur.sc to fs_pp_motionblur_st with options: STEREO
static const uint8_t fs_pp_motionblur_st_mtl[4179] =
{
	0x46, 0x53, 0x48, 0x0b, 0x4a, 0x63, 0xcf, 0x5f, 0x00, 0x00, 0x00, 0x00, 0x0d, 0x00, 0x16, 0x74, // FSH.Jc._.......t
	0x65, 0x78, 0x5f, 0x66, 0x62, 0x5f, 0x66, 0x69, 0x6c, 0x74, 0x65, 0x72, 0x65, 0x64, 0x53, 0x61, // ex_fb_filteredSa
	0x6d, 0x70, 0x6c, 0x65, 0x72, 0x11, 0x01, 0xff, 0xff, 0x01, 0x00, 0x00, 0x00, 0x00, 0x00, 0x16, // mpler...........
	0x74, 0x65, 0x78, 0x5f, 0x66, 0x62, 0x5f, 0x66, 0x69, 0x6c, 0x74, 0x65, 0x72, 0x65, 0x64, 0x54, // tex_fb_filteredT
	0x65, 0x78, 0x74, 0x75, 0x72, 0x65, 0x11, 0x01, 0xff, 0xff, 0x01, 0x00, 0x00, 0x00, 0x00, 0x00, // exture..........
	0x10, 0x74, 0x65, 0x78, 0x5f, 0x62, 0x6c, 0x6f, 0x6f, 0x6d, 0x53, 0x61, 0x6d, 0x70, 0x6c, 0x65, // .tex_bloomSample
	0x72, 0x11, 0x01, 0xff, 0xff, 0x01, 0x00, 0x00, 0x00, 0x00, 0x00, 0x10, 0x74, 0x65, 0x78, 0x5f, // r...........tex_
	0x62, 0x6c, 0x6f, 0x6f, 0x6d, 0x54, 0x65, 0x78, 0x74, 0x75, 0x72, 0x65, 0x11, 0x01, 0xff, 0xff, // bloomTexture....
	0x01, 0x00, 0x00, 0x00, 0x00, 0x00, 0x10, 0x74, 0x65, 0x78, 0x5f, 0x64, 0x65, 0x70, 0x74, 0x68, // .......tex_depth
	0x53, 0x61, 0x6d, 0x70, 0x6c, 0x65, 0x72, 0x11, 0x01, 0xff, 0xff, 0x01, 0x00, 0x00, 0x00, 0x00, // Sampler.........
	0x00, 0x10, 0x74, 0x65, 0x78, 0x5f, 0x64, 0x65, 0x70, 0x74, 0x68, 0x54, 0x65, 0x78, 0x74, 0x75, // ..tex_depthTextu
	0x72, 0x65, 0x11, 0x01, 0xff, 0xff, 0x01, 0x00, 0x00, 0x00, 0x00, 0x00, 0x0a, 0x77, 0x5f, 0x68, // re...........w_h
	0x5f, 0x68, 0x65, 0x69, 0x67, 0x68, 0x74, 0x12, 0x01, 0x80, 0x01, 0x01, 0x00, 0x00, 0x00, 0x00, // _height.........
	0x00, 0x0a, 0x6d, 0x61, 0x74, 0x50, 0x72, 0x6f, 0x6a, 0x49, 0x6e, 0x76, 0x14, 0x02, 0x00, 0x01, // ..matProjInv....
	0x08, 0x00, 0x00, 0x00, 0x00, 0x00, 0x05, 0x62, 0x61, 0x6c, 0x6c, 0x73, 0x12, 0x02, 0x00, 0x00, // .......balls....
	0x02, 0x00, 0x00, 0x00, 0x00, 0x00, 0x07, 0x6d, 0x61, 0x74, 0x50, 0x72, 0x6f, 0x6a, 0x14, 0x02, // .......matProj..
	0x80, 0x00, 0x08, 0x00, 0x00, 0x00, 0x00, 0x00, 0x0f, 0x74, 0x65, 0x78, 0x5f, 0x66, 0x62, 0x5f, // .........tex_fb_
	0x66, 0x69, 0x6c, 0x74, 0x65, 0x72, 0x65, 0x64, 0x10, 0x00, 0x00, 0x00, 0x00, 0x00, 0x00, 0x00, // filtered........
	0x00, 0x00, 0x09, 0x74, 0x65, 0x78, 0x5f, 0x62, 0x6c, 0x6f, 0x6f, 0x6d, 0x10, 0x00, 0x00, 0x00, // ...tex_bloom....
	0x00, 0x00, 0x00, 0x00, 0x00, 0x00, 0x09, 0x74, 0x65, 0x78, 0x5f, 0x64, 0x65, 0x70, 0x74, 0x68, // .......tex_depth
	0x10, 0x00, 0x00, 0x00, 0x00, 0x00, 0x00, 0x00, 0x00, 0x00, 0x01, 0x0f, 0x00, 0x00, 0x23, 0x69, // ..............#i
	0x6e, 0x63, 0x6c, 0x75, 0x64, 0x65, 0x20, 0x3c, 0x6d, 0x65, 0x74, 0x61, 0x6c, 0x5f, 0x73, 0x74, // nclude <metal_st
	0x64, 0x6c, 0x69, 0x62, 0x3e, 0x0a, 0x23, 0x69, 0x6e, 0x63, 0x6c, 0x75, 0x64, 0x65, 0x20, 0x3c, // dlib>.#include <
	0x73, 0x69, 0x6d, 0x64, 0x2f, 0x73, 0x69, 0x6d, 0x64, 0x2e, 0x68, 0x3e, 0x0a, 0x0a, 0x75, 0x73, // simd/simd.h>..us
	0x69, 0x6e, 0x67, 0x20, 0x6e, 0x61, 0x6d, 0x65, 0x73, 0x70, 0x61, 0x63, 0x65, 0x20, 0x6d, 0x65, // ing namespace me
	0x74, 0x61, 0x6c, 0x3b, 0x0a, 0x0a, 0x73, 0x74, 0x72, 0x75, 0x63, 0x74, 0x20, 0x5f, 0x47, 0x6c, // tal;..struct _Gl
	0x6f, 0x62, 0x61, 0x6c, 0x0a, 0x7b, 0x0a, 0x20, 0x20, 0x20, 0x20, 0x66, 0x6c, 0x6f, 0x61, 0x74, // obal.{.    float
	0x34, 0x20, 0x62, 0x61, 0x6c, 0x6c, 0x73, 0x5b, 0x38, 0x5d, 0x3b, 0x0a, 0x20, 0x20, 0x20, 0x20, // 4 balls[8];.    
	0x66, 0x6c, 0x6f, 0x61, 0x74, 0x34, 0x78, 0x34, 0x20, 0x6d, 0x61, 0x74, 0x50, 0x72, 0x6f, 0x6a, // float4x4 matProj
	0x5b, 0x32, 0x5d, 0x3b, 0x0a, 0x20, 0x20, 0x20, 0x20, 0x66, 0x6c, 0x6f, 0x61, 0x74, 0x34, 0x78, // [2];.    float4x
	0x34, 0x20, 0x6d, 0x61, 0x74, 0x50, 0x72, 0x6f, 0x6a, 0x49, 0x6e, 0x76, 0x5b, 0x32, 0x5d, 0x3b, // 4 matProjInv[2];
	0x0a, 0x20, 0x20, 0x20, 0x20, 0x66, 0x6c, 0x6f, 0x61, 0x74, 0x34, 0x20, 0x77, 0x5f, 0x68, 0x5f, // .    float4 w_h_
	0x68, 0x65, 0x69, 0x67, 0x68, 0x74, 0x3b, 0x0a, 0x7d, 0x3b, 0x0a, 0x0a, 0x63, 0x6f, 0x6e, 0x73, // height;.};..cons
	0x74, 0x61, 0x6e, 0x74, 0x20, 0x66, 0x6c, 0x6f, 0x61, 0x74, 0x20, 0x5f, 0x39, 0x36, 0x38, 0x20, // tant float _968 
	0x3d, 0x20, 0x7b, 0x7d, 0x3b, 0x0a, 0x63, 0x6f, 0x6e, 0x73, 0x74, 0x61, 0x6e, 0x74, 0x20, 0x66, // = {};.constant f
	0x6c, 0x6f, 0x61, 0x74, 0x34, 0x20, 0x5f, 0x39, 0x38, 0x31, 0x20, 0x3d, 0x20, 0x7b, 0x7d, 0x3b, // loat4 _981 = {};
	0x0a, 0x0a, 0x73, 0x74, 0x72, 0x75, 0x63, 0x74, 0x20, 0x78, 0x6c, 0x61, 0x74, 0x4d, 0x74, 0x6c, // ..struct xlatMtl
	0x4d, 0x61, 0x69, 0x6e, 0x5f, 0x6f, 0x75, 0x74, 0x0a, 0x7b, 0x0a, 0x20, 0x20, 0x20, 0x20, 0x66, // Main_out.{.    f
	0x6c, 0x6f, 0x61, 0x74, 0x34, 0x20, 0x62, 0x67, 0x66, 0x78, 0x5f, 0x46, 0x72, 0x61, 0x67, 0x44, // loat4 bgfx_FragD
	0x61, 0x74, 0x61, 0x30, 0x20, 0x5b, 0x5b, 0x63, 0x6f, 0x6c, 0x6f, 0x72, 0x28, 0x30, 0x29, 0x5d, // ata0 [[color(0)]
	0x5d, 0x3b, 0x0a, 0x7d, 0x3b, 0x0a, 0x0a, 0x73, 0x74, 0x72, 0x75, 0x63, 0x74, 0x20, 0x78, 0x6c, // ];.};..struct xl
	0x61, 0x74, 0x4d, 0x74, 0x6c, 0x4d, 0x61, 0x69, 0x6e, 0x5f, 0x69, 0x6e, 0x0a, 0x7b, 0x0a, 0x20, // atMtlMain_in.{. 
	0x20, 0x20, 0x20, 0x66, 0x6c, 0x6f, 0x61, 0x74, 0x20, 0x76, 0x5f, 0x65, 0x79, 0x65, 0x20, 0x5b, //    float v_eye [
	0x5b, 0x75, 0x73, 0x65, 0x72, 0x28, 0x6c, 0x6f, 0x63, 0x6e, 0x30, 0x29, 0x5d, 0x5d, 0x3b, 0x0a, // [user(locn0)]];.
	0x20, 0x20, 0x20, 0x20, 0x66, 0x6c, 0x6f, 0x61, 0x74, 0x32, 0x20, 0x76, 0x5f, 0x74, 0x65, 0x78, //     float2 v_tex
	0x63, 0x6f, 0x6f, 0x72, 0x64, 0x30, 0x20, 0x5b, 0x5b, 0x75, 0x73, 0x65, 0x72, 0x28, 0x6c, 0x6f, // coord0 [[user(lo
	0x63, 0x6e, 0x31, 0x29, 0x5d, 0x5d, 0x3b, 0x0a, 0x7d, 0x3b, 0x0a, 0x0a, 0x66, 0x72, 0x61, 0x67, // cn1)]];.};..frag
	0x6d, 0x65, 0x6e, 0x74, 0x20, 0x78, 0x6c, 0x61, 0x74, 0x4d, 0x74, 0x6c, 0x4d, 0x61, 0x69, 0x6e, // ment xlatMtlMain
	0x5f, 0x6f, 0x75, 0x74, 0x20, 0x78, 0x6c, 0x61, 0x74, 0x4d, 0x74, 0x6c, 0x4d, 0x61, 0x69, 0x6e, // _out xlatMtlMain
	0x28, 0x78, 0x6c, 0x61, 0x74, 0x4d, 0x74, 0x6c, 0x4d, 0x61, 0x69, 0x6e, 0x5f, 0x69, 0x6e, 0x20, // (xlatMtlMain_in 
	0x69, 0x6e, 0x20, 0x5b, 0x5b, 0x73, 0x74, 0x61, 0x67, 0x65, 0x5f, 0x69, 0x6e, 0x5d, 0x5d, 0x2c, // in [[stage_in]],
	0x20, 0x63, 0x6f, 0x6e, 0x73, 0x74, 0x61, 0x6e, 0x74, 0x20, 0x5f, 0x47, 0x6c, 0x6f, 0x62, 0x61, //  constant _Globa
	0x6c, 0x26, 0x20, 0x5f, 0x6d, 0x74, 0x6c, 0x5f, 0x75, 0x20, 0x5b, 0x5b, 0x62, 0x75, 0x66, 0x66, // l& _mtl_u [[buff
	0x65, 0x72, 0x28, 0x30, 0x29, 0x5d, 0x5d, 0x2c, 0x20, 0x74, 0x65, 0x78, 0x74, 0x75, 0x72, 0x65, // er(0)]], texture
	0x32, 0x64, 0x5f, 0x61, 0x72, 0x72, 0x61, 0x79, 0x3c, 0x66, 0x6c, 0x6f, 0x61, 0x74, 0x3e, 0x20, // 2d_array<float> 
	0x74, 0x65, 0x78, 0x5f, 0x66, 0x62, 0x5f, 0x66, 0x69, 0x6c, 0x74, 0x65, 0x72, 0x65, 0x64, 0x20, // tex_fb_filtered 
	0x5b, 0x5b, 0x74, 0x65, 0x78, 0x74, 0x75, 0x72, 0x65, 0x28, 0x30, 0x29, 0x5d, 0x5d, 0x2c, 0x20, // [[texture(0)]], 
	0x74, 0x65, 0x78, 0x74, 0x75, 0x72, 0x65, 0x32, 0x64, 0x5f, 0x61, 0x72, 0x72, 0x61, 0x79, 0x3c, // texture2d_array<
	0x66, 0x6c, 0x6f, 0x61, 0x74, 0x3e, 0x20, 0x74, 0x65, 0x78, 0x5f, 0x62, 0x6c, 0x6f, 0x6f, 0x6d, // float> tex_bloom
	0x20, 0x5b, 0x5b, 0x74, 0x65, 0x78, 0x74, 0x75, 0x72, 0x65, 0x28, 0x31, 0x29, 0x5d, 0x5d, 0x2c, //  [[texture(1)]],
	0x20, 0x74, 0x65, 0x78, 0x74, 0x75, 0x72, 0x65, 0x32, 0x64, 0x5f, 0x61, 0x72, 0x72, 0x61, 0x79, //  texture2d_array
	0x3c, 0x66, 0x6c, 0x6f, 0x61, 0x74, 0x3e, 0x20, 0x74, 0x65, 0x78, 0x5f, 0x64, 0x65, 0x70, 0x74, // <float> tex_dept
	0x68, 0x20, 0x5b, 0x5b, 0x74, 0x65, 0x78, 0x74, 0x75, 0x72, 0x65, 0x28, 0x34, 0x29, 0x5d, 0x5d, // h [[texture(4)]]
	0x2c, 0x20, 0x73, 0x61, 0x6d, 0x70, 0x6c, 0x65, 0x72, 0x20, 0x74, 0x65, 0x78, 0x5f, 0x66, 0x62, // , sampler tex_fb
	0x5f, 0x66, 0x69, 0x6c, 0x74, 0x65, 0x72, 0x65, 0x64, 0x53, 0x61, 0x6d, 0x70, 0x6c, 0x65, 0x72, // _filteredSampler
	0x20, 0x5b, 0x5b, 0x73, 0x61, 0x6d, 0x70, 0x6c, 0x65, 0x72, 0x28, 0x30, 0x29, 0x5d, 0x5d, 0x2c, //  [[sampler(0)]],
	0x20, 0x73, 0x61, 0x6d, 0x70, 0x6c, 0x65, 0x72, 0x20, 0x74, 0x65, 0x78, 0x5f, 0x62, 0x6c, 0x6f, //  sampler tex_blo
	0x6f, 0x6d, 0x53, 0x61, 0x6d, 0x70, 0x6c, 0x65, 0x72, 0x20, 0x5b, 0x5b, 0x73, 0x61, 0x6d, 0x70, // omSampler [[samp
	0x6c, 0x65, 0x72, 0x28, 0x31, 0x29, 0x5d, 0x5d, 0x2c, 0x20, 0x73, 0x61, 0x6d, 0x70, 0x6c, 0x65, // ler(1)]], sample
	0x72, 0x20, 0x74, 0x65, 0x78, 0x5f, 0x64, 0x65, 0x70, 0x74, 0x68, 0x53, 0x61, 0x6d, 0x70, 0x6c, // r tex_depthSampl
	0x65, 0x72, 0x20, 0x5b, 0x5b, 0x73, 0x61, 0x6d, 0x70, 0x6c, 0x65, 0x72, 0x28, 0x34, 0x29, 0x5d, // er [[sampler(4)]
	0x5d, 0x29, 0x0a, 0x7b, 0x0a, 0x20, 0x20, 0x20, 0x20, 0x78, 0x6c, 0x61, 0x74, 0x4d, 0x74, 0x6c, // ]).{.    xlatMtl
	0x4d, 0x61, 0x69, 0x6e, 0x5f, 0x6f, 0x75, 0x74, 0x20, 0x6f, 0x75, 0x74, 0x20, 0x3d, 0x20, 0x7b, // Main_out out = {
	0x7d, 0x3b, 0x0a, 0x20, 0x20, 0x20, 0x20, 0x66, 0x6c, 0x6f, 0x61, 0x74, 0x34, 0x20, 0x5f, 0x39, // };.    float4 _9
	0x37, 0x32, 0x3b, 0x0a, 0x20, 0x20, 0x20, 0x20, 0x64, 0x6f, 0x0a, 0x20, 0x20, 0x20, 0x20, 0x7b, // 72;.    do.    {
	0x0a, 0x20, 0x20, 0x20, 0x20, 0x20, 0x20, 0x20, 0x20, 0x69, 0x6e, 0x74, 0x20, 0x5f, 0x35, 0x35, // .        int _55
	0x36, 0x20, 0x3d, 0x20, 0x69, 0x6e, 0x74, 0x28, 0x5f, 0x6d, 0x74, 0x6c, 0x5f, 0x75, 0x2e, 0x77, // 6 = int(_mtl_u.w
	0x5f, 0x68, 0x5f, 0x68, 0x65, 0x69, 0x67, 0x68, 0x74, 0x2e, 0x77, 0x29, 0x3b, 0x0a, 0x20, 0x20, // _h_height.w);.  
	0x20, 0x20, 0x20, 0x20, 0x20, 0x20, 0x66, 0x6c, 0x6f, 0x61, 0x74, 0x33, 0x20, 0x5f, 0x35, 0x36, //       float3 _56
	0x33, 0x20, 0x3d, 0x20, 0x66, 0x6c, 0x6f, 0x61, 0x74, 0x33, 0x28, 0x69, 0x6e, 0x2e, 0x76, 0x5f, // 3 = float3(in.v_
	0x74, 0x65, 0x78, 0x63, 0x6f, 0x6f, 0x72, 0x64, 0x30, 0x2c, 0x20, 0x69, 0x6e, 0x2e, 0x76, 0x5f, // texcoord0, in.v_
	0x65, 0x79, 0x65, 0x29, 0x3b, 0x0a, 0x20, 0x20, 0x20, 0x20, 0x20, 0x20, 0x20, 0x20, 0x66, 0x6c, // eye);.        fl
	0x6f, 0x61, 0x74, 0x34, 0x20, 0x5f, 0x35, 0x38, 0x32, 0x20, 0x3d, 0x20, 0x5f, 0x6d, 0x74, 0x6c, // oat4 _582 = _mtl
	0x5f, 0x75, 0x2e, 0x6d, 0x61, 0x74, 0x50, 0x72, 0x6f, 0x6a, 0x49, 0x6e, 0x76, 0x5b, 0x69, 0x6e, // _u.matProjInv[in
	0x74, 0x28, 0x69, 0x6e, 0x2e, 0x76, 0x5f, 0x65, 0x79, 0x65, 0x29, 0x5d, 0x20, 0x2a, 0x20, 0x66, // t(in.v_eye)] * f
	0x6c, 0x6f, 0x61, 0x74, 0x34, 0x28, 0x28, 0x69, 0x6e, 0x2e, 0x76, 0x5f, 0x74, 0x65, 0x78, 0x63, // loat4((in.v_texc
	0x6f, 0x6f, 0x72, 0x64, 0x30, 0x2e, 0x78, 0x20, 0x2a, 0x20, 0x32, 0x2e, 0x30, 0x29, 0x20, 0x2d, // oord0.x * 2.0) -
	0x20, 0x31, 0x2e, 0x30, 0x2c, 0x20, 0x31, 0x2e, 0x30, 0x20, 0x2d, 0x20, 0x28, 0x69, 0x6e, 0x2e, //  1.0, 1.0 - (in.
	0x76, 0x5f, 0x74, 0x65, 0x78, 0x63, 0x6f, 0x6f, 0x72, 0x64, 0x30, 0x2e, 0x79, 0x20, 0x2a, 0x20, // v_texcoord0.y * 
	0x32, 0x2e, 0x30, 0x29, 0x2c, 0x20, 0x74, 0x65, 0x78, 0x5f, 0x64, 0x65, 0x70, 0x74, 0x68, 0x2e, // 2.0), tex_depth.
	0x73, 0x61, 0x6d, 0x70, 0x6c, 0x65, 0x28, 0x74, 0x65, 0x78, 0x5f, 0x64, 0x65, 0x70, 0x74, 0x68, // sample(tex_depth
	0x53, 0x61, 0x6d, 0x70, 0x6c, 0x65, 0x72, 0x2c, 0x20, 0x5f, 0x35, 0x36, 0x33, 0x2e, 0x78, 0x79, // Sampler, _563.xy
	0x2c, 0x20, 0x75, 0x69, 0x6e, 0x74, 0x28, 0x72, 0x69, 0x6e, 0x74, 0x28, 0x5f, 0x35, 0x36, 0x33, // , uint(rint(_563
	0x2e, 0x7a, 0x29, 0x29, 0x2c, 0x20, 0x6c, 0x65, 0x76, 0x65, 0x6c, 0x28, 0x30, 0x2e, 0x30, 0x29, // .z)), level(0.0)
	0x29, 0x2e, 0x78, 0x2c, 0x20, 0x31, 0x2e, 0x30, 0x29, 0x3b, 0x0a, 0x20, 0x20, 0x20, 0x20, 0x20, // ).x, 1.0);.     
	0x20, 0x20, 0x20, 0x66, 0x6c, 0x6f, 0x61, 0x74, 0x33, 0x20, 0x5f, 0x35, 0x38, 0x38, 0x20, 0x3d, //    float3 _588 =
	0x20, 0x5f, 0x35, 0x38, 0x32, 0x2e, 0x78, 0x79, 0x7a, 0x20, 0x2f, 0x20, 0x66, 0x6c, 0x6f, 0x61, //  _582.xyz / floa
	0x74, 0x33, 0x28, 0x5f, 0x35, 0x38, 0x32, 0x2e, 0x77, 0x29, 0x3b, 0x0a, 0x20, 0x20, 0x20, 0x20, // t3(_582.w);.    
	0x20, 0x20, 0x20, 0x20, 0x66, 0x6c, 0x6f, 0x61, 0x74, 0x34, 0x20, 0x5f, 0x39, 0x33, 0x36, 0x3b, //     float4 _936;
	0x0a, 0x20, 0x20, 0x20, 0x20, 0x20, 0x20, 0x20, 0x20, 0x5f, 0x39, 0x33, 0x36, 0x2e, 0x78, 0x20, // .        _936.x 
	0x3d, 0x20, 0x5f, 0x35, 0x38, 0x38, 0x2e, 0x78, 0x3b, 0x0a, 0x20, 0x20, 0x20, 0x20, 0x20, 0x20, // = _588.x;.      
	0x20, 0x20, 0x5f, 0x39, 0x33, 0x36, 0x2e, 0x79, 0x20, 0x3d, 0x20, 0x5f, 0x35, 0x38, 0x38, 0x2e, //   _936.y = _588.
	0x79, 0x3b, 0x0a, 0x20, 0x20, 0x20, 0x20, 0x20, 0x20, 0x20, 0x20, 0x66, 0x6c, 0x6f, 0x61, 0x74, // y;.        float
	0x20, 0x5f, 0x35, 0x39, 0x34, 0x20, 0x3d, 0x20, 0x5f, 0x35, 0x38, 0x38, 0x2e, 0x7a, 0x3b, 0x0a, //  _594 = _588.z;.
	0x20, 0x20, 0x20, 0x20, 0x20, 0x20, 0x20, 0x20, 0x5f, 0x39, 0x33, 0x36, 0x2e, 0x7a, 0x20, 0x3d, //         _936.z =
	0x20, 0x5f, 0x35, 0x39, 0x34, 0x3b, 0x0a, 0x20, 0x20, 0x20, 0x20, 0x20, 0x20, 0x20, 0x20, 0x66, //  _594;.        f
	0x6c, 0x6f, 0x61, 0x74, 0x33, 0x20, 0x5f, 0x35, 0x39, 0x37, 0x20, 0x3d, 0x20, 0x66, 0x61, 0x73, // loat3 _597 = fas
	0x74, 0x3a, 0x3a, 0x6e, 0x6f, 0x72, 0x6d, 0x61, 0x6c, 0x69, 0x7a, 0x65, 0x28, 0x5f, 0x39, 0x33, // t::normalize(_93
	0x36, 0x2e, 0x78, 0x79, 0x7a, 0x29, 0x3b, 0x0a, 0x20, 0x20, 0x20, 0x20, 0x20, 0x20, 0x20, 0x20, // 6.xyz);.        
	0x66, 0x6c, 0x6f, 0x61, 0x74, 0x20, 0x5f, 0x36, 0x30, 0x38, 0x20, 0x3d, 0x20, 0x5f, 0x6d, 0x74, // float _608 = _mt
	0x6c, 0x5f, 0x75, 0x2e, 0x62, 0x61, 0x6c, 0x6c, 0x73, 0x5b, 0x30, 0x5d, 0x2e, 0x77, 0x20, 0x2a, // l_u.balls[0].w *
	0x20, 0x5f, 0x6d, 0x74, 0x6c, 0x5f, 0x75, 0x2e, 0x62, 0x61, 0x6c, 0x6c, 0x73, 0x5b, 0x30, 0x5d, //  _mtl_u.balls[0]
	0x2e, 0x77, 0x3b, 0x0a, 0x20, 0x20, 0x20, 0x20, 0x20, 0x20, 0x20, 0x20, 0x66, 0x6c, 0x6f, 0x61, // .w;.        floa
	0x74, 0x34, 0x20, 0x5f, 0x38, 0x35, 0x31, 0x20, 0x3d, 0x20, 0x74, 0x65, 0x78, 0x5f, 0x66, 0x62, // t4 _851 = tex_fb
	0x5f, 0x66, 0x69, 0x6c, 0x74, 0x65, 0x72, 0x65, 0x64, 0x2e, 0x73, 0x61, 0x6d, 0x70, 0x6c, 0x65, // _filtered.sample
	0x28, 0x74, 0x65, 0x78, 0x5f, 0x66, 0x62, 0x5f, 0x66, 0x69, 0x6c, 0x74, 0x65, 0x72, 0x65, 0x64, // (tex_fb_filtered
	0x53, 0x61, 0x6d, 0x70, 0x6c, 0x65, 0x72, 0x2c, 0x20, 0x5f, 0x35, 0x36, 0x33, 0x2e, 0x78, 0x79, // Sampler, _563.xy
	0x2c, 0x20, 0x75, 0x69, 0x6e, 0x74, 0x28, 0x72, 0x69, 0x6e, 0x74, 0x28, 0x5f, 0x35, 0x36, 0x33, // , uint(rint(_563
	0x2e, 0x7a, 0x29, 0x29, 0x2c, 0x20, 0x6c, 0x65, 0x76, 0x65, 0x6c, 0x28, 0x30, 0x2e, 0x30, 0x29, // .z)), level(0.0)
	0x29, 0x3b, 0x0a, 0x20, 0x20, 0x20, 0x20, 0x20, 0x20, 0x20, 0x20, 0x66, 0x6c, 0x6f, 0x61, 0x74, // );.        float
	0x33, 0x20, 0x5f, 0x36, 0x31, 0x37, 0x20, 0x3d, 0x20, 0x5f, 0x38, 0x35, 0x31, 0x2e, 0x78, 0x79, // 3 _617 = _851.xy
	0x7a, 0x3b, 0x0a, 0x20, 0x20, 0x20, 0x20, 0x20, 0x20, 0x20, 0x20, 0x66, 0x6c, 0x6f, 0x61, 0x74, // z;.        float
	0x20, 0x5f, 0x36, 0x32, 0x30, 0x20, 0x3d, 0x20, 0x64, 0x6f, 0x74, 0x28, 0x5f, 0x35, 0x39, 0x37, //  _620 = dot(_597
	0x2c, 0x20, 0x5f, 0x6d, 0x74, 0x6c, 0x5f, 0x75, 0x2e, 0x62, 0x61, 0x6c, 0x6c, 0x73, 0x5b, 0x30, // , _mtl_u.balls[0
	0x5d, 0x2e, 0x78, 0x79, 0x7a, 0x29, 0x3b, 0x0a, 0x20, 0x20, 0x20, 0x20, 0x20, 0x20, 0x20, 0x20, // ].xyz);.        
	0x66, 0x6c, 0x6f, 0x61, 0x74, 0x20, 0x5f, 0x36, 0x33, 0x31, 0x20, 0x3d, 0x20, 0x28, 0x5f, 0x36, // float _631 = (_6
	0x32, 0x30, 0x20, 0x2a, 0x20, 0x5f, 0x36, 0x32, 0x30, 0x29, 0x20, 0x2d, 0x20, 0x28, 0x64, 0x6f, // 20 * _620) - (do
	0x74, 0x28, 0x5f, 0x6d, 0x74, 0x6c, 0x5f, 0x75, 0x2e, 0x62, 0x61, 0x6c, 0x6c, 0x73, 0x5b, 0x30, // t(_mtl_u.balls[0
	0x5d, 0x2e, 0x78, 0x79, 0x7a, 0x2c, 0x20, 0x5f, 0x6d, 0x74, 0x6c, 0x5f, 0x75, 0x2e, 0x62, 0x61, // ].xyz, _mtl_u.ba
	0x6c, 0x6c, 0x73, 0x5b, 0x30, 0x5d, 0x2e, 0x78, 0x79, 0x7a, 0x29, 0x20, 0x2d, 0x20, 0x28, 0x5f, // lls[0].xyz) - (_
	0x36, 0x30, 0x38, 0x20, 0x2a, 0x20, 0x31, 0x2e, 0x31, 0x34, 0x39, 0x39, 0x39, 0x39, 0x39, 0x37, // 608 * 1.14999997
	0x36, 0x31, 0x35, 0x38, 0x31, 0x34, 0x32, 0x30, 0x38, 0x39, 0x38, 0x34, 0x33, 0x37, 0x35, 0x29, // 615814208984375)
	0x29, 0x3b, 0x0a, 0x20, 0x20, 0x20, 0x20, 0x20, 0x20, 0x20, 0x20, 0x66, 0x6c, 0x6f, 0x61, 0x74, // );.        float
	0x33, 0x20, 0x5f, 0x39, 0x37, 0x34, 0x3b, 0x0a, 0x20, 0x20, 0x20, 0x20, 0x20, 0x20, 0x20, 0x20, // 3 _974;.        
	0x69, 0x66, 0x20, 0x28, 0x5f, 0x36, 0x33, 0x31, 0x20, 0x3c, 0x20, 0x30, 0x2e, 0x30, 0x29, 0x0a, // if (_631 < 0.0).
	0x20, 0x20, 0x20, 0x20, 0x20, 0x20, 0x20, 0x20, 0x7b, 0x0a, 0x20, 0x20, 0x20, 0x20, 0x20, 0x20, //         {.      
	0x20, 0x20, 0x20, 0x20, 0x20, 0x20, 0x5f, 0x39, 0x37, 0x34, 0x20, 0x3d, 0x20, 0x5f, 0x36, 0x31, //       _974 = _61
	0x37, 0x3b, 0x0a, 0x20, 0x20, 0x20, 0x20, 0x20, 0x20, 0x20, 0x20, 0x7d, 0x0a, 0x20, 0x20, 0x20, // 7;.        }.   
	0x20, 0x20, 0x20, 0x20, 0x20, 0x65, 0x6c, 0x73, 0x65, 0x0a, 0x20, 0x20, 0x20, 0x20, 0x20, 0x20, //      else.      
	0x20, 0x20, 0x7b, 0x0a, 0x20, 0x20, 0x20, 0x20, 0x20, 0x20, 0x20, 0x20, 0x20, 0x20, 0x20, 0x20, //   {.            
	0x69, 0x66, 0x20, 0x28, 0x5f, 0x35, 0x39, 0x34, 0x20, 0x3e, 0x20, 0x28, 0x28, 0x28, 0x5f, 0x36, // if (_594 > (((_6
	0x32, 0x30, 0x20, 0x2d, 0x20, 0x73, 0x71, 0x72, 0x74, 0x28, 0x5f, 0x36, 0x33, 0x31, 0x29, 0x29, // 20 - sqrt(_631))
	0x20, 0x2a, 0x20, 0x5f, 0x35, 0x39, 0x37, 0x2e, 0x7a, 0x29, 0x20, 0x2b, 0x20, 0x31, 0x2e, 0x30, //  * _597.z) + 1.0
	0x29, 0x29, 0x0a, 0x20, 0x20, 0x20, 0x20, 0x20, 0x20, 0x20, 0x20, 0x20, 0x20, 0x20, 0x20, 0x7b, // )).            {
	0x0a, 0x20, 0x20, 0x20, 0x20, 0x20, 0x20, 0x20, 0x20, 0x20, 0x20, 0x20, 0x20, 0x20, 0x20, 0x20, // .               
	0x20, 0x5f, 0x39, 0x37, 0x32, 0x20, 0x3d, 0x20, 0x66, 0x6c, 0x6f, 0x61, 0x74, 0x34, 0x28, 0x5f, //  _972 = float4(_
	0x38, 0x35, 0x31, 0x2e, 0x78, 0x79, 0x7a, 0x2c, 0x20, 0x31, 0x2e, 0x30, 0x29, 0x3b, 0x0a, 0x20, // 851.xyz, 1.0);. 
	0x20, 0x20, 0x20, 0x20, 0x20, 0x20, 0x20, 0x20, 0x20, 0x20, 0x20, 0x20, 0x20, 0x20, 0x20, 0x62, //                b
	0x72, 0x65, 0x61, 0x6b, 0x3b, 0x0a, 0x20, 0x20, 0x20, 0x20, 0x20, 0x20, 0x20, 0x20, 0x20, 0x20, // reak;.          
	0x20, 0x20, 0x7d, 0x0a, 0x20, 0x20, 0x20, 0x20, 0x20, 0x20, 0x20, 0x20, 0x20, 0x20, 0x20, 0x20, //   }.            
	0x5f, 0x39, 0x37, 0x34, 0x20, 0x3d, 0x20, 0x74, 0x65, 0x78, 0x5f, 0x62, 0x6c, 0x6f, 0x6f, 0x6d, // _974 = tex_bloom
	0x2e, 0x73, 0x61, 0x6d, 0x70, 0x6c, 0x65, 0x28, 0x74, 0x65, 0x78, 0x5f, 0x62, 0x6c, 0x6f, 0x6f, // .sample(tex_bloo
	0x6d, 0x53, 0x61, 0x6d, 0x70, 0x6c, 0x65, 0x72, 0x2c, 0x20, 0x5f, 0x35, 0x36, 0x33, 0x2e, 0x78, // mSampler, _563.x
	0x79, 0x2c, 0x20, 0x75, 0x69, 0x6e, 0x74, 0x28, 0x72, 0x69, 0x6e, 0x74, 0x28, 0x5f, 0x35, 0x36, // y, uint(rint(_56
	0x33, 0x2e, 0x7a, 0x29, 0x29, 0x2c, 0x20, 0x6c, 0x65, 0x76, 0x65, 0x6c, 0x28, 0x30, 0x2e, 0x30, // 3.z)), level(0.0
	0x29, 0x29, 0x2e, 0x78, 0x79, 0x7a, 0x3b, 0x0a, 0x20, 0x20, 0x20, 0x20, 0x20, 0x20, 0x20, 0x20, // )).xyz;.        
	0x7d, 0x0a, 0x20, 0x20, 0x20, 0x20, 0x20, 0x20, 0x20, 0x20, 0x66, 0x6c, 0x6f, 0x61, 0x74, 0x33, // }.        float3
	0x20, 0x5f, 0x39, 0x37, 0x30, 0x3b, 0x0a, 0x20, 0x20, 0x20, 0x20, 0x20, 0x20, 0x20, 0x20, 0x5f, //  _970;.        _
	0x39, 0x37, 0x30, 0x20, 0x3d, 0x20, 0x5f, 0x36, 0x31, 0x37, 0x3b, 0x0a, 0x20, 0x20, 0x20, 0x20, // 970 = _617;.    
	0x20, 0x20, 0x20, 0x20, 0x66, 0x6c, 0x6f, 0x61, 0x74, 0x33, 0x20, 0x5f, 0x39, 0x37, 0x36, 0x3b, //     float3 _976;
	0x0a, 0x20, 0x20, 0x20, 0x20, 0x20, 0x20, 0x20, 0x20, 0x66, 0x6f, 0x72, 0x20, 0x28, 0x69, 0x6e, // .        for (in
	0x74, 0x20, 0x5f, 0x39, 0x36, 0x39, 0x20, 0x3d, 0x20, 0x31, 0x3b, 0x20, 0x5f, 0x39, 0x36, 0x39, // t _969 = 1; _969
	0x20, 0x3c, 0x20, 0x5f, 0x35, 0x35, 0x36, 0x3b, 0x20, 0x5f, 0x39, 0x37, 0x30, 0x20, 0x3d, 0x20, //  < _556; _970 = 
	0x5f, 0x39, 0x37, 0x36, 0x2c, 0x20, 0x5f, 0x39, 0x36, 0x39, 0x2b, 0x2b, 0x29, 0x0a, 0x20, 0x20, // _976, _969++).  
	0x20, 0x20, 0x20, 0x20, 0x20, 0x20, 0x7b, 0x0a, 0x20, 0x20, 0x20, 0x20, 0x20, 0x20, 0x20, 0x20, //       {.        
	0x20, 0x20, 0x20, 0x20, 0x66, 0x6c, 0x6f, 0x61, 0x74, 0x33, 0x20, 0x5f, 0x36, 0x37, 0x38, 0x20, //     float3 _678 
	0x3d, 0x20, 0x66, 0x6c, 0x6f, 0x61, 0x74, 0x33, 0x28, 0x66, 0x6c, 0x6f, 0x61, 0x74, 0x28, 0x5f, // = float3(float(_
	0x39, 0x36, 0x39, 0x29, 0x20, 0x2f, 0x20, 0x5f, 0x6d, 0x74, 0x6c, 0x5f, 0x75, 0x2e, 0x77, 0x5f, // 969) / _mtl_u.w_
	0x68, 0x5f, 0x68, 0x65, 0x69, 0x67, 0x68, 0x74, 0x2e, 0x77, 0x29, 0x3b, 0x0a, 0x20, 0x20, 0x20, // h_height.w);.   
	0x20, 0x20, 0x20, 0x20, 0x20, 0x20, 0x20, 0x20, 0x20, 0x66, 0x6c, 0x6f, 0x61, 0x74, 0x33, 0x20, //          float3 
	0x5f, 0x38, 0x36, 0x37, 0x20, 0x3d, 0x20, 0x6d, 0x69, 0x78, 0x28, 0x5f, 0x6d, 0x74, 0x6c, 0x5f, // _867 = mix(_mtl_
	0x75, 0x2e, 0x62, 0x61, 0x6c, 0x6c, 0x73, 0x5b, 0x31, 0x5d, 0x2e, 0x78, 0x79, 0x7a, 0x2c, 0x20, // u.balls[1].xyz, 
	0x5f, 0x6d, 0x74, 0x6c, 0x5f, 0x75, 0x2e, 0x62, 0x61, 0x6c, 0x6c, 0x73, 0x5b, 0x30, 0x5d, 0x2e, // _mtl_u.balls[0].
	0x78, 0x79, 0x7a, 0x2c, 0x20, 0x5f, 0x36, 0x37, 0x38, 0x29, 0x3b, 0x0a, 0x20, 0x20, 0x20, 0x20, // xyz, _678);.    
	0x20, 0x20, 0x20, 0x20, 0x20, 0x20, 0x20, 0x20, 0x66, 0x6c, 0x6f, 0x61, 0x74, 0x20, 0x5f, 0x36, //         float _6
	0x38, 0x34, 0x20, 0x3d, 0x20, 0x64, 0x6f, 0x74, 0x28, 0x5f, 0x35, 0x39, 0x37, 0x2c, 0x20, 0x5f, // 84 = dot(_597, _
	0x38, 0x36, 0x37, 0x29, 0x3b, 0x0a, 0x20, 0x20, 0x20, 0x20, 0x20, 0x20, 0x20, 0x20, 0x20, 0x20, // 867);.          
	0x20, 0x20, 0x66, 0x6c, 0x6f, 0x61, 0x74, 0x20, 0x5f, 0x36, 0x39, 0x34, 0x20, 0x3d, 0x20, 0x28, //   float _694 = (
	0x5f, 0x36, 0x38, 0x34, 0x20, 0x2a, 0x20, 0x5f, 0x36, 0x38, 0x34, 0x29, 0x20, 0x2d, 0x20, 0x28, // _684 * _684) - (
	0x64, 0x6f, 0x74, 0x28, 0x5f, 0x38, 0x36, 0x37, 0x2c, 0x20, 0x5f, 0x38, 0x36, 0x37, 0x29, 0x20, // dot(_867, _867) 
	0x2d, 0x20, 0x5f, 0x36, 0x30, 0x38, 0x29, 0x3b, 0x0a, 0x20, 0x20, 0x20, 0x20, 0x20, 0x20, 0x20, // - _608);.       
	0x20, 0x20, 0x20, 0x20, 0x20, 0x69, 0x66, 0x20, 0x28, 0x5f, 0x36, 0x39, 0x34, 0x20, 0x3c, 0x20, //      if (_694 < 
	0x30, 0x2e, 0x30, 0x29, 0x0a, 0x20, 0x20, 0x20, 0x20, 0x20, 0x20, 0x20, 0x20, 0x20, 0x20, 0x20, // 0.0).           
	0x20, 0x7b, 0x0a, 0x20, 0x20, 0x20, 0x20, 0x20, 0x20, 0x20, 0x20, 0x20, 0x20, 0x20, 0x20, 0x20, //  {.             
	0x20, 0x20, 0x20, 0x5f, 0x39, 0x37, 0x36, 0x20, 0x3d, 0x20, 0x5f, 0x39, 0x37, 0x30, 0x20, 0x2b, //    _976 = _970 +
	0x20, 0x5f, 0x39, 0x37, 0x34, 0x3b, 0x0a, 0x20, 0x20, 0x20, 0x20, 0x20, 0x20, 0x20, 0x20, 0x20, //  _974;.         
	0x20, 0x20, 0x20, 0x7d, 0x0a, 0x20, 0x20, 0x20, 0x20, 0x20, 0x20, 0x20, 0x20, 0x20, 0x20, 0x20, //    }.           
	0x20, 0x65, 0x6c, 0x73, 0x65, 0x0a, 0x20, 0x20, 0x20, 0x20, 0x20, 0x20, 0x20, 0x20, 0x20, 0x20, //  else.          
	0x20, 0x20, 0x7b, 0x0a, 0x20, 0x20, 0x20, 0x20, 0x20, 0x20, 0x20, 0x20, 0x20, 0x20, 0x20, 0x20, //   {.            
	0x20, 0x20, 0x20, 0x20, 0x66, 0x6c, 0x6f, 0x61, 0x74, 0x33, 0x20, 0x5f, 0x37, 0x30, 0x39, 0x20, //     float3 _709 
	0x3d, 0x20, 0x28, 0x5f, 0x35, 0x39, 0x37, 0x20, 0x2a, 0x20, 0x28, 0x5f, 0x36, 0x38, 0x34, 0x20, // = (_597 * (_684 
	0x2d, 0x20, 0x73, 0x71, 0x72, 0x74, 0x28, 0x5f, 0x36, 0x39, 0x34, 0x29, 0x29, 0x29, 0x20, 0x2d, // - sqrt(_694))) -
	0x20, 0x5f, 0x38, 0x36, 0x37, 0x3b, 0x0a, 0x20, 0x20, 0x20, 0x20, 0x20, 0x20, 0x20, 0x20, 0x20, //  _867;.         
	0x20, 0x20, 0x20, 0x20, 0x20, 0x20, 0x20, 0x69, 0x6e, 0x74, 0x20, 0x5f, 0x37, 0x31, 0x39, 0x20, //        int _719 
	0x3d, 0x20, 0x69, 0x6e, 0x74, 0x28, 0x72, 0x69, 0x6e, 0x74, 0x28, 0x69, 0x6e, 0x2e, 0x76, 0x5f, // = int(rint(in.v_
	0x65, 0x79, 0x65, 0x29, 0x29, 0x3b, 0x0a, 0x20, 0x20, 0x20, 0x20, 0x20, 0x20, 0x20, 0x20, 0x20, // eye));.         
	0x20, 0x20, 0x20, 0x20, 0x20, 0x20, 0x20, 0x66, 0x6c, 0x6f, 0x61, 0x74, 0x34, 0x20, 0x5f, 0x37, //        float4 _7
	0x32, 0x32, 0x20, 0x3d, 0x20, 0x5f, 0x6d, 0x74, 0x6c, 0x5f, 0x75, 0x2e, 0x6d, 0x61, 0x74, 0x50, // 22 = _mtl_u.matP
	0x72, 0x6f, 0x6a, 0x5b, 0x5f, 0x37, 0x31, 0x39, 0x5d, 0x20, 0x2a, 0x20, 0x66, 0x6c, 0x6f, 0x61, // roj[_719] * floa
	0x74, 0x34, 0x28, 0x5f, 0x6d, 0x74, 0x6c, 0x5f, 0x75, 0x2e, 0x62, 0x61, 0x6c, 0x6c, 0x73, 0x5b, // t4(_mtl_u.balls[
	0x31, 0x5d, 0x2e, 0x78, 0x79, 0x7a, 0x20, 0x2b, 0x20, 0x5f, 0x37, 0x30, 0x39, 0x2c, 0x20, 0x31, // 1].xyz + _709, 1
	0x2e, 0x30, 0x29, 0x3b, 0x0a, 0x20, 0x20, 0x20, 0x20, 0x20, 0x20, 0x20, 0x20, 0x20, 0x20, 0x20, // .0);.           
	0x20, 0x20, 0x20, 0x20, 0x20, 0x66, 0x6c, 0x6f, 0x61, 0x74, 0x34, 0x20, 0x5f, 0x37, 0x33, 0x35, //      float4 _735
	0x20, 0x3d, 0x20, 0x5f, 0x6d, 0x74, 0x6c, 0x5f, 0x75, 0x2e, 0x6d, 0x61, 0x74, 0x50, 0x72, 0x6f, //  = _mtl_u.matPro
	0x6a, 0x5b, 0x5f, 0x37, 0x31, 0x39, 0x5d, 0x20, 0x2a, 0x20, 0x66, 0x6c, 0x6f, 0x61, 0x74, 0x34, // j[_719] * float4
	0x28, 0x5f, 0x6d, 0x74, 0x6c, 0x5f, 0x75, 0x2e, 0x62, 0x61, 0x6c, 0x6c, 0x73, 0x5b, 0x30, 0x5d, // (_mtl_u.balls[0]
	0x2e, 0x78, 0x79, 0x7a, 0x20, 0x2b, 0x20, 0x5f, 0x37, 0x30, 0x39, 0x2c, 0x20, 0x31, 0x2e, 0x30, // .xyz + _709, 1.0
	0x29, 0x3b, 0x0a, 0x20, 0x20, 0x20, 0x20, 0x20, 0x20, 0x20, 0x20, 0x20, 0x20, 0x20, 0x20, 0x20, // );.             
	0x20, 0x20, 0x20, 0x66, 0x6c, 0x6f, 0x61, 0x74, 0x32, 0x20, 0x5f, 0x37, 0x34, 0x31, 0x20, 0x3d, //    float2 _741 =
	0x20, 0x5f, 0x37, 0x32, 0x32, 0x2e, 0x78, 0x79, 0x20, 0x2f, 0x20, 0x66, 0x6c, 0x6f, 0x61, 0x74, //  _722.xy / float
	0x32, 0x28, 0x5f, 0x37, 0x32, 0x32, 0x2e, 0x77, 0x29, 0x3b, 0x0a, 0x20, 0x20, 0x20, 0x20, 0x20, // 2(_722.w);.     
	0x20, 0x20, 0x20, 0x20, 0x20, 0x20, 0x20, 0x20, 0x20, 0x20, 0x20, 0x66, 0x6c, 0x6f, 0x61, 0x74, //            float
	0x20, 0x5f, 0x37, 0x34, 0x33, 0x20, 0x3d, 0x20, 0x5f, 0x37, 0x34, 0x31, 0x2e, 0x78, 0x3b, 0x0a, //  _743 = _741.x;.
	0x20, 0x20, 0x20, 0x20, 0x20, 0x20, 0x20, 0x20, 0x20, 0x20, 0x20, 0x20, 0x20, 0x20, 0x20, 0x20, //                 
	0x66, 0x6c, 0x6f, 0x61, 0x74, 0x32, 0x20, 0x5f, 0x37, 0x35, 0x31, 0x20, 0x3d, 0x20, 0x5f, 0x37, // float2 _751 = _7
	0x33, 0x35, 0x2e, 0x78, 0x79, 0x20, 0x2f, 0x20, 0x66, 0x6c, 0x6f, 0x61, 0x74, 0x32, 0x28, 0x5f, // 35.xy / float2(_
	0x37, 0x33, 0x35, 0x2e, 0x77, 0x29, 0x3b, 0x0a, 0x20, 0x20, 0x20, 0x20, 0x20, 0x20, 0x20, 0x20, // 735.w);.        
	0x20, 0x20, 0x20, 0x20, 0x20, 0x20, 0x20, 0x20, 0x66, 0x6c, 0x6f, 0x61, 0x74, 0x20, 0x5f, 0x37, //         float _7
	0x35, 0x33, 0x20, 0x3d, 0x20, 0x5f, 0x37, 0x35, 0x31, 0x2e, 0x78, 0x3b, 0x0a, 0x20, 0x20, 0x20, // 53 = _751.x;.   
	0x20, 0x20, 0x20, 0x20, 0x20, 0x20, 0x20, 0x20, 0x20, 0x20, 0x20, 0x20, 0x20, 0x66, 0x6c, 0x6f, //              flo
	0x61, 0x74, 0x33, 0x20, 0x5f, 0x37, 0x37, 0x37, 0x20, 0x3d, 0x20, 0x66, 0x6c, 0x6f, 0x61, 0x74, // at3 _777 = float
	0x33, 0x28, 0x28, 0x66, 0x6c, 0x6f, 0x61, 0x74, 0x32, 0x28, 0x30, 0x2e, 0x35, 0x29, 0x20, 0x2b, // 3((float2(0.5) +
	0x20, 0x28, 0x66, 0x6c, 0x6f, 0x61, 0x74, 0x32, 0x28, 0x5f, 0x37, 0x34, 0x33, 0x2c, 0x20, 0x5f, //  (float2(_743, _
	0x39, 0x36, 0x38, 0x29, 0x20, 0x2a, 0x20, 0x30, 0x2e, 0x35, 0x29, 0x29, 0x2e, 0x78, 0x2c, 0x20, // 968) * 0.5)).x, 
	0x28, 0x66, 0x6c, 0x6f, 0x61, 0x74, 0x32, 0x28, 0x30, 0x2e, 0x35, 0x29, 0x20, 0x2b, 0x20, 0x28, // (float2(0.5) + (
	0x66, 0x6c, 0x6f, 0x61, 0x74, 0x32, 0x28, 0x5f, 0x37, 0x34, 0x33, 0x2c, 0x20, 0x2d, 0x5f, 0x37, // float2(_743, -_7
	0x34, 0x31, 0x2e, 0x79, 0x29, 0x20, 0x2a, 0x20, 0x30, 0x2e, 0x35, 0x29, 0x29, 0x2e, 0x79, 0x2c, // 41.y) * 0.5)).y,
	0x20, 0x69, 0x6e, 0x2e, 0x76, 0x5f, 0x65, 0x79, 0x65, 0x29, 0x3b, 0x0a, 0x20, 0x20, 0x20, 0x20, //  in.v_eye);.    
	0x20, 0x20, 0x20, 0x20, 0x20, 0x20, 0x20, 0x20, 0x20, 0x20, 0x20, 0x20, 0x66, 0x6c, 0x6f, 0x61, //             floa
	0x74, 0x33, 0x20, 0x5f, 0x38, 0x30, 0x32, 0x20, 0x3d, 0x20, 0x66, 0x6c, 0x6f, 0x61, 0x74, 0x33, // t3 _802 = float3
	0x28, 0x28, 0x66, 0x6c, 0x6f, 0x61, 0x74, 0x32, 0x28, 0x30, 0x2e, 0x35, 0x29, 0x20, 0x2b, 0x20, // ((float2(0.5) + 
	0x28, 0x66, 0x6c, 0x6f, 0x61, 0x74, 0x32, 0x28, 0x5f, 0x37, 0x35, 0x33, 0x2c, 0x20, 0x5f, 0x39, // (float2(_753, _9
	0x36, 0x38, 0x29, 0x20, 0x2a, 0x20, 0x30, 0x2e, 0x35, 0x29, 0x29, 0x2e, 0x78, 0x2c, 0x20, 0x28, // 68) * 0.5)).x, (
	0x66, 0x6c, 0x6f, 0x61, 0x74, 0x32, 0x28, 0x30, 0x2e, 0x35, 0x29, 0x20, 0x2b, 0x20, 0x28, 0x66, // float2(0.5) + (f
	0x6c, 0x6f, 0x61, 0x74, 0x32, 0x28, 0x5f, 0x37, 0x35, 0x33, 0x2c, 0x20, 0x2d, 0x5f, 0x37, 0x35, // loat2(_753, -_75
	0x31, 0x2e, 0x79, 0x29, 0x20, 0x2a, 0x20, 0x30, 0x2e, 0x35, 0x29, 0x29, 0x2e, 0x79, 0x2c, 0x20, // 1.y) * 0.5)).y, 
	0x69, 0x6e, 0x2e, 0x76, 0x5f, 0x65, 0x79, 0x65, 0x29, 0x3b, 0x0a, 0x20, 0x20, 0x20, 0x20, 0x20, // in.v_eye);.     
	0x20, 0x20, 0x20, 0x20, 0x20, 0x20, 0x20, 0x20, 0x20, 0x20, 0x20, 0x5f, 0x39, 0x37, 0x36, 0x20, //            _976 
	0x3d, 0x20, 0x5f, 0x39, 0x37, 0x30, 0x20, 0x2b, 0x20, 0x6d, 0x69, 0x78, 0x28, 0x74, 0x65, 0x78, // = _970 + mix(tex
	0x5f, 0x62, 0x6c, 0x6f, 0x6f, 0x6d, 0x2e, 0x73, 0x61, 0x6d, 0x70, 0x6c, 0x65, 0x28, 0x74, 0x65, // _bloom.sample(te
	0x78, 0x5f, 0x62, 0x6c, 0x6f, 0x6f, 0x6d, 0x53, 0x61, 0x6d, 0x70, 0x6c, 0x65, 0x72, 0x2c, 0x20, // x_bloomSampler, 
	0x5f, 0x37, 0x37, 0x37, 0x2e, 0x78, 0x79, 0x2c, 0x20, 0x75, 0x69, 0x6e, 0x74, 0x28, 0x72, 0x69, // _777.xy, uint(ri
	0x6e, 0x74, 0x28, 0x5f, 0x37, 0x37, 0x37, 0x2e, 0x7a, 0x29, 0x29, 0x2c, 0x20, 0x6c, 0x65, 0x76, // nt(_777.z)), lev
	0x65, 0x6c, 0x28, 0x30, 0x2e, 0x30, 0x29, 0x29, 0x2e, 0x78, 0x79, 0x7a, 0x2c, 0x20, 0x74, 0x65, // el(0.0)).xyz, te
	0x78, 0x5f, 0x66, 0x62, 0x5f, 0x66, 0x69, 0x6c, 0x74, 0x65, 0x72, 0x65, 0x64, 0x2e, 0x73, 0x61, // x_fb_filtered.sa
	0x6d, 0x70, 0x6c, 0x65, 0x28, 0x74, 0x65, 0x78, 0x5f, 0x66, 0x62, 0x5f, 0x66, 0x69, 0x6c, 0x74, // mple(tex_fb_filt
	0x65, 0x72, 0x65, 0x64, 0x53, 0x61, 0x6d, 0x70, 0x6c, 0x65, 0x72, 0x2c, 0x20, 0x5f, 0x38, 0x30, // eredSampler, _80
	0x32, 0x2e, 0x78, 0x79, 0x2c, 0x20, 0x75, 0x69, 0x6e, 0x74, 0x28, 0x72, 0x69, 0x6e, 0x74, 0x28, // 2.xy, uint(rint(
	0x5f, 0x38, 0x30, 0x32, 0x2e, 0x7a, 0x29, 0x29, 0x2c, 0x20, 0x6c, 0x65, 0x76, 0x65, 0x6c, 0x28, // _802.z)), level(
	0x30, 0x2e, 0x30, 0x29, 0x29, 0x2e, 0x78, 0x79, 0x7a, 0x2c, 0x20, 0x5f, 0x36, 0x37, 0x38, 0x29, // 0.0)).xyz, _678)
	0x3b, 0x0a, 0x20, 0x20, 0x20, 0x20, 0x20, 0x20, 0x20, 0x20, 0x20, 0x20, 0x20, 0x20, 0x7d, 0x0a, // ;.            }.
	0x20, 0x20, 0x20, 0x20, 0x20, 0x20, 0x20, 0x20, 0x7d, 0x0a, 0x20, 0x20, 0x20, 0x20, 0x20, 0x20, //         }.      
	0x20, 0x20, 0x5f, 0x39, 0x37, 0x32, 0x20, 0x3d, 0x20, 0x66, 0x6c, 0x6f, 0x61, 0x74, 0x34, 0x28, //   _972 = float4(
	0x5f, 0x39, 0x37, 0x30, 0x20, 0x2f, 0x20, 0x66, 0x6c, 0x6f, 0x61, 0x74, 0x33, 0x28, 0x5f, 0x6d, // _970 / float3(_m
	0x74, 0x6c, 0x5f, 0x75, 0x2e, 0x77, 0x5f, 0x68, 0x5f, 0x68, 0x65, 0x69, 0x67, 0x68, 0x74, 0x2e, // tl_u.w_h_height.
	0x77, 0x29, 0x2c, 0x20, 0x31, 0x2e, 0x30, 0x29, 0x3b, 0x0a, 0x20, 0x20, 0x20, 0x20, 0x20, 0x20, // w), 1.0);.      
	0x20, 0x20, 0x62, 0x72, 0x65, 0x61, 0x6b, 0x3b, 0x0a, 0x20, 0x20, 0x20, 0x20, 0x7d, 0x20, 0x77, //   break;.    } w
	0x68, 0x69, 0x6c, 0x65, 0x28, 0x66, 0x61, 0x6c, 0x73, 0x65, 0x29, 0x3b, 0x0a, 0x20, 0x20, 0x20, // hile(false);.   
	0x20, 0x6f, 0x75, 0x74, 0x2e, 0x62, 0x67, 0x66, 0x78, 0x5f, 0x46, 0x72, 0x61, 0x67, 0x44, 0x61, //  out.bgfx_FragDa
	0x74, 0x61, 0x30, 0x20, 0x3d, 0x20, 0x5f, 0x39, 0x37, 0x32, 0x3b, 0x0a, 0x20, 0x20, 0x20, 0x20, // ta0 = _972;.    
	0x72, 0x65, 0x74, 0x75, 0x72, 0x6e, 0x20, 0x6f, 0x75, 0x74, 0x3b, 0x0a, 0x7d, 0x0a, 0x0a, 0x00, // return out;.}...
	0x00, 0x90, 0x01,                                                                               // ...
};
static const uint8_t fs_pp_motionblur_st_essl[3191] =
{
	0x46, 0x53, 0x48, 0x0b, 0x4a, 0x63, 0xcf, 0x5f, 0x00, 0x00, 0x00, 0x00, 0x07, 0x00, 0x0a, 0x77, // FSH.Jc._.......w
	0x5f, 0x68, 0x5f, 0x68, 0x65, 0x69, 0x67, 0x68, 0x74, 0x02, 0x01, 0x00, 0x00, 0x01, 0x00, 0x00, // _h_height.......
	0x00, 0x00, 0x00, 0x0a, 0x6d, 0x61, 0x74, 0x50, 0x72, 0x6f, 0x6a, 0x49, 0x6e, 0x76, 0x04, 0x02, // ....matProjInv..
	0x00, 0x00, 0x08, 0x00, 0x00, 0x00, 0x00, 0x00, 0x05, 0x62, 0x61, 0x6c, 0x6c, 0x73, 0x02, 0x08, // .........balls..
	0x00, 0x00, 0x08, 0x00, 0x00, 0x00, 0x00, 0x00, 0x07, 0x6d, 0x61, 0x74, 0x50, 0x72, 0x6f, 0x6a, // .........matProj
	0x04, 0x02, 0x00, 0x00, 0x08, 0x00, 0x00, 0x00, 0x00, 0x00, 0x09, 0x74, 0x65, 0x78, 0x5f, 0x64, // ...........tex_d
	0x65, 0x70, 0x74, 0x68, 0x00, 0x01, 0x00, 0x00, 0x01, 0x00, 0x00, 0x00, 0x00, 0x00, 0x0f, 0x74, // epth...........t
	0x65, 0x78, 0x5f, 0x66, 0x62, 0x5f, 0x66, 0x69, 0x6c, 0x74, 0x65, 0x72, 0x65, 0x64, 0x00, 0x01, // ex_fb_filtered..
	0x00, 0x00, 0x01, 0x00, 0x00, 0x00, 0x00, 0x00, 0x09, 0x74, 0x65, 0x78, 0x5f, 0x62, 0x6c, 0x6f, // .........tex_blo
	0x6f, 0x6d, 0x00, 0x01, 0x00, 0x00, 0x01, 0x00, 0x00, 0x00, 0x00, 0x00, 0xd6, 0x0b, 0x00, 0x00, // om..............
	0x70, 0x72, 0x65, 0x63, 0x69, 0x73, 0x69, 0x6f, 0x6e, 0x20, 0x6d, 0x65, 0x64, 0x69, 0x75, 0x6d, // precision medium
	0x70, 0x20, 0x66, 0x6c, 0x6f, 0x61, 0x74, 0x3b, 0x0a, 0x70, 0x72, 0x65, 0x63, 0x69, 0x73, 0x69, // p float;.precisi
	0x6f, 0x6e, 0x20, 0x68, 0x69, 0x67, 0x68, 0x70, 0x20, 0x69, 0x6e, 0x74, 0x3b, 0x0a, 0x0a, 0x76, // on highp int;..v
	0x65, 0x63, 0x34, 0x20, 0x5f, 0x34, 0x32, 0x38, 0x3b, 0x0a, 0x0a, 0x75, 0x6e, 0x69, 0x66, 0x6f, // ec4 _428;..unifo
	0x72, 0x6d, 0x20, 0x68, 0x69, 0x67, 0x68, 0x70, 0x20, 0x76, 0x65, 0x63, 0x34, 0x20, 0x77, 0x5f, // rm highp vec4 w_
	0x68, 0x5f, 0x68, 0x65, 0x69, 0x67, 0x68, 0x74, 0x3b, 0x0a, 0x75, 0x6e, 0x69, 0x66, 0x6f, 0x72, // h_height;.unifor
	0x6d, 0x20, 0x68, 0x69, 0x67, 0x68, 0x70, 0x20, 0x73, 0x61, 0x6d, 0x70, 0x6c, 0x65, 0x72, 0x32, // m highp sampler2
	0x44, 0x41, 0x72, 0x72, 0x61, 0x79, 0x20, 0x74, 0x65, 0x78, 0x5f, 0x64, 0x65, 0x70, 0x74, 0x68, // DArray tex_depth
	0x3b, 0x0a, 0x75, 0x6e, 0x69, 0x66, 0x6f, 0x72, 0x6d, 0x20, 0x68, 0x69, 0x67, 0x68, 0x70, 0x20, // ;.uniform highp 
	0x6d, 0x61, 0x74, 0x34, 0x20, 0x6d, 0x61, 0x74, 0x50, 0x72, 0x6f, 0x6a, 0x49, 0x6e, 0x76, 0x5b, // mat4 matProjInv[
	0x32, 0x5d, 0x3b, 0x0a, 0x75, 0x6e, 0x69, 0x66, 0x6f, 0x72, 0x6d, 0x20, 0x68, 0x69, 0x67, 0x68, // 2];.uniform high
	0x70, 0x20, 0x76, 0x65, 0x63, 0x34, 0x20, 0x62, 0x61, 0x6c, 0x6c, 0x73, 0x5b, 0x38, 0x5d, 0x3b, // p vec4 balls[8];
	0x0a, 0x75, 0x6e, 0x69, 0x66, 0x6f, 0x72, 0x6d, 0x20, 0x68, 0x69, 0x67, 0x68, 0x70, 0x20, 0x73, // .uniform highp s
	0x61, 0x6d, 0x70, 0x6c, 0x65, 0x72, 0x32, 0x44, 0x41, 0x72, 0x72, 0x61, 0x79, 0x20, 0x74, 0x65, // ampler2DArray te
	0x78, 0x5f, 0x66, 0x62, 0x5f, 0x66, 0x69, 0x6c, 0x74, 0x65, 0x72, 0x65, 0x64, 0x3b, 0x0a, 0x75, // x_fb_filtered;.u
	0x6e, 0x69, 0x66, 0x6f, 0x72, 0x6d, 0x20, 0x68, 0x69, 0x67, 0x68, 0x70, 0x20, 0x73, 0x61, 0x6d, // niform highp sam
	0x70, 0x6c, 0x65, 0x72, 0x32, 0x44, 0x41, 0x72, 0x72, 0x61, 0x79, 0x20, 0x74, 0x65, 0x78, 0x5f, // pler2DArray tex_
	0x62, 0x6c, 0x6f, 0x6f, 0x6d, 0x3b, 0x0a, 0x75, 0x6e, 0x69, 0x66, 0x6f, 0x72, 0x6d, 0x20, 0x68, // bloom;.uniform h
	0x69, 0x67, 0x68, 0x70, 0x20, 0x6d, 0x61, 0x74, 0x34, 0x20, 0x6d, 0x61, 0x74, 0x50, 0x72, 0x6f, // ighp mat4 matPro
	0x6a, 0x5b, 0x32, 0x5d, 0x3b, 0x0a, 0x0a, 0x69, 0x6e, 0x20, 0x68, 0x69, 0x67, 0x68, 0x70, 0x20, // j[2];..in highp 
	0x76, 0x65, 0x63, 0x32, 0x20, 0x76, 0x5f, 0x74, 0x65, 0x78, 0x63, 0x6f, 0x6f, 0x72, 0x64, 0x30, // vec2 v_texcoord0
	0x3b, 0x0a, 0x69, 0x6e, 0x20, 0x68, 0x69, 0x67, 0x68, 0x70, 0x20, 0x66, 0x6c, 0x6f, 0x61, 0x74, // ;.in highp float
	0x20, 0x76, 0x5f, 0x65, 0x79, 0x65, 0x3b, 0x0a, 0x6c, 0x61, 0x79, 0x6f, 0x75, 0x74, 0x28, 0x6c, //  v_eye;.layout(l
	0x6f, 0x63, 0x61, 0x74, 0x69, 0x6f, 0x6e, 0x20, 0x3d, 0x20, 0x30, 0x29, 0x20, 0x6f, 0x75, 0x74, // ocation = 0) out
	0x20, 0x68, 0x69, 0x67, 0x68, 0x70, 0x20, 0x76, 0x65, 0x63, 0x34, 0x20, 0x62, 0x67, 0x66, 0x78, //  highp vec4 bgfx
	0x5f, 0x46, 0x72, 0x61, 0x67, 0x43, 0x6f, 0x6c, 0x6f, 0x72, 0x3b, 0x0a, 0x0a, 0x76, 0x6f, 0x69, // _FragColor;..voi
	0x64, 0x20, 0x6d, 0x61, 0x69, 0x6e, 0x28, 0x29, 0x0a, 0x7b, 0x0a, 0x20, 0x20, 0x20, 0x20, 0x64, // d main().{.    d
	0x6f, 0x0a, 0x20, 0x20, 0x20, 0x20, 0x7b, 0x0a, 0x20, 0x20, 0x20, 0x20, 0x20, 0x20, 0x20, 0x20, // o.    {.        
	0x69, 0x6e, 0x74, 0x20, 0x5f, 0x32, 0x38, 0x20, 0x3d, 0x20, 0x69, 0x6e, 0x74, 0x28, 0x77, 0x5f, // int _28 = int(w_
	0x68, 0x5f, 0x68, 0x65, 0x69, 0x67, 0x68, 0x74, 0x2e, 0x77, 0x29, 0x3b, 0x0a, 0x20, 0x20, 0x20, // h_height.w);.   
	0x20, 0x20, 0x20, 0x20, 0x20, 0x68, 0x69, 0x67, 0x68, 0x70, 0x20, 0x76, 0x65, 0x63, 0x33, 0x20, //      highp vec3 
	0x5f, 0x35, 0x30, 0x20, 0x3d, 0x20, 0x76, 0x65, 0x63, 0x33, 0x28, 0x76, 0x5f, 0x74, 0x65, 0x78, // _50 = vec3(v_tex
	0x63, 0x6f, 0x6f, 0x72, 0x64, 0x30, 0x2c, 0x20, 0x76, 0x5f, 0x65, 0x79, 0x65, 0x29, 0x3b, 0x0a, // coord0, v_eye);.
	0x20, 0x20, 0x20, 0x20, 0x20, 0x20, 0x20, 0x20, 0x68, 0x69, 0x67, 0x68, 0x70, 0x20, 0x76, 0x65, //         highp ve
	0x63, 0x34, 0x20, 0x5f, 0x38, 0x33, 0x20, 0x3d, 0x20, 0x6d, 0x61, 0x74, 0x50, 0x72, 0x6f, 0x6a, // c4 _83 = matProj
	0x49, 0x6e, 0x76, 0x5b, 0x69, 0x6e, 0x74, 0x28, 0x76, 0x5f, 0x65, 0x79, 0x65, 0x29, 0x5d, 0x20, // Inv[int(v_eye)] 
	0x2a, 0x20, 0x76, 0x65, 0x63, 0x34, 0x28, 0x28, 0x76, 0x5f, 0x74, 0x65, 0x78, 0x63, 0x6f, 0x6f, // * vec4((v_texcoo
	0x72, 0x64, 0x30, 0x2e, 0x78, 0x20, 0x2a, 0x20, 0x32, 0x2e, 0x30, 0x29, 0x20, 0x2d, 0x20, 0x31, // rd0.x * 2.0) - 1
	0x2e, 0x30, 0x2c, 0x20, 0x31, 0x2e, 0x30, 0x20, 0x2d, 0x20, 0x28, 0x28, 0x31, 0x2e, 0x30, 0x20, // .0, 1.0 - ((1.0 
	0x2d, 0x20, 0x76, 0x5f, 0x74, 0x65, 0x78, 0x63, 0x6f, 0x6f, 0x72, 0x64, 0x30, 0x2e, 0x79, 0x29, // - v_texcoord0.y)
	0x20, 0x2a, 0x20, 0x32, 0x2e, 0x30, 0x29, 0x2c, 0x20, 0x28, 0x74, 0x65, 0x78, 0x74, 0x75, 0x72, //  * 2.0), (textur
	0x65, 0x4c, 0x6f, 0x64, 0x28, 0x74, 0x65, 0x78, 0x5f, 0x64, 0x65, 0x70, 0x74, 0x68, 0x2c, 0x20, // eLod(tex_depth, 
	0x5f, 0x35, 0x30, 0x2c, 0x20, 0x30, 0x2e, 0x30, 0x29, 0x2e, 0x78, 0x20, 0x2a, 0x20, 0x32, 0x2e, // _50, 0.0).x * 2.
	0x30, 0x29, 0x20, 0x2d, 0x20, 0x31, 0x2e, 0x30, 0x2c, 0x20, 0x31, 0x2e, 0x30, 0x29, 0x3b, 0x0a, // 0) - 1.0, 1.0);.
	0x20, 0x20, 0x20, 0x20, 0x20, 0x20, 0x20, 0x20, 0x68, 0x69, 0x67, 0x68, 0x70, 0x20, 0x76, 0x65, //         highp ve
	0x63, 0x33, 0x20, 0x5f, 0x38, 0x39, 0x20, 0x3d, 0x20, 0x5f, 0x38, 0x33, 0x2e, 0x78, 0x79, 0x7a, // c3 _89 = _83.xyz
	0x20, 0x2f, 0x20, 0x76, 0x65, 0x63, 0x33, 0x28, 0x5f, 0x38, 0x33, 0x2e, 0x77, 0x29, 0x3b, 0x0a, //  / vec3(_83.w);.
	0x20, 0x20, 0x20, 0x20, 0x20, 0x20, 0x20, 0x20, 0x68, 0x69, 0x67, 0x68, 0x70, 0x20, 0x76, 0x65, //         highp ve
	0x63, 0x34, 0x20, 0x5f, 0x33, 0x39, 0x37, 0x3b, 0x0a, 0x20, 0x20, 0x20, 0x20, 0x20, 0x20, 0x20, // c4 _397;.       
	0x20, 0x5f, 0x33, 0x39, 0x37, 0x2e, 0x78, 0x20, 0x3d, 0x20, 0x5f, 0x38, 0x39, 0x2e, 0x78, 0x3b, //  _397.x = _89.x;
	0x0a, 0x20, 0x20, 0x20, 0x20, 0x20, 0x20, 0x20, 0x20, 0x5f, 0x33, 0x39, 0x37, 0x2e, 0x79, 0x20, // .        _397.y 
	0x3d, 0x20, 0x5f, 0x38, 0x39, 0x2e, 0x79, 0x3b, 0x0a, 0x20, 0x20, 0x20, 0x20, 0x20, 0x20, 0x20, // = _89.y;.       
	0x20, 0x68, 0x69, 0x67, 0x68, 0x70, 0x20, 0x66, 0x6c, 0x6f, 0x61, 0x74, 0x20, 0x5f, 0x39, 0x35, //  highp float _95
	0x20, 0x3d, 0x20, 0x5f, 0x38, 0x39, 0x2e, 0x7a, 0x3b, 0x0a, 0x20, 0x20, 0x20, 0x20, 0x20, 0x20, //  = _89.z;.      
	0x20, 0x20, 0x5f, 0x33, 0x39, 0x37, 0x2e, 0x7a, 0x20, 0x3d, 0x20, 0x5f, 0x39, 0x35, 0x3b, 0x0a, //   _397.z = _95;.
	0x20, 0x20, 0x20, 0x20, 0x20, 0x20, 0x20, 0x20, 0x68, 0x69, 0x67, 0x68, 0x70, 0x20, 0x76, 0x65, //         highp ve
	0x63, 0x33, 0x20, 0x5f, 0x31, 0x30, 0x30, 0x20, 0x3d, 0x20, 0x6e, 0x6f, 0x72, 0x6d, 0x61, 0x6c, // c3 _100 = normal
	0x69, 0x7a, 0x65, 0x28, 0x5f, 0x33, 0x39, 0x37, 0x2e, 0x78, 0x79, 0x7a, 0x29, 0x3b, 0x0a, 0x20, // ize(_397.xyz);. 
	0x20, 0x20, 0x20, 0x20, 0x20, 0x20, 0x20, 0x68, 0x69, 0x67, 0x68, 0x70, 0x20, 0x66, 0x6c, 0x6f, //        highp flo
	0x61, 0x74, 0x20, 0x5f, 0x31, 0x32, 0x30, 0x20, 0x3d, 0x20, 0x62, 0x61, 0x6c, 0x6c, 0x73, 0x5b, // at _120 = balls[
	0x30, 0x5d, 0x2e, 0x77, 0x20, 0x2a, 0x20, 0x62, 0x61, 0x6c, 0x6c, 0x73, 0x5b, 0x30, 0x5d, 0x2e, // 0].w * balls[0].
	0x77, 0x3b, 0x0a, 0x20, 0x20, 0x20, 0x20, 0x20, 0x20, 0x20, 0x20, 0x68, 0x69, 0x67, 0x68, 0x70, // w;.        highp
	0x20, 0x76, 0x65, 0x63, 0x34, 0x20, 0x5f, 0x31, 0x33, 0x30, 0x20, 0x3d, 0x20, 0x74, 0x65, 0x78, //  vec4 _130 = tex
	0x74, 0x75, 0x72, 0x65, 0x4c, 0x6f, 0x64, 0x28, 0x74, 0x65, 0x78, 0x5f, 0x66, 0x62, 0x5f, 0x66, // tureLod(tex_fb_f
	0x69, 0x6c, 0x74, 0x65, 0x72, 0x65, 0x64, 0x2c, 0x20, 0x5f, 0x35, 0x30, 0x2c, 0x20, 0x30, 0x2e, // iltered, _50, 0.
	0x30, 0x29, 0x3b, 0x0a, 0x20, 0x20, 0x20, 0x20, 0x20, 0x20, 0x20, 0x20, 0x68, 0x69, 0x67, 0x68, // 0);.        high
	0x70, 0x20, 0x76, 0x65, 0x63, 0x33, 0x20, 0x5f, 0x31, 0x33, 0x31, 0x20, 0x3d, 0x20, 0x5f, 0x31, // p vec3 _131 = _1
	0x33, 0x30, 0x2e, 0x78, 0x79, 0x7a, 0x3b, 0x0a, 0x20, 0x20, 0x20, 0x20, 0x20, 0x20, 0x20, 0x20, // 30.xyz;.        
	0x68, 0x69, 0x67, 0x68, 0x70, 0x20, 0x66, 0x6c, 0x6f, 0x61, 0x74, 0x20, 0x5f, 0x31, 0x33, 0x35, // highp float _135
	0x20, 0x3d, 0x20, 0x64, 0x6f, 0x74, 0x28, 0x5f, 0x31, 0x30, 0x30, 0x2c, 0x20, 0x62, 0x61, 0x6c, //  = dot(_100, bal
	0x6c, 0x73, 0x5b, 0x30, 0x5d, 0x2e, 0x78, 0x79, 0x7a, 0x29, 0x3b, 0x0a, 0x20, 0x20, 0x20, 0x20, // ls[0].xyz);.    
	0x20, 0x20, 0x20, 0x20, 0x68, 0x69, 0x67, 0x68, 0x70, 0x20, 0x66, 0x6c, 0x6f, 0x61, 0x74, 0x20, //     highp float 
	0x5f, 0x31, 0x34, 0x39, 0x20, 0x3d, 0x20, 0x28, 0x5f, 0x31, 0x33, 0x35, 0x20, 0x2a, 0x20, 0x5f, // _149 = (_135 * _
	0x31, 0x33, 0x35, 0x29, 0x20, 0x2d, 0x20, 0x28, 0x64, 0x6f, 0x74, 0x28, 0x62, 0x61, 0x6c, 0x6c, // 135) - (dot(ball
	0x73, 0x5b, 0x30, 0x5d, 0x2e, 0x78, 0x79, 0x7a, 0x2c, 0x20, 0x62, 0x61, 0x6c, 0x6c, 0x73, 0x5b, // s[0].xyz, balls[
	0x30, 0x5d, 0x2e, 0x78, 0x79, 0x7a, 0x29, 0x20, 0x2d, 0x20, 0x28, 0x5f, 0x31, 0x32, 0x30, 0x20, // 0].xyz) - (_120 
	0x2a, 0x20, 0x31, 0x2e, 0x31, 0x34, 0x39, 0x39, 0x39, 0x39, 0x39, 0x37, 0x36, 0x31, 0x35, 0x38, // * 1.149999976158
	0x31, 0x34, 0x32, 0x30, 0x38, 0x39, 0x38, 0x34, 0x33, 0x37, 0x35, 0x29, 0x29, 0x3b, 0x0a, 0x20, // 14208984375));. 
	0x20, 0x20, 0x20, 0x20, 0x20, 0x20, 0x20, 0x68, 0x69, 0x67, 0x68, 0x70, 0x20, 0x76, 0x65, 0x63, //        highp vec
	0x33, 0x20, 0x5f, 0x34, 0x32, 0x32, 0x3b, 0x0a, 0x20, 0x20, 0x20, 0x20, 0x20, 0x20, 0x20, 0x20, // 3 _422;.        
	0x69, 0x66, 0x20, 0x28, 0x5f, 0x31, 0x34, 0x39, 0x20, 0x3c, 0x20, 0x30, 0x2e, 0x30, 0x29, 0x0a, // if (_149 < 0.0).
	0x20, 0x20, 0x20, 0x20, 0x20, 0x20, 0x20, 0x20, 0x7b, 0x0a, 0x20, 0x20, 0x20, 0x20, 0x20, 0x20, //         {.      
	0x20, 0x20, 0x20, 0x20, 0x20, 0x20, 0x5f, 0x34, 0x32, 0x32, 0x20, 0x3d, 0x20, 0x5f, 0x31, 0x33, //       _422 = _13
	0x31, 0x3b, 0x0a, 0x20, 0x20, 0x20, 0x20, 0x20, 0x20, 0x20, 0x20, 0x7d, 0x0a, 0x20, 0x20, 0x20, // 1;.        }.   
	0x20, 0x20, 0x20, 0x20, 0x20, 0x65, 0x6c, 0x73, 0x65, 0x0a, 0x20, 0x20, 0x20, 0x20, 0x20, 0x20, //      else.      
	0x20, 0x20, 0x7b, 0x0a, 0x20, 0x20, 0x20, 0x20, 0x20, 0x20, 0x20, 0x20, 0x20, 0x20, 0x20, 0x20, //   {.            
	0x69, 0x66, 0x20, 0x28, 0x5f, 0x39, 0x35, 0x20, 0x3e, 0x20, 0x28, 0x28, 0x28, 0x5f, 0x31, 0x33, // if (_95 > (((_13
	0x35, 0x20, 0x2d, 0x20, 0x73, 0x71, 0x72, 0x74, 0x28, 0x5f, 0x31, 0x34, 0x39, 0x29, 0x29, 0x20, // 5 - sqrt(_149)) 
	0x2a, 0x20, 0x5f, 0x31, 0x30, 0x30, 0x2e, 0x7a, 0x29, 0x20, 0x2b, 0x20, 0x31, 0x2e, 0x30, 0x29, // * _100.z) + 1.0)
	0x29, 0x0a, 0x20, 0x20, 0x20, 0x20, 0x20, 0x20, 0x20, 0x20, 0x20, 0x20, 0x20, 0x20, 0x7b, 0x0a, // ).            {.
	0x20, 0x20, 0x20, 0x20, 0x20, 0x20, 0x20, 0x20, 0x20, 0x20, 0x20, 0x20, 0x20, 0x20, 0x20, 0x20, //                 
	0x62, 0x67, 0x66, 0x78, 0x5f, 0x46, 0x72, 0x61, 0x67, 0x43, 0x6f, 0x6c, 0x6f, 0x72, 0x20, 0x3d, // bgfx_FragColor =
	0x20, 0x76, 0x65, 0x63, 0x34, 0x28, 0x5f, 0x31, 0x33, 0x30, 0x2e, 0x78, 0x79, 0x7a, 0x2c, 0x20, //  vec4(_130.xyz, 
	0x31, 0x2e, 0x30, 0x29, 0x3b, 0x0a, 0x20, 0x20, 0x20, 0x20, 0x20, 0x20, 0x20, 0x20, 0x20, 0x20, // 1.0);.          
	0x20, 0x20, 0x20, 0x20, 0x20, 0x20, 0x62, 0x72, 0x65, 0x61, 0x6b, 0x3b, 0x0a, 0x20, 0x20, 0x20, //       break;.   
	0x20, 0x20, 0x20, 0x20, 0x20, 0x20, 0x20, 0x20, 0x20, 0x7d, 0x0a, 0x20, 0x20, 0x20, 0x20, 0x20, //          }.     
	0x20, 0x20, 0x20, 0x20, 0x20, 0x20, 0x20, 0x5f, 0x34, 0x32, 0x32, 0x20, 0x3d, 0x20, 0x74, 0x65, //        _422 = te
	0x78, 0x74, 0x75, 0x72, 0x65, 0x4c, 0x6f, 0x64, 0x28, 0x74, 0x65, 0x78, 0x5f, 0x62, 0x6c, 0x6f, // xtureLod(tex_blo
	0x6f, 0x6d, 0x2c, 0x20, 0x5f, 0x35, 0x30, 0x2c, 0x20, 0x30, 0x2e, 0x30, 0x29, 0x2e, 0x78, 0x79, // om, _50, 0.0).xy
	0x7a, 0x3b, 0x0a, 0x20, 0x20, 0x20, 0x20, 0x20, 0x20, 0x20, 0x20, 0x7d, 0x0a, 0x20, 0x20, 0x20, // z;.        }.   
	0x20, 0x20, 0x20, 0x20, 0x20, 0x68, 0x69, 0x67, 0x68, 0x70, 0x20, 0x76, 0x65, 0x63, 0x33, 0x20, //      highp vec3 
	0x5f, 0x34, 0x31, 0x39, 0x3b, 0x0a, 0x20, 0x20, 0x20, 0x20, 0x20, 0x20, 0x20, 0x20, 0x5f, 0x34, // _419;.        _4
	0x31, 0x39, 0x20, 0x3d, 0x20, 0x5f, 0x31, 0x33, 0x31, 0x3b, 0x0a, 0x20, 0x20, 0x20, 0x20, 0x20, // 19 = _131;.     
	0x20, 0x20, 0x20, 0x68, 0x69, 0x67, 0x68, 0x70, 0x20, 0x76, 0x65, 0x63, 0x33, 0x20, 0x5f, 0x34, //    highp vec3 _4
	0x32, 0x34, 0x3b, 0x0a, 0x20, 0x20, 0x20, 0x20, 0x20, 0x20, 0x20, 0x20, 0x66, 0x6f, 0x72, 0x20, // 24;.        for 
	0x28, 0x69, 0x6e, 0x74, 0x20, 0x5f, 0x34, 0x31, 0x38, 0x20, 0x3d, 0x20, 0x31, 0x3b, 0x20, 0x5f, // (int _418 = 1; _
	0x34, 0x31, 0x38, 0x20, 0x3c, 0x20, 0x5f, 0x32, 0x38, 0x3b, 0x20, 0x5f, 0x34, 0x31, 0x39, 0x20, // 418 < _28; _419 
	0x3d, 0x20, 0x5f, 0x34, 0x32, 0x34, 0x2c, 0x20, 0x5f, 0x34, 0x31, 0x38, 0x2b, 0x2b, 0x29, 0x0a, // = _424, _418++).
	0x20, 0x20, 0x20, 0x20, 0x20, 0x20, 0x20, 0x20, 0x7b, 0x0a, 0x20, 0x20, 0x20, 0x20, 0x20, 0x20, //         {.      
	0x20, 0x20, 0x20, 0x20, 0x20, 0x20, 0x68, 0x69, 0x67, 0x68, 0x70, 0x20, 0x76, 0x65, 0x63, 0x33, //       highp vec3
	0x20, 0x5f, 0x32, 0x31, 0x30, 0x20, 0x3d, 0x20, 0x76, 0x65, 0x63, 0x33, 0x28, 0x66, 0x6c, 0x6f, //  _210 = vec3(flo
	0x61, 0x74, 0x28, 0x5f, 0x34, 0x31, 0x38, 0x29, 0x20, 0x2f, 0x20, 0x77, 0x5f, 0x68, 0x5f, 0x68, // at(_418) / w_h_h
	0x65, 0x69, 0x67, 0x68, 0x74, 0x2e, 0x77, 0x29, 0x3b, 0x0a, 0x20, 0x20, 0x20, 0x20, 0x20, 0x20, // eight.w);.      
	0x20, 0x20, 0x20, 0x20, 0x20, 0x20, 0x68, 0x69, 0x67, 0x68, 0x70, 0x20, 0x76, 0x65, 0x63, 0x33, //       highp vec3
	0x20, 0x5f, 0x32, 0x31, 0x31, 0x20, 0x3d, 0x20, 0x6d, 0x69, 0x78, 0x28, 0x62, 0x61, 0x6c, 0x6c, //  _211 = mix(ball
	0x73, 0x5b, 0x31, 0x5d, 0x2e, 0x78, 0x79, 0x7a, 0x2c, 0x20, 0x62, 0x61, 0x6c, 0x6c, 0x73, 0x5b, // s[1].xyz, balls[
	0x30, 0x5d, 0x2e, 0x78, 0x79, 0x7a, 0x2c, 0x20, 0x5f, 0x32, 0x31, 0x30, 0x29, 0x3b, 0x0a, 0x20, // 0].xyz, _210);. 
	0x20, 0x20, 0x20, 0x20, 0x20, 0x20, 0x20, 0x20, 0x20, 0x20, 0x20, 0x68, 0x69, 0x67, 0x68, 0x70, //            highp
	0x20, 0x66, 0x6c, 0x6f, 0x61, 0x74, 0x20, 0x5f, 0x32, 0x31, 0x35, 0x20, 0x3d, 0x20, 0x64, 0x6f, //  float _215 = do
	0x74, 0x28, 0x5f, 0x31, 0x30, 0x30, 0x2c, 0x20, 0x5f, 0x32, 0x31, 0x31, 0x29, 0x3b, 0x0a, 0x20, // t(_100, _211);. 
	0x20, 0x20, 0x20, 0x20, 0x20, 0x20, 0x20, 0x20, 0x20, 0x20, 0x20, 0x68, 0x69, 0x67, 0x68, 0x70, //            highp
	0x20, 0x66, 0x6c, 0x6f, 0x61, 0x74, 0x20, 0x5f, 0x32, 0x32, 0x37, 0x20, 0x3d, 0x20, 0x28, 0x5f, //  float _227 = (_
	0x32, 0x31, 0x35, 0x20, 0x2a, 0x20, 0x5f, 0x32, 0x31, 0x35, 0x29, 0x20, 0x2d, 0x20, 0x28, 0x64, // 215 * _215) - (d
	0x6f, 0x74, 0x28, 0x5f, 0x32, 0x31, 0x31, 0x2c, 0x20, 0x5f, 0x32, 0x31, 0x31, 0x29, 0x20, 0x2d, // ot(_211, _211) -
	0x20, 0x5f, 0x31, 0x32, 0x30, 0x29, 0x3b, 0x0a, 0x20, 0x20, 0x20, 0x20, 0x20, 0x20, 0x20, 0x20, //  _120);.        
	0x20, 0x20, 0x20, 0x20, 0x69, 0x66, 0x20, 0x28, 0x5f, 0x32, 0x32, 0x37, 0x20, 0x3c, 0x20, 0x30, //     if (_227 < 0
	0x2e, 0x30, 0x29, 0x0a, 0x20, 0x20, 0x20, 0x20, 0x20, 0x20, 0x20, 0x20, 0x20, 0x20, 0x20, 0x20, // .0).            
	0x7b, 0x0a, 0x20, 0x20, 0x20, 0x20, 0x20, 0x20, 0x20, 0x20, 0x20, 0x20, 0x20, 0x20, 0x20, 0x20, // {.              
	0x20, 0x20, 0x5f, 0x34, 0x32, 0x34, 0x20, 0x3d, 0x20, 0x5f, 0x34, 0x31, 0x39, 0x20, 0x2b, 0x20, //   _424 = _419 + 
	0x5f, 0x34, 0x32, 0x32, 0x3b, 0x0a, 0x20, 0x20, 0x20, 0x20, 0x20, 0x20, 0x20, 0x20, 0x20, 0x20, // _422;.          
	0x20, 0x20, 0x7d, 0x0a, 0x20, 0x20, 0x20, 0x20, 0x20, 0x20, 0x20, 0x20, 0x20, 0x20, 0x20, 0x20, //   }.            
	0x65, 0x6c, 0x73, 0x65, 0x0a, 0x20, 0x20, 0x20, 0x20, 0x20, 0x20, 0x20, 0x20, 0x20, 0x20, 0x20, // else.           
	0x20, 0x7b, 0x0a, 0x20, 0x20, 0x20, 0x20, 0x20, 0x20, 0x20, 0x20, 0x20, 0x20, 0x20, 0x20, 0x20, //  {.             
	0x20, 0x20, 0x20, 0x68, 0x69, 0x67, 0x68, 0x70, 0x20, 0x76, 0x65, 0x63, 0x33, 0x20, 0x5f, 0x32, //    highp vec3 _2
	0x34, 0x34, 0x20, 0x3d, 0x20, 0x28, 0x5f, 0x31, 0x30, 0x30, 0x20, 0x2a, 0x20, 0x28, 0x5f, 0x32, // 44 = (_100 * (_2
	0x31, 0x35, 0x20, 0x2d, 0x20, 0x73, 0x71, 0x72, 0x74, 0x28, 0x5f, 0x32, 0x32, 0x37, 0x29, 0x29, // 15 - sqrt(_227))
	0x29, 0x20, 0x2d, 0x20, 0x5f, 0x32, 0x31, 0x31, 0x3b, 0x0a, 0x20, 0x20, 0x20, 0x20, 0x20, 0x20, // ) - _211;.      
	0x20, 0x20, 0x20, 0x20, 0x20, 0x20, 0x20, 0x20, 0x20, 0x20, 0x69, 0x6e, 0x74, 0x20, 0x5f, 0x32, //           int _2
	0x34, 0x39, 0x20, 0x3d, 0x20, 0x69, 0x6e, 0x74, 0x28, 0x72, 0x6f, 0x75, 0x6e, 0x64, 0x28, 0x76, // 49 = int(round(v
	0x5f, 0x65, 0x79, 0x65, 0x29, 0x29, 0x3b, 0x0a, 0x20, 0x20, 0x20, 0x20, 0x20, 0x20, 0x20, 0x20, // _eye));.        
	0x20, 0x20, 0x20, 0x20, 0x20, 0x20, 0x20, 0x20, 0x68, 0x69, 0x67, 0x68, 0x70, 0x20, 0x76, 0x65, //         highp ve
	0x63, 0x34, 0x20, 0x5f, 0x32, 0x35, 0x39, 0x20, 0x3d, 0x20, 0x6d, 0x61, 0x74, 0x50, 0x72, 0x6f, // c4 _259 = matPro
	0x6a, 0x5b, 0x5f, 0x32, 0x34, 0x39, 0x5d, 0x20, 0x2a, 0x20, 0x76, 0x65, 0x63, 0x34, 0x28, 0x62, // j[_249] * vec4(b
	0x61, 0x6c, 0x6c, 0x73, 0x5b, 0x31, 0x5d, 0x2e, 0x78, 0x79, 0x7a, 0x20, 0x2b, 0x20, 0x5f, 0x32, // alls[1].xyz + _2
	0x34, 0x34, 0x2c, 0x20, 0x31, 0x2e, 0x30, 0x29, 0x3b, 0x0a, 0x20, 0x20, 0x20, 0x20, 0x20, 0x20, // 44, 1.0);.      
	0x20, 0x20, 0x20, 0x20, 0x20, 0x20, 0x20, 0x20, 0x20, 0x20, 0x68, 0x69, 0x67, 0x68, 0x70, 0x20, //           highp 
	0x76, 0x65, 0x63, 0x34, 0x20, 0x5f, 0x32, 0x37, 0x33, 0x20, 0x3d, 0x20, 0x6d, 0x61, 0x74, 0x50, // vec4 _273 = matP
	0x72, 0x6f, 0x6a, 0x5b, 0x5f, 0x32, 0x34, 0x39, 0x5d, 0x20, 0x2a, 0x20, 0x76, 0x65, 0x63, 0x34, // roj[_249] * vec4
	0x28, 0x62, 0x61, 0x6c, 0x6c, 0x73, 0x5b, 0x30, 0x5d, 0x2e, 0x78, 0x79, 0x7a, 0x20, 0x2b, 0x20, // (balls[0].xyz + 
	0x5f, 0x32, 0x34, 0x34, 0x2c, 0x20, 0x31, 0x2e, 0x30, 0x29, 0x3b, 0x0a, 0x20, 0x20, 0x20, 0x20, // _244, 1.0);.    
	0x20, 0x20, 0x20, 0x20, 0x20, 0x20, 0x20, 0x20, 0x20, 0x20, 0x20, 0x20, 0x68, 0x69, 0x67, 0x68, //             high
	0x70, 0x20, 0x76, 0x65, 0x63, 0x32, 0x20, 0x5f, 0x32, 0x37, 0x39, 0x20, 0x3d, 0x20, 0x5f, 0x32, // p vec2 _279 = _2
	0x35, 0x39, 0x2e, 0x78, 0x79, 0x20, 0x2f, 0x20, 0x76, 0x65, 0x63, 0x32, 0x28, 0x5f, 0x32, 0x35, // 59.xy / vec2(_25
	0x39, 0x2e, 0x77, 0x29, 0x3b, 0x0a, 0x20, 0x20, 0x20, 0x20, 0x20, 0x20, 0x20, 0x20, 0x20, 0x20, // 9.w);.          
	0x20, 0x20, 0x20, 0x20, 0x20, 0x20, 0x68, 0x69, 0x67, 0x68, 0x70, 0x20, 0x76, 0x65, 0x63, 0x34, //       highp vec4
	0x20, 0x5f, 0x34, 0x31, 0x30, 0x3b, 0x0a, 0x20, 0x20, 0x20, 0x20, 0x20, 0x20, 0x20, 0x20, 0x20, //  _410;.         
	0x20, 0x20, 0x20, 0x20, 0x20, 0x20, 0x20, 0x5f, 0x34, 0x31, 0x30, 0x2e, 0x78, 0x20, 0x3d, 0x20, //        _410.x = 
	0x5f, 0x32, 0x37, 0x39, 0x2e, 0x78, 0x3b, 0x0a, 0x20, 0x20, 0x20, 0x20, 0x20, 0x20, 0x20, 0x20, // _279.x;.        
	0x20, 0x20, 0x20, 0x20, 0x20, 0x20, 0x20, 0x20, 0x5f, 0x34, 0x31, 0x30, 0x2e, 0x79, 0x20, 0x3d, //         _410.y =
	0x20, 0x5f, 0x32, 0x37, 0x39, 0x2e, 0x79, 0x3b, 0x0a, 0x20, 0x20, 0x20, 0x20, 0x20, 0x20, 0x20, //  _279.y;.       
	0x20, 0x20, 0x20, 0x20, 0x20, 0x20, 0x20, 0x20, 0x20, 0x68, 0x69, 0x67, 0x68, 0x70, 0x20, 0x76, //          highp v
	0x65, 0x63, 0x32, 0x20, 0x5f, 0x32, 0x38, 0x39, 0x20, 0x3d, 0x20, 0x5f, 0x32, 0x37, 0x33, 0x2e, // ec2 _289 = _273.
	0x78, 0x79, 0x20, 0x2f, 0x20, 0x76, 0x65, 0x63, 0x32, 0x28, 0x5f, 0x32, 0x37, 0x33, 0x2e, 0x77, // xy / vec2(_273.w
	0x29, 0x3b, 0x0a, 0x20, 0x20, 0x20, 0x20, 0x20, 0x20, 0x20, 0x20, 0x20, 0x20, 0x20, 0x20, 0x20, // );.             
	0x20, 0x20, 0x20, 0x68, 0x69, 0x67, 0x68, 0x70, 0x20, 0x76, 0x65, 0x63, 0x34, 0x20, 0x5f, 0x34, //    highp vec4 _4
	0x31, 0x35, 0x3b, 0x0a, 0x20, 0x20, 0x20, 0x20, 0x20, 0x20, 0x20, 0x20, 0x20, 0x20, 0x20, 0x20, // 15;.            
	0x20, 0x20, 0x20, 0x20, 0x5f, 0x34, 0x31, 0x35, 0x2e, 0x78, 0x20, 0x3d, 0x20, 0x5f, 0x32, 0x38, //     _415.x = _28
	0x39, 0x2e, 0x78, 0x3b, 0x0a, 0x20, 0x20, 0x20, 0x20, 0x20, 0x20, 0x20, 0x20, 0x20, 0x20, 0x20, // 9.x;.           
	0x20, 0x20, 0x20, 0x20, 0x20, 0x5f, 0x34, 0x31, 0x35, 0x2e, 0x79, 0x20, 0x3d, 0x20, 0x5f, 0x32, //      _415.y = _2
	0x38, 0x39, 0x2e, 0x79, 0x3b, 0x0a, 0x20, 0x20, 0x20, 0x20, 0x20, 0x20, 0x20, 0x20, 0x20, 0x20, // 89.y;.          
	0x20, 0x20, 0x20, 0x20, 0x20, 0x20, 0x5f, 0x34, 0x32, 0x34, 0x20, 0x3d, 0x20, 0x5f, 0x34, 0x31, //       _424 = _41
	0x39, 0x20, 0x2b, 0x20, 0x6d, 0x69, 0x78, 0x28, 0x74, 0x65, 0x78, 0x74, 0x75, 0x72, 0x65, 0x4c, // 9 + mix(textureL
	0x6f, 0x64, 0x28, 0x74, 0x65, 0x78, 0x5f, 0x62, 0x6c, 0x6f, 0x6f, 0x6d, 0x2c, 0x20, 0x76, 0x65, // od(tex_bloom, ve
	0x63, 0x33, 0x28, 0x76, 0x65, 0x63, 0x32, 0x28, 0x30, 0x2e, 0x35, 0x29, 0x20, 0x2b, 0x20, 0x28, // c3(vec2(0.5) + (
	0x5f, 0x34, 0x31, 0x30, 0x2e, 0x78, 0x79, 0x20, 0x2a, 0x20, 0x30, 0x2e, 0x35, 0x29, 0x2c, 0x20, // _410.xy * 0.5), 
	0x76, 0x5f, 0x65, 0x79, 0x65, 0x29, 0x2c, 0x20, 0x30, 0x2e, 0x30, 0x29, 0x2e, 0x78, 0x79, 0x7a, // v_eye), 0.0).xyz
	0x2c, 0x20, 0x74, 0x65, 0x78, 0x74, 0x75, 0x72, 0x65, 0x4c, 0x6f, 0x64, 0x28, 0x74, 0x65, 0x78, // , textureLod(tex
	0x5f, 0x66, 0x62, 0x5f, 0x66, 0x69, 0x6c, 0x74, 0x65, 0x72, 0x65, 0x64, 0x2c, 0x20, 0x76, 0x65, // _fb_filtered, ve
	0x63, 0x33, 0x28, 0x76, 0x65, 0x63, 0x32, 0x28, 0x30, 0x2e, 0x35, 0x29, 0x20, 0x2b, 0x20, 0x28, // c3(vec2(0.5) + (
	0x5f, 0x34, 0x31, 0x35, 0x2e, 0x78, 0x79, 0x20, 0x2a, 0x20, 0x30, 0x2e, 0x35, 0x29, 0x2c, 0x20, // _415.xy * 0.5), 
	0x76, 0x5f, 0x65, 0x79, 0x65, 0x29, 0x2c, 0x20, 0x30, 0x2e, 0x30, 0x29, 0x2e, 0x78, 0x79, 0x7a, // v_eye), 0.0).xyz
	0x2c, 0x20, 0x5f, 0x32, 0x31, 0x30, 0x29, 0x3b, 0x0a, 0x20, 0x20, 0x20, 0x20, 0x20, 0x20, 0x20, // , _210);.       
	0x20, 0x20, 0x20, 0x20, 0x20, 0x7d, 0x0a, 0x20, 0x20, 0x20, 0x20, 0x20, 0x20, 0x20, 0x20, 0x7d, //      }.        }
	0x0a, 0x20, 0x20, 0x20, 0x20, 0x20, 0x20, 0x20, 0x20, 0x62, 0x67, 0x66, 0x78, 0x5f, 0x46, 0x72, // .        bgfx_Fr
	0x61, 0x67, 0x43, 0x6f, 0x6c, 0x6f, 0x72, 0x20, 0x3d, 0x20, 0x76, 0x65, 0x63, 0x34, 0x28, 0x5f, // agColor = vec4(_
	0x34, 0x31, 0x39, 0x20, 0x2f, 0x20, 0x76, 0x65, 0x63, 0x33, 0x28, 0x77, 0x5f, 0x68, 0x5f, 0x68, // 419 / vec3(w_h_h
	0x65, 0x69, 0x67, 0x68, 0x74, 0x2e, 0x77, 0x29, 0x2c, 0x20, 0x31, 0x2e, 0x30, 0x29, 0x3b, 0x0a, // eight.w), 1.0);.
	0x20, 0x20, 0x20, 0x20, 0x20, 0x20, 0x20, 0x20, 0x62, 0x72, 0x65, 0x61, 0x6b, 0x3b, 0x0a, 0x20, //         break;. 
	0x20, 0x20, 0x20, 0x7d, 0x20, 0x77, 0x68, 0x69, 0x6c, 0x65, 0x28, 0x66, 0x61, 0x6c, 0x73, 0x65, //    } while(false
	0x29, 0x3b, 0x0a, 0x7d, 0x0a, 0x0a, 0x00,                                                       // );.}...
};
static const uint8_t fs_pp_motionblur_st_glsl[2935] =
{
	0x46, 0x53, 0x48, 0x0b, 0x4a, 0x63, 0xcf, 0x5f, 0x00, 0x00, 0x00, 0x00, 0x07, 0x00, 0x0a, 0x77, // FSH.Jc._.......w
	0x5f, 0x68, 0x5f, 0x68, 0x65, 0x69, 0x67, 0x68, 0x74, 0x02, 0x01, 0x00, 0x00, 0x01, 0x00, 0x00, // _h_height.......
	0x00, 0x00, 0x00, 0x0a, 0x6d, 0x61, 0x74, 0x50, 0x72, 0x6f, 0x6a, 0x49, 0x6e, 0x76, 0x04, 0x02, // ....matProjInv..
	0x00, 0x00, 0x08, 0x00, 0x00, 0x00, 0x00, 0x00, 0x05, 0x62, 0x61, 0x6c, 0x6c, 0x73, 0x02, 0x08, // .........balls..
	0x00, 0x00, 0x08, 0x00, 0x00, 0x00, 0x00, 0x00, 0x07, 0x6d, 0x61, 0x74, 0x50, 0x72, 0x6f, 0x6a, // .........matProj
	0x04, 0x02, 0x00, 0x00, 0x08, 0x00, 0x00, 0x00, 0x00, 0x00, 0x09, 0x74, 0x65, 0x78, 0x5f, 0x64, // ...........tex_d
	0x65, 0x70, 0x74, 0x68, 0x00, 0x01, 0x00, 0x00, 0x01, 0x00, 0x00, 0x00, 0x00, 0x00, 0x0f, 0x74, // epth...........t
	0x65, 0x78, 0x5f, 0x66, 0x62, 0x5f, 0x66, 0x69, 0x6c, 0x74, 0x65, 0x72, 0x65, 0x64, 0x00, 0x01, // ex_fb_filtered..
	0x00, 0x00, 0x01, 0x00, 0x00, 0x00, 0x00, 0x00, 0x09, 0x74, 0x65, 0x78, 0x5f, 0x62, 0x6c, 0x6f, // .........tex_blo
	0x6f, 0x6d, 0x00, 0x01, 0x00, 0x00, 0x01, 0x00, 0x00, 0x00, 0x00, 0x00, 0xd6, 0x0a, 0x00, 0x00, // om..............
	0x0a, 0x76, 0x65, 0x63, 0x34, 0x20, 0x5f, 0x34, 0x32, 0x38, 0x3b, 0x0a, 0x0a, 0x75, 0x6e, 0x69, // .vec4 _428;..uni
	0x66, 0x6f, 0x72, 0x6d, 0x20, 0x76, 0x65, 0x63, 0x34, 0x20, 0x77, 0x5f, 0x68, 0x5f, 0x68, 0x65, // form vec4 w_h_he
	0x69, 0x67, 0x68, 0x74, 0x3b, 0x0a, 0x75, 0x6e, 0x69, 0x66, 0x6f, 0x72, 0x6d, 0x20, 0x73, 0x61, // ight;.uniform sa
	0x6d, 0x70, 0x6c, 0x65, 0x72, 0x32, 0x44, 0x41, 0x72, 0x72, 0x61, 0x79, 0x20, 0x74, 0x65, 0x78, // mpler2DArray tex
	0x5f, 0x64, 0x65, 0x70, 0x74, 0x68, 0x3b, 0x0a, 0x75, 0x6e, 0x69, 0x66, 0x6f, 0x72, 0x6d, 0x20, // _depth;.uniform 
	0x6d, 0x61, 0x74, 0x34, 0x20, 0x6d, 0x61, 0x74, 0x50, 0x72, 0x6f, 0x6a, 0x49, 0x6e, 0x76, 0x5b, // mat4 matProjInv[
	0x32, 0x5d, 0x3b, 0x0a, 0x75, 0x6e, 0x69, 0x66, 0x6f, 0x72, 0x6d, 0x20, 0x76, 0x65, 0x63, 0x34, // 2];.uniform vec4
	0x20, 0x62, 0x61, 0x6c, 0x6c, 0x73, 0x5b, 0x38, 0x5d, 0x3b, 0x0a, 0x75, 0x6e, 0x69, 0x66, 0x6f, //  balls[8];.unifo
	0x72, 0x6d, 0x20, 0x73, 0x61, 0x6d, 0x70, 0x6c, 0x65, 0x72, 0x32, 0x44, 0x41, 0x72, 0x72, 0x61, // rm sampler2DArra
	0x79, 0x20, 0x74, 0x65, 0x78, 0x5f, 0x66, 0x62, 0x5f, 0x66, 0x69, 0x6c, 0x74, 0x65, 0x72, 0x65, // y tex_fb_filtere
	0x64, 0x3b, 0x0a, 0x75, 0x6e, 0x69, 0x66, 0x6f, 0x72, 0x6d, 0x20, 0x73, 0x61, 0x6d, 0x70, 0x6c, // d;.uniform sampl
	0x65, 0x72, 0x32, 0x44, 0x41, 0x72, 0x72, 0x61, 0x79, 0x20, 0x74, 0x65, 0x78, 0x5f, 0x62, 0x6c, // er2DArray tex_bl
	0x6f, 0x6f, 0x6d, 0x3b, 0x0a, 0x75, 0x6e, 0x69, 0x66, 0x6f, 0x72, 0x6d, 0x20, 0x6d, 0x61, 0x74, // oom;.uniform mat
	0x34, 0x20, 0x6d, 0x61, 0x74, 0x50, 0x72, 0x6f, 0x6a, 0x5b, 0x32, 0x5d, 0x3b, 0x0a, 0x0a, 0x69, // 4 matProj[2];..i
	0x6e, 0x20, 0x76, 0x65, 0x63, 0x32, 0x20, 0x76, 0x5f, 0x74, 0x65, 0x78, 0x63, 0x6f, 0x6f, 0x72, // n vec2 v_texcoor
	0x64, 0x30, 0x3b, 0x0a, 0x69, 0x6e, 0x20, 0x66, 0x6c, 0x6f, 0x61, 0x74, 0x20, 0x76, 0x5f, 0x65, // d0;.in float v_e
	0x79, 0x65, 0x3b, 0x0a, 0x6c, 0x61, 0x79, 0x6f, 0x75, 0x74, 0x28, 0x6c, 0x6f, 0x63, 0x61, 0x74, // ye;.layout(locat
	0x69, 0x6f, 0x6e, 0x20, 0x3d, 0x20, 0x30, 0x29, 0x20, 0x6f, 0x75, 0x74, 0x20, 0x76, 0x65, 0x63, // ion = 0) out vec
	0x34, 0x20, 0x62, 0x67, 0x66, 0x78, 0x5f, 0x46, 0x72, 0x61, 0x67, 0x43, 0x6f, 0x6c, 0x6f, 0x72, // 4 bgfx_FragColor
	0x3b, 0x0a, 0x0a, 0x76, 0x6f, 0x69, 0x64, 0x20, 0x6d, 0x61, 0x69, 0x6e, 0x28, 0x29, 0x0a, 0x7b, // ;..void main().{
	0x0a, 0x20, 0x20, 0x20, 0x20, 0x64, 0x6f, 0x0a, 0x20, 0x20, 0x20, 0x20, 0x7b, 0x0a, 0x20, 0x20, // .    do.    {.  
	0x20, 0x20, 0x20, 0x20, 0x20, 0x20, 0x69, 0x6e, 0x74, 0x20, 0x5f, 0x32, 0x38, 0x20, 0x3d, 0x20, //       int _28 = 
	0x69, 0x6e, 0x74, 0x28, 0x77, 0x5f, 0x68, 0x5f, 0x68, 0x65, 0x69, 0x67, 0x68, 0x74, 0x2e, 0x77, // int(w_h_height.w
	0x29, 0x3b, 0x0a, 0x20, 0x20, 0x20, 0x20, 0x20, 0x20, 0x20, 0x20, 0x76, 0x65, 0x63, 0x33, 0x20, // );.        vec3 
	0x5f, 0x35, 0x30, 0x20, 0x3d, 0x20, 0x76, 0x65, 0x63, 0x33, 0x28, 0x76, 0x5f, 0x74, 0x65, 0x78, // _50 = vec3(v_tex
	0x63, 0x6f, 0x6f, 0x72, 0x64, 0x30, 0x2c, 0x20, 0x76, 0x5f, 0x65, 0x79, 0x65, 0x29, 0x3b, 0x0a, // coord0, v_eye);.
	0x20, 0x20, 0x20, 0x20, 0x20, 0x20, 0x20, 0x20, 0x76, 0x65, 0x63, 0x34, 0x20, 0x5f, 0x38, 0x33, //         vec4 _83
	0x20, 0x3d, 0x20, 0x6d, 0x61, 0x74, 0x50, 0x72, 0x6f, 0x6a, 0x49, 0x6e, 0x76, 0x5b, 0x69, 0x6e, //  = matProjInv[in
	0x74, 0x28, 0x76, 0x5f, 0x65, 0x79, 0x65, 0x29, 0x5d, 0x20, 0x2a, 0x20, 0x76, 0x65, 0x63, 0x34, // t(v_eye)] * vec4
	0x28, 0x28, 0x76, 0x5f, 0x74, 0x65, 0x78, 0x63, 0x6f, 0x6f, 0x72, 0x64, 0x30, 0x2e, 0x78, 0x20, // ((v_texcoord0.x 
	0x2a, 0x20, 0x32, 0x2e, 0x30, 0x29, 0x20, 0x2d, 0x20, 0x31, 0x2e, 0x30, 0x2c, 0x20, 0x31, 0x2e, // * 2.0) - 1.0, 1.
	0x30, 0x20, 0x2d, 0x20, 0x28, 0x28, 0x31, 0x2e, 0x30, 0x20, 0x2d, 0x20, 0x76, 0x5f, 0x74, 0x65, // 0 - ((1.0 - v_te
	0x78, 0x63, 0x6f, 0x6f, 0x72, 0x64, 0x30, 0x2e, 0x79, 0x29, 0x20, 0x2a, 0x20, 0x32, 0x2e, 0x30, // xcoord0.y) * 2.0
	0x29, 0x2c, 0x20, 0x28, 0x74, 0x65, 0x78, 0x74, 0x75, 0x72, 0x65, 0x4c, 0x6f, 0x64, 0x28, 0x74, // ), (textureLod(t
	0x65, 0x78, 0x5f, 0x64, 0x65, 0x70, 0x74, 0x68, 0x2c, 0x20, 0x5f, 0x35, 0x30, 0x2c, 0x20, 0x30, // ex_depth, _50, 0
	0x2e, 0x30, 0x29, 0x2e, 0x78, 0x20, 0x2a, 0x20, 0x32, 0x2e, 0x30, 0x29, 0x20, 0x2d, 0x20, 0x31, // .0).x * 2.0) - 1
	0x2e, 0x30, 0x2c, 0x20, 0x31, 0x2e, 0x30, 0x29, 0x3b, 0x0a, 0x20, 0x20, 0x20, 0x20, 0x20, 0x20, // .0, 1.0);.      
	0x20, 0x20, 0x76, 0x65, 0x63, 0x33, 0x20, 0x5f, 0x38, 0x39, 0x20, 0x3d, 0x20, 0x5f, 0x38, 0x33, //   vec3 _89 = _83
	0x2e, 0x78, 0x79, 0x7a, 0x20, 0x2f, 0x20, 0x76, 0x65, 0x63, 0x33, 0x28, 0x5f, 0x38, 0x33, 0x2e, // .xyz / vec3(_83.
	0x77, 0x29, 0x3b, 0x0a, 0x20, 0x20, 0x20, 0x20, 0x20, 0x20, 0x20, 0x20, 0x76, 0x65, 0x63, 0x34, // w);.        vec4
	0x20, 0x5f, 0x33, 0x39, 0x37, 0x3b, 0x0a, 0x20, 0x20, 0x20, 0x20, 0x20, 0x20, 0x20, 0x20, 0x5f, //  _397;.        _
	0x33, 0x39, 0x37, 0x2e, 0x78, 0x20, 0x3d, 0x20, 0x5f, 0x38, 0x39, 0x2e, 0x78, 0x3b, 0x0a, 0x20, // 397.x = _89.x;. 
	0x20, 0x20, 0x20, 0x20, 0x20, 0x20, 0x20, 0x5f, 0x33, 0x39, 0x37, 0x2e, 0x79, 0x20, 0x3d, 0x20, //        _397.y = 
	0x5f, 0x38, 0x39, 0x2e, 0x79, 0x3b, 0x0a, 0x20, 0x20, 0x20, 0x20, 0x20, 0x20, 0x20, 0x20, 0x66, // _89.y;.        f
	0x6c, 0x6f, 0x61, 0x74, 0x20, 0x5f, 0x39, 0x35, 0x20, 0x3d, 0x20, 0x5f, 0x38, 0x39, 0x2e, 0x7a, // loat _95 = _89.z
	0x3b, 0x0a, 0x20, 0x20, 0x20, 0x20, 0x20, 0x20, 0x20, 0x20, 0x5f, 0x33, 0x39, 0x37, 0x2e, 0x7a, // ;.        _397.z
	0x20, 0x3d, 0x20, 0x5f, 0x39, 0x35, 0x3b, 0x0a, 0x20, 0x20, 0x20, 0x20, 0x20, 0x20, 0x20, 0x20, //  = _95;.        
	0x76, 0x65, 0x63, 0x33, 0x20, 0x5f, 0x31, 0x30, 0x30, 0x20, 0x3d, 0x20, 0x6e, 0x6f, 0x72, 0x6d, // vec3 _100 = norm
	0x61, 0x6c, 0x69, 0x7a, 0x65, 0x28, 0x5f, 0x33, 0x39, 0x37, 0x2e, 0x78, 0x79, 0x7a, 0x29, 0x3b, // alize(_397.xyz);
	0x0a, 0x20, 0x20, 0x20, 0x20, 0x20, 0x20, 0x20, 0x20, 0x66, 0x6c, 0x6f, 0x61, 0x74, 0x20, 0x5f, // .        float _
	0x31, 0x32, 0x30, 0x20, 0x3d, 0x20, 0x62, 0x61, 0x6c, 0x6c, 0x73, 0x5b, 0x30, 0x5d, 0x2e, 0x77, // 120 = balls[0].w
	0x20, 0x2a, 0x20, 0x62, 0x61, 0x6c, 0x6c, 0x73, 0x5b, 0x30, 0x5d, 0x2e, 0x77, 0x3b, 0x0a, 0x20, //  * balls[0].w;. 
	0x20, 0x20, 0x20, 0x20, 0x20, 0x20, 0x20, 0x76, 0x65, 0x63, 0x34, 0x20, 0x5f, 0x31, 0x33, 0x30, //        vec4 _130
	0x20, 0x3d, 0x20, 0x74, 0x65, 0x78, 0x74, 0x75, 0x72, 0x65, 0x4c, 0x6f, 0x64, 0x28, 0x74, 0x65, //  = textureLod(te
	0x78, 0x5f, 0x66, 0x62, 0x5f, 0x66, 0x69, 0x6c, 0x74, 0x65, 0x72, 0x65, 0x64, 0x2c, 0x20, 0x5f, // x_fb_filtered, _
	0x35, 0x30, 0x2c, 0x20, 0x30, 0x2e, 0x30, 0x29, 0x3b, 0x0a, 0x20, 0x20, 0x20, 0x20, 0x20, 0x20, // 50, 0.0);.      
	0x20, 0x20, 0x76, 0x65, 0x63, 0x33, 0x20, 0x5f, 0x31, 0x33, 0x31, 0x20, 0x3d, 0x20, 0x5f, 0x31, //   vec3 _131 = _1
	0x33, 0x30, 0x2e, 0x78, 0x79, 0x7a, 0x3b, 0x0a, 0x20, 0x20, 0x20, 0x20, 0x20, 0x20, 0x20, 0x20, // 30.xyz;.        
	0x66, 0x6c, 0x6f, 0x61, 0x74, 0x20, 0x5f, 0x31, 0x33, 0x35, 0x20, 0x3d, 0x20, 0x64, 0x6f, 0x74, // float _135 = dot
	0x28, 0x5f, 0x31, 0x30, 0x30, 0x2c, 0x20, 0x62, 0x61, 0x6c, 0x6c, 0x73, 0x5b, 0x30, 0x5d, 0x2e, // (_100, balls[0].
	0x78, 0x79, 0x7a, 0x29, 0x3b, 0x0a, 0x20, 0x20, 0x20, 0x20, 0x20, 0x20, 0x20, 0x20, 0x66, 0x6c, // xyz);.        fl
	0x6f, 0x61, 0x74, 0x20, 0x5f, 0x31, 0x34, 0x39, 0x20, 0x3d, 0x20, 0x28, 0x5f, 0x31, 0x33, 0x35, // oat _149 = (_135
	0x20, 0x2a, 0x20, 0x5f, 0x31, 0x33, 0x35, 0x29, 0x20, 0x2d, 0x20, 0x28, 0x64, 0x6f, 0x74, 0x28, //  * _135) - (dot(
	0x62, 0x61, 0x6c, 0x6c, 0x73, 0x5b, 0x30, 0x5d, 0x2e, 0x78, 0x79, 0x7a, 0x2c, 0x20, 0x62, 0x61, // balls[0].xyz, ba
	0x6c, 0x6c, 0x73, 0x5b, 0x30, 0x5d, 0x2e, 0x78, 0x79, 0x7a, 0x29, 0x20, 0x2d, 0x20, 0x28, 0x5f, // lls[0].xyz) - (_
	0x31, 0x32, 0x30, 0x20, 0x2a, 0x20, 0x31, 0x2e, 0x31, 0x34, 0x39, 0x39, 0x39, 0x39, 0x39, 0x37, // 120 * 1.14999997
	0x36, 0x31, 0x35, 0x38, 0x31, 0x34, 0x32, 0x30, 0x38, 0x39, 0x38, 0x34, 0x33, 0x37, 0x35, 0x29, // 615814208984375)
	0x29, 0x3b, 0x0a, 0x20, 0x20, 0x20, 0x20, 0x20, 0x20, 0x20, 0x20, 0x76, 0x65, 0x63, 0x33, 0x20, // );.        vec3 
	0x5f, 0x34, 0x32, 0x32, 0x3b, 0x0a, 0x20, 0x20, 0x20, 0x20, 0x20, 0x20, 0x20, 0x20, 0x69, 0x66, // _422;.        if
	0x20, 0x28, 0x5f, 0x31, 0x34, 0x39, 0x20, 0x3c, 0x20, 0x30, 0x2e, 0x30, 0x29, 0x0a, 0x20, 0x20, //  (_149 < 0.0).  
	0x20, 0x20, 0x20, 0x20, 0x20, 0x20, 0x7b, 0x0a, 0x20, 0x20, 0x20, 0x20, 0x20, 0x20, 0x20, 0x20, //       {.        
	0x20, 0x20, 0x20, 0x20, 0x5f, 0x34, 0x32, 0x32, 0x20, 0x3d, 0x20, 0x5f, 0x31, 0x33, 0x31, 0x3b, //     _422 = _131;
	0x0a, 0x20, 0x20, 0x20, 0x20, 0x20, 0x20, 0x20, 0x20, 0x7d, 0x0a, 0x20, 0x20, 0x20, 0x20, 0x20, // .        }.     
	0x20, 0x20, 0x20, 0x65, 0x6c, 0x73, 0x65, 0x0a, 0x20, 0x20, 0x20, 0x20, 0x20, 0x20, 0x20, 0x20, //    else.        
	0x7b, 0x0a, 0x20, 0x20, 0x20, 0x20, 0x20, 0x20, 0x20, 0x20, 0x20, 0x20, 0x20, 0x20, 0x69, 0x66, // {.            if
	0x20, 0x28, 0x5f, 0x39, 0x35, 0x20, 0x3e, 0x20, 0x28, 0x28, 0x28, 0x5f, 0x31, 0x33, 0x35, 0x20, //  (_95 > (((_135 
	0x2d, 0x20, 0x73, 0x71, 0x72, 0x74, 0x28, 0x5f, 0x31, 0x34, 0x39, 0x29, 0x29, 0x20, 0x2a, 0x20, // - sqrt(_149)) * 
	0x5f, 0x31, 0x30, 0x30, 0x2e, 0x7a, 0x29, 0x20, 0x2b, 0x20, 0x31, 0x2e, 0x30, 0x29, 0x29, 0x0a, // _100.z) + 1.0)).
	0x20, 0x20, 0x20, 0x20, 0x20, 0x20, 0x20, 0x20, 0x20, 0x20, 0x20, 0x20, 0x7b, 0x0a, 0x20, 0x20, //             {.  
	0x20, 0x20, 0x20, 0x20, 0x20, 0x20, 0x20, 0x20, 0x20, 0x20, 0x20, 0x20, 0x20, 0x20, 0x62, 0x67, //               bg
	0x66, 0x78, 0x5f, 0x46, 0x72, 0x61, 0x67, 0x43, 0x6f, 0x6c, 0x6f, 0x72, 0x20, 0x3d, 0x20, 0x76, // fx_FragColor = v
	0x65, 0x63, 0x34, 0x28, 0x5f, 0x31, 0x33, 0x30, 0x2e, 0x78, 0x79, 0x7a, 0x2c, 0x20, 0x31, 0x2e, // ec4(_130.xyz, 1.
	0x30, 0x29, 0x3b, 0x0a, 0x20, 0x20, 0x20, 0x20, 0x20, 0x20, 0x20, 0x20, 0x20, 0x20, 0x20, 0x20, // 0);.            
	0x20, 0x20, 0x20, 0x20, 0x62, 0x72, 0x65, 0x61, 0x6b, 0x3b, 0x0a, 0x20, 0x20, 0x20, 0x20, 0x20, //     break;.     
	0x20, 0x20, 0x20, 0x20, 0x20, 0x20, 0x20, 0x7d, 0x0a, 0x20, 0x20, 0x20, 0x20, 0x20, 0x20, 0x20, //        }.       
	0x20, 0x20, 0x20, 0x20, 0x20, 0x5f, 0x34, 0x32, 0x32, 0x20, 0x3d, 0x20, 0x74, 0x65, 0x78, 0x74, //      _422 = text
	0x75, 0x72, 0x65, 0x4c, 0x6f, 0x64, 0x28, 0x74, 0x65, 0x78, 0x5f, 0x62, 0x6c, 0x6f, 0x6f, 0x6d, // ureLod(tex_bloom
	0x2c, 0x20, 0x5f, 0x35, 0x30, 0x2c, 0x20, 0x30, 0x2e, 0x30, 0x29, 0x2e, 0x78, 0x79, 0x7a, 0x3b, // , _50, 0.0).xyz;
	0x0a, 0x20, 0x20, 0x20, 0x20, 0x20, 0x20, 0x20, 0x20, 0x7d, 0x0a, 0x20, 0x20, 0x20, 0x20, 0x20, // .        }.     
	0x20, 0x20, 0x20, 0x76, 0x65, 0x63, 0x33, 0x20, 0x5f, 0x34, 0x31, 0x39, 0x3b, 0x0a, 0x20, 0x20, //    vec3 _419;.  
	0x20, 0x20, 0x20, 0x20, 0x20, 0x20, 0x5f, 0x34, 0x31, 0x39, 0x20, 0x3d, 0x20, 0x5f, 0x31, 0x33, //       _419 = _13
	0x31, 0x3b, 0x0a, 0x20, 0x20, 0x20, 0x20, 0x20, 0x20, 0x20, 0x20, 0x76, 0x65, 0x63, 0x33, 0x20, // 1;.        vec3 
	0x5f, 0x34, 0x32, 0x34, 0x3b, 0x0a, 0x20, 0x20, 0x20, 0x20, 0x20, 0x20, 0x20, 0x20, 0x66, 0x6f, // _424;.        fo
	0x72, 0x20, 0x28, 0x69, 0x6e, 0x74, 0x20, 0x5f, 0x34, 0x31, 0x38, 0x20, 0x3d, 0x20, 0x31, 0x3b, // r (int _418 = 1;
	0x20, 0x5f, 0x34, 0x31, 0x38, 0x20, 0x3c, 0x20, 0x5f, 0x32, 0x38, 0x3b, 0x20, 0x5f, 0x34, 0x31, //  _418 < _28; _41
	0x39, 0x20, 0x3d, 0x20, 0x5f, 0x34, 0x32, 0x34, 0x2c, 0x20, 0x5f, 0x34, 0x31, 0x38, 0x2b, 0x2b, // 9 = _424, _418++
	0x29, 0x0a, 0x20, 0x20, 0x20, 0x20, 0x20, 0x20, 0x20, 0x20, 0x7b, 0x0a, 0x20, 0x20, 0x20, 0x20, // ).        {.    
	0x20, 0x20, 0x20, 0x20, 0x20, 0x20, 0x20, 0x20, 0x76, 0x65, 0x63, 0x33, 0x20, 0x5f, 0x32, 0x31, //         vec3 _21
	0x30, 0x20, 0x3d, 0x20, 0x76, 0x65, 0x63, 0x33, 0x28, 0x66, 0x6c, 0x6f, 0x61, 0x74, 0x28, 0x5f, // 0 = vec3(float(_
	0x34, 0x31, 0x38, 0x29, 0x20, 0x2f, 0x20, 0x77, 0x5f, 0x68, 0x5f, 0x68, 0x65, 0x69, 0x67, 0x68, // 418) / w_h_heigh
	0x74, 0x2e, 0x77, 0x29, 0x3b, 0x0a, 0x20, 0x20, 0x20, 0x20, 0x20, 0x20, 0x20, 0x20, 0x20, 0x20, // t.w);.          
	0x20, 0x20, 0x76, 0x65, 0x63, 0x33, 0x20, 0x5f, 0x32, 0x31, 0x31, 0x20, 0x3d, 0x20, 0x6d, 0x69, //   vec3 _211 = mi
	0x78, 0x28, 0x62, 0x61, 0x6c, 0x6c, 0x73, 0x5b, 0x31, 0x5d, 0x2e, 0x78, 0x79, 0x7a, 0x2c, 0x20, // x(balls[1].xyz, 
	0x62, 0x61, 0x6c, 0x6c, 0x73, 0x5b, 0x30, 0x5d, 0x2e, 0x78, 0x79, 0x7a, 0x2c, 0x20, 0x5f, 0x32, // balls[0].xyz, _2
	0x31, 0x30, 0x29, 0x3b, 0x0a, 0x20, 0x20, 0x20, 0x20, 0x20, 0x20, 0x20, 0x20, 0x20, 0x20, 0x20, // 10);.           
	0x20, 0x66, 0x6c, 0x6f, 0x61, 0x74, 0x20, 0x5f, 0x32, 0x31, 0x35, 0x20, 0x3d, 0x20, 0x64, 0x6f, //  float _215 = do
	0x74, 0x28, 0x5f, 0x31, 0x30, 0x30, 0x2c, 0x20, 0x5f, 0x32, 0x31, 0x31, 0x29, 0x3b, 0x0a, 0x20, // t(_100, _211);. 
	0x20, 0x20, 0x20, 0x20, 0x20, 0x20, 0x20, 0x20, 0x20, 0x20, 0x20, 0x66, 0x6c, 0x6f, 0x61, 0x74, //            float
	0x20, 0x5f, 0x32, 0x32, 0x37, 0x20, 0x3d, 0x20, 0x28, 0x5f, 0x32, 0x31, 0x35, 0x20, 0x2a, 0x20, //  _227 = (_215 * 
	0x5f, 0x32, 0x31, 0x35, 0x29, 0x20, 0x2d, 0x20, 0x28, 0x64, 0x6f, 0x74, 0x28, 0x5f, 0x32, 0x31, // _215) - (dot(_21
	0x31, 0x2c, 0x20, 0x5f, 0x32, 0x31, 0x31, 0x29, 0x20, 0x2d, 0x20, 0x5f, 0x31, 0x32, 0x30, 0x29, // 1, _211) - _120)
	0x3b, 0x0a, 0x20, 0x20, 0x20, 0x20, 0x20, 0x20, 0x20, 0x20, 0x20, 0x20, 0x20, 0x20, 0x69, 0x66, // ;.            if
	0x20, 0x28, 0x5f, 0x32, 0x32, 0x37, 0x20, 0x3c, 0x20, 0x30, 0x2e, 0x30, 0x29, 0x0a, 0x20, 0x20, //  (_227 < 0.0).  
	0x20, 0x20, 0x20, 0x20, 0x20, 0x20, 0x20, 0x20, 0x20, 0x20, 0x7b, 0x0a, 0x20, 0x20, 0x20, 0x20, //           {.    
	0x20, 0x20, 0x20, 0x20, 0x20, 0x20, 0x20, 0x20, 0x20, 0x20, 0x20, 0x20, 0x5f, 0x34, 0x32, 0x34, //             _424
	0x20, 0x3d, 0x20, 0x5f, 0x34, 0x31, 0x39, 0x20, 0x2b, 0x20, 0x5f, 0x34, 0x32, 0x32, 0x3b, 0x0a, //  = _419 + _422;.
	0x20, 0x20, 0x20, 0x20, 0x20, 0x20, 0x20, 0x20, 0x20, 0x20, 0x20, 0x20, 0x7d, 0x0a, 0x20, 0x20, //             }.  
	0x20, 0x20, 0x20, 0x20, 0x20, 0x20, 0x20, 0x20, 0x20, 0x20, 0x65, 0x6c, 0x73, 0x65, 0x0a, 0x20, //           else. 
	0x20, 0x20, 0x20, 0x20, 0x20, 0x20, 0x20, 0x20, 0x20, 0x20, 0x20, 0x7b, 0x0a, 0x20, 0x20, 0x20, //            {.   
	0x20, 0x20, 0x20, 0x20, 0x20, 0x20, 0x20, 0x20, 0x20, 0x20, 0x20, 0x20, 0x20, 0x76, 0x65, 0x63, //              vec
	0x33, 0x20, 0x5f, 0x32, 0x34, 0x34, 0x20, 0x3d, 0x20, 0x28, 0x5f, 0x31, 0x30, 0x30, 0x20, 0x2a, // 3 _244 = (_100 *
	0x20, 0x28, 0x5f, 0x32, 0x31, 0x35, 0x20, 0x2d, 0x20, 0x73, 0x71, 0x72, 0x74, 0x28, 0x5f, 0x32, //  (_215 - sqrt(_2
	0x32, 0x37, 0x29, 0x29, 0x29, 0x20, 0x2d, 0x20, 0x5f, 0x32, 0x31, 0x31, 0x3b, 0x0a, 0x20, 0x20, // 27))) - _211;.  
	0x20, 0x20, 0x20, 0x20, 0x20, 0x20, 0x20, 0x20, 0x20, 0x20, 0x20, 0x20, 0x20, 0x20, 0x69, 0x6e, //               in
	0x74, 0x20, 0x5f, 0x32, 0x34, 0x39, 0x20, 0x3d, 0x20, 0x69, 0x6e, 0x74, 0x28, 0x72, 0x6f, 0x75, // t _249 = int(rou
	0x6e, 0x64, 0x28, 0x76, 0x5f, 0x65, 0x79, 0x65, 0x29, 0x29, 0x3b, 0x0a, 0x20, 0x20, 0x20, 0x20, // nd(v_eye));.    
	0x20, 0x20, 0x20, 0x20, 0x20, 0x20, 0x20, 0x20, 0x20, 0x20, 0x20, 0x20, 0x76, 0x65, 0x63, 0x34, //             vec4
	0x20, 0x5f, 0x32, 0x35, 0x39, 0x20, 0x3d, 0x20, 0x6d, 0x61, 0x74, 0x50, 0x72, 0x6f, 0x6a, 0x5b, //  _259 = matProj[
	0x5f, 0x32, 0x34, 0x39, 0x5d, 0x20, 0x2a, 0x20, 0x76, 0x65, 0x63, 0x34, 0x28, 0x62, 0x61, 0x6c, // _249] * vec4(bal
	0x6c, 0x73, 0x5b, 0x31, 0x5d, 0x2e, 0x78, 0x79, 0x7a, 0x20, 0x2b, 0x20, 0x5f, 0x32, 0x34, 0x34, // ls[1].xyz + _244
	0x2c, 0x20, 0x31, 0x2e, 0x30, 0x29, 0x3b, 0x0a, 0x20, 0x20, 0x20, 0x20, 0x20, 0x20, 0x20, 0x20, // , 1.0);.        
	0x20, 0x20, 0x20, 0x20, 0x20, 0x20, 0x20, 0x20, 0x76, 0x65, 0x63, 0x34, 0x20, 0x5f, 0x32, 0x37, //         vec4 _27
	0x33, 0x20, 0x3d, 0x20, 0x6d, 0x61, 0x74, 0x50, 0x72, 0x6f, 0x6a, 0x5b, 0x5f, 0x32, 0x34, 0x39, // 3 = matProj[_249
	0x5d, 0x20, 0x2a, 0x20, 0x76, 0x65, 0x63, 0x34, 0x28, 0x62, 0x61, 0x6c, 0x6c, 0x73, 0x5b, 0x30, // ] * vec4(balls[0
	0x5d, 0x2e, 0x78, 0x79, 0x7a, 0x20, 0x2b, 0x20, 0x5f, 0x32, 0x34, 0x34, 0x2c, 0x20, 0x31, 0x2e, // ].xyz + _244, 1.
	0x30, 0x29, 0x3b, 0x0a, 0x20, 0x20, 0x20, 0x20, 0x20, 0x20, 0x20, 0x20, 0x20, 0x20, 0x20, 0x20, // 0);.            
	0x20, 0x20, 0x20, 0x20, 0x76, 0x65, 0x63, 0x32, 0x20, 0x5f, 0x32, 0x37, 0x39, 0x20, 0x3d, 0x20, //     vec2 _279 = 
	0x5f, 0x32, 0x35, 0x39, 0x2e, 0x78, 0x79, 0x20, 0x2f, 0x20, 0x76, 0x65, 0x63, 0x32, 0x28, 0x5f, // _259.xy / vec2(_
	0x32, 0x35, 0x39, 0x2e, 0x77, 0x29, 0x3b, 0x0a, 0x20, 0x20, 0x20, 0x20, 0x20, 0x20, 0x20, 0x20, // 259.w);.        
	0x20, 0x20, 0x20, 0x20, 0x20, 0x20, 0x20, 0x20, 0x76, 0x65, 0x63, 0x34, 0x20, 0x5f, 0x34, 0x31, //         vec4 _41
	0x30, 0x3b, 0x0a, 0x20, 0x20, 0x20, 0x20, 0x20, 0x20, 0x20, 0x20, 0x20, 0x20, 0x20, 0x20, 0x20, // 0;.             
	0x20, 0x20, 0x20, 0x5f, 0x34, 0x31, 0x30, 0x2e, 0x78, 0x20, 0x3d, 0x20, 0x5f, 0x32, 0x37, 0x39, //    _410.x = _279
	0x2e, 0x78, 0x3b, 0x0a, 0x20, 0x20, 0x20, 0x20, 0x20, 0x20, 0x20, 0x20, 0x20, 0x20, 0x20, 0x20, // .x;.            
	0x20, 0x20, 0x20, 0x20, 0x5f, 0x34, 0x31, 0x30, 0x2e, 0x79, 0x20, 0x3d, 0x20, 0x5f, 0x32, 0x37, //     _410.y = _27
	0x39, 0x2e, 0x79, 0x3b, 0x0a, 0x20, 0x20, 0x20, 0x20, 0x20, 0x20, 0x20, 0x20, 0x20, 0x20, 0x20, // 9.y;.           
	0x20, 0x20, 0x20, 0x20, 0x20, 0x76, 0x65, 0x63, 0x32, 0x20, 0x5f, 0x32, 0x38, 0x39, 0x20, 0x3d, //      vec2 _289 =
	0x20, 0x5f, 0x32, 0x37, 0x33, 0x2e, 0x78, 0x79, 0x20, 0x2f, 0x20, 0x76, 0x65, 0x63, 0x32, 0x28, //  _273.xy / vec2(
	0x5f, 0x32, 0x37, 0x33, 0x2e, 0x77, 0x29, 0x3b, 0x0a, 0x20, 0x20, 0x20, 0x20, 0x20, 0x20, 0x20, // _273.w);.       
	0x20, 0x20, 0x20, 0x20, 0x20, 0x20, 0x20, 0x20, 0x20, 0x76, 0x65, 0x63, 0x34, 0x20, 0x5f, 0x34, //          vec4 _4
	0x31, 0x35, 0x3b, 0x0a, 0x20, 0x20, 0x20, 0x20, 0x20, 0x20, 0x20, 0x20, 0x20, 0x20, 0x20, 0x20, // 15;.            
	0x20, 0x20, 0x20, 0x20, 0x5f, 0x34, 0x31, 0x35, 0x2e, 0x78, 0x20, 0x3d, 0x20, 0x5f, 0x32, 0x38, //     _415.x = _28
	0x39, 0x2e, 0x78, 0x3b, 0x0a, 0x20, 0x20, 0x20, 0x20, 0x20, 0x20, 0x20, 0x20, 0x20, 0x20, 0x20, // 9.x;.           
	0x20, 0x20, 0x20, 0x20, 0x20, 0x5f, 0x34, 0x31, 0x35, 0x2e, 0x79, 0x20, 0x3d, 0x20, 0x5f, 0x32, //      _415.y = _2
	0x38, 0x39, 0x2e, 0x79, 0x3b, 0x0a, 0x20, 0x20, 0x20, 0x20, 0x20, 0x20, 0x20, 0x20, 0x20, 0x20, // 89.y;.          
	0x20, 0x20, 0x20, 0x20, 0x20, 0x20, 0x5f, 0x34, 0x32, 0x34, 0x20, 0x3d, 0x20, 0x5f, 0x34, 0x31, //       _424 = _41
	0x39, 0x20, 0x2b, 0x20, 0x6d, 0x69, 0x78, 0x28, 0x74, 0x65, 0x78, 0x74, 0x75, 0x72, 0x65, 0x4c, // 9 + mix(textureL
	0x6f, 0x64, 0x28, 0x74, 0x65, 0x78, 0x5f, 0x62, 0x6c, 0x6f, 0x6f, 0x6d, 0x2c, 0x20, 0x76, 0x65, // od(tex_bloom, ve
	0x63, 0x33, 0x28, 0x76, 0x65, 0x63, 0x32, 0x28, 0x30, 0x2e, 0x35, 0x29, 0x20, 0x2b, 0x20, 0x28, // c3(vec2(0.5) + (
	0x5f, 0x34, 0x31, 0x30, 0x2e, 0x78, 0x79, 0x20, 0x2a, 0x20, 0x30, 0x2e, 0x35, 0x29, 0x2c, 0x20, // _410.xy * 0.5), 
	0x76, 0x5f, 0x65, 0x79, 0x65, 0x29, 0x2c, 0x20, 0x30, 0x2e, 0x30, 0x29, 0x2e, 0x78, 0x79, 0x7a, // v_eye), 0.0).xyz
	0x2c, 0x20, 0x74, 0x65, 0x78, 0x74, 0x75, 0x72, 0x65, 0x4c, 0x6f, 0x64, 0x28, 0x74, 0x65, 0x78, // , textureLod(tex
	0x5f, 0x66, 0x62, 0x5f, 0x66, 0x69, 0x6c, 0x74, 0x65, 0x72, 0x65, 0x64, 0x2c, 0x20, 0x76, 0x65, // _fb_filtered, ve
	0x63, 0x33, 0x28, 0x76, 0x65, 0x63, 0x32, 0x28, 0x30, 0x2e, 0x35, 0x29, 0x20, 0x2b, 0x20, 0x28, // c3(vec2(0.5) + (
	0x5f, 0x34, 0x31, 0x35, 0x2e, 0x78, 0x79, 0x20, 0x2a, 0x20, 0x30, 0x2e, 0x35, 0x29, 0x2c, 0x20, // _415.xy * 0.5), 
	0x76, 0x5f, 0x65, 0x79, 0x65, 0x29, 0x2c, 0x20, 0x30, 0x2e, 0x30, 0x29, 0x2e, 0x78, 0x79, 0x7a, // v_eye), 0.0).xyz
	0x2c, 0x20, 0x5f, 0x32, 0x31, 0x30, 0x29, 0x3b, 0x0a, 0x20, 0x20, 0x20, 0x20, 0x20, 0x20, 0x20, // , _210);.       
	0x20, 0x20, 0x20, 0x20, 0x20, 0x7d, 0x0a, 0x20, 0x20, 0x20, 0x20, 0x20, 0x20, 0x20, 0x20, 0x7d, //      }.        }
	0x0a, 0x20, 0x20, 0x20, 0x20, 0x20, 0x20, 0x20, 0x20, 0x62, 0x67, 0x66, 0x78, 0x5f, 0x46, 0x72, // .        bgfx_Fr
	0x61, 0x67, 0x43, 0x6f, 0x6c, 0x6f, 0x72, 0x20, 0x3d, 0x20, 0x76, 0x65, 0x63, 0x34, 0x28, 0x5f, // agColor = vec4(_
	0x34, 0x31, 0x39, 0x20, 0x2f, 0x20, 0x76, 0x65, 0x63, 0x33, 0x28, 0x77, 0x5f, 0x68, 0x5f, 0x68, // 419 / vec3(w_h_h
	0x65, 0x69, 0x67, 0x68, 0x74, 0x2e, 0x77, 0x29, 0x2c, 0x20, 0x31, 0x2e, 0x30, 0x29, 0x3b, 0x0a, // eight.w), 1.0);.
	0x20, 0x20, 0x20, 0x20, 0x20, 0x20, 0x20, 0x20, 0x62, 0x72, 0x65, 0x61, 0x6b, 0x3b, 0x0a, 0x20, //         break;. 
	0x20, 0x20, 0x20, 0x7d, 0x20, 0x77, 0x68, 0x69, 0x6c, 0x65, 0x28, 0x66, 0x61, 0x6c, 0x73, 0x65, //    } while(false
	0x29, 0x3b, 0x0a, 0x7d, 0x0a, 0x0a, 0x00,                                                       // );.}...
};
static const uint8_t fs_pp_motionblur_st_dxbc[3064] =
{
	0x46, 0x53, 0x48, 0x0b, 0x4a, 0x63, 0xcf, 0x5f, 0x00, 0x00, 0x00, 0x00, 0x07, 0x00, 0x05, 0x62, // FSH.Jc._.......b
	0x61, 0x6c, 0x6c, 0x73, 0x12, 0x08, 0x00, 0x00, 0x08, 0x00, 0x00, 0x00, 0x00, 0x00, 0x07, 0x6d, // alls...........m
	0x61, 0x74, 0x50, 0x72, 0x6f, 0x6a, 0x14, 0x02, 0x80, 0x00, 0x08, 0x00, 0x00, 0x00, 0x00, 0x00, // atProj..........
	0x0a, 0x6d, 0x61, 0x74, 0x50, 0x72, 0x6f, 0x6a, 0x49, 0x6e, 0x76, 0x14, 0x02, 0x00, 0x01, 0x08, // .matProjInv.....
	0x00, 0x00, 0x00, 0x00, 0x00, 0x0a, 0x77, 0x5f, 0x68, 0x5f, 0x68, 0x65, 0x69, 0x67, 0x68, 0x74, // ......w_h_height
	0x12, 0x00, 0x80, 0x01, 0x01, 0x00, 0x00, 0x00, 0x00, 0x00, 0x0f, 0x74, 0x65, 0x78, 0x5f, 0x66, // ...........tex_f
	0x62, 0x5f, 0x66, 0x69, 0x6c, 0x74, 0x65, 0x72, 0x65, 0x64, 0x30, 0x01, 0x00, 0x00, 0x01, 0x00, // b_filtered0.....
	0x00, 0x00, 0x00, 0x00, 0x09, 0x74, 0x65, 0x78, 0x5f, 0x62, 0x6c, 0x6f, 0x6f, 0x6d, 0x30, 0x01, // .....tex_bloom0.
	0x01, 0x00, 0x01, 0x00, 0x00, 0x00, 0x00, 0x00, 0x09, 0x74, 0x65, 0x78, 0x5f, 0x64, 0x65, 0x70, // .........tex_dep
	0x74, 0x68, 0x30, 0x01, 0x04, 0x00, 0x01, 0x00, 0x00, 0x00, 0x00, 0x00, 0x54, 0x0b, 0x00, 0x00, // th0.........T...
	0x44, 0x58, 0x42, 0x43, 0x38, 0xc2, 0x24, 0x2a, 0x00, 0x28, 0x45, 0x79, 0x0c, 0x3d, 0xe7, 0xd5, // DXBC8.$*.(Ey.=..
	0x89, 0xe5, 0xbb, 0x18, 0x01, 0x00, 0x00, 0x00, 0x54, 0x0b, 0x00, 0x00, 0x03, 0x00, 0x00, 0x00, // ........T.......
	0x2c, 0x00, 0x00, 0x00, 0x9c, 0x00, 0x00, 0x00, 0xd0, 0x00, 0x00, 0x00, 0x49, 0x53, 0x47, 0x4e, // ,...........ISGN
	0x68, 0x00, 0x00, 0x00, 0x03, 0x00, 0x00, 0x00, 0x08, 0x00, 0x00, 0x00, 0x50, 0x00, 0x00, 0x00, // h...........P...
	0x00, 0x00, 0x00, 0x00, 0x01, 0x00, 0x00, 0x00, 0x03, 0x00, 0x00, 0x00, 0x00, 0x00, 0x00, 0x00, // ................
	0x0f, 0x00, 0x00, 0x00, 0x5c, 0x00, 0x00, 0x00, 0x04, 0x00, 0x00, 0x00, 0x00, 0x00, 0x00, 0x00, // ................
	0x03, 0x00, 0x00, 0x00, 0x01, 0x00, 0x00, 0x00, 0x01, 0x01, 0x00, 0x00, 0x5c, 0x00, 0x00, 0x00, // ................
	0x00, 0x00, 0x00, 0x00, 0x00, 0x00, 0x00, 0x00, 0x03, 0x00, 0x00, 0x00, 0x01, 0x00, 0x00, 0x00, // ................
	0x06, 0x06, 0x00, 0x00, 0x53, 0x56, 0x5f, 0x50, 0x4f, 0x53, 0x49, 0x54, 0x49, 0x4f, 0x4e, 0x00, // ....SV_POSITION.
	0x54, 0x45, 0x58, 0x43, 0x4f, 0x4f, 0x52, 0x44, 0x00, 0xab, 0xab, 0xab, 0x4f, 0x53, 0x47, 0x4e, // TEXCOORD....OSGN
	0x2c, 0x00, 0x00, 0x00, 0x01, 0x00, 0x00, 0x00, 0x08, 0x00, 0x00, 0x00, 0x20, 0x00, 0x00, 0x00, // ,........... ...
	0x00, 0x00, 0x00, 0x00, 0x00, 0x00, 0x00, 0x00, 0x03, 0x00, 0x00, 0x00, 0x00, 0x00, 0x00, 0x00, // ................
	0x0f, 0x00, 0x00, 0x00, 0x53, 0x56, 0x5f, 0x54, 0x41, 0x52, 0x47, 0x45, 0x54, 0x00, 0xab, 0xab, // ....SV_TARGET...
	0x53, 0x48, 0x45, 0x58, 0x7c, 0x0a, 0x00, 0x00, 0x50, 0x00, 0x00, 0x00, 0x9f, 0x02, 0x00, 0x00, // SHEX|...P.......
	0x6a, 0x08, 0x00, 0x01, 0x59, 0x08, 0x00, 0x04, 0x46, 0x8e, 0x20, 0x00, 0x00, 0x00, 0x00, 0x00, // j...Y...F. .....
	0x19, 0x00, 0x00, 0x00, 0x5a, 0x00, 0x00, 0x03, 0x00, 0x60, 0x10, 0x00, 0x00, 0x00, 0x00, 0x00, // ....Z....`......
	0x5a, 0x00, 0x00, 0x03, 0x00, 0x60, 0x10, 0x00, 0x01, 0x00, 0x00, 0x00, 0x5a, 0x00, 0x00, 0x03, // Z....`......Z...
	0x00, 0x60, 0x10, 0x00, 0x04, 0x00, 0x00, 0x00, 0x58, 0x40, 0x00, 0x04, 0x00, 0x70, 0x10, 0x00, // .`......X@...p..
	0x00, 0x00, 0x00, 0x00, 0x55, 0x55, 0x00, 0x00, 0x58, 0x40, 0x00, 0x04, 0x00, 0x70, 0x10, 0x00, // ....UU..X@...p..
	0x01, 0x00, 0x00, 0x00, 0x55, 0x55, 0x00, 0x00, 0x58, 0x40, 0x00, 0x04, 0x00, 0x70, 0x10, 0x00, // ....UU..X@...p..
	0x04, 0x00, 0x00, 0x00, 0x55, 0x55, 0x00, 0x00, 0x62, 0x10, 0x00, 0x03, 0x12, 0x10, 0x10, 0x00, // ....UU..b.......
	0x01, 0x00, 0x00, 0x00, 0x62, 0x10, 0x00, 0x03, 0x62, 0x10, 0x10, 0x00, 0x01, 0x00, 0x00, 0x00, // ....b...b.......
	0x65, 0x00, 0x00, 0x03, 0xf2, 0x20, 0x10, 0x00, 0x00, 0x00, 0x00, 0x00, 0x68, 0x00, 0x00, 0x02, // e.... ......h...
	0x0a, 0x00, 0x00, 0x00, 0x48, 0x00, 0x00, 0x8d, 0x02, 0x02, 0x00, 0x80, 0x43, 0x55, 0x15, 0x00, // ....H.......CU..
	0x12, 0x00, 0x10, 0x00, 0x00, 0x00, 0x00, 0x00, 0x96, 0x14, 0x10, 0x00, 0x01, 0x00, 0x00, 0x00, // ................
	0x46, 0x7e, 0x10, 0x00, 0x04, 0x00, 0x00, 0x00, 0x00, 0x60, 0x10, 0x00, 0x04, 0x00, 0x00, 0x00, // F~.......`......
	0x01, 0x40, 0x00, 0x00, 0x00, 0x00, 0x00, 0x00, 0x32, 0x00, 0x00, 0x09, 0x22, 0x00, 0x10, 0x00, // .@......2..."...
	0x00, 0x00, 0x00, 0x00, 0x1a, 0x10, 0x10, 0x00, 0x01, 0x00, 0x00, 0x00, 0x01, 0x40, 0x00, 0x00, // .............@..
	0x00, 0x00, 0x00, 0x40, 0x01, 0x40, 0x00, 0x00, 0x00, 0x00, 0x80, 0xbf, 0x32, 0x00, 0x00, 0x0a, // ...@.@......2...
	0x42, 0x00, 0x10, 0x00, 0x00, 0x00, 0x00, 0x00, 0x2a, 0x10, 0x10, 0x80, 0x41, 0x00, 0x00, 0x00, // B.......*...A...
	0x01, 0x00, 0x00, 0x00, 0x01, 0x40, 0x00, 0x00, 0x00, 0x00, 0x00, 0x40, 0x01, 0x40, 0x00, 0x00, // .....@.....@.@..
	0x00, 0x00, 0x80, 0x3f, 0x1b, 0x00, 0x00, 0x05, 0x82, 0x00, 0x10, 0x00, 0x00, 0x00, 0x00, 0x00, // ...?............
	0x0a, 0x10, 0x10, 0x00, 0x01, 0x00, 0x00, 0x00, 0x29, 0x00, 0x00, 0x07, 0x82, 0x00, 0x10, 0x00, // ........).......
	0x00, 0x00, 0x00, 0x00, 0x3a, 0x00, 0x10, 0x00, 0x00, 0x00, 0x00, 0x00, 0x01, 0x40, 0x00, 0x00, // ....:........@..
	0x02, 0x00, 0x00, 0x00, 0x38, 0x00, 0x00, 0x0a, 0xf2, 0x00, 0x10, 0x00, 0x01, 0x00, 0x00, 0x00, // ....8...........
	0xa6, 0x0a, 0x10, 0x00, 0x00, 0x00, 0x00, 0x00, 0x46, 0x8e, 0x20, 0x06, 0x00, 0x00, 0x00, 0x00, // ........F. .....
	0x11, 0x00, 0x00, 0x00, 0x3a, 0x00, 0x10, 0x00, 0x00, 0x00, 0x00, 0x00, 0x32, 0x00, 0x00, 0x0c, // ....:.......2...
	0xf2, 0x00, 0x10, 0x00, 0x01, 0x00, 0x00, 0x00, 0x46, 0x8e, 0x20, 0x06, 0x00, 0x00, 0x00, 0x00, // ........F. .....
	0x10, 0x00, 0x00, 0x00, 0x3a, 0x00, 0x10, 0x00, 0x00, 0x00, 0x00, 0x00, 0x56, 0x05, 0x10, 0x00, // ....:.......V...
	0x00, 0x00, 0x00, 0x00, 0x46, 0x0e, 0x10, 0x00, 0x01, 0x00, 0x00, 0x00, 0x32, 0x00, 0x00, 0x0c, // ....F.......2...
	0xf2, 0x00, 0x10, 0x00, 0x01, 0x00, 0x00, 0x00, 0x46, 0x8e, 0x20, 0x06, 0x00, 0x00, 0x00, 0x00, // ........F. .....
	0x12, 0x00, 0x00, 0x00, 0x3a, 0x00, 0x10, 0x00, 0x00, 0x00, 0x00, 0x00, 0x06, 0x00, 0x10, 0x00, // ....:...........
	0x00, 0x00, 0x00, 0x00, 0x46, 0x0e, 0x10, 0x00, 0x01, 0x00, 0x00, 0x00, 0x00, 0x00, 0x00, 0x0a, // ....F...........
	0xf2, 0x00, 0x10, 0x00, 0x00, 0x00, 0x00, 0x00, 0x46, 0x0e, 0x10, 0x00, 0x01, 0x00, 0x00, 0x00, // ........F.......
	0x46, 0x8e, 0x20, 0x06, 0x00, 0x00, 0x00, 0x00, 0x13, 0x00, 0x00, 0x00, 0x3a, 0x00, 0x10, 0x00, // F. .........:...
	0x00, 0x00, 0x00, 0x00, 0x0e, 0x00, 0x00, 0x07, 0x72, 0x00, 0x10, 0x00, 0x00, 0x00, 0x00, 0x00, // ........r.......
	0x46, 0x02, 0x10, 0x00, 0x00, 0x00, 0x00, 0x00, 0xf6, 0x0f, 0x10, 0x00, 0x00, 0x00, 0x00, 0x00, // F...............
	0x10, 0x00, 0x00, 0x07, 0x82, 0x00, 0x10, 0x00, 0x00, 0x00, 0x00, 0x00, 0x46, 0x02, 0x10, 0x00, // ............F...
	0x00, 0x00, 0x00, 0x00, 0x46, 0x02, 0x10, 0x00, 0x00, 0x00, 0x00, 0x00, 0x44, 0x00, 0x00, 0x05, // ....F.......D...
	0x82, 0x00, 0x10, 0x00, 0x00, 0x00, 0x00, 0x00, 0x3a, 0x00, 0x10, 0x00, 0x00, 0x00, 0x00, 0x00, // ........:.......
	0x38, 0x00, 0x00, 0x07, 0xb2, 0x00, 0x10, 0x00, 0x00, 0x00, 0x00, 0x00, 0xf6, 0x0f, 0x10, 0x00, // 8...............
	0x00, 0x00, 0x00, 0x00, 0x46, 0x08, 0x10, 0x00, 0x00, 0x00, 0x00, 0x00, 0x38, 0x00, 0x00, 0x09, // ....F.......8...
	0x12, 0x00, 0x10, 0x00, 0x01, 0x00, 0x00, 0x00, 0x3a, 0x80, 0x20, 0x00, 0x00, 0x00, 0x00, 0x00, // ........:. .....
	0x00, 0x00, 0x00, 0x00, 0x3a, 0x80, 0x20, 0x00, 0x00, 0x00, 0x00, 0x00, 0x00, 0x00, 0x00, 0x00, // ....:. .........
	0x48, 0x00, 0x00, 0x8d, 0x02, 0x02, 0x00, 0x80, 0x43, 0x55, 0x15, 0x00, 0xe2, 0x00, 0x10, 0x00, // H.......CU......
	0x01, 0x00, 0x00, 0x00, 0x96, 0x14, 0x10, 0x00, 0x01, 0x00, 0x00, 0x00, 0x36, 0x79, 0x10, 0x00, // ............6y..
	0x00, 0x00, 0x00, 0x00, 0x00, 0x60, 0x10, 0x00, 0x00, 0x00, 0x00, 0x00, 0x01, 0x40, 0x00, 0x00, // .....`.......@..
	0x00, 0x00, 0x00, 0x00, 0x10, 0x00, 0x00, 0x08, 0x12, 0x00, 0x10, 0x00, 0x02, 0x00, 0x00, 0x00, // ................
	0x46, 0x03, 0x10, 0x00, 0x00, 0x00, 0x00, 0x00, 0x46, 0x82, 0x20, 0x00, 0x00, 0x00, 0x00, 0x00, // F.......F. .....
	0x00, 0x00, 0x00, 0x00, 0x10, 0x00, 0x00, 0x09, 0x22, 0x00, 0x10, 0x00, 0x02, 0x00, 0x00, 0x00, // ........".......
	0x46, 0x82, 0x20, 0x00, 0x00, 0x00, 0x00, 0x00, 0x00, 0x00, 0x00, 0x00, 0x46, 0x82, 0x20, 0x00, // F. .........F. .
	0x00, 0x00, 0x00, 0x00, 0x00, 0x00, 0x00, 0x00, 0x32, 0x00, 0x00, 0x0a, 0x12, 0x00, 0x10, 0x00, // ........2.......
	0x01, 0x00, 0x00, 0x00, 0x0a, 0x00, 0x10, 0x80, 0x41, 0x00, 0x00, 0x00, 0x01, 0x00, 0x00, 0x00, // ........A.......
	0x01, 0x40, 0x00, 0x00, 0x33, 0x33, 0x93, 0x3f, 0x1a, 0x00, 0x10, 0x00, 0x02, 0x00, 0x00, 0x00, // .@..33.?........
	0x32, 0x00, 0x00, 0x0a, 0x12, 0x00, 0x10, 0x00, 0x01, 0x00, 0x00, 0x00, 0x0a, 0x00, 0x10, 0x00, // 2...............
	0x02, 0x00, 0x00, 0x00, 0x0a, 0x00, 0x10, 0x00, 0x02, 0x00, 0x00, 0x00, 0x0a, 0x00, 0x10, 0x80, // ................
	0x41, 0x00, 0x00, 0x00, 0x01, 0x00, 0x00, 0x00, 0x31, 0x00, 0x00, 0x07, 0x22, 0x00, 0x10, 0x00, // A.......1..."...
	0x02, 0x00, 0x00, 0x00, 0x0a, 0x00, 0x10, 0x00, 0x01, 0x00, 0x00, 0x00, 0x01, 0x40, 0x00, 0x00, // .............@..
	0x00, 0x00, 0x00, 0x00, 0x1f, 0x00, 0x04, 0x03, 0x1a, 0x00, 0x10, 0x00, 0x02, 0x00, 0x00, 0x00, // ................
	0x36, 0x00, 0x00, 0x05, 0xe2, 0x00, 0x10, 0x00, 0x02, 0x00, 0x00, 0x00, 0x56, 0x0e, 0x10, 0x00, // 6...........V...
	0x01, 0x00, 0x00, 0x00, 0x12, 0x00, 0x00, 0x01, 0x4b, 0x00, 0x00, 0x05, 0x12, 0x00, 0x10, 0x00, // ........K.......
	0x01, 0x00, 0x00, 0x00, 0x0a, 0x00, 0x10, 0x00, 0x01, 0x00, 0x00, 0x00, 0x00, 0x00, 0x00, 0x08, // ................
	0x12, 0x00, 0x10, 0x00, 0x01, 0x00, 0x00, 0x00, 0x0a, 0x00, 0x10, 0x80, 0x41, 0x00, 0x00, 0x00, // ............A...
	0x01, 0x00, 0x00, 0x00, 0x0a, 0x00, 0x10, 0x00, 0x02, 0x00, 0x00, 0x00, 0x32, 0x00, 0x00, 0x09, // ............2...
	0x12, 0x00, 0x10, 0x00, 0x01, 0x00, 0x00, 0x00, 0x0a, 0x00, 0x10, 0x00, 0x01, 0x00, 0x00, 0x00, // ................
	0x3a, 0x00, 0x10, 0x00, 0x00, 0x00, 0x00, 0x00, 0x01, 0x40, 0x00, 0x00, 0x00, 0x00, 0x80, 0x3f, // :........@.....?
	0x31, 0x00, 0x00, 0x07, 0x42, 0x00, 0x10, 0x00, 0x00, 0x00, 0x00, 0x00, 0x0a, 0x00, 0x10, 0x00, // 1...B...........
	0x01, 0x00, 0x00, 0x00, 0x2a, 0x00, 0x10, 0x00, 0x00, 0x00, 0x00, 0x00, 0x1f, 0x00, 0x04, 0x03, // ....*...........
	0x2a, 0x00, 0x10, 0x00, 0x00, 0x00, 0x00, 0x00, 0x36, 0x00, 0x00, 0x05, 0x72, 0x20, 0x10, 0x00, // *.......6...r ..
	0x00, 0x00, 0x00, 0x00, 0x96, 0x07, 0x10, 0x00, 0x01, 0x00, 0x00, 0x00, 0x36, 0x00, 0x00, 0x05, // ............6...
	0x82, 0x20, 0x10, 0x00, 0x00, 0x00, 0x00, 0x00, 0x01, 0x40, 0x00, 0x00, 0x00, 0x00, 0x80, 0x3f, // . .......@.....?
	0x3e, 0x00, 0x00, 0x01, 0x15, 0x00, 0x00, 0x01, 0x48, 0x00, 0x00, 0x8d, 0x02, 0x02, 0x00, 0x80, // >.......H.......
	0x43, 0x55, 0x15, 0x00, 0xe2, 0x00, 0x10, 0x00, 0x02, 0x00, 0x00, 0x00, 0x96, 0x14, 0x10, 0x00, // CU..............
	0x01, 0x00, 0x00, 0x00, 0x36, 0x79, 0x10, 0x00, 0x01, 0x00, 0x00, 0x00, 0x00, 0x60, 0x10, 0x00, // ....6y.......`..
	0x01, 0x00, 0x00, 0x00, 0x01, 0x40, 0x00, 0x00, 0x00, 0x00, 0x00, 0x00, 0x15, 0x00, 0x00, 0x01, // .....@..........
	0x1b, 0x00, 0x00, 0x06, 0x42, 0x00, 0x10, 0x00, 0x00, 0x00, 0x00, 0x00, 0x3a, 0x80, 0x20, 0x00, // ....B.......:. .
	0x00, 0x00, 0x00, 0x00, 0x18, 0x00, 0x00, 0x00, 0x00, 0x00, 0x00, 0x0a, 0x72, 0x00, 0x10, 0x00, // ............r...
	0x03, 0x00, 0x00, 0x00, 0x46, 0x82, 0x20, 0x00, 0x00, 0x00, 0x00, 0x00, 0x00, 0x00, 0x00, 0x00, // ....F. .........
	0x46, 0x82, 0x20, 0x80, 0x41, 0x00, 0x00, 0x00, 0x00, 0x00, 0x00, 0x00, 0x01, 0x00, 0x00, 0x00, // F. .A...........
	0x40, 0x00, 0x00, 0x05, 0x12, 0x00, 0x10, 0x00, 0x01, 0x00, 0x00, 0x00, 0x0a, 0x10, 0x10, 0x00, // @...............
	0x01, 0x00, 0x00, 0x00, 0x1b, 0x00, 0x00, 0x05, 0x12, 0x00, 0x10, 0x00, 0x01, 0x00, 0x00, 0x00, // ................
	0x0a, 0x00, 0x10, 0x00, 0x01, 0x00, 0x00, 0x00, 0x29, 0x00, 0x00, 0x07, 0x12, 0x00, 0x10, 0x00, // ........).......
	0x01, 0x00, 0x00, 0x00, 0x0a, 0x00, 0x10, 0x00, 0x01, 0x00, 0x00, 0x00, 0x01, 0x40, 0x00, 0x00, // .............@..
	0x02, 0x00, 0x00, 0x00, 0x36, 0x00, 0x00, 0x05, 0x42, 0x00, 0x10, 0x00, 0x04, 0x00, 0x00, 0x00, // ....6...B.......
	0x0a, 0x10, 0x10, 0x00, 0x01, 0x00, 0x00, 0x00, 0x36, 0x00, 0x00, 0x05, 0x42, 0x00, 0x10, 0x00, // ........6...B...
	0x05, 0x00, 0x00, 0x00, 0x0a, 0x10, 0x10, 0x00, 0x01, 0x00, 0x00, 0x00, 0x36, 0x00, 0x00, 0x05, // ............6...
	0x72, 0x00, 0x10, 0x00, 0x06, 0x00, 0x00, 0x00, 0x96, 0x07, 0x10, 0x00, 0x01, 0x00, 0x00, 0x00, // r...............
	0x36, 0x00, 0x00, 0x05, 0x12, 0x00, 0x10, 0x00, 0x02, 0x00, 0x00, 0x00, 0x01, 0x40, 0x00, 0x00, // 6............@..
	0x01, 0x00, 0x00, 0x00, 0x30, 0x00, 0x00, 0x01, 0x21, 0x00, 0x00, 0x07, 0x82, 0x00, 0x10, 0x00, // ....0...!.......
	0x03, 0x00, 0x00, 0x00, 0x0a, 0x00, 0x10, 0x00, 0x02, 0x00, 0x00, 0x00, 0x2a, 0x00, 0x10, 0x00, // ............*...
	0x00, 0x00, 0x00, 0x00, 0x03, 0x00, 0x04, 0x03, 0x3a, 0x00, 0x10, 0x00, 0x03, 0x00, 0x00, 0x00, // ........:.......
	0x2b, 0x00, 0x00, 0x05, 0x82, 0x00, 0x10, 0x00, 0x03, 0x00, 0x00, 0x00, 0x0a, 0x00, 0x10, 0x00, // +...............
	0x02, 0x00, 0x00, 0x00, 0x0e, 0x00, 0x00, 0x08, 0x82, 0x00, 0x10, 0x00, 0x03, 0x00, 0x00, 0x00, // ................
	0x3a, 0x00, 0x10, 0x00, 0x03, 0x00, 0x00, 0x00, 0x3a, 0x80, 0x20, 0x00, 0x00, 0x00, 0x00, 0x00, // :.......:. .....
	0x18, 0x00, 0x00, 0x00, 0x32, 0x00, 0x00, 0x0a, 0x72, 0x00, 0x10, 0x00, 0x07, 0x00, 0x00, 0x00, // ....2...r.......
	0xf6, 0x0f, 0x10, 0x00, 0x03, 0x00, 0x00, 0x00, 0x46, 0x02, 0x10, 0x00, 0x03, 0x00, 0x00, 0x00, // ........F.......
	0x46, 0x82, 0x20, 0x00, 0x00, 0x00, 0x00, 0x00, 0x01, 0x00, 0x00, 0x00, 0x10, 0x00, 0x00, 0x07, // F. .............
	0x82, 0x00, 0x10, 0x00, 0x04, 0x00, 0x00, 0x00, 0x46, 0x03, 0x10, 0x00, 0x00, 0x00, 0x00, 0x00, // ........F.......
	0x46, 0x02, 0x10, 0x00, 0x07, 0x00, 0x00, 0x00, 0x10, 0x00, 0x00, 0x07, 0x82, 0x00, 0x10, 0x00, // F...............
	0x05, 0x00, 0x00, 0x00, 0x46, 0x02, 0x10, 0x00, 0x07, 0x00, 0x00, 0x00, 0x46, 0x02, 0x10, 0x00, // ....F.......F...
	0x07, 0x00, 0x00, 0x00, 0x32, 0x00, 0x00, 0x0c, 0x82, 0x00, 0x10, 0x00, 0x05, 0x00, 0x00, 0x00, // ....2...........
	0x3a, 0x80, 0x20, 0x80, 0x41, 0x00, 0x00, 0x00, 0x00, 0x00, 0x00, 0x00, 0x00, 0x00, 0x00, 0x00, // :. .A...........
	0x3a, 0x80, 0x20, 0x00, 0x00, 0x00, 0x00, 0x00, 0x00, 0x00, 0x00, 0x00, 0x3a, 0x00, 0x10, 0x00, // :. .........:...
	0x05, 0x00, 0x00, 0x00, 0x32, 0x00, 0x00, 0x0a, 0x82, 0x00, 0x10, 0x00, 0x05, 0x00, 0x00, 0x00, // ....2...........
	0x3a, 0x00, 0x10, 0x00, 0x04, 0x00, 0x00, 0x00, 0x3a, 0x00, 0x10, 0x00, 0x04, 0x00, 0x00, 0x00, // :.......:.......
	0x3a, 0x00, 0x10, 0x80, 0x41, 0x00, 0x00, 0x00, 0x05, 0x00, 0x00, 0x00, 0x31, 0x00, 0x00, 0x07, // :...A.......1...
	0x82, 0x00, 0x10, 0x00, 0x06, 0x00, 0x00, 0x00, 0x3a, 0x00, 0x10, 0x00, 0x05, 0x00, 0x00, 0x00, // ........:.......
	0x01, 0x40, 0x00, 0x00, 0x00, 0x00, 0x00, 0x00, 0x1f, 0x00, 0x04, 0x03, 0x3a, 0x00, 0x10, 0x00, // .@..........:...
	0x06, 0x00, 0x00, 0x00, 0x00, 0x00, 0x00, 0x07, 0x72, 0x00, 0x10, 0x00, 0x06, 0x00, 0x00, 0x00, // ........r.......
	0x96, 0x07, 0x10, 0x00, 0x02, 0x00, 0x00, 0x00, 0x46, 0x02, 0x10, 0x00, 0x06, 0x00, 0x00, 0x00, // ........F.......
	0x12, 0x00, 0x00, 0x01, 0x4b, 0x00, 0x00, 0x05, 0x82, 0x00, 0x10, 0x00, 0x05, 0x00, 0x00, 0x00, // ....K...........
	0x3a, 0x00, 0x10, 0x00, 0x05, 0x00, 0x00, 0x00, 0x00, 0x00, 0x00, 0x08, 0x82, 0x00, 0x10, 0x00, // :...............
	0x04, 0x00, 0x00, 0x00, 0x3a, 0x00, 0x10, 0x00, 0x04, 0x00, 0x00, 0x00, 0x3a, 0x00, 0x10, 0x80, // ....:.......:...
	0x41, 0x00, 0x00, 0x00, 0x05, 0x00, 0x00, 0x00, 0x32, 0x00, 0x00, 0x0a, 0x72, 0x00, 0x10, 0x00, // A.......2...r...
	0x07, 0x00, 0x00, 0x00, 0xf6, 0x0f, 0x10, 0x00, 0x04, 0x00, 0x00, 0x00, 0x46, 0x03, 0x10, 0x00, // ............F...
	0x00, 0x00, 0x00, 0x00, 0x46, 0x02, 0x10, 0x80, 0x41, 0x00, 0x00, 0x00, 0x07, 0x00, 0x00, 0x00, // ....F...A.......
	0x00, 0x00, 0x00, 0x08, 0x72, 0x00, 0x10, 0x00, 0x08, 0x00, 0x00, 0x00, 0x46, 0x02, 0x10, 0x00, // ....r.......F...
	0x07, 0x00, 0x00, 0x00, 0x46, 0x82, 0x20, 0x00, 0x00, 0x00, 0x00, 0x00, 0x01, 0x00, 0x00, 0x00, // ....F. .........
	0x38, 0x00, 0x00, 0x0a, 0x72, 0x00, 0x10, 0x00, 0x09, 0x00, 0x00, 0x00, 0x56, 0x05, 0x10, 0x00, // 8...r.......V...
	0x08, 0x00, 0x00, 0x00, 0x46, 0x83, 0x20, 0x06, 0x00, 0x00, 0x00, 0x00, 0x09, 0x00, 0x00, 0x00, // ....F. .........
	0x0a, 0x00, 0x10, 0x00, 0x01, 0x00, 0x00, 0x00, 0x32, 0x00, 0x00, 0x0c, 0xb2, 0x00, 0x10, 0x00, // ........2.......
	0x08, 0x00, 0x00, 0x00, 0x46, 0x8c, 0x20, 0x06, 0x00, 0x00, 0x00, 0x00, 0x08, 0x00, 0x00, 0x00, // ....F. .........
	0x0a, 0x00, 0x10, 0x00, 0x01, 0x00, 0x00, 0x00, 0x06, 0x00, 0x10, 0x00, 0x08, 0x00, 0x00, 0x00, // ................
	0x46, 0x08, 0x10, 0x00, 0x09, 0x00, 0x00, 0x00, 0x32, 0x00, 0x00, 0x0c, 0x72, 0x00, 0x10, 0x00, // F.......2...r...
	0x08, 0x00, 0x00, 0x00, 0x46, 0x83, 0x20, 0x06, 0x00, 0x00, 0x00, 0x00, 0x0a, 0x00, 0x00, 0x00, // ....F. .........
	0x0a, 0x00, 0x10, 0x00, 0x01, 0x00, 0x00, 0x00, 0xa6, 0x0a, 0x10, 0x00, 0x08, 0x00, 0x00, 0x00, // ................
	0x46, 0x03, 0x10, 0x00, 0x08, 0x00, 0x00, 0x00, 0x00, 0x00, 0x00, 0x0a, 0x72, 0x00, 0x10, 0x00, // F...........r...
	0x08, 0x00, 0x00, 0x00, 0x46, 0x02, 0x10, 0x00, 0x08, 0x00, 0x00, 0x00, 0x46, 0x83, 0x20, 0x06, // ....F.......F. .
	0x00, 0x00, 0x00, 0x00, 0x0b, 0x00, 0x00, 0x00, 0x0a, 0x00, 0x10, 0x00, 0x01, 0x00, 0x00, 0x00, // ................
	0x00, 0x00, 0x00, 0x08, 0x72, 0x00, 0x10, 0x00, 0x07, 0x00, 0x00, 0x00, 0x46, 0x02, 0x10, 0x00, // ....r.......F...
	0x07, 0x00, 0x00, 0x00, 0x46, 0x82, 0x20, 0x00, 0x00, 0x00, 0x00, 0x00, 0x00, 0x00, 0x00, 0x00, // ....F. .........
	0x38, 0x00, 0x00, 0x0a, 0x72, 0x00, 0x10, 0x00, 0x09, 0x00, 0x00, 0x00, 0x56, 0x05, 0x10, 0x00, // 8...r.......V...
	0x07, 0x00, 0x00, 0x00, 0x46, 0x83, 0x20, 0x06, 0x00, 0x00, 0x00, 0x00, 0x09, 0x00, 0x00, 0x00, // ....F. .........
	0x0a, 0x00, 0x10, 0x00, 0x01, 0x00, 0x00, 0x00, 0x32, 0x00, 0x00, 0x0c, 0xb2, 0x00, 0x10, 0x00, // ........2.......
	0x07, 0x00, 0x00, 0x00, 0x46, 0x8c, 0x20, 0x06, 0x00, 0x00, 0x00, 0x00, 0x08, 0x00, 0x00, 0x00, // ....F. .........
	0x0a, 0x00, 0x10, 0x00, 0x01, 0x00, 0x00, 0x00, 0x06, 0x00, 0x10, 0x00, 0x07, 0x00, 0x00, 0x00, // ................
	0x46, 0x08, 0x10, 0x00, 0x09, 0x00, 0x00, 0x00, 0x32, 0x00, 0x00, 0x0c, 0x72, 0x00, 0x10, 0x00, // F.......2...r...
	0x07, 0x00, 0x00, 0x00, 0x46, 0x83, 0x20, 0x06, 0x00, 0x00, 0x00, 0x00, 0x0a, 0x00, 0x00, 0x00, // ....F. .........
	0x0a, 0x00, 0x10, 0x00, 0x01, 0x00, 0x00, 0x00, 0xa6, 0x0a, 0x10, 0x00, 0x07, 0x00, 0x00, 0x00, // ................
	0x46, 0x03, 0x10, 0x00, 0x07, 0x00, 0x00, 0x00, 0x00, 0x00, 0x00, 0x0a, 0x72, 0x00, 0x10, 0x00, // F...........r...
	0x07, 0x00, 0x00, 0x00, 0x46, 0x02, 0x10, 0x00, 0x07, 0x00, 0x00, 0x00, 0x46, 0x83, 0x20, 0x06, // ....F.......F. .
	0x00, 0x00, 0x00, 0x00, 0x0b, 0x00, 0x00, 0x00, 0x0a, 0x00, 0x10, 0x00, 0x01, 0x00, 0x00, 0x00, // ................
	0x0e, 0x00, 0x00, 0x07, 0x32, 0x00, 0x10, 0x00, 0x08, 0x00, 0x00, 0x00, 0x46, 0x00, 0x10, 0x00, // ....2.......F...
	0x08, 0x00, 0x00, 0x00, 0xa6, 0x0a, 0x10, 0x00, 0x08, 0x00, 0x00, 0x00, 0x0e, 0x00, 0x00, 0x07, // ................
	0x32, 0x00, 0x10, 0x00, 0x07, 0x00, 0x00, 0x00, 0x46, 0x00, 0x10, 0x00, 0x07, 0x00, 0x00, 0x00, // 2.......F.......
	0xa6, 0x0a, 0x10, 0x00, 0x07, 0x00, 0x00, 0x00, 0x32, 0x00, 0x00, 0x0f, 0x32, 0x00, 0x10, 0x00, // ........2...2...
	0x04, 0x00, 0x00, 0x00, 0x46, 0x00, 0x10, 0x00, 0x08, 0x00, 0x00, 0x00, 0x02, 0x40, 0x00, 0x00, // ....F........@..
	0x00, 0x00, 0x00, 0x3f, 0x00, 0x00, 0x00, 0xbf, 0x00, 0x00, 0x00, 0x00, 0x00, 0x00, 0x00, 0x00, // ...?............
	0x02, 0x40, 0x00, 0x00, 0x00, 0x00, 0x00, 0x3f, 0x00, 0x00, 0x00, 0x3f, 0x00, 0x00, 0x00, 0x00, // .@.....?...?....
	0x00, 0x00, 0x00, 0x00, 0x48, 0x00, 0x00, 0x8d, 0x02, 0x02, 0x00, 0x80, 0x43, 0x55, 0x15, 0x00, // ....H.......CU..
	0xb2, 0x00, 0x10, 0x00, 0x04, 0x00, 0x00, 0x00, 0x46, 0x02, 0x10, 0x00, 0x04, 0x00, 0x00, 0x00, // ........F.......
	0x46, 0x7b, 0x10, 0x00, 0x01, 0x00, 0x00, 0x00, 0x00, 0x60, 0x10, 0x00, 0x01, 0x00, 0x00, 0x00, // F{.......`......
	0x01, 0x40, 0x00, 0x00, 0x00, 0x00, 0x00, 0x00, 0x32, 0x00, 0x00, 0x0f, 0x32, 0x00, 0x10, 0x00, // .@......2...2...
	0x05, 0x00, 0x00, 0x00, 0x46, 0x00, 0x10, 0x00, 0x07, 0x00, 0x00, 0x00, 0x02, 0x40, 0x00, 0x00, // ....F........@..
	0x00, 0x00, 0x00, 0x3f, 0x00, 0x00, 0x00, 0xbf, 0x00, 0x00, 0x00, 0x00, 0x00, 0x00, 0x00, 0x00, // ...?............
	0x02, 0x40, 0x00, 0x00, 0x00, 0x00, 0x00, 0x3f, 0x00, 0x00, 0x00, 0x3f, 0x00, 0x00, 0x00, 0x00, // .@.....?...?....
	0x00, 0x00, 0x00, 0x00, 0x48, 0x00, 0x00, 0x8d, 0x02, 0x02, 0x00, 0x80, 0x43, 0x55, 0x15, 0x00, // ....H.......CU..
	0xb2, 0x00, 0x10, 0x00, 0x05, 0x00, 0x00, 0x00, 0x46, 0x02, 0x10, 0x00, 0x05, 0x00, 0x00, 0x00, // ........F.......
	0x46, 0x7b, 0x10, 0x00, 0x00, 0x00, 0x00, 0x00, 0x00, 0x60, 0x10, 0x00, 0x00, 0x00, 0x00, 0x00, // F{.......`......
	0x01, 0x40, 0x00, 0x00, 0x00, 0x00, 0x00, 0x00, 0x00, 0x00, 0x00, 0x08, 0xb2, 0x00, 0x10, 0x00, // .@..............
	0x05, 0x00, 0x00, 0x00, 0x46, 0x0c, 0x10, 0x80, 0x41, 0x00, 0x00, 0x00, 0x04, 0x00, 0x00, 0x00, // ....F...A.......
	0x46, 0x0c, 0x10, 0x00, 0x05, 0x00, 0x00, 0x00, 0x32, 0x00, 0x00, 0x09, 0xb2, 0x00, 0x10, 0x00, // F.......2.......
	0x04, 0x00, 0x00, 0x00, 0xf6, 0x0f, 0x10, 0x00, 0x03, 0x00, 0x00, 0x00, 0x46, 0x0c, 0x10, 0x00, // ............F...
	0x05, 0x00, 0x00, 0x00, 0x46, 0x0c, 0x10, 0x00, 0x04, 0x00, 0x00, 0x00, 0x00, 0x00, 0x00, 0x07, // ....F...........
	0x72, 0x00, 0x10, 0x00, 0x06, 0x00, 0x00, 0x00, 0x46, 0x03, 0x10, 0x00, 0x04, 0x00, 0x00, 0x00, // r.......F.......
	0x46, 0x02, 0x10, 0x00, 0x06, 0x00, 0x00, 0x00, 0x15, 0x00, 0x00, 0x01, 0x1e, 0x00, 0x00, 0x07, // F...............
	0x12, 0x00, 0x10, 0x00, 0x02, 0x00, 0x00, 0x00, 0x0a, 0x00, 0x10, 0x00, 0x02, 0x00, 0x00, 0x00, // ................
	0x01, 0x40, 0x00, 0x00, 0x01, 0x00, 0x00, 0x00, 0x16, 0x00, 0x00, 0x01, 0x0e, 0x00, 0x00, 0x08, // .@..............
	0x72, 0x20, 0x10, 0x00, 0x00, 0x00, 0x00, 0x00, 0x46, 0x02, 0x10, 0x00, 0x06, 0x00, 0x00, 0x00, // r ......F.......
	0xf6, 0x8f, 0x20, 0x00, 0x00, 0x00, 0x00, 0x00, 0x18, 0x00, 0x00, 0x00, 0x36, 0x00, 0x00, 0x05, // .. .........6...
	0x82, 0x20, 0x10, 0x00, 0x00, 0x00, 0x00, 0x00, 0x01, 0x40, 0x00, 0x00, 0x00, 0x00, 0x80, 0x3f, // . .......@.....?
	0x3e, 0x00, 0x00, 0x01, 0x00, 0x00, 0x90, 0x01,                                                 // >.......
};
static const uint8_t fs_pp_motionblur_st_dxil[4524] =
{
	0x46, 0x53, 0x48, 0x0b, 0x4a, 0x63, 0xcf, 0x5f, 0x00, 0x00, 0x00, 0x00, 0x07, 0x00, 0x05, 0x62, // FSH.Jc._.......b
	0x61, 0x6c, 0x6c, 0x73, 0x12, 0x08, 0x00, 0x00, 0x08, 0x00, 0x00, 0x00, 0x00, 0x00, 0x07, 0x6d, // alls...........m
	0x61, 0x74, 0x50, 0x72, 0x6f, 0x6a, 0x14, 0x02, 0x80, 0x00, 0x08, 0x00, 0x00, 0x00, 0x00, 0x00, // atProj..........
	0x0a, 0x6d, 0x61, 0x74, 0x50, 0x72, 0x6f, 0x6a, 0x49, 0x6e, 0x76, 0x14, 0x02, 0x00, 0x01, 0x08, // .matProjInv.....
	0x00, 0x00, 0x00, 0x00, 0x00, 0x0a, 0x77, 0x5f, 0x68, 0x5f, 0x68, 0x65, 0x69, 0x67, 0x68, 0x74, // ......w_h_height
	0x12, 0x00, 0x80, 0x01, 0x01, 0x00, 0x00, 0x00, 0x00, 0x00, 0x0f, 0x74, 0x65, 0x78, 0x5f, 0x66, // ...........tex_f
	0x62, 0x5f, 0x66, 0x69, 0x6c, 0x74, 0x65, 0x72, 0x65, 0x64, 0x30, 0x01, 0x00, 0x00, 0x01, 0x00, // b_filtered0.....
	0x00, 0x00, 0x00, 0x00, 0x09, 0x74, 0x65, 0x78, 0x5f, 0x62, 0x6c, 0x6f, 0x6f, 0x6d, 0x30, 0x01, // .....tex_bloom0.
	0x01, 0x00, 0x01, 0x00, 0x00, 0x00, 0x00, 0x00, 0x09, 0x74, 0x65, 0x78, 0x5f, 0x64, 0x65, 0x70, // .........tex_dep
	0x74, 0x68, 0x30, 0x01, 0x04, 0x00, 0x01, 0x00, 0x00, 0x00, 0x00, 0x00, 0x08, 0x11, 0x00, 0x00, // th0.............
	0x44, 0x58, 0x42, 0x43, 0x0b, 0x39, 0xc0, 0x86, 0xf5, 0x3e, 0x0f, 0x4e, 0x92, 0x6c, 0xe2, 0xbe, // DXBC.9...>.N.l..
	0x31, 0x34, 0xa3, 0x80, 0x01, 0x00, 0x00, 0x00, 0x08, 0x11, 0x00, 0x00, 0x07, 0x00, 0x00, 0x00, // 14..............
	0x3c, 0x00, 0x00, 0x00, 0x4c, 0x00, 0x00, 0x00, 0xd4, 0x00, 0x00, 0x00, 0x10, 0x01, 0x00, 0x00, // <...L...........
	0x90, 0x02, 0x00, 0x00, 0xc4, 0x02, 0x00, 0x00, 0xe0, 0x02, 0x00, 0x00, 0x53, 0x46, 0x49, 0x30, // ............SFI0
	0x08, 0x00, 0x00, 0x00, 0x00, 0x00, 0x00, 0x00, 0x00, 0x00, 0x00, 0x00, 0x49, 0x53, 0x47, 0x31, // ............ISG1
	0x80, 0x00, 0x00, 0x00, 0x03, 0x00, 0x00, 0x00, 0x08, 0x00, 0x00, 0x00, 0x00, 0x00, 0x00, 0x00, // ................
	0x68, 0x00, 0x00, 0x00, 0x00, 0x00, 0x00, 0x00, 0x01, 0x00, 0x00, 0x00, 0x03, 0x00, 0x00, 0x00, // h...............
	0x00, 0x00, 0x00, 0x00, 0x0f, 0x00, 0x00, 0x00, 0x00, 0x00, 0x00, 0x00, 0x00, 0x00, 0x00, 0x00, // ................
	0x74, 0x00, 0x00, 0x00, 0x04, 0x00, 0x00, 0x00, 0x00, 0x00, 0x00, 0x00, 0x03, 0x00, 0x00, 0x00, // t...............
	0x01, 0x00, 0x00, 0x00, 0x01, 0x01, 0x00, 0x00, 0x00, 0x00, 0x00, 0x00, 0x00, 0x00, 0x00, 0x00, // ................
	0x74, 0x00, 0x00, 0x00, 0x00, 0x00, 0x00, 0x00, 0x00, 0x00, 0x00, 0x00, 0x03, 0x00, 0x00, 0x00, // t...............
	0x01, 0x00, 0x00, 0x00, 0x06, 0x06, 0x00, 0x00, 0x00, 0x00, 0x00, 0x00, 0x53, 0x56, 0x5f, 0x50, // ............SV_P
	0x6f, 0x73, 0x69, 0x74, 0x69, 0x6f, 0x6e, 0x00, 0x54, 0x45, 0x58, 0x43, 0x4f, 0x4f, 0x52, 0x44, // osition.TEXCOORD
	0x00, 0x00, 0x00, 0x00, 0x4f, 0x53, 0x47, 0x31, 0x34, 0x00, 0x00, 0x00, 0x01, 0x00, 0x00, 0x00, // ....OSG14.......
	0x08, 0x00, 0x00, 0x00, 0x00, 0x00, 0x00, 0x00, 0x28, 0x00, 0x00, 0x00, 0x00, 0x00, 0x00, 0x00, // ........(.......
	0x40, 0x00, 0x00, 0x00, 0x03, 0x00, 0x00, 0x00, 0x00, 0x00, 0x00, 0x00, 0x0f, 0x00, 0x00, 0x00, // @...............
	0x00, 0x00, 0x00, 0x00, 0x53, 0x56, 0x5f, 0x54, 0x61, 0x72, 0x67, 0x65, 0x74, 0x00, 0x00, 0x00, // ....SV_Target...
	0x50, 0x53, 0x56, 0x30, 0x78, 0x01, 0x00, 0x00, 0x38, 0x00, 0x00, 0x00, 0x00, 0x00, 0x00, 0x00, // PSV0x...8.......
	0x00, 0x00, 0x00, 0x00, 0x00, 0x00, 0x00, 0x00, 0x00, 0x00, 0x00, 0x00, 0x00, 0x00, 0x00, 0x00, // ................
	0xff, 0xff, 0xff, 0xff, 0x00, 0x00, 0x00, 0x00, 0x03, 0x01, 0x00, 0x02, 0x01, 0x00, 0x00, 0x00, // ................
	0x00, 0x00, 0x00, 0x00, 0x00, 0x00, 0x00, 0x00, 0x00, 0x00, 0x00, 0x00, 0x13, 0x00, 0x00, 0x00, // ................
	0x00, 0x00, 0x00, 0x00, 0x07, 0x00, 0x00, 0x00, 0x18, 0x00, 0x00, 0x00, 0x02, 0x00, 0x00, 0x00, // ................
	0x00, 0x00, 0x00, 0x00, 0x00, 0x00, 0x00, 0x00, 0x00, 0x00, 0x00, 0x00, 0x0d, 0x00, 0x00, 0x00, // ................
	0x00, 0x00, 0x00, 0x00, 0x01, 0x00, 0x00, 0x00, 0x00, 0x00, 0x00, 0x00, 0x00, 0x00, 0x00, 0x00, // ................
	0x00, 0x00, 0x00, 0x00, 0x0e, 0x00, 0x00, 0x00, 0x00, 0x00, 0x00, 0x00, 0x01, 0x00, 0x00, 0x00, // ................
	0x00, 0x00, 0x00, 0x00, 0x01, 0x00, 0x00, 0x00, 0x01, 0x00, 0x00, 0x00, 0x0e, 0x00, 0x00, 0x00, // ................
	0x00, 0x00, 0x00, 0x00, 0x01, 0x00, 0x00, 0x00, 0x00, 0x00, 0x00, 0x00, 0x04, 0x00, 0x00, 0x00, // ................
	0x04, 0x00, 0x00, 0x00, 0x0e, 0x00, 0x00, 0x00, 0x00, 0x00, 0x00, 0x00, 0x03, 0x00, 0x00, 0x00, // ................
	0x00, 0x00, 0x00, 0x00, 0x00, 0x00, 0x00, 0x00, 0x00, 0x00, 0x00, 0x00, 0x07, 0x00, 0x00, 0x00, // ................
	0x00, 0x00, 0x00, 0x00, 0x03, 0x00, 0x00, 0x00, 0x00, 0x00, 0x00, 0x00, 0x01, 0x00, 0x00, 0x00, // ................
	0x01, 0x00, 0x00, 0x00, 0x07, 0x00, 0x00, 0x00, 0x00, 0x00, 0x00, 0x00, 0x03, 0x00, 0x00, 0x00, // ................
	0x00, 0x00, 0x00, 0x00, 0x04, 0x00, 0x00, 0x00, 0x04, 0x00, 0x00, 0x00, 0x07, 0x00, 0x00, 0x00, // ................
	0x00, 0x00, 0x00, 0x00, 0x18, 0x00, 0x00, 0x00, 0x00, 0x54, 0x45, 0x58, 0x43, 0x4f, 0x4f, 0x52, // .........TEXCOOR
	0x44, 0x00, 0x54, 0x45, 0x58, 0x43, 0x4f, 0x4f, 0x52, 0x44, 0x00, 0x6d, 0x61, 0x69, 0x6e, 0x00, // D.TEXCOORD.main.
	0x02, 0x00, 0x00, 0x00, 0x00, 0x00, 0x00, 0x00, 0x04, 0x00, 0x00, 0x00, 0x10, 0x00, 0x00, 0x00, // ................
	0x00, 0x00, 0x00, 0x00, 0x00, 0x00, 0x00, 0x00, 0x01, 0x00, 0x44, 0x03, 0x03, 0x04, 0x00, 0x00, // ..........D.....
	0x01, 0x00, 0x00, 0x00, 0x01, 0x00, 0x00, 0x00, 0x01, 0x01, 0x41, 0x00, 0x03, 0x02, 0x00, 0x00, // ..........A.....
	0x0a, 0x00, 0x00, 0x00, 0x00, 0x00, 0x00, 0x00, 0x01, 0x01, 0x52, 0x00, 0x03, 0x02, 0x00, 0x00, // ..........R.....
	0x00, 0x00, 0x00, 0x00, 0x00, 0x00, 0x00, 0x00, 0x01, 0x00, 0x44, 0x10, 0x03, 0x00, 0x00, 0x00, // ..........D.....
	0x00, 0x00, 0x00, 0x00, 0x00, 0x00, 0x00, 0x00, 0x00, 0x00, 0x00, 0x00, 0x00, 0x00, 0x00, 0x00, // ................
	0x0f, 0x00, 0x00, 0x00, 0x0f, 0x00, 0x00, 0x00, 0x0f, 0x00, 0x00, 0x00, 0x00, 0x00, 0x00, 0x00, // ................
	0x49, 0x4c, 0x44, 0x4e, 0x2c, 0x00, 0x00, 0x00, 0x00, 0x00, 0x24, 0x00, 0x65, 0x35, 0x35, 0x37, // ILDN,.....$.e557
	0x65, 0x30, 0x36, 0x66, 0x62, 0x37, 0x66, 0x32, 0x62, 0x63, 0x37, 0x65, 0x35, 0x65, 0x39, 0x31, // e06fb7f2bc7e5e91
	0x36, 0x66, 0x36, 0x63, 0x62, 0x38, 0x30, 0x35, 0x65, 0x35, 0x33, 0x64, 0x2e, 0x70, 0x64, 0x62, // 6f6cb805e53d.pdb
	0x00, 0x00, 0x00, 0x00, 0x48, 0x41, 0x53, 0x48, 0x14, 0x00, 0x00, 0x00, 0x00, 0x00, 0x00, 0x00, // ....HASH........
	0xe5, 0x57, 0xe0, 0x6f, 0xb7, 0xf2, 0xbc, 0x7e, 0x5e, 0x91, 0x6f, 0x6c, 0xb8, 0x05, 0xe5, 0x3d, // .W.o...~^.ol...=
	0x44, 0x58, 0x49, 0x4c, 0x20, 0x0e, 0x00, 0x00, 0x60, 0x00, 0x00, 0x00, 0x88, 0x03, 0x00, 0x00, // DXIL ...`.......
	0x44, 0x58, 0x49, 0x4c, 0x00, 0x01, 0x00, 0x00, 0x10, 0x00, 0x00, 0x00, 0x08, 0x0e, 0x00, 0x00, // DXIL............
	0x42, 0x43, 0xc0, 0xde, 0x21, 0x0c, 0x00, 0x00, 0x7f, 0x03, 0x00, 0x00, 0x0b, 0x82, 0x20, 0x00, // BC..!......... .
	0x02, 0x00, 0x00, 0x00, 0x13, 0x00, 0x00, 0x00, 0x07, 0x81, 0x23, 0x91, 0x41, 0xc8, 0x04, 0x49, // ..........#.A..I
	0x06, 0x10, 0x32, 0x39, 0x92, 0x01, 0x84, 0x0c, 0x25, 0x05, 0x08, 0x19, 0x1e, 0x04, 0x8b, 0x62, // ..29....%......b
	0x80, 0x18, 0x45, 0x02, 0x42, 0x92, 0x0b, 0x42, 0xc4, 0x10, 0x32, 0x14, 0x38, 0x08, 0x18, 0x4b, // ..E.B..B..2.8..K
	0x0a, 0x32, 0x62, 0x88, 0x48, 0x90, 0x14, 0x20, 0x43, 0x46, 0x88, 0xa5, 0x00, 0x19, 0x32, 0x42, // .2b.H.. CF....2B
	0xe4, 0x48, 0x0e, 0x90, 0x11, 0x23, 0xc4, 0x50, 0x41, 0x51, 0x81, 0x8c, 0xe1, 0x83, 0xe5, 0x8a, // .H...#.PAQ......
	0x04, 0x31, 0x46, 0x06, 0x51, 0x18, 0x00, 0x00, 0x08, 0x00, 0x00, 0x00, 0x1b, 0x8c, 0xe0, 0xff, // .1F.Q...........
	0xff, 0xff, 0xff, 0x07, 0x40, 0x02, 0xa8, 0x0d, 0x84, 0xf0, 0xff, 0xff, 0xff, 0xff, 0x03, 0x20, // ....@.......... 
	0x6d, 0x30, 0x86, 0xff, 0xff, 0xff, 0xff, 0x1f, 0x00, 0x09, 0xa8, 0x00, 0x49, 0x18, 0x00, 0x00, // m0..........I...
	0x03, 0x00, 0x00, 0x00, 0x13, 0x82, 0x60, 0x42, 0x20, 0x4c, 0x08, 0x06, 0x00, 0x00, 0x00, 0x00, // ......`B L......
	0x89, 0x20, 0x00, 0x00, 0x5f, 0x00, 0x00, 0x00, 0x32, 0x22, 0x88, 0x09, 0x20, 0x64, 0x85, 0x04, // . .._...2".. d..
	0x13, 0x23, 0xa4, 0x84, 0x04, 0x13, 0x23, 0xe3, 0x84, 0xa1, 0x90, 0x14, 0x12, 0x4c, 0x8c, 0x8c, // .#....#......L..
	0x0b, 0x84, 0xc4, 0x4c, 0x10, 0xa4, 0xc1, 0x08, 0x40, 0x09, 0x00, 0x0a, 0x66, 0x00, 0xe6, 0x08, // ...L....@...f...
	0xc0, 0x60, 0x8e, 0x00, 0x29, 0xc6, 0x40, 0x10, 0x44, 0x41, 0x90, 0x51, 0x0c, 0x80, 0x20, 0x88, // .`..).@.DA.Q.. .
	0x62, 0x20, 0xa4, 0x20, 0x03, 0x31, 0x0c, 0xc3, 0x30, 0x0c, 0xa4, 0x94, 0x61, 0x20, 0x06, 0x62, // b . .1..0...a .b
	0x6e, 0x1a, 0x2e, 0x7f, 0xc2, 0x1e, 0x42, 0xf2, 0x57, 0x42, 0x5a, 0x89, 0xc9, 0x2f, 0x6e, 0x1b, // n.....B.WBZ../n.
	0x15, 0xc3, 0x30, 0x0c, 0x04, 0x15, 0xf7, 0x0c, 0x97, 0x3f, 0x61, 0x0f, 0x21, 0xf9, 0x21, 0xd0, // ..0......?a.!.!.
	0x0c, 0x0b, 0x81, 0x82, 0xa7, 0x30, 0x0e, 0x01, 0x41, 0xc3, 0x30, 0x0c, 0x04, 0x41, 0x0c, 0x14, // .....0..A.0..A..
	0x1d, 0x35, 0x5c, 0xfe, 0x84, 0x3d, 0x84, 0xe4, 0x73, 0x1b, 0x55, 0xac, 0xc4, 0xe4, 0x17, 0xb7, // .5...=..s.U.....
	0x8d, 0x88, 0x61, 0x18, 0x86, 0x42, 0x4c, 0x04, 0x44, 0x10, 0x55, 0x8a, 0x81, 0x18, 0x86, 0x81, // ..a..BL.D.U.....
	0xac, 0x39, 0x82, 0xa0, 0x18, 0x10, 0x51, 0x10, 0x04, 0x46, 0xd9, 0x40, 0xc0, 0x30, 0x02, 0x31, // .9....Q..F.@.0.1
	0xcc, 0x24, 0x07, 0xe3, 0xc0, 0x0e, 0xe1, 0x30, 0x0f, 0xf3, 0xe0, 0x06, 0xb4, 0x50, 0x0e, 0xf8, // .$.....0.....P..
	0x40, 0x0f, 0xf5, 0x20, 0x0f, 0xe5, 0x20, 0x07, 0xa4, 0x10, 0x0a, 0xf2, 0x20, 0x0f, 0xe1, 0x90, // @.. .. ..... ...
	0x0f, 0x7c, 0x60, 0x0f, 0xe5, 0x30, 0x0e, 0xf4, 0xf0, 0x0e, 0xf2, 0xc0, 0x07, 0xe6, 0xc0, 0x0e, // .|`..0..........
	0xef, 0x10, 0x0e, 0xf4, 0xc0, 0x06, 0x60, 0x40, 0x07, 0x7e, 0x00, 0x06, 0x7e, 0xa0, 0x07, 0x7a, // ......`@.~..~..z
	0xd0, 0x0e, 0xe9, 0x00, 0x0f, 0xf3, 0xf0, 0x0b, 0xf4, 0x90, 0x0f, 0xf0, 0x50, 0x0e, 0x28, 0x20, // ............P.( 
	0x66, 0x3a, 0x83, 0x71, 0x60, 0x87, 0x70, 0x98, 0x87, 0x79, 0x70, 0x03, 0x5a, 0x28, 0x07, 0x7c, // f:.q`.p..yp.Z(.|
	0xa0, 0x87, 0x7a, 0x90, 0x87, 0x72, 0x90, 0x03, 0x52, 0x08, 0x05, 0x79, 0x90, 0x87, 0x70, 0xc8, // ..z..r..R..y..p.
	0x07, 0x3e, 0xb0, 0x87, 0x72, 0x18, 0x07, 0x7a, 0x78, 0x07, 0x79, 0xe0, 0x03, 0x73, 0x60, 0x87, // .>..r..zx.y..s`.
	0x77, 0x08, 0x07, 0x7a, 0x60, 0x03, 0x30, 0xa0, 0x03, 0x3f, 0x00, 0x03, 0x3f, 0x40, 0x02, 0xd7, // w..z`.0..?..?@..
	0x91, 0x97, 0x08, 0x5c, 0x12, 0x70, 0x29, 0x10, 0xce, 0x34, 0xa1, 0xc3, 0x3b, 0xcc, 0x03, 0x3d, // .....p)..4..;..=
	0xb0, 0x43, 0x38, 0xe4, 0xc3, 0x3b, 0xd4, 0x03, 0x3d, 0xb8, 0x01, 0x19, 0x9c, 0x02, 0x3b, 0xbc, // .C8..;..=.....;.
	0x83, 0x38, 0x84, 0x03, 0x3b, 0xcc, 0x03, 0x22, 0x40, 0x51, 0xe4, 0x68, 0xbc, 0x49, 0x9a, 0x22, // .8..;.."@Q.h.I."
	0x4a, 0x98, 0x7c, 0x16, 0x60, 0x9e, 0x85, 0x88, 0xd8, 0x09, 0x98, 0x08, 0x14, 0x10, 0x54, 0x66, // J.|.`.........Tf
	0x02, 0x31, 0x05, 0x00, 0x13, 0x14, 0x72, 0xc0, 0x87, 0x74, 0x60, 0x87, 0x36, 0x68, 0x87, 0x79, // .1....r..t`.6h.y
	0x68, 0x03, 0x72, 0xc0, 0x87, 0x0d, 0xaf, 0x50, 0x0e, 0x6d, 0xd0, 0x0e, 0x7a, 0x50, 0x0e, 0x6d, // h.r....P.m..zP.m
	0x00, 0x0f, 0x7a, 0x30, 0x07, 0x72, 0xa0, 0x07, 0x73, 0x20, 0x07, 0x6d, 0x90, 0x0e, 0x71, 0xa0, // ..z0.r..s .m..q.
	0x07, 0x73, 0x20, 0x07, 0x6d, 0x90, 0x0e, 0x78, 0xa0, 0x07, 0x73, 0x20, 0x07, 0x6d, 0x90, 0x0e, // .s .m..x..s .m..
	0x71, 0x60, 0x07, 0x7a, 0x30, 0x07, 0x72, 0xd0, 0x06, 0xe9, 0x30, 0x07, 0x72, 0xa0, 0x07, 0x73, // q`.z0.r...0.r..s
	0x20, 0x07, 0x6d, 0x90, 0x0e, 0x76, 0x40, 0x07, 0x7a, 0x60, 0x07, 0x74, 0xd0, 0x06, 0xe6, 0x10, //  .m..v@.z`.t....
	0x07, 0x76, 0xa0, 0x07, 0x73, 0x20, 0x07, 0x6d, 0x60, 0x0e, 0x73, 0x20, 0x07, 0x7a, 0x30, 0x07, // .v..s .m`.s .z0.
	0x72, 0xd0, 0x06, 0xe6, 0x60, 0x07, 0x74, 0xa0, 0x07, 0x76, 0x40, 0x07, 0x6d, 0xe0, 0x0e, 0x78, // r...`.t..v@.m..x
	0xa0, 0x07, 0x71, 0x60, 0x07, 0x7a, 0x30, 0x07, 0x72, 0xa0, 0x07, 0x76, 0x40, 0x07, 0x43, 0x9e, // ..q`.z0.r..v@.C.
	0x00, 0x00, 0x00, 0x00, 0x00, 0x00, 0x00, 0x00, 0x00, 0x00, 0x00, 0x86, 0x3c, 0x06, 0x10, 0x00, // ............<...
	0x01, 0x00, 0x00, 0x00, 0x00, 0x00, 0x00, 0x00, 0x0c, 0x79, 0x10, 0x20, 0x00, 0x04, 0x00, 0x00, // .........y. ....
	0x00, 0x00, 0x00, 0x00, 0x00, 0x18, 0xf2, 0x28, 0x40, 0x00, 0x04, 0x00, 0x00, 0x00, 0x00, 0x00, // .......(@.......
	0x00, 0x00, 0x30, 0xe4, 0x61, 0x80, 0x00, 0x08, 0x00, 0x00, 0x00, 0x00, 0x00, 0x00, 0x00, 0x60, // ..0.a..........`
	0xc8, 0x13, 0x01, 0x01, 0x30, 0x00, 0x00, 0x00, 0x00, 0x00, 0x00, 0x00, 0xc0, 0x90, 0x87, 0x02, // ....0...........
	0x02, 0x60, 0x00, 0x00, 0x00, 0x00, 0x00, 0x00, 0x00, 0x80, 0x21, 0x8f, 0x05, 0x04, 0x40, 0x00, // .`........!...@.
	0x00, 0x00, 0x00, 0x00, 0x00, 0x00, 0x00, 0x43, 0x9e, 0x0c, 0x08, 0x80, 0x01, 0x00, 0x00, 0x00, // .......C........
	0x00, 0x00, 0x00, 0x00, 0xb2, 0x40, 0x00, 0x00, 0x11, 0x00, 0x00, 0x00, 0x32, 0x1e, 0x98, 0x14, // .....@......2...
	0x19, 0x11, 0x4c, 0x90, 0x8c, 0x09, 0x26, 0x47, 0xc6, 0x04, 0x43, 0x22, 0x4a, 0x60, 0x04, 0xa0, // ..L...&G..C"J`..
	0x28, 0x8a, 0xa1, 0x1c, 0x4a, 0xa2, 0x08, 0x0a, 0xa1, 0x40, 0x0d, 0xca, 0xa0, 0x3c, 0xa8, 0x28, // (...J....@...<.(
	0x89, 0x32, 0x28, 0x84, 0x11, 0x80, 0x22, 0x28, 0x81, 0x02, 0xa1, 0x6f, 0x06, 0x80, 0xc8, 0x19, // .2(..."(...o....
	0x00, 0x32, 0x67, 0x00, 0xe8, 0x1c, 0x2b, 0x39, 0x08, 0x00, 0x00, 0x80, 0xe7, 0x79, 0x00, 0x00, // .2g...+9.....y..
	0x79, 0x18, 0x00, 0x00, 0x76, 0x00, 0x00, 0x00, 0x1a, 0x03, 0x4c, 0x90, 0x46, 0x02, 0x13, 0xc4, // y...v.....L.F...
	0x8f, 0x0c, 0x6f, 0xec, 0xed, 0x4d, 0x0c, 0x24, 0xc6, 0x25, 0x06, 0xc6, 0x45, 0xc6, 0x06, 0xa6, // ..o..M.$.%..E...
	0xc6, 0x65, 0xe6, 0x06, 0x04, 0x65, 0x8c, 0x86, 0x0c, 0xc7, 0x8c, 0xc6, 0x2c, 0x27, 0x27, 0x65, // .e...e......,''e
	0x43, 0x10, 0x4c, 0x10, 0x88, 0x64, 0x82, 0x40, 0x28, 0x1b, 0x84, 0x81, 0x98, 0x20, 0x10, 0xcb, // C.L..d.@(.... ..
	0x06, 0x61, 0x30, 0x28, 0xc0, 0xcd, 0x4d, 0x10, 0x08, 0x66, 0xc3, 0x80, 0x24, 0xc4, 0x04, 0xe1, // .a0(..M..f..$...
	0xdb, 0x08, 0x4c, 0x10, 0x88, 0x66, 0x82, 0x40, 0x38, 0x1b, 0x04, 0xc2, 0xd9, 0x90, 0x10, 0x0b, // ..L..f.@8.......
	0x43, 0x10, 0x43, 0x43, 0x3c, 0x1b, 0x92, 0x61, 0x61, 0x88, 0x61, 0x68, 0x88, 0x67, 0x82, 0x40, // C.CC<..aa.ah.g.@
	0x3c, 0x13, 0x04, 0x02, 0xda, 0x90, 0x48, 0x0b, 0x43, 0x4c, 0x43, 0x43, 0x3c, 0x1b, 0x06, 0x28, // <.....H.CLCC<..(
	0xa2, 0x26, 0x08, 0x64, 0xc0, 0x4d, 0x10, 0x88, 0x68, 0x03, 0x42, 0x58, 0x0c, 0x41, 0x0c, 0x17, // .&.d.M..h.BX.A..
	0xb0, 0x21, 0xc0, 0x26, 0x08, 0x66, 0xd0, 0x6d, 0x40, 0x08, 0x8d, 0x21, 0x88, 0x81, 0x00, 0x36, // .!.&.f.m@..!...6
	0x20, 0x83, 0xc6, 0x10, 0xc3, 0x40, 0x00, 0x1b, 0x10, 0x49, 0x63, 0x88, 0x69, 0x20, 0x80, 0x0d, //  ....@...Ic.i ..
	0xc3, 0xc6, 0x75, 0x1b, 0x88, 0x0a, 0xc8, 0xbc, 0x09, 0xc2, 0x19, 0x78, 0x1b, 0x02, 0x30, 0x98, // ..u........x..0.
	0x20, 0x08, 0x00, 0x89, 0xb6, 0xb0, 0x34, 0x37, 0x2e, 0x53, 0x56, 0x5f, 0x50, 0x6f, 0x73, 0x69, //  .....47.SV_Posi
	0x74, 0x69, 0x6f, 0x6e, 0x13, 0x84, 0x82, 0x9a, 0x20, 0x14, 0xd5, 0x86, 0x80, 0x98, 0x20, 0x14, // tion.... ..... .
	0xd6, 0x04, 0xa1, 0xb8, 0x36, 0x2c, 0x04, 0x19, 0x94, 0x81, 0x19, 0x9c, 0x01, 0x1a, 0x0c, 0x68, // ....6,.........h
	0x40, 0xa4, 0x01, 0x40, 0x84, 0xaa, 0x08, 0x6b, 0xe8, 0xe9, 0x49, 0x8a, 0x68, 0x43, 0x30, 0x4d, // @..@...k..I.hC0M
	0x10, 0x0a, 0x6c, 0x82, 0x50, 0x64, 0x13, 0x04, 0x42, 0xda, 0x20, 0xbc, 0xc1, 0xb0, 0x61, 0x19, // ..l.Pd..B. ...a.
	0xd6, 0xa0, 0x0c, 0xd2, 0x80, 0x0d, 0xda, 0x60, 0x70, 0x83, 0x21, 0x0d, 0xe0, 0x60, 0x83, 0xf0, // .......`p.!..`..
	0x06, 0x6f, 0xb0, 0x61, 0x91, 0xd6, 0xa0, 0x0c, 0xd2, 0xe0, 0x0c, 0xda, 0x60, 0x68, 0x83, 0xc1, // .o.a........`h..
	0x0d, 0xe4, 0x60, 0xc3, 0xa0, 0x06, 0x71, 0x30, 0x07, 0x4c, 0xa6, 0xac, 0xbe, 0xa8, 0xc2, 0xe4, // ..`...q0.L......
	0xce, 0xca, 0xe8, 0x26, 0x08, 0x85, 0x36, 0x41, 0x20, 0xa6, 0x0d, 0xc2, 0x1b, 0xdc, 0xc1, 0x86, // ...&..6A .......
	0x85, 0xa8, 0x83, 0x32, 0xb0, 0x83, 0x33, 0x48, 0x83, 0x01, 0x0d, 0x88, 0x34, 0xc0, 0x83, 0x0d, // ...2..3H....4...
	0x41, 0x1e, 0x6c, 0x18, 0xe8, 0x40, 0x0f, 0x80, 0x0d, 0x85, 0x18, 0x8c, 0xc1, 0x1e, 0x7c, 0x40, // A.l..@........|@
	0x15, 0x36, 0x36, 0xbb, 0x36, 0x97, 0x34, 0xb2, 0x32, 0x37, 0xba, 0x29, 0x41, 0x50, 0x85, 0x0c, // .66.6.4.27.)AP..
	0xcf, 0xc5, 0xae, 0x4c, 0x6e, 0x2e, 0xed, 0xcd, 0x6d, 0x4a, 0x40, 0x34, 0x21, 0xc3, 0x73, 0xb1, // ...Ln...mJ@4!.s.
	0x0b, 0x63, 0xb3, 0x2b, 0x93, 0x9b, 0x12, 0x18, 0x75, 0xc8, 0xf0, 0x5c, 0xe6, 0xd0, 0xc2, 0xc8, // .c.+....u.......
	0xca, 0xe4, 0x9a, 0xde, 0xc8, 0xca, 0xd8, 0xa6, 0x04, 0x49, 0x19, 0x32, 0x3c, 0x17, 0xb9, 0xb2, // .........I.2<...
	0xb9, 0xb7, 0x3a, 0xb9, 0xb1, 0xb2, 0xb9, 0x29, 0x81, 0x57, 0x87, 0x0c, 0xcf, 0xc5, 0x2e, 0xad, // ..:....).W......
	0xec, 0x2e, 0x89, 0x6c, 0x8a, 0x2e, 0x8c, 0xae, 0x6c, 0x4a, 0x00, 0x06, 0x75, 0xc8, 0xf0, 0x5c, // ...l....lJ..u...
	0xca, 0xdc, 0xe8, 0xe4, 0xf2, 0xa0, 0xde, 0xd2, 0xdc, 0xe8, 0xe6, 0xa6, 0x04, 0x7b, 0x00, 0x00, // .............{..
	0x79, 0x18, 0x00, 0x00, 0x51, 0x00, 0x00, 0x00, 0x33, 0x08, 0x80, 0x1c, 0xc4, 0xe1, 0x1c, 0x66, // y...Q...3......f
	0x14, 0x01, 0x3d, 0x88, 0x43, 0x38, 0x84, 0xc3, 0x8c, 0x42, 0x80, 0x07, 0x79, 0x78, 0x07, 0x73, // ..=.C8...B..yx.s
	0x98, 0x71, 0x0c, 0xe6, 0x00, 0x0f, 0xed, 0x10, 0x0e, 0xf4, 0x80, 0x0e, 0x33, 0x0c, 0x42, 0x1e, // .q..........3.B.
	0xc2, 0xc1, 0x1d, 0xce, 0xa1, 0x1c, 0x66, 0x30, 0x05, 0x3d, 0x88, 0x43, 0x38, 0x84, 0x83, 0x1b, // ......f0.=.C8...
	0xcc, 0x03, 0x3d, 0xc8, 0x43, 0x3d, 0x8c, 0x03, 0x3d, 0xcc, 0x78, 0x8c, 0x74, 0x70, 0x07, 0x7b, // ..=.C=..=.x.tp.{
	0x08, 0x07, 0x79, 0x48, 0x87, 0x70, 0x70, 0x07, 0x7a, 0x70, 0x03, 0x76, 0x78, 0x87, 0x70, 0x20, // ..yH.pp.zp.vx.p 
	0x87, 0x19, 0xcc, 0x11, 0x0e, 0xec, 0x90, 0x0e, 0xe1, 0x30, 0x0f, 0x6e, 0x30, 0x0f, 0xe3, 0xf0, // .........0.n0...
	0x0e, 0xf0, 0x50, 0x0e, 0x33, 0x10, 0xc4, 0x1d, 0xde, 0x21, 0x1c, 0xd8, 0x21, 0x1d, 0xc2, 0x61, // ..P.3....!..!..a
	0x1e, 0x66, 0x30, 0x89, 0x3b, 0xbc, 0x83, 0x3b, 0xd0, 0x43, 0x39, 0xb4, 0x03, 0x3c, 0xbc, 0x83, // .f0.;..;.C9..<..
	0x3c, 0x84, 0x03, 0x3b, 0xcc, 0xf0, 0x14, 0x76, 0x60, 0x07, 0x7b, 0x68, 0x07, 0x37, 0x68, 0x87, // <..;...v`.{h.7h.
	0x72, 0x68, 0x07, 0x37, 0x80, 0x87, 0x70, 0x90, 0x87, 0x70, 0x60, 0x07, 0x76, 0x28, 0x07, 0x76, // rh.7..p..p`.v(.v
	0xf8, 0x05, 0x76, 0x78, 0x87, 0x77, 0x80, 0x87, 0x5f, 0x08, 0x87, 0x71, 0x18, 0x87, 0x72, 0x98, // ..vx.w.._..q..r.
	0x87, 0x79, 0x98, 0x81, 0x2c, 0xee, 0xf0, 0x0e, 0xee, 0xe0, 0x0e, 0xf5, 0xc0, 0x0e, 0xec, 0x30, // .y..,..........0
	0x03, 0x62, 0xc8, 0xa1, 0x1c, 0xe4, 0xa1, 0x1c, 0xcc, 0xa1, 0x1c, 0xe4, 0xa1, 0x1c, 0xdc, 0x61, // .b.............a
	0x1c, 0xca, 0x21, 0x1c, 0xc4, 0x81, 0x1d, 0xca, 0x61, 0x06, 0xd6, 0x90, 0x43, 0x39, 0xc8, 0x43, // ..!.....a...C9.C
	0x39, 0x98, 0x43, 0x39, 0xc8, 0x43, 0x39, 0xb8, 0xc3, 0x38, 0x94, 0x43, 0x38, 0x88, 0x03, 0x3b, // 9.C9.C9..8.C8..;
	0x94, 0xc3, 0x2f, 0xbc, 0x83, 0x3c, 0xfc, 0x82, 0x3b, 0xd4, 0x03, 0x3b, 0xb0, 0xc3, 0x0c, 0xc4, // ../..<..;..;....
	0x21, 0x07, 0x7c, 0x70, 0x03, 0x7a, 0x28, 0x87, 0x76, 0x80, 0x87, 0x19, 0xd1, 0x43, 0x0e, 0xf8, // !.|p.z(.v....C..
	0xe0, 0x06, 0xe4, 0x20, 0x0e, 0xe7, 0xe0, 0x06, 0xf6, 0x10, 0x0e, 0xf2, 0xc0, 0x0e, 0xe1, 0x90, // ... ............
	0x0f, 0xef, 0x50, 0x0f, 0xf4, 0x30, 0x83, 0x81, 0xc8, 0x01, 0x1f, 0xdc, 0x40, 0x1c, 0xe4, 0xa1, // ..P..0......@...
	0x1c, 0xc2, 0x61, 0x1d, 0xdc, 0x40, 0x1c, 0xe4, 0x01, 0x00, 0x00, 0x00, 0x71, 0x20, 0x00, 0x00, // ..a..@......q ..
	0x23, 0x00, 0x00, 0x00, 0x66, 0xb0, 0x0d, 0x97, 0xef, 0x3c, 0xbe, 0x10, 0x50, 0x45, 0x41, 0x44, // #...f....<..PEAD
	0xa5, 0x03, 0x0c, 0x25, 0x61, 0x00, 0x02, 0xe6, 0x17, 0xb7, 0x6d, 0x08, 0xd2, 0x70, 0xf9, 0xce, // ...%a.....m..p..
	0xe3, 0x0b, 0x11, 0x01, 0x4c, 0x44, 0x08, 0x34, 0xc3, 0x42, 0xd8, 0x80, 0x33, 0x5c, 0xbe, 0xf3, // ....LD.4.B..3...
	0xf8, 0x83, 0x33, 0xdd, 0x7e, 0x71, 0xdb, 0x16, 0x30, 0x0d, 0x97, 0xef, 0x3c, 0xfe, 0xe2, 0x00, // ..3.~q..0...<...
	0x83, 0xd8, 0x3c, 0xd4, 0xe4, 0x17, 0xb7, 0x6d, 0x05, 0xd5, 0x70, 0xf9, 0xce, 0xe3, 0x4b, 0x00, // ..<....m..p...K.
	0xf3, 0x2c, 0x44, 0x49, 0x54, 0xc4, 0xe2, 0x17, 0xb7, 0x6d, 0x02, 0xd5, 0x70, 0xf9, 0xce, 0xe3, // .,DIT....m..p...
	0x4b, 0x93, 0x13, 0x11, 0x28, 0x35, 0x3d, 0xd4, 0xe4, 0x17, 0xb7, 0x6d, 0x07, 0xd2, 0x70, 0xf9, // K...(5=....m..p.
	0xce, 0xe3, 0x4f, 0x44, 0x34, 0x21, 0x40, 0x84, 0xf9, 0xc5, 0x6d, 0x1b, 0xc1, 0x33, 0x5c, 0xbe, // ..OD4!@...m..3..
	0xf3, 0xf8, 0x54, 0x03, 0x44, 0x98, 0x5f, 0xdc, 0xb6, 0x01, 0x10, 0x0c, 0x80, 0x34, 0x00, 0x00, // ..T.D._......4..
	0x61, 0x20, 0x00, 0x00, 0xb3, 0x01, 0x00, 0x00, 0x13, 0x04, 0x4c, 0x2c, 0x10, 0x00, 0x00, 0x00, // a ........L,....
	0x12, 0x00, 0x00, 0x00, 0x84, 0x8d, 0x00, 0x10, 0x51, 0x16, 0x05, 0x51, 0x34, 0x25, 0x53, 0x26, // ........Q..Q4%S&
	0x45, 0x52, 0x5c, 0x65, 0x37, 0x03, 0x50, 0x0a, 0x25, 0x57, 0x30, 0xc5, 0x57, 0x6e, 0x05, 0x52, // ER.e7.P.%W0.Wn.R
	0x22, 0x34, 0x8c, 0x11, 0xcc, 0x39, 0x6b, 0xe6, 0xdf, 0x18, 0x01, 0x08, 0x82, 0x20, 0xfe, 0x0b, // "4...9k...... ..
	0x63, 0x04, 0x20, 0x08, 0x82, 0x20, 0x18, 0x8c, 0x11, 0x80, 0x20, 0x08, 0xe2, 0xdf, 0x0c, 0xc0, // c. .. .... .....
	0x08, 0xc0, 0x18, 0x01, 0x08, 0x82, 0x20, 0xfc, 0x01, 0x00, 0x00, 0x00, 0x23, 0x06, 0x09, 0x00, // ...... .....#...
	0x82, 0x60, 0x90, 0xbd, 0x41, 0x03, 0x06, 0x68, 0x70, 0x06, 0xd8, 0x88, 0x41, 0x02, 0x80, 0x20, // .`..A..hp...A.. 
	0x18, 0x64, 0x70, 0xe0, 0x84, 0xc1, 0x1b, 0xbc, 0x41, 0x36, 0x62, 0x90, 0x00, 0x20, 0x08, 0x06, // .dp.....A6b.. ..
	0x59, 0x1c, 0x3c, 0x62, 0xf0, 0x06, 0x6f, 0xa0, 0x8d, 0x18, 0x24, 0x00, 0x08, 0x82, 0x41, 0x26, // Y.<b..o...$...A&
	0x07, 0x50, 0x19, 0xac, 0x81, 0x1a, 0x6c, 0x23, 0x06, 0x09, 0x00, 0x82, 0x60, 0x90, 0xcd, 0x41, // .P....l#....`..A
	0x64, 0x06, 0x72, 0x20, 0x07, 0xdc, 0x88, 0x41, 0x02, 0x80, 0x20, 0x18, 0x64, 0x74, 0x20, 0x9d, // d.r ...A.. .dt .
	0x81, 0x1c, 0xc8, 0x41, 0x37, 0x62, 0x90, 0x00, 0x20, 0x08, 0x06, 0x59, 0x1d, 0x4c, 0x65, 0x30, // ...A7b.. ..Y.Le0
	0x07, 0x73, 0xe0, 0x8d, 0x18, 0x24, 0x00, 0x08, 0x82, 0x81, 0xd1, 0x07, 0x6e, 0xf0, 0x06, 0x74, // .s...$......n..t
	0x70, 0x06, 0xd6, 0x88, 0x41, 0x02, 0x80, 0x20, 0x18, 0x18, 0x7e, 0xf0, 0x06, 0x70, 0x50, 0x07, // p...A.. ..~..pP.
	0x66, 0x70, 0x8d, 0x18, 0x24, 0x00, 0x08, 0x82, 0x81, 0xf1, 0x07, 0x70, 0x70, 0x07, 0x76, 0x90, // fp..$......pp.v.
	0x06, 0xd8, 0x88, 0xc1, 0x01, 0x80, 0x20, 0x18, 0x50, 0x7b, 0xa0, 0x11, 0xd6, 0x68, 0x42, 0x30, // ...... .P{...hB0
	0x5c, 0x40, 0xd0, 0x88, 0xc1, 0x03, 0x80, 0x20, 0x18, 0x44, 0x7f, 0x80, 0x35, 0x8a, 0x51, 0x10, // .@..... .D..5.Q.
	0x90, 0x1e, 0xe8, 0x01, 0xf7, 0x8c, 0x26, 0x04, 0x80, 0x21, 0x94, 0x7c, 0x2c, 0xb0, 0xe0, 0x63, // ......&..!.|,..c
	0x89, 0x25, 0x1f, 0xb3, 0x82, 0xf8, 0x9c, 0x42, 0x50, 0x05, 0x7c, 0x70, 0x15, 0x78, 0x30, 0x62, // .%.....BP.|p.x0b
	0x70, 0x00, 0x20, 0x08, 0x06, 0xd4, 0x29, 0x98, 0x01, 0x14, 0x8c, 0x26, 0x04, 0xc0, 0x68, 0x82, // p. ...)....&..h.
	0x10, 0x8c, 0x26, 0x0c, 0xc2, 0x68, 0x02, 0x31, 0xd4, 0x31, 0x06, 0x30, 0x62, 0x70, 0x00, 0x20, // ..&..h.1.1.0bp. 
	0x08, 0x06, 0x54, 0x2b, 0xb0, 0x81, 0x15, 0x8c, 0x26, 0x04, 0xc0, 0x68, 0x82, 0x10, 0x8c, 0x26, // ..T+....&..h...&
	0x0c, 0xc2, 0x68, 0x02, 0x31, 0x54, 0x33, 0x07, 0x30, 0x62, 0x70, 0x00, 0x20, 0x08, 0x06, 0xd4, // ..h.1T3.0bp. ...
	0x2c, 0xc8, 0x01, 0x17, 0x8c, 0x26, 0x04, 0xc0, 0x68, 0x82, 0x10, 0x8c, 0x26, 0x0c, 0xc2, 0x68, // ,....&..h...&..h
	0x02, 0x31, 0xd4, 0xa4, 0x07, 0x30, 0x62, 0x70, 0x00, 0x20, 0x08, 0x06, 0x54, 0x2e, 0xe0, 0x81, // .1...0bp. ..T...
	0x18, 0x04, 0xa3, 0x09, 0x01, 0x30, 0x9a, 0x20, 0x04, 0xa3, 0x09, 0x83, 0x30, 0x9a, 0x40, 0x0c, // .....0. ....0.@.
	0x66, 0x75, 0xf2, 0x19, 0x31, 0x40, 0x00, 0x10, 0x04, 0x03, 0xcb, 0x17, 0xfe, 0x20, 0xe2, 0x82, // fu..1@....... ..
	0x11, 0x03, 0x04, 0x00, 0x41, 0x30, 0xb0, 0x7e, 0x01, 0x14, 0x98, 0x30, 0x08, 0x2c, 0x38, 0xa0, // ....A0.~...0.,8.
	0x63, 0x59, 0x18, 0xc8, 0x67, 0xc4, 0x00, 0x01, 0x40, 0x10, 0x0c, 0x2c, 0x71, 0x18, 0x05, 0x0a, // cY..g...@..,q...
	0x0c, 0x82, 0x11, 0x03, 0x04, 0x00, 0x41, 0x30, 0xb0, 0xc6, 0x81, 0x14, 0x9e, 0x32, 0x08, 0x2c, // ......A0.....2.,
	0x50, 0xa0, 0x63, 0x5c, 0x19, 0xc8, 0x67, 0xc4, 0x00, 0x01, 0x40, 0x10, 0x0c, 0x2c, 0x73, 0x38, // P.c...g...@..,s8
	0x85, 0x8b, 0x0c, 0x82, 0x11, 0x03, 0x04, 0x00, 0x41, 0x30, 0xb0, 0xce, 0x01, 0x15, 0xa4, 0x34, // ........A0.....4
	0x08, 0x2c, 0x68, 0xa0, 0x63, 0x5f, 0x1a, 0xc8, 0x67, 0xc4, 0x00, 0x01, 0x40, 0x10, 0x0c, 0x2c, // .,h.c_..g...@..,
	0x75, 0x58, 0x05, 0x0d, 0x0d, 0x82, 0x11, 0x03, 0x04, 0x00, 0x41, 0x30, 0xb0, 0xd6, 0x81, 0x15, // uX........A0....
	0xaa, 0x36, 0x08, 0x2c, 0x80, 0xa0, 0x63, 0x4d, 0x40, 0x1f, 0x53, 0x04, 0xfa, 0xd8, 0x31, 0xd0, // .6.,..cM@.S...1.
	0x67, 0xc4, 0x60, 0x01, 0x40, 0x10, 0x0c, 0x14, 0x7a, 0x50, 0x85, 0x41, 0x08, 0x06, 0x21, 0x18, // g.`.@...zP.A..!.
	0x31, 0x30, 0x00, 0x10, 0x04, 0x03, 0x86, 0x1e, 0x6a, 0x21, 0xb0, 0xa0, 0x90, 0x8f, 0x09, 0x85, // 10......j!......
	0x7c, 0x6c, 0x28, 0xe4, 0x33, 0x62, 0x70, 0x00, 0x20, 0x08, 0x06, 0x94, 0x3d, 0xd4, 0xc2, 0x1f, // |l(.3bp. ...=...
	0xc8, 0xc3, 0x68, 0x42, 0x00, 0x8c, 0x26, 0x08, 0xc1, 0x68, 0xc2, 0x20, 0x8c, 0x18, 0x1c, 0x00, // ..hB..&..h. ....
	0x08, 0x82, 0x01, 0xa5, 0x0f, 0xb9, 0x30, 0x0a, 0xf7, 0x30, 0x9a, 0x10, 0x00, 0xa3, 0x09, 0x42, // ......0..0.....B
	0x30, 0x9a, 0x30, 0x08, 0xa3, 0x09, 0xc8, 0x60, 0x41, 0x20, 0x9f, 0x11, 0x83, 0x07, 0x00, 0x41, // 0.0....`A .....A
	0x30, 0x88, 0x42, 0x42, 0x17, 0x5a, 0x41, 0x15, 0x50, 0xe1, 0x14, 0x4c, 0x41, 0x16, 0xf8, 0x81, // 0.BB.ZA.P..LA...
	0x1f, 0x7c, 0x21, 0x16, 0x46, 0x13, 0x02, 0x60, 0x34, 0x41, 0x08, 0x46, 0x13, 0x06, 0x61, 0xc4, // .|!.F..`4A.F..a.
	0x60, 0x01, 0x40, 0x10, 0x0c, 0x94, 0x93, 0xe8, 0x85, 0x08, 0x7a, 0x1a, 0x66, 0x19, 0x31, 0x58, // `.@.......z.f.1X
	0x00, 0x10, 0x04, 0x03, 0x05, 0x25, 0x7c, 0xc1, 0x69, 0x18, 0xa7, 0x61, 0xec, 0xe0, 0x05, 0xf9, // .....%|.i..a....
	0x98, 0x10, 0xc4, 0xc7, 0x08, 0x42, 0x3e, 0x16, 0x08, 0xf1, 0x19, 0x8e, 0x08, 0x76, 0x81, 0xf8, // .....B>......v..
	0x66, 0x19, 0x88, 0x20, 0x18, 0x31, 0x30, 0x00, 0x10, 0x04, 0x03, 0xa6, 0x25, 0xcc, 0x41, 0x30, // f.. .10.....%.A0
	0x24, 0x88, 0x8f, 0x05, 0x98, 0x7c, 0x2c, 0x08, 0x07, 0xf8, 0x0c, 0x47, 0x7c, 0x81, 0xf0, 0xcd, // $....|,....G|...
	0x32, 0x08, 0x43, 0x30, 0x62, 0x90, 0x00, 0x20, 0x08, 0x06, 0x08, 0x4d, 0xb4, 0x03, 0x4b, 0xb0, // 2.C0b.. ...M..K.
	0xc4, 0x3f, 0x3c, 0x23, 0x06, 0x09, 0x00, 0x82, 0x60, 0x80, 0xd0, 0x44, 0x3b, 0xb0, 0x04, 0x4b, // .?<#....`..D;..K
	0xf4, 0x83, 0x33, 0x62, 0x90, 0x00, 0x20, 0x08, 0x06, 0x08, 0x4d, 0xb4, 0x03, 0x4b, 0xb0, 0x84, // ..3b.. ...M..K..
	0x3f, 0x34, 0x23, 0x06, 0x09, 0x00, 0x82, 0x60, 0x80, 0xd0, 0x44, 0x3b, 0xb0, 0x04, 0x4b, 0x84, // ?4#....`..D;..K.
	0xc4, 0x38, 0xcc, 0x12, 0x2c, 0x23, 0x06, 0x0f, 0x00, 0x82, 0x60, 0x10, 0xc5, 0x84, 0x3a, 0xf8, // .8..,#....`...:.
	0xc2, 0x2e, 0xe0, 0xc2, 0x2d, 0xd8, 0x82, 0x38, 0xb0, 0x04, 0x4b, 0xb8, 0x43, 0x38, 0x8c, 0x26, // ....-..8..K.C8.&
	0x04, 0xc0, 0x68, 0x82, 0x10, 0x8c, 0x26, 0x0c, 0xc2, 0x2c, 0x01, 0x31, 0x50, 0x31, 0x18, 0x83, // ..h...&..,.1P1..
	0x19, 0x00, 0x03, 0x15, 0x83, 0x31, 0x98, 0x01, 0x30, 0x50, 0x31, 0x18, 0x83, 0x19, 0x00, 0xc3, // .....1..0P1.....
	0x0d, 0xba, 0x40, 0x13, 0x66, 0x30, 0xcb, 0x50, 0x28, 0xc1, 0x2c, 0x81, 0x31, 0x50, 0x31, 0xa4, // ..@.f0.P(.,.1P1.
	0x07, 0xe2, 0x06, 0xc5, 0x40, 0xc5, 0x90, 0x1e, 0x88, 0x1b, 0x14, 0x03, 0x15, 0x43, 0x7a, 0x20, // ....@........Cz 
	0x6e, 0x50, 0x0c, 0x54, 0x10, 0xe9, 0x81, 0xc0, 0x49, 0x71, 0xc1, 0x60, 0x23, 0x06, 0x07, 0x00, // nP.T....Iq.`#...
	0x82, 0x60, 0x40, 0xf5, 0x04, 0x3f, 0x98, 0x03, 0x3e, 0x8c, 0x26, 0x04, 0x83, 0x0d, 0x01, 0x7d, // .`@..?..>.&....}
	0x2c, 0x0d, 0xca, 0x20, 0x3e, 0x96, 0x06, 0x65, 0x10, 0x1f, 0x4b, 0x83, 0x32, 0x88, 0x8f, 0x11, // ,.. >..e..K.2...
	0x83, 0x7c, 0xac, 0x18, 0xe4, 0x63, 0xc6, 0x20, 0x1f, 0x1b, 0xd6, 0x00, 0x3e, 0x36, 0xac, 0x01, // .|...c. ....>6..
	0x7c, 0x6c, 0x58, 0x03, 0xf8, 0x8c, 0x18, 0x2c, 0x00, 0x08, 0x82, 0x81, 0xc2, 0x16, 0x22, 0x61, // |lX....,......"a
	0x07, 0x75, 0x40, 0x07, 0x83, 0x10, 0x8c, 0x18, 0x2c, 0x00, 0x08, 0x82, 0x81, 0xd2, 0x16, 0x23, // .u@.....,......#
	0x41, 0x0c, 0x02, 0x31, 0x08, 0x16, 0xb0, 0x41, 0x7c, 0x6c, 0x18, 0xe4, 0x63, 0x81, 0x10, 0x9f, // A..1...A|l..c...
	0xe1, 0x88, 0xe0, 0x1f, 0x88, 0x6f, 0x96, 0x01, 0x39, 0x82, 0x11, 0x03, 0x03, 0x00, 0x41, 0x30, // .....o..9.....A0
	0x60, 0xe2, 0x42, 0x25, 0x04, 0x3b, 0x82, 0xf8, 0x58, 0xe0, 0x07, 0xf2, 0x31, 0xc1, 0x0f, 0xe4, // `.B%.;..X...1...
	0x63, 0x83, 0x1f, 0xc8, 0xc7, 0x06, 0x27, 0x3e, 0x36, 0x38, 0xf1, 0xb1, 0xc1, 0x89, 0x8f, 0x0d, // c.....'>68......
	0x7c, 0x00, 0x1f, 0x1b, 0xf8, 0x00, 0x3e, 0x36, 0xf0, 0x01, 0x7c, 0x46, 0x0c, 0x0c, 0x00, 0x04, // |.....>6..|F....
	0xc1, 0x80, 0xe1, 0x0b, 0x9f, 0x00, 0x89, 0x0b, 0x08, 0xaa, 0x60, 0x2e, 0xae, 0x02, 0xb1, 0x80, // ..........`.....
	0x11, 0x83, 0x03, 0x00, 0x41, 0x30, 0xa0, 0xfc, 0xa2, 0x27, 0x4e, 0x22, 0x18, 0x4d, 0x08, 0x80, // ....A0...'N".M..
	0xd1, 0x04, 0x21, 0x18, 0x4d, 0x18, 0x86, 0x32, 0xf4, 0x02, 0x46, 0x0c, 0x0e, 0x00, 0x04, 0xc1, // ..!.M..2..F.....
	0x80, 0x1a, 0x0d, 0xb1, 0x60, 0x89, 0x60, 0x34, 0x21, 0x00, 0x46, 0x13, 0x84, 0x60, 0x34, 0x61, // ....`.`4!.F..`4a
	0x18, 0x6a, 0x11, 0x0d, 0x18, 0x31, 0x38, 0x00, 0x10, 0x04, 0x03, 0x0a, 0x35, 0xce, 0x22, 0x26, // .j...18.....5."&
	0x82, 0xd1, 0x84, 0x00, 0x18, 0x4d, 0x10, 0x82, 0xd1, 0x84, 0x61, 0x28, 0x48, 0x2e, 0x60, 0xc4, // .....M....a(H.`.
	0xe0, 0x00, 0x40, 0x10, 0x0c, 0xa8, 0xd6, 0x60, 0x0b, 0x9b, 0x08, 0x46, 0x13, 0x02, 0x60, 0x34, // ..@....`...F..`4
	0x41, 0x08, 0x46, 0x13, 0x86, 0xc1, 0x34, 0x49, 0x3e, 0x23, 0x06, 0x08, 0x00, 0x82, 0x60, 0x60, // A.F...4I>#....``
	0xc5, 0x86, 0x5c, 0x38, 0x5a, 0x30, 0x62, 0x80, 0x00, 0x20, 0x08, 0x06, 0x96, 0x6c, 0xcc, 0x85, // ...8Z0b.. ...l..
	0xa2, 0x05, 0x16, 0x18, 0xd0, 0x31, 0xaf, 0x92, 0xcf, 0x88, 0x01, 0x02, 0x80, 0x20, 0x18, 0x58, // .....1....... .X
	0xb5, 0x61, 0x17, 0x91, 0x17, 0x8c, 0x18, 0x20, 0x00, 0x08, 0x82, 0x81, 0x65, 0x1b, 0x77, 0xd1, // .a..... ....e.w.
	0x78, 0x81, 0x05, 0x09, 0x74, 0x4c, 0x0c, 0x30, 0xf9, 0x8c, 0x18, 0x20, 0x00, 0x08, 0x82, 0x81, // x...tL.0... ....
	0x95, 0x1b, 0x7a, 0x41, 0x89, 0x41, 0x30, 0x62, 0x80, 0x00, 0x20, 0x08, 0x06, 0x96, 0x6e, 0xec, // ..zA.A0b.. ...n.
	0x05, 0x24, 0x06, 0x81, 0x05, 0x0c, 0x74, 0x2c, 0x0d, 0xcc, 0x01, 0x3e, 0x96, 0x06, 0xe6, 0x00, // .$....t,...>....
	0x1f, 0x4b, 0x03, 0x73, 0x80, 0x8f, 0x0d, 0x61, 0x20, 0x9f, 0x11, 0x03, 0x04, 0x00, 0x41, 0x30, // .K.s...a .....A0
	0xb0, 0xc0, 0x23, 0x34, 0xba, 0x21, 0x18, 0x31, 0x40, 0x00, 0x10, 0x04, 0x03, 0x2b, 0x3c, 0x44, // ..#4.!.1@....+<D
	0x23, 0x1b, 0x02, 0x0b, 0x2a, 0xe8, 0xd8, 0x41, 0x06, 0xf2, 0x19, 0x31, 0x40, 0x00, 0x10, 0x04, // #...*..A...1@...
	0x03, 0x8b, 0x3c, 0x4a, 0x03, 0x0c, 0x8e, 0x60, 0xc4, 0x00, 0x01, 0x40, 0x10, 0x0c, 0xac, 0xf2, // ..<J...`...@....
	0x30, 0x0d, 0xee, 0x08, 0x2c, 0xc0, 0xa0, 0x63, 0xcb, 0x19, 0xc8, 0x67, 0xc4, 0x00, 0x01, 0x40, // 0...,..c...g...@
	0x10, 0x0c, 0x2c, 0xf4, 0x48, 0x8d, 0x31, 0x58, 0x82, 0x11, 0x03, 0x04, 0x00, 0x41, 0x30, 0xb0, // ..,.H.1X.....A0.
	0xd2, 0x43, 0x35, 0xbe, 0x25, 0xb0, 0x60, 0x83, 0x8e, 0x61, 0x10, 0x7d, 0xac, 0x8a, 0xe8, 0x63, // .C5.%.`..a.}...c
	0xcb, 0x40, 0x1f, 0x43, 0x08, 0xfa, 0x18, 0x01, 0x1a, 0xf2, 0xb1, 0x20, 0x34, 0xe0, 0x63, 0x85, // .@.C....... 4.c.
	0x68, 0xc8, 0xc7, 0x46, 0x23, 0x88, 0xcf, 0x88, 0xc1, 0x03, 0x80, 0x20, 0x18, 0x44, 0xf5, 0xe1, // h..F#...... .D..
	0x1a, 0xa2, 0xf1, 0x17, 0x43, 0xa0, 0x17, 0xa6, 0x01, 0x1f, 0xf0, 0x21, 0x1b, 0xa5, 0x31, 0x9a, // ....C......!..1.
	0x10, 0x00, 0xa3, 0x09, 0x42, 0x30, 0x9a, 0x30, 0x08, 0xa6, 0xa0, 0x86, 0x7c, 0x2c, 0x48, 0x0d, // ....B0.0....|,H.
	0xf8, 0xd8, 0xa2, 0x1a, 0xf2, 0xb1, 0xd5, 0x08, 0xe2, 0x33, 0x62, 0xf0, 0x00, 0x20, 0x08, 0x06, // .........3b.. ..
	0x51, 0x7f, 0xd8, 0x46, 0x6a, 0x98, 0xc6, 0x10, 0x88, 0x86, 0x6b, 0xe0, 0x07, 0x7e, 0xe8, 0x46, // Q..Fj.....k..~.F
	0x6b, 0x8c, 0x26, 0x04, 0xc0, 0x68, 0x82, 0x10, 0x8c, 0x26, 0x0c, 0x82, 0x0d, 0x4b, 0x7c, 0x6c, // k.&..h...&...K|l
	0x58, 0xe2, 0x63, 0xc3, 0x12, 0x1f, 0x1b, 0xc8, 0x41, 0x3e, 0x36, 0x94, 0x83, 0x7c, 0x6c, 0x30, // X.c.....A>6..|l0
	0x07, 0xf9, 0xd8, 0x10, 0xc1, 0xc7, 0x86, 0x08, 0x3e, 0x36, 0x44, 0xf0, 0x99, 0x25, 0x40, 0x06, // ........>6D..%@.
	0x2a, 0x06, 0xe3, 0x50, 0x0f, 0x63, 0xa0, 0x62, 0x30, 0x0e, 0xf5, 0x30, 0x06, 0x2a, 0x06, 0xe3, // *..P.c.b0..0.*..
	0x50, 0x0f, 0xc3, 0x06, 0x7a, 0x80, 0x8f, 0x0d, 0xf4, 0x00, 0x1f, 0x1b, 0xe8, 0x01, 0x3e, 0x46, // P...z.........>F
	0x0f, 0x2c, 0x02, 0x83, 0xe1, 0x86, 0x60, 0x36, 0xc0, 0x60, 0x96, 0x21, 0x31, 0x82, 0x59, 0x02, // .,....`6.`.!1.Y.
	0x65, 0xa0, 0x62, 0x00, 0x13, 0x42, 0x49, 0x06, 0x2a, 0x06, 0x30, 0x21, 0x94, 0x64, 0xa0, 0x62, // e.b..BI.*.0!.d.b
	0x00, 0x13, 0x42, 0x49, 0x46, 0x0c, 0x0e, 0x00, 0x04, 0xc1, 0x80, 0xa2, 0x91, 0xf9, 0xe8, 0x8d, // ..BIF...........
	0xf7, 0x18, 0x4d, 0x08, 0x06, 0x2b, 0x02, 0xfa, 0x58, 0x21, 0xd0, 0xc7, 0x8a, 0x81, 0x3e, 0x23, // ..M..+..X!....>#
	0x06, 0x09, 0x00, 0x82, 0x60, 0x80, 0xf4, 0x88, 0x7d, 0xd4, 0x48, 0x8d, 0xa0, 0xc8, 0x30, 0x62, // ....`...}.H...0b
	0x90, 0x00, 0x20, 0x08, 0x06, 0x48, 0x8f, 0xd8, 0x47, 0x8d, 0xd4, 0x88, 0x89, 0x08, 0x23, 0x06, // .. ..H..G.....#.
	0x09, 0x00, 0x82, 0x60, 0x80, 0xf4, 0x88, 0x7d, 0xd4, 0x48, 0x8d, 0x9c, 0x48, 0x30, 0x62, 0x90, // ...`...}.H..H0b.
	0x00, 0x20, 0x08, 0x06, 0x48, 0x8f, 0xd8, 0x47, 0x8d, 0xd4, 0x88, 0x8a, 0xb0, 0xc7, 0x2c, 0xc1, // . ..H..G......,.
	0x82, 0x00, 0x00, 0x00, 0x00, 0x00, 0x00, 0x00, 0x00, 0x00, 0x90, 0x01,                         // ............
};
static const uint8_t fs_pp_motionblur_st_spv[5672] =
{
	0x46, 0x53, 0x48, 0x0b, 0x4a, 0x63, 0xcf, 0x5f, 0x00, 0x00, 0x00, 0x00, 0x07, 0x00, 0x0a, 0x77, // FSH.Jc._.......w
	0x5f, 0x68, 0x5f, 0x68, 0x65, 0x69, 0x67, 0x68, 0x74, 0x12, 0x01, 0x80, 0x01, 0x01, 0x00, 0x00, // _h_height.......
	0x00, 0x00, 0x00, 0x0a, 0x6d, 0x61, 0x74, 0x50, 0x72, 0x6f, 0x6a, 0x49, 0x6e, 0x76, 0x14, 0x02, // ....matProjInv..
	0x00, 0x01, 0x08, 0x00, 0x00, 0x00, 0x00, 0x00, 0x05, 0x62, 0x61, 0x6c, 0x6c, 0x73, 0x12, 0x02, // .........balls..
	0x00, 0x00, 0x02, 0x00, 0x00, 0x00, 0x00, 0x00, 0x07, 0x6d, 0x61, 0x74, 0x50, 0x72, 0x6f, 0x6a, // .........matProj
	0x14, 0x02, 0x80, 0x00, 0x08, 0x00, 0x00, 0x00, 0x00, 0x00, 0x0f, 0x74, 0x65, 0x78, 0x5f, 0x66, // ...........tex_f
	0x62, 0x5f, 0x66, 0x69, 0x6c, 0x74, 0x65, 0x72, 0x65, 0x64, 0x30, 0x00, 0x02, 0x00, 0x00, 0x00, // b_filtered0.....
	0x00, 0x03, 0x29, 0x00, 0x09, 0x74, 0x65, 0x78, 0x5f, 0x62, 0x6c, 0x6f, 0x6f, 0x6d, 0x30, 0x00, // ..)..tex_bloom0.
	0x03, 0x00, 0x00, 0x00, 0x00, 0x03, 0x29, 0x00, 0x09, 0x74, 0x65, 0x78, 0x5f, 0x64, 0x65, 0x70, // ......)..tex_dep
	0x74, 0x68, 0x30, 0x00, 0x06, 0x00, 0x00, 0x00, 0x00, 0x03, 0x29, 0x00, 0x84, 0x15, 0x00, 0x00, // th0.......).....
	0x03, 0x02, 0x23, 0x07, 0x00, 0x00, 0x01, 0x00, 0x0b, 0x00, 0x08, 0x00, 0xd6, 0x03, 0x00, 0x00, // ..#.............
	0x00, 0x00, 0x00, 0x00, 0x11, 0x00, 0x02, 0x00, 0x01, 0x00, 0x00, 0x00, 0x0b, 0x00, 0x06, 0x00, // ................
	0x01, 0x00, 0x00, 0x00, 0x47, 0x4c, 0x53, 0x4c, 0x2e, 0x73, 0x74, 0x64, 0x2e, 0x34, 0x35, 0x30, // ....GLSL.std.450
	0x00, 0x00, 0x00, 0x00, 0x0e, 0x00, 0x03, 0x00, 0x00, 0x00, 0x00, 0x00, 0x01, 0x00, 0x00, 0x00, // ................
	0x0f, 0x00, 0x08, 0x00, 0x04, 0x00, 0x00, 0x00, 0x04, 0x00, 0x00, 0x00, 0x6d, 0x61, 0x69, 0x6e, // ............main
	0x00, 0x00, 0x00, 0x00, 0xc7, 0x01, 0x00, 0x00, 0xcb, 0x01, 0x00, 0x00, 0xd8, 0x01, 0x00, 0x00, // ................
	0x10, 0x00, 0x03, 0x00, 0x04, 0x00, 0x00, 0x00, 0x07, 0x00, 0x00, 0x00, 0x03, 0x00, 0x03, 0x00, // ................
	0x05, 0x00, 0x00, 0x00, 0xf4, 0x01, 0x00, 0x00, 0x05, 0x00, 0x04, 0x00, 0x04, 0x00, 0x00, 0x00, // ................
	0x6d, 0x61, 0x69, 0x6e, 0x00, 0x00, 0x00, 0x00, 0x05, 0x00, 0x08, 0x00, 0x30, 0x00, 0x00, 0x00, // main........0...
	0x74, 0x65, 0x78, 0x5f, 0x66, 0x62, 0x5f, 0x66, 0x69, 0x6c, 0x74, 0x65, 0x72, 0x65, 0x64, 0x53, // tex_fb_filteredS
	0x61, 0x6d, 0x70, 0x6c, 0x65, 0x72, 0x00, 0x00, 0x05, 0x00, 0x08, 0x00, 0x33, 0x00, 0x00, 0x00, // ampler......3...
	0x74, 0x65, 0x78, 0x5f, 0x66, 0x62, 0x5f, 0x66, 0x69, 0x6c, 0x74, 0x65, 0x72, 0x65, 0x64, 0x54, // tex_fb_filteredT
	0x65, 0x78, 0x74, 0x75, 0x72, 0x65, 0x00, 0x00, 0x05, 0x00, 0x07, 0x00, 0x37, 0x00, 0x00, 0x00, // exture......7...
	0x74, 0x65, 0x78, 0x5f, 0x62, 0x6c, 0x6f, 0x6f, 0x6d, 0x53, 0x61, 0x6d, 0x70, 0x6c, 0x65, 0x72, // tex_bloomSampler
	0x00, 0x00, 0x00, 0x00, 0x05, 0x00, 0x07, 0x00, 0x39, 0x00, 0x00, 0x00, 0x74, 0x65, 0x78, 0x5f, // ........9...tex_
	0x62, 0x6c, 0x6f, 0x6f, 0x6d, 0x54, 0x65, 0x78, 0x74, 0x75, 0x72, 0x65, 0x00, 0x00, 0x00, 0x00, // bloomTexture....
	0x05, 0x00, 0x07, 0x00, 0x3d, 0x00, 0x00, 0x00, 0x74, 0x65, 0x78, 0x5f, 0x64, 0x65, 0x70, 0x74, // ....=...tex_dept
	0x68, 0x53, 0x61, 0x6d, 0x70, 0x6c, 0x65, 0x72, 0x00, 0x00, 0x00, 0x00, 0x05, 0x00, 0x07, 0x00, // hSampler........
	0x3f, 0x00, 0x00, 0x00, 0x74, 0x65, 0x78, 0x5f, 0x64, 0x65, 0x70, 0x74, 0x68, 0x54, 0x65, 0x78, // ?...tex_depthTex
	0x74, 0x75, 0x72, 0x65, 0x00, 0x00, 0x00, 0x00, 0x05, 0x00, 0x06, 0x00, 0x6d, 0x00, 0x00, 0x00, // ture........m...
	0x55, 0x6e, 0x69, 0x66, 0x6f, 0x72, 0x6d, 0x42, 0x6c, 0x6f, 0x63, 0x6b, 0x00, 0x00, 0x00, 0x00, // UniformBlock....
	0x06, 0x00, 0x05, 0x00, 0x6d, 0x00, 0x00, 0x00, 0x00, 0x00, 0x00, 0x00, 0x62, 0x61, 0x6c, 0x6c, // ....m.......ball
	0x73, 0x00, 0x00, 0x00, 0x06, 0x00, 0x05, 0x00, 0x6d, 0x00, 0x00, 0x00, 0x01, 0x00, 0x00, 0x00, // s.......m.......
	0x6d, 0x61, 0x74, 0x50, 0x72, 0x6f, 0x6a, 0x00, 0x06, 0x00, 0x06, 0x00, 0x6d, 0x00, 0x00, 0x00, // matProj.....m...
	0x02, 0x00, 0x00, 0x00, 0x6d, 0x61, 0x74, 0x50, 0x72, 0x6f, 0x6a, 0x49, 0x6e, 0x76, 0x00, 0x00, // ....matProjInv..
	0x06, 0x00, 0x06, 0x00, 0x6d, 0x00, 0x00, 0x00, 0x03, 0x00, 0x00, 0x00, 0x77, 0x5f, 0x68, 0x5f, // ....m.......w_h_
	0x68, 0x65, 0x69, 0x67, 0x68, 0x74, 0x00, 0x00, 0x05, 0x00, 0x03, 0x00, 0x6f, 0x00, 0x00, 0x00, // height......o...
	0x00, 0x00, 0x00, 0x00, 0x05, 0x00, 0x04, 0x00, 0xc7, 0x01, 0x00, 0x00, 0x76, 0x5f, 0x65, 0x79, // ............v_ey
	0x65, 0x00, 0x00, 0x00, 0x05, 0x00, 0x05, 0x00, 0xcb, 0x01, 0x00, 0x00, 0x76, 0x5f, 0x74, 0x65, // e...........v_te
	0x78, 0x63, 0x6f, 0x6f, 0x72, 0x64, 0x30, 0x00, 0x05, 0x00, 0x06, 0x00, 0xd8, 0x01, 0x00, 0x00, // xcoord0.........
	0x62, 0x67, 0x66, 0x78, 0x5f, 0x46, 0x72, 0x61, 0x67, 0x44, 0x61, 0x74, 0x61, 0x30, 0x00, 0x00, // bgfx_FragData0..
	0x47, 0x00, 0x04, 0x00, 0x30, 0x00, 0x00, 0x00, 0x21, 0x00, 0x00, 0x00, 0x12, 0x00, 0x00, 0x00, // G...0...!.......
	0x47, 0x00, 0x04, 0x00, 0x30, 0x00, 0x00, 0x00, 0x22, 0x00, 0x00, 0x00, 0x00, 0x00, 0x00, 0x00, // G...0...".......
	0x47, 0x00, 0x04, 0x00, 0x33, 0x00, 0x00, 0x00, 0x21, 0x00, 0x00, 0x00, 0x02, 0x00, 0x00, 0x00, // G...3...!.......
	0x47, 0x00, 0x04, 0x00, 0x33, 0x00, 0x00, 0x00, 0x22, 0x00, 0x00, 0x00, 0x00, 0x00, 0x00, 0x00, // G...3...".......
	0x47, 0x00, 0x04, 0x00, 0x37, 0x00, 0x00, 0x00, 0x21, 0x00, 0x00, 0x00, 0x13, 0x00, 0x00, 0x00, // G...7...!.......
	0x47, 0x00, 0x04, 0x00, 0x37, 0x00, 0x00, 0x00, 0x22, 0x00, 0x00, 0x00, 0x00, 0x00, 0x00, 0x00, // G...7...".......
	0x47, 0x00, 0x04, 0x00, 0x39, 0x00, 0x00, 0x00, 0x21, 0x00, 0x00, 0x00, 0x03, 0x00, 0x00, 0x00, // G...9...!.......
	0x47, 0x00, 0x04, 0x00, 0x39, 0x00, 0x00, 0x00, 0x22, 0x00, 0x00, 0x00, 0x00, 0x00, 0x00, 0x00, // G...9...".......
	0x47, 0x00, 0x04, 0x00, 0x3d, 0x00, 0x00, 0x00, 0x21, 0x00, 0x00, 0x00, 0x16, 0x00, 0x00, 0x00, // G...=...!.......
	0x47, 0x00, 0x04, 0x00, 0x3d, 0x00, 0x00, 0x00, 0x22, 0x00, 0x00, 0x00, 0x00, 0x00, 0x00, 0x00, // G...=...".......
	0x47, 0x00, 0x04, 0x00, 0x3f, 0x00, 0x00, 0x00, 0x21, 0x00, 0x00, 0x00, 0x06, 0x00, 0x00, 0x00, // G...?...!.......
	0x47, 0x00, 0x04, 0x00, 0x3f, 0x00, 0x00, 0x00, 0x22, 0x00, 0x00, 0x00, 0x00, 0x00, 0x00, 0x00, // G...?...".......
	0x47, 0x00, 0x04, 0x00, 0x68, 0x00, 0x00, 0x00, 0x06, 0x00, 0x00, 0x00, 0x10, 0x00, 0x00, 0x00, // G...h...........
	0x47, 0x00, 0x04, 0x00, 0x6b, 0x00, 0x00, 0x00, 0x06, 0x00, 0x00, 0x00, 0x40, 0x00, 0x00, 0x00, // G...k.......@...
	0x47, 0x00, 0x04, 0x00, 0x6c, 0x00, 0x00, 0x00, 0x06, 0x00, 0x00, 0x00, 0x40, 0x00, 0x00, 0x00, // G...l.......@...
	0x47, 0x00, 0x03, 0x00, 0x6d, 0x00, 0x00, 0x00, 0x02, 0x00, 0x00, 0x00, 0x48, 0x00, 0x05, 0x00, // G...m.......H...
	0x6d, 0x00, 0x00, 0x00, 0x00, 0x00, 0x00, 0x00, 0x23, 0x00, 0x00, 0x00, 0x00, 0x00, 0x00, 0x00, // m.......#.......
	0x48, 0x00, 0x04, 0x00, 0x6d, 0x00, 0x00, 0x00, 0x01, 0x00, 0x00, 0x00, 0x04, 0x00, 0x00, 0x00, // H...m...........
	0x48, 0x00, 0x05, 0x00, 0x6d, 0x00, 0x00, 0x00, 0x01, 0x00, 0x00, 0x00, 0x07, 0x00, 0x00, 0x00, // H...m...........
	0x10, 0x00, 0x00, 0x00, 0x48, 0x00, 0x05, 0x00, 0x6d, 0x00, 0x00, 0x00, 0x01, 0x00, 0x00, 0x00, // ....H...m.......
	0x23, 0x00, 0x00, 0x00, 0x80, 0x00, 0x00, 0x00, 0x48, 0x00, 0x04, 0x00, 0x6d, 0x00, 0x00, 0x00, // #.......H...m...
	0x02, 0x00, 0x00, 0x00, 0x04, 0x00, 0x00, 0x00, 0x48, 0x00, 0x05, 0x00, 0x6d, 0x00, 0x00, 0x00, // ........H...m...
	0x02, 0x00, 0x00, 0x00, 0x07, 0x00, 0x00, 0x00, 0x10, 0x00, 0x00, 0x00, 0x48, 0x00, 0x05, 0x00, // ............H...
	0x6d, 0x00, 0x00, 0x00, 0x02, 0x00, 0x00, 0x00, 0x23, 0x00, 0x00, 0x00, 0x00, 0x01, 0x00, 0x00, // m.......#.......
	0x48, 0x00, 0x05, 0x00, 0x6d, 0x00, 0x00, 0x00, 0x03, 0x00, 0x00, 0x00, 0x23, 0x00, 0x00, 0x00, // H...m.......#...
	0x80, 0x01, 0x00, 0x00, 0x47, 0x00, 0x04, 0x00, 0x6f, 0x00, 0x00, 0x00, 0x21, 0x00, 0x00, 0x00, // ....G...o...!...
	0x01, 0x00, 0x00, 0x00, 0x47, 0x00, 0x04, 0x00, 0x6f, 0x00, 0x00, 0x00, 0x22, 0x00, 0x00, 0x00, // ....G...o..."...
	0x00, 0x00, 0x00, 0x00, 0x47, 0x00, 0x04, 0x00, 0xc7, 0x01, 0x00, 0x00, 0x1e, 0x00, 0x00, 0x00, // ....G...........
	0x00, 0x00, 0x00, 0x00, 0x47, 0x00, 0x04, 0x00, 0xcb, 0x01, 0x00, 0x00, 0x1e, 0x00, 0x00, 0x00, // ....G...........
	0x01, 0x00, 0x00, 0x00, 0x47, 0x00, 0x04, 0x00, 0xd8, 0x01, 0x00, 0x00, 0x1e, 0x00, 0x00, 0x00, // ....G...........
	0x00, 0x00, 0x00, 0x00, 0x13, 0x00, 0x02, 0x00, 0x02, 0x00, 0x00, 0x00, 0x21, 0x00, 0x03, 0x00, // ............!...
	0x03, 0x00, 0x00, 0x00, 0x02, 0x00, 0x00, 0x00, 0x1a, 0x00, 0x02, 0x00, 0x06, 0x00, 0x00, 0x00, // ................
	0x16, 0x00, 0x03, 0x00, 0x07, 0x00, 0x00, 0x00, 0x20, 0x00, 0x00, 0x00, 0x19, 0x00, 0x09, 0x00, // ........ .......
	0x08, 0x00, 0x00, 0x00, 0x07, 0x00, 0x00, 0x00, 0x01, 0x00, 0x00, 0x00, 0x00, 0x00, 0x00, 0x00, // ................
	0x01, 0x00, 0x00, 0x00, 0x00, 0x00, 0x00, 0x00, 0x01, 0x00, 0x00, 0x00, 0x00, 0x00, 0x00, 0x00, // ................
	0x17, 0x00, 0x04, 0x00, 0x0b, 0x00, 0x00, 0x00, 0x07, 0x00, 0x00, 0x00, 0x03, 0x00, 0x00, 0x00, // ................
	0x17, 0x00, 0x04, 0x00, 0x0e, 0x00, 0x00, 0x00, 0x07, 0x00, 0x00, 0x00, 0x04, 0x00, 0x00, 0x00, // ................
	0x17, 0x00, 0x04, 0x00, 0x1b, 0x00, 0x00, 0x00, 0x07, 0x00, 0x00, 0x00, 0x02, 0x00, 0x00, 0x00, // ................
	0x20, 0x00, 0x04, 0x00, 0x2f, 0x00, 0x00, 0x00, 0x00, 0x00, 0x00, 0x00, 0x06, 0x00, 0x00, 0x00, //  .../...........
	0x3b, 0x00, 0x04, 0x00, 0x2f, 0x00, 0x00, 0x00, 0x30, 0x00, 0x00, 0x00, 0x00, 0x00, 0x00, 0x00, // ;.../...0.......
	0x20, 0x00, 0x04, 0x00, 0x32, 0x00, 0x00, 0x00, 0x00, 0x00, 0x00, 0x00, 0x08, 0x00, 0x00, 0x00, //  ...2...........
	0x3b, 0x00, 0x04, 0x00, 0x32, 0x00, 0x00, 0x00, 0x33, 0x00, 0x00, 0x00, 0x00, 0x00, 0x00, 0x00, // ;...2...3.......
	0x3b, 0x00, 0x04, 0x00, 0x2f, 0x00, 0x00, 0x00, 0x37, 0x00, 0x00, 0x00, 0x00, 0x00, 0x00, 0x00, // ;.../...7.......
	0x3b, 0x00, 0x04, 0x00, 0x32, 0x00, 0x00, 0x00, 0x39, 0x00, 0x00, 0x00, 0x00, 0x00, 0x00, 0x00, // ;...2...9.......
	0x3b, 0x00, 0x04, 0x00, 0x2f, 0x00, 0x00, 0x00, 0x3d, 0x00, 0x00, 0x00, 0x00, 0x00, 0x00, 0x00, // ;.../...=.......
	0x3b, 0x00, 0x04, 0x00, 0x32, 0x00, 0x00, 0x00, 0x3f, 0x00, 0x00, 0x00, 0x00, 0x00, 0x00, 0x00, // ;...2...?.......
	0x15, 0x00, 0x04, 0x00, 0x42, 0x00, 0x00, 0x00, 0x20, 0x00, 0x00, 0x00, 0x01, 0x00, 0x00, 0x00, // ....B... .......
	0x2b, 0x00, 0x04, 0x00, 0x42, 0x00, 0x00, 0x00, 0x43, 0x00, 0x00, 0x00, 0x01, 0x00, 0x00, 0x00, // +...B...C.......
	0x2b, 0x00, 0x04, 0x00, 0x42, 0x00, 0x00, 0x00, 0x47, 0x00, 0x00, 0x00, 0x00, 0x00, 0x00, 0x00, // +...B...G.......
	0x1b, 0x00, 0x03, 0x00, 0x4b, 0x00, 0x00, 0x00, 0x08, 0x00, 0x00, 0x00, 0x2b, 0x00, 0x04, 0x00, // ....K.......+...
	0x07, 0x00, 0x00, 0x00, 0x61, 0x00, 0x00, 0x00, 0x00, 0x00, 0x00, 0x00, 0x15, 0x00, 0x04, 0x00, // ....a...........
	0x66, 0x00, 0x00, 0x00, 0x20, 0x00, 0x00, 0x00, 0x00, 0x00, 0x00, 0x00, 0x2b, 0x00, 0x04, 0x00, // f... .......+...
	0x66, 0x00, 0x00, 0x00, 0x67, 0x00, 0x00, 0x00, 0x08, 0x00, 0x00, 0x00, 0x1c, 0x00, 0x04, 0x00, // f...g...........
	0x68, 0x00, 0x00, 0x00, 0x0e, 0x00, 0x00, 0x00, 0x67, 0x00, 0x00, 0x00, 0x18, 0x00, 0x04, 0x00, // h.......g.......
	0x69, 0x00, 0x00, 0x00, 0x0e, 0x00, 0x00, 0x00, 0x04, 0x00, 0x00, 0x00, 0x2b, 0x00, 0x04, 0x00, // i...........+...
	0x66, 0x00, 0x00, 0x00, 0x6a, 0x00, 0x00, 0x00, 0x02, 0x00, 0x00, 0x00, 0x1c, 0x00, 0x04, 0x00, // f...j...........
	0x6b, 0x00, 0x00, 0x00, 0x69, 0x00, 0x00, 0x00, 0x6a, 0x00, 0x00, 0x00, 0x1c, 0x00, 0x04, 0x00, // k...i...j.......
	0x6c, 0x00, 0x00, 0x00, 0x69, 0x00, 0x00, 0x00, 0x6a, 0x00, 0x00, 0x00, 0x1e, 0x00, 0x06, 0x00, // l...i...j.......
	0x6d, 0x00, 0x00, 0x00, 0x68, 0x00, 0x00, 0x00, 0x6b, 0x00, 0x00, 0x00, 0x6c, 0x00, 0x00, 0x00, // m...h...k...l...
	0x0e, 0x00, 0x00, 0x00, 0x20, 0x00, 0x04, 0x00, 0x6e, 0x00, 0x00, 0x00, 0x02, 0x00, 0x00, 0x00, // .... ...n.......
	0x6d, 0x00, 0x00, 0x00, 0x3b, 0x00, 0x04, 0x00, 0x6e, 0x00, 0x00, 0x00, 0x6f, 0x00, 0x00, 0x00, // m...;...n...o...
	0x02, 0x00, 0x00, 0x00, 0x2b, 0x00, 0x04, 0x00, 0x42, 0x00, 0x00, 0x00, 0x70, 0x00, 0x00, 0x00, // ....+...B...p...
	0x03, 0x00, 0x00, 0x00, 0x2b, 0x00, 0x04, 0x00, 0x66, 0x00, 0x00, 0x00, 0x71, 0x00, 0x00, 0x00, // ....+...f...q...
	0x03, 0x00, 0x00, 0x00, 0x20, 0x00, 0x04, 0x00, 0x72, 0x00, 0x00, 0x00, 0x02, 0x00, 0x00, 0x00, // .... ...r.......
	0x07, 0x00, 0x00, 0x00, 0x2b, 0x00, 0x04, 0x00, 0x66, 0x00, 0x00, 0x00, 0x79, 0x00, 0x00, 0x00, // ....+...f...y...
	0x00, 0x00, 0x00, 0x00, 0x2b, 0x00, 0x04, 0x00, 0x07, 0x00, 0x00, 0x00, 0x8a, 0x00, 0x00, 0x00, // ....+...........
	0x00, 0x00, 0x00, 0x40, 0x2b, 0x00, 0x04, 0x00, 0x07, 0x00, 0x00, 0x00, 0x8c, 0x00, 0x00, 0x00, // ...@+...........
	0x00, 0x00, 0x80, 0x3f, 0x2b, 0x00, 0x04, 0x00, 0x42, 0x00, 0x00, 0x00, 0x96, 0x00, 0x00, 0x00, // ...?+...B.......
	0x02, 0x00, 0x00, 0x00, 0x20, 0x00, 0x04, 0x00, 0x99, 0x00, 0x00, 0x00, 0x02, 0x00, 0x00, 0x00, // .... ...........
	0x69, 0x00, 0x00, 0x00, 0x20, 0x00, 0x04, 0x00, 0xae, 0x00, 0x00, 0x00, 0x02, 0x00, 0x00, 0x00, // i... ...........
	0x0e, 0x00, 0x00, 0x00, 0x2b, 0x00, 0x04, 0x00, 0x07, 0x00, 0x00, 0x00, 0xd2, 0x00, 0x00, 0x00, // ....+...........
	0x33, 0x33, 0x93, 0x3f, 0x14, 0x00, 0x02, 0x00, 0xdc, 0x00, 0x00, 0x00, 0x2b, 0x00, 0x04, 0x00, // 33.?........+...
	0x07, 0x00, 0x00, 0x00, 0x6e, 0x01, 0x00, 0x00, 0x00, 0x00, 0x00, 0x3f, 0x20, 0x00, 0x04, 0x00, // ....n......? ...
	0xc6, 0x01, 0x00, 0x00, 0x01, 0x00, 0x00, 0x00, 0x07, 0x00, 0x00, 0x00, 0x3b, 0x00, 0x04, 0x00, // ............;...
	0xc6, 0x01, 0x00, 0x00, 0xc7, 0x01, 0x00, 0x00, 0x01, 0x00, 0x00, 0x00, 0x20, 0x00, 0x04, 0x00, // ............ ...
	0xca, 0x01, 0x00, 0x00, 0x01, 0x00, 0x00, 0x00, 0x1b, 0x00, 0x00, 0x00, 0x3b, 0x00, 0x04, 0x00, // ............;...
	0xca, 0x01, 0x00, 0x00, 0xcb, 0x01, 0x00, 0x00, 0x01, 0x00, 0x00, 0x00, 0x20, 0x00, 0x04, 0x00, // ............ ...
	0xd7, 0x01, 0x00, 0x00, 0x03, 0x00, 0x00, 0x00, 0x0e, 0x00, 0x00, 0x00, 0x3b, 0x00, 0x04, 0x00, // ............;...
	0xd7, 0x01, 0x00, 0x00, 0xd8, 0x01, 0x00, 0x00, 0x03, 0x00, 0x00, 0x00, 0x2c, 0x00, 0x05, 0x00, // ............,...
	0x1b, 0x00, 0x00, 0x00, 0xc6, 0x03, 0x00, 0x00, 0x6e, 0x01, 0x00, 0x00, 0x6e, 0x01, 0x00, 0x00, // ........n...n...
	0x01, 0x00, 0x03, 0x00, 0x07, 0x00, 0x00, 0x00, 0xc8, 0x03, 0x00, 0x00, 0x01, 0x00, 0x03, 0x00, // ................
	0x0e, 0x00, 0x00, 0x00, 0xd5, 0x03, 0x00, 0x00, 0x36, 0x00, 0x05, 0x00, 0x02, 0x00, 0x00, 0x00, // ........6.......
	0x04, 0x00, 0x00, 0x00, 0x00, 0x00, 0x00, 0x00, 0x03, 0x00, 0x00, 0x00, 0xf8, 0x00, 0x02, 0x00, // ................
	0x05, 0x00, 0x00, 0x00, 0x3d, 0x00, 0x04, 0x00, 0x06, 0x00, 0x00, 0x00, 0x31, 0x00, 0x00, 0x00, // ....=.......1...
	0x30, 0x00, 0x00, 0x00, 0x3d, 0x00, 0x04, 0x00, 0x08, 0x00, 0x00, 0x00, 0x34, 0x00, 0x00, 0x00, // 0...=.......4...
	0x33, 0x00, 0x00, 0x00, 0x3d, 0x00, 0x04, 0x00, 0x06, 0x00, 0x00, 0x00, 0x38, 0x00, 0x00, 0x00, // 3...=.......8...
	0x37, 0x00, 0x00, 0x00, 0x3d, 0x00, 0x04, 0x00, 0x08, 0x00, 0x00, 0x00, 0x3a, 0x00, 0x00, 0x00, // 7...=.......:...
	0x39, 0x00, 0x00, 0x00, 0x3d, 0x00, 0x04, 0x00, 0x06, 0x00, 0x00, 0x00, 0x3e, 0x00, 0x00, 0x00, // 9...=.......>...
	0x3d, 0x00, 0x00, 0x00, 0x3d, 0x00, 0x04, 0x00, 0x08, 0x00, 0x00, 0x00, 0x40, 0x00, 0x00, 0x00, // =...=.......@...
	0x3f, 0x00, 0x00, 0x00, 0x3d, 0x00, 0x04, 0x00, 0x07, 0x00, 0x00, 0x00, 0xc8, 0x01, 0x00, 0x00, // ?...=...........
	0xc7, 0x01, 0x00, 0x00, 0x3d, 0x00, 0x04, 0x00, 0x1b, 0x00, 0x00, 0x00, 0xcc, 0x01, 0x00, 0x00, // ....=...........
	0xcb, 0x01, 0x00, 0x00, 0xf7, 0x00, 0x03, 0x00, 0x3b, 0x03, 0x00, 0x00, 0x00, 0x00, 0x00, 0x00, // ........;.......
	0xfb, 0x00, 0x03, 0x00, 0x79, 0x00, 0x00, 0x00, 0x28, 0x02, 0x00, 0x00, 0xf8, 0x00, 0x02, 0x00, // ....y...(.......
	0x28, 0x02, 0x00, 0x00, 0x41, 0x00, 0x06, 0x00, 0x72, 0x00, 0x00, 0x00, 0x2a, 0x02, 0x00, 0x00, // (...A...r...*...
	0x6f, 0x00, 0x00, 0x00, 0x70, 0x00, 0x00, 0x00, 0x71, 0x00, 0x00, 0x00, 0x3d, 0x00, 0x04, 0x00, // o...p...q...=...
	0x07, 0x00, 0x00, 0x00, 0x2b, 0x02, 0x00, 0x00, 0x2a, 0x02, 0x00, 0x00, 0x6e, 0x00, 0x04, 0x00, // ....+...*...n...
	0x42, 0x00, 0x00, 0x00, 0x2c, 0x02, 0x00, 0x00, 0x2b, 0x02, 0x00, 0x00, 0x51, 0x00, 0x05, 0x00, // B...,...+...Q...
	0x07, 0x00, 0x00, 0x00, 0x2f, 0x02, 0x00, 0x00, 0xcc, 0x01, 0x00, 0x00, 0x00, 0x00, 0x00, 0x00, // ..../...........
	0x51, 0x00, 0x05, 0x00, 0x07, 0x00, 0x00, 0x00, 0x31, 0x02, 0x00, 0x00, 0xcc, 0x01, 0x00, 0x00, // Q.......1.......
	0x01, 0x00, 0x00, 0x00, 0x50, 0x00, 0x06, 0x00, 0x0b, 0x00, 0x00, 0x00, 0x33, 0x02, 0x00, 0x00, // ....P.......3...
	0x2f, 0x02, 0x00, 0x00, 0x31, 0x02, 0x00, 0x00, 0xc8, 0x01, 0x00, 0x00, 0x56, 0x00, 0x05, 0x00, // /...1.......V...
	0x4b, 0x00, 0x00, 0x00, 0x46, 0x03, 0x00, 0x00, 0x40, 0x00, 0x00, 0x00, 0x3e, 0x00, 0x00, 0x00, // K...F...@...>...
	0x58, 0x00, 0x07, 0x00, 0x0e, 0x00, 0x00, 0x00, 0x49, 0x03, 0x00, 0x00, 0x46, 0x03, 0x00, 0x00, // X.......I...F...
	0x33, 0x02, 0x00, 0x00, 0x02, 0x00, 0x00, 0x00, 0x61, 0x00, 0x00, 0x00, 0x51, 0x00, 0x05, 0x00, // 3.......a...Q...
	0x07, 0x00, 0x00, 0x00, 0x36, 0x02, 0x00, 0x00, 0x49, 0x03, 0x00, 0x00, 0x00, 0x00, 0x00, 0x00, // ....6...I.......
	0x85, 0x00, 0x05, 0x00, 0x07, 0x00, 0x00, 0x00, 0x39, 0x02, 0x00, 0x00, 0x2f, 0x02, 0x00, 0x00, // ........9.../...
	0x8a, 0x00, 0x00, 0x00, 0x83, 0x00, 0x05, 0x00, 0x07, 0x00, 0x00, 0x00, 0x3a, 0x02, 0x00, 0x00, // ............:...
	0x39, 0x02, 0x00, 0x00, 0x8c, 0x00, 0x00, 0x00, 0x85, 0x00, 0x05, 0x00, 0x07, 0x00, 0x00, 0x00, // 9...............
	0x3d, 0x02, 0x00, 0x00, 0x31, 0x02, 0x00, 0x00, 0x8a, 0x00, 0x00, 0x00, 0x83, 0x00, 0x05, 0x00, // =...1...........
	0x07, 0x00, 0x00, 0x00, 0x3e, 0x02, 0x00, 0x00, 0x8c, 0x00, 0x00, 0x00, 0x3d, 0x02, 0x00, 0x00, // ....>.......=...
	0x50, 0x00, 0x07, 0x00, 0x0e, 0x00, 0x00, 0x00, 0x40, 0x02, 0x00, 0x00, 0x3a, 0x02, 0x00, 0x00, // P.......@...:...
	0x3e, 0x02, 0x00, 0x00, 0x36, 0x02, 0x00, 0x00, 0x8c, 0x00, 0x00, 0x00, 0x6e, 0x00, 0x04, 0x00, // >...6.......n...
	0x42, 0x00, 0x00, 0x00, 0x43, 0x02, 0x00, 0x00, 0xc8, 0x01, 0x00, 0x00, 0x41, 0x00, 0x06, 0x00, // B...C.......A...
	0x99, 0x00, 0x00, 0x00, 0x44, 0x02, 0x00, 0x00, 0x6f, 0x00, 0x00, 0x00, 0x96, 0x00, 0x00, 0x00, // ....D...o.......
	0x43, 0x02, 0x00, 0x00, 0x3d, 0x00, 0x04, 0x00, 0x69, 0x00, 0x00, 0x00, 0x45, 0x02, 0x00, 0x00, // C...=...i...E...
	0x44, 0x02, 0x00, 0x00, 0x90, 0x00, 0x05, 0x00, 0x0e, 0x00, 0x00, 0x00, 0x46, 0x02, 0x00, 0x00, // D...........F...
	0x40, 0x02, 0x00, 0x00, 0x45, 0x02, 0x00, 0x00, 0x51, 0x00, 0x05, 0x00, 0x07, 0x00, 0x00, 0x00, // @...E...Q.......
	0x48, 0x02, 0x00, 0x00, 0x46, 0x02, 0x00, 0x00, 0x03, 0x00, 0x00, 0x00, 0x4f, 0x00, 0x08, 0x00, // H...F.......O...
	0x0b, 0x00, 0x00, 0x00, 0x4a, 0x02, 0x00, 0x00, 0x46, 0x02, 0x00, 0x00, 0x46, 0x02, 0x00, 0x00, // ....J...F...F...
	0x00, 0x00, 0x00, 0x00, 0x01, 0x00, 0x00, 0x00, 0x02, 0x00, 0x00, 0x00, 0x50, 0x00, 0x06, 0x00, // ............P...
	0x0b, 0x00, 0x00, 0x00, 0x4b, 0x02, 0x00, 0x00, 0x48, 0x02, 0x00, 0x00, 0x48, 0x02, 0x00, 0x00, // ....K...H...H...
	0x48, 0x02, 0x00, 0x00, 0x88, 0x00, 0x05, 0x00, 0x0b, 0x00, 0x00, 0x00, 0x4c, 0x02, 0x00, 0x00, // H...........L...
	0x4a, 0x02, 0x00, 0x00, 0x4b, 0x02, 0x00, 0x00, 0x51, 0x00, 0x05, 0x00, 0x07, 0x00, 0x00, 0x00, // J...K...Q.......
	0x4e, 0x02, 0x00, 0x00, 0x4c, 0x02, 0x00, 0x00, 0x00, 0x00, 0x00, 0x00, 0x52, 0x00, 0x06, 0x00, // N...L.......R...
	0x0e, 0x00, 0x00, 0x00, 0xa8, 0x03, 0x00, 0x00, 0x4e, 0x02, 0x00, 0x00, 0xd5, 0x03, 0x00, 0x00, // ........N.......
	0x00, 0x00, 0x00, 0x00, 0x51, 0x00, 0x05, 0x00, 0x07, 0x00, 0x00, 0x00, 0x50, 0x02, 0x00, 0x00, // ....Q.......P...
	0x4c, 0x02, 0x00, 0x00, 0x01, 0x00, 0x00, 0x00, 0x52, 0x00, 0x06, 0x00, 0x0e, 0x00, 0x00, 0x00, // L.......R.......
	0xaa, 0x03, 0x00, 0x00, 0x50, 0x02, 0x00, 0x00, 0xa8, 0x03, 0x00, 0x00, 0x01, 0x00, 0x00, 0x00, // ....P...........
	0x51, 0x00, 0x05, 0x00, 0x07, 0x00, 0x00, 0x00, 0x52, 0x02, 0x00, 0x00, 0x4c, 0x02, 0x00, 0x00, // Q.......R...L...
	0x02, 0x00, 0x00, 0x00, 0x52, 0x00, 0x06, 0x00, 0x0e, 0x00, 0x00, 0x00, 0xac, 0x03, 0x00, 0x00, // ....R...........
	0x52, 0x02, 0x00, 0x00, 0xaa, 0x03, 0x00, 0x00, 0x02, 0x00, 0x00, 0x00, 0x4f, 0x00, 0x08, 0x00, // R...........O...
	0x0b, 0x00, 0x00, 0x00, 0x54, 0x02, 0x00, 0x00, 0xac, 0x03, 0x00, 0x00, 0xac, 0x03, 0x00, 0x00, // ....T...........
	0x00, 0x00, 0x00, 0x00, 0x01, 0x00, 0x00, 0x00, 0x02, 0x00, 0x00, 0x00, 0x0c, 0x00, 0x06, 0x00, // ................
	0x0b, 0x00, 0x00, 0x00, 0x55, 0x02, 0x00, 0x00, 0x01, 0x00, 0x00, 0x00, 0x45, 0x00, 0x00, 0x00, // ....U.......E...
	0x54, 0x02, 0x00, 0x00, 0x41, 0x00, 0x06, 0x00, 0xae, 0x00, 0x00, 0x00, 0x56, 0x02, 0x00, 0x00, // T...A.......V...
	0x6f, 0x00, 0x00, 0x00, 0x47, 0x00, 0x00, 0x00, 0x47, 0x00, 0x00, 0x00, 0x3d, 0x00, 0x04, 0x00, // o...G...G...=...
	0x0e, 0x00, 0x00, 0x00, 0x57, 0x02, 0x00, 0x00, 0x56, 0x02, 0x00, 0x00, 0x4f, 0x00, 0x08, 0x00, // ....W...V...O...
	0x0b, 0x00, 0x00, 0x00, 0x58, 0x02, 0x00, 0x00, 0x57, 0x02, 0x00, 0x00, 0x57, 0x02, 0x00, 0x00, // ....X...W...W...
	0x00, 0x00, 0x00, 0x00, 0x01, 0x00, 0x00, 0x00, 0x02, 0x00, 0x00, 0x00, 0x41, 0x00, 0x06, 0x00, // ............A...
	0xae, 0x00, 0x00, 0x00, 0x59, 0x02, 0x00, 0x00, 0x6f, 0x00, 0x00, 0x00, 0x47, 0x00, 0x00, 0x00, // ....Y...o...G...
	0x43, 0x00, 0x00, 0x00, 0x3d, 0x00, 0x04, 0x00, 0x0e, 0x00, 0x00, 0x00, 0x5a, 0x02, 0x00, 0x00, // C...=.......Z...
	0x59, 0x02, 0x00, 0x00, 0x4f, 0x00, 0x08, 0x00, 0x0b, 0x00, 0x00, 0x00, 0x5b, 0x02, 0x00, 0x00, // Y...O.......[...
	0x5a, 0x02, 0x00, 0x00, 0x5a, 0x02, 0x00, 0x00, 0x00, 0x00, 0x00, 0x00, 0x01, 0x00, 0x00, 0x00, // Z...Z...........
	0x02, 0x00, 0x00, 0x00, 0x41, 0x00, 0x07, 0x00, 0x72, 0x00, 0x00, 0x00, 0x5c, 0x02, 0x00, 0x00, // ....A...r.......
	0x6f, 0x00, 0x00, 0x00, 0x47, 0x00, 0x00, 0x00, 0x47, 0x00, 0x00, 0x00, 0x71, 0x00, 0x00, 0x00, // o...G...G...q...
	0x3d, 0x00, 0x04, 0x00, 0x07, 0x00, 0x00, 0x00, 0x5d, 0x02, 0x00, 0x00, 0x5c, 0x02, 0x00, 0x00, // =.......].......
	0x85, 0x00, 0x05, 0x00, 0x07, 0x00, 0x00, 0x00, 0x60, 0x02, 0x00, 0x00, 0x5d, 0x02, 0x00, 0x00, // ........`...]...
	0x5d, 0x02, 0x00, 0x00, 0x56, 0x00, 0x05, 0x00, 0x4b, 0x00, 0x00, 0x00, 0x50, 0x03, 0x00, 0x00, // ]...V...K...P...
	0x34, 0x00, 0x00, 0x00, 0x31, 0x00, 0x00, 0x00, 0x58, 0x00, 0x07, 0x00, 0x0e, 0x00, 0x00, 0x00, // 4...1...X.......
	0x53, 0x03, 0x00, 0x00, 0x50, 0x03, 0x00, 0x00, 0x33, 0x02, 0x00, 0x00, 0x02, 0x00, 0x00, 0x00, // S...P...3.......
	0x61, 0x00, 0x00, 0x00, 0x4f, 0x00, 0x08, 0x00, 0x0b, 0x00, 0x00, 0x00, 0x69, 0x02, 0x00, 0x00, // a...O.......i...
	0x53, 0x03, 0x00, 0x00, 0x53, 0x03, 0x00, 0x00, 0x00, 0x00, 0x00, 0x00, 0x01, 0x00, 0x00, 0x00, // S...S...........
	0x02, 0x00, 0x00, 0x00, 0x94, 0x00, 0x05, 0x00, 0x07, 0x00, 0x00, 0x00, 0x6c, 0x02, 0x00, 0x00, // ............l...
	0x55, 0x02, 0x00, 0x00, 0x58, 0x02, 0x00, 0x00, 0x94, 0x00, 0x05, 0x00, 0x07, 0x00, 0x00, 0x00, // U...X...........
	0x6f, 0x02, 0x00, 0x00, 0x58, 0x02, 0x00, 0x00, 0x58, 0x02, 0x00, 0x00, 0x85, 0x00, 0x05, 0x00, // o...X...X.......
	0x07, 0x00, 0x00, 0x00, 0x71, 0x02, 0x00, 0x00, 0x60, 0x02, 0x00, 0x00, 0xd2, 0x00, 0x00, 0x00, // ....q...`.......
	0x83, 0x00, 0x05, 0x00, 0x07, 0x00, 0x00, 0x00, 0x72, 0x02, 0x00, 0x00, 0x6f, 0x02, 0x00, 0x00, // ........r...o...
	0x71, 0x02, 0x00, 0x00, 0x85, 0x00, 0x05, 0x00, 0x07, 0x00, 0x00, 0x00, 0x75, 0x02, 0x00, 0x00, // q...........u...
	0x6c, 0x02, 0x00, 0x00, 0x6c, 0x02, 0x00, 0x00, 0x83, 0x00, 0x05, 0x00, 0x07, 0x00, 0x00, 0x00, // l...l...........
	0x77, 0x02, 0x00, 0x00, 0x75, 0x02, 0x00, 0x00, 0x72, 0x02, 0x00, 0x00, 0xb8, 0x00, 0x05, 0x00, // w...u...r.......
	0xdc, 0x00, 0x00, 0x00, 0x79, 0x02, 0x00, 0x00, 0x77, 0x02, 0x00, 0x00, 0x61, 0x00, 0x00, 0x00, // ....y...w...a...
	0xf7, 0x00, 0x03, 0x00, 0x99, 0x02, 0x00, 0x00, 0x00, 0x00, 0x00, 0x00, 0xfa, 0x00, 0x04, 0x00, // ................
	0x79, 0x02, 0x00, 0x00, 0x7a, 0x02, 0x00, 0x00, 0x7c, 0x02, 0x00, 0x00, 0xf8, 0x00, 0x02, 0x00, // y...z...|.......
	0x7a, 0x02, 0x00, 0x00, 0xf9, 0x00, 0x02, 0x00, 0x99, 0x02, 0x00, 0x00, 0xf8, 0x00, 0x02, 0x00, // z...............
	0x7c, 0x02, 0x00, 0x00, 0x0c, 0x00, 0x06, 0x00, 0x07, 0x00, 0x00, 0x00, 0x7f, 0x02, 0x00, 0x00, // |...............
	0x01, 0x00, 0x00, 0x00, 0x1f, 0x00, 0x00, 0x00, 0x77, 0x02, 0x00, 0x00, 0x83, 0x00, 0x05, 0x00, // ........w.......
	0x07, 0x00, 0x00, 0x00, 0x80, 0x02, 0x00, 0x00, 0x6c, 0x02, 0x00, 0x00, 0x7f, 0x02, 0x00, 0x00, // ........l.......
	0x51, 0x00, 0x05, 0x00, 0x07, 0x00, 0x00, 0x00, 0x82, 0x02, 0x00, 0x00, 0x55, 0x02, 0x00, 0x00, // Q...........U...
	0x02, 0x00, 0x00, 0x00, 0x85, 0x00, 0x05, 0x00, 0x07, 0x00, 0x00, 0x00, 0x83, 0x02, 0x00, 0x00, // ................
	0x80, 0x02, 0x00, 0x00, 0x82, 0x02, 0x00, 0x00, 0x81, 0x00, 0x05, 0x00, 0x07, 0x00, 0x00, 0x00, // ................
	0x87, 0x02, 0x00, 0x00, 0x83, 0x02, 0x00, 0x00, 0x8c, 0x00, 0x00, 0x00, 0xba, 0x00, 0x05, 0x00, // ................
	0xdc, 0x00, 0x00, 0x00, 0x88, 0x02, 0x00, 0x00, 0x52, 0x02, 0x00, 0x00, 0x87, 0x02, 0x00, 0x00, // ........R.......
	0xf7, 0x00, 0x03, 0x00, 0x8f, 0x02, 0x00, 0x00, 0x00, 0x00, 0x00, 0x00, 0xfa, 0x00, 0x04, 0x00, // ................
	0x88, 0x02, 0x00, 0x00, 0x89, 0x02, 0x00, 0x00, 0x8f, 0x02, 0x00, 0x00, 0xf8, 0x00, 0x02, 0x00, // ................
	0x89, 0x02, 0x00, 0x00, 0x51, 0x00, 0x05, 0x00, 0x07, 0x00, 0x00, 0x00, 0x8b, 0x02, 0x00, 0x00, // ....Q...........
	0x53, 0x03, 0x00, 0x00, 0x00, 0x00, 0x00, 0x00, 0x51, 0x00, 0x05, 0x00, 0x07, 0x00, 0x00, 0x00, // S.......Q.......
	0x8c, 0x02, 0x00, 0x00, 0x53, 0x03, 0x00, 0x00, 0x01, 0x00, 0x00, 0x00, 0x51, 0x00, 0x05, 0x00, // ....S.......Q...
	0x07, 0x00, 0x00, 0x00, 0x8d, 0x02, 0x00, 0x00, 0x53, 0x03, 0x00, 0x00, 0x02, 0x00, 0x00, 0x00, // ........S.......
	0x50, 0x00, 0x07, 0x00, 0x0e, 0x00, 0x00, 0x00, 0x8e, 0x02, 0x00, 0x00, 0x8b, 0x02, 0x00, 0x00, // P...............
	0x8c, 0x02, 0x00, 0x00, 0x8d, 0x02, 0x00, 0x00, 0x8c, 0x00, 0x00, 0x00, 0xf9, 0x00, 0x02, 0x00, // ................
	0x3b, 0x03, 0x00, 0x00, 0xf8, 0x00, 0x02, 0x00, 0x8f, 0x02, 0x00, 0x00, 0x56, 0x00, 0x05, 0x00, // ;...........V...
	0x4b, 0x00, 0x00, 0x00, 0x5a, 0x03, 0x00, 0x00, 0x3a, 0x00, 0x00, 0x00, 0x38, 0x00, 0x00, 0x00, // K...Z...:...8...
	0x58, 0x00, 0x07, 0x00, 0x0e, 0x00, 0x00, 0x00, 0x5d, 0x03, 0x00, 0x00, 0x5a, 0x03, 0x00, 0x00, // X.......]...Z...
	0x33, 0x02, 0x00, 0x00, 0x02, 0x00, 0x00, 0x00, 0x61, 0x00, 0x00, 0x00, 0x4f, 0x00, 0x08, 0x00, // 3.......a...O...
	0x0b, 0x00, 0x00, 0x00, 0x98, 0x02, 0x00, 0x00, 0x5d, 0x03, 0x00, 0x00, 0x5d, 0x03, 0x00, 0x00, // ........]...]...
	0x00, 0x00, 0x00, 0x00, 0x01, 0x00, 0x00, 0x00, 0x02, 0x00, 0x00, 0x00, 0xf9, 0x00, 0x02, 0x00, // ................
	0x99, 0x02, 0x00, 0x00, 0xf8, 0x00, 0x02, 0x00, 0x99, 0x02, 0x00, 0x00, 0xf5, 0x00, 0x07, 0x00, // ................
	0x0b, 0x00, 0x00, 0x00, 0xce, 0x03, 0x00, 0x00, 0x69, 0x02, 0x00, 0x00, 0x7a, 0x02, 0x00, 0x00, // ........i...z...
	0x98, 0x02, 0x00, 0x00, 0x8f, 0x02, 0x00, 0x00, 0xf9, 0x00, 0x02, 0x00, 0x9a, 0x02, 0x00, 0x00, // ................
	0xf8, 0x00, 0x02, 0x00, 0x9a, 0x02, 0x00, 0x00, 0xf5, 0x00, 0x07, 0x00, 0x0b, 0x00, 0x00, 0x00, // ................
	0xca, 0x03, 0x00, 0x00, 0x69, 0x02, 0x00, 0x00, 0x99, 0x02, 0x00, 0x00, 0xd0, 0x03, 0x00, 0x00, // ....i...........
	0x2e, 0x03, 0x00, 0x00, 0xf5, 0x00, 0x07, 0x00, 0x42, 0x00, 0x00, 0x00, 0xc9, 0x03, 0x00, 0x00, // ........B.......
	0x43, 0x00, 0x00, 0x00, 0x99, 0x02, 0x00, 0x00, 0x30, 0x03, 0x00, 0x00, 0x2e, 0x03, 0x00, 0x00, // C.......0.......
	0xb1, 0x00, 0x05, 0x00, 0xdc, 0x00, 0x00, 0x00, 0x9e, 0x02, 0x00, 0x00, 0xc9, 0x03, 0x00, 0x00, // ................
	0x2c, 0x02, 0x00, 0x00, 0xf6, 0x00, 0x04, 0x00, 0x31, 0x03, 0x00, 0x00, 0x2e, 0x03, 0x00, 0x00, // ,.......1.......
	0x00, 0x00, 0x00, 0x00, 0xfa, 0x00, 0x04, 0x00, 0x9e, 0x02, 0x00, 0x00, 0x9f, 0x02, 0x00, 0x00, // ................
	0x31, 0x03, 0x00, 0x00, 0xf8, 0x00, 0x02, 0x00, 0x9f, 0x02, 0x00, 0x00, 0x6f, 0x00, 0x04, 0x00, // 1...........o...
	0x07, 0x00, 0x00, 0x00, 0xa1, 0x02, 0x00, 0x00, 0xc9, 0x03, 0x00, 0x00, 0x88, 0x00, 0x05, 0x00, // ................
	0x07, 0x00, 0x00, 0x00, 0xa4, 0x02, 0x00, 0x00, 0xa1, 0x02, 0x00, 0x00, 0x2b, 0x02, 0x00, 0x00, // ............+...
	0x50, 0x00, 0x06, 0x00, 0x0b, 0x00, 0x00, 0x00, 0xa6, 0x02, 0x00, 0x00, 0xa4, 0x02, 0x00, 0x00, // P...............
	0xa4, 0x02, 0x00, 0x00, 0xa4, 0x02, 0x00, 0x00, 0x0c, 0x00, 0x08, 0x00, 0x0b, 0x00, 0x00, 0x00, // ................
	0x63, 0x03, 0x00, 0x00, 0x01, 0x00, 0x00, 0x00, 0x2e, 0x00, 0x00, 0x00, 0x5b, 0x02, 0x00, 0x00, // c...........[...
	0x58, 0x02, 0x00, 0x00, 0xa6, 0x02, 0x00, 0x00, 0x94, 0x00, 0x05, 0x00, 0x07, 0x00, 0x00, 0x00, // X...............
	0xac, 0x02, 0x00, 0x00, 0x55, 0x02, 0x00, 0x00, 0x63, 0x03, 0x00, 0x00, 0x94, 0x00, 0x05, 0x00, // ....U...c.......
	0x07, 0x00, 0x00, 0x00, 0xaf, 0x02, 0x00, 0x00, 0x63, 0x03, 0x00, 0x00, 0x63, 0x03, 0x00, 0x00, // ........c...c...
	0x83, 0x00, 0x05, 0x00, 0x07, 0x00, 0x00, 0x00, 0xb1, 0x02, 0x00, 0x00, 0xaf, 0x02, 0x00, 0x00, // ................
	0x60, 0x02, 0x00, 0x00, 0x85, 0x00, 0x05, 0x00, 0x07, 0x00, 0x00, 0x00, 0xb4, 0x02, 0x00, 0x00, // `...............
	0xac, 0x02, 0x00, 0x00, 0xac, 0x02, 0x00, 0x00, 0x83, 0x00, 0x05, 0x00, 0x07, 0x00, 0x00, 0x00, // ................
	0xb6, 0x02, 0x00, 0x00, 0xb4, 0x02, 0x00, 0x00, 0xb1, 0x02, 0x00, 0x00, 0xb8, 0x00, 0x05, 0x00, // ................
	0xdc, 0x00, 0x00, 0x00, 0xb8, 0x02, 0x00, 0x00, 0xb6, 0x02, 0x00, 0x00, 0x61, 0x00, 0x00, 0x00, // ............a...
	0xf7, 0x00, 0x03, 0x00, 0x2d, 0x03, 0x00, 0x00, 0x00, 0x00, 0x00, 0x00, 0xfa, 0x00, 0x04, 0x00, // ....-...........
	0xb8, 0x02, 0x00, 0x00, 0xb9, 0x02, 0x00, 0x00, 0xbd, 0x02, 0x00, 0x00, 0xf8, 0x00, 0x02, 0x00, // ................
	0xb9, 0x02, 0x00, 0x00, 0x81, 0x00, 0x05, 0x00, 0x0b, 0x00, 0x00, 0x00, 0xbc, 0x02, 0x00, 0x00, // ................
	0xca, 0x03, 0x00, 0x00, 0xce, 0x03, 0x00, 0x00, 0xf9, 0x00, 0x02, 0x00, 0x2d, 0x03, 0x00, 0x00, // ............-...
	0xf8, 0x00, 0x02, 0x00, 0xbd, 0x02, 0x00, 0x00, 0x0c, 0x00, 0x06, 0x00, 0x07, 0x00, 0x00, 0x00, // ................
	0xc0, 0x02, 0x00, 0x00, 0x01, 0x00, 0x00, 0x00, 0x1f, 0x00, 0x00, 0x00, 0xb6, 0x02, 0x00, 0x00, // ................
	0x83, 0x00, 0x05, 0x00, 0x07, 0x00, 0x00, 0x00, 0xc1, 0x02, 0x00, 0x00, 0xac, 0x02, 0x00, 0x00, // ................
	0xc0, 0x02, 0x00, 0x00, 0x8e, 0x00, 0x05, 0x00, 0x0b, 0x00, 0x00, 0x00, 0xc3, 0x02, 0x00, 0x00, // ................
	0x55, 0x02, 0x00, 0x00, 0xc1, 0x02, 0x00, 0x00, 0x83, 0x00, 0x05, 0x00, 0x0b, 0x00, 0x00, 0x00, // U...............
	0xc5, 0x02, 0x00, 0x00, 0xc3, 0x02, 0x00, 0x00, 0x63, 0x03, 0x00, 0x00, 0x81, 0x00, 0x05, 0x00, // ........c.......
	0x0b, 0x00, 0x00, 0x00, 0xc8, 0x02, 0x00, 0x00, 0x5b, 0x02, 0x00, 0x00, 0xc5, 0x02, 0x00, 0x00, // ........[.......
	0x51, 0x00, 0x05, 0x00, 0x07, 0x00, 0x00, 0x00, 0xc9, 0x02, 0x00, 0x00, 0xc8, 0x02, 0x00, 0x00, // Q...............
	0x00, 0x00, 0x00, 0x00, 0x51, 0x00, 0x05, 0x00, 0x07, 0x00, 0x00, 0x00, 0xca, 0x02, 0x00, 0x00, // ....Q...........
	0xc8, 0x02, 0x00, 0x00, 0x01, 0x00, 0x00, 0x00, 0x51, 0x00, 0x05, 0x00, 0x07, 0x00, 0x00, 0x00, // ........Q.......
	0xcb, 0x02, 0x00, 0x00, 0xc8, 0x02, 0x00, 0x00, 0x02, 0x00, 0x00, 0x00, 0x50, 0x00, 0x07, 0x00, // ............P...
	0x0e, 0x00, 0x00, 0x00, 0xcc, 0x02, 0x00, 0x00, 0xc9, 0x02, 0x00, 0x00, 0xca, 0x02, 0x00, 0x00, // ................
	0xcb, 0x02, 0x00, 0x00, 0x8c, 0x00, 0x00, 0x00, 0x0c, 0x00, 0x06, 0x00, 0x07, 0x00, 0x00, 0x00, // ................
	0xce, 0x02, 0x00, 0x00, 0x01, 0x00, 0x00, 0x00, 0x02, 0x00, 0x00, 0x00, 0xc8, 0x01, 0x00, 0x00, // ................
	0x6e, 0x00, 0x04, 0x00, 0x42, 0x00, 0x00, 0x00, 0xcf, 0x02, 0x00, 0x00, 0xce, 0x02, 0x00, 0x00, // n...B...........
	0x41, 0x00, 0x06, 0x00, 0x99, 0x00, 0x00, 0x00, 0xd0, 0x02, 0x00, 0x00, 0x6f, 0x00, 0x00, 0x00, // A...........o...
	0x43, 0x00, 0x00, 0x00, 0xcf, 0x02, 0x00, 0x00, 0x3d, 0x00, 0x04, 0x00, 0x69, 0x00, 0x00, 0x00, // C.......=...i...
	0xd1, 0x02, 0x00, 0x00, 0xd0, 0x02, 0x00, 0x00, 0x90, 0x00, 0x05, 0x00, 0x0e, 0x00, 0x00, 0x00, // ................
	0xd2, 0x02, 0x00, 0x00, 0xcc, 0x02, 0x00, 0x00, 0xd1, 0x02, 0x00, 0x00, 0x81, 0x00, 0x05, 0x00, // ................
	0x0b, 0x00, 0x00, 0x00, 0xd5, 0x02, 0x00, 0x00, 0x58, 0x02, 0x00, 0x00, 0xc5, 0x02, 0x00, 0x00, // ........X.......
	0x51, 0x00, 0x05, 0x00, 0x07, 0x00, 0x00, 0x00, 0xd6, 0x02, 0x00, 0x00, 0xd5, 0x02, 0x00, 0x00, // Q...............
	0x00, 0x00, 0x00, 0x00, 0x51, 0x00, 0x05, 0x00, 0x07, 0x00, 0x00, 0x00, 0xd7, 0x02, 0x00, 0x00, // ....Q...........
	0xd5, 0x02, 0x00, 0x00, 0x01, 0x00, 0x00, 0x00, 0x51, 0x00, 0x05, 0x00, 0x07, 0x00, 0x00, 0x00, // ........Q.......
	0xd8, 0x02, 0x00, 0x00, 0xd5, 0x02, 0x00, 0x00, 0x02, 0x00, 0x00, 0x00, 0x50, 0x00, 0x07, 0x00, // ............P...
	0x0e, 0x00, 0x00, 0x00, 0xd9, 0x02, 0x00, 0x00, 0xd6, 0x02, 0x00, 0x00, 0xd7, 0x02, 0x00, 0x00, // ................
	0xd8, 0x02, 0x00, 0x00, 0x8c, 0x00, 0x00, 0x00, 0x90, 0x00, 0x05, 0x00, 0x0e, 0x00, 0x00, 0x00, // ................
	0xdf, 0x02, 0x00, 0x00, 0xd9, 0x02, 0x00, 0x00, 0xd1, 0x02, 0x00, 0x00, 0x51, 0x00, 0x05, 0x00, // ............Q...
	0x07, 0x00, 0x00, 0x00, 0xe1, 0x02, 0x00, 0x00, 0xd2, 0x02, 0x00, 0x00, 0x03, 0x00, 0x00, 0x00, // ................
	0x4f, 0x00, 0x07, 0x00, 0x1b, 0x00, 0x00, 0x00, 0xe3, 0x02, 0x00, 0x00, 0xd2, 0x02, 0x00, 0x00, // O...............
	0xd2, 0x02, 0x00, 0x00, 0x00, 0x00, 0x00, 0x00, 0x01, 0x00, 0x00, 0x00, 0x50, 0x00, 0x05, 0x00, // ............P...
	0x1b, 0x00, 0x00, 0x00, 0xe4, 0x02, 0x00, 0x00, 0xe1, 0x02, 0x00, 0x00, 0xe1, 0x02, 0x00, 0x00, // ................
	0x88, 0x00, 0x05, 0x00, 0x1b, 0x00, 0x00, 0x00, 0xe5, 0x02, 0x00, 0x00, 0xe3, 0x02, 0x00, 0x00, // ................
	0xe4, 0x02, 0x00, 0x00, 0x51, 0x00, 0x05, 0x00, 0x07, 0x00, 0x00, 0x00, 0xe7, 0x02, 0x00, 0x00, // ....Q...........
	0xe5, 0x02, 0x00, 0x00, 0x00, 0x00, 0x00, 0x00, 0x51, 0x00, 0x05, 0x00, 0x07, 0x00, 0x00, 0x00, // ........Q.......
	0xe9, 0x02, 0x00, 0x00, 0xe5, 0x02, 0x00, 0x00, 0x01, 0x00, 0x00, 0x00, 0x51, 0x00, 0x05, 0x00, // ............Q...
	0x07, 0x00, 0x00, 0x00, 0xeb, 0x02, 0x00, 0x00, 0xdf, 0x02, 0x00, 0x00, 0x03, 0x00, 0x00, 0x00, // ................
	0x4f, 0x00, 0x07, 0x00, 0x1b, 0x00, 0x00, 0x00, 0xed, 0x02, 0x00, 0x00, 0xdf, 0x02, 0x00, 0x00, // O...............
	0xdf, 0x02, 0x00, 0x00, 0x00, 0x00, 0x00, 0x00, 0x01, 0x00, 0x00, 0x00, 0x50, 0x00, 0x05, 0x00, // ............P...
	0x1b, 0x00, 0x00, 0x00, 0xee, 0x02, 0x00, 0x00, 0xeb, 0x02, 0x00, 0x00, 0xeb, 0x02, 0x00, 0x00, // ................
	0x88, 0x00, 0x05, 0x00, 0x1b, 0x00, 0x00, 0x00, 0xef, 0x02, 0x00, 0x00, 0xed, 0x02, 0x00, 0x00, // ................
	0xee, 0x02, 0x00, 0x00, 0x51, 0x00, 0x05, 0x00, 0x07, 0x00, 0x00, 0x00, 0xf1, 0x02, 0x00, 0x00, // ....Q...........
	0xef, 0x02, 0x00, 0x00, 0x00, 0x00, 0x00, 0x00, 0x51, 0x00, 0x05, 0x00, 0x07, 0x00, 0x00, 0x00, // ........Q.......
	0xf3, 0x02, 0x00, 0x00, 0xef, 0x02, 0x00, 0x00, 0x01, 0x00, 0x00, 0x00, 0x50, 0x00, 0x05, 0x00, // ............P...
	0x1b, 0x00, 0x00, 0x00, 0xfa, 0x02, 0x00, 0x00, 0xe7, 0x02, 0x00, 0x00, 0xc8, 0x03, 0x00, 0x00, // ................
	0x8e, 0x00, 0x05, 0x00, 0x1b, 0x00, 0x00, 0x00, 0xfb, 0x02, 0x00, 0x00, 0xfa, 0x02, 0x00, 0x00, // ................
	0x6e, 0x01, 0x00, 0x00, 0x81, 0x00, 0x05, 0x00, 0x1b, 0x00, 0x00, 0x00, 0xfc, 0x02, 0x00, 0x00, // n...............
	0xc6, 0x03, 0x00, 0x00, 0xfb, 0x02, 0x00, 0x00, 0x51, 0x00, 0x05, 0x00, 0x07, 0x00, 0x00, 0x00, // ........Q.......
	0xfd, 0x02, 0x00, 0x00, 0xfc, 0x02, 0x00, 0x00, 0x00, 0x00, 0x00, 0x00, 0x7f, 0x00, 0x04, 0x00, // ................
	0x07, 0x00, 0x00, 0x00, 0x03, 0x03, 0x00, 0x00, 0xe9, 0x02, 0x00, 0x00, 0x50, 0x00, 0x05, 0x00, // ............P...
	0x1b, 0x00, 0x00, 0x00, 0x04, 0x03, 0x00, 0x00, 0xe7, 0x02, 0x00, 0x00, 0x03, 0x03, 0x00, 0x00, // ................
	0x8e, 0x00, 0x05, 0x00, 0x1b, 0x00, 0x00, 0x00, 0x05, 0x03, 0x00, 0x00, 0x04, 0x03, 0x00, 0x00, // ................
	0x6e, 0x01, 0x00, 0x00, 0x81, 0x00, 0x05, 0x00, 0x1b, 0x00, 0x00, 0x00, 0x06, 0x03, 0x00, 0x00, // n...............
	0xc6, 0x03, 0x00, 0x00, 0x05, 0x03, 0x00, 0x00, 0x51, 0x00, 0x05, 0x00, 0x07, 0x00, 0x00, 0x00, // ........Q.......
	0x07, 0x03, 0x00, 0x00, 0x06, 0x03, 0x00, 0x00, 0x01, 0x00, 0x00, 0x00, 0x50, 0x00, 0x06, 0x00, // ............P...
	0x0b, 0x00, 0x00, 0x00, 0x09, 0x03, 0x00, 0x00, 0xfd, 0x02, 0x00, 0x00, 0x07, 0x03, 0x00, 0x00, // ................
	0xc8, 0x01, 0x00, 0x00, 0x56, 0x00, 0x05, 0x00, 0x4b, 0x00, 0x00, 0x00, 0x72, 0x03, 0x00, 0x00, // ....V...K...r...
	0x3a, 0x00, 0x00, 0x00, 0x38, 0x00, 0x00, 0x00, 0x58, 0x00, 0x07, 0x00, 0x0e, 0x00, 0x00, 0x00, // :...8...X.......
	0x75, 0x03, 0x00, 0x00, 0x72, 0x03, 0x00, 0x00, 0x09, 0x03, 0x00, 0x00, 0x02, 0x00, 0x00, 0x00, // u...r...........
	0x61, 0x00, 0x00, 0x00, 0x4f, 0x00, 0x08, 0x00, 0x0b, 0x00, 0x00, 0x00, 0x0c, 0x03, 0x00, 0x00, // a...O...........
	0x75, 0x03, 0x00, 0x00, 0x75, 0x03, 0x00, 0x00, 0x00, 0x00, 0x00, 0x00, 0x01, 0x00, 0x00, 0x00, // u...u...........
	0x02, 0x00, 0x00, 0x00, 0x50, 0x00, 0x05, 0x00, 0x1b, 0x00, 0x00, 0x00, 0x13, 0x03, 0x00, 0x00, // ....P...........
	0xf1, 0x02, 0x00, 0x00, 0xc8, 0x03, 0x00, 0x00, 0x8e, 0x00, 0x05, 0x00, 0x1b, 0x00, 0x00, 0x00, // ................
	0x14, 0x03, 0x00, 0x00, 0x13, 0x03, 0x00, 0x00, 0x6e, 0x01, 0x00, 0x00, 0x81, 0x00, 0x05, 0x00, // ........n.......
	0x1b, 0x00, 0x00, 0x00, 0x15, 0x03, 0x00, 0x00, 0xc6, 0x03, 0x00, 0x00, 0x14, 0x03, 0x00, 0x00, // ................
	0x51, 0x00, 0x05, 0x00, 0x07, 0x00, 0x00, 0x00, 0x16, 0x03, 0x00, 0x00, 0x15, 0x03, 0x00, 0x00, // Q...............
	0x00, 0x00, 0x00, 0x00, 0x7f, 0x00, 0x04, 0x00, 0x07, 0x00, 0x00, 0x00, 0x1c, 0x03, 0x00, 0x00, // ................
	0xf3, 0x02, 0x00, 0x00, 0x50, 0x00, 0x05, 0x00, 0x1b, 0x00, 0x00, 0x00, 0x1d, 0x03, 0x00, 0x00, // ....P...........
	0xf1, 0x02, 0x00, 0x00, 0x1c, 0x03, 0x00, 0x00, 0x8e, 0x00, 0x05, 0x00, 0x1b, 0x00, 0x00, 0x00, // ................
	0x1e, 0x03, 0x00, 0x00, 0x1d, 0x03, 0x00, 0x00, 0x6e, 0x01, 0x00, 0x00, 0x81, 0x00, 0x05, 0x00, // ........n.......
	0x1b, 0x00, 0x00, 0x00, 0x1f, 0x03, 0x00, 0x00, 0xc6, 0x03, 0x00, 0x00, 0x1e, 0x03, 0x00, 0x00, // ................
	0x51, 0x00, 0x05, 0x00, 0x07, 0x00, 0x00, 0x00, 0x20, 0x03, 0x00, 0x00, 0x1f, 0x03, 0x00, 0x00, // Q....... .......
	0x01, 0x00, 0x00, 0x00, 0x50, 0x00, 0x06, 0x00, 0x0b, 0x00, 0x00, 0x00, 0x22, 0x03, 0x00, 0x00, // ....P......."...
	0x16, 0x03, 0x00, 0x00, 0x20, 0x03, 0x00, 0x00, 0xc8, 0x01, 0x00, 0x00, 0x56, 0x00, 0x05, 0x00, // .... .......V...
	0x4b, 0x00, 0x00, 0x00, 0x84, 0x03, 0x00, 0x00, 0x34, 0x00, 0x00, 0x00, 0x31, 0x00, 0x00, 0x00, // K.......4...1...
	0x58, 0x00, 0x07, 0x00, 0x0e, 0x00, 0x00, 0x00, 0x87, 0x03, 0x00, 0x00, 0x84, 0x03, 0x00, 0x00, // X...............
	0x22, 0x03, 0x00, 0x00, 0x02, 0x00, 0x00, 0x00, 0x61, 0x00, 0x00, 0x00, 0x4f, 0x00, 0x08, 0x00, // ".......a...O...
	0x0b, 0x00, 0x00, 0x00, 0x25, 0x03, 0x00, 0x00, 0x87, 0x03, 0x00, 0x00, 0x87, 0x03, 0x00, 0x00, // ....%...........
	0x00, 0x00, 0x00, 0x00, 0x01, 0x00, 0x00, 0x00, 0x02, 0x00, 0x00, 0x00, 0x0c, 0x00, 0x08, 0x00, // ................
	0x0b, 0x00, 0x00, 0x00, 0x8d, 0x03, 0x00, 0x00, 0x01, 0x00, 0x00, 0x00, 0x2e, 0x00, 0x00, 0x00, // ................
	0x0c, 0x03, 0x00, 0x00, 0x25, 0x03, 0x00, 0x00, 0xa6, 0x02, 0x00, 0x00, 0x81, 0x00, 0x05, 0x00, // ....%...........
	0x0b, 0x00, 0x00, 0x00, 0x2c, 0x03, 0x00, 0x00, 0xca, 0x03, 0x00, 0x00, 0x8d, 0x03, 0x00, 0x00, // ....,...........
	0xf9, 0x00, 0x02, 0x00, 0x2d, 0x03, 0x00, 0x00, 0xf8, 0x00, 0x02, 0x00, 0x2d, 0x03, 0x00, 0x00, // ....-.......-...
	0xf5, 0x00, 0x07, 0x00, 0x0b, 0x00, 0x00, 0x00, 0xd0, 0x03, 0x00, 0x00, 0xbc, 0x02, 0x00, 0x00, // ................
	0xb9, 0x02, 0x00, 0x00, 0x2c, 0x03, 0x00, 0x00, 0xbd, 0x02, 0x00, 0x00, 0xf9, 0x00, 0x02, 0x00, // ....,...........
	0x2e, 0x03, 0x00, 0x00, 0xf8, 0x00, 0x02, 0x00, 0x2e, 0x03, 0x00, 0x00, 0x80, 0x00, 0x05, 0x00, // ................
	0x42, 0x00, 0x00, 0x00, 0x30, 0x03, 0x00, 0x00, 0xc9, 0x03, 0x00, 0x00, 0x43, 0x00, 0x00, 0x00, // B...0.......C...
	0xf9, 0x00, 0x02, 0x00, 0x9a, 0x02, 0x00, 0x00, 0xf8, 0x00, 0x02, 0x00, 0x31, 0x03, 0x00, 0x00, // ............1...
	0x50, 0x00, 0x06, 0x00, 0x0b, 0x00, 0x00, 0x00, 0x35, 0x03, 0x00, 0x00, 0x2b, 0x02, 0x00, 0x00, // P.......5...+...
	0x2b, 0x02, 0x00, 0x00, 0x2b, 0x02, 0x00, 0x00, 0x88, 0x00, 0x05, 0x00, 0x0b, 0x00, 0x00, 0x00, // +...+...........
	0x36, 0x03, 0x00, 0x00, 0xca, 0x03, 0x00, 0x00, 0x35, 0x03, 0x00, 0x00, 0x51, 0x00, 0x05, 0x00, // 6.......5...Q...
	0x07, 0x00, 0x00, 0x00, 0x37, 0x03, 0x00, 0x00, 0x36, 0x03, 0x00, 0x00, 0x00, 0x00, 0x00, 0x00, // ....7...6.......
	0x51, 0x00, 0x05, 0x00, 0x07, 0x00, 0x00, 0x00, 0x38, 0x03, 0x00, 0x00, 0x36, 0x03, 0x00, 0x00, // Q.......8...6...
	0x01, 0x00, 0x00, 0x00, 0x51, 0x00, 0x05, 0x00, 0x07, 0x00, 0x00, 0x00, 0x39, 0x03, 0x00, 0x00, // ....Q.......9...
	0x36, 0x03, 0x00, 0x00, 0x02, 0x00, 0x00, 0x00, 0x50, 0x00, 0x07, 0x00, 0x0e, 0x00, 0x00, 0x00, // 6.......P.......
	0x3a, 0x03, 0x00, 0x00, 0x37, 0x03, 0x00, 0x00, 0x38, 0x03, 0x00, 0x00, 0x39, 0x03, 0x00, 0x00, // :...7...8...9...
	0x8c, 0x00, 0x00, 0x00, 0xf9, 0x00, 0x02, 0x00, 0x3b, 0x03, 0x00, 0x00, 0xf8, 0x00, 0x02, 0x00, // ........;.......
	0x3b, 0x03, 0x00, 0x00, 0xf5, 0x00, 0x07, 0x00, 0x0e, 0x00, 0x00, 0x00, 0xcc, 0x03, 0x00, 0x00, // ;...............
	0x8e, 0x02, 0x00, 0x00, 0x89, 0x02, 0x00, 0x00, 0x3a, 0x03, 0x00, 0x00, 0x31, 0x03, 0x00, 0x00, // ........:...1...
	0x3e, 0x00, 0x03, 0x00, 0xd8, 0x01, 0x00, 0x00, 0xcc, 0x03, 0x00, 0x00, 0xfd, 0x00, 0x01, 0x00, // >...............
	0x38, 0x00, 0x01, 0x00, 0x00, 0x00, 0x90, 0x01,                                                 // 8.......
};
static const bgfx::EmbeddedShader fs_pp_motionblur_st = BGFX_EMBEDDED_SHADER(fs_pp_motionblur_st);
