// Light Shaders

//////////////////////////////////////////////////////////////////////////////////////////////////////////////////////
// Build of vertex shader from vs_light.sc to vs_light_clip with options: CLIP
static const uint8_t vs_light_clip_mtl[935] =
{
	0x56, 0x53, 0x48, 0x0c, 0x00, 0x00, 0x00, 0x00, 0xb6, 0x35, 0xc4, 0x5b, 0x00, 0x00, 0x00, 0x00, // VSH......5.[....
	0x00, 0x00, 0x00, 0x00, 0x03, 0x00, 0x0a, 0x63, 0x6c, 0x69, 0x70, 0x5f, 0x70, 0x6c, 0x61, 0x6e, // .......clip_plan
	0x65, 0x02, 0x01, 0x50, 0x00, 0x01, 0x00, 0x00, 0x00, 0x00, 0x00, 0x0e, 0x63, 0x61, 0x6d, 0x65, // e..P........came
	0x72, 0x61, 0x50, 0x6f, 0x73, 0x57, 0x6f, 0x72, 0x6c, 0x64, 0x02, 0x01, 0x40, 0x00, 0x01, 0x00, // raPosWorld..@...
	0x00, 0x00, 0x00, 0x00, 0x0e, 0x6d, 0x61, 0x74, 0x52, 0x6f, 0x74, 0x56, 0x69, 0x65, 0x77, 0x50, // .....matRotViewP
	0x72, 0x6f, 0x6a, 0x04, 0x01, 0x00, 0x00, 0x04, 0x00, 0x00, 0x00, 0x00, 0x00, 0x40, 0x03, 0x00, // roj..........@..
	0x00, 0x23, 0x69, 0x6e, 0x63, 0x6c, 0x75, 0x64, 0x65, 0x20, 0x3c, 0x6d, 0x65, 0x74, 0x61, 0x6c, // .#include <metal
	0x5f, 0x73, 0x74, 0x64, 0x6c, 0x69, 0x62, 0x3e, 0x0a, 0x23, 0x69, 0x6e, 0x63, 0x6c, 0x75, 0x64, // _stdlib>.#includ
	0x65, 0x20, 0x3c, 0x73, 0x69, 0x6d, 0x64, 0x2f, 0x73, 0x69, 0x6d, 0x64, 0x2e, 0x68, 0x3e, 0x0a, // e <simd/simd.h>.
	0x0a, 0x75, 0x73, 0x69, 0x6e, 0x67, 0x20, 0x6e, 0x61, 0x6d, 0x65, 0x73, 0x70, 0x61, 0x63, 0x65, // .using namespace
	0x20, 0x6d, 0x65, 0x74, 0x61, 0x6c, 0x3b, 0x0a, 0x0a, 0x73, 0x74, 0x72, 0x75, 0x63, 0x74, 0x20, //  metal;..struct 
	0x5f, 0x47, 0x6c, 0x6f, 0x62, 0x61, 0x6c, 0x0a, 0x7b, 0x0a, 0x20, 0x20, 0x20, 0x20, 0x66, 0x6c, // _Global.{.    fl
	0x6f, 0x61, 0x74, 0x34, 0x78, 0x34, 0x20, 0x6d, 0x61, 0x74, 0x52, 0x6f, 0x74, 0x56, 0x69, 0x65, // oat4x4 matRotVie
	0x77, 0x50, 0x72, 0x6f, 0x6a, 0x3b, 0x0a, 0x20, 0x20, 0x20, 0x20, 0x66, 0x6c, 0x6f, 0x61, 0x74, // wProj;.    float
	0x34, 0x20, 0x63, 0x61, 0x6d, 0x65, 0x72, 0x61, 0x50, 0x6f, 0x73, 0x57, 0x6f, 0x72, 0x6c, 0x64, // 4 cameraPosWorld
	0x3b, 0x0a, 0x20, 0x20, 0x20, 0x20, 0x66, 0x6c, 0x6f, 0x61, 0x74, 0x34, 0x20, 0x63, 0x6c, 0x69, // ;.    float4 cli
	0x70, 0x5f, 0x70, 0x6c, 0x61, 0x6e, 0x65, 0x3b, 0x0a, 0x7d, 0x3b, 0x0a, 0x0a, 0x73, 0x74, 0x72, // p_plane;.};..str
	0x75, 0x63, 0x74, 0x20, 0x78, 0x6c, 0x61, 0x74, 0x4d, 0x74, 0x6c, 0x4d, 0x61, 0x69, 0x6e, 0x5f, // uct xlatMtlMain_
	0x6f, 0x75, 0x74, 0x0a, 0x7b, 0x0a, 0x20, 0x20, 0x20, 0x20, 0x66, 0x6c, 0x6f, 0x61, 0x74, 0x20, // out.{.    float 
	0x5f, 0x65, 0x6e, 0x74, 0x72, 0x79, 0x50, 0x6f, 0x69, 0x6e, 0x74, 0x4f, 0x75, 0x74, 0x70, 0x75, // _entryPointOutpu
	0x74, 0x5f, 0x76, 0x5f, 0x63, 0x6c, 0x69, 0x70, 0x44, 0x69, 0x73, 0x74, 0x61, 0x6e, 0x63, 0x65, // t_v_clipDistance
	0x20, 0x5b, 0x5b, 0x75, 0x73, 0x65, 0x72, 0x28, 0x6c, 0x6f, 0x63, 0x6e, 0x30, 0x29, 0x5d, 0x5d, //  [[user(locn0)]]
	0x3b, 0x0a, 0x20, 0x20, 0x20, 0x20, 0x66, 0x6c, 0x6f, 0x61, 0x74, 0x33, 0x20, 0x5f, 0x65, 0x6e, // ;.    float3 _en
	0x74, 0x72, 0x79, 0x50, 0x6f, 0x69, 0x6e, 0x74, 0x4f, 0x75, 0x74, 0x70, 0x75, 0x74, 0x5f, 0x76, // tryPointOutput_v
	0x5f, 0x74, 0x61, 0x62, 0x6c, 0x65, 0x50, 0x6f, 0x73, 0x20, 0x5b, 0x5b, 0x75, 0x73, 0x65, 0x72, // _tablePos [[user
	0x28, 0x6c, 0x6f, 0x63, 0x6e, 0x31, 0x29, 0x5d, 0x5d, 0x3b, 0x0a, 0x20, 0x20, 0x20, 0x20, 0x66, // (locn1)]];.    f
	0x6c, 0x6f, 0x61, 0x74, 0x34, 0x20, 0x67, 0x6c, 0x5f, 0x50, 0x6f, 0x73, 0x69, 0x74, 0x69, 0x6f, // loat4 gl_Positio
	0x6e, 0x20, 0x5b, 0x5b, 0x70, 0x6f, 0x73, 0x69, 0x74, 0x69, 0x6f, 0x6e, 0x5d, 0x5d, 0x3b, 0x0a, // n [[position]];.
	0x7d, 0x3b, 0x0a, 0x0a, 0x73, 0x74, 0x72, 0x75, 0x63, 0x74, 0x20, 0x78, 0x6c, 0x61, 0x74, 0x4d, // };..struct xlatM
	0x74, 0x6c, 0x4d, 0x61, 0x69, 0x6e, 0x5f, 0x69, 0x6e, 0x0a, 0x7b, 0x0a, 0x20, 0x20, 0x20, 0x20, // tlMain_in.{.    
	0x66, 0x6c, 0x6f, 0x61, 0x74, 0x33, 0x20, 0x61, 0x5f, 0x70, 0x6f, 0x73, 0x69, 0x74, 0x69, 0x6f, // float3 a_positio
	0x6e, 0x20, 0x5b, 0x5b, 0x61, 0x74, 0x74, 0x72, 0x69, 0x62, 0x75, 0x74, 0x65, 0x28, 0x30, 0x29, // n [[attribute(0)
	0x5d, 0x5d, 0x3b, 0x0a, 0x7d, 0x3b, 0x0a, 0x0a, 0x76, 0x65, 0x72, 0x74, 0x65, 0x78, 0x20, 0x78, // ]];.};..vertex x
	0x6c, 0x61, 0x74, 0x4d, 0x74, 0x6c, 0x4d, 0x61, 0x69, 0x6e, 0x5f, 0x6f, 0x75, 0x74, 0x20, 0x78, // latMtlMain_out x
	0x6c, 0x61, 0x74, 0x4d, 0x74, 0x6c, 0x4d, 0x61, 0x69, 0x6e, 0x28, 0x78, 0x6c, 0x61, 0x74, 0x4d, // latMtlMain(xlatM
	0x74, 0x6c, 0x4d, 0x61, 0x69, 0x6e, 0x5f, 0x69, 0x6e, 0x20, 0x69, 0x6e, 0x20, 0x5b, 0x5b, 0x73, // tlMain_in in [[s
	0x74, 0x61, 0x67, 0x65, 0x5f, 0x69, 0x6e, 0x5d, 0x5d, 0x2c, 0x20, 0x63, 0x6f, 0x6e, 0x73, 0x74, // tage_in]], const
	0x61, 0x6e, 0x74, 0x20, 0x5f, 0x47, 0x6c, 0x6f, 0x62, 0x61, 0x6c, 0x26, 0x20, 0x5f, 0x6d, 0x74, // ant _Global& _mt
	0x6c, 0x5f, 0x75, 0x20, 0x5b, 0x5b, 0x62, 0x75, 0x66, 0x66, 0x65, 0x72, 0x28, 0x30, 0x29, 0x5d, // l_u [[buffer(0)]
	0x5d, 0x29, 0x0a, 0x7b, 0x0a, 0x20, 0x20, 0x20, 0x20, 0x78, 0x6c, 0x61, 0x74, 0x4d, 0x74, 0x6c, // ]).{.    xlatMtl
	0x4d, 0x61, 0x69, 0x6e, 0x5f, 0x6f, 0x75, 0x74, 0x20, 0x6f, 0x75, 0x74, 0x20, 0x3d, 0x20, 0x7b, // Main_out out = {
	0x7d, 0x3b, 0x0a, 0x20, 0x20, 0x20, 0x20, 0x6f, 0x75, 0x74, 0x2e, 0x67, 0x6c, 0x5f, 0x50, 0x6f, // };.    out.gl_Po
	0x73, 0x69, 0x74, 0x69, 0x6f, 0x6e, 0x20, 0x3d, 0x20, 0x5f, 0x6d, 0x74, 0x6c, 0x5f, 0x75, 0x2e, // sition = _mtl_u.
	0x6d, 0x61, 0x74, 0x52, 0x6f, 0x74, 0x56, 0x69, 0x65, 0x77, 0x50, 0x72, 0x6f, 0x6a, 0x20, 0x2a, // matRotViewProj *
	0x20, 0x66, 0x6c, 0x6f, 0x61, 0x74, 0x34, 0x28, 0x69, 0x6e, 0x2e, 0x61, 0x5f, 0x70, 0x6f, 0x73, //  float4(in.a_pos
	0x69, 0x74, 0x69, 0x6f, 0x6e, 0x20, 0x2d, 0x20, 0x5f, 0x6d, 0x74, 0x6c, 0x5f, 0x75, 0x2e, 0x63, // ition - _mtl_u.c
	0x61, 0x6d, 0x65, 0x72, 0x61, 0x50, 0x6f, 0x73, 0x57, 0x6f, 0x72, 0x6c, 0x64, 0x2e, 0x78, 0x79, // ameraPosWorld.xy
	0x7a, 0x2c, 0x20, 0x31, 0x2e, 0x30, 0x29, 0x3b, 0x0a, 0x20, 0x20, 0x20, 0x20, 0x6f, 0x75, 0x74, // z, 1.0);.    out
	0x2e, 0x5f, 0x65, 0x6e, 0x74, 0x72, 0x79, 0x50, 0x6f, 0x69, 0x6e, 0x74, 0x4f, 0x75, 0x74, 0x70, // ._entryPointOutp
	0x75, 0x74, 0x5f, 0x76, 0x5f, 0x63, 0x6c, 0x69, 0x70, 0x44, 0x69, 0x73, 0x74, 0x61, 0x6e, 0x63, // ut_v_clipDistanc
	0x65, 0x20, 0x3d, 0x20, 0x64, 0x6f, 0x74, 0x28, 0x5f, 0x6d, 0x74, 0x6c, 0x5f, 0x75, 0x2e, 0x63, // e = dot(_mtl_u.c
	0x6c, 0x69, 0x70, 0x5f, 0x70, 0x6c, 0x61, 0x6e, 0x65, 0x2c, 0x20, 0x66, 0x6c, 0x6f, 0x61, 0x74, // lip_plane, float
	0x34, 0x28, 0x69, 0x6e, 0x2e, 0x61, 0x5f, 0x70, 0x6f, 0x73, 0x69, 0x74, 0x69, 0x6f, 0x6e, 0x2c, // 4(in.a_position,
	0x20, 0x31, 0x2e, 0x30, 0x29, 0x29, 0x3b, 0x0a, 0x20, 0x20, 0x20, 0x20, 0x6f, 0x75, 0x74, 0x2e, //  1.0));.    out.
	0x5f, 0x65, 0x6e, 0x74, 0x72, 0x79, 0x50, 0x6f, 0x69, 0x6e, 0x74, 0x4f, 0x75, 0x74, 0x70, 0x75, // _entryPointOutpu
	0x74, 0x5f, 0x76, 0x5f, 0x74, 0x61, 0x62, 0x6c, 0x65, 0x50, 0x6f, 0x73, 0x20, 0x3d, 0x20, 0x69, // t_v_tablePos = i
	0x6e, 0x2e, 0x61, 0x5f, 0x70, 0x6f, 0x73, 0x69, 0x74, 0x69, 0x6f, 0x6e, 0x3b, 0x0a, 0x20, 0x20, // n.a_position;.  
	0x20, 0x20, 0x72, 0x65, 0x74, 0x75, 0x72, 0x6e, 0x20, 0x6f, 0x75, 0x74, 0x3b, 0x0a, 0x7d, 0x0a, //   return out;.}.
	0x0a, 0x00, 0x01, 0x01, 0x00, 0x60, 0x00,                                                       // .....`.
};
static const uint8_t vs_light_clip_essl[458] =
{
	0x56, 0x53, 0x48, 0x0c, 0x00, 0x00, 0x00, 0x00, 0xb6, 0x35, 0xc4, 0x5b, 0x00, 0x00, 0x00, 0x00, // VSH......5.[....
	0x00, 0x00, 0x00, 0x00, 0x03, 0x00, 0x0a, 0x63, 0x6c, 0x69, 0x70, 0x5f, 0x70, 0x6c, 0x61, 0x6e, // .......clip_plan
	0x65, 0x02, 0x01, 0x00, 0x00, 0x01, 0x00, 0x00, 0x00, 0x00, 0x00, 0x0e, 0x63, 0x61, 0x6d, 0x65, // e...........came
	0x72, 0x61, 0x50, 0x6f, 0x73, 0x57, 0x6f, 0x72, 0x6c, 0x64, 0x02, 0x01, 0x00, 0x00, 0x01, 0x00, // raPosWorld......
	0x00, 0x00, 0x00, 0x00, 0x0e, 0x6d, 0x61, 0x74, 0x52, 0x6f, 0x74, 0x56, 0x69, 0x65, 0x77, 0x50, // .....matRotViewP
	0x72, 0x6f, 0x6a, 0x04, 0x01, 0x00, 0x00, 0x04, 0x00, 0x00, 0x00, 0x00, 0x00, 0x68, 0x01, 0x00, // roj..........h..
	0x00, 0x0a, 0x75, 0x6e, 0x69, 0x66, 0x6f, 0x72, 0x6d, 0x20, 0x76, 0x65, 0x63, 0x34, 0x20, 0x63, // ..uniform vec4 c
	0x6c, 0x69, 0x70, 0x5f, 0x70, 0x6c, 0x61, 0x6e, 0x65, 0x3b, 0x0a, 0x75, 0x6e, 0x69, 0x66, 0x6f, // lip_plane;.unifo
	0x72, 0x6d, 0x20, 0x76, 0x65, 0x63, 0x34, 0x20, 0x63, 0x61, 0x6d, 0x65, 0x72, 0x61, 0x50, 0x6f, // rm vec4 cameraPo
	0x73, 0x57, 0x6f, 0x72, 0x6c, 0x64, 0x3b, 0x0a, 0x75, 0x6e, 0x69, 0x66, 0x6f, 0x72, 0x6d, 0x20, // sWorld;.uniform 
	0x6d, 0x61, 0x74, 0x34, 0x20, 0x6d, 0x61, 0x74, 0x52, 0x6f, 0x74, 0x56, 0x69, 0x65, 0x77, 0x50, // mat4 matRotViewP
	0x72, 0x6f, 0x6a, 0x3b, 0x0a, 0x0a, 0x6c, 0x61, 0x79, 0x6f, 0x75, 0x74, 0x28, 0x6c, 0x6f, 0x63, // roj;..layout(loc
	0x61, 0x74, 0x69, 0x6f, 0x6e, 0x20, 0x3d, 0x20, 0x30, 0x29, 0x20, 0x69, 0x6e, 0x20, 0x76, 0x65, // ation = 0) in ve
	0x63, 0x33, 0x20, 0x61, 0x5f, 0x70, 0x6f, 0x73, 0x69, 0x74, 0x69, 0x6f, 0x6e, 0x3b, 0x0a, 0x6f, // c3 a_position;.o
	0x75, 0x74, 0x20, 0x76, 0x65, 0x63, 0x33, 0x20, 0x76, 0x5f, 0x74, 0x61, 0x62, 0x6c, 0x65, 0x50, // ut vec3 v_tableP
	0x6f, 0x73, 0x3b, 0x0a, 0x6f, 0x75, 0x74, 0x20, 0x66, 0x6c, 0x6f, 0x61, 0x74, 0x20, 0x76, 0x5f, // os;.out float v_
	0x63, 0x6c, 0x69, 0x70, 0x44, 0x69, 0x73, 0x74, 0x61, 0x6e, 0x63, 0x65, 0x3b, 0x0a, 0x0a, 0x76, // clipDistance;..v
	0x6f, 0x69, 0x64, 0x20, 0x6d, 0x61, 0x69, 0x6e, 0x28, 0x29, 0x0a, 0x7b, 0x0a, 0x20, 0x20, 0x20, // oid main().{.   
	0x20, 0x76, 0x5f, 0x74, 0x61, 0x62, 0x6c, 0x65, 0x50, 0x6f, 0x73, 0x20, 0x3d, 0x20, 0x61, 0x5f, //  v_tablePos = a_
	0x70, 0x6f, 0x73, 0x69, 0x74, 0x69, 0x6f, 0x6e, 0x3b, 0x0a, 0x20, 0x20, 0x20, 0x20, 0x76, 0x5f, // position;.    v_
	0x63, 0x6c, 0x69, 0x70, 0x44, 0x69, 0x73, 0x74, 0x61, 0x6e, 0x63, 0x65, 0x20, 0x3d, 0x20, 0x64, // clipDistance = d
	0x6f, 0x74, 0x28, 0x63, 0x6c, 0x69, 0x70, 0x5f, 0x70, 0x6c, 0x61, 0x6e, 0x65, 0x2c, 0x20, 0x76, // ot(clip_plane, v
	0x65, 0x63, 0x34, 0x28, 0x61, 0x5f, 0x70, 0x6f, 0x73, 0x69, 0x74, 0x69, 0x6f, 0x6e, 0x2c, 0x20, // ec4(a_position, 
	0x31, 0x2e, 0x30, 0x29, 0x29, 0x3b, 0x0a, 0x20, 0x20, 0x20, 0x20, 0x67, 0x6c, 0x5f, 0x50, 0x6f, // 1.0));.    gl_Po
	0x73, 0x69, 0x74, 0x69, 0x6f, 0x6e, 0x20, 0x3d, 0x20, 0x6d, 0x61, 0x74, 0x52, 0x6f, 0x74, 0x56, // sition = matRotV
	0x69, 0x65, 0x77, 0x50, 0x72, 0x6f, 0x6a, 0x20, 0x2a, 0x20, 0x76, 0x65, 0x63, 0x34, 0x28, 0x61, // iewProj * vec4(a
	0x5f, 0x70, 0x6f, 0x73, 0x69, 0x74, 0x69, 0x6f, 0x6e, 0x20, 0x2d, 0x20, 0x63, 0x61, 0x6d, 0x65, // _position - came
	0x72, 0x61, 0x50, 0x6f, 0x73, 0x57, 0x6f, 0x72, 0x6c, 0x64, 0x2e, 0x78, 0x79, 0x7a, 0x2c, 0x20, // raPosWorld.xyz, 
	0x31, 0x2e, 0x30, 0x29, 0x3b, 0x0a, 0x7d, 0x0a, 0x0a, 0x00,                                     // 1.0);.}...
};
static const uint8_t vs_light_clip_glsl[458] =
{
	0x56, 0x53, 0x48, 0x0c, 0x00, 0x00, 0x00, 0x00, 0xb6, 0x35, 0xc4, 0x5b, 0x00, 0x00, 0x00, 0x00, // VSH......5.[....
	0x00, 0x00, 0x00, 0x00, 0x03, 0x00, 0x0a, 0x63, 0x6c, 0x69, 0x70, 0x5f, 0x70, 0x6c, 0x61, 0x6e, // .......clip_plan
	0x65, 0x02, 0x01, 0x00, 0x00, 0x01, 0x00, 0x00, 0x00, 0x00, 0x00, 0x0e, 0x63, 0x61, 0x6d, 0x65, // e...........came
	0x72, 0x61, 0x50, 0x6f, 0x73, 0x57, 0x6f, 0x72, 0x6c, 0x64, 0x02, 0x01, 0x00, 0x00, 0x01, 0x00, // raPosWorld......
	0x00, 0x00, 0x00, 0x00, 0x0e, 0x6d, 0x61, 0x74, 0x52, 0x6f, 0x74, 0x56, 0x69, 0x65, 0x77, 0x50, // .....matRotViewP
	0x72, 0x6f, 0x6a, 0x04, 0x01, 0x00, 0x00, 0x04, 0x00, 0x00, 0x00, 0x00, 0x00, 0x68, 0x01, 0x00, // roj..........h..
	0x00, 0x0a, 0x75, 0x6e, 0x69, 0x66, 0x6f, 0x72, 0x6d, 0x20, 0x76, 0x65, 0x63, 0x34, 0x20, 0x63, // ..uniform vec4 c
	0x6c, 0x69, 0x70, 0x5f, 0x70, 0x6c, 0x61, 0x6e, 0x65, 0x3b, 0x0a, 0x75, 0x6e, 0x69, 0x66, 0x6f, // lip_plane;.unifo
	0x72, 0x6d, 0x20, 0x76, 0x65, 0x63, 0x34, 0x20, 0x63, 0x61, 0x6d, 0x65, 0x72, 0x61, 0x50, 0x6f, // rm vec4 cameraPo
	0x73, 0x57, 0x6f, 0x72, 0x6c, 0x64, 0x3b, 0x0a, 0x75, 0x6e, 0x69, 0x66, 0x6f, 0x72, 0x6d, 0x20, // sWorld;.uniform 
	0x6d, 0x61, 0x74, 0x34, 0x20, 0x6d, 0x61, 0x74, 0x52, 0x6f, 0x74, 0x56, 0x69, 0x65, 0x77, 0x50, // mat4 matRotViewP
	0x72, 0x6f, 0x6a, 0x3b, 0x0a, 0x0a, 0x6c, 0x61, 0x79, 0x6f, 0x75, 0x74, 0x28, 0x6c, 0x6f, 0x63, // roj;..layout(loc
	0x61, 0x74, 0x69, 0x6f, 0x6e, 0x20, 0x3d, 0x20, 0x30, 0x29, 0x20, 0x69, 0x6e, 0x20, 0x76, 0x65, // ation = 0) in ve
	0x63, 0x33, 0x20, 0x61, 0x5f, 0x70, 0x6f, 0x73, 0x69, 0x74, 0x69, 0x6f, 0x6e, 0x3b, 0x0a, 0x6f, // c3 a_position;.o
	0x75, 0x74, 0x20, 0x76, 0x65, 0x63, 0x33, 0x20, 0x76, 0x5f, 0x74, 0x61, 0x62, 0x6c, 0x65, 0x50, // ut vec3 v_tableP
	0x6f, 0x73, 0x3b, 0x0a, 0x6f, 0x75, 0x74, 0x20, 0x66, 0x6c, 0x6f, 0x61, 0x74, 0x20, 0x76, 0x5f, // os;.out float v_
	0x63, 0x6c, 0x69, 0x70, 0x44, 0x69, 0x73, 0x74, 0x61, 0x6e, 0x63, 0x65, 0x3b, 0x0a, 0x0a, 0x76, // clipDistance;..v
	0x6f, 0x69, 0x64, 0x20, 0x6d, 0x61, 0x69, 0x6e, 0x28, 0x29, 0x0a, 0x7b, 0x0a, 0x20, 0x20, 0x20, // oid main().{.   
	0x20, 0x76, 0x5f, 0x74, 0x61, 0x62, 0x6c, 0x65, 0x50, 0x6f, 0x73, 0x20, 0x3d, 0x20, 0x61, 0x5f, //  v_tablePos = a_
	0x70, 0x6f, 0x73, 0x69, 0x74, 0x69, 0x6f, 0x6e, 0x3b, 0x0a, 0x20, 0x20, 0x20, 0x20, 0x76, 0x5f, // position;.    v_
	0x63, 0x6c, 0x69, 0x70, 0x44, 0x69, 0x73, 0x74, 0x61, 0x6e, 0x63, 0x65, 0x20, 0x3d, 0x20, 0x64, // clipDistance = d
	0x6f, 0x74, 0x28, 0x63, 0x6c, 0x69, 0x70, 0x5f, 0x70, 0x6c, 0x61, 0x6e, 0x65, 0x2c, 0x20, 0x76, // ot(clip_plane, v
	0x65, 0x63, 0x34, 0x28, 0x61, 0x5f, 0x70, 0x6f, 0x73, 0x69, 0x74, 0x69, 0x6f, 0x6e, 0x2c, 0x20, // ec4(a_position, 
	0x31, 0x2e, 0x30, 0x29, 0x29, 0x3b, 0x0a, 0x20, 0x20, 0x20, 0x20, 0x67, 0x6c, 0x5f, 0x50, 0x6f, // 1.0));.    gl_Po
	0x73, 0x69, 0x74, 0x69, 0x6f, 0x6e, 0x20, 0x3d, 0x20, 0x6d, 0x61, 0x74, 0x52, 0x6f, 0x74, 0x56, // sition = matRotV
	0x69, 0x65, 0x77, 0x50, 0x72, 0x6f, 0x6a, 0x20, 0x2a, 0x20, 0x76, 0x65, 0x63, 0x34, 0x28, 0x61, // iewProj * vec4(a
	0x5f, 0x70, 0x6f, 0x73, 0x69, 0x74, 0x69, 0x6f, 0x6e, 0x20, 0x2d, 0x20, 0x63, 0x61, 0x6d, 0x65, // _position - came
	0x72, 0x61, 0x50, 0x6f, 0x73, 0x57, 0x6f, 0x72, 0x6c, 0x64, 0x2e, 0x78, 0x79, 0x7a, 0x2c, 0x20, // raPosWorld.xyz, 
	0x31, 0x2e, 0x30, 0x29, 0x3b, 0x0a, 0x7d, 0x0a, 0x0a, 0x00,                                     // 1.0);.}...
};
static const uint8_t vs_light_clip_dxbc[683] =
{
	0x56, 0x53, 0x48, 0x0c, 0x00, 0x00, 0x00, 0x00, 0xb6, 0x35, 0xc4, 0x5b, 0x00, 0x00, 0x00, 0x00, // VSH......5.[....
	0x00, 0x00, 0x00, 0x00, 0x03, 0x00, 0x0e, 0x6d, 0x61, 0x74, 0x52, 0x6f, 0x74, 0x56, 0x69, 0x65, // .......matRotVie
	0x77, 0x50, 0x72, 0x6f, 0x6a, 0x04, 0x00, 0x00, 0x00, 0x04, 0x00, 0x00, 0x00, 0x00, 0x00, 0x0e, // wProj...........
	0x63, 0x61, 0x6d, 0x65, 0x72, 0x61, 0x50, 0x6f, 0x73, 0x57, 0x6f, 0x72, 0x6c, 0x64, 0x02, 0x00, // cameraPosWorld..
	0x40, 0x00, 0x01, 0x00, 0x00, 0x00, 0x00, 0x00, 0x0a, 0x63, 0x6c, 0x69, 0x70, 0x5f, 0x70, 0x6c, // @........clip_pl
	0x61, 0x6e, 0x65, 0x02, 0x00, 0x50, 0x00, 0x01, 0x00, 0x00, 0x00, 0x00, 0x00, 0x44, 0x02, 0x00, // ane..P.......D..
	0x00, 0x44, 0x58, 0x42, 0x43, 0x0d, 0x9a, 0xd3, 0x6a, 0x0c, 0xb1, 0x23, 0x98, 0xe6, 0x45, 0x52, // .DXBC...j..#..ER
	0x1e, 0xa7, 0x6c, 0xaf, 0x25, 0x01, 0x00, 0x00, 0x00, 0x44, 0x02, 0x00, 0x00, 0x03, 0x00, 0x00, // ..l.%....D......
	0x00, 0x2c, 0x00, 0x00, 0x00, 0x60, 0x00, 0x00, 0x00, 0xd0, 0x00, 0x00, 0x00, 0x49, 0x53, 0x47, // .,...`.......ISG
	0x4e, 0x2c, 0x00, 0x00, 0x00, 0x01, 0x00, 0x00, 0x00, 0x08, 0x00, 0x00, 0x00, 0x20, 0x00, 0x00, // N,........... ..
	0x00, 0x00, 0x00, 0x00, 0x00, 0x00, 0x00, 0x00, 0x00, 0x03, 0x00, 0x00, 0x00, 0x00, 0x00, 0x00, // ................
	0x00, 0x07, 0x07, 0x00, 0x00, 0x50, 0x4f, 0x53, 0x49, 0x54, 0x49, 0x4f, 0x4e, 0x00, 0xab, 0xab, // .....POSITION...
	0xab, 0x4f, 0x53, 0x47, 0x4e, 0x68, 0x00, 0x00, 0x00, 0x03, 0x00, 0x00, 0x00, 0x08, 0x00, 0x00, // .OSGNh..........
	0x00, 0x50, 0x00, 0x00, 0x00, 0x00, 0x00, 0x00, 0x00, 0x01, 0x00, 0x00, 0x00, 0x03, 0x00, 0x00, // .P..............
	0x00, 0x00, 0x00, 0x00, 0x00, 0x0f, 0x00, 0x00, 0x00, 0x5c, 0x00, 0x00, 0x00, 0x03, 0x00, 0x00, // ................
	0x00, 0x00, 0x00, 0x00, 0x00, 0x03, 0x00, 0x00, 0x00, 0x01, 0x00, 0x00, 0x00, 0x01, 0x0e, 0x00, // ................
	0x00, 0x5c, 0x00, 0x00, 0x00, 0x01, 0x00, 0x00, 0x00, 0x00, 0x00, 0x00, 0x00, 0x03, 0x00, 0x00, // ................
	0x00, 0x01, 0x00, 0x00, 0x00, 0x0e, 0x01, 0x00, 0x00, 0x53, 0x56, 0x5f, 0x50, 0x4f, 0x53, 0x49, // .........SV_POSI
	0x54, 0x49, 0x4f, 0x4e, 0x00, 0x54, 0x45, 0x58, 0x43, 0x4f, 0x4f, 0x52, 0x44, 0x00, 0xab, 0xab, // TION.TEXCOORD...
	0xab, 0x53, 0x48, 0x45, 0x58, 0x6c, 0x01, 0x00, 0x00, 0x50, 0x00, 0x01, 0x00, 0x5b, 0x00, 0x00, // .SHEXl...P...[..
	0x00, 0x6a, 0x08, 0x00, 0x01, 0x59, 0x00, 0x00, 0x04, 0x46, 0x8e, 0x20, 0x00, 0x00, 0x00, 0x00, // .j...Y...F. ....
	0x00, 0x06, 0x00, 0x00, 0x00, 0x5f, 0x00, 0x00, 0x03, 0x72, 0x10, 0x10, 0x00, 0x00, 0x00, 0x00, // ....._...r......
	0x00, 0x67, 0x00, 0x00, 0x04, 0xf2, 0x20, 0x10, 0x00, 0x00, 0x00, 0x00, 0x00, 0x01, 0x00, 0x00, // .g.... .........
	0x00, 0x65, 0x00, 0x00, 0x03, 0x12, 0x20, 0x10, 0x00, 0x01, 0x00, 0x00, 0x00, 0x65, 0x00, 0x00, // .e.... ......e..
	0x03, 0xe2, 0x20, 0x10, 0x00, 0x01, 0x00, 0x00, 0x00, 0x68, 0x00, 0x00, 0x02, 0x02, 0x00, 0x00, // .. ......h......
	0x00, 0x00, 0x00, 0x00, 0x09, 0x72, 0x00, 0x10, 0x00, 0x00, 0x00, 0x00, 0x00, 0x46, 0x12, 0x10, // .....r.......F..
	0x00, 0x00, 0x00, 0x00, 0x00, 0x46, 0x82, 0x20, 0x80, 0x41, 0x00, 0x00, 0x00, 0x00, 0x00, 0x00, // .....F. .A......
	0x00, 0x04, 0x00, 0x00, 0x00, 0x38, 0x00, 0x00, 0x08, 0xf2, 0x00, 0x10, 0x00, 0x01, 0x00, 0x00, // .....8..........
	0x00, 0x56, 0x05, 0x10, 0x00, 0x00, 0x00, 0x00, 0x00, 0x46, 0x8e, 0x20, 0x00, 0x00, 0x00, 0x00, // .V.......F. ....
	0x00, 0x01, 0x00, 0x00, 0x00, 0x32, 0x00, 0x00, 0x0a, 0xf2, 0x00, 0x10, 0x00, 0x01, 0x00, 0x00, // .....2..........
	0x00, 0x46, 0x8e, 0x20, 0x00, 0x00, 0x00, 0x00, 0x00, 0x00, 0x00, 0x00, 0x00, 0x06, 0x00, 0x10, // .F. ............
	0x00, 0x00, 0x00, 0x00, 0x00, 0x46, 0x0e, 0x10, 0x00, 0x01, 0x00, 0x00, 0x00, 0x32, 0x00, 0x00, // .....F.......2..
	0x0a, 0xf2, 0x00, 0x10, 0x00, 0x00, 0x00, 0x00, 0x00, 0x46, 0x8e, 0x20, 0x00, 0x00, 0x00, 0x00, // .........F. ....
	0x00, 0x02, 0x00, 0x00, 0x00, 0xa6, 0x0a, 0x10, 0x00, 0x00, 0x00, 0x00, 0x00, 0x46, 0x0e, 0x10, // .............F..
	0x00, 0x01, 0x00, 0x00, 0x00, 0x00, 0x00, 0x00, 0x08, 0xf2, 0x20, 0x10, 0x00, 0x00, 0x00, 0x00, // .......... .....
	0x00, 0x46, 0x0e, 0x10, 0x00, 0x00, 0x00, 0x00, 0x00, 0x46, 0x8e, 0x20, 0x00, 0x00, 0x00, 0x00, // .F.......F. ....
	0x00, 0x03, 0x00, 0x00, 0x00, 0x36, 0x00, 0x00, 0x05, 0x72, 0x00, 0x10, 0x00, 0x00, 0x00, 0x00, // .....6...r......
	0x00, 0x46, 0x12, 0x10, 0x00, 0x00, 0x00, 0x00, 0x00, 0x36, 0x00, 0x00, 0x05, 0x82, 0x00, 0x10, // .F.......6......
	0x00, 0x00, 0x00, 0x00, 0x00, 0x01, 0x40, 0x00, 0x00, 0x00, 0x00, 0x80, 0x3f, 0x11, 0x00, 0x00, // ......@.....?...
	0x08, 0x12, 0x20, 0x10, 0x00, 0x01, 0x00, 0x00, 0x00, 0x46, 0x8e, 0x20, 0x00, 0x00, 0x00, 0x00, // .. ......F. ....
	0x00, 0x05, 0x00, 0x00, 0x00, 0x46, 0x0e, 0x10, 0x00, 0x00, 0x00, 0x00, 0x00, 0x36, 0x00, 0x00, // .....F.......6..
	0x05, 0xe2, 0x20, 0x10, 0x00, 0x01, 0x00, 0x00, 0x00, 0x06, 0x19, 0x10, 0x00, 0x00, 0x00, 0x00, // .. .............
	0x00, 0x3e, 0x00, 0x00, 0x01, 0x00, 0x01, 0x01, 0x00, 0x60, 0x00,                               // .>.......`.
};
static const uint8_t vs_light_clip_dxil[2703] =
{
	0x56, 0x53, 0x48, 0x0c, 0x00, 0x00, 0x00, 0x00, 0xb6, 0x35, 0xc4, 0x5b, 0x00, 0x00, 0x00, 0x00, // VSH......5.[....
	0x00, 0x00, 0x00, 0x00, 0x03, 0x00, 0x0e, 0x6d, 0x61, 0x74, 0x52, 0x6f, 0x74, 0x56, 0x69, 0x65, // .......matRotVie
	0x77, 0x50, 0x72, 0x6f, 0x6a, 0x04, 0x00, 0x00, 0x00, 0x04, 0x00, 0x00, 0x00, 0x00, 0x00, 0x0e, // wProj...........
	0x63, 0x61, 0x6d, 0x65, 0x72, 0x61, 0x50, 0x6f, 0x73, 0x57, 0x6f, 0x72, 0x6c, 0x64, 0x02, 0x00, // cameraPosWorld..
	0x40, 0x00, 0x01, 0x00, 0x00, 0x00, 0x00, 0x00, 0x0a, 0x63, 0x6c, 0x69, 0x70, 0x5f, 0x70, 0x6c, // @........clip_pl
	0x61, 0x6e, 0x65, 0x02, 0x00, 0x50, 0x00, 0x01, 0x00, 0x00, 0x00, 0x00, 0x00, 0x28, 0x0a, 0x00, // ane..P.......(..
	0x00, 0x44, 0x58, 0x42, 0x43, 0x98, 0x96, 0x1f, 0x62, 0xf7, 0xc9, 0xeb, 0xd9, 0xd7, 0x62, 0xc7, // .DXBC...b.....b.
	0xfb, 0x3e, 0x4c, 0x28, 0x1d, 0x01, 0x00, 0x00, 0x00, 0x28, 0x0a, 0x00, 0x00, 0x07, 0x00, 0x00, // .>L(.....(......
	0x00, 0x3c, 0x00, 0x00, 0x00, 0x4c, 0x00, 0x00, 0x00, 0x88, 0x00, 0x00, 0x00, 0x10, 0x01, 0x00, // .<...L..........
	0x00, 0xfc, 0x01, 0x00, 0x00, 0x30, 0x02, 0x00, 0x00, 0x4c, 0x02, 0x00, 0x00, 0x53, 0x46, 0x49, // .....0...L...SFI
	0x30, 0x08, 0x00, 0x00, 0x00, 0x00, 0x00, 0x00, 0x00, 0x00, 0x00, 0x00, 0x00, 0x49, 0x53, 0x47, // 0............ISG
	0x31, 0x34, 0x00, 0x00, 0x00, 0x01, 0x00, 0x00, 0x00, 0x08, 0x00, 0x00, 0x00, 0x00, 0x00, 0x00, // 14..............
	0x00, 0x28, 0x00, 0x00, 0x00, 0x00, 0x00, 0x00, 0x00, 0x00, 0x00, 0x00, 0x00, 0x03, 0x00, 0x00, // .(..............
	0x00, 0x00, 0x00, 0x00, 0x00, 0x07, 0x07, 0x00, 0x00, 0x00, 0x00, 0x00, 0x00, 0x50, 0x4f, 0x53, // .............POS
	0x49, 0x54, 0x49, 0x4f, 0x4e, 0x00, 0x00, 0x00, 0x00, 0x4f, 0x53, 0x47, 0x31, 0x80, 0x00, 0x00, // ITION....OSG1...
	0x00, 0x03, 0x00, 0x00, 0x00, 0x08, 0x00, 0x00, 0x00, 0x00, 0x00, 0x00, 0x00, 0x68, 0x00, 0x00, // .............h..
	0x00, 0x00, 0x00, 0x00, 0x00, 0x01, 0x00, 0x00, 0x00, 0x03, 0x00, 0x00, 0x00, 0x00, 0x00, 0x00, // ................
	0x00, 0x0f, 0x00, 0x00, 0x00, 0x00, 0x00, 0x00, 0x00, 0x00, 0x00, 0x00, 0x00, 0x74, 0x00, 0x00, // .............t..
	0x00, 0x03, 0x00, 0x00, 0x00, 0x00, 0x00, 0x00, 0x00, 0x03, 0x00, 0x00, 0x00, 0x01, 0x00, 0x00, // ................
	0x00, 0x01, 0x0e, 0x00, 0x00, 0x00, 0x00, 0x00, 0x00, 0x00, 0x00, 0x00, 0x00, 0x74, 0x00, 0x00, // .............t..
	0x00, 0x01, 0x00, 0x00, 0x00, 0x00, 0x00, 0x00, 0x00, 0x03, 0x00, 0x00, 0x00, 0x01, 0x00, 0x00, // ................
	0x00, 0x0e, 0x01, 0x00, 0x00, 0x00, 0x00, 0x00, 0x00, 0x53, 0x56, 0x5f, 0x50, 0x6f, 0x73, 0x69, // .........SV_Posi
	0x74, 0x69, 0x6f, 0x6e, 0x00, 0x54, 0x45, 0x58, 0x43, 0x4f, 0x4f, 0x52, 0x44, 0x00, 0x00, 0x00, // tion.TEXCOORD...
	0x00, 0x50, 0x53, 0x56, 0x30, 0xe4, 0x00, 0x00, 0x00, 0x34, 0x00, 0x00, 0x00, 0x01, 0x00, 0x00, // .PSV0....4......
	0x00, 0x00, 0x00, 0x00, 0x00, 0x00, 0x00, 0x00, 0x00, 0x00, 0x00, 0x00, 0x00, 0x00, 0x00, 0x00, // ................
	0x00, 0xff, 0xff, 0xff, 0xff, 0x01, 0x00, 0x00, 0x00, 0x01, 0x03, 0x00, 0x01, 0x02, 0x00, 0x00, // ................
	0x00, 0x00, 0x00, 0x00, 0x00, 0x00, 0x00, 0x00, 0x00, 0x00, 0x00, 0x00, 0x00, 0x1c, 0x00, 0x00, // ................
	0x00, 0x01, 0x00, 0x00, 0x00, 0x18, 0x00, 0x00, 0x00, 0x02, 0x00, 0x00, 0x00, 0x00, 0x00, 0x00, // ................
	0x00, 0x00, 0x00, 0x00, 0x00, 0x00, 0x00, 0x00, 0x00, 0x0d, 0x00, 0x00, 0x00, 0x00, 0x00, 0x00, // ................
	0x00, 0x24, 0x00, 0x00, 0x00, 0x00, 0x50, 0x4f, 0x53, 0x49, 0x54, 0x49, 0x4f, 0x4e, 0x00, 0x54, // .$....POSITION.T
	0x45, 0x58, 0x43, 0x4f, 0x4f, 0x52, 0x44, 0x00, 0x54, 0x45, 0x58, 0x43, 0x4f, 0x4f, 0x52, 0x44, // EXCOORD.TEXCOORD
	0x00, 0x6d, 0x61, 0x69, 0x6e, 0x00, 0x00, 0x00, 0x00, 0x03, 0x00, 0x00, 0x00, 0x00, 0x00, 0x00, // .main...........
	0x00, 0x03, 0x00, 0x00, 0x00, 0x01, 0x00, 0x00, 0x00, 0x10, 0x00, 0x00, 0x00, 0x01, 0x00, 0x00, // ................
	0x00, 0x00, 0x00, 0x00, 0x00, 0x01, 0x00, 0x43, 0x00, 0x03, 0x00, 0x00, 0x00, 0x00, 0x00, 0x00, // .......C........
	0x00, 0x00, 0x00, 0x00, 0x00, 0x01, 0x00, 0x44, 0x03, 0x03, 0x04, 0x00, 0x00, 0x0a, 0x00, 0x00, // .......D........
	0x00, 0x01, 0x00, 0x00, 0x00, 0x01, 0x01, 0x41, 0x00, 0x03, 0x02, 0x00, 0x00, 0x13, 0x00, 0x00, // .......A........
	0x00, 0x02, 0x00, 0x00, 0x00, 0x01, 0x01, 0x53, 0x00, 0x03, 0x02, 0x00, 0x00, 0x3f, 0x00, 0x00, // .......S.....?..
	0x00, 0x5f, 0x00, 0x00, 0x00, 0x9f, 0x00, 0x00, 0x00, 0x00, 0x00, 0x00, 0x00, 0x49, 0x4c, 0x44, // ._...........ILD
	0x4e, 0x2c, 0x00, 0x00, 0x00, 0x00, 0x00, 0x24, 0x00, 0x39, 0x66, 0x36, 0x37, 0x30, 0x37, 0x66, // N,.....$.9f6707f
	0x34, 0x65, 0x38, 0x63, 0x30, 0x34, 0x32, 0x66, 0x37, 0x39, 0x34, 0x35, 0x64, 0x39, 0x32, 0x31, // 4e8c042f7945d921
	0x33, 0x38, 0x39, 0x33, 0x36, 0x36, 0x36, 0x61, 0x30, 0x2e, 0x70, 0x64, 0x62, 0x00, 0x00, 0x00, // 3893666a0.pdb...
	0x00, 0x48, 0x41, 0x53, 0x48, 0x14, 0x00, 0x00, 0x00, 0x00, 0x00, 0x00, 0x00, 0x9f, 0x67, 0x07, // .HASH.........g.
	0xf4, 0xe8, 0xc0, 0x42, 0xf7, 0x94, 0x5d, 0x92, 0x13, 0x89, 0x36, 0x66, 0xa0, 0x44, 0x58, 0x49, // ...B..]...6f.DXI
	0x4c, 0xd4, 0x07, 0x00, 0x00, 0x60, 0x00, 0x01, 0x00, 0xf5, 0x01, 0x00, 0x00, 0x44, 0x58, 0x49, // L....`.......DXI
	0x4c, 0x00, 0x01, 0x00, 0x00, 0x10, 0x00, 0x00, 0x00, 0xbc, 0x07, 0x00, 0x00, 0x42, 0x43, 0xc0, // L............BC.
	0xde, 0x21, 0x0c, 0x00, 0x00, 0xec, 0x01, 0x00, 0x00, 0x0b, 0x82, 0x20, 0x00, 0x02, 0x00, 0x00, // .!......... ....
	0x00, 0x13, 0x00, 0x00, 0x00, 0x07, 0x81, 0x23, 0x91, 0x41, 0xc8, 0x04, 0x49, 0x06, 0x10, 0x32, // .......#.A..I..2
	0x39, 0x92, 0x01, 0x84, 0x0c, 0x25, 0x05, 0x08, 0x19, 0x1e, 0x04, 0x8b, 0x62, 0x80, 0x14, 0x45, // 9....%......b..E
	0x02, 0x42, 0x92, 0x0b, 0x42, 0xa4, 0x10, 0x32, 0x14, 0x38, 0x08, 0x18, 0x4b, 0x0a, 0x32, 0x52, // .B..B..2.8..K.2R
	0x88, 0x48, 0x90, 0x14, 0x20, 0x43, 0x46, 0x88, 0xa5, 0x00, 0x19, 0x32, 0x42, 0xe4, 0x48, 0x0e, // .H.. CF....2B.H.
	0x90, 0x91, 0x22, 0xc4, 0x50, 0x41, 0x51, 0x81, 0x8c, 0xe1, 0x83, 0xe5, 0x8a, 0x04, 0x29, 0x46, // ..".PAQ.......)F
	0x06, 0x51, 0x18, 0x00, 0x00, 0x08, 0x00, 0x00, 0x00, 0x1b, 0x8c, 0xe0, 0xff, 0xff, 0xff, 0xff, // .Q..............
	0x07, 0x40, 0x02, 0xa8, 0x0d, 0x84, 0xf0, 0xff, 0xff, 0xff, 0xff, 0x03, 0x20, 0x6d, 0x30, 0x86, // .@.......... m0.
	0xff, 0xff, 0xff, 0xff, 0x1f, 0x00, 0x09, 0xa8, 0x00, 0x49, 0x18, 0x00, 0x00, 0x03, 0x00, 0x00, // .........I......
	0x00, 0x13, 0x82, 0x60, 0x42, 0x20, 0x4c, 0x08, 0x06, 0x00, 0x00, 0x00, 0x00, 0x89, 0x20, 0x00, // ...`B L....... .
	0x00, 0x2a, 0x00, 0x00, 0x00, 0x32, 0x22, 0x48, 0x09, 0x20, 0x64, 0x85, 0x04, 0x93, 0x22, 0xa4, // .*...2"H. d...".
	0x84, 0x04, 0x93, 0x22, 0xe3, 0x84, 0xa1, 0x90, 0x14, 0x12, 0x4c, 0x8a, 0x8c, 0x0b, 0x84, 0xa4, // ..."......L.....
	0x4c, 0x10, 0x70, 0x23, 0x00, 0x25, 0x00, 0x14, 0x66, 0x00, 0xe6, 0x08, 0xc0, 0x60, 0x8e, 0x00, // L.p#.%..f....`..
	0x29, 0xc6, 0x20, 0x84, 0x14, 0x42, 0xa6, 0x18, 0x80, 0x10, 0x52, 0x06, 0xa1, 0xa2, 0x0c, 0x32, // ). ..B....R....2
	0xc6, 0x18, 0x63, 0x8c, 0x41, 0xea, 0xa8, 0xe1, 0xf2, 0x27, 0xec, 0x21, 0x24, 0x9f, 0xdb, 0xa8, // ..c.A....'.!$...
	0x62, 0x25, 0x26, 0xbf, 0xb8, 0x6d, 0x44, 0x8c, 0x31, 0x06, 0x95, 0x7b, 0x86, 0xcb, 0x9f, 0xb0, // b%&..mD.1..{....
	0x87, 0x90, 0xfc, 0x10, 0x68, 0x86, 0x85, 0x40, 0x41, 0x2b, 0x04, 0x23, 0x8e, 0xd0, 0x2b, 0xc5, // ....h..@A+.#..+.
	0x20, 0x63, 0x0c, 0x8a, 0x73, 0x04, 0x41, 0x31, 0x1c, 0x29, 0x84, 0x4c, 0xa2, 0x03, 0x01, 0xc3, //  c..s.A1.).L....
	0x08, 0xc4, 0x90, 0x04, 0x77, 0xa6, 0x09, 0x1d, 0xde, 0x61, 0x1e, 0xe8, 0x81, 0x1d, 0xc2, 0x21, // ....w....a.....!
	0x1f, 0xde, 0xa1, 0x1e, 0xe8, 0xc1, 0x0d, 0xc8, 0xe0, 0x14, 0xd8, 0xe1, 0x1d, 0xc4, 0x21, 0x1c, // ..............!.
	0xd8, 0x61, 0x1e, 0xd0, 0x80, 0xef, 0xa5, 0x9c, 0x05, 0x04, 0x00, 0x00, 0x00, 0x13, 0x14, 0x72, // .a.............r
	0xc0, 0x87, 0x74, 0x60, 0x87, 0x36, 0x68, 0x87, 0x79, 0x68, 0x03, 0x72, 0xc0, 0x87, 0x0d, 0xaf, // ..t`.6h.yh.r....
	0x50, 0x0e, 0x6d, 0xd0, 0x0e, 0x7a, 0x50, 0x0e, 0x6d, 0x00, 0x0f, 0x7a, 0x30, 0x07, 0x72, 0xa0, // P.m..zP.m..z0.r.
	0x07, 0x73, 0x20, 0x07, 0x6d, 0x90, 0x0e, 0x71, 0xa0, 0x07, 0x73, 0x20, 0x07, 0x6d, 0x90, 0x0e, // .s .m..q..s .m..
	0x78, 0xa0, 0x07, 0x73, 0x20, 0x07, 0x6d, 0x90, 0x0e, 0x71, 0x60, 0x07, 0x7a, 0x30, 0x07, 0x72, // x..s .m..q`.z0.r
	0xd0, 0x06, 0xe9, 0x30, 0x07, 0x72, 0xa0, 0x07, 0x73, 0x20, 0x07, 0x6d, 0x90, 0x0e, 0x76, 0x40, // ...0.r..s .m..v@
	0x07, 0x7a, 0x60, 0x07, 0x74, 0xd0, 0x06, 0xe6, 0x10, 0x07, 0x76, 0xa0, 0x07, 0x73, 0x20, 0x07, // .z`.t.....v..s .
	0x6d, 0x60, 0x0e, 0x73, 0x20, 0x07, 0x7a, 0x30, 0x07, 0x72, 0xd0, 0x06, 0xe6, 0x60, 0x07, 0x74, // m`.s .z0.r...`.t
	0xa0, 0x07, 0x76, 0x40, 0x07, 0x6d, 0xe0, 0x0e, 0x78, 0xa0, 0x07, 0x71, 0x60, 0x07, 0x7a, 0x30, // ..v@.m..x..q`.z0
	0x07, 0x72, 0xa0, 0x07, 0x76, 0x40, 0x07, 0x43, 0x9e, 0x00, 0x00, 0x00, 0x00, 0x00, 0x00, 0x00, // .r..v@.C........
	0x00, 0x00, 0x00, 0x00, 0x86, 0x3c, 0x06, 0x10, 0x00, 0x01, 0x00, 0x00, 0x00, 0x00, 0x00, 0x00, // .....<..........
	0x00, 0x0c, 0x79, 0x10, 0x20, 0x00, 0x04, 0x00, 0x00, 0x00, 0x00, 0x00, 0x00, 0x00, 0x18, 0xf2, // ..y. ...........
	0x28, 0x40, 0x00, 0x04, 0x00, 0x00, 0x00, 0x00, 0x00, 0x00, 0x00, 0x30, 0xe4, 0x79, 0x80, 0x00, // (@.........0.y..
	0x18, 0x00, 0x00, 0x00, 0x00, 0x00, 0x00, 0x00, 0x60, 0xc8, 0x13, 0x01, 0x01, 0x10, 0x00, 0x00, // ........`.......
	0x00, 0x00, 0x00, 0x00, 0x00, 0xc0, 0x90, 0x87, 0x02, 0x02, 0x60, 0x00, 0x00, 0x00, 0x00, 0x00, // ..........`.....
	0x00, 0x00, 0x80, 0x2c, 0x10, 0x0e, 0x00, 0x00, 0x00, 0x32, 0x1e, 0x98, 0x14, 0x19, 0x11, 0x4c, // ...,.....2.....L
	0x90, 0x8c, 0x09, 0x26, 0x47, 0xc6, 0x04, 0x43, 0x22, 0x25, 0x30, 0x02, 0x50, 0x12, 0xc5, 0x50, // ...&G..C"%0.P..P
	0xc0, 0x01, 0x65, 0x50, 0x0e, 0xe5, 0x51, 0x04, 0x54, 0x4a, 0x62, 0x04, 0xa0, 0x0c, 0x0a, 0xa1, // ..eP..Q.TJb.....
	0x08, 0x4a, 0x80, 0xf4, 0x0c, 0x00, 0xed, 0xb1, 0x8a, 0x01, 0xf9, 0x83, 0x5f, 0xf8, 0x09, 0x00, // .J.........._...
	0x00, 0x79, 0x18, 0x00, 0x00, 0x60, 0x00, 0x00, 0x00, 0x1a, 0x03, 0x4c, 0x90, 0x46, 0x02, 0x13, // .y...`.....L.F..
	0xc4, 0x34, 0x20, 0xc3, 0x1b, 0x43, 0x81, 0x93, 0x4b, 0xb3, 0x0b, 0xa3, 0x2b, 0x4b, 0x01, 0x89, // .4 ..C..K...+K..
	0x71, 0xc9, 0x71, 0x81, 0x71, 0xa9, 0xa1, 0x81, 0x91, 0x01, 0x41, 0x81, 0x21, 0x9b, 0x29, 0x2b, // q.q.q.....A.!.)+
	0xb3, 0x11, 0xab, 0xa9, 0x69, 0x21, 0x4b, 0x93, 0xa3, 0xcb, 0x4b, 0xd9, 0x10, 0x04, 0x13, 0x04, // ....i!K...K.....
	0xe2, 0x98, 0x20, 0x10, 0xc8, 0x06, 0x61, 0x20, 0x26, 0x08, 0x44, 0xb2, 0x41, 0x18, 0x0c, 0x0a, // .. ...a &.D.A...
	0x76, 0x73, 0x13, 0x04, 0x42, 0xd9, 0x30, 0x20, 0x09, 0x31, 0x41, 0xd0, 0x2c, 0x02, 0x13, 0x04, // vs..B.0 .1A.,...
	0x62, 0xd9, 0x80, 0x10, 0x0b, 0x43, 0x10, 0x43, 0x03, 0x6c, 0x08, 0x9c, 0x0d, 0x04, 0x00, 0x3c, // b....C.C.l.....<
	0xc0, 0x04, 0x61, 0xbb, 0x36, 0x04, 0xd1, 0x04, 0x41, 0x00, 0x48, 0xb4, 0x85, 0xa5, 0xb9, 0x11, // ..a.6...A.H.....
	0x81, 0x7a, 0x9a, 0x4a, 0xa2, 0x4a, 0x7a, 0x72, 0x9a, 0x20, 0x14, 0xd0, 0x04, 0xa1, 0x88, 0x36, // .z.J.Jzr. .....6
	0x04, 0xc4, 0x04, 0xa1, 0x90, 0x26, 0x08, 0x04, 0x33, 0x41, 0x20, 0x9a, 0x0d, 0x82, 0xb6, 0x6d, // .....&..3A ....m
	0x58, 0x88, 0xca, 0xba, 0xb0, 0x6b, 0xc8, 0x88, 0x8b, 0xdb, 0x10, 0x74, 0x5c, 0xa6, 0xac, 0xbe, // X....k.....t....
	0xa0, 0xde, 0xe6, 0xd2, 0xe8, 0xd2, 0xde, 0xdc, 0x26, 0x08, 0xc5, 0x34, 0x41, 0x20, 0x9c, 0x0d, // ........&..4A ..
	0x82, 0x16, 0x06, 0x1b, 0x16, 0xe2, 0xb3, 0x32, 0x0c, 0x0c, 0x06, 0x30, 0x20, 0x2e, 0x31, 0x20, // .......2...0 .1 
	0x42, 0x55, 0x84, 0x35, 0xf4, 0xf4, 0x24, 0x45, 0xb4, 0x21, 0xd0, 0x26, 0x08, 0x05, 0x35, 0x41, // BU.5..$E.!.&..5A
	0x28, 0xaa, 0x0d, 0x82, 0x36, 0x6c, 0x58, 0x06, 0x32, 0xb0, 0xae, 0x32, 0x30, 0x83, 0xe1, 0x0c, // (...6lX.2..20...
	0x86, 0x0b, 0x0d, 0x26, 0x08, 0xc4, 0xb3, 0x21, 0x18, 0x36, 0x2c, 0x6a, 0x40, 0x06, 0xd6, 0xb5, // ...&...!.6,j@...
	0x06, 0x66, 0x30, 0x64, 0xc3, 0x19, 0x70, 0x1b, 0x86, 0x31, 0x48, 0x03, 0x36, 0xd8, 0x30, 0x78, // .f0d..p..1H.6.0x
	0x6d, 0x00, 0x6c, 0x28, 0x26, 0xca, 0x0d, 0x20, 0xa0, 0x0a, 0x1b, 0x9b, 0x5d, 0x9b, 0x4b, 0x1a, // m.l(&.. ....].K.
	0x59, 0x99, 0x1b, 0xdd, 0x94, 0x20, 0xa8, 0x42, 0x86, 0xe7, 0x62, 0x57, 0x26, 0x37, 0x97, 0xf6, // Y.... .B..bW&7..
	0xe6, 0x36, 0x25, 0x20, 0x9a, 0x90, 0xe1, 0xb9, 0xd8, 0x85, 0xb1, 0xd9, 0x95, 0xc9, 0x4d, 0x09, // .6% ..........M.
	0x8c, 0x3a, 0x64, 0x78, 0x2e, 0x73, 0x68, 0x61, 0x64, 0x65, 0x72, 0x4d, 0x6f, 0x64, 0x65, 0x6c, // .:dx.shaderModel
	0x53, 0x82, 0xa4, 0x0c, 0x19, 0x9e, 0x8b, 0x5c, 0xd9, 0xdc, 0x5b, 0x9d, 0xdc, 0x58, 0xd9, 0xdc, // S.........[..X..
	0x94, 0xe0, 0xa9, 0x43, 0x86, 0xe7, 0x62, 0x97, 0x56, 0x76, 0x97, 0x44, 0x36, 0x45, 0x17, 0x46, // ...C..b.Vv.D6E.F
	0x57, 0x36, 0x25, 0x88, 0xea, 0x90, 0xe1, 0xb9, 0x94, 0xb9, 0xd1, 0xc9, 0xe5, 0x41, 0xbd, 0xa5, // W6%..........A..
	0xb9, 0xd1, 0xcd, 0x4d, 0x09, 0xdc, 0x00, 0x00, 0x00, 0x79, 0x18, 0x00, 0x00, 0x4c, 0x00, 0x00, // ...M.....y...L..
	0x00, 0x33, 0x08, 0x80, 0x1c, 0xc4, 0xe1, 0x1c, 0x66, 0x14, 0x01, 0x3d, 0x88, 0x43, 0x38, 0x84, // .3......f..=.C8.
	0xc3, 0x8c, 0x42, 0x80, 0x07, 0x79, 0x78, 0x07, 0x73, 0x98, 0x71, 0x0c, 0xe6, 0x00, 0x0f, 0xed, // ..B..yx.s.q.....
	0x10, 0x0e, 0xf4, 0x80, 0x0e, 0x33, 0x0c, 0x42, 0x1e, 0xc2, 0xc1, 0x1d, 0xce, 0xa1, 0x1c, 0x66, // .....3.B.......f
	0x30, 0x05, 0x3d, 0x88, 0x43, 0x38, 0x84, 0x83, 0x1b, 0xcc, 0x03, 0x3d, 0xc8, 0x43, 0x3d, 0x8c, // 0.=.C8.....=.C=.
	0x03, 0x3d, 0xcc, 0x78, 0x8c, 0x74, 0x70, 0x07, 0x7b, 0x08, 0x07, 0x79, 0x48, 0x87, 0x70, 0x70, // .=.x.tp.{..yH.pp
	0x07, 0x7a, 0x70, 0x03, 0x76, 0x78, 0x87, 0x70, 0x20, 0x87, 0x19, 0xcc, 0x11, 0x0e, 0xec, 0x90, // .zp.vx.p .......
	0x0e, 0xe1, 0x30, 0x0f, 0x6e, 0x30, 0x0f, 0xe3, 0xf0, 0x0e, 0xf0, 0x50, 0x0e, 0x33, 0x10, 0xc4, // ..0.n0.....P.3..
	0x1d, 0xde, 0x21, 0x1c, 0xd8, 0x21, 0x1d, 0xc2, 0x61, 0x1e, 0x66, 0x30, 0x89, 0x3b, 0xbc, 0x83, // ..!..!..a.f0.;..
	0x3b, 0xd0, 0x43, 0x39, 0xb4, 0x03, 0x3c, 0xbc, 0x83, 0x3c, 0x84, 0x03, 0x3b, 0xcc, 0xf0, 0x14, // ;.C9..<..<..;...
	0x76, 0x60, 0x07, 0x7b, 0x68, 0x07, 0x37, 0x68, 0x87, 0x72, 0x68, 0x07, 0x37, 0x80, 0x87, 0x70, // v`.{h.7h.rh.7..p
	0x90, 0x87, 0x70, 0x60, 0x07, 0x76, 0x28, 0x07, 0x76, 0xf8, 0x05, 0x76, 0x78, 0x87, 0x77, 0x80, // ..p`.v(.v..vx.w.
	0x87, 0x5f, 0x08, 0x87, 0x71, 0x18, 0x87, 0x72, 0x98, 0x87, 0x79, 0x98, 0x81, 0x2c, 0xee, 0xf0, // ._..q..r..y..,..
	0x0e, 0xee, 0xe0, 0x0e, 0xf5, 0xc0, 0x0e, 0xec, 0x30, 0x03, 0x62, 0xc8, 0xa1, 0x1c, 0xe4, 0xa1, // ........0.b.....
	0x1c, 0xcc, 0xa1, 0x1c, 0xe4, 0xa1, 0x1c, 0xdc, 0x61, 0x1c, 0xca, 0x21, 0x1c, 0xc4, 0x81, 0x1d, // ........a..!....
	0xca, 0x61, 0x06, 0xd6, 0x90, 0x43, 0x39, 0xc8, 0x43, 0x39, 0x98, 0x43, 0x39, 0xc8, 0x43, 0x39, // .a...C9.C9.C9.C9
	0xb8, 0xc3, 0x38, 0x94, 0x43, 0x38, 0x88, 0x03, 0x3b, 0x94, 0xc3, 0x2f, 0xbc, 0x83, 0x3c, 0xfc, // ..8.C8..;../..<.
	0x82, 0x3b, 0xd4, 0x03, 0x3b, 0xb0, 0xc3, 0x0c, 0xc4, 0x21, 0x07, 0x7c, 0x70, 0x03, 0x7a, 0x28, // .;..;....!.|p.z(
	0x87, 0x76, 0x80, 0x87, 0x19, 0xd1, 0x43, 0x0e, 0xf8, 0xe0, 0x06, 0xe4, 0x20, 0x0e, 0xe7, 0xe0, // .v....C..... ...
	0x06, 0xf6, 0x10, 0x0e, 0xf2, 0xc0, 0x0e, 0xe1, 0x90, 0x0f, 0xef, 0x50, 0x0f, 0xf4, 0x00, 0x00, // ...........P....
	0x00, 0x71, 0x20, 0x00, 0x00, 0x1b, 0x00, 0x00, 0x00, 0x46, 0xb0, 0x0d, 0x97, 0xef, 0x3c, 0xbe, // .q ......F....<.
	0x10, 0x50, 0x45, 0x41, 0x44, 0xa5, 0x03, 0x0c, 0x25, 0x61, 0x00, 0x02, 0xe6, 0x17, 0xb7, 0x6d, // .PEAD...%a.....m
	0x06, 0xd2, 0x70, 0xf9, 0xce, 0xe3, 0x0b, 0x11, 0x01, 0x4c, 0x44, 0x08, 0x34, 0xc3, 0x42, 0xd8, // ..p......LD.4.B.
	0x80, 0x33, 0x5c, 0xbe, 0xf3, 0xf8, 0x83, 0x33, 0xe1, 0x7e, 0x71, 0xdb, 0x16, 0x30, 0x0d, 0x97, // .3.....3.~q..0..
	0xef, 0x3c, 0xfe, 0xe2, 0x00, 0x83, 0xd8, 0x3c, 0xd4, 0xe4, 0x17, 0xb7, 0x6d, 0x02, 0xd5, 0x70, // .<.....<....m..p
	0xf9, 0xce, 0xe3, 0x4b, 0x93, 0x13, 0x11, 0x28, 0x35, 0x3d, 0xd4, 0xe4, 0x17, 0xb7, 0x6d, 0x05, // ...K...(5=....m.
	0xd2, 0x70, 0xf9, 0xce, 0xe3, 0x4f, 0x44, 0x34, 0x21, 0x40, 0x84, 0xf9, 0xc5, 0x6d, 0x1b, 0x00, // .p...OD4!@...m..
	0xc1, 0x00, 0x48, 0x03, 0x00, 0x61, 0x20, 0x00, 0x00, 0x82, 0x00, 0x00, 0x00, 0x13, 0x04, 0x41, // ..H..a ........A
	0x2c, 0x10, 0x00, 0x00, 0x00, 0x06, 0x00, 0x00, 0x00, 0x34, 0x47, 0x00, 0x88, 0x94, 0x42, 0x71, // ,........4G...Bq
	0x95, 0x5d, 0x21, 0xcc, 0x00, 0x94, 0x5c, 0xc1, 0xd1, 0x18, 0x23, 0x00, 0x41, 0x10, 0xc4, 0x3f, // .]!.......#.A..?
	0x00, 0x23, 0x06, 0x09, 0x00, 0x82, 0x60, 0x40, 0x6d, 0x43, 0x93, 0x65, 0xc9, 0x88, 0x41, 0x02, // .#....`@mC.e..A.
	0x80, 0x20, 0x18, 0x18, 0x61, 0x60, 0x68, 0x5a, 0x54, 0x8c, 0x18, 0x24, 0x00, 0x08, 0x82, 0x81, // . ..a`hZT..$....
	0x21, 0x06, 0xc7, 0xb6, 0x39, 0xc6, 0x88, 0x41, 0x02, 0x80, 0x20, 0x18, 0x18, 0x63, 0x80, 0x70, // !...9..A.. ..c.p
	0x1c, 0x74, 0x8c, 0x18, 0x1c, 0x00, 0x08, 0x82, 0xc1, 0x13, 0x06, 0x0a, 0xc1, 0x8c, 0x26, 0x04, // .t............&.
	0xc0, 0x68, 0x82, 0x10, 0x8c, 0x26, 0x0c, 0xc2, 0x68, 0x02, 0x31, 0x8c, 0x18, 0x34, 0x00, 0x08, // .h...&..h.1..4..
	0x82, 0x81, 0x72, 0x06, 0x0b, 0x31, 0x08, 0x01, 0x72, 0x18, 0xca, 0x88, 0xc1, 0x01, 0x80, 0x20, // ..r..1..r...... 
	0x18, 0x3c, 0x67, 0x00, 0x29, 0xcf, 0x68, 0x42, 0x00, 0x8c, 0x26, 0x08, 0xc1, 0x68, 0xc2, 0x20, // .<g.).hB..&..h. 
	0x58, 0x33, 0xc4, 0xc7, 0x9a, 0x21, 0x3e, 0xd6, 0x0c, 0xf1, 0x19, 0x31, 0x38, 0x00, 0x10, 0x04, // X3...!>....18...
	0x83, 0xc7, 0x0d, 0xae, 0x48, 0x0d, 0x46, 0x13, 0x02, 0x60, 0x34, 0x41, 0x08, 0x46, 0x13, 0x06, // ....H.F..`4A.F..
	0x61, 0x34, 0x81, 0x18, 0x46, 0x0c, 0x0e, 0x00, 0x04, 0xc1, 0xe0, 0x99, 0x03, 0xce, 0x82, 0x83, // a4..F...........
	0xd1, 0x84, 0x00, 0x18, 0x4d, 0x10, 0x82, 0xd1, 0x84, 0x41, 0x18, 0x4d, 0x20, 0x86, 0x11, 0x83, // ....M....A.M ...
	0x03, 0x00, 0x41, 0x30, 0x78, 0xf0, 0x20, 0x0c, 0xb6, 0x36, 0x18, 0x4d, 0x08, 0x80, 0xd1, 0x04, // ..A0x. ..6.M....
	0x21, 0x18, 0x4d, 0x18, 0x84, 0xd1, 0x04, 0x62, 0x18, 0x31, 0x38, 0x00, 0x10, 0x04, 0x83, 0xa7, // !.M....b.18.....
	0x0f, 0xcc, 0x00, 0x0c, 0xea, 0x60, 0x34, 0x21, 0x00, 0x46, 0x13, 0x84, 0x60, 0x34, 0x61, 0x10, // .....`4!.F..`4a.
	0x46, 0x13, 0x88, 0xc1, 0xa6, 0x4b, 0x3e, 0x23, 0x06, 0x08, 0x00, 0x82, 0x60, 0x10, 0x89, 0x42, // F....K>#....`..B
	0x1b, 0x3c, 0x57, 0x30, 0x62, 0x80, 0x00, 0x20, 0x08, 0x06, 0xd1, 0x28, 0xb8, 0xc1, 0x72, 0x05, // .<W0b.. ...(..r.
	0x16, 0x1c, 0xd0, 0x31, 0x6b, 0x93, 0xcf, 0x88, 0x01, 0x02, 0x80, 0x20, 0x18, 0x44, 0xa6, 0x10, // ...1k...... .D..
	0x07, 0xd2, 0x16, 0x8c, 0x18, 0x20, 0x00, 0x08, 0x82, 0x41, 0x74, 0x0a, 0x72, 0xe0, 0x6c, 0x81, // ..... ...At.r.l.
	0x05, 0x0a, 0x74, 0x2c, 0xfb, 0xe4, 0x33, 0x62, 0x80, 0x00, 0x20, 0x08, 0x06, 0x91, 0x2a, 0xd4, // ..t,..3b.. ...*.
	0x41, 0xf5, 0x05, 0x23, 0x06, 0x08, 0x00, 0x82, 0x60, 0x10, 0xad, 0x82, 0x1d, 0x44, 0x5f, 0x60, // A..#....`....D_`
	0x41, 0x03, 0x1d, 0xe3, 0xc6, 0x40, 0x3e, 0x23, 0x06, 0x08, 0x00, 0x82, 0x60, 0x10, 0xb9, 0x42, // A....@>#....`..B
	0x1e, 0x60, 0x63, 0x10, 0x8c, 0x18, 0x20, 0x00, 0x08, 0x82, 0x41, 0xf4, 0x0a, 0x7a, 0x40, 0x8d, // .`c... ...A..z@.
	0x41, 0x60, 0x01, 0x04, 0x9d, 0x11, 0x83, 0x04, 0x00, 0x41, 0x30, 0x40, 0x68, 0xa1, 0x0f, 0x5c, // A`.......A0@h...
	0xc1, 0x15, 0x4a, 0xa1, 0x19, 0x31, 0x48, 0x00, 0x10, 0x04, 0x03, 0x84, 0x16, 0xfa, 0xc0, 0x15, // ..J..1H.........
	0x5c, 0x21, 0x14, 0x92, 0x11, 0x83, 0x04, 0x00, 0x41, 0x30, 0x40, 0x68, 0xa1, 0x0f, 0x5c, 0xc1, // .!......A0@h....
	0x15, 0x44, 0xa1, 0x18, 0x31, 0x48, 0x00, 0x10, 0x04, 0x03, 0x84, 0x16, 0xfa, 0xc0, 0x15, 0x5c, // .D..1H..........
	0x81, 0x14, 0x82, 0x11, 0x83, 0x04, 0x00, 0x41, 0x30, 0x40, 0x68, 0xa1, 0x0f, 0x5e, 0xc1, 0x15, // .......A0@h..^..
	0x4a, 0x81, 0x0d, 0x46, 0x0c, 0x12, 0x00, 0x04, 0xc1, 0x00, 0xa1, 0x85, 0x3e, 0x38, 0x05, 0x57, // J..F........>8.W
	0x28, 0x05, 0x3a, 0x18, 0x31, 0x48, 0x00, 0x10, 0x04, 0x03, 0x84, 0x16, 0xfa, 0xe0, 0x14, 0x5c, // (.:.1H..........
	0x21, 0x14, 0xe6, 0x60, 0xc4, 0x20, 0x01, 0x40, 0x10, 0x0c, 0x10, 0x5a, 0xe8, 0x83, 0x53, 0x70, // !..`. .@...Z..Sp
	0x05, 0x51, 0x90, 0x03, 0x04, 0x00, 0x00, 0x00, 0x00, 0x00, 0x01, 0x01, 0x00, 0x60, 0x00,       // .Q...........`.
};
static const uint8_t vs_light_clip_spv[1531] =
{
	0x56, 0x53, 0x48, 0x0c, 0x00, 0x00, 0x00, 0x00, 0xb6, 0x35, 0xc4, 0x5b, 0x00, 0x00, 0x00, 0x00, // VSH......5.[....
	0x00, 0x00, 0x00, 0x00, 0x03, 0x00, 0x0a, 0x63, 0x6c, 0x69, 0x70, 0x5f, 0x70, 0x6c, 0x61, 0x6e, // .......clip_plan
	0x65, 0x02, 0x01, 0x50, 0x00, 0x01, 0x00, 0x00, 0x00, 0x00, 0x00, 0x0e, 0x63, 0x61, 0x6d, 0x65, // e..P........came
	0x72, 0x61, 0x50, 0x6f, 0x73, 0x57, 0x6f, 0x72, 0x6c, 0x64, 0x02, 0x01, 0x40, 0x00, 0x01, 0x00, // raPosWorld..@...
	0x00, 0x00, 0x00, 0x00, 0x0e, 0x6d, 0x61, 0x74, 0x52, 0x6f, 0x74, 0x56, 0x69, 0x65, 0x77, 0x50, // .....matRotViewP
	0x72, 0x6f, 0x6a, 0x04, 0x01, 0x00, 0x00, 0x04, 0x00, 0x00, 0x00, 0x00, 0x00, 0x94, 0x05, 0x00, // roj.............
	0x00, 0x03, 0x02, 0x23, 0x07, 0x00, 0x00, 0x01, 0x00, 0x0b, 0x00, 0x08, 0x00, 0x88, 0x00, 0x00, // ...#............
	0x00, 0x00, 0x00, 0x00, 0x00, 0x11, 0x00, 0x02, 0x00, 0x01, 0x00, 0x00, 0x00, 0x0b, 0x00, 0x06, // ................
	0x00, 0x01, 0x00, 0x00, 0x00, 0x47, 0x4c, 0x53, 0x4c, 0x2e, 0x73, 0x74, 0x64, 0x2e, 0x34, 0x35, // .....GLSL.std.45
	0x30, 0x00, 0x00, 0x00, 0x00, 0x0e, 0x00, 0x03, 0x00, 0x00, 0x00, 0x00, 0x00, 0x01, 0x00, 0x00, // 0...............
	0x00, 0x0f, 0x00, 0x09, 0x00, 0x00, 0x00, 0x00, 0x00, 0x04, 0x00, 0x00, 0x00, 0x6d, 0x61, 0x69, // .............mai
	0x6e, 0x00, 0x00, 0x00, 0x00, 0x43, 0x00, 0x00, 0x00, 0x4a, 0x00, 0x00, 0x00, 0x4e, 0x00, 0x00, // n....C...J...N..
	0x00, 0x52, 0x00, 0x00, 0x00, 0x03, 0x00, 0x03, 0x00, 0x05, 0x00, 0x00, 0x00, 0xf4, 0x01, 0x00, // .R..............
	0x00, 0x05, 0x00, 0x04, 0x00, 0x04, 0x00, 0x00, 0x00, 0x6d, 0x61, 0x69, 0x6e, 0x00, 0x00, 0x00, // .........main...
	0x00, 0x05, 0x00, 0x06, 0x00, 0x24, 0x00, 0x00, 0x00, 0x55, 0x6e, 0x69, 0x66, 0x6f, 0x72, 0x6d, // .....$...Uniform
	0x42, 0x6c, 0x6f, 0x63, 0x6b, 0x00, 0x00, 0x00, 0x00, 0x06, 0x00, 0x07, 0x00, 0x24, 0x00, 0x00, // Block........$..
	0x00, 0x00, 0x00, 0x00, 0x00, 0x6d, 0x61, 0x74, 0x52, 0x6f, 0x74, 0x56, 0x69, 0x65, 0x77, 0x50, // .....matRotViewP
	0x72, 0x6f, 0x6a, 0x00, 0x00, 0x06, 0x00, 0x07, 0x00, 0x24, 0x00, 0x00, 0x00, 0x01, 0x00, 0x00, // roj......$......
	0x00, 0x63, 0x61, 0x6d, 0x65, 0x72, 0x61, 0x50, 0x6f, 0x73, 0x57, 0x6f, 0x72, 0x6c, 0x64, 0x00, // .cameraPosWorld.
	0x00, 0x06, 0x00, 0x06, 0x00, 0x24, 0x00, 0x00, 0x00, 0x02, 0x00, 0x00, 0x00, 0x63, 0x6c, 0x69, // .....$.......cli
	0x70, 0x5f, 0x70, 0x6c, 0x61, 0x6e, 0x65, 0x00, 0x00, 0x05, 0x00, 0x03, 0x00, 0x26, 0x00, 0x00, // p_plane......&..
	0x00, 0x00, 0x00, 0x00, 0x00, 0x05, 0x00, 0x05, 0x00, 0x43, 0x00, 0x00, 0x00, 0x61, 0x5f, 0x70, // .........C...a_p
	0x6f, 0x73, 0x69, 0x74, 0x69, 0x6f, 0x6e, 0x00, 0x00, 0x05, 0x00, 0x0a, 0x00, 0x4a, 0x00, 0x00, // osition......J..
	0x00, 0x40, 0x65, 0x6e, 0x74, 0x72, 0x79, 0x50, 0x6f, 0x69, 0x6e, 0x74, 0x4f, 0x75, 0x74, 0x70, // .@entryPointOutp
	0x75, 0x74, 0x2e, 0x67, 0x6c, 0x5f, 0x50, 0x6f, 0x73, 0x69, 0x74, 0x69, 0x6f, 0x6e, 0x00, 0x00, // ut.gl_Position..
	0x00, 0x05, 0x00, 0x0b, 0x00, 0x4e, 0x00, 0x00, 0x00, 0x40, 0x65, 0x6e, 0x74, 0x72, 0x79, 0x50, // .....N...@entryP
	0x6f, 0x69, 0x6e, 0x74, 0x4f, 0x75, 0x74, 0x70, 0x75, 0x74, 0x2e, 0x76, 0x5f, 0x63, 0x6c, 0x69, // ointOutput.v_cli
	0x70, 0x44, 0x69, 0x73, 0x74, 0x61, 0x6e, 0x63, 0x65, 0x00, 0x00, 0x00, 0x00, 0x05, 0x00, 0x0a, // pDistance.......
	0x00, 0x52, 0x00, 0x00, 0x00, 0x40, 0x65, 0x6e, 0x74, 0x72, 0x79, 0x50, 0x6f, 0x69, 0x6e, 0x74, // .R...@entryPoint
	0x4f, 0x75, 0x74, 0x70, 0x75, 0x74, 0x2e, 0x76, 0x5f, 0x74, 0x61, 0x62, 0x6c, 0x65, 0x50, 0x6f, // Output.v_tablePo
	0x73, 0x00, 0x00, 0x00, 0x00, 0x47, 0x00, 0x03, 0x00, 0x24, 0x00, 0x00, 0x00, 0x02, 0x00, 0x00, // s....G...$......
	0x00, 0x48, 0x00, 0x04, 0x00, 0x24, 0x00, 0x00, 0x00, 0x00, 0x00, 0x00, 0x00, 0x04, 0x00, 0x00, // .H...$..........
	0x00, 0x48, 0x00, 0x05, 0x00, 0x24, 0x00, 0x00, 0x00, 0x00, 0x00, 0x00, 0x00, 0x07, 0x00, 0x00, // .H...$..........
	0x00, 0x10, 0x00, 0x00, 0x00, 0x48, 0x00, 0x05, 0x00, 0x24, 0x00, 0x00, 0x00, 0x00, 0x00, 0x00, // .....H...$......
	0x00, 0x23, 0x00, 0x00, 0x00, 0x00, 0x00, 0x00, 0x00, 0x48, 0x00, 0x05, 0x00, 0x24, 0x00, 0x00, // .#.......H...$..
	0x00, 0x01, 0x00, 0x00, 0x00, 0x23, 0x00, 0x00, 0x00, 0x40, 0x00, 0x00, 0x00, 0x48, 0x00, 0x05, // .....#...@...H..
	0x00, 0x24, 0x00, 0x00, 0x00, 0x02, 0x00, 0x00, 0x00, 0x23, 0x00, 0x00, 0x00, 0x50, 0x00, 0x00, // .$.......#...P..
	0x00, 0x47, 0x00, 0x04, 0x00, 0x26, 0x00, 0x00, 0x00, 0x21, 0x00, 0x00, 0x00, 0x00, 0x00, 0x00, // .G...&...!......
	0x00, 0x47, 0x00, 0x04, 0x00, 0x26, 0x00, 0x00, 0x00, 0x22, 0x00, 0x00, 0x00, 0x00, 0x00, 0x00, // .G...&..."......
	0x00, 0x47, 0x00, 0x04, 0x00, 0x43, 0x00, 0x00, 0x00, 0x1e, 0x00, 0x00, 0x00, 0x00, 0x00, 0x00, // .G...C..........
	0x00, 0x47, 0x00, 0x04, 0x00, 0x4a, 0x00, 0x00, 0x00, 0x0b, 0x00, 0x00, 0x00, 0x00, 0x00, 0x00, // .G...J..........
	0x00, 0x47, 0x00, 0x04, 0x00, 0x4e, 0x00, 0x00, 0x00, 0x1e, 0x00, 0x00, 0x00, 0x00, 0x00, 0x00, // .G...N..........
	0x00, 0x47, 0x00, 0x04, 0x00, 0x52, 0x00, 0x00, 0x00, 0x1e, 0x00, 0x00, 0x00, 0x01, 0x00, 0x00, // .G...R..........
	0x00, 0x13, 0x00, 0x02, 0x00, 0x02, 0x00, 0x00, 0x00, 0x21, 0x00, 0x03, 0x00, 0x03, 0x00, 0x00, // .........!......
	0x00, 0x02, 0x00, 0x00, 0x00, 0x16, 0x00, 0x03, 0x00, 0x06, 0x00, 0x00, 0x00, 0x20, 0x00, 0x00, // ............. ..
	0x00, 0x17, 0x00, 0x04, 0x00, 0x07, 0x00, 0x00, 0x00, 0x06, 0x00, 0x00, 0x00, 0x03, 0x00, 0x00, // ................
	0x00, 0x17, 0x00, 0x04, 0x00, 0x09, 0x00, 0x00, 0x00, 0x06, 0x00, 0x00, 0x00, 0x04, 0x00, 0x00, // ................
	0x00, 0x15, 0x00, 0x04, 0x00, 0x11, 0x00, 0x00, 0x00, 0x20, 0x00, 0x00, 0x00, 0x01, 0x00, 0x00, // ......... ......
	0x00, 0x2b, 0x00, 0x04, 0x00, 0x11, 0x00, 0x00, 0x00, 0x12, 0x00, 0x00, 0x00, 0x01, 0x00, 0x00, // .+..............
	0x00, 0x2b, 0x00, 0x04, 0x00, 0x11, 0x00, 0x00, 0x00, 0x16, 0x00, 0x00, 0x00, 0x02, 0x00, 0x00, // .+..............
	0x00, 0x2b, 0x00, 0x04, 0x00, 0x06, 0x00, 0x00, 0x00, 0x1c, 0x00, 0x00, 0x00, 0x00, 0x00, 0x80, // .+..............
	0x3f, 0x18, 0x00, 0x04, 0x00, 0x23, 0x00, 0x00, 0x00, 0x09, 0x00, 0x00, 0x00, 0x04, 0x00, 0x00, // ?....#..........
	0x00, 0x1e, 0x00, 0x05, 0x00, 0x24, 0x00, 0x00, 0x00, 0x23, 0x00, 0x00, 0x00, 0x09, 0x00, 0x00, // .....$...#......
	0x00, 0x09, 0x00, 0x00, 0x00, 0x20, 0x00, 0x04, 0x00, 0x25, 0x00, 0x00, 0x00, 0x02, 0x00, 0x00, // ..... ...%......
	0x00, 0x24, 0x00, 0x00, 0x00, 0x3b, 0x00, 0x04, 0x00, 0x25, 0x00, 0x00, 0x00, 0x26, 0x00, 0x00, // .$...;...%...&..
	0x00, 0x02, 0x00, 0x00, 0x00, 0x20, 0x00, 0x04, 0x00, 0x27, 0x00, 0x00, 0x00, 0x02, 0x00, 0x00, // ..... ...'......
	0x00, 0x09, 0x00, 0x00, 0x00, 0x2b, 0x00, 0x04, 0x00, 0x11, 0x00, 0x00, 0x00, 0x33, 0x00, 0x00, // .....+.......3..
	0x00, 0x00, 0x00, 0x00, 0x00, 0x20, 0x00, 0x04, 0x00, 0x39, 0x00, 0x00, 0x00, 0x02, 0x00, 0x00, // ..... ...9......
	0x00, 0x23, 0x00, 0x00, 0x00, 0x20, 0x00, 0x04, 0x00, 0x42, 0x00, 0x00, 0x00, 0x01, 0x00, 0x00, // .#... ...B......
	0x00, 0x07, 0x00, 0x00, 0x00, 0x3b, 0x00, 0x04, 0x00, 0x42, 0x00, 0x00, 0x00, 0x43, 0x00, 0x00, // .....;...B...C..
	0x00, 0x01, 0x00, 0x00, 0x00, 0x20, 0x00, 0x04, 0x00, 0x49, 0x00, 0x00, 0x00, 0x03, 0x00, 0x00, // ..... ...I......
	0x00, 0x09, 0x00, 0x00, 0x00, 0x3b, 0x00, 0x04, 0x00, 0x49, 0x00, 0x00, 0x00, 0x4a, 0x00, 0x00, // .....;...I...J..
	0x00, 0x03, 0x00, 0x00, 0x00, 0x20, 0x00, 0x04, 0x00, 0x4d, 0x00, 0x00, 0x00, 0x03, 0x00, 0x00, // ..... ...M......
	0x00, 0x06, 0x00, 0x00, 0x00, 0x3b, 0x00, 0x04, 0x00, 0x4d, 0x00, 0x00, 0x00, 0x4e, 0x00, 0x00, // .....;...M...N..
	0x00, 0x03, 0x00, 0x00, 0x00, 0x20, 0x00, 0x04, 0x00, 0x51, 0x00, 0x00, 0x00, 0x03, 0x00, 0x00, // ..... ...Q......
	0x00, 0x07, 0x00, 0x00, 0x00, 0x3b, 0x00, 0x04, 0x00, 0x51, 0x00, 0x00, 0x00, 0x52, 0x00, 0x00, // .....;...Q...R..
	0x00, 0x03, 0x00, 0x00, 0x00, 0x36, 0x00, 0x05, 0x00, 0x02, 0x00, 0x00, 0x00, 0x04, 0x00, 0x00, // .....6..........
	0x00, 0x00, 0x00, 0x00, 0x00, 0x03, 0x00, 0x00, 0x00, 0xf8, 0x00, 0x02, 0x00, 0x05, 0x00, 0x00, // ................
	0x00, 0x3d, 0x00, 0x04, 0x00, 0x07, 0x00, 0x00, 0x00, 0x44, 0x00, 0x00, 0x00, 0x43, 0x00, 0x00, // .=.......D...C..
	0x00, 0x51, 0x00, 0x05, 0x00, 0x06, 0x00, 0x00, 0x00, 0x70, 0x00, 0x00, 0x00, 0x44, 0x00, 0x00, // .Q.......p...D..
	0x00, 0x00, 0x00, 0x00, 0x00, 0x51, 0x00, 0x05, 0x00, 0x06, 0x00, 0x00, 0x00, 0x71, 0x00, 0x00, // .....Q.......q..
	0x00, 0x44, 0x00, 0x00, 0x00, 0x01, 0x00, 0x00, 0x00, 0x51, 0x00, 0x05, 0x00, 0x06, 0x00, 0x00, // .D.......Q......
	0x00, 0x72, 0x00, 0x00, 0x00, 0x44, 0x00, 0x00, 0x00, 0x02, 0x00, 0x00, 0x00, 0x50, 0x00, 0x07, // .r...D.......P..
	0x00, 0x09, 0x00, 0x00, 0x00, 0x73, 0x00, 0x00, 0x00, 0x70, 0x00, 0x00, 0x00, 0x71, 0x00, 0x00, // .....s...p...q..
	0x00, 0x72, 0x00, 0x00, 0x00, 0x1c, 0x00, 0x00, 0x00, 0x41, 0x00, 0x05, 0x00, 0x27, 0x00, 0x00, // .r.......A...'..
	0x00, 0x76, 0x00, 0x00, 0x00, 0x26, 0x00, 0x00, 0x00, 0x16, 0x00, 0x00, 0x00, 0x3d, 0x00, 0x04, // .v...&.......=..
	0x00, 0x09, 0x00, 0x00, 0x00, 0x77, 0x00, 0x00, 0x00, 0x76, 0x00, 0x00, 0x00, 0x94, 0x00, 0x05, // .....w...v......
	0x00, 0x06, 0x00, 0x00, 0x00, 0x79, 0x00, 0x00, 0x00, 0x77, 0x00, 0x00, 0x00, 0x73, 0x00, 0x00, // .....y...w...s..
	0x00, 0x41, 0x00, 0x05, 0x00, 0x27, 0x00, 0x00, 0x00, 0x7c, 0x00, 0x00, 0x00, 0x26, 0x00, 0x00, // .A...'...|...&..
	0x00, 0x12, 0x00, 0x00, 0x00, 0x3d, 0x00, 0x04, 0x00, 0x09, 0x00, 0x00, 0x00, 0x7d, 0x00, 0x00, // .....=.......}..
	0x00, 0x7c, 0x00, 0x00, 0x00, 0x4f, 0x00, 0x08, 0x00, 0x07, 0x00, 0x00, 0x00, 0x7e, 0x00, 0x00, // .|...O.......~..
	0x00, 0x7d, 0x00, 0x00, 0x00, 0x7d, 0x00, 0x00, 0x00, 0x00, 0x00, 0x00, 0x00, 0x01, 0x00, 0x00, // .}...}..........
	0x00, 0x02, 0x00, 0x00, 0x00, 0x83, 0x00, 0x05, 0x00, 0x07, 0x00, 0x00, 0x00, 0x7f, 0x00, 0x00, // ................
	0x00, 0x44, 0x00, 0x00, 0x00, 0x7e, 0x00, 0x00, 0x00, 0x51, 0x00, 0x05, 0x00, 0x06, 0x00, 0x00, // .D...~...Q......
	0x00, 0x81, 0x00, 0x00, 0x00, 0x7f, 0x00, 0x00, 0x00, 0x00, 0x00, 0x00, 0x00, 0x51, 0x00, 0x05, // .............Q..
	0x00, 0x06, 0x00, 0x00, 0x00, 0x82, 0x00, 0x00, 0x00, 0x7f, 0x00, 0x00, 0x00, 0x01, 0x00, 0x00, // ................
	0x00, 0x51, 0x00, 0x05, 0x00, 0x06, 0x00, 0x00, 0x00, 0x83, 0x00, 0x00, 0x00, 0x7f, 0x00, 0x00, // .Q..............
	0x00, 0x02, 0x00, 0x00, 0x00, 0x50, 0x00, 0x07, 0x00, 0x09, 0x00, 0x00, 0x00, 0x84, 0x00, 0x00, // .....P..........
	0x00, 0x81, 0x00, 0x00, 0x00, 0x82, 0x00, 0x00, 0x00, 0x83, 0x00, 0x00, 0x00, 0x1c, 0x00, 0x00, // ................
	0x00, 0x41, 0x00, 0x05, 0x00, 0x39, 0x00, 0x00, 0x00, 0x85, 0x00, 0x00, 0x00, 0x26, 0x00, 0x00, // .A...9.......&..
	0x00, 0x33, 0x00, 0x00, 0x00, 0x3d, 0x00, 0x04, 0x00, 0x23, 0x00, 0x00, 0x00, 0x86, 0x00, 0x00, // .3...=...#......
	0x00, 0x85, 0x00, 0x00, 0x00, 0x90, 0x00, 0x05, 0x00, 0x09, 0x00, 0x00, 0x00, 0x87, 0x00, 0x00, // ................
	0x00, 0x84, 0x00, 0x00, 0x00, 0x86, 0x00, 0x00, 0x00, 0x3e, 0x00, 0x03, 0x00, 0x4a, 0x00, 0x00, // .........>...J..
	0x00, 0x87, 0x00, 0x00, 0x00, 0x3e, 0x00, 0x03, 0x00, 0x4e, 0x00, 0x00, 0x00, 0x79, 0x00, 0x00, // .....>...N...y..
	0x00, 0x3e, 0x00, 0x03, 0x00, 0x52, 0x00, 0x00, 0x00, 0x44, 0x00, 0x00, 0x00, 0xfd, 0x00, 0x01, // .>...R...D......
	0x00, 0x38, 0x00, 0x01, 0x00, 0x00, 0x01, 0x01, 0x00, 0x60, 0x00,                               // .8.......`.
};
static const bgfx::EmbeddedShader vs_light_clip = BGFX_EMBEDDED_SHADER(vs_light_clip);

//////////////////////////////////////////////////////////////////////////////////////////////////////////////////////
// Build of vertex shader from vs_light.sc to vs_light_clip_st with options: CLIP STEREO
static const uint8_t vs_light_clip_st_mtl[1104] =
{
	0x56, 0x53, 0x48, 0x0c, 0x00, 0x00, 0x00, 0x00, 0xb6, 0x35, 0xc4, 0x5b, 0x00, 0x00, 0x00, 0x00, // VSH......5.[....
	0x00, 0x00, 0x00, 0x00, 0x03, 0x00, 0x0a, 0x63, 0x6c, 0x69, 0x70, 0x5f, 0x70, 0x6c, 0x61, 0x6e, // .......clip_plan
	0x65, 0x02, 0x01, 0xa0, 0x00, 0x01, 0x00, 0x00, 0x00, 0x00, 0x00, 0x0e, 0x63, 0x61, 0x6d, 0x65, // e...........came
	0x72, 0x61, 0x50, 0x6f, 0x73, 0x57, 0x6f, 0x72, 0x6c, 0x64, 0x02, 0x02, 0x80, 0x00, 0x02, 0x00, // raPosWorld......
	0x00, 0x00, 0x00, 0x00, 0x0e, 0x6d, 0x61, 0x74, 0x52, 0x6f, 0x74, 0x56, 0x69, 0x65, 0x77, 0x50, // .....matRotViewP
	0x72, 0x6f, 0x6a, 0x04, 0x02, 0x00, 0x00, 0x08, 0x00, 0x00, 0x00, 0x00, 0x00, 0xe7, 0x03, 0x00, // roj.............
	0x00, 0x23, 0x69, 0x6e, 0x63, 0x6c, 0x75, 0x64, 0x65, 0x20, 0x3c, 0x6d, 0x65, 0x74, 0x61, 0x6c, // .#include <metal
	0x5f, 0x73, 0x74, 0x64, 0x6c, 0x69, 0x62, 0x3e, 0x0a, 0x23, 0x69, 0x6e, 0x63, 0x6c, 0x75, 0x64, // _stdlib>.#includ
	0x65, 0x20, 0x3c, 0x73, 0x69, 0x6d, 0x64, 0x2f, 0x73, 0x69, 0x6d, 0x64, 0x2e, 0x68, 0x3e, 0x0a, // e <simd/simd.h>.
	0x0a, 0x75, 0x73, 0x69, 0x6e, 0x67, 0x20, 0x6e, 0x61, 0x6d, 0x65, 0x73, 0x70, 0x61, 0x63, 0x65, // .using namespace
	0x20, 0x6d, 0x65, 0x74, 0x61, 0x6c, 0x3b, 0x0a, 0x0a, 0x73, 0x74, 0x72, 0x75, 0x63, 0x74, 0x20, //  metal;..struct 
	0x5f, 0x47, 0x6c, 0x6f, 0x62, 0x61, 0x6c, 0x0a, 0x7b, 0x0a, 0x20, 0x20, 0x20, 0x20, 0x66, 0x6c, // _Global.{.    fl
	0x6f, 0x61, 0x74, 0x34, 0x78, 0x34, 0x20, 0x6d, 0x61, 0x74, 0x52, 0x6f, 0x74, 0x56, 0x69, 0x65, // oat4x4 matRotVie
	0x77, 0x50, 0x72, 0x6f, 0x6a, 0x5b, 0x32, 0x5d, 0x3b, 0x0a, 0x20, 0x20, 0x20, 0x20, 0x66, 0x6c, // wProj[2];.    fl
	0x6f, 0x61, 0x74, 0x34, 0x20, 0x63, 0x61, 0x6d, 0x65, 0x72, 0x61, 0x50, 0x6f, 0x73, 0x57, 0x6f, // oat4 cameraPosWo
	0x72, 0x6c, 0x64, 0x5b, 0x32, 0x5d, 0x3b, 0x0a, 0x20, 0x20, 0x20, 0x20, 0x66, 0x6c, 0x6f, 0x61, // rld[2];.    floa
	0x74, 0x34, 0x20, 0x63, 0x6c, 0x69, 0x70, 0x5f, 0x70, 0x6c, 0x61, 0x6e, 0x65, 0x3b, 0x0a, 0x7d, // t4 clip_plane;.}
	0x3b, 0x0a, 0x0a, 0x73, 0x74, 0x72, 0x75, 0x63, 0x74, 0x20, 0x78, 0x6c, 0x61, 0x74, 0x4d, 0x74, // ;..struct xlatMt
	0x6c, 0x4d, 0x61, 0x69, 0x6e, 0x5f, 0x6f, 0x75, 0x74, 0x0a, 0x7b, 0x0a, 0x20, 0x20, 0x20, 0x20, // lMain_out.{.    
	0x66, 0x6c, 0x6f, 0x61, 0x74, 0x20, 0x5f, 0x65, 0x6e, 0x74, 0x72, 0x79, 0x50, 0x6f, 0x69, 0x6e, // float _entryPoin
	0x74, 0x4f, 0x75, 0x74, 0x70, 0x75, 0x74, 0x5f, 0x76, 0x5f, 0x63, 0x6c, 0x69, 0x70, 0x44, 0x69, // tOutput_v_clipDi
	0x73, 0x74, 0x61, 0x6e, 0x63, 0x65, 0x20, 0x5b, 0x5b, 0x75, 0x73, 0x65, 0x72, 0x28, 0x6c, 0x6f, // stance [[user(lo
	0x63, 0x6e, 0x30, 0x29, 0x5d, 0x5d, 0x3b, 0x0a, 0x20, 0x20, 0x20, 0x20, 0x66, 0x6c, 0x6f, 0x61, // cn0)]];.    floa
	0x74, 0x33, 0x20, 0x5f, 0x65, 0x6e, 0x74, 0x72, 0x79, 0x50, 0x6f, 0x69, 0x6e, 0x74, 0x4f, 0x75, // t3 _entryPointOu
	0x74, 0x70, 0x75, 0x74, 0x5f, 0x76, 0x5f, 0x74, 0x61, 0x62, 0x6c, 0x65, 0x50, 0x6f, 0x73, 0x20, // tput_v_tablePos 
	0x5b, 0x5b, 0x75, 0x73, 0x65, 0x72, 0x28, 0x6c, 0x6f, 0x63, 0x6e, 0x31, 0x29, 0x5d, 0x5d, 0x3b, // [[user(locn1)]];
	0x0a, 0x20, 0x20, 0x20, 0x20, 0x66, 0x6c, 0x6f, 0x61, 0x74, 0x34, 0x20, 0x67, 0x6c, 0x5f, 0x50, // .    float4 gl_P
	0x6f, 0x73, 0x69, 0x74, 0x69, 0x6f, 0x6e, 0x20, 0x5b, 0x5b, 0x70, 0x6f, 0x73, 0x69, 0x74, 0x69, // osition [[positi
	0x6f, 0x6e, 0x5d, 0x5d, 0x3b, 0x0a, 0x20, 0x20, 0x20, 0x20, 0x75, 0x69, 0x6e, 0x74, 0x20, 0x67, // on]];.    uint g
	0x6c, 0x5f, 0x4c, 0x61, 0x79, 0x65, 0x72, 0x20, 0x5b, 0x5b, 0x72, 0x65, 0x6e, 0x64, 0x65, 0x72, // l_Layer [[render
	0x5f, 0x74, 0x61, 0x72, 0x67, 0x65, 0x74, 0x5f, 0x61, 0x72, 0x72, 0x61, 0x79, 0x5f, 0x69, 0x6e, // _target_array_in
	0x64, 0x65, 0x78, 0x5d, 0x5d, 0x3b, 0x0a, 0x7d, 0x3b, 0x0a, 0x0a, 0x73, 0x74, 0x72, 0x75, 0x63, // dex]];.};..struc
	0x74, 0x20, 0x78, 0x6c, 0x61, 0x74, 0x4d, 0x74, 0x6c, 0x4d, 0x61, 0x69, 0x6e, 0x5f, 0x69, 0x6e, // t xlatMtlMain_in
	0x0a, 0x7b, 0x0a, 0x20, 0x20, 0x20, 0x20, 0x66, 0x6c, 0x6f, 0x61, 0x74, 0x33, 0x20, 0x61, 0x5f, // .{.    float3 a_
	0x70, 0x6f, 0x73, 0x69, 0x74, 0x69, 0x6f, 0x6e, 0x20, 0x5b, 0x5b, 0x61, 0x74, 0x74, 0x72, 0x69, // position [[attri
	0x62, 0x75, 0x74, 0x65, 0x28, 0x30, 0x29, 0x5d, 0x5d, 0x3b, 0x0a, 0x7d, 0x3b, 0x0a, 0x0a, 0x76, // bute(0)]];.};..v
	0x65, 0x72, 0x74, 0x65, 0x78, 0x20, 0x78, 0x6c, 0x61, 0x74, 0x4d, 0x74, 0x6c, 0x4d, 0x61, 0x69, // ertex xlatMtlMai
	0x6e, 0x5f, 0x6f, 0x75, 0x74, 0x20, 0x78, 0x6c, 0x61, 0x74, 0x4d, 0x74, 0x6c, 0x4d, 0x61, 0x69, // n_out xlatMtlMai
	0x6e, 0x28, 0x78, 0x6c, 0x61, 0x74, 0x4d, 0x74, 0x6c, 0x4d, 0x61, 0x69, 0x6e, 0x5f, 0x69, 0x6e, // n(xlatMtlMain_in
	0x20, 0x69, 0x6e, 0x20, 0x5b, 0x5b, 0x73, 0x74, 0x61, 0x67, 0x65, 0x5f, 0x69, 0x6e, 0x5d, 0x5d, //  in [[stage_in]]
	0x2c, 0x20, 0x63, 0x6f, 0x6e, 0x73, 0x74, 0x61, 0x6e, 0x74, 0x20, 0x5f, 0x47, 0x6c, 0x6f, 0x62, // , constant _Glob
	0x61, 0x6c, 0x26, 0x20, 0x5f, 0x6d, 0x74, 0x6c, 0x5f, 0x75, 0x20, 0x5b, 0x5b, 0x62, 0x75, 0x66, // al& _mtl_u [[buf
	0x66, 0x65, 0x72, 0x28, 0x30, 0x29, 0x5d, 0x5d, 0x2c, 0x20, 0x75, 0x69, 0x6e, 0x74, 0x20, 0x67, // fer(0)]], uint g
	0x6c, 0x5f, 0x49, 0x6e, 0x73, 0x74, 0x61, 0x6e, 0x63, 0x65, 0x49, 0x6e, 0x64, 0x65, 0x78, 0x20, // l_InstanceIndex 
	0x5b, 0x5b, 0x69, 0x6e, 0x73, 0x74, 0x61, 0x6e, 0x63, 0x65, 0x5f, 0x69, 0x64, 0x5d, 0x5d, 0x29, // [[instance_id]])
	0x0a, 0x7b, 0x0a, 0x20, 0x20, 0x20, 0x20, 0x78, 0x6c, 0x61, 0x74, 0x4d, 0x74, 0x6c, 0x4d, 0x61, // .{.    xlatMtlMa
	0x69, 0x6e, 0x5f, 0x6f, 0x75, 0x74, 0x20, 0x6f, 0x75, 0x74, 0x20, 0x3d, 0x20, 0x7b, 0x7d, 0x3b, // in_out out = {};
	0x0a, 0x20, 0x20, 0x20, 0x20, 0x6f, 0x75, 0x74, 0x2e, 0x67, 0x6c, 0x5f, 0x50, 0x6f, 0x73, 0x69, // .    out.gl_Posi
	0x74, 0x69, 0x6f, 0x6e, 0x20, 0x3d, 0x20, 0x5f, 0x6d, 0x74, 0x6c, 0x5f, 0x75, 0x2e, 0x6d, 0x61, // tion = _mtl_u.ma
	0x74, 0x52, 0x6f, 0x74, 0x56, 0x69, 0x65, 0x77, 0x50, 0x72, 0x6f, 0x6a, 0x5b, 0x67, 0x6c, 0x5f, // tRotViewProj[gl_
	0x49, 0x6e, 0x73, 0x74, 0x61, 0x6e, 0x63, 0x65, 0x49, 0x6e, 0x64, 0x65, 0x78, 0x5d, 0x20, 0x2a, // InstanceIndex] *
	0x20, 0x66, 0x6c, 0x6f, 0x61, 0x74, 0x34, 0x28, 0x69, 0x6e, 0x2e, 0x61, 0x5f, 0x70, 0x6f, 0x73, //  float4(in.a_pos
	0x69, 0x74, 0x69, 0x6f, 0x6e, 0x20, 0x2d, 0x20, 0x5f, 0x6d, 0x74, 0x6c, 0x5f, 0x75, 0x2e, 0x63, // ition - _mtl_u.c
	0x61, 0x6d, 0x65, 0x72, 0x61, 0x50, 0x6f, 0x73, 0x57, 0x6f, 0x72, 0x6c, 0x64, 0x5b, 0x67, 0x6c, // ameraPosWorld[gl
	0x5f, 0x49, 0x6e, 0x73, 0x74, 0x61, 0x6e, 0x63, 0x65, 0x49, 0x6e, 0x64, 0x65, 0x78, 0x5d, 0x2e, // _InstanceIndex].
	0x78, 0x79, 0x7a, 0x2c, 0x20, 0x31, 0x2e, 0x30, 0x29, 0x3b, 0x0a, 0x20, 0x20, 0x20, 0x20, 0x6f, // xyz, 1.0);.    o
	0x75, 0x74, 0x2e, 0x5f, 0x65, 0x6e, 0x74, 0x72, 0x79, 0x50, 0x6f, 0x69, 0x6e, 0x74, 0x4f, 0x75, // ut._entryPointOu
	0x74, 0x70, 0x75, 0x74, 0x5f, 0x76, 0x5f, 0x63, 0x6c, 0x69, 0x70, 0x44, 0x69, 0x73, 0x74, 0x61, // tput_v_clipDista
	0x6e, 0x63, 0x65, 0x20, 0x3d, 0x20, 0x64, 0x6f, 0x74, 0x28, 0x5f, 0x6d, 0x74, 0x6c, 0x5f, 0x75, // nce = dot(_mtl_u
	0x2e, 0x63, 0x6c, 0x69, 0x70, 0x5f, 0x70, 0x6c, 0x61, 0x6e, 0x65, 0x2c, 0x20, 0x66, 0x6c, 0x6f, // .clip_plane, flo
	0x61, 0x74, 0x34, 0x28, 0x69, 0x6e, 0x2e, 0x61, 0x5f, 0x70, 0x6f, 0x73, 0x69, 0x74, 0x69, 0x6f, // at4(in.a_positio
	0x6e, 0x2c, 0x20, 0x31, 0x2e, 0x30, 0x29, 0x29, 0x3b, 0x0a, 0x20, 0x20, 0x20, 0x20, 0x6f, 0x75, // n, 1.0));.    ou
	0x74, 0x2e, 0x5f, 0x65, 0x6e, 0x74, 0x72, 0x79, 0x50, 0x6f, 0x69, 0x6e, 0x74, 0x4f, 0x75, 0x74, // t._entryPointOut
	0x70, 0x75, 0x74, 0x5f, 0x76, 0x5f, 0x74, 0x61, 0x62, 0x6c, 0x65, 0x50, 0x6f, 0x73, 0x20, 0x3d, // put_v_tablePos =
	0x20, 0x69, 0x6e, 0x2e, 0x61, 0x5f, 0x70, 0x6f, 0x73, 0x69, 0x74, 0x69, 0x6f, 0x6e, 0x3b, 0x0a, //  in.a_position;.
	0x20, 0x20, 0x20, 0x20, 0x6f, 0x75, 0x74, 0x2e, 0x67, 0x6c, 0x5f, 0x4c, 0x61, 0x79, 0x65, 0x72, //     out.gl_Layer
	0x20, 0x3d, 0x20, 0x67, 0x6c, 0x5f, 0x49, 0x6e, 0x73, 0x74, 0x61, 0x6e, 0x63, 0x65, 0x49, 0x6e, //  = gl_InstanceIn
	0x64, 0x65, 0x78, 0x3b, 0x0a, 0x20, 0x20, 0x20, 0x20, 0x72, 0x65, 0x74, 0x75, 0x72, 0x6e, 0x20, // dex;.    return 
	0x6f, 0x75, 0x74, 0x3b, 0x0a, 0x7d, 0x0a, 0x0a, 0x00, 0x02, 0x01, 0x00, 0xff, 0xff, 0xb0, 0x00, // out;.}..........
};
static const uint8_t vs_light_clip_st_essl[567] =
{
	0x56, 0x53, 0x48, 0x0c, 0x00, 0x00, 0x00, 0x00, 0xb6, 0x35, 0xc4, 0x5b, 0x00, 0x00, 0x00, 0x00, // VSH......5.[....
	0x00, 0x00, 0x00, 0x00, 0x03, 0x00, 0x0a, 0x63, 0x6c, 0x69, 0x70, 0x5f, 0x70, 0x6c, 0x61, 0x6e, // .......clip_plan
	0x65, 0x02, 0x01, 0x00, 0x00, 0x01, 0x00, 0x00, 0x00, 0x00, 0x00, 0x0e, 0x63, 0x61, 0x6d, 0x65, // e...........came
	0x72, 0x61, 0x50, 0x6f, 0x73, 0x57, 0x6f, 0x72, 0x6c, 0x64, 0x02, 0x02, 0x00, 0x00, 0x02, 0x00, // raPosWorld......
	0x00, 0x00, 0x00, 0x00, 0x0e, 0x6d, 0x61, 0x74, 0x52, 0x6f, 0x74, 0x56, 0x69, 0x65, 0x77, 0x50, // .....matRotViewP
	0x72, 0x6f, 0x6a, 0x04, 0x02, 0x00, 0x00, 0x08, 0x00, 0x00, 0x00, 0x00, 0x00, 0xd5, 0x01, 0x00, // roj.............
	0x00, 0x23, 0x65, 0x78, 0x74, 0x65, 0x6e, 0x73, 0x69, 0x6f, 0x6e, 0x20, 0x47, 0x4c, 0x5f, 0x4e, // .#extension GL_N
	0x56, 0x5f, 0x76, 0x69, 0x65, 0x77, 0x70, 0x6f, 0x72, 0x74, 0x5f, 0x61, 0x72, 0x72, 0x61, 0x79, // V_viewport_array
	0x32, 0x20, 0x3a, 0x20, 0x72, 0x65, 0x71, 0x75, 0x69, 0x72, 0x65, 0x0a, 0x0a, 0x75, 0x6e, 0x69, // 2 : require..uni
	0x66, 0x6f, 0x72, 0x6d, 0x20, 0x76, 0x65, 0x63, 0x34, 0x20, 0x63, 0x6c, 0x69, 0x70, 0x5f, 0x70, // form vec4 clip_p
	0x6c, 0x61, 0x6e, 0x65, 0x3b, 0x0a, 0x75, 0x6e, 0x69, 0x66, 0x6f, 0x72, 0x6d, 0x20, 0x76, 0x65, // lane;.uniform ve
	0x63, 0x34, 0x20, 0x63, 0x61, 0x6d, 0x65, 0x72, 0x61, 0x50, 0x6f, 0x73, 0x57, 0x6f, 0x72, 0x6c, // c4 cameraPosWorl
	0x64, 0x5b, 0x32, 0x5d, 0x3b, 0x0a, 0x75, 0x6e, 0x69, 0x66, 0x6f, 0x72, 0x6d, 0x20, 0x6d, 0x61, // d[2];.uniform ma
	0x74, 0x34, 0x20, 0x6d, 0x61, 0x74, 0x52, 0x6f, 0x74, 0x56, 0x69, 0x65, 0x77, 0x50, 0x72, 0x6f, // t4 matRotViewPro
	0x6a, 0x5b, 0x32, 0x5d, 0x3b, 0x0a, 0x0a, 0x6c, 0x61, 0x79, 0x6f, 0x75, 0x74, 0x28, 0x6c, 0x6f, // j[2];..layout(lo
	0x63, 0x61, 0x74, 0x69, 0x6f, 0x6e, 0x20, 0x3d, 0x20, 0x30, 0x29, 0x20, 0x69, 0x6e, 0x20, 0x76, // cation = 0) in v
	0x65, 0x63, 0x33, 0x20, 0x61, 0x5f, 0x70, 0x6f, 0x73, 0x69, 0x74, 0x69, 0x6f, 0x6e, 0x3b, 0x0a, // ec3 a_position;.
	0x6f, 0x75, 0x74, 0x20, 0x76, 0x65, 0x63, 0x33, 0x20, 0x76, 0x5f, 0x74, 0x61, 0x62, 0x6c, 0x65, // out vec3 v_table
	0x50, 0x6f, 0x73, 0x3b, 0x0a, 0x6f, 0x75, 0x74, 0x20, 0x66, 0x6c, 0x6f, 0x61, 0x74, 0x20, 0x76, // Pos;.out float v
	0x5f, 0x63, 0x6c, 0x69, 0x70, 0x44, 0x69, 0x73, 0x74, 0x61, 0x6e, 0x63, 0x65, 0x3b, 0x0a, 0x0a, // _clipDistance;..
	0x76, 0x6f, 0x69, 0x64, 0x20, 0x6d, 0x61, 0x69, 0x6e, 0x28, 0x29, 0x0a, 0x7b, 0x0a, 0x20, 0x20, // void main().{.  
	0x20, 0x20, 0x76, 0x5f, 0x74, 0x61, 0x62, 0x6c, 0x65, 0x50, 0x6f, 0x73, 0x20, 0x3d, 0x20, 0x61, //   v_tablePos = a
	0x5f, 0x70, 0x6f, 0x73, 0x69, 0x74, 0x69, 0x6f, 0x6e, 0x3b, 0x0a, 0x20, 0x20, 0x20, 0x20, 0x67, // _position;.    g
	0x6c, 0x5f, 0x4c, 0x61, 0x79, 0x65, 0x72, 0x20, 0x3d, 0x20, 0x67, 0x6c, 0x5f, 0x49, 0x6e, 0x73, // l_Layer = gl_Ins
	0x74, 0x61, 0x6e, 0x63, 0x65, 0x49, 0x44, 0x3b, 0x0a, 0x20, 0x20, 0x20, 0x20, 0x76, 0x5f, 0x63, // tanceID;.    v_c
	0x6c, 0x69, 0x70, 0x44, 0x69, 0x73, 0x74, 0x61, 0x6e, 0x63, 0x65, 0x20, 0x3d, 0x20, 0x64, 0x6f, // lipDistance = do
	0x74, 0x28, 0x63, 0x6c, 0x69, 0x70, 0x5f, 0x70, 0x6c, 0x61, 0x6e, 0x65, 0x2c, 0x20, 0x76, 0x65, // t(clip_plane, ve
	0x63, 0x34, 0x28, 0x61, 0x5f, 0x70, 0x6f, 0x73, 0x69, 0x74, 0x69, 0x6f, 0x6e, 0x2c, 0x20, 0x31, // c4(a_position, 1
	0x2e, 0x30, 0x29, 0x29, 0x3b, 0x0a, 0x20, 0x20, 0x20, 0x20, 0x67, 0x6c, 0x5f, 0x50, 0x6f, 0x73, // .0));.    gl_Pos
	0x69, 0x74, 0x69, 0x6f, 0x6e, 0x20, 0x3d, 0x20, 0x6d, 0x61, 0x74, 0x52, 0x6f, 0x74, 0x56, 0x69, // ition = matRotVi
	0x65, 0x77, 0x50, 0x72, 0x6f, 0x6a, 0x5b, 0x67, 0x6c, 0x5f, 0x49, 0x6e, 0x73, 0x74, 0x61, 0x6e, // ewProj[gl_Instan
	0x63, 0x65, 0x49, 0x44, 0x5d, 0x20, 0x2a, 0x20, 0x76, 0x65, 0x63, 0x34, 0x28, 0x61, 0x5f, 0x70, // ceID] * vec4(a_p
	0x6f, 0x73, 0x69, 0x74, 0x69, 0x6f, 0x6e, 0x20, 0x2d, 0x20, 0x63, 0x61, 0x6d, 0x65, 0x72, 0x61, // osition - camera
	0x50, 0x6f, 0x73, 0x57, 0x6f, 0x72, 0x6c, 0x64, 0x5b, 0x67, 0x6c, 0x5f, 0x49, 0x6e, 0x73, 0x74, // PosWorld[gl_Inst
	0x61, 0x6e, 0x63, 0x65, 0x49, 0x44, 0x5d, 0x2e, 0x78, 0x79, 0x7a, 0x2c, 0x20, 0x31, 0x2e, 0x30, // anceID].xyz, 1.0
	0x29, 0x3b, 0x0a, 0x7d, 0x0a, 0x0a, 0x00,                                                       // );.}...
};
static const uint8_t vs_light_clip_st_glsl[580] =
{
	0x56, 0x53, 0x48, 0x0c, 0x00, 0x00, 0x00, 0x00, 0xb6, 0x35, 0xc4, 0x5b, 0x00, 0x00, 0x00, 0x00, // VSH......5.[....
	0x00, 0x00, 0x00, 0x00, 0x03, 0x00, 0x0a, 0x63, 0x6c, 0x69, 0x70, 0x5f, 0x70, 0x6c, 0x61, 0x6e, // .......clip_plan
	0x65, 0x02, 0x01, 0x00, 0x00, 0x01, 0x00, 0x00, 0x00, 0x00, 0x00, 0x0e, 0x63, 0x61, 0x6d, 0x65, // e...........came
	0x72, 0x61, 0x50, 0x6f, 0x73, 0x57, 0x6f, 0x72, 0x6c, 0x64, 0x02, 0x02, 0x00, 0x00, 0x02, 0x00, // raPosWorld......
	0x00, 0x00, 0x00, 0x00, 0x0e, 0x6d, 0x61, 0x74, 0x52, 0x6f, 0x74, 0x56, 0x69, 0x65, 0x77, 0x50, // .....matRotViewP
	0x72, 0x6f, 0x6a, 0x04, 0x02, 0x00, 0x00, 0x08, 0x00, 0x00, 0x00, 0x00, 0x00, 0xe2, 0x01, 0x00, // roj.............
	0x00, 0x23, 0x65, 0x78, 0x74, 0x65, 0x6e, 0x73, 0x69, 0x6f, 0x6e, 0x20, 0x47, 0x4c, 0x5f, 0x41, // .#extension GL_A
	0x52, 0x42, 0x5f, 0x73, 0x68, 0x61, 0x64, 0x65, 0x72, 0x5f, 0x76, 0x69, 0x65, 0x77, 0x70, 0x6f, // RB_shader_viewpo
	0x72, 0x74, 0x5f, 0x6c, 0x61, 0x79, 0x65, 0x72, 0x5f, 0x61, 0x72, 0x72, 0x61, 0x79, 0x20, 0x3a, // rt_layer_array :
	0x20, 0x72, 0x65, 0x71, 0x75, 0x69, 0x72, 0x65, 0x0a, 0x0a, 0x75, 0x6e, 0x69, 0x66, 0x6f, 0x72, //  require..unifor
	0x6d, 0x20, 0x76, 0x65, 0x63, 0x34, 0x20, 0x63, 0x6c, 0x69, 0x70, 0x5f, 0x70, 0x6c, 0x61, 0x6e, // m vec4 clip_plan
	0x65, 0x3b, 0x0a, 0x75, 0x6e, 0x69, 0x66, 0x6f, 0x72, 0x6d, 0x20, 0x76, 0x65, 0x63, 0x34, 0x20, // e;.uniform vec4 
	0x63, 0x61, 0x6d, 0x65, 0x72, 0x61, 0x50, 0x6f, 0x73, 0x57, 0x6f, 0x72, 0x6c, 0x64, 0x5b, 0x32, // cameraPosWorld[2
	0x5d, 0x3b, 0x0a, 0x75, 0x6e, 0x69, 0x66, 0x6f, 0x72, 0x6d, 0x20, 0x6d, 0x61, 0x74, 0x34, 0x20, // ];.uniform mat4 
	0x6d, 0x61, 0x74, 0x52, 0x6f, 0x74, 0x56, 0x69, 0x65, 0x77, 0x50, 0x72, 0x6f, 0x6a, 0x5b, 0x32, // matRotViewProj[2
	0x5d, 0x3b, 0x0a, 0x0a, 0x6c, 0x61, 0x79, 0x6f, 0x75, 0x74, 0x28, 0x6c, 0x6f, 0x63, 0x61, 0x74, // ];..layout(locat
	0x69, 0x6f, 0x6e, 0x20, 0x3d, 0x20, 0x30, 0x29, 0x20, 0x69, 0x6e, 0x20, 0x76, 0x65, 0x63, 0x33, // ion = 0) in vec3
	0x20, 0x61, 0x5f, 0x70, 0x6f, 0x73, 0x69, 0x74, 0x69, 0x6f, 0x6e, 0x3b, 0x0a, 0x6f, 0x75, 0x74, //  a_position;.out
	0x20, 0x76, 0x65, 0x63, 0x33, 0x20, 0x76, 0x5f, 0x74, 0x61, 0x62, 0x6c, 0x65, 0x50, 0x6f, 0x73, //  vec3 v_tablePos
	0x3b, 0x0a, 0x6f, 0x75, 0x74, 0x20, 0x66, 0x6c, 0x6f, 0x61, 0x74, 0x20, 0x76, 0x5f, 0x63, 0x6c, // ;.out float v_cl
	0x69, 0x70, 0x44, 0x69, 0x73, 0x74, 0x61, 0x6e, 0x63, 0x65, 0x3b, 0x0a, 0x0a, 0x76, 0x6f, 0x69, // ipDistance;..voi
	0x64, 0x20, 0x6d, 0x61, 0x69, 0x6e, 0x28, 0x29, 0x0a, 0x7b, 0x0a, 0x20, 0x20, 0x20, 0x20, 0x76, // d main().{.    v
	0x5f, 0x74, 0x61, 0x62, 0x6c, 0x65, 0x50, 0x6f, 0x73, 0x20, 0x3d, 0x20, 0x61, 0x5f, 0x70, 0x6f, // _tablePos = a_po
	0x73, 0x69, 0x74, 0x69, 0x6f, 0x6e, 0x3b, 0x0a, 0x20, 0x20, 0x20, 0x20, 0x67, 0x6c, 0x5f, 0x4c, // sition;.    gl_L
	0x61, 0x79, 0x65, 0x72, 0x20, 0x3d, 0x20, 0x67, 0x6c, 0x5f, 0x49, 0x6e, 0x73, 0x74, 0x61, 0x6e, // ayer = gl_Instan
	0x63, 0x65, 0x49, 0x44, 0x3b, 0x0a, 0x20, 0x20, 0x20, 0x20, 0x76, 0x5f, 0x63, 0x6c, 0x69, 0x70, // ceID;.    v_clip
	0x44, 0x69, 0x73, 0x74, 0x61, 0x6e, 0x63, 0x65, 0x20, 0x3d, 0x20, 0x64, 0x6f, 0x74, 0x28, 0x63, // Distance = dot(c
	0x6c, 0x69, 0x70, 0x5f, 0x70, 0x6c, 0x61, 0x6e, 0x65, 0x2c, 0x20, 0x76, 0x65, 0x63, 0x34, 0x28, // lip_plane, vec4(
	0x61, 0x5f, 0x70, 0x6f, 0x73, 0x69, 0x74, 0x69, 0x6f, 0x6e, 0x2c, 0x20, 0x31, 0x2e, 0x30, 0x29, // a_position, 1.0)
	0x29, 0x3b, 0x0a, 0x20, 0x20, 0x20, 0x20, 0x67, 0x6c, 0x5f, 0x50, 0x6f, 0x73, 0x69, 0x74, 0x69, // );.    gl_Positi
	0x6f, 0x6e, 0x20, 0x3d, 0x20, 0x6d, 0x61, 0x74, 0x52, 0x6f, 0x74, 0x56, 0x69, 0x65, 0x77, 0x50, // on = matRotViewP
	0x72, 0x6f, 0x6a, 0x5b, 0x67, 0x6c, 0x5f, 0x49, 0x6e, 0x73, 0x74, 0x61, 0x6e, 0x63, 0x65, 0x49, // roj[gl_InstanceI
	0x44, 0x5d, 0x20, 0x2a, 0x20, 0x76, 0x65, 0x63, 0x34, 0x28, 0x61, 0x5f, 0x70, 0x6f, 0x73, 0x69, // D] * vec4(a_posi
	0x74, 0x69, 0x6f, 0x6e, 0x20, 0x2d, 0x20, 0x63, 0x61, 0x6d, 0x65, 0x72, 0x61, 0x50, 0x6f, 0x73, // tion - cameraPos
	0x57, 0x6f, 0x72, 0x6c, 0x64, 0x5b, 0x67, 0x6c, 0x5f, 0x49, 0x6e, 0x73, 0x74, 0x61, 0x6e, 0x63, // World[gl_Instanc
	0x65, 0x49, 0x44, 0x5d, 0x2e, 0x78, 0x79, 0x7a, 0x2c, 0x20, 0x31, 0x2e, 0x30, 0x29, 0x3b, 0x0a, // eID].xyz, 1.0);.
	0x7d, 0x0a, 0x0a, 0x00,                                                                         // }...
};
static const uint8_t vs_light_clip_st_dxbc[923] =
{
	0x56, 0x53, 0x48, 0x0c, 0x00, 0x00, 0x00, 0x00, 0xb6, 0x35, 0xc4, 0x5b, 0x00, 0x00, 0x00, 0x00, // VSH......5.[....
	0x00, 0x00, 0x00, 0x00, 0x03, 0x00, 0x0e, 0x6d, 0x61, 0x74, 0x52, 0x6f, 0x74, 0x56, 0x69, 0x65, // .......matRotVie
	0x77, 0x50, 0x72, 0x6f, 0x6a, 0x04, 0x02, 0x00, 0x00, 0x08, 0x00, 0x00, 0x00, 0x00, 0x00, 0x0e, // wProj...........
	0x63, 0x61, 0x6d, 0x65, 0x72, 0x61, 0x50, 0x6f, 0x73, 0x57, 0x6f, 0x72, 0x6c, 0x64, 0x02, 0x02, // cameraPosWorld..
	0x80, 0x00, 0x02, 0x00, 0x00, 0x00, 0x00, 0x00, 0x0a, 0x63, 0x6c, 0x69, 0x70, 0x5f, 0x70, 0x6c, // .........clip_pl
	0x61, 0x6e, 0x65, 0x02, 0x00, 0xa0, 0x00, 0x01, 0x00, 0x00, 0x00, 0x00, 0x00, 0x34, 0x03, 0x00, // ane..........4..
	0x00, 0x44, 0x58, 0x42, 0x43, 0xc0, 0x6c, 0x97, 0x43, 0x98, 0x4a, 0x70, 0x31, 0xeb, 0xf4, 0x86, // .DXBC.l.C.Jp1...
	0x7a, 0x1b, 0x33, 0xa2, 0xf0, 0x01, 0x00, 0x00, 0x00, 0x34, 0x03, 0x00, 0x00, 0x04, 0x00, 0x00, // z.3......4......
	0x00, 0x30, 0x00, 0x00, 0x00, 0x88, 0x00, 0x00, 0x00, 0x28, 0x01, 0x00, 0x00, 0x24, 0x03, 0x00, // .0.......(...$..
	0x00, 0x49, 0x53, 0x47, 0x4e, 0x50, 0x00, 0x00, 0x00, 0x02, 0x00, 0x00, 0x00, 0x08, 0x00, 0x00, // .ISGNP..........
	0x00, 0x38, 0x00, 0x00, 0x00, 0x00, 0x00, 0x00, 0x00, 0x00, 0x00, 0x00, 0x00, 0x03, 0x00, 0x00, // .8..............
	0x00, 0x00, 0x00, 0x00, 0x00, 0x07, 0x07, 0x00, 0x00, 0x41, 0x00, 0x00, 0x00, 0x00, 0x00, 0x00, // .........A......
	0x00, 0x08, 0x00, 0x00, 0x00, 0x01, 0x00, 0x00, 0x00, 0x01, 0x00, 0x00, 0x00, 0x01, 0x01, 0x00, // ................
	0x00, 0x50, 0x4f, 0x53, 0x49, 0x54, 0x49, 0x4f, 0x4e, 0x00, 0x53, 0x56, 0x5f, 0x49, 0x6e, 0x73, // .POSITION.SV_Ins
	0x74, 0x61, 0x6e, 0x63, 0x65, 0x49, 0x44, 0x00, 0xab, 0x4f, 0x53, 0x47, 0x4e, 0x98, 0x00, 0x00, // tanceID..OSGN...
	0x00, 0x04, 0x00, 0x00, 0x00, 0x08, 0x00, 0x00, 0x00, 0x68, 0x00, 0x00, 0x00, 0x00, 0x00, 0x00, // .........h......
	0x00, 0x01, 0x00, 0x00, 0x00, 0x03, 0x00, 0x00, 0x00, 0x00, 0x00, 0x00, 0x00, 0x0f, 0x00, 0x00, // ................
	0x00, 0x74, 0x00, 0x00, 0x00, 0x03, 0x00, 0x00, 0x00, 0x00, 0x00, 0x00, 0x00, 0x03, 0x00, 0x00, // .t..............
	0x00, 0x01, 0x00, 0x00, 0x00, 0x01, 0x0e, 0x00, 0x00, 0x74, 0x00, 0x00, 0x00, 0x01, 0x00, 0x00, // .........t......
	0x00, 0x00, 0x00, 0x00, 0x00, 0x03, 0x00, 0x00, 0x00, 0x01, 0x00, 0x00, 0x00, 0x0e, 0x01, 0x00, // ................
	0x00, 0x7d, 0x00, 0x00, 0x00, 0x00, 0x00, 0x00, 0x00, 0x04, 0x00, 0x00, 0x00, 0x01, 0x00, 0x00, // .}..............
	0x00, 0x02, 0x00, 0x00, 0x00, 0x01, 0x0e, 0x00, 0x00, 0x53, 0x56, 0x5f, 0x50, 0x4f, 0x53, 0x49, // .........SV_POSI
	0x54, 0x49, 0x4f, 0x4e, 0x00, 0x54, 0x45, 0x58, 0x43, 0x4f, 0x4f, 0x52, 0x44, 0x00, 0x53, 0x56, // TION.TEXCOORD.SV
	0x5f, 0x52, 0x65, 0x6e, 0x64, 0x65, 0x72, 0x54, 0x61, 0x72, 0x67, 0x65, 0x74, 0x41, 0x72, 0x72, // _RenderTargetArr
	0x61, 0x79, 0x49, 0x6e, 0x64, 0x65, 0x78, 0x00, 0xab, 0x53, 0x48, 0x45, 0x58, 0xf4, 0x01, 0x00, // ayIndex..SHEX...
	0x00, 0x50, 0x00, 0x01, 0x00, 0x7d, 0x00, 0x00, 0x00, 0x6a, 0x08, 0x00, 0x01, 0x59, 0x08, 0x00, // .P...}...j...Y..
	0x04, 0x46, 0x8e, 0x20, 0x00, 0x00, 0x00, 0x00, 0x00, 0x0b, 0x00, 0x00, 0x00, 0x5f, 0x00, 0x00, // .F. ........._..
	0x03, 0x72, 0x10, 0x10, 0x00, 0x00, 0x00, 0x00, 0x00, 0x60, 0x00, 0x00, 0x04, 0x12, 0x10, 0x10, // .r.......`......
	0x00, 0x01, 0x00, 0x00, 0x00, 0x08, 0x00, 0x00, 0x00, 0x67, 0x00, 0x00, 0x04, 0xf2, 0x20, 0x10, // .........g.... .
	0x00, 0x00, 0x00, 0x00, 0x00, 0x01, 0x00, 0x00, 0x00, 0x65, 0x00, 0x00, 0x03, 0x12, 0x20, 0x10, // .........e.... .
	0x00, 0x01, 0x00, 0x00, 0x00, 0x65, 0x00, 0x00, 0x03, 0xe2, 0x20, 0x10, 0x00, 0x01, 0x00, 0x00, // .....e.... .....
	0x00, 0x67, 0x00, 0x00, 0x04, 0x12, 0x20, 0x10, 0x00, 0x02, 0x00, 0x00, 0x00, 0x04, 0x00, 0x00, // .g.... .........
	0x00, 0x68, 0x00, 0x00, 0x02, 0x02, 0x00, 0x00, 0x00, 0x36, 0x00, 0x00, 0x05, 0x12, 0x00, 0x10, // .h.......6......
	0x00, 0x00, 0x00, 0x00, 0x00, 0x0a, 0x10, 0x10, 0x00, 0x01, 0x00, 0x00, 0x00, 0x00, 0x00, 0x00, // ................
	0x0b, 0x72, 0x00, 0x10, 0x00, 0x00, 0x00, 0x00, 0x00, 0x46, 0x12, 0x10, 0x00, 0x00, 0x00, 0x00, // .r.......F......
	0x00, 0x46, 0x82, 0x20, 0x86, 0x41, 0x00, 0x00, 0x00, 0x00, 0x00, 0x00, 0x00, 0x08, 0x00, 0x00, // .F. .A..........
	0x00, 0x0a, 0x00, 0x10, 0x00, 0x00, 0x00, 0x00, 0x00, 0x29, 0x00, 0x00, 0x07, 0x82, 0x00, 0x10, // .........)......
	0x00, 0x00, 0x00, 0x00, 0x00, 0x0a, 0x10, 0x10, 0x00, 0x01, 0x00, 0x00, 0x00, 0x01, 0x40, 0x00, // ..............@.
	0x00, 0x02, 0x00, 0x00, 0x00, 0x38, 0x00, 0x00, 0x0a, 0xf2, 0x00, 0x10, 0x00, 0x01, 0x00, 0x00, // .....8..........
	0x00, 0x56, 0x05, 0x10, 0x00, 0x00, 0x00, 0x00, 0x00, 0x46, 0x8e, 0x20, 0x06, 0x00, 0x00, 0x00, // .V.......F. ....
	0x00, 0x01, 0x00, 0x00, 0x00, 0x3a, 0x00, 0x10, 0x00, 0x00, 0x00, 0x00, 0x00, 0x32, 0x00, 0x00, // .....:.......2..
	0x0b, 0xf2, 0x00, 0x10, 0x00, 0x01, 0x00, 0x00, 0x00, 0x46, 0x8e, 0x20, 0x04, 0x00, 0x00, 0x00, // .........F. ....
	0x00, 0x3a, 0x00, 0x10, 0x00, 0x00, 0x00, 0x00, 0x00, 0x06, 0x00, 0x10, 0x00, 0x00, 0x00, 0x00, // .:..............
	0x00, 0x46, 0x0e, 0x10, 0x00, 0x01, 0x00, 0x00, 0x00, 0x32, 0x00, 0x00, 0x0c, 0xf2, 0x00, 0x10, // .F.......2......
	0x00, 0x01, 0x00, 0x00, 0x00, 0x46, 0x8e, 0x20, 0x06, 0x00, 0x00, 0x00, 0x00, 0x02, 0x00, 0x00, // .....F. ........
	0x00, 0x3a, 0x00, 0x10, 0x00, 0x00, 0x00, 0x00, 0x00, 0xa6, 0x0a, 0x10, 0x00, 0x00, 0x00, 0x00, // .:..............
	0x00, 0x46, 0x0e, 0x10, 0x00, 0x01, 0x00, 0x00, 0x00, 0x00, 0x00, 0x00, 0x0a, 0xf2, 0x20, 0x10, // .F............ .
	0x00, 0x00, 0x00, 0x00, 0x00, 0x46, 0x0e, 0x10, 0x00, 0x01, 0x00, 0x00, 0x00, 0x46, 0x8e, 0x20, // .....F.......F. 
	0x06, 0x00, 0x00, 0x00, 0x00, 0x03, 0x00, 0x00, 0x00, 0x3a, 0x00, 0x10, 0x00, 0x00, 0x00, 0x00, // .........:......
	0x00, 0x36, 0x00, 0x00, 0x05, 0x72, 0x00, 0x10, 0x00, 0x00, 0x00, 0x00, 0x00, 0x46, 0x12, 0x10, // .6...r.......F..
	0x00, 0x00, 0x00, 0x00, 0x00, 0x36, 0x00, 0x00, 0x05, 0x82, 0x00, 0x10, 0x00, 0x00, 0x00, 0x00, // .....6..........
	0x00, 0x01, 0x40, 0x00, 0x00, 0x00, 0x00, 0x80, 0x3f, 0x11, 0x00, 0x00, 0x08, 0x12, 0x20, 0x10, // ..@.....?..... .
	0x00, 0x01, 0x00, 0x00, 0x00, 0x46, 0x8e, 0x20, 0x00, 0x00, 0x00, 0x00, 0x00, 0x0a, 0x00, 0x00, // .....F. ........
	0x00, 0x46, 0x0e, 0x10, 0x00, 0x00, 0x00, 0x00, 0x00, 0x36, 0x00, 0x00, 0x05, 0xe2, 0x20, 0x10, // .F.......6.... .
	0x00, 0x01, 0x00, 0x00, 0x00, 0x06, 0x19, 0x10, 0x00, 0x00, 0x00, 0x00, 0x00, 0x36, 0x00, 0x00, // .............6..
	0x05, 0x12, 0x20, 0x10, 0x00, 0x02, 0x00, 0x00, 0x00, 0x0a, 0x10, 0x10, 0x00, 0x01, 0x00, 0x00, // .. .............
	0x00, 0x3e, 0x00, 0x00, 0x01, 0x53, 0x46, 0x49, 0x30, 0x08, 0x00, 0x00, 0x00, 0x00, 0x20, 0x00, // .>...SFI0..... .
	0x00, 0x00, 0x00, 0x00, 0x00, 0x00, 0x01, 0x01, 0x00, 0xb0, 0x00,                               // ...........
};
static const uint8_t vs_light_clip_st_dxil[3091] =
{
	0x56, 0x53, 0x48, 0x0c, 0x00, 0x00, 0x00, 0x00, 0xb6, 0x35, 0xc4, 0x5b, 0x00, 0x00, 0x00, 0x00, // VSH......5.[....
	0x00, 0x00, 0x00, 0x00, 0x03, 0x00, 0x0e, 0x6d, 0x61, 0x74, 0x52, 0x6f, 0x74, 0x56, 0x69, 0x65, // .......matRotVie
	0x77, 0x50, 0x72, 0x6f, 0x6a, 0x04, 0x02, 0x00, 0x00, 0x08, 0x00, 0x00, 0x00, 0x00, 0x00, 0x0e, // wProj...........
	0x63, 0x61, 0x6d, 0x65, 0x72, 0x61, 0x50, 0x6f, 0x73, 0x57, 0x6f, 0x72, 0x6c, 0x64, 0x02, 0x02, // cameraPosWorld..
	0x80, 0x00, 0x02, 0x00, 0x00, 0x00, 0x00, 0x00, 0x0a, 0x63, 0x6c, 0x69, 0x70, 0x5f, 0x70, 0x6c, // .........clip_pl
	0x61, 0x6e, 0x65, 0x02, 0x00, 0xa0, 0x00, 0x01, 0x00, 0x00, 0x00, 0x00, 0x00, 0xac, 0x0b, 0x00, // ane.............
	0x00, 0x44, 0x58, 0x42, 0x43, 0x3c, 0x0c, 0x65, 0xed, 0x9e, 0x27, 0x00, 0xcb, 0x9d, 0x05, 0xb8, // .DXBC<.e..'.....
	0xaf, 0x8a, 0x4d, 0xbd, 0x2b, 0x01, 0x00, 0x00, 0x00, 0xac, 0x0b, 0x00, 0x00, 0x07, 0x00, 0x00, // ..M.+...........
	0x00, 0x3c, 0x00, 0x00, 0x00, 0x4c, 0x00, 0x00, 0x00, 0xb4, 0x00, 0x00, 0x00, 0x74, 0x01, 0x00, // .<...L.......t..
	0x00, 0x90, 0x02, 0x00, 0x00, 0xc4, 0x02, 0x00, 0x00, 0xe0, 0x02, 0x00, 0x00, 0x53, 0x46, 0x49, // .............SFI
	0x30, 0x08, 0x00, 0x00, 0x00, 0x00, 0x20, 0x00, 0x00, 0x00, 0x00, 0x00, 0x00, 0x49, 0x53, 0x47, // 0..... ......ISG
	0x31, 0x60, 0x00, 0x00, 0x00, 0x02, 0x00, 0x00, 0x00, 0x08, 0x00, 0x00, 0x00, 0x00, 0x00, 0x00, // 1`..............
	0x00, 0x48, 0x00, 0x00, 0x00, 0x00, 0x00, 0x00, 0x00, 0x00, 0x00, 0x00, 0x00, 0x03, 0x00, 0x00, // .H..............
	0x00, 0x00, 0x00, 0x00, 0x00, 0x07, 0x07, 0x00, 0x00, 0x00, 0x00, 0x00, 0x00, 0x00, 0x00, 0x00, // ................
	0x00, 0x51, 0x00, 0x00, 0x00, 0x00, 0x00, 0x00, 0x00, 0x08, 0x00, 0x00, 0x00, 0x01, 0x00, 0x00, // .Q..............
	0x00, 0x01, 0x00, 0x00, 0x00, 0x01, 0x01, 0x00, 0x00, 0x00, 0x00, 0x00, 0x00, 0x50, 0x4f, 0x53, // .............POS
	0x49, 0x54, 0x49, 0x4f, 0x4e, 0x00, 0x53, 0x56, 0x5f, 0x49, 0x6e, 0x73, 0x74, 0x61, 0x6e, 0x63, // ITION.SV_Instanc
	0x65, 0x49, 0x44, 0x00, 0x00, 0x4f, 0x53, 0x47, 0x31, 0xb8, 0x00, 0x00, 0x00, 0x04, 0x00, 0x00, // eID..OSG1.......
	0x00, 0x08, 0x00, 0x00, 0x00, 0x00, 0x00, 0x00, 0x00, 0x88, 0x00, 0x00, 0x00, 0x00, 0x00, 0x00, // ................
	0x00, 0x01, 0x00, 0x00, 0x00, 0x03, 0x00, 0x00, 0x00, 0x00, 0x00, 0x00, 0x00, 0x0f, 0x00, 0x00, // ................
	0x00, 0x00, 0x00, 0x00, 0x00, 0x00, 0x00, 0x00, 0x00, 0x94, 0x00, 0x00, 0x00, 0x03, 0x00, 0x00, // ................
	0x00, 0x00, 0x00, 0x00, 0x00, 0x03, 0x00, 0x00, 0x00, 0x01, 0x00, 0x00, 0x00, 0x01, 0x0e, 0x00, // ................
	0x00, 0x00, 0x00, 0x00, 0x00, 0x00, 0x00, 0x00, 0x00, 0x94, 0x00, 0x00, 0x00, 0x01, 0x00, 0x00, // ................
	0x00, 0x00, 0x00, 0x00, 0x00, 0x03, 0x00, 0x00, 0x00, 0x01, 0x00, 0x00, 0x00, 0x0e, 0x01, 0x00, // ................
	0x00, 0x00, 0x00, 0x00, 0x00, 0x00, 0x00, 0x00, 0x00, 0x9d, 0x00, 0x00, 0x00, 0x00, 0x00, 0x00, // ................
	0x00, 0x04, 0x00, 0x00, 0x00, 0x01, 0x00, 0x00, 0x00, 0x02, 0x00, 0x00, 0x00, 0x01, 0x0e, 0x00, // ................
	0x00, 0x00, 0x00, 0x00, 0x00, 0x53, 0x56, 0x5f, 0x50, 0x6f, 0x73, 0x69, 0x74, 0x69, 0x6f, 0x6e, // .....SV_Position
	0x00, 0x54, 0x45, 0x58, 0x43, 0x4f, 0x4f, 0x52, 0x44, 0x00, 0x53, 0x56, 0x5f, 0x52, 0x65, 0x6e, // .TEXCOORD.SV_Ren
	0x64, 0x65, 0x72, 0x54, 0x61, 0x72, 0x67, 0x65, 0x74, 0x41, 0x72, 0x72, 0x61, 0x79, 0x49, 0x6e, // derTargetArrayIn
	0x64, 0x65, 0x78, 0x00, 0x00, 0x50, 0x53, 0x56, 0x30, 0x14, 0x01, 0x00, 0x00, 0x34, 0x00, 0x00, // dex..PSV0....4..
	0x00, 0x01, 0x00, 0x00, 0x00, 0x00, 0x00, 0x00, 0x00, 0x00, 0x00, 0x00, 0x00, 0x00, 0x00, 0x00, // ................
	0x00, 0x00, 0x00, 0x00, 0x00, 0xff, 0xff, 0xff, 0xff, 0x01, 0x00, 0x00, 0x00, 0x02, 0x04, 0x00, // ................
	0x02, 0x03, 0x00, 0x00, 0x00, 0x00, 0x00, 0x00, 0x00, 0x00, 0x00, 0x00, 0x00, 0x00, 0x00, 0x00, // ................
	0x00, 0x1c, 0x00, 0x00, 0x00, 0x01, 0x00, 0x00, 0x00, 0x18, 0x00, 0x00, 0x00, 0x02, 0x00, 0x00, // ................
	0x00, 0x00, 0x00, 0x00, 0x00, 0x00, 0x00, 0x00, 0x00, 0x00, 0x00, 0x00, 0x00, 0x0d, 0x00, 0x00, // ................
	0x00, 0x00, 0x00, 0x00, 0x00, 0x24, 0x00, 0x00, 0x00, 0x00, 0x50, 0x4f, 0x53, 0x49, 0x54, 0x49, // .....$....POSITI
	0x4f, 0x4e, 0x00, 0x54, 0x45, 0x58, 0x43, 0x4f, 0x4f, 0x52, 0x44, 0x00, 0x54, 0x45, 0x58, 0x43, // ON.TEXCOORD.TEXC
	0x4f, 0x4f, 0x52, 0x44, 0x00, 0x6d, 0x61, 0x69, 0x6e, 0x00, 0x00, 0x00, 0x00, 0x03, 0x00, 0x00, // OORD.main.......
	0x00, 0x00, 0x00, 0x00, 0x00, 0x03, 0x00, 0x00, 0x00, 0x01, 0x00, 0x00, 0x00, 0x10, 0x00, 0x00, // ................
	0x00, 0x01, 0x00, 0x00, 0x00, 0x00, 0x00, 0x00, 0x00, 0x01, 0x00, 0x43, 0x00, 0x03, 0x00, 0x00, // ...........C....
	0x00, 0x00, 0x00, 0x00, 0x00, 0x00, 0x00, 0x00, 0x00, 0x01, 0x01, 0x41, 0x02, 0x01, 0x00, 0x00, // ...........A....
	0x00, 0x00, 0x00, 0x00, 0x00, 0x00, 0x00, 0x00, 0x00, 0x01, 0x00, 0x44, 0x03, 0x03, 0x04, 0x00, // ...........D....
	0x00, 0x0a, 0x00, 0x00, 0x00, 0x01, 0x00, 0x00, 0x00, 0x01, 0x01, 0x41, 0x00, 0x03, 0x02, 0x00, // ...........A....
	0x00, 0x13, 0x00, 0x00, 0x00, 0x02, 0x00, 0x00, 0x00, 0x01, 0x01, 0x53, 0x00, 0x03, 0x02, 0x00, // ...........S....
	0x00, 0x00, 0x00, 0x00, 0x00, 0x00, 0x00, 0x00, 0x00, 0x01, 0x02, 0x41, 0x04, 0x01, 0x01, 0x00, // ...........A....
	0x00, 0x3f, 0x00, 0x00, 0x00, 0x5f, 0x00, 0x00, 0x00, 0x9f, 0x00, 0x00, 0x00, 0x00, 0x00, 0x00, // .?..._..........
	0x00, 0x0f, 0x01, 0x00, 0x00, 0x00, 0x00, 0x00, 0x00, 0x00, 0x00, 0x00, 0x00, 0x00, 0x00, 0x00, // ................
	0x00, 0x49, 0x4c, 0x44, 0x4e, 0x2c, 0x00, 0x00, 0x00, 0x00, 0x00, 0x24, 0x00, 0x62, 0x30, 0x32, // .ILDN,.....$.b02
	0x36, 0x65, 0x37, 0x36, 0x39, 0x30, 0x62, 0x31, 0x30, 0x61, 0x34, 0x30, 0x33, 0x62, 0x63, 0x33, // 6e7690b10a403bc3
	0x33, 0x61, 0x33, 0x31, 0x35, 0x31, 0x36, 0x35, 0x30, 0x33, 0x62, 0x65, 0x64, 0x2e, 0x70, 0x64, // 3a31516503bed.pd
	0x62, 0x00, 0x00, 0x00, 0x00, 0x48, 0x41, 0x53, 0x48, 0x14, 0x00, 0x00, 0x00, 0x00, 0x00, 0x00, // b....HASH.......
	0x00, 0xb0, 0x26, 0xe7, 0x69, 0x0b, 0x10, 0xa4, 0x03, 0xbc, 0x33, 0xa3, 0x15, 0x16, 0x50, 0x3b, // ..&.i.....3...P;
	0xed, 0x44, 0x58, 0x49, 0x4c, 0xc4, 0x08, 0x00, 0x00, 0x60, 0x00, 0x01, 0x00, 0x31, 0x02, 0x00, // .DXIL....`...1..
	0x00, 0x44, 0x58, 0x49, 0x4c, 0x00, 0x01, 0x00, 0x00, 0x10, 0x00, 0x00, 0x00, 0xac, 0x08, 0x00, // .DXIL...........
	0x00, 0x42, 0x43, 0xc0, 0xde, 0x21, 0x0c, 0x00, 0x00, 0x28, 0x02, 0x00, 0x00, 0x0b, 0x82, 0x20, // .BC..!...(..... 
	0x00, 0x02, 0x00, 0x00, 0x00, 0x13, 0x00, 0x00, 0x00, 0x07, 0x81, 0x23, 0x91, 0x41, 0xc8, 0x04, // ...........#.A..
	0x49, 0x06, 0x10, 0x32, 0x39, 0x92, 0x01, 0x84, 0x0c, 0x25, 0x05, 0x08, 0x19, 0x1e, 0x04, 0x8b, // I..29....%......
	0x62, 0x80, 0x18, 0x45, 0x02, 0x42, 0x92, 0x0b, 0x42, 0xc4, 0x10, 0x32, 0x14, 0x38, 0x08, 0x18, // b..E.B..B..2.8..
	0x4b, 0x0a, 0x32, 0x62, 0x88, 0x48, 0x90, 0x14, 0x20, 0x43, 0x46, 0x88, 0xa5, 0x00, 0x19, 0x32, // K.2b.H.. CF....2
	0x42, 0xe4, 0x48, 0x0e, 0x90, 0x11, 0x23, 0xc4, 0x50, 0x41, 0x51, 0x81, 0x8c, 0xe1, 0x83, 0xe5, // B.H...#.PAQ.....
	0x8a, 0x04, 0x31, 0x46, 0x06, 0x51, 0x18, 0x00, 0x00, 0x08, 0x00, 0x00, 0x00, 0x1b, 0x8c, 0xe0, // ..1F.Q..........
	0xff, 0xff, 0xff, 0xff, 0x07, 0x40, 0x02, 0xa8, 0x0d, 0x84, 0xf0, 0xff, 0xff, 0xff, 0xff, 0x03, // .....@..........
	0x20, 0x6d, 0x30, 0x86, 0xff, 0xff, 0xff, 0xff, 0x1f, 0x00, 0x09, 0xa8, 0x00, 0x49, 0x18, 0x00, //  m0..........I..
	0x00, 0x03, 0x00, 0x00, 0x00, 0x13, 0x82, 0x60, 0x42, 0x20, 0x4c, 0x08, 0x06, 0x00, 0x00, 0x00, // .......`B L.....
	0x00, 0x89, 0x20, 0x00, 0x00, 0x31, 0x00, 0x00, 0x00, 0x32, 0x22, 0x88, 0x09, 0x20, 0x64, 0x85, // .. ..1...2".. d.
	0x04, 0x13, 0x23, 0xa4, 0x84, 0x04, 0x13, 0x23, 0xe3, 0x84, 0xa1, 0x90, 0x14, 0x12, 0x4c, 0x8c, // ..#....#......L.
	0x8c, 0x0b, 0x84, 0xc4, 0x4c, 0x10, 0x8c, 0xc1, 0x08, 0x40, 0x09, 0x00, 0x0a, 0x66, 0x00, 0xe6, // ....L....@...f..
	0x08, 0xc0, 0x60, 0x8e, 0x00, 0x29, 0xc6, 0x40, 0x10, 0x44, 0x41, 0x90, 0x51, 0x0c, 0x82, 0x20, // ..`..).@.DA.Q.. 
	0x88, 0x82, 0x20, 0xa4, 0x18, 0x00, 0x41, 0x10, 0xc5, 0x40, 0x4a, 0x31, 0x00, 0x82, 0x20, 0x0a, // .. ...A..@J1.. .
	0x82, 0x98, 0xa2, 0x0c, 0xc4, 0x30, 0x0c, 0xc3, 0x30, 0x0c, 0x03, 0x39, 0x47, 0x0d, 0x97, 0x3f, // .....0..0..9G..?
	0x61, 0x0f, 0x21, 0xf9, 0xdc, 0x46, 0x15, 0x2b, 0x31, 0xf9, 0xc5, 0x6d, 0x23, 0x62, 0x18, 0x86, // a.!..F.+1..m#b..
	0x81, 0x8a, 0x7b, 0x86, 0xcb, 0x9f, 0xb0, 0x87, 0x90, 0xfc, 0x10, 0x68, 0x86, 0x85, 0x40, 0x41, // ..{........h..@A
	0x54, 0x08, 0x88, 0x90, 0x08, 0x9a, 0x4a, 0x31, 0x10, 0xc3, 0x30, 0x50, 0x35, 0x47, 0x10, 0x14, // T.....J1..0P5G..
	0x43, 0x22, 0x0a, 0x82, 0xb8, 0x08, 0x1b, 0x08, 0x18, 0x46, 0x20, 0x86, 0x24, 0xd8, 0x52, 0x80, // C".......F .$.R.
	0x4b, 0x81, 0x6d, 0xa6, 0x09, 0x1d, 0xde, 0x61, 0x1e, 0xe8, 0x81, 0x1d, 0xc2, 0x21, 0x1f, 0xde, // K.m....a.....!..
	0xa1, 0x1e, 0xe8, 0xc1, 0x0d, 0xc8, 0xe0, 0x14, 0xd8, 0xe1, 0x1d, 0xc4, 0x21, 0x1c, 0xd8, 0x61, // ............!..a
	0x1e, 0xd0, 0xd0, 0x79, 0x1b, 0x7d, 0x79, 0x40, 0xcc, 0x11, 0x80, 0x02, 0x00, 0x13, 0x14, 0x72, // ...y.}y@.......r
	0xc0, 0x87, 0x74, 0x60, 0x87, 0x36, 0x68, 0x87, 0x79, 0x68, 0x03, 0x72, 0xc0, 0x87, 0x0d, 0xaf, // ..t`.6h.yh.r....
	0x50, 0x0e, 0x6d, 0xd0, 0x0e, 0x7a, 0x50, 0x0e, 0x6d, 0x00, 0x0f, 0x7a, 0x30, 0x07, 0x72, 0xa0, // P.m..zP.m..z0.r.
	0x07, 0x73, 0x20, 0x07, 0x6d, 0x90, 0x0e, 0x71, 0xa0, 0x07, 0x73, 0x20, 0x07, 0x6d, 0x90, 0x0e, // .s .m..q..s .m..
	0x78, 0xa0, 0x07, 0x73, 0x20, 0x07, 0x6d, 0x90, 0x0e, 0x71, 0x60, 0x07, 0x7a, 0x30, 0x07, 0x72, // x..s .m..q`.z0.r
	0xd0, 0x06, 0xe9, 0x30, 0x07, 0x72, 0xa0, 0x07, 0x73, 0x20, 0x07, 0x6d, 0x90, 0x0e, 0x76, 0x40, // ...0.r..s .m..v@
	0x07, 0x7a, 0x60, 0x07, 0x74, 0xd0, 0x06, 0xe6, 0x10, 0x07, 0x76, 0xa0, 0x07, 0x73, 0x20, 0x07, // .z`.t.....v..s .
	0x6d, 0x60, 0x0e, 0x73, 0x20, 0x07, 0x7a, 0x30, 0x07, 0x72, 0xd0, 0x06, 0xe6, 0x60, 0x07, 0x74, // m`.s .z0.r...`.t
	0xa0, 0x07, 0x76, 0x40, 0x07, 0x6d, 0xe0, 0x0e, 0x78, 0xa0, 0x07, 0x71, 0x60, 0x07, 0x7a, 0x30, // ..v@.m..x..q`.z0
	0x07, 0x72, 0xa0, 0x07, 0x76, 0x40, 0x07, 0x43, 0x9e, 0x00, 0x00, 0x00, 0x00, 0x00, 0x00, 0x00, // .r..v@.C........
	0x00, 0x00, 0x00, 0x00, 0x86, 0x3c, 0x06, 0x10, 0x00, 0x01, 0x00, 0x00, 0x00, 0x00, 0x00, 0x00, // .....<..........
	0x00, 0x0c, 0x79, 0x10, 0x20, 0x00, 0x02, 0x00, 0x00, 0x00, 0x00, 0x00, 0x00, 0x00, 0x18, 0xf2, // ..y. ...........
	0x28, 0x40, 0x00, 0x08, 0x00, 0x00, 0x00, 0x00, 0x00, 0x00, 0x00, 0x30, 0xe4, 0x61, 0x80, 0x00, // (@.........0.a..
	0x10, 0x00, 0x00, 0x00, 0x00, 0x00, 0x00, 0x00, 0x60, 0xc8, 0xe3, 0x00, 0x01, 0x10, 0x00, 0x00, // ........`.......
	0x00, 0x00, 0x00, 0x00, 0x00, 0xc0, 0x90, 0x67, 0x02, 0x02, 0x60, 0x00, 0x00, 0x00, 0x00, 0x00, // .......g..`.....
	0x00, 0x00, 0x80, 0x21, 0x4f, 0x05, 0x04, 0x40, 0x00, 0x00, 0x00, 0x00, 0x00, 0x00, 0x00, 0x00, // ...!O..@........
	0x43, 0x1e, 0x0c, 0x08, 0x80, 0x01, 0x00, 0x00, 0x00, 0x00, 0x00, 0x00, 0x00, 0xb2, 0x40, 0x00, // C.............@.
	0x00, 0x10, 0x00, 0x00, 0x00, 0x32, 0x1e, 0x98, 0x14, 0x19, 0x11, 0x4c, 0x90, 0x8c, 0x09, 0x26, // .....2.....L...&
	0x47, 0xc6, 0x04, 0x43, 0x22, 0x4a, 0x60, 0x04, 0xa0, 0x24, 0x8a, 0xa1, 0xc0, 0x05, 0xca, 0xa0, // G..C"J`..$......
	0x1c, 0xca, 0xa3, 0x08, 0xa8, 0x28, 0x89, 0x11, 0x80, 0x32, 0x28, 0x85, 0x22, 0x28, 0x81, 0x42, // .....(...2(."(.B
	0x20, 0xb1, 0x00, 0x11, 0x28, 0x1c, 0xeb, 0x28, 0x92, 0x3f, 0xf8, 0x85, 0x9f, 0x00, 0x5e, 0x84, //  ...(..(.?....^.
	0xc0, 0x19, 0x00, 0x00, 0x00, 0x79, 0x18, 0x00, 0x00, 0x75, 0x00, 0x00, 0x00, 0x1a, 0x03, 0x4c, // .....y...u.....L
	0x90, 0x46, 0x02, 0x13, 0xc4, 0x34, 0x20, 0xc3, 0x1b, 0x43, 0x81, 0x93, 0x4b, 0xb3, 0x0b, 0xa3, // .F...4 ..C..K...
	0x2b, 0x4b, 0x01, 0x89, 0x71, 0xc9, 0x71, 0x81, 0x71, 0xa9, 0xa1, 0x81, 0x91, 0x01, 0x41, 0x81, // +K..q.q.q.....A.
	0x21, 0x9b, 0x29, 0x2b, 0xb3, 0x11, 0xab, 0xa9, 0x69, 0x21, 0x4b, 0x93, 0xa3, 0xcb, 0x4b, 0xd9, // !.)+....i!K...K.
	0x10, 0x04, 0x13, 0x04, 0x22, 0x99, 0x20, 0x10, 0xca, 0x06, 0x61, 0x20, 0x26, 0x08, 0xc4, 0xb2, // ....". ...a &...
	0x41, 0x18, 0x0c, 0x0a, 0x76, 0x73, 0x13, 0x04, 0x82, 0xd9, 0x30, 0x20, 0x09, 0x31, 0x41, 0x00, // A...vs....0 .1A.
	0x83, 0x8d, 0xc0, 0x04, 0x81, 0x68, 0x36, 0x20, 0xc4, 0xc2, 0x10, 0xc4, 0xd0, 0x00, 0x1b, 0x02, // .....h6 ........
	0x67, 0x03, 0x01, 0x00, 0x0f, 0x30, 0x41, 0x08, 0x03, 0x6d, 0x43, 0x10, 0x4d, 0x10, 0x04, 0x80, // g....0A..mC.M...
	0x44, 0x5b, 0x58, 0x9a, 0x1b, 0x11, 0xa8, 0xa7, 0xa9, 0x24, 0xaa, 0xa4, 0x27, 0xa7, 0x09, 0x42, // D[X......$..'..B
	0x21, 0x4d, 0x10, 0x8a, 0x69, 0x43, 0x40, 0x4c, 0x10, 0x0a, 0x6a, 0x82, 0x40, 0x38, 0x13, 0x04, // !M..iC@L..j.@8..
	0xe2, 0xd9, 0x20, 0x68, 0xdb, 0x86, 0x85, 0xa8, 0xac, 0x0b, 0xbb, 0x86, 0x8c, 0xb8, 0x38, 0x36, // .. h..........86
	0x53, 0x56, 0x5f, 0x49, 0x6e, 0x73, 0x74, 0x61, 0x6e, 0x63, 0x65, 0x49, 0x44, 0x13, 0x84, 0xa2, // SV_InstanceID...
	0x9a, 0x20, 0x14, 0xd6, 0x04, 0xa1, 0xb8, 0x36, 0x08, 0xda, 0xb0, 0x61, 0x19, 0xbc, 0x0f, 0x0c, // . .....6...a....
	0xb0, 0x6b, 0x08, 0x83, 0xe1, 0x12, 0x83, 0x0d, 0x42, 0x37, 0x06, 0x5c, 0xa6, 0xac, 0xbe, 0xa0, // .k......B7......
	0xde, 0xe6, 0xd2, 0xe8, 0xd2, 0xde, 0xdc, 0x26, 0x08, 0x05, 0x36, 0x41, 0x20, 0xa0, 0x0d, 0x82, // .......&..6A ...
	0x76, 0x06, 0x1b, 0x16, 0xa2, 0x0c, 0xac, 0x0c, 0x33, 0x83, 0xc1, 0x0c, 0x88, 0x0b, 0x0d, 0x88, // v.......3.......
	0x50, 0x15, 0x61, 0x0d, 0x3d, 0x3d, 0x49, 0x11, 0x6d, 0x08, 0xb4, 0x0d, 0xcb, 0xa0, 0x06, 0xd6, // P.a.==I.m.......
	0xb5, 0x06, 0x60, 0x30, 0x84, 0xc1, 0x70, 0x89, 0xc1, 0x04, 0x81, 0x88, 0x36, 0x04, 0xc3, 0x86, // ..`0..p.....6...
	0xa5, 0x0d, 0xd4, 0xc0, 0xba, 0xdc, 0x00, 0x0c, 0x86, 0x6c, 0x08, 0x03, 0x8e, 0xd9, 0x94, 0xd5, // .........l......
	0x97, 0x54, 0x99, 0x1b, 0x59, 0x99, 0x1c, 0x55, 0x98, 0xdc, 0x59, 0x19, 0x5d, 0x90, 0x9c, 0x5c, // .T..Y..U..Y.]...
	0x58, 0x5e, 0x92, 0x1b, 0x59, 0x19, 0xde, 0x86, 0x45, 0x83, 0x83, 0xcf, 0x0c, 0xb0, 0x30, 0x18, // X^..Y...E.....0.
	0xc2, 0xa0, 0x0d, 0x2e, 0x31, 0xd8, 0x40, 0xa4, 0x01, 0x1b, 0xbc, 0x41, 0x1c, 0x6c, 0x18, 0xc8, // ....1.@....A.l..
	0x40, 0x0e, 0x80, 0x09, 0x82, 0x18, 0x64, 0x1b, 0x04, 0x82, 0x0e, 0x36, 0x14, 0x13, 0x35, 0x07, // @.....d....6..5.
	0x50, 0x1d, 0x54, 0x61, 0x63, 0xb3, 0x6b, 0x73, 0x49, 0x23, 0x2b, 0x73, 0xa3, 0x9b, 0x12, 0x04, // P.Tac.ksI#+s....
	0x55, 0xc8, 0xf0, 0x5c, 0xec, 0xca, 0xe4, 0xe6, 0xd2, 0xde, 0xdc, 0xa6, 0x04, 0x44, 0x13, 0x32, // U............D.2
	0x3c, 0x17, 0xbb, 0x30, 0x36, 0xbb, 0x32, 0xb9, 0x29, 0x81, 0x51, 0x87, 0x0c, 0xcf, 0x65, 0x0e, // <..06.2.).Q...e.
	0x2d, 0x8c, 0xac, 0x4c, 0xae, 0xe9, 0x8d, 0xac, 0x8c, 0x6d, 0x4a, 0x90, 0x94, 0x21, 0xc3, 0x73, // -..L.....mJ..!.s
	0x91, 0x2b, 0x9b, 0x7b, 0xab, 0x93, 0x1b, 0x2b, 0x9b, 0x9b, 0x12, 0x3c, 0x75, 0xc8, 0xf0, 0x5c, // .+.{...+...<u...
	0xec, 0xd2, 0xca, 0xee, 0x92, 0xc8, 0xa6, 0xe8, 0xc2, 0xe8, 0xca, 0xa6, 0x04, 0x51, 0x1d, 0x32, // .............Q.2
	0x3c, 0x97, 0x32, 0x37, 0x3a, 0xb9, 0x3c, 0xa8, 0xb7, 0x34, 0x37, 0xba, 0xb9, 0x29, 0x41, 0x1d, // <.27:.<..47..)A.
	0x00, 0x79, 0x18, 0x00, 0x00, 0x4c, 0x00, 0x00, 0x00, 0x33, 0x08, 0x80, 0x1c, 0xc4, 0xe1, 0x1c, // .y...L...3......
	0x66, 0x14, 0x01, 0x3d, 0x88, 0x43, 0x38, 0x84, 0xc3, 0x8c, 0x42, 0x80, 0x07, 0x79, 0x78, 0x07, // f..=.C8...B..yx.
	0x73, 0x98, 0x71, 0x0c, 0xe6, 0x00, 0x0f, 0xed, 0x10, 0x0e, 0xf4, 0x80, 0x0e, 0x33, 0x0c, 0x42, // s.q..........3.B
	0x1e, 0xc2, 0xc1, 0x1d, 0xce, 0xa1, 0x1c, 0x66, 0x30, 0x05, 0x3d, 0x88, 0x43, 0x38, 0x84, 0x83, // .......f0.=.C8..
	0x1b, 0xcc, 0x03, 0x3d, 0xc8, 0x43, 0x3d, 0x8c, 0x03, 0x3d, 0xcc, 0x78, 0x8c, 0x74, 0x70, 0x07, // ...=.C=..=.x.tp.
	0x7b, 0x08, 0x07, 0x79, 0x48, 0x87, 0x70, 0x70, 0x07, 0x7a, 0x70, 0x03, 0x76, 0x78, 0x87, 0x70, // {..yH.pp.zp.vx.p
	0x20, 0x87, 0x19, 0xcc, 0x11, 0x0e, 0xec, 0x90, 0x0e, 0xe1, 0x30, 0x0f, 0x6e, 0x30, 0x0f, 0xe3, //  .........0.n0..
	0xf0, 0x0e, 0xf0, 0x50, 0x0e, 0x33, 0x10, 0xc4, 0x1d, 0xde, 0x21, 0x1c, 0xd8, 0x21, 0x1d, 0xc2, // ...P.3....!..!..
	0x61, 0x1e, 0x66, 0x30, 0x89, 0x3b, 0xbc, 0x83, 0x3b, 0xd0, 0x43, 0x39, 0xb4, 0x03, 0x3c, 0xbc, // a.f0.;..;.C9..<.
	0x83, 0x3c, 0x84, 0x03, 0x3b, 0xcc, 0xf0, 0x14, 0x76, 0x60, 0x07, 0x7b, 0x68, 0x07, 0x37, 0x68, // .<..;...v`.{h.7h
	0x87, 0x72, 0x68, 0x07, 0x37, 0x80, 0x87, 0x70, 0x90, 0x87, 0x70, 0x60, 0x07, 0x76, 0x28, 0x07, // .rh.7..p..p`.v(.
	0x76, 0xf8, 0x05, 0x76, 0x78, 0x87, 0x77, 0x80, 0x87, 0x5f, 0x08, 0x87, 0x71, 0x18, 0x87, 0x72, // v..vx.w.._..q..r
	0x98, 0x87, 0x79, 0x98, 0x81, 0x2c, 0xee, 0xf0, 0x0e, 0xee, 0xe0, 0x0e, 0xf5, 0xc0, 0x0e, 0xec, // ..y..,..........
	0x30, 0x03, 0x62, 0xc8, 0xa1, 0x1c, 0xe4, 0xa1, 0x1c, 0xcc, 0xa1, 0x1c, 0xe4, 0xa1, 0x1c, 0xdc, // 0.b.............
	0x61, 0x1c, 0xca, 0x21, 0x1c, 0xc4, 0x81, 0x1d, 0xca, 0x61, 0x06, 0xd6, 0x90, 0x43, 0x39, 0xc8, // a..!.....a...C9.
	0x43, 0x39, 0x98, 0x43, 0x39, 0xc8, 0x43, 0x39, 0xb8, 0xc3, 0x38, 0x94, 0x43, 0x38, 0x88, 0x03, // C9.C9.C9..8.C8..
	0x3b, 0x94, 0xc3, 0x2f, 0xbc, 0x83, 0x3c, 0xfc, 0x82, 0x3b, 0xd4, 0x03, 0x3b, 0xb0, 0xc3, 0x0c, // ;../..<..;..;...
	0xc4, 0x21, 0x07, 0x7c, 0x70, 0x03, 0x7a, 0x28, 0x87, 0x76, 0x80, 0x87, 0x19, 0xd1, 0x43, 0x0e, // .!.|p.z(.v....C.
	0xf8, 0xe0, 0x06, 0xe4, 0x20, 0x0e, 0xe7, 0xe0, 0x06, 0xf6, 0x10, 0x0e, 0xf2, 0xc0, 0x0e, 0xe1, // .... ...........
	0x90, 0x0f, 0xef, 0x50, 0x0f, 0xf4, 0x00, 0x00, 0x00, 0x71, 0x20, 0x00, 0x00, 0x24, 0x00, 0x00, // ...P.....q ..$..
	0x00, 0x66, 0xb0, 0x0d, 0x97, 0xef, 0x3c, 0xbe, 0x10, 0x50, 0x45, 0x41, 0x44, 0xa5, 0x03, 0x0c, // .f....<..PEAD...
	0x25, 0x61, 0x00, 0x02, 0xe6, 0x17, 0xb7, 0x6d, 0x08, 0xd2, 0x70, 0xf9, 0xce, 0xe3, 0x0b, 0x11, // %a.....m..p.....
	0x01, 0x4c, 0x44, 0x08, 0x34, 0xc3, 0x42, 0x58, 0x81, 0x33, 0x5c, 0xbe, 0xf3, 0xf8, 0x83, 0x33, // .LD.4.BX.3.....3
	0xe1, 0x7e, 0x71, 0xdb, 0x16, 0x30, 0x0d, 0x97, 0xef, 0x3c, 0xfe, 0xe2, 0x00, 0x83, 0xd8, 0x3c, // .~q..0...<.....<
	0xd4, 0xe4, 0x17, 0xb7, 0x6d, 0x02, 0xd3, 0x70, 0xf9, 0xce, 0xe3, 0x2f, 0x0e, 0x30, 0x88, 0xcd, // ....m..p.../.0..
	0x43, 0x4d, 0x3e, 0x72, 0xdb, 0x36, 0x50, 0x0d, 0x97, 0xef, 0x3c, 0xbe, 0x34, 0x39, 0x11, 0x81, // CM>r.6P...<.49..
	0x52, 0xd3, 0x43, 0x4d, 0x7e, 0x71, 0xdb, 0x46, 0x50, 0x0d, 0x97, 0xef, 0x3c, 0xbe, 0x34, 0x39, // R.CM~q.FP...<.49
	0x11, 0x81, 0x52, 0xd3, 0x43, 0x4d, 0x3e, 0x72, 0xdb, 0x76, 0x20, 0x0d, 0x97, 0xef, 0x3c, 0xfe, // ..R.CM>r.v ...<.
	0x44, 0x44, 0x13, 0x02, 0x44, 0x98, 0x5f, 0xdc, 0xb6, 0x01, 0x10, 0x0c, 0x80, 0x34, 0x00, 0x00, // DD..D._......4..
	0x00, 0x61, 0x20, 0x00, 0x00, 0x90, 0x00, 0x00, 0x00, 0x13, 0x04, 0x41, 0x2c, 0x10, 0x00, 0x00, // .a ........A,...
	0x00, 0x07, 0x00, 0x00, 0x00, 0x74, 0x8d, 0x00, 0x10, 0x51, 0x0a, 0xc5, 0x55, 0x76, 0x85, 0x30, // .....t...Q..Uv.0
	0x03, 0x50, 0x72, 0x45, 0x51, 0x70, 0x05, 0x41, 0xc3, 0x18, 0x01, 0x08, 0x82, 0x20, 0xfe, 0x01, // .PrEQp.A..... ..
	0x00, 0x23, 0x06, 0x09, 0x00, 0x82, 0x60, 0x80, 0x7d, 0x45, 0xd4, 0x75, 0xcb, 0x88, 0x41, 0x02, // .#....`.}E.u..A.
	0x80, 0x20, 0x18, 0x20, 0x66, 0x80, 0x7c, 0x5e, 0x75, 0x8c, 0x18, 0x24, 0x00, 0x08, 0x82, 0x81, // . . f.|^u..$....
	0x81, 0x06, 0xc9, 0xf7, 0x59, 0xc8, 0x88, 0x41, 0x02, 0x80, 0x20, 0x18, 0x18, 0x69, 0xa0, 0x80, // ....Y..A.. ..i..
	0x01, 0x18, 0x4c, 0xc9, 0x88, 0x41, 0x02, 0x80, 0x20, 0x18, 0x18, 0x6a, 0xb0, 0x84, 0x41, 0x18, // ..L..A.. ..j..A.
	0x54, 0xca, 0x88, 0xc1, 0x01, 0x80, 0x20, 0x18, 0x4c, 0x66, 0xd0, 0x14, 0xc9, 0x68, 0x42, 0x00, // T..... .Lf...hB.
	0x8c, 0x26, 0x08, 0xc1, 0x68, 0xc2, 0x20, 0x8c, 0x26, 0x10, 0xc3, 0x88, 0x41, 0x03, 0x80, 0x20, // .&..h. .&...A.. 
	0x18, 0x38, 0x6c, 0xd0, 0x10, 0x83, 0x10, 0x20, 0x87, 0xb1, 0x94, 0xd2, 0xc0, 0x88, 0xc1, 0x01, // .8l.... ........
	0x80, 0x20, 0x18, 0x4c, 0x6d, 0x40, 0x31, 0xc1, 0x68, 0x42, 0x00, 0x8c, 0x26, 0x08, 0xc1, 0x68, // . .Lm@1.hB..&..h
	0xc2, 0x20, 0x98, 0x33, 0xc4, 0xc7, 0x9c, 0x21, 0x3e, 0xe6, 0x0c, 0xf1, 0x29, 0x29, 0x0d, 0x6e, // . .3...!>...)).n
	0xc4, 0xe0, 0x00, 0x40, 0x10, 0x0c, 0xa6, 0x3a, 0xe0, 0xa8, 0x60, 0x34, 0x21, 0x00, 0x46, 0x13, // ...@...:..`4!.F.
	0x84, 0x60, 0x34, 0x61, 0x10, 0x46, 0x13, 0x88, 0xa1, 0x8c, 0x3b, 0xd8, 0x11, 0x83, 0x03, 0x00, // .`4a.F....;.....
	0x41, 0x30, 0x98, 0xf6, 0x40, 0x0c, 0xb4, 0x60, 0x34, 0x21, 0x00, 0x46, 0x13, 0x84, 0x60, 0x34, // A0..@..`4!.F..`4
	0x61, 0x10, 0x46, 0x13, 0x88, 0xc1, 0x8c, 0x3e, 0x00, 0xc1, 0x88, 0xc1, 0x01, 0x80, 0x20, 0x18, // a.F....>...... .
	0x4c, 0xa1, 0x80, 0x06, 0x60, 0x10, 0x8c, 0x26, 0x04, 0xc0, 0x68, 0x82, 0x10, 0x8c, 0x26, 0x0c, // L...`..&..h...&.
	0xc2, 0x68, 0x02, 0x31, 0x94, 0xe4, 0x07, 0x3b, 0x62, 0x70, 0x00, 0x20, 0x08, 0x06, 0xd3, 0x29, // .h.1...;bp. ...)
	0xb8, 0x81, 0x19, 0x04, 0xa3, 0x09, 0x01, 0x30, 0x9a, 0x20, 0x04, 0xa3, 0x09, 0x83, 0x30, 0x9a, // .......0. ....0.
	0x40, 0x0c, 0x66, 0x6d, 0xf2, 0x19, 0x31, 0x40, 0x00, 0x10, 0x04, 0x83, 0x8a, 0x15, 0xea, 0x20, // @.fm..1@....... 
	0xda, 0x82, 0x11, 0x03, 0x04, 0x00, 0x41, 0x30, 0xa8, 0x5a, 0xc1, 0x0e, 0x98, 0x2d, 0xb0, 0xe0, // ......A0.Z...-..
	0x80, 0x8e, 0x65, 0x9f, 0x7c, 0x46, 0x0c, 0x10, 0x00, 0x04, 0xc1, 0xa0, 0x82, 0x85, 0x3c, 0xa0, // ..e.|F........<.
	0xbe, 0x60, 0xc4, 0x00, 0x01, 0x40, 0x10, 0x0c, 0xaa, 0x58, 0xd0, 0x83, 0xe7, 0x0b, 0x2c, 0x50, // .`...@...X....,P
	0xa0, 0x63, 0xdc, 0x18, 0xc8, 0x67, 0xc4, 0x00, 0x01, 0x40, 0x10, 0x0c, 0x2a, 0x5a, 0xe8, 0x83, // .c...g...@..*Z..
	0x6b, 0x0c, 0x82, 0x11, 0x03, 0x04, 0x00, 0x41, 0x30, 0xa8, 0x6a, 0xc1, 0x0f, 0xa4, 0x31, 0x08, // k......A0.j...1.
	0x2c, 0x68, 0xa0, 0x63, 0xdf, 0x19, 0xc8, 0x67, 0xc4, 0x00, 0x01, 0x40, 0x10, 0x0c, 0x2a, 0x5c, // ,h.c...g...@..*.
	0x08, 0x05, 0xed, 0x0c, 0x82, 0x11, 0x03, 0x04, 0x00, 0x41, 0x30, 0xa8, 0x72, 0x41, 0x14, 0xaa, // .........A0.rA..
	0x33, 0x08, 0x2c, 0x80, 0xa0, 0x33, 0x62, 0x90, 0x00, 0x20, 0x08, 0x06, 0xca, 0x2f, 0x94, 0x02, // 3.,..3b.. .../..
	0x2e, 0xe0, 0xc2, 0x2b, 0x34, 0x23, 0x06, 0x09, 0x00, 0x82, 0x60, 0xa0, 0xfc, 0x42, 0x29, 0xe0, // ...+4#....`..B).
	0x02, 0x2e, 0xac, 0x42, 0x32, 0x62, 0x90, 0x00, 0x20, 0x08, 0x06, 0xca, 0x2f, 0x94, 0x02, 0x2e, // ...B2b.. .../...
	0xe0, 0x02, 0x2b, 0x14, 0x23, 0x06, 0x09, 0x00, 0x82, 0x60, 0xa0, 0xfc, 0x42, 0x29, 0xe0, 0x02, // ..+.#....`..B)..
	0x2e, 0xb8, 0x42, 0x30, 0x62, 0x90, 0x00, 0x20, 0x08, 0x06, 0xca, 0x2f, 0x94, 0x42, 0x2e, 0xe0, // ..B0b.. .../.B..
	0xc2, 0x2b, 0xc4, 0xc1, 0x88, 0x41, 0x02, 0x80, 0x20, 0x18, 0x28, 0xbf, 0x50, 0x0a, 0xb1, 0x80, // .+...A.. .(.P...
	0x0b, 0xaf, 0x90, 0x07, 0x23, 0x06, 0x09, 0x00, 0x82, 0x60, 0xa0, 0xfc, 0x42, 0x29, 0xc4, 0x02, // ....#....`..B)..
	0x2e, 0xac, 0x02, 0x1e, 0x8c, 0x18, 0x24, 0x00, 0x08, 0x82, 0x81, 0xf2, 0x0b, 0xa5, 0x10, 0x0b, // ......$.........
	0xb8, 0xc0, 0x0a, 0x77, 0x30, 0x62, 0x90, 0x00, 0x20, 0x08, 0x06, 0x8c, 0x2f, 0x94, 0x02, 0x2d, // ...w0b.. .../..-
	0xe0, 0xc2, 0x2b, 0xe8, 0x01, 0x02, 0x00, 0x00, 0x00, 0x00, 0x00, 0x00, 0x00, 0x00, 0x01, 0x01, // ..+.............
	0x00, 0xb0, 0x00,                                                                               // ...
};
static const uint8_t vs_light_clip_st_spv[1877] =
{
	0x56, 0x53, 0x48, 0x0c, 0x00, 0x00, 0x00, 0x00, 0xb6, 0x35, 0xc4, 0x5b, 0x00, 0x00, 0x00, 0x00, // VSH......5.[....
	0x00, 0x00, 0x00, 0x00, 0x03, 0x00, 0x0a, 0x63, 0x6c, 0x69, 0x70, 0x5f, 0x70, 0x6c, 0x61, 0x6e, // .......clip_plan
	0x65, 0x02, 0x01, 0xa0, 0x00, 0x01, 0x00, 0x00, 0x00, 0x00, 0x00, 0x0e, 0x63, 0x61, 0x6d, 0x65, // e...........came
	0x72, 0x61, 0x50, 0x6f, 0x73, 0x57, 0x6f, 0x72, 0x6c, 0x64, 0x02, 0x02, 0x80, 0x00, 0x02, 0x00, // raPosWorld......
	0x00, 0x00, 0x00, 0x00, 0x0e, 0x6d, 0x61, 0x74, 0x52, 0x6f, 0x74, 0x56, 0x69, 0x65, 0x77, 0x50, // .....matRotViewP
	0x72, 0x6f, 0x6a, 0x04, 0x02, 0x00, 0x00, 0x08, 0x00, 0x00, 0x00, 0x00, 0x00, 0xec, 0x06, 0x00, // roj.............
	0x00, 0x03, 0x02, 0x23, 0x07, 0x00, 0x00, 0x01, 0x00, 0x0b, 0x00, 0x08, 0x00, 0xa0, 0x00, 0x00, // ...#............
	0x00, 0x00, 0x00, 0x00, 0x00, 0x11, 0x00, 0x02, 0x00, 0x01, 0x00, 0x00, 0x00, 0x11, 0x00, 0x02, // ................
	0x00, 0x86, 0x14, 0x00, 0x00, 0x0a, 0x00, 0x0a, 0x00, 0x53, 0x50, 0x56, 0x5f, 0x45, 0x58, 0x54, // .........SPV_EXT
	0x5f, 0x73, 0x68, 0x61, 0x64, 0x65, 0x72, 0x5f, 0x76, 0x69, 0x65, 0x77, 0x70, 0x6f, 0x72, 0x74, // _shader_viewport
	0x5f, 0x69, 0x6e, 0x64, 0x65, 0x78, 0x5f, 0x6c, 0x61, 0x79, 0x65, 0x72, 0x00, 0x0b, 0x00, 0x06, // _index_layer....
	0x00, 0x01, 0x00, 0x00, 0x00, 0x47, 0x4c, 0x53, 0x4c, 0x2e, 0x73, 0x74, 0x64, 0x2e, 0x34, 0x35, // .....GLSL.std.45
	0x30, 0x00, 0x00, 0x00, 0x00, 0x0e, 0x00, 0x03, 0x00, 0x00, 0x00, 0x00, 0x00, 0x01, 0x00, 0x00, // 0...............
	0x00, 0x0f, 0x00, 0x0b, 0x00, 0x00, 0x00, 0x00, 0x00, 0x04, 0x00, 0x00, 0x00, 0x6d, 0x61, 0x69, // .............mai
	0x6e, 0x00, 0x00, 0x00, 0x00, 0x4e, 0x00, 0x00, 0x00, 0x52, 0x00, 0x00, 0x00, 0x5b, 0x00, 0x00, // n....N...R...[..
	0x00, 0x5f, 0x00, 0x00, 0x00, 0x63, 0x00, 0x00, 0x00, 0x67, 0x00, 0x00, 0x00, 0x03, 0x00, 0x03, // ._...c...g......
	0x00, 0x05, 0x00, 0x00, 0x00, 0xf4, 0x01, 0x00, 0x00, 0x05, 0x00, 0x04, 0x00, 0x04, 0x00, 0x00, // ................
	0x00, 0x6d, 0x61, 0x69, 0x6e, 0x00, 0x00, 0x00, 0x00, 0x05, 0x00, 0x06, 0x00, 0x2d, 0x00, 0x00, // .main........-..
	0x00, 0x55, 0x6e, 0x69, 0x66, 0x6f, 0x72, 0x6d, 0x42, 0x6c, 0x6f, 0x63, 0x6b, 0x00, 0x00, 0x00, // .UniformBlock...
	0x00, 0x06, 0x00, 0x07, 0x00, 0x2d, 0x00, 0x00, 0x00, 0x00, 0x00, 0x00, 0x00, 0x6d, 0x61, 0x74, // .....-.......mat
	0x52, 0x6f, 0x74, 0x56, 0x69, 0x65, 0x77, 0x50, 0x72, 0x6f, 0x6a, 0x00, 0x00, 0x06, 0x00, 0x07, // RotViewProj.....
	0x00, 0x2d, 0x00, 0x00, 0x00, 0x01, 0x00, 0x00, 0x00, 0x63, 0x61, 0x6d, 0x65, 0x72, 0x61, 0x50, // .-.......cameraP
	0x6f, 0x73, 0x57, 0x6f, 0x72, 0x6c, 0x64, 0x00, 0x00, 0x06, 0x00, 0x06, 0x00, 0x2d, 0x00, 0x00, // osWorld......-..
	0x00, 0x02, 0x00, 0x00, 0x00, 0x63, 0x6c, 0x69, 0x70, 0x5f, 0x70, 0x6c, 0x61, 0x6e, 0x65, 0x00, // .....clip_plane.
	0x00, 0x05, 0x00, 0x03, 0x00, 0x2f, 0x00, 0x00, 0x00, 0x00, 0x00, 0x00, 0x00, 0x05, 0x00, 0x05, // ...../..........
	0x00, 0x4e, 0x00, 0x00, 0x00, 0x61, 0x5f, 0x70, 0x6f, 0x73, 0x69, 0x74, 0x69, 0x6f, 0x6e, 0x00, // .N...a_position.
	0x00, 0x05, 0x00, 0x06, 0x00, 0x52, 0x00, 0x00, 0x00, 0x67, 0x6c, 0x5f, 0x49, 0x6e, 0x73, 0x74, // .....R...gl_Inst
	0x61, 0x6e, 0x63, 0x65, 0x49, 0x44, 0x00, 0x00, 0x00, 0x05, 0x00, 0x0a, 0x00, 0x5b, 0x00, 0x00, // anceID.......[..
	0x00, 0x40, 0x65, 0x6e, 0x74, 0x72, 0x79, 0x50, 0x6f, 0x69, 0x6e, 0x74, 0x4f, 0x75, 0x74, 0x70, // .@entryPointOutp
	0x75, 0x74, 0x2e, 0x67, 0x6c, 0x5f, 0x50, 0x6f, 0x73, 0x69, 0x74, 0x69, 0x6f, 0x6e, 0x00, 0x00, // ut.gl_Position..
	0x00, 0x05, 0x00, 0x0b, 0x00, 0x5f, 0x00, 0x00, 0x00, 0x40, 0x65, 0x6e, 0x74, 0x72, 0x79, 0x50, // ....._...@entryP
	0x6f, 0x69, 0x6e, 0x74, 0x4f, 0x75, 0x74, 0x70, 0x75, 0x74, 0x2e, 0x76, 0x5f, 0x63, 0x6c, 0x69, // ointOutput.v_cli
	0x70, 0x44, 0x69, 0x73, 0x74, 0x61, 0x6e, 0x63, 0x65, 0x00, 0x00, 0x00, 0x00, 0x05, 0x00, 0x0a, // pDistance.......
	0x00, 0x63, 0x00, 0x00, 0x00, 0x40, 0x65, 0x6e, 0x74, 0x72, 0x79, 0x50, 0x6f, 0x69, 0x6e, 0x74, // .c...@entryPoint
	0x4f, 0x75, 0x74, 0x70, 0x75, 0x74, 0x2e, 0x76, 0x5f, 0x74, 0x61, 0x62, 0x6c, 0x65, 0x50, 0x6f, // Output.v_tablePo
	0x73, 0x00, 0x00, 0x00, 0x00, 0x05, 0x00, 0x09, 0x00, 0x67, 0x00, 0x00, 0x00, 0x40, 0x65, 0x6e, // s........g...@en
	0x74, 0x72, 0x79, 0x50, 0x6f, 0x69, 0x6e, 0x74, 0x4f, 0x75, 0x74, 0x70, 0x75, 0x74, 0x2e, 0x67, // tryPointOutput.g
	0x6c, 0x5f, 0x4c, 0x61, 0x79, 0x65, 0x72, 0x00, 0x00, 0x47, 0x00, 0x04, 0x00, 0x2b, 0x00, 0x00, // l_Layer..G...+..
	0x00, 0x06, 0x00, 0x00, 0x00, 0x40, 0x00, 0x00, 0x00, 0x47, 0x00, 0x04, 0x00, 0x2c, 0x00, 0x00, // .....@...G...,..
	0x00, 0x06, 0x00, 0x00, 0x00, 0x10, 0x00, 0x00, 0x00, 0x47, 0x00, 0x03, 0x00, 0x2d, 0x00, 0x00, // .........G...-..
	0x00, 0x02, 0x00, 0x00, 0x00, 0x48, 0x00, 0x04, 0x00, 0x2d, 0x00, 0x00, 0x00, 0x00, 0x00, 0x00, // .....H...-......
	0x00, 0x04, 0x00, 0x00, 0x00, 0x48, 0x00, 0x05, 0x00, 0x2d, 0x00, 0x00, 0x00, 0x00, 0x00, 0x00, // .....H...-......
	0x00, 0x07, 0x00, 0x00, 0x00, 0x10, 0x00, 0x00, 0x00, 0x48, 0x00, 0x05, 0x00, 0x2d, 0x00, 0x00, // .........H...-..
	0x00, 0x00, 0x00, 0x00, 0x00, 0x23, 0x00, 0x00, 0x00, 0x00, 0x00, 0x00, 0x00, 0x48, 0x00, 0x05, // .....#.......H..
	0x00, 0x2d, 0x00, 0x00, 0x00, 0x01, 0x00, 0x00, 0x00, 0x23, 0x00, 0x00, 0x00, 0x80, 0x00, 0x00, // .-.......#......
	0x00, 0x48, 0x00, 0x05, 0x00, 0x2d, 0x00, 0x00, 0x00, 0x02, 0x00, 0x00, 0x00, 0x23, 0x00, 0x00, // .H...-.......#..
	0x00, 0xa0, 0x00, 0x00, 0x00, 0x47, 0x00, 0x04, 0x00, 0x2f, 0x00, 0x00, 0x00, 0x21, 0x00, 0x00, // .....G.../...!..
	0x00, 0x00, 0x00, 0x00, 0x00, 0x47, 0x00, 0x04, 0x00, 0x2f, 0x00, 0x00, 0x00, 0x22, 0x00, 0x00, // .....G.../..."..
	0x00, 0x00, 0x00, 0x00, 0x00, 0x47, 0x00, 0x04, 0x00, 0x4e, 0x00, 0x00, 0x00, 0x1e, 0x00, 0x00, // .....G...N......
	0x00, 0x00, 0x00, 0x00, 0x00, 0x47, 0x00, 0x04, 0x00, 0x52, 0x00, 0x00, 0x00, 0x0b, 0x00, 0x00, // .....G...R......
	0x00, 0x2b, 0x00, 0x00, 0x00, 0x47, 0x00, 0x04, 0x00, 0x5b, 0x00, 0x00, 0x00, 0x0b, 0x00, 0x00, // .+...G...[......
	0x00, 0x00, 0x00, 0x00, 0x00, 0x47, 0x00, 0x04, 0x00, 0x5f, 0x00, 0x00, 0x00, 0x1e, 0x00, 0x00, // .....G..._......
	0x00, 0x00, 0x00, 0x00, 0x00, 0x47, 0x00, 0x04, 0x00, 0x63, 0x00, 0x00, 0x00, 0x1e, 0x00, 0x00, // .....G...c......
	0x00, 0x01, 0x00, 0x00, 0x00, 0x47, 0x00, 0x04, 0x00, 0x67, 0x00, 0x00, 0x00, 0x0b, 0x00, 0x00, // .....G...g......
	0x00, 0x09, 0x00, 0x00, 0x00, 0x13, 0x00, 0x02, 0x00, 0x02, 0x00, 0x00, 0x00, 0x21, 0x00, 0x03, // .............!..
	0x00, 0x03, 0x00, 0x00, 0x00, 0x02, 0x00, 0x00, 0x00, 0x16, 0x00, 0x03, 0x00, 0x06, 0x00, 0x00, // ................
	0x00, 0x20, 0x00, 0x00, 0x00, 0x17, 0x00, 0x04, 0x00, 0x07, 0x00, 0x00, 0x00, 0x06, 0x00, 0x00, // . ..............
	0x00, 0x03, 0x00, 0x00, 0x00, 0x15, 0x00, 0x04, 0x00, 0x09, 0x00, 0x00, 0x00, 0x20, 0x00, 0x00, // ............. ..
	0x00, 0x00, 0x00, 0x00, 0x00, 0x17, 0x00, 0x04, 0x00, 0x0b, 0x00, 0x00, 0x00, 0x06, 0x00, 0x00, // ................
	0x00, 0x04, 0x00, 0x00, 0x00, 0x15, 0x00, 0x04, 0x00, 0x14, 0x00, 0x00, 0x00, 0x20, 0x00, 0x00, // ............. ..
	0x00, 0x01, 0x00, 0x00, 0x00, 0x2b, 0x00, 0x04, 0x00, 0x14, 0x00, 0x00, 0x00, 0x15, 0x00, 0x00, // .....+..........
	0x00, 0x01, 0x00, 0x00, 0x00, 0x2b, 0x00, 0x04, 0x00, 0x14, 0x00, 0x00, 0x00, 0x19, 0x00, 0x00, // .....+..........
	0x00, 0x02, 0x00, 0x00, 0x00, 0x2b, 0x00, 0x04, 0x00, 0x06, 0x00, 0x00, 0x00, 0x1f, 0x00, 0x00, // .....+..........
	0x00, 0x00, 0x00, 0x80, 0x3f, 0x18, 0x00, 0x04, 0x00, 0x29, 0x00, 0x00, 0x00, 0x0b, 0x00, 0x00, // ....?....)......
	0x00, 0x04, 0x00, 0x00, 0x00, 0x2b, 0x00, 0x04, 0x00, 0x09, 0x00, 0x00, 0x00, 0x2a, 0x00, 0x00, // .....+.......*..
	0x00, 0x02, 0x00, 0x00, 0x00, 0x1c, 0x00, 0x04, 0x00, 0x2b, 0x00, 0x00, 0x00, 0x29, 0x00, 0x00, // .........+...)..
	0x00, 0x2a, 0x00, 0x00, 0x00, 0x1c, 0x00, 0x04, 0x00, 0x2c, 0x00, 0x00, 0x00, 0x0b, 0x00, 0x00, // .*.......,......
	0x00, 0x2a, 0x00, 0x00, 0x00, 0x1e, 0x00, 0x05, 0x00, 0x2d, 0x00, 0x00, 0x00, 0x2b, 0x00, 0x00, // .*.......-...+..
	0x00, 0x2c, 0x00, 0x00, 0x00, 0x0b, 0x00, 0x00, 0x00, 0x20, 0x00, 0x04, 0x00, 0x2e, 0x00, 0x00, // .,....... ......
	0x00, 0x02, 0x00, 0x00, 0x00, 0x2d, 0x00, 0x00, 0x00, 0x3b, 0x00, 0x04, 0x00, 0x2e, 0x00, 0x00, // .....-...;......
	0x00, 0x2f, 0x00, 0x00, 0x00, 0x02, 0x00, 0x00, 0x00, 0x20, 0x00, 0x04, 0x00, 0x30, 0x00, 0x00, // ./....... ...0..
	0x00, 0x02, 0x00, 0x00, 0x00, 0x0b, 0x00, 0x00, 0x00, 0x2b, 0x00, 0x04, 0x00, 0x14, 0x00, 0x00, // .........+......
	0x00, 0x3d, 0x00, 0x00, 0x00, 0x00, 0x00, 0x00, 0x00, 0x20, 0x00, 0x04, 0x00, 0x44, 0x00, 0x00, // .=....... ...D..
	0x00, 0x02, 0x00, 0x00, 0x00, 0x29, 0x00, 0x00, 0x00, 0x20, 0x00, 0x04, 0x00, 0x4d, 0x00, 0x00, // .....)... ...M..
	0x00, 0x01, 0x00, 0x00, 0x00, 0x07, 0x00, 0x00, 0x00, 0x3b, 0x00, 0x04, 0x00, 0x4d, 0x00, 0x00, // .........;...M..
	0x00, 0x4e, 0x00, 0x00, 0x00, 0x01, 0x00, 0x00, 0x00, 0x20, 0x00, 0x04, 0x00, 0x51, 0x00, 0x00, // .N....... ...Q..
	0x00, 0x01, 0x00, 0x00, 0x00, 0x09, 0x00, 0x00, 0x00, 0x3b, 0x00, 0x04, 0x00, 0x51, 0x00, 0x00, // .........;...Q..
	0x00, 0x52, 0x00, 0x00, 0x00, 0x01, 0x00, 0x00, 0x00, 0x20, 0x00, 0x04, 0x00, 0x5a, 0x00, 0x00, // .R....... ...Z..
	0x00, 0x03, 0x00, 0x00, 0x00, 0x0b, 0x00, 0x00, 0x00, 0x3b, 0x00, 0x04, 0x00, 0x5a, 0x00, 0x00, // .........;...Z..
	0x00, 0x5b, 0x00, 0x00, 0x00, 0x03, 0x00, 0x00, 0x00, 0x20, 0x00, 0x04, 0x00, 0x5e, 0x00, 0x00, // .[....... ...^..
	0x00, 0x03, 0x00, 0x00, 0x00, 0x06, 0x00, 0x00, 0x00, 0x3b, 0x00, 0x04, 0x00, 0x5e, 0x00, 0x00, // .........;...^..
	0x00, 0x5f, 0x00, 0x00, 0x00, 0x03, 0x00, 0x00, 0x00, 0x20, 0x00, 0x04, 0x00, 0x62, 0x00, 0x00, // ._....... ...b..
	0x00, 0x03, 0x00, 0x00, 0x00, 0x07, 0x00, 0x00, 0x00, 0x3b, 0x00, 0x04, 0x00, 0x62, 0x00, 0x00, // .........;...b..
	0x00, 0x63, 0x00, 0x00, 0x00, 0x03, 0x00, 0x00, 0x00, 0x20, 0x00, 0x04, 0x00, 0x66, 0x00, 0x00, // .c....... ...f..
	0x00, 0x03, 0x00, 0x00, 0x00, 0x09, 0x00, 0x00, 0x00, 0x3b, 0x00, 0x04, 0x00, 0x66, 0x00, 0x00, // .........;...f..
	0x00, 0x67, 0x00, 0x00, 0x00, 0x03, 0x00, 0x00, 0x00, 0x36, 0x00, 0x05, 0x00, 0x02, 0x00, 0x00, // .g.......6......
	0x00, 0x04, 0x00, 0x00, 0x00, 0x00, 0x00, 0x00, 0x00, 0x03, 0x00, 0x00, 0x00, 0xf8, 0x00, 0x02, // ................
	0x00, 0x05, 0x00, 0x00, 0x00, 0x3d, 0x00, 0x04, 0x00, 0x07, 0x00, 0x00, 0x00, 0x4f, 0x00, 0x00, // .....=.......O..
	0x00, 0x4e, 0x00, 0x00, 0x00, 0x3d, 0x00, 0x04, 0x00, 0x09, 0x00, 0x00, 0x00, 0x53, 0x00, 0x00, // .N...=.......S..
	0x00, 0x52, 0x00, 0x00, 0x00, 0x51, 0x00, 0x05, 0x00, 0x06, 0x00, 0x00, 0x00, 0x84, 0x00, 0x00, // .R...Q..........
	0x00, 0x4f, 0x00, 0x00, 0x00, 0x00, 0x00, 0x00, 0x00, 0x51, 0x00, 0x05, 0x00, 0x06, 0x00, 0x00, // .O.......Q......
	0x00, 0x85, 0x00, 0x00, 0x00, 0x4f, 0x00, 0x00, 0x00, 0x01, 0x00, 0x00, 0x00, 0x51, 0x00, 0x05, // .....O.......Q..
	0x00, 0x06, 0x00, 0x00, 0x00, 0x86, 0x00, 0x00, 0x00, 0x4f, 0x00, 0x00, 0x00, 0x02, 0x00, 0x00, // .........O......
	0x00, 0x50, 0x00, 0x07, 0x00, 0x0b, 0x00, 0x00, 0x00, 0x87, 0x00, 0x00, 0x00, 0x84, 0x00, 0x00, // .P..............
	0x00, 0x85, 0x00, 0x00, 0x00, 0x86, 0x00, 0x00, 0x00, 0x1f, 0x00, 0x00, 0x00, 0x41, 0x00, 0x05, // .............A..
	0x00, 0x30, 0x00, 0x00, 0x00, 0x8c, 0x00, 0x00, 0x00, 0x2f, 0x00, 0x00, 0x00, 0x19, 0x00, 0x00, // .0......./......
	0x00, 0x3d, 0x00, 0x04, 0x00, 0x0b, 0x00, 0x00, 0x00, 0x8d, 0x00, 0x00, 0x00, 0x8c, 0x00, 0x00, // .=..............
	0x00, 0x94, 0x00, 0x05, 0x00, 0x06, 0x00, 0x00, 0x00, 0x8f, 0x00, 0x00, 0x00, 0x8d, 0x00, 0x00, // ................
	0x00, 0x87, 0x00, 0x00, 0x00, 0x41, 0x00, 0x06, 0x00, 0x30, 0x00, 0x00, 0x00, 0x93, 0x00, 0x00, // .....A...0......
	0x00, 0x2f, 0x00, 0x00, 0x00, 0x15, 0x00, 0x00, 0x00, 0x53, 0x00, 0x00, 0x00, 0x3d, 0x00, 0x04, // ./.......S...=..
	0x00, 0x0b, 0x00, 0x00, 0x00, 0x94, 0x00, 0x00, 0x00, 0x93, 0x00, 0x00, 0x00, 0x4f, 0x00, 0x08, // .............O..
	0x00, 0x07, 0x00, 0x00, 0x00, 0x95, 0x00, 0x00, 0x00, 0x94, 0x00, 0x00, 0x00, 0x94, 0x00, 0x00, // ................
	0x00, 0x00, 0x00, 0x00, 0x00, 0x01, 0x00, 0x00, 0x00, 0x02, 0x00, 0x00, 0x00, 0x83, 0x00, 0x05, // ................
	0x00, 0x07, 0x00, 0x00, 0x00, 0x96, 0x00, 0x00, 0x00, 0x4f, 0x00, 0x00, 0x00, 0x95, 0x00, 0x00, // .........O......
	0x00, 0x51, 0x00, 0x05, 0x00, 0x06, 0x00, 0x00, 0x00, 0x98, 0x00, 0x00, 0x00, 0x96, 0x00, 0x00, // .Q..............
	0x00, 0x00, 0x00, 0x00, 0x00, 0x51, 0x00, 0x05, 0x00, 0x06, 0x00, 0x00, 0x00, 0x99, 0x00, 0x00, // .....Q..........
	0x00, 0x96, 0x00, 0x00, 0x00, 0x01, 0x00, 0x00, 0x00, 0x51, 0x00, 0x05, 0x00, 0x06, 0x00, 0x00, // .........Q......
	0x00, 0x9a, 0x00, 0x00, 0x00, 0x96, 0x00, 0x00, 0x00, 0x02, 0x00, 0x00, 0x00, 0x50, 0x00, 0x07, // .............P..
	0x00, 0x0b, 0x00, 0x00, 0x00, 0x9b, 0x00, 0x00, 0x00, 0x98, 0x00, 0x00, 0x00, 0x99, 0x00, 0x00, // ................
	0x00, 0x9a, 0x00, 0x00, 0x00, 0x1f, 0x00, 0x00, 0x00, 0x41, 0x00, 0x06, 0x00, 0x44, 0x00, 0x00, // .........A...D..
	0x00, 0x9d, 0x00, 0x00, 0x00, 0x2f, 0x00, 0x00, 0x00, 0x3d, 0x00, 0x00, 0x00, 0x53, 0x00, 0x00, // ...../...=...S..
	0x00, 0x3d, 0x00, 0x04, 0x00, 0x29, 0x00, 0x00, 0x00, 0x9e, 0x00, 0x00, 0x00, 0x9d, 0x00, 0x00, // .=...)..........
	0x00, 0x90, 0x00, 0x05, 0x00, 0x0b, 0x00, 0x00, 0x00, 0x9f, 0x00, 0x00, 0x00, 0x9b, 0x00, 0x00, // ................
	0x00, 0x9e, 0x00, 0x00, 0x00, 0x3e, 0x00, 0x03, 0x00, 0x5b, 0x00, 0x00, 0x00, 0x9f, 0x00, 0x00, // .....>...[......
	0x00, 0x3e, 0x00, 0x03, 0x00, 0x5f, 0x00, 0x00, 0x00, 0x8f, 0x00, 0x00, 0x00, 0x3e, 0x00, 0x03, // .>..._.......>..
	0x00, 0x63, 0x00, 0x00, 0x00, 0x4f, 0x00, 0x00, 0x00, 0x3e, 0x00, 0x03, 0x00, 0x67, 0x00, 0x00, // .c...O...>...g..
	0x00, 0x53, 0x00, 0x00, 0x00, 0xfd, 0x00, 0x01, 0x00, 0x38, 0x00, 0x01, 0x00, 0x00, 0x02, 0x01, // .S.......8......
	0x00, 0xff, 0xff, 0xb0, 0x00,                                                                   // .....
};
static const bgfx::EmbeddedShader vs_light_clip_st = BGFX_EMBEDDED_SHADER(vs_light_clip_st);

//////////////////////////////////////////////////////////////////////////////////////////////////////////////////////
// Build of fragment shader from fs_light.sc to fs_light_noshadow_clip with options: CLIP NOSHADOW
static const uint8_t fs_light_noshadow_clip_mtl[1504] =
{
	0x46, 0x53, 0x48, 0x0c, 0xb6, 0x35, 0xc4, 0x5b, 0x00, 0x00, 0x00, 0x00, 0x00, 0x00, 0x00, 0x00, // FSH..5.[........
	0x00, 0x00, 0x00, 0x00, 0x04, 0x00, 0x14, 0x6c, 0x69, 0x67, 0x68, 0x74, 0x43, 0x65, 0x6e, 0x74, // .......lightCent
	0x65, 0x72, 0x5f, 0x6d, 0x61, 0x78, 0x52, 0x61, 0x6e, 0x67, 0x65, 0x12, 0x01, 0x20, 0x00, 0x01, // er_maxRange.. ..
	0x00, 0x00, 0x00, 0x00, 0x00, 0x19, 0x6c, 0x69, 0x67, 0x68, 0x74, 0x43, 0x6f, 0x6c, 0x6f, 0x72, // ......lightColor
	0x32, 0x5f, 0x66, 0x61, 0x6c, 0x6c, 0x6f, 0x66, 0x66, 0x5f, 0x70, 0x6f, 0x77, 0x65, 0x72, 0x12, // 2_falloff_power.
	0x01, 0x10, 0x00, 0x01, 0x00, 0x00, 0x00, 0x00, 0x00, 0x14, 0x6c, 0x69, 0x67, 0x68, 0x74, 0x43, // ..........lightC
	0x6f, 0x6c, 0x6f, 0x72, 0x5f, 0x69, 0x6e, 0x74, 0x65, 0x6e, 0x73, 0x69, 0x74, 0x79, 0x12, 0x01, // olor_intensity..
	0x00, 0x00, 0x01, 0x00, 0x00, 0x00, 0x00, 0x00, 0x15, 0x62, 0x6c, 0x65, 0x6e, 0x64, 0x5f, 0x6d, // .........blend_m
	0x6f, 0x64, 0x75, 0x6c, 0x61, 0x74, 0x65, 0x5f, 0x76, 0x73, 0x5f, 0x61, 0x64, 0x64, 0x12, 0x01, // odulate_vs_add..
	0x30, 0x00, 0x01, 0x00, 0x00, 0x00, 0x00, 0x00, 0x40, 0x05, 0x00, 0x00, 0x23, 0x69, 0x6e, 0x63, // 0.......@...#inc
	0x6c, 0x75, 0x64, 0x65, 0x20, 0x3c, 0x6d, 0x65, 0x74, 0x61, 0x6c, 0x5f, 0x73, 0x74, 0x64, 0x6c, // lude <metal_stdl
	0x69, 0x62, 0x3e, 0x0a, 0x23, 0x69, 0x6e, 0x63, 0x6c, 0x75, 0x64, 0x65, 0x20, 0x3c, 0x73, 0x69, // ib>.#include <si
	0x6d, 0x64, 0x2f, 0x73, 0x69, 0x6d, 0x64, 0x2e, 0x68, 0x3e, 0x0a, 0x0a, 0x75, 0x73, 0x69, 0x6e, // md/simd.h>..usin
	0x67, 0x20, 0x6e, 0x61, 0x6d, 0x65, 0x73, 0x70, 0x61, 0x63, 0x65, 0x20, 0x6d, 0x65, 0x74, 0x61, // g namespace meta
	0x6c, 0x3b, 0x0a, 0x0a, 0x73, 0x74, 0x72, 0x75, 0x63, 0x74, 0x20, 0x5f, 0x47, 0x6c, 0x6f, 0x62, // l;..struct _Glob
	0x61, 0x6c, 0x0a, 0x7b, 0x0a, 0x20, 0x20, 0x20, 0x20, 0x66, 0x6c, 0x6f, 0x61, 0x74, 0x34, 0x20, // al.{.    float4 
	0x6c, 0x69, 0x67, 0x68, 0x74, 0x43, 0x6f, 0x6c, 0x6f, 0x72, 0x5f, 0x69, 0x6e, 0x74, 0x65, 0x6e, // lightColor_inten
	0x73, 0x69, 0x74, 0x79, 0x3b, 0x0a, 0x20, 0x20, 0x20, 0x20, 0x66, 0x6c, 0x6f, 0x61, 0x74, 0x34, // sity;.    float4
	0x20, 0x6c, 0x69, 0x67, 0x68, 0x74, 0x43, 0x6f, 0x6c, 0x6f, 0x72, 0x32, 0x5f, 0x66, 0x61, 0x6c, //  lightColor2_fal
	0x6c, 0x6f, 0x66, 0x66, 0x5f, 0x70, 0x6f, 0x77, 0x65, 0x72, 0x3b, 0x0a, 0x20, 0x20, 0x20, 0x20, // loff_power;.    
	0x66, 0x6c, 0x6f, 0x61, 0x74, 0x34, 0x20, 0x6c, 0x69, 0x67, 0x68, 0x74, 0x43, 0x65, 0x6e, 0x74, // float4 lightCent
	0x65, 0x72, 0x5f, 0x6d, 0x61, 0x78, 0x52, 0x61, 0x6e, 0x67, 0x65, 0x3b, 0x0a, 0x20, 0x20, 0x20, // er_maxRange;.   
	0x20, 0x66, 0x6c, 0x6f, 0x61, 0x74, 0x34, 0x20, 0x62, 0x6c, 0x65, 0x6e, 0x64, 0x5f, 0x6d, 0x6f, //  float4 blend_mo
	0x64, 0x75, 0x6c, 0x61, 0x74, 0x65, 0x5f, 0x76, 0x73, 0x5f, 0x61, 0x64, 0x64, 0x3b, 0x0a, 0x7d, // dulate_vs_add;.}
	0x3b, 0x0a, 0x0a, 0x63, 0x6f, 0x6e, 0x73, 0x74, 0x61, 0x6e, 0x74, 0x20, 0x75, 0x69, 0x6e, 0x74, // ;..constant uint
	0x20, 0x62, 0x67, 0x66, 0x78, 0x5f, 0x73, 0x61, 0x6d, 0x70, 0x6c, 0x65, 0x4d, 0x61, 0x73, 0x6b, //  bgfx_sampleMask
	0x20, 0x5b, 0x5b, 0x66, 0x75, 0x6e, 0x63, 0x74, 0x69, 0x6f, 0x6e, 0x5f, 0x63, 0x6f, 0x6e, 0x73, //  [[function_cons
	0x74, 0x61, 0x6e, 0x74, 0x28, 0x30, 0x29, 0x5d, 0x5d, 0x3b, 0x0a, 0x63, 0x6f, 0x6e, 0x73, 0x74, // tant(0)]];.const
	0x61, 0x6e, 0x74, 0x20, 0x62, 0x6f, 0x6f, 0x6c, 0x20, 0x62, 0x67, 0x66, 0x78, 0x5f, 0x73, 0x61, // ant bool bgfx_sa
	0x6d, 0x70, 0x6c, 0x65, 0x4d, 0x61, 0x73, 0x6b, 0x45, 0x6e, 0x61, 0x62, 0x6c, 0x65, 0x64, 0x20, // mpleMaskEnabled 
	0x3d, 0x20, 0x69, 0x73, 0x5f, 0x66, 0x75, 0x6e, 0x63, 0x74, 0x69, 0x6f, 0x6e, 0x5f, 0x63, 0x6f, // = is_function_co
	0x6e, 0x73, 0x74, 0x61, 0x6e, 0x74, 0x5f, 0x64, 0x65, 0x66, 0x69, 0x6e, 0x65, 0x64, 0x28, 0x62, // nstant_defined(b
	0x67, 0x66, 0x78, 0x5f, 0x73, 0x61, 0x6d, 0x70, 0x6c, 0x65, 0x4d, 0x61, 0x73, 0x6b, 0x29, 0x3b, // gfx_sampleMask);
	0x0a, 0x0a, 0x73, 0x74, 0x72, 0x75, 0x63, 0x74, 0x20, 0x78, 0x6c, 0x61, 0x74, 0x4d, 0x74, 0x6c, // ..struct xlatMtl
	0x4d, 0x61, 0x69, 0x6e, 0x5f, 0x6f, 0x75, 0x74, 0x0a, 0x7b, 0x0a, 0x09, 0x75, 0x69, 0x6e, 0x74, // Main_out.{..uint
	0x20, 0x62, 0x67, 0x66, 0x78, 0x5f, 0x6d, 0x65, 0x74, 0x61, 0x6c, 0x5f, 0x73, 0x61, 0x6d, 0x70, //  bgfx_metal_samp
	0x6c, 0x65, 0x4d, 0x61, 0x73, 0x6b, 0x20, 0x5b, 0x5b, 0x73, 0x61, 0x6d, 0x70, 0x6c, 0x65, 0x5f, // leMask [[sample_
	0x6d, 0x61, 0x73, 0x6b, 0x2c, 0x20, 0x66, 0x75, 0x6e, 0x63, 0x74, 0x69, 0x6f, 0x6e, 0x5f, 0x63, // mask, function_c
	0x6f, 0x6e, 0x73, 0x74, 0x61, 0x6e, 0x74, 0x28, 0x62, 0x67, 0x66, 0x78, 0x5f, 0x73, 0x61, 0x6d, // onstant(bgfx_sam
	0x70, 0x6c, 0x65, 0x4d, 0x61, 0x73, 0x6b, 0x45, 0x6e, 0x61, 0x62, 0x6c, 0x65, 0x64, 0x29, 0x5d, // pleMaskEnabled)]
	0x5d, 0x3b, 0x0a, 0x20, 0x20, 0x20, 0x20, 0x66, 0x6c, 0x6f, 0x61, 0x74, 0x34, 0x20, 0x62, 0x67, // ];.    float4 bg
	0x66, 0x78, 0x5f, 0x46, 0x72, 0x61, 0x67, 0x44, 0x61, 0x74, 0x61, 0x30, 0x20, 0x5b, 0x5b, 0x63, // fx_FragData0 [[c
	0x6f, 0x6c, 0x6f, 0x72, 0x28, 0x30, 0x29, 0x5d, 0x5d, 0x3b, 0x0a, 0x7d, 0x3b, 0x0a, 0x0a, 0x73, // olor(0)]];.};..s
	0x74, 0x72, 0x75, 0x63, 0x74, 0x20, 0x78, 0x6c, 0x61, 0x74, 0x4d, 0x74, 0x6c, 0x4d, 0x61, 0x69, // truct xlatMtlMai
	0x6e, 0x5f, 0x69, 0x6e, 0x0a, 0x7b, 0x0a, 0x20, 0x20, 0x20, 0x20, 0x66, 0x6c, 0x6f, 0x61, 0x74, // n_in.{.    float
	0x33, 0x20, 0x76, 0x5f, 0x74, 0x61, 0x62, 0x6c, 0x65, 0x50, 0x6f, 0x73, 0x20, 0x5b, 0x5b, 0x75, // 3 v_tablePos [[u
	0x73, 0x65, 0x72, 0x28, 0x6c, 0x6f, 0x63, 0x6e, 0x31, 0x29, 0x5d, 0x5d, 0x3b, 0x0a, 0x7d, 0x3b, // ser(locn1)]];.};
	0x0a, 0x0a, 0x5b, 0x5b, 0x20, 0x65, 0x61, 0x72, 0x6c, 0x79, 0x5f, 0x66, 0x72, 0x61, 0x67, 0x6d, // ..[[ early_fragm
	0x65, 0x6e, 0x74, 0x5f, 0x74, 0x65, 0x73, 0x74, 0x73, 0x20, 0x5d, 0x5d, 0x20, 0x66, 0x72, 0x61, // ent_tests ]] fra
	0x67, 0x6d, 0x65, 0x6e, 0x74, 0x20, 0x78, 0x6c, 0x61, 0x74, 0x4d, 0x74, 0x6c, 0x4d, 0x61, 0x69, // gment xlatMtlMai
	0x6e, 0x5f, 0x6f, 0x75, 0x74, 0x20, 0x78, 0x6c, 0x61, 0x74, 0x4d, 0x74, 0x6c, 0x4d, 0x61, 0x69, // n_out xlatMtlMai
	0x6e, 0x28, 0x78, 0x6c, 0x61, 0x74, 0x4d, 0x74, 0x6c, 0x4d, 0x61, 0x69, 0x6e, 0x5f, 0x69, 0x6e, // n(xlatMtlMain_in
	0x20, 0x69, 0x6e, 0x20, 0x5b, 0x5b, 0x73, 0x74, 0x61, 0x67, 0x65, 0x5f, 0x69, 0x6e, 0x5d, 0x5d, //  in [[stage_in]]
	0x2c, 0x20, 0x63, 0x6f, 0x6e, 0x73, 0x74, 0x61, 0x6e, 0x74, 0x20, 0x5f, 0x47, 0x6c, 0x6f, 0x62, // , constant _Glob
	0x61, 0x6c, 0x26, 0x20, 0x5f, 0x6d, 0x74, 0x6c, 0x5f, 0x75, 0x20, 0x5b, 0x5b, 0x62, 0x75, 0x66, // al& _mtl_u [[buf
	0x66, 0x65, 0x72, 0x28, 0x30, 0x29, 0x5d, 0x5d, 0x29, 0x0a, 0x7b, 0x0a, 0x20, 0x20, 0x20, 0x20, // fer(0)]]).{.    
	0x78, 0x6c, 0x61, 0x74, 0x4d, 0x74, 0x6c, 0x4d, 0x61, 0x69, 0x6e, 0x5f, 0x6f, 0x75, 0x74, 0x20, // xlatMtlMain_out 
	0x6f, 0x75, 0x74, 0x20, 0x3d, 0x20, 0x7b, 0x7d, 0x3b, 0x0a, 0x09, 0x69, 0x66, 0x20, 0x28, 0x62, // out = {};..if (b
	0x67, 0x66, 0x78, 0x5f, 0x73, 0x61, 0x6d, 0x70, 0x6c, 0x65, 0x4d, 0x61, 0x73, 0x6b, 0x45, 0x6e, // gfx_sampleMaskEn
	0x61, 0x62, 0x6c, 0x65, 0x64, 0x29, 0x20, 0x7b, 0x20, 0x6f, 0x75, 0x74, 0x2e, 0x62, 0x67, 0x66, // abled) { out.bgf
	0x78, 0x5f, 0x6d, 0x65, 0x74, 0x61, 0x6c, 0x5f, 0x73, 0x61, 0x6d, 0x70, 0x6c, 0x65, 0x4d, 0x61, // x_metal_sampleMa
	0x73, 0x6b, 0x20, 0x3d, 0x20, 0x62, 0x67, 0x66, 0x78, 0x5f, 0x73, 0x61, 0x6d, 0x70, 0x6c, 0x65, // sk = bgfx_sample
	0x4d, 0x61, 0x73, 0x6b, 0x3b, 0x20, 0x7d, 0x0a, 0x20, 0x20, 0x20, 0x20, 0x66, 0x6c, 0x6f, 0x61, // Mask; }.    floa
	0x74, 0x20, 0x5f, 0x31, 0x38, 0x36, 0x20, 0x3d, 0x20, 0x6c, 0x65, 0x6e, 0x67, 0x74, 0x68, 0x28, // t _186 = length(
	0x69, 0x6e, 0x2e, 0x76, 0x5f, 0x74, 0x61, 0x62, 0x6c, 0x65, 0x50, 0x6f, 0x73, 0x20, 0x2d, 0x20, // in.v_tablePos - 
	0x5f, 0x6d, 0x74, 0x6c, 0x5f, 0x75, 0x2e, 0x6c, 0x69, 0x67, 0x68, 0x74, 0x43, 0x65, 0x6e, 0x74, // _mtl_u.lightCent
	0x65, 0x72, 0x5f, 0x6d, 0x61, 0x78, 0x52, 0x61, 0x6e, 0x67, 0x65, 0x2e, 0x78, 0x79, 0x7a, 0x29, // er_maxRange.xyz)
	0x20, 0x2a, 0x20, 0x5f, 0x6d, 0x74, 0x6c, 0x5f, 0x75, 0x2e, 0x6c, 0x69, 0x67, 0x68, 0x74, 0x43, //  * _mtl_u.lightC
	0x65, 0x6e, 0x74, 0x65, 0x72, 0x5f, 0x6d, 0x61, 0x78, 0x52, 0x61, 0x6e, 0x67, 0x65, 0x2e, 0x77, // enter_maxRange.w
	0x3b, 0x0a, 0x20, 0x20, 0x20, 0x20, 0x6f, 0x75, 0x74, 0x2e, 0x62, 0x67, 0x66, 0x78, 0x5f, 0x46, // ;.    out.bgfx_F
	0x72, 0x61, 0x67, 0x44, 0x61, 0x74, 0x61, 0x30, 0x20, 0x3d, 0x20, 0x66, 0x6c, 0x6f, 0x61, 0x74, // ragData0 = float
	0x34, 0x28, 0x6d, 0x69, 0x78, 0x28, 0x5f, 0x6d, 0x74, 0x6c, 0x5f, 0x75, 0x2e, 0x6c, 0x69, 0x67, // 4(mix(_mtl_u.lig
	0x68, 0x74, 0x43, 0x6f, 0x6c, 0x6f, 0x72, 0x32, 0x5f, 0x66, 0x61, 0x6c, 0x6c, 0x6f, 0x66, 0x66, // htColor2_falloff
	0x5f, 0x70, 0x6f, 0x77, 0x65, 0x72, 0x2e, 0x78, 0x79, 0x7a, 0x2c, 0x20, 0x5f, 0x6d, 0x74, 0x6c, // _power.xyz, _mtl
	0x5f, 0x75, 0x2e, 0x6c, 0x69, 0x67, 0x68, 0x74, 0x43, 0x6f, 0x6c, 0x6f, 0x72, 0x5f, 0x69, 0x6e, // _u.lightColor_in
	0x74, 0x65, 0x6e, 0x73, 0x69, 0x74, 0x79, 0x2e, 0x78, 0x79, 0x7a, 0x2c, 0x20, 0x66, 0x6c, 0x6f, // tensity.xyz, flo
	0x61, 0x74, 0x33, 0x28, 0x73, 0x71, 0x72, 0x74, 0x28, 0x5f, 0x31, 0x38, 0x36, 0x29, 0x29, 0x29, // at3(sqrt(_186)))
	0x20, 0x2a, 0x20, 0x28, 0x28, 0x28, 0x2d, 0x5f, 0x6d, 0x74, 0x6c, 0x5f, 0x75, 0x2e, 0x62, 0x6c, //  * (((-_mtl_u.bl
	0x65, 0x6e, 0x64, 0x5f, 0x6d, 0x6f, 0x64, 0x75, 0x6c, 0x61, 0x74, 0x65, 0x5f, 0x76, 0x73, 0x5f, // end_modulate_vs_
	0x61, 0x64, 0x64, 0x2e, 0x78, 0x29, 0x20, 0x2a, 0x20, 0x70, 0x6f, 0x77, 0x72, 0x28, 0x66, 0x61, // add.x) * powr(fa
	0x73, 0x74, 0x3a, 0x3a, 0x6d, 0x61, 0x78, 0x28, 0x31, 0x2e, 0x30, 0x20, 0x2d, 0x20, 0x66, 0x61, // st::max(1.0 - fa
	0x73, 0x74, 0x3a, 0x3a, 0x63, 0x6c, 0x61, 0x6d, 0x70, 0x28, 0x5f, 0x31, 0x38, 0x36, 0x2c, 0x20, // st::clamp(_186, 
	0x30, 0x2e, 0x30, 0x2c, 0x20, 0x31, 0x2e, 0x30, 0x29, 0x2c, 0x20, 0x39, 0x2e, 0x39, 0x39, 0x39, // 0.0, 1.0), 9.999
	0x39, 0x39, 0x39, 0x37, 0x34, 0x37, 0x33, 0x37, 0x38, 0x37, 0x35, 0x31, 0x36, 0x33, 0x35, 0x35, // 9997473787516355
	0x35, 0x31, 0x34, 0x35, 0x32, 0x36, 0x33, 0x36, 0x37, 0x31, 0x38, 0x38, 0x65, 0x2d, 0x30, 0x35, // 514526367188e-05
	0x29, 0x2c, 0x20, 0x5f, 0x6d, 0x74, 0x6c, 0x5f, 0x75, 0x2e, 0x6c, 0x69, 0x67, 0x68, 0x74, 0x43, // ), _mtl_u.lightC
	0x6f, 0x6c, 0x6f, 0x72, 0x32, 0x5f, 0x66, 0x61, 0x6c, 0x6c, 0x6f, 0x66, 0x66, 0x5f, 0x70, 0x6f, // olor2_falloff_po
	0x77, 0x65, 0x72, 0x2e, 0x77, 0x29, 0x29, 0x20, 0x2a, 0x20, 0x5f, 0x6d, 0x74, 0x6c, 0x5f, 0x75, // wer.w)) * _mtl_u
	0x2e, 0x6c, 0x69, 0x67, 0x68, 0x74, 0x43, 0x6f, 0x6c, 0x6f, 0x72, 0x5f, 0x69, 0x6e, 0x74, 0x65, // .lightColor_inte
	0x6e, 0x73, 0x69, 0x74, 0x79, 0x2e, 0x77, 0x29, 0x2c, 0x20, 0x28, 0x31, 0x2e, 0x30, 0x20, 0x2f, // nsity.w), (1.0 /
	0x20, 0x5f, 0x6d, 0x74, 0x6c, 0x5f, 0x75, 0x2e, 0x62, 0x6c, 0x65, 0x6e, 0x64, 0x5f, 0x6d, 0x6f, //  _mtl_u.blend_mo
	0x64, 0x75, 0x6c, 0x61, 0x74, 0x65, 0x5f, 0x76, 0x73, 0x5f, 0x61, 0x64, 0x64, 0x2e, 0x78, 0x29, // dulate_vs_add.x)
	0x20, 0x2d, 0x20, 0x31, 0x2e, 0x30, 0x29, 0x3b, 0x0a, 0x20, 0x20, 0x20, 0x20, 0x72, 0x65, 0x74, //  - 1.0);.    ret
	0x75, 0x72, 0x6e, 0x20, 0x6f, 0x75, 0x74, 0x3b, 0x0a, 0x7d, 0x0a, 0x0a, 0x00, 0x00, 0x40, 0x00, // urn out;.}....@.
};
static const uint8_t fs_light_noshadow_clip_essl[982] =
{
	0x46, 0x53, 0x48, 0x0c, 0xb6, 0x35, 0xc4, 0x5b, 0x00, 0x00, 0x00, 0x00, 0x00, 0x00, 0x00, 0x00, // FSH..5.[........
	0x00, 0x00, 0x00, 0x00, 0x04, 0x00, 0x14, 0x6c, 0x69, 0x67, 0x68, 0x74, 0x43, 0x65, 0x6e, 0x74, // .......lightCent
	0x65, 0x72, 0x5f, 0x6d, 0x61, 0x78, 0x52, 0x61, 0x6e, 0x67, 0x65, 0x02, 0x01, 0x00, 0x00, 0x01, // er_maxRange.....
	0x00, 0x00, 0x00, 0x00, 0x00, 0x19, 0x6c, 0x69, 0x67, 0x68, 0x74, 0x43, 0x6f, 0x6c, 0x6f, 0x72, // ......lightColor
	0x32, 0x5f, 0x66, 0x61, 0x6c, 0x6c, 0x6f, 0x66, 0x66, 0x5f, 0x70, 0x6f, 0x77, 0x65, 0x72, 0x02, // 2_falloff_power.
	0x01, 0x00, 0x00, 0x01, 0x00, 0x00, 0x00, 0x00, 0x00, 0x14, 0x6c, 0x69, 0x67, 0x68, 0x74, 0x43, // ..........lightC
	0x6f, 0x6c, 0x6f, 0x72, 0x5f, 0x69, 0x6e, 0x74, 0x65, 0x6e, 0x73, 0x69, 0x74, 0x79, 0x02, 0x01, // olor_intensity..
	0x00, 0x00, 0x01, 0x00, 0x00, 0x00, 0x00, 0x00, 0x15, 0x62, 0x6c, 0x65, 0x6e, 0x64, 0x5f, 0x6d, // .........blend_m
	0x6f, 0x64, 0x75, 0x6c, 0x61, 0x74, 0x65, 0x5f, 0x76, 0x73, 0x5f, 0x61, 0x64, 0x64, 0x02, 0x01, // odulate_vs_add..
	0x00, 0x00, 0x01, 0x00, 0x00, 0x00, 0x00, 0x00, 0x39, 0x03, 0x00, 0x00, 0x70, 0x72, 0x65, 0x63, // ........9...prec
	0x69, 0x73, 0x69, 0x6f, 0x6e, 0x20, 0x6d, 0x65, 0x64, 0x69, 0x75, 0x6d, 0x70, 0x20, 0x66, 0x6c, // ision mediump fl
	0x6f, 0x61, 0x74, 0x3b, 0x0a, 0x70, 0x72, 0x65, 0x63, 0x69, 0x73, 0x69, 0x6f, 0x6e, 0x20, 0x68, // oat;.precision h
	0x69, 0x67, 0x68, 0x70, 0x20, 0x69, 0x6e, 0x74, 0x3b, 0x0a, 0x0a, 0x75, 0x6e, 0x69, 0x66, 0x6f, // ighp int;..unifo
	0x72, 0x6d, 0x20, 0x68, 0x69, 0x67, 0x68, 0x70, 0x20, 0x76, 0x65, 0x63, 0x34, 0x20, 0x6c, 0x69, // rm highp vec4 li
	0x67, 0x68, 0x74, 0x43, 0x65, 0x6e, 0x74, 0x65, 0x72, 0x5f, 0x6d, 0x61, 0x78, 0x52, 0x61, 0x6e, // ghtCenter_maxRan
	0x67, 0x65, 0x3b, 0x0a, 0x75, 0x6e, 0x69, 0x66, 0x6f, 0x72, 0x6d, 0x20, 0x68, 0x69, 0x67, 0x68, // ge;.uniform high
	0x70, 0x20, 0x76, 0x65, 0x63, 0x34, 0x20, 0x6c, 0x69, 0x67, 0x68, 0x74, 0x43, 0x6f, 0x6c, 0x6f, // p vec4 lightColo
	0x72, 0x32, 0x5f, 0x66, 0x61, 0x6c, 0x6c, 0x6f, 0x66, 0x66, 0x5f, 0x70, 0x6f, 0x77, 0x65, 0x72, // r2_falloff_power
	0x3b, 0x0a, 0x75, 0x6e, 0x69, 0x66, 0x6f, 0x72, 0x6d, 0x20, 0x68, 0x69, 0x67, 0x68, 0x70, 0x20, // ;.uniform highp 
	0x76, 0x65, 0x63, 0x34, 0x20, 0x6c, 0x69, 0x67, 0x68, 0x74, 0x43, 0x6f, 0x6c, 0x6f, 0x72, 0x5f, // vec4 lightColor_
	0x69, 0x6e, 0x74, 0x65, 0x6e, 0x73, 0x69, 0x74, 0x79, 0x3b, 0x0a, 0x75, 0x6e, 0x69, 0x66, 0x6f, // intensity;.unifo
	0x72, 0x6d, 0x20, 0x68, 0x69, 0x67, 0x68, 0x70, 0x20, 0x76, 0x65, 0x63, 0x34, 0x20, 0x62, 0x6c, // rm highp vec4 bl
	0x65, 0x6e, 0x64, 0x5f, 0x6d, 0x6f, 0x64, 0x75, 0x6c, 0x61, 0x74, 0x65, 0x5f, 0x76, 0x73, 0x5f, // end_modulate_vs_
	0x61, 0x64, 0x64, 0x3b, 0x0a, 0x0a, 0x69, 0x6e, 0x20, 0x68, 0x69, 0x67, 0x68, 0x70, 0x20, 0x76, // add;..in highp v
	0x65, 0x63, 0x33, 0x20, 0x76, 0x5f, 0x74, 0x61, 0x62, 0x6c, 0x65, 0x50, 0x6f, 0x73, 0x3b, 0x0a, // ec3 v_tablePos;.
	0x6c, 0x61, 0x79, 0x6f, 0x75, 0x74, 0x28, 0x6c, 0x6f, 0x63, 0x61, 0x74, 0x69, 0x6f, 0x6e, 0x20, // layout(location 
	0x3d, 0x20, 0x30, 0x29, 0x20, 0x6f, 0x75, 0x74, 0x20, 0x68, 0x69, 0x67, 0x68, 0x70, 0x20, 0x76, // = 0) out highp v
	0x65, 0x63, 0x34, 0x20, 0x62, 0x67, 0x66, 0x78, 0x5f, 0x46, 0x72, 0x61, 0x67, 0x43, 0x6f, 0x6c, // ec4 bgfx_FragCol
	0x6f, 0x72, 0x3b, 0x0a, 0x0a, 0x76, 0x6f, 0x69, 0x64, 0x20, 0x6d, 0x61, 0x69, 0x6e, 0x28, 0x29, // or;..void main()
	0x0a, 0x7b, 0x0a, 0x20, 0x20, 0x20, 0x20, 0x68, 0x69, 0x67, 0x68, 0x70, 0x20, 0x66, 0x6c, 0x6f, // .{.    highp flo
	0x61, 0x74, 0x20, 0x5f, 0x33, 0x30, 0x20, 0x3d, 0x20, 0x6c, 0x65, 0x6e, 0x67, 0x74, 0x68, 0x28, // at _30 = length(
	0x76, 0x5f, 0x74, 0x61, 0x62, 0x6c, 0x65, 0x50, 0x6f, 0x73, 0x20, 0x2d, 0x20, 0x6c, 0x69, 0x67, // v_tablePos - lig
	0x68, 0x74, 0x43, 0x65, 0x6e, 0x74, 0x65, 0x72, 0x5f, 0x6d, 0x61, 0x78, 0x52, 0x61, 0x6e, 0x67, // htCenter_maxRang
	0x65, 0x2e, 0x78, 0x79, 0x7a, 0x29, 0x20, 0x2a, 0x20, 0x6c, 0x69, 0x67, 0x68, 0x74, 0x43, 0x65, // e.xyz) * lightCe
	0x6e, 0x74, 0x65, 0x72, 0x5f, 0x6d, 0x61, 0x78, 0x52, 0x61, 0x6e, 0x67, 0x65, 0x2e, 0x77, 0x3b, // nter_maxRange.w;
	0x0a, 0x20, 0x20, 0x20, 0x20, 0x68, 0x69, 0x67, 0x68, 0x70, 0x20, 0x76, 0x65, 0x63, 0x33, 0x20, // .    highp vec3 
	0x5f, 0x36, 0x36, 0x20, 0x3d, 0x20, 0x6d, 0x69, 0x78, 0x28, 0x6c, 0x69, 0x67, 0x68, 0x74, 0x43, // _66 = mix(lightC
	0x6f, 0x6c, 0x6f, 0x72, 0x32, 0x5f, 0x66, 0x61, 0x6c, 0x6c, 0x6f, 0x66, 0x66, 0x5f, 0x70, 0x6f, // olor2_falloff_po
	0x77, 0x65, 0x72, 0x2e, 0x78, 0x79, 0x7a, 0x2c, 0x20, 0x6c, 0x69, 0x67, 0x68, 0x74, 0x43, 0x6f, // wer.xyz, lightCo
	0x6c, 0x6f, 0x72, 0x5f, 0x69, 0x6e, 0x74, 0x65, 0x6e, 0x73, 0x69, 0x74, 0x79, 0x2e, 0x78, 0x79, // lor_intensity.xy
	0x7a, 0x2c, 0x20, 0x76, 0x65, 0x63, 0x33, 0x28, 0x73, 0x71, 0x72, 0x74, 0x28, 0x5f, 0x33, 0x30, // z, vec3(sqrt(_30
	0x29, 0x29, 0x29, 0x20, 0x2a, 0x20, 0x28, 0x28, 0x28, 0x2d, 0x62, 0x6c, 0x65, 0x6e, 0x64, 0x5f, // ))) * (((-blend_
	0x6d, 0x6f, 0x64, 0x75, 0x6c, 0x61, 0x74, 0x65, 0x5f, 0x76, 0x73, 0x5f, 0x61, 0x64, 0x64, 0x2e, // modulate_vs_add.
	0x78, 0x29, 0x20, 0x2a, 0x20, 0x70, 0x6f, 0x77, 0x28, 0x6d, 0x61, 0x78, 0x28, 0x31, 0x2e, 0x30, // x) * pow(max(1.0
	0x20, 0x2d, 0x20, 0x63, 0x6c, 0x61, 0x6d, 0x70, 0x28, 0x5f, 0x33, 0x30, 0x2c, 0x20, 0x30, 0x2e, //  - clamp(_30, 0.
	0x30, 0x2c, 0x20, 0x31, 0x2e, 0x30, 0x29, 0x2c, 0x20, 0x39, 0x2e, 0x39, 0x39, 0x39, 0x39, 0x39, // 0, 1.0), 9.99999
	0x39, 0x37, 0x34, 0x37, 0x33, 0x37, 0x38, 0x37, 0x35, 0x31, 0x36, 0x33, 0x35, 0x35, 0x35, 0x31, // 9747378751635551
	0x34, 0x35, 0x32, 0x36, 0x33, 0x36, 0x37, 0x31, 0x38, 0x38, 0x65, 0x2d, 0x30, 0x35, 0x29, 0x2c, // 4526367188e-05),
	0x20, 0x6c, 0x69, 0x67, 0x68, 0x74, 0x43, 0x6f, 0x6c, 0x6f, 0x72, 0x32, 0x5f, 0x66, 0x61, 0x6c, //  lightColor2_fal
	0x6c, 0x6f, 0x66, 0x66, 0x5f, 0x70, 0x6f, 0x77, 0x65, 0x72, 0x2e, 0x77, 0x29, 0x29, 0x20, 0x2a, // loff_power.w)) *
	0x20, 0x6c, 0x69, 0x67, 0x68, 0x74, 0x43, 0x6f, 0x6c, 0x6f, 0x72, 0x5f, 0x69, 0x6e, 0x74, 0x65, //  lightColor_inte
	0x6e, 0x73, 0x69, 0x74, 0x79, 0x2e, 0x77, 0x29, 0x3b, 0x0a, 0x20, 0x20, 0x20, 0x20, 0x62, 0x67, // nsity.w);.    bg
	0x66, 0x78, 0x5f, 0x46, 0x72, 0x61, 0x67, 0x43, 0x6f, 0x6c, 0x6f, 0x72, 0x2e, 0x78, 0x20, 0x3d, // fx_FragColor.x =
	0x20, 0x5f, 0x36, 0x36, 0x2e, 0x78, 0x3b, 0x0a, 0x20, 0x20, 0x20, 0x20, 0x62, 0x67, 0x66, 0x78, //  _66.x;.    bgfx
	0x5f, 0x46, 0x72, 0x61, 0x67, 0x43, 0x6f, 0x6c, 0x6f, 0x72, 0x2e, 0x79, 0x20, 0x3d, 0x20, 0x5f, // _FragColor.y = _
	0x36, 0x36, 0x2e, 0x79, 0x3b, 0x0a, 0x20, 0x20, 0x20, 0x20, 0x62, 0x67, 0x66, 0x78, 0x5f, 0x46, // 66.y;.    bgfx_F
	0x72, 0x61, 0x67, 0x43, 0x6f, 0x6c, 0x6f, 0x72, 0x2e, 0x7a, 0x20, 0x3d, 0x20, 0x5f, 0x36, 0x36, // ragColor.z = _66
	0x2e, 0x7a, 0x3b, 0x0a, 0x20, 0x20, 0x20, 0x20, 0x62, 0x67, 0x66, 0x78, 0x5f, 0x46, 0x72, 0x61, // .z;.    bgfx_Fra
	0x67, 0x43, 0x6f, 0x6c, 0x6f, 0x72, 0x2e, 0x77, 0x20, 0x3d, 0x20, 0x28, 0x31, 0x2e, 0x30, 0x20, // gColor.w = (1.0 
	0x2f, 0x20, 0x62, 0x6c, 0x65, 0x6e, 0x64, 0x5f, 0x6d, 0x6f, 0x64, 0x75, 0x6c, 0x61, 0x74, 0x65, // / blend_modulate
	0x5f, 0x76, 0x73, 0x5f, 0x61, 0x64, 0x64, 0x2e, 0x78, 0x29, 0x20, 0x2d, 0x20, 0x31, 0x2e, 0x30, // _vs_add.x) - 1.0
	0x3b, 0x0a, 0x7d, 0x0a, 0x0a, 0x00,                                                             // ;.}...
};
static const uint8_t fs_light_noshadow_clip_glsl[888] =
{
	0x46, 0x53, 0x48, 0x0c, 0xb6, 0x35, 0xc4, 0x5b, 0x00, 0x00, 0x00, 0x00, 0x00, 0x00, 0x00, 0x00, // FSH..5.[........
	0x00, 0x00, 0x00, 0x00, 0x04, 0x00, 0x14, 0x6c, 0x69, 0x67, 0x68, 0x74, 0x43, 0x65, 0x6e, 0x74, // .......lightCent
	0x65, 0x72, 0x5f, 0x6d, 0x61, 0x78, 0x52, 0x61, 0x6e, 0x67, 0x65, 0x02, 0x01, 0x00, 0x00, 0x01, // er_maxRange.....
	0x00, 0x00, 0x00, 0x00, 0x00, 0x19, 0x6c, 0x69, 0x67, 0x68, 0x74, 0x43, 0x6f, 0x6c, 0x6f, 0x72, // ......lightColor
	0x32, 0x5f, 0x66, 0x61, 0x6c, 0x6c, 0x6f, 0x66, 0x66, 0x5f, 0x70, 0x6f, 0x77, 0x65, 0x72, 0x02, // 2_falloff_power.
	0x01, 0x00, 0x00, 0x01, 0x00, 0x00, 0x00, 0x00, 0x00, 0x14, 0x6c, 0x69, 0x67, 0x68, 0x74, 0x43, // ..........lightC
	0x6f, 0x6c, 0x6f, 0x72, 0x5f, 0x69, 0x6e, 0x74, 0x65, 0x6e, 0x73, 0x69, 0x74, 0x79, 0x02, 0x01, // olor_intensity..
	0x00, 0x00, 0x01, 0x00, 0x00, 0x00, 0x00, 0x00, 0x15, 0x62, 0x6c, 0x65, 0x6e, 0x64, 0x5f, 0x6d, // .........blend_m
	0x6f, 0x64, 0x75, 0x6c, 0x61, 0x74, 0x65, 0x5f, 0x76, 0x73, 0x5f, 0x61, 0x64, 0x64, 0x02, 0x01, // odulate_vs_add..
	0x00, 0x00, 0x01, 0x00, 0x00, 0x00, 0x00, 0x00, 0xdb, 0x02, 0x00, 0x00, 0x0a, 0x75, 0x6e, 0x69, // .............uni
	0x66, 0x6f, 0x72, 0x6d, 0x20, 0x76, 0x65, 0x63, 0x34, 0x20, 0x6c, 0x69, 0x67, 0x68, 0x74, 0x43, // form vec4 lightC
	0x65, 0x6e, 0x74, 0x65, 0x72, 0x5f, 0x6d, 0x61, 0x78, 0x52, 0x61, 0x6e, 0x67, 0x65, 0x3b, 0x0a, // enter_maxRange;.
	0x75, 0x6e, 0x69, 0x66, 0x6f, 0x72, 0x6d, 0x20, 0x76, 0x65, 0x63, 0x34, 0x20, 0x6c, 0x69, 0x67, // uniform vec4 lig
	0x68, 0x74, 0x43, 0x6f, 0x6c, 0x6f, 0x72, 0x32, 0x5f, 0x66, 0x61, 0x6c, 0x6c, 0x6f, 0x66, 0x66, // htColor2_falloff
	0x5f, 0x70, 0x6f, 0x77, 0x65, 0x72, 0x3b, 0x0a, 0x75, 0x6e, 0x69, 0x66, 0x6f, 0x72, 0x6d, 0x20, // _power;.uniform 
	0x76, 0x65, 0x63, 0x34, 0x20, 0x6c, 0x69, 0x67, 0x68, 0x74, 0x43, 0x6f, 0x6c, 0x6f, 0x72, 0x5f, // vec4 lightColor_
	0x69, 0x6e, 0x74, 0x65, 0x6e, 0x73, 0x69, 0x74, 0x79, 0x3b, 0x0a, 0x75, 0x6e, 0x69, 0x66, 0x6f, // intensity;.unifo
	0x72, 0x6d, 0x20, 0x76, 0x65, 0x63, 0x34, 0x20, 0x62, 0x6c, 0x65, 0x6e, 0x64, 0x5f, 0x6d, 0x6f, // rm vec4 blend_mo
	0x64, 0x75, 0x6c, 0x61, 0x74, 0x65, 0x5f, 0x76, 0x73, 0x5f, 0x61, 0x64, 0x64, 0x3b, 0x0a, 0x0a, // dulate_vs_add;..
	0x69, 0x6e, 0x20, 0x76, 0x65, 0x63, 0x33, 0x20, 0x76, 0x5f, 0x74, 0x61, 0x62, 0x6c, 0x65, 0x50, // in vec3 v_tableP
	0x6f, 0x73, 0x3b, 0x0a, 0x6c, 0x61, 0x79, 0x6f, 0x75, 0x74, 0x28, 0x6c, 0x6f, 0x63, 0x61, 0x74, // os;.layout(locat
	0x69, 0x6f, 0x6e, 0x20, 0x3d, 0x20, 0x30, 0x29, 0x20, 0x6f, 0x75, 0x74, 0x20, 0x76, 0x65, 0x63, // ion = 0) out vec
	0x34, 0x20, 0x62, 0x67, 0x66, 0x78, 0x5f, 0x46, 0x72, 0x61, 0x67, 0x43, 0x6f, 0x6c, 0x6f, 0x72, // 4 bgfx_FragColor
	0x3b, 0x0a, 0x0a, 0x76, 0x6f, 0x69, 0x64, 0x20, 0x6d, 0x61, 0x69, 0x6e, 0x28, 0x29, 0x0a, 0x7b, // ;..void main().{
	0x0a, 0x20, 0x20, 0x20, 0x20, 0x66, 0x6c, 0x6f, 0x61, 0x74, 0x20, 0x5f, 0x33, 0x30, 0x20, 0x3d, // .    float _30 =
	0x20, 0x6c, 0x65, 0x6e, 0x67, 0x74, 0x68, 0x28, 0x76, 0x5f, 0x74, 0x61, 0x62, 0x6c, 0x65, 0x50, //  length(v_tableP
	0x6f, 0x73, 0x20, 0x2d, 0x20, 0x6c, 0x69, 0x67, 0x68, 0x74, 0x43, 0x65, 0x6e, 0x74, 0x65, 0x72, // os - lightCenter
	0x5f, 0x6d, 0x61, 0x78, 0x52, 0x61, 0x6e, 0x67, 0x65, 0x2e, 0x78, 0x79, 0x7a, 0x29, 0x20, 0x2a, // _maxRange.xyz) *
	0x20, 0x6c, 0x69, 0x67, 0x68, 0x74, 0x43, 0x65, 0x6e, 0x74, 0x65, 0x72, 0x5f, 0x6d, 0x61, 0x78, //  lightCenter_max
	0x52, 0x61, 0x6e, 0x67, 0x65, 0x2e, 0x77, 0x3b, 0x0a, 0x20, 0x20, 0x20, 0x20, 0x76, 0x65, 0x63, // Range.w;.    vec
	0x33, 0x20, 0x5f, 0x36, 0x36, 0x20, 0x3d, 0x20, 0x6d, 0x69, 0x78, 0x28, 0x6c, 0x69, 0x67, 0x68, // 3 _66 = mix(ligh
	0x74, 0x43, 0x6f, 0x6c, 0x6f, 0x72, 0x32, 0x5f, 0x66, 0x61, 0x6c, 0x6c, 0x6f, 0x66, 0x66, 0x5f, // tColor2_falloff_
	0x70, 0x6f, 0x77, 0x65, 0x72, 0x2e, 0x78, 0x79, 0x7a, 0x2c, 0x20, 0x6c, 0x69, 0x67, 0x68, 0x74, // power.xyz, light
	0x43, 0x6f, 0x6c, 0x6f, 0x72, 0x5f, 0x69, 0x6e, 0x74, 0x65, 0x6e, 0x73, 0x69, 0x74, 0x79, 0x2e, // Color_intensity.
	0x78, 0x79, 0x7a, 0x2c, 0x20, 0x76, 0x65, 0x63, 0x33, 0x28, 0x73, 0x71, 0x72, 0x74, 0x28, 0x5f, // xyz, vec3(sqrt(_
	0x33, 0x30, 0x29, 0x29, 0x29, 0x20, 0x2a, 0x20, 0x28, 0x28, 0x28, 0x2d, 0x62, 0x6c, 0x65, 0x6e, // 30))) * (((-blen
	0x64, 0x5f, 0x6d, 0x6f, 0x64, 0x75, 0x6c, 0x61, 0x74, 0x65, 0x5f, 0x76, 0x73, 0x5f, 0x61, 0x64, // d_modulate_vs_ad
	0x64, 0x2e, 0x78, 0x29, 0x20, 0x2a, 0x20, 0x70, 0x6f, 0x77, 0x28, 0x6d, 0x61, 0x78, 0x28, 0x31, // d.x) * pow(max(1
	0x2e, 0x30, 0x20, 0x2d, 0x20, 0x63, 0x6c, 0x61, 0x6d, 0x70, 0x28, 0x5f, 0x33, 0x30, 0x2c, 0x20, // .0 - clamp(_30, 
	0x30, 0x2e, 0x30, 0x2c, 0x20, 0x31, 0x2e, 0x30, 0x29, 0x2c, 0x20, 0x39, 0x2e, 0x39, 0x39, 0x39, // 0.0, 1.0), 9.999
	0x39, 0x39, 0x39, 0x37, 0x34, 0x37, 0x33, 0x37, 0x38, 0x37, 0x35, 0x31, 0x36, 0x33, 0x35, 0x35, // 9997473787516355
	0x35, 0x31, 0x34, 0x35, 0x32, 0x36, 0x33, 0x36, 0x37, 0x31, 0x38, 0x38, 0x65, 0x2d, 0x30, 0x35, // 514526367188e-05
	0x29, 0x2c, 0x20, 0x6c, 0x69, 0x67, 0x68, 0x74, 0x43, 0x6f, 0x6c, 0x6f, 0x72, 0x32, 0x5f, 0x66, // ), lightColor2_f
	0x61, 0x6c, 0x6c, 0x6f, 0x66, 0x66, 0x5f, 0x70, 0x6f, 0x77, 0x65, 0x72, 0x2e, 0x77, 0x29, 0x29, // alloff_power.w))
	0x20, 0x2a, 0x20, 0x6c, 0x69, 0x67, 0x68, 0x74, 0x43, 0x6f, 0x6c, 0x6f, 0x72, 0x5f, 0x69, 0x6e, //  * lightColor_in
	0x74, 0x65, 0x6e, 0x73, 0x69, 0x74, 0x79, 0x2e, 0x77, 0x29, 0x3b, 0x0a, 0x20, 0x20, 0x20, 0x20, // tensity.w);.    
	0x62, 0x67, 0x66, 0x78, 0x5f, 0x46, 0x72, 0x61, 0x67, 0x43, 0x6f, 0x6c, 0x6f, 0x72, 0x2e, 0x78, // bgfx_FragColor.x
	0x20, 0x3d, 0x20, 0x5f, 0x36, 0x36, 0x2e, 0x78, 0x3b, 0x0a, 0x20, 0x20, 0x20, 0x20, 0x62, 0x67, //  = _66.x;.    bg
	0x66, 0x78, 0x5f, 0x46, 0x72, 0x61, 0x67, 0x43, 0x6f, 0x6c, 0x6f, 0x72, 0x2e, 0x79, 0x20, 0x3d, // fx_FragColor.y =
	0x20, 0x5f, 0x36, 0x36, 0x2e, 0x79, 0x3b, 0x0a, 0x20, 0x20, 0x20, 0x20, 0x62, 0x67, 0x66, 0x78, //  _66.y;.    bgfx
	0x5f, 0x46, 0x72, 0x61, 0x67, 0x43, 0x6f, 0x6c, 0x6f, 0x72, 0x2e, 0x7a, 0x20, 0x3d, 0x20, 0x5f, // _FragColor.z = _
	0x36, 0x36, 0x2e, 0x7a, 0x3b, 0x0a, 0x20, 0x20, 0x20, 0x20, 0x62, 0x67, 0x66, 0x78, 0x5f, 0x46, // 66.z;.    bgfx_F
	0x72, 0x61, 0x67, 0x43, 0x6f, 0x6c, 0x6f, 0x72, 0x2e, 0x77, 0x20, 0x3d, 0x20, 0x28, 0x31, 0x2e, // ragColor.w = (1.
	0x30, 0x20, 0x2f, 0x20, 0x62, 0x6c, 0x65, 0x6e, 0x64, 0x5f, 0x6d, 0x6f, 0x64, 0x75, 0x6c, 0x61, // 0 / blend_modula
	0x74, 0x65, 0x5f, 0x76, 0x73, 0x5f, 0x61, 0x64, 0x64, 0x2e, 0x78, 0x29, 0x20, 0x2d, 0x20, 0x31, // te_vs_add.x) - 1
	0x2e, 0x30, 0x3b, 0x0a, 0x7d, 0x0a, 0x0a, 0x00,                                                 // .0;.}...
};
static const uint8_t fs_light_noshadow_clip_dxbc[948] =
{
	0x46, 0x53, 0x48, 0x0c, 0xb6, 0x35, 0xc4, 0x5b, 0x00, 0x00, 0x00, 0x00, 0x00, 0x00, 0x00, 0x00, // FSH..5.[........
	0x00, 0x00, 0x00, 0x00, 0x04, 0x00, 0x14, 0x6c, 0x69, 0x67, 0x68, 0x74, 0x43, 0x6f, 0x6c, 0x6f, // .......lightColo
	0x72, 0x5f, 0x69, 0x6e, 0x74, 0x65, 0x6e, 0x73, 0x69, 0x74, 0x79, 0x12, 0x00, 0x00, 0x00, 0x01, // r_intensity.....
	0x00, 0x00, 0x00, 0x00, 0x00, 0x19, 0x6c, 0x69, 0x67, 0x68, 0x74, 0x43, 0x6f, 0x6c, 0x6f, 0x72, // ......lightColor
	0x32, 0x5f, 0x66, 0x61, 0x6c, 0x6c, 0x6f, 0x66, 0x66, 0x5f, 0x70, 0x6f, 0x77, 0x65, 0x72, 0x12, // 2_falloff_power.
	0x00, 0x10, 0x00, 0x01, 0x00, 0x00, 0x00, 0x00, 0x00, 0x14, 0x6c, 0x69, 0x67, 0x68, 0x74, 0x43, // ..........lightC
	0x65, 0x6e, 0x74, 0x65, 0x72, 0x5f, 0x6d, 0x61, 0x78, 0x52, 0x61, 0x6e, 0x67, 0x65, 0x12, 0x00, // enter_maxRange..
	0x20, 0x00, 0x01, 0x00, 0x00, 0x00, 0x00, 0x00, 0x15, 0x62, 0x6c, 0x65, 0x6e, 0x64, 0x5f, 0x6d, //  ........blend_m
	0x6f, 0x64, 0x75, 0x6c, 0x61, 0x74, 0x65, 0x5f, 0x76, 0x73, 0x5f, 0x61, 0x64, 0x64, 0x12, 0x00, // odulate_vs_add..
	0x30, 0x00, 0x01, 0x00, 0x00, 0x00, 0x00, 0x00, 0x14, 0x03, 0x00, 0x00, 0x44, 0x58, 0x42, 0x43, // 0...........DXBC
	0x8d, 0x8e, 0x95, 0xee, 0x1e, 0xff, 0x75, 0x39, 0xb9, 0xa9, 0xbc, 0x42, 0x52, 0x6f, 0x36, 0xf7, // ......u9...BRo6.
	0x01, 0x00, 0x00, 0x00, 0x14, 0x03, 0x00, 0x00, 0x03, 0x00, 0x00, 0x00, 0x2c, 0x00, 0x00, 0x00, // ............,...
	0x9c, 0x00, 0x00, 0x00, 0xd0, 0x00, 0x00, 0x00, 0x49, 0x53, 0x47, 0x4e, 0x68, 0x00, 0x00, 0x00, // ........ISGNh...
	0x03, 0x00, 0x00, 0x00, 0x08, 0x00, 0x00, 0x00, 0x50, 0x00, 0x00, 0x00, 0x00, 0x00, 0x00, 0x00, // ........P.......
	0x01, 0x00, 0x00, 0x00, 0x03, 0x00, 0x00, 0x00, 0x00, 0x00, 0x00, 0x00, 0x0f, 0x00, 0x00, 0x00, // ................
	0x5c, 0x00, 0x00, 0x00, 0x03, 0x00, 0x00, 0x00, 0x00, 0x00, 0x00, 0x00, 0x03, 0x00, 0x00, 0x00, // ................
	0x01, 0x00, 0x00, 0x00, 0x01, 0x00, 0x00, 0x00, 0x5c, 0x00, 0x00, 0x00, 0x01, 0x00, 0x00, 0x00, // ................
	0x00, 0x00, 0x00, 0x00, 0x03, 0x00, 0x00, 0x00, 0x01, 0x00, 0x00, 0x00, 0x0e, 0x0e, 0x00, 0x00, // ................
	0x53, 0x56, 0x5f, 0x50, 0x4f, 0x53, 0x49, 0x54, 0x49, 0x4f, 0x4e, 0x00, 0x54, 0x45, 0x58, 0x43, // SV_POSITION.TEXC
	0x4f, 0x4f, 0x52, 0x44, 0x00, 0xab, 0xab, 0xab, 0x4f, 0x53, 0x47, 0x4e, 0x2c, 0x00, 0x00, 0x00, // OORD....OSGN,...
	0x01, 0x00, 0x00, 0x00, 0x08, 0x00, 0x00, 0x00, 0x20, 0x00, 0x00, 0x00, 0x00, 0x00, 0x00, 0x00, // ........ .......
	0x00, 0x00, 0x00, 0x00, 0x03, 0x00, 0x00, 0x00, 0x00, 0x00, 0x00, 0x00, 0x0f, 0x00, 0x00, 0x00, // ................
	0x53, 0x56, 0x5f, 0x54, 0x41, 0x52, 0x47, 0x45, 0x54, 0x00, 0xab, 0xab, 0x53, 0x48, 0x45, 0x58, // SV_TARGET...SHEX
	0x3c, 0x02, 0x00, 0x00, 0x50, 0x00, 0x00, 0x00, 0x8f, 0x00, 0x00, 0x00, 0x6a, 0x28, 0x00, 0x01, // <...P.......j(..
	0x59, 0x00, 0x00, 0x04, 0x46, 0x8e, 0x20, 0x00, 0x00, 0x00, 0x00, 0x00, 0x04, 0x00, 0x00, 0x00, // Y...F. .........
	0x62, 0x10, 0x00, 0x03, 0xe2, 0x10, 0x10, 0x00, 0x01, 0x00, 0x00, 0x00, 0x65, 0x00, 0x00, 0x03, // b...........e...
	0xf2, 0x20, 0x10, 0x00, 0x00, 0x00, 0x00, 0x00, 0x68, 0x00, 0x00, 0x02, 0x02, 0x00, 0x00, 0x00, // . ......h.......
	0x00, 0x00, 0x00, 0x09, 0x72, 0x00, 0x10, 0x00, 0x00, 0x00, 0x00, 0x00, 0x96, 0x17, 0x10, 0x00, // ....r...........
	0x01, 0x00, 0x00, 0x00, 0x46, 0x82, 0x20, 0x80, 0x41, 0x00, 0x00, 0x00, 0x00, 0x00, 0x00, 0x00, // ....F. .A.......
	0x02, 0x00, 0x00, 0x00, 0x10, 0x00, 0x00, 0x07, 0x12, 0x00, 0x10, 0x00, 0x00, 0x00, 0x00, 0x00, // ................
	0x46, 0x02, 0x10, 0x00, 0x00, 0x00, 0x00, 0x00, 0x46, 0x02, 0x10, 0x00, 0x00, 0x00, 0x00, 0x00, // F.......F.......
	0x4b, 0x00, 0x00, 0x05, 0x12, 0x00, 0x10, 0x00, 0x00, 0x00, 0x00, 0x00, 0x0a, 0x00, 0x10, 0x00, // K...............
	0x00, 0x00, 0x00, 0x00, 0x38, 0x00, 0x00, 0x08, 0x12, 0x00, 0x10, 0x00, 0x00, 0x00, 0x00, 0x00, // ....8...........
	0x0a, 0x00, 0x10, 0x00, 0x00, 0x00, 0x00, 0x00, 0x3a, 0x80, 0x20, 0x00, 0x00, 0x00, 0x00, 0x00, // ........:. .....
	0x02, 0x00, 0x00, 0x00, 0x36, 0x20, 0x00, 0x05, 0x22, 0x00, 0x10, 0x00, 0x00, 0x00, 0x00, 0x00, // ....6 ..".......
	0x0a, 0x00, 0x10, 0x00, 0x00, 0x00, 0x00, 0x00, 0x4b, 0x00, 0x00, 0x05, 0x12, 0x00, 0x10, 0x00, // ........K.......
	0x00, 0x00, 0x00, 0x00, 0x0a, 0x00, 0x10, 0x00, 0x00, 0x00, 0x00, 0x00, 0x00, 0x00, 0x00, 0x08, // ................
	0x22, 0x00, 0x10, 0x00, 0x00, 0x00, 0x00, 0x00, 0x1a, 0x00, 0x10, 0x80, 0x41, 0x00, 0x00, 0x00, // "...........A...
	0x00, 0x00, 0x00, 0x00, 0x01, 0x40, 0x00, 0x00, 0x00, 0x00, 0x80, 0x3f, 0x2f, 0x00, 0x00, 0x05, // .....@.....?/...
	0x22, 0x00, 0x10, 0x00, 0x00, 0x00, 0x00, 0x00, 0x1a, 0x00, 0x10, 0x00, 0x00, 0x00, 0x00, 0x00, // "...............
	0x38, 0x00, 0x00, 0x08, 0x22, 0x00, 0x10, 0x00, 0x00, 0x00, 0x00, 0x00, 0x1a, 0x00, 0x10, 0x00, // 8..."...........
	0x00, 0x00, 0x00, 0x00, 0x3a, 0x80, 0x20, 0x00, 0x00, 0x00, 0x00, 0x00, 0x01, 0x00, 0x00, 0x00, // ....:. .........
	0x19, 0x00, 0x00, 0x05, 0x22, 0x00, 0x10, 0x00, 0x00, 0x00, 0x00, 0x00, 0x1a, 0x00, 0x10, 0x00, // ...."...........
	0x00, 0x00, 0x00, 0x00, 0x38, 0x00, 0x00, 0x09, 0x22, 0x00, 0x10, 0x00, 0x00, 0x00, 0x00, 0x00, // ....8...".......
	0x1a, 0x00, 0x10, 0x00, 0x00, 0x00, 0x00, 0x00, 0x0a, 0x80, 0x20, 0x80, 0x41, 0x00, 0x00, 0x00, // .......... .A...
	0x00, 0x00, 0x00, 0x00, 0x03, 0x00, 0x00, 0x00, 0x38, 0x00, 0x00, 0x08, 0x22, 0x00, 0x10, 0x00, // ........8..."...
	0x00, 0x00, 0x00, 0x00, 0x1a, 0x00, 0x10, 0x00, 0x00, 0x00, 0x00, 0x00, 0x3a, 0x80, 0x20, 0x00, // ............:. .
	0x00, 0x00, 0x00, 0x00, 0x00, 0x00, 0x00, 0x00, 0x00, 0x00, 0x00, 0x0a, 0x72, 0x00, 0x10, 0x00, // ............r...
	0x01, 0x00, 0x00, 0x00, 0x46, 0x82, 0x20, 0x00, 0x00, 0x00, 0x00, 0x00, 0x00, 0x00, 0x00, 0x00, // ....F. .........
	0x46, 0x82, 0x20, 0x80, 0x41, 0x00, 0x00, 0x00, 0x00, 0x00, 0x00, 0x00, 0x01, 0x00, 0x00, 0x00, // F. .A...........
	0x32, 0x00, 0x00, 0x0a, 0xd2, 0x00, 0x10, 0x00, 0x00, 0x00, 0x00, 0x00, 0x06, 0x00, 0x10, 0x00, // 2...............
	0x00, 0x00, 0x00, 0x00, 0x06, 0x09, 0x10, 0x00, 0x01, 0x00, 0x00, 0x00, 0x06, 0x89, 0x20, 0x00, // .............. .
	0x00, 0x00, 0x00, 0x00, 0x01, 0x00, 0x00, 0x00, 0x38, 0x00, 0x00, 0x07, 0x72, 0x20, 0x10, 0x00, // ........8...r ..
	0x00, 0x00, 0x00, 0x00, 0x56, 0x05, 0x10, 0x00, 0x00, 0x00, 0x00, 0x00, 0x86, 0x03, 0x10, 0x00, // ....V...........
	0x00, 0x00, 0x00, 0x00, 0x0e, 0x00, 0x00, 0x0b, 0x12, 0x00, 0x10, 0x00, 0x00, 0x00, 0x00, 0x00, // ................
	0x02, 0x40, 0x00, 0x00, 0x00, 0x00, 0x80, 0x3f, 0x00, 0x00, 0x80, 0x3f, 0x00, 0x00, 0x80, 0x3f, // .@.....?...?...?
	0x00, 0x00, 0x80, 0x3f, 0x0a, 0x80, 0x20, 0x00, 0x00, 0x00, 0x00, 0x00, 0x03, 0x00, 0x00, 0x00, // ...?.. .........
	0x00, 0x00, 0x00, 0x07, 0x82, 0x20, 0x10, 0x00, 0x00, 0x00, 0x00, 0x00, 0x0a, 0x00, 0x10, 0x00, // ..... ..........
	0x00, 0x00, 0x00, 0x00, 0x01, 0x40, 0x00, 0x00, 0x00, 0x00, 0x80, 0xbf, 0x3e, 0x00, 0x00, 0x01, // .....@......>...
	0x00, 0x00, 0x40, 0x00,                                                                         // ..@.
};
static const uint8_t fs_light_noshadow_clip_dxil[2616] =
{
	0x46, 0x53, 0x48, 0x0c, 0xb6, 0x35, 0xc4, 0x5b, 0x00, 0x00, 0x00, 0x00, 0x00, 0x00, 0x00, 0x00, // FSH..5.[........
	0x00, 0x00, 0x00, 0x00, 0x04, 0x00, 0x14, 0x6c, 0x69, 0x67, 0x68, 0x74, 0x43, 0x6f, 0x6c, 0x6f, // .......lightColo
	0x72, 0x5f, 0x69, 0x6e, 0x74, 0x65, 0x6e, 0x73, 0x69, 0x74, 0x79, 0x12, 0x00, 0x00, 0x00, 0x01, // r_intensity.....
	0x00, 0x00, 0x00, 0x00, 0x00, 0x19, 0x6c, 0x69, 0x67, 0x68, 0x74, 0x43, 0x6f, 0x6c, 0x6f, 0x72, // ......lightColor
	0x32, 0x5f, 0x66, 0x61, 0x6c, 0x6c, 0x6f, 0x66, 0x66, 0x5f, 0x70, 0x6f, 0x77, 0x65, 0x72, 0x12, // 2_falloff_power.
	0x00, 0x10, 0x00, 0x01, 0x00, 0x00, 0x00, 0x00, 0x00, 0x14, 0x6c, 0x69, 0x67, 0x68, 0x74, 0x43, // ..........lightC
	0x65, 0x6e, 0x74, 0x65, 0x72, 0x5f, 0x6d, 0x61, 0x78, 0x52, 0x61, 0x6e, 0x67, 0x65, 0x12, 0x00, // enter_maxRange..
	0x20, 0x00, 0x01, 0x00, 0x00, 0x00, 0x00, 0x00, 0x15, 0x62, 0x6c, 0x65, 0x6e, 0x64, 0x5f, 0x6d, //  ........blend_m
	0x6f, 0x64, 0x75, 0x6c, 0x61, 0x74, 0x65, 0x5f, 0x76, 0x73, 0x5f, 0x61, 0x64, 0x64, 0x12, 0x00, // odulate_vs_add..
	0x30, 0x00, 0x01, 0x00, 0x00, 0x00, 0x00, 0x00, 0x98, 0x09, 0x00, 0x00, 0x44, 0x58, 0x42, 0x43, // 0...........DXBC
	0x8e, 0x56, 0xc1, 0xa2, 0xe2, 0x36, 0x66, 0x55, 0x1b, 0xfc, 0x81, 0x10, 0xa6, 0x9a, 0x77, 0xe1, // .V...6fU......w.
	0x01, 0x00, 0x00, 0x00, 0x98, 0x09, 0x00, 0x00, 0x07, 0x00, 0x00, 0x00, 0x3c, 0x00, 0x00, 0x00, // ............<...
	0x4c, 0x00, 0x00, 0x00, 0xd4, 0x00, 0x00, 0x00, 0x10, 0x01, 0x00, 0x00, 0x00, 0x02, 0x00, 0x00, // L...............
	0x34, 0x02, 0x00, 0x00, 0x50, 0x02, 0x00, 0x00, 0x53, 0x46, 0x49, 0x30, 0x08, 0x00, 0x00, 0x00, // 4...P...SFI0....
	0x00, 0x00, 0x00, 0x00, 0x00, 0x00, 0x00, 0x00, 0x49, 0x53, 0x47, 0x31, 0x80, 0x00, 0x00, 0x00, // ........ISG1....
	0x03, 0x00, 0x00, 0x00, 0x08, 0x00, 0x00, 0x00, 0x00, 0x00, 0x00, 0x00, 0x68, 0x00, 0x00, 0x00, // ............h...
	0x00, 0x00, 0x00, 0x00, 0x01, 0x00, 0x00, 0x00, 0x03, 0x00, 0x00, 0x00, 0x00, 0x00, 0x00, 0x00, // ................
	0x0f, 0x00, 0x00, 0x00, 0x00, 0x00, 0x00, 0x00, 0x00, 0x00, 0x00, 0x00, 0x74, 0x00, 0x00, 0x00, // ............t...
	0x03, 0x00, 0x00, 0x00, 0x00, 0x00, 0x00, 0x00, 0x03, 0x00, 0x00, 0x00, 0x01, 0x00, 0x00, 0x00, // ................
	0x01, 0x00, 0x00, 0x00, 0x00, 0x00, 0x00, 0x00, 0x00, 0x00, 0x00, 0x00, 0x74, 0x00, 0x00, 0x00, // ............t...
	0x01, 0x00, 0x00, 0x00, 0x00, 0x00, 0x00, 0x00, 0x03, 0x00, 0x00, 0x00, 0x01, 0x00, 0x00, 0x00, // ................
	0x0e, 0x0e, 0x00, 0x00, 0x00, 0x00, 0x00, 0x00, 0x53, 0x56, 0x5f, 0x50, 0x6f, 0x73, 0x69, 0x74, // ........SV_Posit
	0x69, 0x6f, 0x6e, 0x00, 0x54, 0x45, 0x58, 0x43, 0x4f, 0x4f, 0x52, 0x44, 0x00, 0x00, 0x00, 0x00, // ion.TEXCOORD....
	0x4f, 0x53, 0x47, 0x31, 0x34, 0x00, 0x00, 0x00, 0x01, 0x00, 0x00, 0x00, 0x08, 0x00, 0x00, 0x00, // OSG14...........
	0x00, 0x00, 0x00, 0x00, 0x28, 0x00, 0x00, 0x00, 0x00, 0x00, 0x00, 0x00, 0x40, 0x00, 0x00, 0x00, // ....(.......@...
	0x03, 0x00, 0x00, 0x00, 0x00, 0x00, 0x00, 0x00, 0x0f, 0x00, 0x00, 0x00, 0x00, 0x00, 0x00, 0x00, // ................
	0x53, 0x56, 0x5f, 0x54, 0x61, 0x72, 0x67, 0x65, 0x74, 0x00, 0x00, 0x00, 0x50, 0x53, 0x56, 0x30, // SV_Target...PSV0
	0xe8, 0x00, 0x00, 0x00, 0x34, 0x00, 0x00, 0x00, 0x00, 0x00, 0x00, 0x00, 0x00, 0x00, 0x00, 0x00, // ....4...........
	0x00, 0x00, 0x00, 0x00, 0x00, 0x00, 0x00, 0x00, 0x00, 0x00, 0x00, 0x00, 0xff, 0xff, 0xff, 0xff, // ................
	0x00, 0x00, 0x00, 0x00, 0x03, 0x01, 0x00, 0x02, 0x01, 0x00, 0x00, 0x00, 0x00, 0x00, 0x00, 0x00, // ................
	0x00, 0x00, 0x00, 0x00, 0x00, 0x00, 0x00, 0x00, 0x13, 0x00, 0x00, 0x00, 0x01, 0x00, 0x00, 0x00, // ................
	0x18, 0x00, 0x00, 0x00, 0x02, 0x00, 0x00, 0x00, 0x00, 0x00, 0x00, 0x00, 0x00, 0x00, 0x00, 0x00, // ................
	0x00, 0x00, 0x00, 0x00, 0x0d, 0x00, 0x00, 0x00, 0x00, 0x00, 0x00, 0x00, 0x18, 0x00, 0x00, 0x00, // ................
	0x00, 0x54, 0x45, 0x58, 0x43, 0x4f, 0x4f, 0x52, 0x44, 0x00, 0x54, 0x45, 0x58, 0x43, 0x4f, 0x4f, // .TEXCOORD.TEXCOO
	0x52, 0x44, 0x00, 0x6d, 0x61, 0x69, 0x6e, 0x00, 0x03, 0x00, 0x00, 0x00, 0x00, 0x00, 0x00, 0x00, // RD.main.........
	0x03, 0x00, 0x00, 0x00, 0x01, 0x00, 0x00, 0x00, 0x10, 0x00, 0x00, 0x00, 0x00, 0x00, 0x00, 0x00, // ................
	0x00, 0x00, 0x00, 0x00, 0x01, 0x00, 0x44, 0x03, 0x03, 0x04, 0x00, 0x00, 0x01, 0x00, 0x00, 0x00, // ......D.........
	0x01, 0x00, 0x00, 0x00, 0x01, 0x01, 0x41, 0x00, 0x03, 0x02, 0x00, 0x00, 0x0a, 0x00, 0x00, 0x00, // ......A.........
	0x02, 0x00, 0x00, 0x00, 0x01, 0x01, 0x53, 0x00, 0x03, 0x02, 0x00, 0x00, 0x00, 0x00, 0x00, 0x00, // ......S.........
	0x00, 0x00, 0x00, 0x00, 0x01, 0x00, 0x44, 0x10, 0x03, 0x00, 0x00, 0x00, 0x00, 0x00, 0x00, 0x00, // ......D.........
	0x00, 0x00, 0x00, 0x00, 0x00, 0x00, 0x00, 0x00, 0x00, 0x00, 0x00, 0x00, 0x00, 0x00, 0x00, 0x00, // ................
	0x07, 0x00, 0x00, 0x00, 0x07, 0x00, 0x00, 0x00, 0x07, 0x00, 0x00, 0x00, 0x49, 0x4c, 0x44, 0x4e, // ............ILDN
	0x2c, 0x00, 0x00, 0x00, 0x00, 0x00, 0x24, 0x00, 0x61, 0x31, 0x61, 0x38, 0x32, 0x65, 0x38, 0x66, // ,.....$.a1a82e8f
	0x62, 0x66, 0x30, 0x33, 0x62, 0x31, 0x64, 0x37, 0x35, 0x62, 0x64, 0x38, 0x39, 0x64, 0x66, 0x39, // bf03b1d75bd89df9
	0x62, 0x32, 0x31, 0x33, 0x36, 0x36, 0x38, 0x62, 0x2e, 0x70, 0x64, 0x62, 0x00, 0x00, 0x00, 0x00, // b213668b.pdb....
	0x48, 0x41, 0x53, 0x48, 0x14, 0x00, 0x00, 0x00, 0x00, 0x00, 0x00, 0x00, 0xa1, 0xa8, 0x2e, 0x8f, // HASH............
	0xbf, 0x03, 0xb1, 0xd7, 0x5b, 0xd8, 0x9d, 0xf9, 0xb2, 0x13, 0x66, 0x8b, 0x44, 0x58, 0x49, 0x4c, // ....[.....f.DXIL
	0x40, 0x07, 0x00, 0x00, 0x60, 0x00, 0x00, 0x00, 0xd0, 0x01, 0x00, 0x00, 0x44, 0x58, 0x49, 0x4c, // @...`.......DXIL
	0x00, 0x01, 0x00, 0x00, 0x10, 0x00, 0x00, 0x00, 0x28, 0x07, 0x00, 0x00, 0x42, 0x43, 0xc0, 0xde, // ........(...BC..
	0x21, 0x0c, 0x00, 0x00, 0xc7, 0x01, 0x00, 0x00, 0x0b, 0x82, 0x20, 0x00, 0x02, 0x00, 0x00, 0x00, // !......... .....
	0x13, 0x00, 0x00, 0x00, 0x07, 0x81, 0x23, 0x91, 0x41, 0xc8, 0x04, 0x49, 0x06, 0x10, 0x32, 0x39, // ......#.A..I..29
	0x92, 0x01, 0x84, 0x0c, 0x25, 0x05, 0x08, 0x19, 0x1e, 0x04, 0x8b, 0x62, 0x80, 0x14, 0x45, 0x02, // ....%......b..E.
	0x42, 0x92, 0x0b, 0x42, 0xa4, 0x10, 0x32, 0x14, 0x38, 0x08, 0x18, 0x4b, 0x0a, 0x32, 0x52, 0x88, // B..B..2.8..K.2R.
	0x48, 0x90, 0x14, 0x20, 0x43, 0x46, 0x88, 0xa5, 0x00, 0x19, 0x32, 0x42, 0xe4, 0x48, 0x0e, 0x90, // H.. CF....2B.H..
	0x91, 0x22, 0xc4, 0x50, 0x41, 0x51, 0x81, 0x8c, 0xe1, 0x83, 0xe5, 0x8a, 0x04, 0x29, 0x46, 0x06, // .".PAQ.......)F.
	0x51, 0x18, 0x00, 0x00, 0x08, 0x00, 0x00, 0x00, 0x1b, 0x8c, 0xe0, 0xff, 0xff, 0xff, 0xff, 0x07, // Q...............
	0x40, 0x02, 0xa8, 0x0d, 0x84, 0xf0, 0xff, 0xff, 0xff, 0xff, 0x03, 0x20, 0x6d, 0x30, 0x86, 0xff, // @.......... m0..
	0xff, 0xff, 0xff, 0x1f, 0x00, 0x09, 0xa8, 0x00, 0x49, 0x18, 0x00, 0x00, 0x03, 0x00, 0x00, 0x00, // ........I.......
	0x13, 0x82, 0x60, 0x42, 0x20, 0x4c, 0x08, 0x06, 0x00, 0x00, 0x00, 0x00, 0x89, 0x20, 0x00, 0x00, // ..`B L....... ..
	0x24, 0x00, 0x00, 0x00, 0x32, 0x22, 0x48, 0x09, 0x20, 0x64, 0x85, 0x04, 0x93, 0x22, 0xa4, 0x84, // $...2"H. d..."..
	0x04, 0x93, 0x22, 0xe3, 0x84, 0xa1, 0x90, 0x14, 0x12, 0x4c, 0x8a, 0x8c, 0x0b, 0x84, 0xa4, 0x4c, // .."......L.....L
	0x10, 0x68, 0x23, 0x00, 0x25, 0x00, 0x14, 0x66, 0x00, 0xe6, 0x08, 0xc0, 0x60, 0x8e, 0x00, 0x29, // .h#.%..f....`..)
	0xc6, 0x20, 0x84, 0x14, 0x42, 0xa6, 0x18, 0x80, 0x10, 0x52, 0x06, 0xa1, 0x32, 0x0c, 0x32, 0x48, // . ..B....R..2.2H
	0x1d, 0x35, 0x5c, 0xfe, 0x84, 0x3d, 0x84, 0xe4, 0x73, 0x1b, 0x55, 0xac, 0xc4, 0xe4, 0x17, 0xb7, // .5...=..s.U.....
	0x8d, 0x88, 0x31, 0xc6, 0xa0, 0x72, 0xcf, 0x70, 0xf9, 0x13, 0xf6, 0x10, 0x92, 0x1f, 0x02, 0xcd, // ..1..r.p........
	0xb0, 0x10, 0x28, 0x68, 0x85, 0x60, 0xc4, 0x11, 0x7a, 0x73, 0x04, 0x41, 0x31, 0x1c, 0x29, 0x84, // ..(h.`..zs.A1.).
	0x44, 0x92, 0x03, 0x01, 0xc3, 0x08, 0xc4, 0x30, 0x13, 0x42, 0x06, 0xa7, 0xc0, 0x0e, 0xef, 0x20, // D......0.B..... 
	0x0e, 0xe1, 0xc0, 0x0e, 0xf3, 0x80, 0x88, 0x5a, 0x6b, 0x25, 0x9b, 0x0a, 0x64, 0x8e, 0x00, 0x14, // .......Zk%..d...
	0x00, 0x00, 0x00, 0x00, 0x13, 0x14, 0x72, 0xc0, 0x87, 0x74, 0x60, 0x87, 0x36, 0x68, 0x87, 0x79, // ......r..t`.6h.y
	0x68, 0x03, 0x72, 0xc0, 0x87, 0x0d, 0xaf, 0x50, 0x0e, 0x6d, 0xd0, 0x0e, 0x7a, 0x50, 0x0e, 0x6d, // h.r....P.m..zP.m
	0x00, 0x0f, 0x7a, 0x30, 0x07, 0x72, 0xa0, 0x07, 0x73, 0x20, 0x07, 0x6d, 0x90, 0x0e, 0x71, 0xa0, // ..z0.r..s .m..q.
	0x07, 0x73, 0x20, 0x07, 0x6d, 0x90, 0x0e, 0x78, 0xa0, 0x07, 0x73, 0x20, 0x07, 0x6d, 0x90, 0x0e, // .s .m..x..s .m..
	0x71, 0x60, 0x07, 0x7a, 0x30, 0x07, 0x72, 0xd0, 0x06, 0xe9, 0x30, 0x07, 0x72, 0xa0, 0x07, 0x73, // q`.z0.r...0.r..s
	0x20, 0x07, 0x6d, 0x90, 0x0e, 0x76, 0x40, 0x07, 0x7a, 0x60, 0x07, 0x74, 0xd0, 0x06, 0xe6, 0x10, //  .m..v@.z`.t....
	0x07, 0x76, 0xa0, 0x07, 0x73, 0x20, 0x07, 0x6d, 0x60, 0x0e, 0x73, 0x20, 0x07, 0x7a, 0x30, 0x07, // .v..s .m`.s .z0.
	0x72, 0xd0, 0x06, 0xe6, 0x60, 0x07, 0x74, 0xa0, 0x07, 0x76, 0x40, 0x07, 0x6d, 0xe0, 0x0e, 0x78, // r...`.t..v@.m..x
	0xa0, 0x07, 0x71, 0x60, 0x07, 0x7a, 0x30, 0x07, 0x72, 0xa0, 0x07, 0x76, 0x40, 0x07, 0x43, 0x9e, // ..q`.z0.r..v@.C.
	0x00, 0x00, 0x00, 0x00, 0x00, 0x00, 0x00, 0x00, 0x00, 0x00, 0x00, 0x86, 0x3c, 0x06, 0x10, 0x00, // ............<...
	0x01, 0x00, 0x00, 0x00, 0x00, 0x00, 0x00, 0x00, 0x0c, 0x79, 0x10, 0x20, 0x00, 0x04, 0x00, 0x00, // .........y. ....
	0x00, 0x00, 0x00, 0x00, 0x00, 0x18, 0xf2, 0x28, 0x40, 0x00, 0x04, 0x00, 0x00, 0x00, 0x00, 0x00, // .......(@.......
	0x00, 0x00, 0x30, 0xe4, 0x79, 0x80, 0x00, 0x18, 0x00, 0x00, 0x00, 0x00, 0x00, 0x00, 0x00, 0x60, // ..0.y..........`
	0xc8, 0x23, 0x01, 0x01, 0x30, 0x00, 0x00, 0x00, 0x00, 0x00, 0x00, 0x00, 0x40, 0x16, 0x08, 0x00, // .#..0.......@...
	0x0f, 0x00, 0x00, 0x00, 0x32, 0x1e, 0x98, 0x14, 0x19, 0x11, 0x4c, 0x90, 0x8c, 0x09, 0x26, 0x47, // ....2.....L...&G
	0xc6, 0x04, 0x43, 0x22, 0x25, 0x30, 0x02, 0x50, 0x12, 0xc5, 0x50, 0x80, 0x01, 0x65, 0x50, 0x04, // ..C"%0.P..P..eP.
	0xe5, 0x50, 0x1e, 0x54, 0x4a, 0xa2, 0x0c, 0x0a, 0x61, 0x04, 0xa0, 0x08, 0x4a, 0xa0, 0x40, 0x28, // .P.TJ...a...J.@(
	0x17, 0x04, 0xe1, 0xb1, 0x14, 0x84, 0x00, 0x00, 0x00, 0x00, 0x8e, 0xe3, 0xa0, 0x3b, 0x03, 0x00, // .............;..
	0x79, 0x18, 0x00, 0x00, 0x62, 0x00, 0x00, 0x00, 0x1a, 0x03, 0x4c, 0x90, 0x46, 0x02, 0x13, 0xc4, // y...b.....L.F...
	0x34, 0x20, 0xc3, 0x1b, 0x43, 0x81, 0x93, 0x4b, 0xb3, 0x0b, 0xa3, 0x2b, 0x4b, 0x01, 0x89, 0x71, // 4 ..C..K...+K..q
	0xc9, 0x71, 0x81, 0x71, 0xa9, 0xa1, 0x81, 0x91, 0x01, 0x41, 0x81, 0x21, 0x9b, 0x29, 0x2b, 0xb3, // .q.q.....A.!.)+.
	0x11, 0xab, 0xa9, 0x69, 0x21, 0x4b, 0x93, 0xa3, 0xcb, 0x4b, 0xd9, 0x10, 0x04, 0x13, 0x04, 0xc2, // ...i!K...K......
	0x98, 0x20, 0x10, 0xc7, 0x06, 0x61, 0x20, 0x26, 0x08, 0x04, 0xb2, 0x41, 0x18, 0x0c, 0x0a, 0x70, // . ...a &...A...p
	0x73, 0x13, 0x04, 0x22, 0xd9, 0x30, 0x20, 0x09, 0x31, 0x41, 0xb8, 0x30, 0x02, 0x13, 0x04, 0x42, // s..".0 .1A.0...B
	0xd9, 0x80, 0x10, 0x0b, 0x43, 0x10, 0x43, 0x03, 0x6c, 0x08, 0x9c, 0x0d, 0x04, 0x00, 0x3c, 0xc0, // ....C.C.l.....<.
	0x04, 0x01, 0xbb, 0x36, 0x04, 0xd1, 0x04, 0x41, 0x00, 0x48, 0xb4, 0x85, 0xa5, 0xb9, 0x71, 0x99, // ...6...A.H....q.
	0xb2, 0xfa, 0x82, 0x7a, 0x9b, 0x4b, 0xa3, 0x4b, 0x7b, 0x73, 0x9b, 0x20, 0x14, 0xcf, 0x04, 0xa1, // ...z.K.K{s. ....
	0x80, 0x36, 0x04, 0xc4, 0x04, 0xa1, 0x88, 0x26, 0x08, 0x85, 0xb4, 0x61, 0x21, 0x2a, 0xeb, 0xc2, // .6.....&...a!*..
	0xb2, 0x21, 0x23, 0x34, 0x80, 0x08, 0x55, 0x11, 0xd6, 0xd0, 0xd3, 0x93, 0x14, 0xd1, 0x04, 0x81, // .!#4..U.........
	0x58, 0x36, 0x04, 0xdd, 0x04, 0xa1, 0x98, 0x26, 0x08, 0x05, 0xb5, 0x61, 0x19, 0x38, 0x4b, 0xf3, // X6.....&...a.8K.
	0xbe, 0x01, 0x0c, 0x06, 0x0d, 0x98, 0x20, 0x10, 0xcc, 0x86, 0x60, 0x98, 0x20, 0x10, 0xcd, 0x06, // ...... ...`. ...
	0xa1, 0x23, 0x83, 0x0d, 0x8b, 0x18, 0x70, 0x96, 0x36, 0x06, 0xdf, 0x70, 0x0d, 0x60, 0x50, 0x06, // .#....p.6..p.`P.
	0x1b, 0x86, 0x2d, 0x0c, 0xcc, 0x80, 0xc9, 0x94, 0xd5, 0x17, 0x55, 0x98, 0xdc, 0x59, 0x19, 0xdd, // ..-.......U..Y..
	0x04, 0xa1, 0xa8, 0x26, 0x08, 0x84, 0xb3, 0x41, 0xe8, 0xd4, 0x60, 0xc3, 0x42, 0xa0, 0x81, 0x95, // ...&...A..`.B...
	0x06, 0x98, 0x36, 0x64, 0x84, 0xb6, 0x06, 0x1b, 0x02, 0x36, 0xd8, 0x30, 0x9c, 0x41, 0x1b, 0x00, // ..6d.....6.0.A..
	0x13, 0x84, 0xcc, 0xda, 0x20, 0x10, 0x6f, 0xb0, 0xa1, 0x98, 0x28, 0x37, 0x80, 0xe0, 0xa0, 0x0a, // .... .o...(7....
	0x1b, 0x9b, 0x5d, 0x9b, 0x4b, 0x1a, 0x59, 0x99, 0x1b, 0xdd, 0x94, 0x20, 0xa8, 0x42, 0x86, 0xe7, // ..].K.Y.... .B..
	0x62, 0x57, 0x26, 0x37, 0x97, 0xf6, 0xe6, 0x36, 0x25, 0x20, 0x9a, 0x90, 0xe1, 0xb9, 0xd8, 0x85, // bW&7...6% ......
	0xb1, 0xd9, 0x95, 0xc9, 0x4d, 0x09, 0x8c, 0x3a, 0x64, 0x78, 0x2e, 0x73, 0x68, 0x61, 0x64, 0x65, // ....M..:dx.shade
	0x72, 0x4d, 0x6f, 0x64, 0x65, 0x6c, 0x53, 0x82, 0xa4, 0x0c, 0x19, 0x9e, 0x8b, 0x5c, 0xd9, 0xdc, // rModelS.........
	0x5b, 0x9d, 0xdc, 0x58, 0xd9, 0xdc, 0x94, 0xe0, 0xa9, 0x43, 0x86, 0xe7, 0x62, 0x97, 0x56, 0x76, // [..X.....C..b.Vv
	0x97, 0x44, 0x36, 0x45, 0x17, 0x46, 0x57, 0x36, 0x25, 0x88, 0xea, 0x90, 0xe1, 0xb9, 0x94, 0xb9, // .D6E.FW6%.......
	0xd1, 0xc9, 0xe5, 0x41, 0xbd, 0xa5, 0xb9, 0xd1, 0xcd, 0x4d, 0x09, 0xe0, 0x00, 0x00, 0x00, 0x00, // ...A.....M......
	0x79, 0x18, 0x00, 0x00, 0x4c, 0x00, 0x00, 0x00, 0x33, 0x08, 0x80, 0x1c, 0xc4, 0xe1, 0x1c, 0x66, // y...L...3......f
	0x14, 0x01, 0x3d, 0x88, 0x43, 0x38, 0x84, 0xc3, 0x8c, 0x42, 0x80, 0x07, 0x79, 0x78, 0x07, 0x73, // ..=.C8...B..yx.s
	0x98, 0x71, 0x0c, 0xe6, 0x00, 0x0f, 0xed, 0x10, 0x0e, 0xf4, 0x80, 0x0e, 0x33, 0x0c, 0x42, 0x1e, // .q..........3.B.
	0xc2, 0xc1, 0x1d, 0xce, 0xa1, 0x1c, 0x66, 0x30, 0x05, 0x3d, 0x88, 0x43, 0x38, 0x84, 0x83, 0x1b, // ......f0.=.C8...
	0xcc, 0x03, 0x3d, 0xc8, 0x43, 0x3d, 0x8c, 0x03, 0x3d, 0xcc, 0x78, 0x8c, 0x74, 0x70, 0x07, 0x7b, // ..=.C=..=.x.tp.{
	0x08, 0x07, 0x79, 0x48, 0x87, 0x70, 0x70, 0x07, 0x7a, 0x70, 0x03, 0x76, 0x78, 0x87, 0x70, 0x20, // ..yH.pp.zp.vx.p 
	0x87, 0x19, 0xcc, 0x11, 0x0e, 0xec, 0x90, 0x0e, 0xe1, 0x30, 0x0f, 0x6e, 0x30, 0x0f, 0xe3, 0xf0, // .........0.n0...
	0x0e, 0xf0, 0x50, 0x0e, 0x33, 0x10, 0xc4, 0x1d, 0xde, 0x21, 0x1c, 0xd8, 0x21, 0x1d, 0xc2, 0x61, // ..P.3....!..!..a
	0x1e, 0x66, 0x30, 0x89, 0x3b, 0xbc, 0x83, 0x3b, 0xd0, 0x43, 0x39, 0xb4, 0x03, 0x3c, 0xbc, 0x83, // .f0.;..;.C9..<..
	0x3c, 0x84, 0x03, 0x3b, 0xcc, 0xf0, 0x14, 0x76, 0x60, 0x07, 0x7b, 0x68, 0x07, 0x37, 0x68, 0x87, // <..;...v`.{h.7h.
	0x72, 0x68, 0x07, 0x37, 0x80, 0x87, 0x70, 0x90, 0x87, 0x70, 0x60, 0x07, 0x76, 0x28, 0x07, 0x76, // rh.7..p..p`.v(.v
	0xf8, 0x05, 0x76, 0x78, 0x87, 0x77, 0x80, 0x87, 0x5f, 0x08, 0x87, 0x71, 0x18, 0x87, 0x72, 0x98, // ..vx.w.._..q..r.
	0x87, 0x79, 0x98, 0x81, 0x2c, 0xee, 0xf0, 0x0e, 0xee, 0xe0, 0x0e, 0xf5, 0xc0, 0x0e, 0xec, 0x30, // .y..,..........0
	0x03, 0x62, 0xc8, 0xa1, 0x1c, 0xe4, 0xa1, 0x1c, 0xcc, 0xa1, 0x1c, 0xe4, 0xa1, 0x1c, 0xdc, 0x61, // .b.............a
	0x1c, 0xca, 0x21, 0x1c, 0xc4, 0x81, 0x1d, 0xca, 0x61, 0x06, 0xd6, 0x90, 0x43, 0x39, 0xc8, 0x43, // ..!.....a...C9.C
	0x39, 0x98, 0x43, 0x39, 0xc8, 0x43, 0x39, 0xb8, 0xc3, 0x38, 0x94, 0x43, 0x38, 0x88, 0x03, 0x3b, // 9.C9.C9..8.C8..;
	0x94, 0xc3, 0x2f, 0xbc, 0x83, 0x3c, 0xfc, 0x82, 0x3b, 0xd4, 0x03, 0x3b, 0xb0, 0xc3, 0x0c, 0xc4, // ../..<..;..;....
	0x21, 0x07, 0x7c, 0x70, 0x03, 0x7a, 0x28, 0x87, 0x76, 0x80, 0x87, 0x19, 0xd1, 0x43, 0x0e, 0xf8, // !.|p.z(.v....C..
	0xe0, 0x06, 0xe4, 0x20, 0x0e, 0xe7, 0xe0, 0x06, 0xf6, 0x10, 0x0e, 0xf2, 0xc0, 0x0e, 0xe1, 0x90, // ... ............
	0x0f, 0xef, 0x50, 0x0f, 0xf4, 0x00, 0x00, 0x00, 0x71, 0x20, 0x00, 0x00, 0x17, 0x00, 0x00, 0x00, // ..P.....q ......
	0x46, 0xb0, 0x0d, 0x97, 0xef, 0x3c, 0xbe, 0x10, 0x50, 0x45, 0x41, 0x44, 0xa5, 0x03, 0x0c, 0x25, // F....<..PEAD...%
	0x61, 0x00, 0x02, 0xe6, 0x17, 0xb7, 0x6d, 0x05, 0xd2, 0x70, 0xf9, 0xce, 0xe3, 0x0b, 0x11, 0x01, // a.....m..p......
	0x4c, 0x44, 0x08, 0x34, 0xc3, 0x42, 0x58, 0xc0, 0x34, 0x5c, 0xbe, 0xf3, 0xf8, 0x8b, 0x03, 0x0c, // LD.4.BX.4.......
	0x62, 0xf3, 0x50, 0x93, 0x5f, 0xdc, 0xb6, 0x09, 0x54, 0xc3, 0xe5, 0x3b, 0x8f, 0x2f, 0x4d, 0x4e, // b.P._...T..;./MN
	0x44, 0xa0, 0xd4, 0xf4, 0x50, 0x93, 0x5f, 0xdc, 0xb6, 0x0d, 0x3c, 0xc3, 0xe5, 0x3b, 0x8f, 0x4f, // D...P._...<..;.O
	0x35, 0x40, 0x84, 0xf9, 0xc5, 0x6d, 0x1b, 0x00, 0xc1, 0x00, 0x48, 0x03, 0x61, 0x20, 0x00, 0x00, // 5@...m....H.a ..
	0x67, 0x00, 0x00, 0x00, 0x13, 0x04, 0x41, 0x2c, 0x10, 0x00, 0x00, 0x00, 0x0a, 0x00, 0x00, 0x00, // g.....A,........
	0x14, 0x47, 0x00, 0x88, 0x94, 0x4a, 0xb9, 0x94, 0x5d, 0x29, 0x14, 0xc2, 0x0c, 0x40, 0xc1, 0x94, // .G...J..])...@..
	0x1c, 0x8d, 0x31, 0x02, 0x10, 0x04, 0x41, 0xfc, 0x17, 0xc6, 0x08, 0x40, 0x10, 0x04, 0x41, 0x50, // ..1...A....@..AP
	0x18, 0x23, 0x00, 0x41, 0x10, 0xc4, 0x3f, 0x00, 0x23, 0x06, 0x09, 0x00, 0x82, 0x60, 0x20, 0x81, // .#.A..?.#....` .
	0x01, 0x21, 0x79, 0x1e, 0x33, 0x62, 0x90, 0x00, 0x20, 0x08, 0x06, 0x46, 0x19, 0x20, 0xda, 0x47, // .!y.3b.. ..F. .G
	0x1d, 0x23, 0x06, 0x09, 0x00, 0x82, 0x60, 0x60, 0x98, 0x41, 0xb2, 0x81, 0xc1, 0x84, 0x8c, 0x18, // .#....``.A......
	0x24, 0x00, 0x08, 0x82, 0x81, 0x71, 0x06, 0x0a, 0x17, 0x06, 0x55, 0x32, 0x62, 0x70, 0x00, 0x20, // $....q....U2bp. 
	0x08, 0x06, 0x4f, 0x19, 0x34, 0x44, 0x37, 0x9a, 0x10, 0x00, 0xa3, 0x09, 0x42, 0x30, 0x9a, 0x30, // ..O.4D7.....B0.0
	0x08, 0x76, 0x0c, 0xf1, 0xb1, 0x63, 0x88, 0x8f, 0x1d, 0x43, 0x7c, 0x6c, 0x18, 0xe4, 0x63, 0xc3, // .v...c...C|l..c.
	0x20, 0x1f, 0x13, 0x02, 0xf8, 0x18, 0x41, 0xc8, 0xc7, 0x84, 0x00, 0x3e, 0x23, 0x06, 0x06, 0x00, //  .....A....>#...
	0x82, 0x60, 0xa0, 0xc8, 0x41, 0x15, 0x8c, 0x26, 0x34, 0x83, 0x05, 0x82, 0x7c, 0x46, 0x0c, 0x0e, // .`..A..&4...|F..
	0x00, 0x04, 0xc1, 0xe0, 0xa1, 0x03, 0x6e, 0x92, 0x83, 0xd1, 0x84, 0x60, 0x18, 0x31, 0x30, 0x00, // ......n....`.10.
	0x10, 0x04, 0x03, 0xe5, 0x0e, 0xda, 0x60, 0xb0, 0x2b, 0x88, 0xcf, 0x88, 0x81, 0x01, 0x80, 0x20, // ......`.+...... 
	0x18, 0x28, 0x79, 0x10, 0x06, 0x81, 0x05, 0x84, 0x7c, 0x46, 0x0c, 0x0c, 0x00, 0x04, 0xc1, 0x40, // .(y.....|F.....@
	0xd9, 0x03, 0x32, 0x08, 0x46, 0x0c, 0x0c, 0x00, 0x04, 0xc1, 0x40, 0xe1, 0x83, 0x0f, 0x19, 0x31, // ..2.F.....@....1
	0x38, 0x00, 0x10, 0x04, 0x83, 0x87, 0x0f, 0xc8, 0x60, 0xcb, 0x83, 0xd1, 0x84, 0x00, 0x18, 0x4d, // 8.......`......M
	0x10, 0x82, 0xd1, 0x84, 0x41, 0x18, 0x4d, 0x60, 0x80, 0xd1, 0x84, 0x26, 0x18, 0x4d, 0x70, 0x04, // ....A.M`...&.Mp.
	0x33, 0x86, 0xf8, 0x98, 0x31, 0xc4, 0xc7, 0x8c, 0x21, 0x3e, 0x36, 0x2c, 0xf2, 0xb1, 0x81, 0x91, // 3...1...!>6,....
	0x8f, 0x0d, 0x8d, 0x7c, 0x6c, 0x48, 0xe0, 0x63, 0x43, 0x02, 0x1f, 0x1b, 0x12, 0xf8, 0x8c, 0x18, // ...|lH.cC.......
	0x1c, 0x00, 0x08, 0x82, 0xc1, 0xc3, 0x0a, 0x74, 0xb0, 0x06, 0xa5, 0x30, 0x9a, 0x10, 0x00, 0xa3, // .......t...0....
	0x09, 0xd2, 0x60, 0x55, 0x20, 0x1f, 0x0b, 0x06, 0xf9, 0x98, 0x1c, 0x04, 0xf1, 0xb1, 0x24, 0x90, // ..`U .........$.
	0x8f, 0x25, 0x82, 0x7c, 0x2c, 0x19, 0xe4, 0x63, 0x75, 0x80, 0xd0, 0xc7, 0x02, 0x3c, 0x80, 0xcf, // .%.|,..cu....<..
	0x88, 0x41, 0x02, 0x80, 0x20, 0x18, 0x20, 0xb9, 0xe0, 0x07, 0xb4, 0x40, 0x0b, 0xa9, 0x50, 0x8c, // .A.. . ....@..P.
	0x18, 0x24, 0x00, 0x08, 0x82, 0x01, 0x92, 0x0b, 0x7e, 0x40, 0x0b, 0xb4, 0x70, 0x0a, 0xc4, 0x88, // .$......~@..p...
	0x41, 0x02, 0x80, 0x20, 0x18, 0x20, 0xb9, 0xe0, 0x07, 0xb4, 0x40, 0x0b, 0xa8, 0x30, 0x8c, 0x18, // A.. . ....@..0..
	0x24, 0x00, 0x08, 0x82, 0x01, 0x92, 0x0b, 0x7e, 0x40, 0x0b, 0xb4, 0xb0, 0x0a, 0x01, 0x02, 0x00, // $......~@.......
	0x00, 0x00, 0x00, 0x00, 0x00, 0x00, 0x40, 0x00,                                                 // ......@.
};
static const uint8_t fs_light_noshadow_clip_spv[1964] =
{
	0x46, 0x53, 0x48, 0x0c, 0xb6, 0x35, 0xc4, 0x5b, 0x00, 0x00, 0x00, 0x00, 0x00, 0x00, 0x00, 0x00, // FSH..5.[........
	0x00, 0x00, 0x00, 0x00, 0x04, 0x00, 0x14, 0x6c, 0x69, 0x67, 0x68, 0x74, 0x43, 0x65, 0x6e, 0x74, // .......lightCent
	0x65, 0x72, 0x5f, 0x6d, 0x61, 0x78, 0x52, 0x61, 0x6e, 0x67, 0x65, 0x12, 0x01, 0x20, 0x00, 0x01, // er_maxRange.. ..
	0x00, 0x00, 0x00, 0x00, 0x00, 0x19, 0x6c, 0x69, 0x67, 0x68, 0x74, 0x43, 0x6f, 0x6c, 0x6f, 0x72, // ......lightColor
	0x32, 0x5f, 0x66, 0x61, 0x6c, 0x6c, 0x6f, 0x66, 0x66, 0x5f, 0x70, 0x6f, 0x77, 0x65, 0x72, 0x12, // 2_falloff_power.
	0x01, 0x10, 0x00, 0x01, 0x00, 0x00, 0x00, 0x00, 0x00, 0x14, 0x6c, 0x69, 0x67, 0x68, 0x74, 0x43, // ..........lightC
	0x6f, 0x6c, 0x6f, 0x72, 0x5f, 0x69, 0x6e, 0x74, 0x65, 0x6e, 0x73, 0x69, 0x74, 0x79, 0x12, 0x01, // olor_intensity..
	0x00, 0x00, 0x01, 0x00, 0x00, 0x00, 0x00, 0x00, 0x15, 0x62, 0x6c, 0x65, 0x6e, 0x64, 0x5f, 0x6d, // .........blend_m
	0x6f, 0x64, 0x75, 0x6c, 0x61, 0x74, 0x65, 0x5f, 0x76, 0x73, 0x5f, 0x61, 0x64, 0x64, 0x12, 0x01, // odulate_vs_add..
	0x30, 0x00, 0x01, 0x00, 0x00, 0x00, 0x00, 0x00, 0x0c, 0x07, 0x00, 0x00, 0x03, 0x02, 0x23, 0x07, // 0.............#.
	0x00, 0x00, 0x01, 0x00, 0x0b, 0x00, 0x08, 0x00, 0xf5, 0x00, 0x00, 0x00, 0x00, 0x00, 0x00, 0x00, // ................
	0x11, 0x00, 0x02, 0x00, 0x01, 0x00, 0x00, 0x00, 0x0b, 0x00, 0x06, 0x00, 0x01, 0x00, 0x00, 0x00, // ................
	0x47, 0x4c, 0x53, 0x4c, 0x2e, 0x73, 0x74, 0x64, 0x2e, 0x34, 0x35, 0x30, 0x00, 0x00, 0x00, 0x00, // GLSL.std.450....
	0x0e, 0x00, 0x03, 0x00, 0x00, 0x00, 0x00, 0x00, 0x01, 0x00, 0x00, 0x00, 0x0f, 0x00, 0x07, 0x00, // ................
	0x04, 0x00, 0x00, 0x00, 0x04, 0x00, 0x00, 0x00, 0x6d, 0x61, 0x69, 0x6e, 0x00, 0x00, 0x00, 0x00, // ........main....
	0x7f, 0x00, 0x00, 0x00, 0x8c, 0x00, 0x00, 0x00, 0x10, 0x00, 0x03, 0x00, 0x04, 0x00, 0x00, 0x00, // ................
	0x07, 0x00, 0x00, 0x00, 0x10, 0x00, 0x03, 0x00, 0x04, 0x00, 0x00, 0x00, 0x09, 0x00, 0x00, 0x00, // ................
	0x03, 0x00, 0x03, 0x00, 0x05, 0x00, 0x00, 0x00, 0xf4, 0x01, 0x00, 0x00, 0x05, 0x00, 0x04, 0x00, // ................
	0x04, 0x00, 0x00, 0x00, 0x6d, 0x61, 0x69, 0x6e, 0x00, 0x00, 0x00, 0x00, 0x05, 0x00, 0x06, 0x00, // ....main........
	0x2d, 0x00, 0x00, 0x00, 0x55, 0x6e, 0x69, 0x66, 0x6f, 0x72, 0x6d, 0x42, 0x6c, 0x6f, 0x63, 0x6b, // -...UniformBlock
	0x00, 0x00, 0x00, 0x00, 0x06, 0x00, 0x09, 0x00, 0x2d, 0x00, 0x00, 0x00, 0x00, 0x00, 0x00, 0x00, // ........-.......
	0x6c, 0x69, 0x67, 0x68, 0x74, 0x43, 0x6f, 0x6c, 0x6f, 0x72, 0x5f, 0x69, 0x6e, 0x74, 0x65, 0x6e, // lightColor_inten
	0x73, 0x69, 0x74, 0x79, 0x00, 0x00, 0x00, 0x00, 0x06, 0x00, 0x0a, 0x00, 0x2d, 0x00, 0x00, 0x00, // sity........-...
	0x01, 0x00, 0x00, 0x00, 0x6c, 0x69, 0x67, 0x68, 0x74, 0x43, 0x6f, 0x6c, 0x6f, 0x72, 0x32, 0x5f, // ....lightColor2_
	0x66, 0x61, 0x6c, 0x6c, 0x6f, 0x66, 0x66, 0x5f, 0x70, 0x6f, 0x77, 0x65, 0x72, 0x00, 0x00, 0x00, // falloff_power...
	0x06, 0x00, 0x09, 0x00, 0x2d, 0x00, 0x00, 0x00, 0x02, 0x00, 0x00, 0x00, 0x6c, 0x69, 0x67, 0x68, // ....-.......ligh
	0x74, 0x43, 0x65, 0x6e, 0x74, 0x65, 0x72, 0x5f, 0x6d, 0x61, 0x78, 0x52, 0x61, 0x6e, 0x67, 0x65, // tCenter_maxRange
	0x00, 0x00, 0x00, 0x00, 0x06, 0x00, 0x09, 0x00, 0x2d, 0x00, 0x00, 0x00, 0x03, 0x00, 0x00, 0x00, // ........-.......
	0x62, 0x6c, 0x65, 0x6e, 0x64, 0x5f, 0x6d, 0x6f, 0x64, 0x75, 0x6c, 0x61, 0x74, 0x65, 0x5f, 0x76, // blend_modulate_v
	0x73, 0x5f, 0x61, 0x64, 0x64, 0x00, 0x00, 0x00, 0x05, 0x00, 0x03, 0x00, 0x2f, 0x00, 0x00, 0x00, // s_add......./...
	0x00, 0x00, 0x00, 0x00, 0x05, 0x00, 0x05, 0x00, 0x7f, 0x00, 0x00, 0x00, 0x76, 0x5f, 0x74, 0x61, // ............v_ta
	0x62, 0x6c, 0x65, 0x50, 0x6f, 0x73, 0x00, 0x00, 0x05, 0x00, 0x06, 0x00, 0x8c, 0x00, 0x00, 0x00, // blePos..........
	0x62, 0x67, 0x66, 0x78, 0x5f, 0x46, 0x72, 0x61, 0x67, 0x44, 0x61, 0x74, 0x61, 0x30, 0x00, 0x00, // bgfx_FragData0..
	0x47, 0x00, 0x03, 0x00, 0x2d, 0x00, 0x00, 0x00, 0x02, 0x00, 0x00, 0x00, 0x48, 0x00, 0x05, 0x00, // G...-.......H...
	0x2d, 0x00, 0x00, 0x00, 0x00, 0x00, 0x00, 0x00, 0x23, 0x00, 0x00, 0x00, 0x00, 0x00, 0x00, 0x00, // -.......#.......
	0x48, 0x00, 0x05, 0x00, 0x2d, 0x00, 0x00, 0x00, 0x01, 0x00, 0x00, 0x00, 0x23, 0x00, 0x00, 0x00, // H...-.......#...
	0x10, 0x00, 0x00, 0x00, 0x48, 0x00, 0x05, 0x00, 0x2d, 0x00, 0x00, 0x00, 0x02, 0x00, 0x00, 0x00, // ....H...-.......
	0x23, 0x00, 0x00, 0x00, 0x20, 0x00, 0x00, 0x00, 0x48, 0x00, 0x05, 0x00, 0x2d, 0x00, 0x00, 0x00, // #... ...H...-...
	0x03, 0x00, 0x00, 0x00, 0x23, 0x00, 0x00, 0x00, 0x30, 0x00, 0x00, 0x00, 0x47, 0x00, 0x04, 0x00, // ....#...0...G...
	0x2f, 0x00, 0x00, 0x00, 0x21, 0x00, 0x00, 0x00, 0x01, 0x00, 0x00, 0x00, 0x47, 0x00, 0x04, 0x00, // /...!.......G...
	0x2f, 0x00, 0x00, 0x00, 0x22, 0x00, 0x00, 0x00, 0x00, 0x00, 0x00, 0x00, 0x47, 0x00, 0x04, 0x00, // /...".......G...
	0x7f, 0x00, 0x00, 0x00, 0x1e, 0x00, 0x00, 0x00, 0x01, 0x00, 0x00, 0x00, 0x47, 0x00, 0x04, 0x00, // ............G...
	0x8c, 0x00, 0x00, 0x00, 0x1e, 0x00, 0x00, 0x00, 0x00, 0x00, 0x00, 0x00, 0x13, 0x00, 0x02, 0x00, // ................
	0x02, 0x00, 0x00, 0x00, 0x21, 0x00, 0x03, 0x00, 0x03, 0x00, 0x00, 0x00, 0x02, 0x00, 0x00, 0x00, // ....!...........
	0x16, 0x00, 0x03, 0x00, 0x06, 0x00, 0x00, 0x00, 0x20, 0x00, 0x00, 0x00, 0x17, 0x00, 0x04, 0x00, // ........ .......
	0x07, 0x00, 0x00, 0x00, 0x06, 0x00, 0x00, 0x00, 0x03, 0x00, 0x00, 0x00, 0x17, 0x00, 0x04, 0x00, // ................
	0x10, 0x00, 0x00, 0x00, 0x06, 0x00, 0x00, 0x00, 0x04, 0x00, 0x00, 0x00, 0x2b, 0x00, 0x04, 0x00, // ............+...
	0x06, 0x00, 0x00, 0x00, 0x28, 0x00, 0x00, 0x00, 0x00, 0x00, 0x00, 0x00, 0x1e, 0x00, 0x06, 0x00, // ....(...........
	0x2d, 0x00, 0x00, 0x00, 0x10, 0x00, 0x00, 0x00, 0x10, 0x00, 0x00, 0x00, 0x10, 0x00, 0x00, 0x00, // -...............
	0x10, 0x00, 0x00, 0x00, 0x20, 0x00, 0x04, 0x00, 0x2e, 0x00, 0x00, 0x00, 0x02, 0x00, 0x00, 0x00, // .... ...........
	0x2d, 0x00, 0x00, 0x00, 0x3b, 0x00, 0x04, 0x00, 0x2e, 0x00, 0x00, 0x00, 0x2f, 0x00, 0x00, 0x00, // -...;......./...
	0x02, 0x00, 0x00, 0x00, 0x15, 0x00, 0x04, 0x00, 0x30, 0x00, 0x00, 0x00, 0x20, 0x00, 0x00, 0x00, // ........0... ...
	0x01, 0x00, 0x00, 0x00, 0x2b, 0x00, 0x04, 0x00, 0x30, 0x00, 0x00, 0x00, 0x31, 0x00, 0x00, 0x00, // ....+...0...1...
	0x02, 0x00, 0x00, 0x00, 0x20, 0x00, 0x04, 0x00, 0x32, 0x00, 0x00, 0x00, 0x02, 0x00, 0x00, 0x00, // .... ...2.......
	0x10, 0x00, 0x00, 0x00, 0x15, 0x00, 0x04, 0x00, 0x3c, 0x00, 0x00, 0x00, 0x20, 0x00, 0x00, 0x00, // ........<... ...
	0x00, 0x00, 0x00, 0x00, 0x2b, 0x00, 0x04, 0x00, 0x3c, 0x00, 0x00, 0x00, 0x3d, 0x00, 0x00, 0x00, // ....+...<...=...
	0x03, 0x00, 0x00, 0x00, 0x20, 0x00, 0x04, 0x00, 0x3e, 0x00, 0x00, 0x00, 0x02, 0x00, 0x00, 0x00, // .... ...>.......
	0x06, 0x00, 0x00, 0x00, 0x2b, 0x00, 0x04, 0x00, 0x06, 0x00, 0x00, 0x00, 0x43, 0x00, 0x00, 0x00, // ....+.......C...
	0x00, 0x00, 0x80, 0x3f, 0x2b, 0x00, 0x04, 0x00, 0x06, 0x00, 0x00, 0x00, 0x47, 0x00, 0x00, 0x00, // ...?+.......G...
	0x17, 0xb7, 0xd1, 0x38, 0x2b, 0x00, 0x04, 0x00, 0x30, 0x00, 0x00, 0x00, 0x49, 0x00, 0x00, 0x00, // ...8+...0...I...
	0x01, 0x00, 0x00, 0x00, 0x2b, 0x00, 0x04, 0x00, 0x30, 0x00, 0x00, 0x00, 0x4e, 0x00, 0x00, 0x00, // ....+...0...N...
	0x00, 0x00, 0x00, 0x00, 0x2b, 0x00, 0x04, 0x00, 0x30, 0x00, 0x00, 0x00, 0x5d, 0x00, 0x00, 0x00, // ....+...0...]...
	0x03, 0x00, 0x00, 0x00, 0x2b, 0x00, 0x04, 0x00, 0x3c, 0x00, 0x00, 0x00, 0x5e, 0x00, 0x00, 0x00, // ....+...<...^...
	0x00, 0x00, 0x00, 0x00, 0x20, 0x00, 0x04, 0x00, 0x7e, 0x00, 0x00, 0x00, 0x01, 0x00, 0x00, 0x00, // .... ...~.......
	0x07, 0x00, 0x00, 0x00, 0x3b, 0x00, 0x04, 0x00, 0x7e, 0x00, 0x00, 0x00, 0x7f, 0x00, 0x00, 0x00, // ....;...~.......
	0x01, 0x00, 0x00, 0x00, 0x20, 0x00, 0x04, 0x00, 0x8b, 0x00, 0x00, 0x00, 0x03, 0x00, 0x00, 0x00, // .... ...........
	0x10, 0x00, 0x00, 0x00, 0x3b, 0x00, 0x04, 0x00, 0x8b, 0x00, 0x00, 0x00, 0x8c, 0x00, 0x00, 0x00, // ....;...........
	0x03, 0x00, 0x00, 0x00, 0x36, 0x00, 0x05, 0x00, 0x02, 0x00, 0x00, 0x00, 0x04, 0x00, 0x00, 0x00, // ....6...........
	0x00, 0x00, 0x00, 0x00, 0x03, 0x00, 0x00, 0x00, 0xf8, 0x00, 0x02, 0x00, 0x05, 0x00, 0x00, 0x00, // ................
	0x3d, 0x00, 0x04, 0x00, 0x07, 0x00, 0x00, 0x00, 0x80, 0x00, 0x00, 0x00, 0x7f, 0x00, 0x00, 0x00, // =...............
	0x41, 0x00, 0x05, 0x00, 0x32, 0x00, 0x00, 0x00, 0xb1, 0x00, 0x00, 0x00, 0x2f, 0x00, 0x00, 0x00, // A...2......./...
	0x31, 0x00, 0x00, 0x00, 0x3d, 0x00, 0x04, 0x00, 0x10, 0x00, 0x00, 0x00, 0xb2, 0x00, 0x00, 0x00, // 1...=...........
	0xb1, 0x00, 0x00, 0x00, 0x4f, 0x00, 0x08, 0x00, 0x07, 0x00, 0x00, 0x00, 0xb3, 0x00, 0x00, 0x00, // ....O...........
	0xb2, 0x00, 0x00, 0x00, 0xb2, 0x00, 0x00, 0x00, 0x00, 0x00, 0x00, 0x00, 0x01, 0x00, 0x00, 0x00, // ................
	0x02, 0x00, 0x00, 0x00, 0x83, 0x00, 0x05, 0x00, 0x07, 0x00, 0x00, 0x00, 0xb4, 0x00, 0x00, 0x00, // ................
	0x80, 0x00, 0x00, 0x00, 0xb3, 0x00, 0x00, 0x00, 0x0c, 0x00, 0x06, 0x00, 0x06, 0x00, 0x00, 0x00, // ................
	0xb6, 0x00, 0x00, 0x00, 0x01, 0x00, 0x00, 0x00, 0x42, 0x00, 0x00, 0x00, 0xb4, 0x00, 0x00, 0x00, // ........B.......
	0x41, 0x00, 0x06, 0x00, 0x3e, 0x00, 0x00, 0x00, 0xb8, 0x00, 0x00, 0x00, 0x2f, 0x00, 0x00, 0x00, // A...>......./...
	0x31, 0x00, 0x00, 0x00, 0x3d, 0x00, 0x00, 0x00, 0x3d, 0x00, 0x04, 0x00, 0x06, 0x00, 0x00, 0x00, // 1...=...=.......
	0xb9, 0x00, 0x00, 0x00, 0xb8, 0x00, 0x00, 0x00, 0x85, 0x00, 0x05, 0x00, 0x06, 0x00, 0x00, 0x00, // ................
	0xba, 0x00, 0x00, 0x00, 0xb6, 0x00, 0x00, 0x00, 0xb9, 0x00, 0x00, 0x00, 0x0c, 0x00, 0x08, 0x00, // ................
	0x06, 0x00, 0x00, 0x00, 0xbc, 0x00, 0x00, 0x00, 0x01, 0x00, 0x00, 0x00, 0x2b, 0x00, 0x00, 0x00, // ............+...
	0xba, 0x00, 0x00, 0x00, 0x28, 0x00, 0x00, 0x00, 0x43, 0x00, 0x00, 0x00, 0x83, 0x00, 0x05, 0x00, // ....(...C.......
	0x06, 0x00, 0x00, 0x00, 0xbd, 0x00, 0x00, 0x00, 0x43, 0x00, 0x00, 0x00, 0xbc, 0x00, 0x00, 0x00, // ........C.......
	0x0c, 0x00, 0x07, 0x00, 0x06, 0x00, 0x00, 0x00, 0xbe, 0x00, 0x00, 0x00, 0x01, 0x00, 0x00, 0x00, // ................
	0x28, 0x00, 0x00, 0x00, 0xbd, 0x00, 0x00, 0x00, 0x47, 0x00, 0x00, 0x00, 0x41, 0x00, 0x06, 0x00, // (.......G...A...
	0x3e, 0x00, 0x00, 0x00, 0xbf, 0x00, 0x00, 0x00, 0x2f, 0x00, 0x00, 0x00, 0x49, 0x00, 0x00, 0x00, // >......./...I...
	0x3d, 0x00, 0x00, 0x00, 0x3d, 0x00, 0x04, 0x00, 0x06, 0x00, 0x00, 0x00, 0xc0, 0x00, 0x00, 0x00, // =...=...........
	0xbf, 0x00, 0x00, 0x00, 0x0c, 0x00, 0x07, 0x00, 0x06, 0x00, 0x00, 0x00, 0xc1, 0x00, 0x00, 0x00, // ................
	0x01, 0x00, 0x00, 0x00, 0x1a, 0x00, 0x00, 0x00, 0xbe, 0x00, 0x00, 0x00, 0xc0, 0x00, 0x00, 0x00, // ................
	0x0c, 0x00, 0x06, 0x00, 0x06, 0x00, 0x00, 0x00, 0xc3, 0x00, 0x00, 0x00, 0x01, 0x00, 0x00, 0x00, // ................
	0x1f, 0x00, 0x00, 0x00, 0xba, 0x00, 0x00, 0x00, 0x50, 0x00, 0x06, 0x00, 0x07, 0x00, 0x00, 0x00, // ........P.......
	0xc4, 0x00, 0x00, 0x00, 0xc3, 0x00, 0x00, 0x00, 0xc3, 0x00, 0x00, 0x00, 0xc3, 0x00, 0x00, 0x00, // ................
	0x41, 0x00, 0x05, 0x00, 0x32, 0x00, 0x00, 0x00, 0xc5, 0x00, 0x00, 0x00, 0x2f, 0x00, 0x00, 0x00, // A...2......./...
	0x49, 0x00, 0x00, 0x00, 0x3d, 0x00, 0x04, 0x00, 0x10, 0x00, 0x00, 0x00, 0xc6, 0x00, 0x00, 0x00, // I...=...........
	0xc5, 0x00, 0x00, 0x00, 0x4f, 0x00, 0x08, 0x00, 0x07, 0x00, 0x00, 0x00, 0xc7, 0x00, 0x00, 0x00, // ....O...........
	0xc6, 0x00, 0x00, 0x00, 0xc6, 0x00, 0x00, 0x00, 0x00, 0x00, 0x00, 0x00, 0x01, 0x00, 0x00, 0x00, // ................
	0x02, 0x00, 0x00, 0x00, 0x41, 0x00, 0x05, 0x00, 0x32, 0x00, 0x00, 0x00, 0xc8, 0x00, 0x00, 0x00, // ....A...2.......
	0x2f, 0x00, 0x00, 0x00, 0x4e, 0x00, 0x00, 0x00, 0x3d, 0x00, 0x04, 0x00, 0x10, 0x00, 0x00, 0x00, // /...N...=.......
	0xc9, 0x00, 0x00, 0x00, 0xc8, 0x00, 0x00, 0x00, 0x4f, 0x00, 0x08, 0x00, 0x07, 0x00, 0x00, 0x00, // ........O.......
	0xca, 0x00, 0x00, 0x00, 0xc9, 0x00, 0x00, 0x00, 0xc9, 0x00, 0x00, 0x00, 0x00, 0x00, 0x00, 0x00, // ................
	0x01, 0x00, 0x00, 0x00, 0x02, 0x00, 0x00, 0x00, 0x0c, 0x00, 0x08, 0x00, 0x07, 0x00, 0x00, 0x00, // ................
	0xea, 0x00, 0x00, 0x00, 0x01, 0x00, 0x00, 0x00, 0x2e, 0x00, 0x00, 0x00, 0xc7, 0x00, 0x00, 0x00, // ................
	0xca, 0x00, 0x00, 0x00, 0xc4, 0x00, 0x00, 0x00, 0x41, 0x00, 0x06, 0x00, 0x3e, 0x00, 0x00, 0x00, // ........A...>...
	0xcd, 0x00, 0x00, 0x00, 0x2f, 0x00, 0x00, 0x00, 0x5d, 0x00, 0x00, 0x00, 0x5e, 0x00, 0x00, 0x00, // ..../...]...^...
	0x3d, 0x00, 0x04, 0x00, 0x06, 0x00, 0x00, 0x00, 0xce, 0x00, 0x00, 0x00, 0xcd, 0x00, 0x00, 0x00, // =...............
	0x7f, 0x00, 0x04, 0x00, 0x06, 0x00, 0x00, 0x00, 0xcf, 0x00, 0x00, 0x00, 0xce, 0x00, 0x00, 0x00, // ................
	0x85, 0x00, 0x05, 0x00, 0x06, 0x00, 0x00, 0x00, 0xd1, 0x00, 0x00, 0x00, 0xcf, 0x00, 0x00, 0x00, // ................
	0xc1, 0x00, 0x00, 0x00, 0x41, 0x00, 0x06, 0x00, 0x3e, 0x00, 0x00, 0x00, 0xd2, 0x00, 0x00, 0x00, // ....A...>.......
	0x2f, 0x00, 0x00, 0x00, 0x4e, 0x00, 0x00, 0x00, 0x3d, 0x00, 0x00, 0x00, 0x3d, 0x00, 0x04, 0x00, // /...N...=...=...
	0x06, 0x00, 0x00, 0x00, 0xd3, 0x00, 0x00, 0x00, 0xd2, 0x00, 0x00, 0x00, 0x85, 0x00, 0x05, 0x00, // ................
	0x06, 0x00, 0x00, 0x00, 0xd4, 0x00, 0x00, 0x00, 0xd1, 0x00, 0x00, 0x00, 0xd3, 0x00, 0x00, 0x00, // ................
	0x8e, 0x00, 0x05, 0x00, 0x07, 0x00, 0x00, 0x00, 0xd5, 0x00, 0x00, 0x00, 0xea, 0x00, 0x00, 0x00, // ................
	0xd4, 0x00, 0x00, 0x00, 0x51, 0x00, 0x05, 0x00, 0x06, 0x00, 0x00, 0x00, 0xd7, 0x00, 0x00, 0x00, // ....Q...........
	0xd5, 0x00, 0x00, 0x00, 0x00, 0x00, 0x00, 0x00, 0x51, 0x00, 0x05, 0x00, 0x06, 0x00, 0x00, 0x00, // ........Q.......
	0xd9, 0x00, 0x00, 0x00, 0xd5, 0x00, 0x00, 0x00, 0x01, 0x00, 0x00, 0x00, 0x51, 0x00, 0x05, 0x00, // ............Q...
	0x06, 0x00, 0x00, 0x00, 0xdb, 0x00, 0x00, 0x00, 0xd5, 0x00, 0x00, 0x00, 0x02, 0x00, 0x00, 0x00, // ................
	0x88, 0x00, 0x05, 0x00, 0x06, 0x00, 0x00, 0x00, 0xde, 0x00, 0x00, 0x00, 0x43, 0x00, 0x00, 0x00, // ............C...
	0xce, 0x00, 0x00, 0x00, 0x83, 0x00, 0x05, 0x00, 0x06, 0x00, 0x00, 0x00, 0xdf, 0x00, 0x00, 0x00, // ................
	0xde, 0x00, 0x00, 0x00, 0x43, 0x00, 0x00, 0x00, 0x50, 0x00, 0x07, 0x00, 0x10, 0x00, 0x00, 0x00, // ....C...P.......
	0xf4, 0x00, 0x00, 0x00, 0xd7, 0x00, 0x00, 0x00, 0xd9, 0x00, 0x00, 0x00, 0xdb, 0x00, 0x00, 0x00, // ................
	0xdf, 0x00, 0x00, 0x00, 0x3e, 0x00, 0x03, 0x00, 0x8c, 0x00, 0x00, 0x00, 0xf4, 0x00, 0x00, 0x00, // ....>...........
	0xfd, 0x00, 0x01, 0x00, 0x38, 0x00, 0x01, 0x00, 0x00, 0x00, 0x40, 0x00,                         // ....8.....@.
};
static const bgfx::EmbeddedShader fs_light_noshadow_clip = BGFX_EMBEDDED_SHADER(fs_light_noshadow_clip);

//////////////////////////////////////////////////////////////////////////////////////////////////////////////////////
// Build of fragment shader from fs_light.sc to fs_light_ballshadow_clip with options: CLIP BALLSHADOW
static const uint8_t fs_light_ballshadow_clip_mtl[3293] =
{
	0x46, 0x53, 0x48, 0x0c, 0xb6, 0x35, 0xc4, 0x5b, 0x00, 0x00, 0x00, 0x00, 0x00, 0x00, 0x00, 0x00, // FSH..5.[........
	0x00, 0x00, 0x00, 0x00, 0x05, 0x00, 0x05, 0x62, 0x61, 0x6c, 0x6c, 0x73, 0x12, 0x08, 0x00, 0x00, // .......balls....
	0x08, 0x00, 0x00, 0x00, 0x00, 0x00, 0x14, 0x6c, 0x69, 0x67, 0x68, 0x74, 0x43, 0x65, 0x6e, 0x74, // .......lightCent
	0x65, 0x72, 0x5f, 0x6d, 0x61, 0x78, 0x52, 0x61, 0x6e, 0x67, 0x65, 0x12, 0x01, 0xa0, 0x00, 0x01, // er_maxRange.....
	0x00, 0x00, 0x00, 0x00, 0x00, 0x19, 0x6c, 0x69, 0x67, 0x68, 0x74, 0x43, 0x6f, 0x6c, 0x6f, 0x72, // ......lightColor
	0x32, 0x5f, 0x66, 0x61, 0x6c, 0x6c, 0x6f, 0x66, 0x66, 0x5f, 0x70, 0x6f, 0x77, 0x65, 0x72, 0x12, // 2_falloff_power.
	0x01, 0x90, 0x00, 0x01, 0x00, 0x00, 0x00, 0x00, 0x00, 0x14, 0x6c, 0x69, 0x67, 0x68, 0x74, 0x43, // ..........lightC
	0x6f, 0x6c, 0x6f, 0x72, 0x5f, 0x69, 0x6e, 0x74, 0x65, 0x6e, 0x73, 0x69, 0x74, 0x79, 0x12, 0x01, // olor_intensity..
	0x80, 0x00, 0x01, 0x00, 0x00, 0x00, 0x00, 0x00, 0x15, 0x62, 0x6c, 0x65, 0x6e, 0x64, 0x5f, 0x6d, // .........blend_m
	0x6f, 0x64, 0x75, 0x6c, 0x61, 0x74, 0x65, 0x5f, 0x76, 0x73, 0x5f, 0x61, 0x64, 0x64, 0x12, 0x01, // odulate_vs_add..
	0xb0, 0x00, 0x01, 0x00, 0x00, 0x00, 0x00, 0x00, 0x2d, 0x0c, 0x00, 0x00, 0x23, 0x69, 0x6e, 0x63, // ........-...#inc
	0x6c, 0x75, 0x64, 0x65, 0x20, 0x3c, 0x6d, 0x65, 0x74, 0x61, 0x6c, 0x5f, 0x73, 0x74, 0x64, 0x6c, // lude <metal_stdl
	0x69, 0x62, 0x3e, 0x0a, 0x23, 0x69, 0x6e, 0x63, 0x6c, 0x75, 0x64, 0x65, 0x20, 0x3c, 0x73, 0x69, // ib>.#include <si
	0x6d, 0x64, 0x2f, 0x73, 0x69, 0x6d, 0x64, 0x2e, 0x68, 0x3e, 0x0a, 0x0a, 0x75, 0x73, 0x69, 0x6e, // md/simd.h>..usin
	0x67, 0x20, 0x6e, 0x61, 0x6d, 0x65, 0x73, 0x70, 0x61, 0x63, 0x65, 0x20, 0x6d, 0x65, 0x74, 0x61, // g namespace meta
	0x6c, 0x3b, 0x0a, 0x0a, 0x73, 0x74, 0x72, 0x75, 0x63, 0x74, 0x20, 0x5f, 0x47, 0x6c, 0x6f, 0x62, // l;..struct _Glob
	0x61, 0x6c, 0x0a, 0x7b, 0x0a, 0x20, 0x20, 0x20, 0x20, 0x66, 0x6c, 0x6f, 0x61, 0x74, 0x34, 0x20, // al.{.    float4 
	0x62, 0x61, 0x6c, 0x6c, 0x73, 0x5b, 0x38, 0x5d, 0x3b, 0x0a, 0x20, 0x20, 0x20, 0x20, 0x66, 0x6c, // balls[8];.    fl
	0x6f, 0x61, 0x74, 0x34, 0x20, 0x6c, 0x69, 0x67, 0x68, 0x74, 0x43, 0x6f, 0x6c, 0x6f, 0x72, 0x5f, // oat4 lightColor_
	0x69, 0x6e, 0x74, 0x65, 0x6e, 0x73, 0x69, 0x74, 0x79, 0x3b, 0x0a, 0x20, 0x20, 0x20, 0x20, 0x66, // intensity;.    f
	0x6c, 0x6f, 0x61, 0x74, 0x34, 0x20, 0x6c, 0x69, 0x67, 0x68, 0x74, 0x43, 0x6f, 0x6c, 0x6f, 0x72, // loat4 lightColor
	0x32, 0x5f, 0x66, 0x61, 0x6c, 0x6c, 0x6f, 0x66, 0x66, 0x5f, 0x70, 0x6f, 0x77, 0x65, 0x72, 0x3b, // 2_falloff_power;
	0x0a, 0x20, 0x20, 0x20, 0x20, 0x66, 0x6c, 0x6f, 0x61, 0x74, 0x34, 0x20, 0x6c, 0x69, 0x67, 0x68, // .    float4 ligh
	0x74, 0x43, 0x65, 0x6e, 0x74, 0x65, 0x72, 0x5f, 0x6d, 0x61, 0x78, 0x52, 0x61, 0x6e, 0x67, 0x65, // tCenter_maxRange
	0x3b, 0x0a, 0x20, 0x20, 0x20, 0x20, 0x66, 0x6c, 0x6f, 0x61, 0x74, 0x34, 0x20, 0x62, 0x6c, 0x65, // ;.    float4 ble
	0x6e, 0x64, 0x5f, 0x6d, 0x6f, 0x64, 0x75, 0x6c, 0x61, 0x74, 0x65, 0x5f, 0x76, 0x73, 0x5f, 0x61, // nd_modulate_vs_a
	0x64, 0x64, 0x3b, 0x0a, 0x7d, 0x3b, 0x0a, 0x0a, 0x63, 0x6f, 0x6e, 0x73, 0x74, 0x61, 0x6e, 0x74, // dd;.};..constant
	0x20, 0x66, 0x6c, 0x6f, 0x61, 0x74, 0x20, 0x5f, 0x34, 0x37, 0x38, 0x20, 0x3d, 0x20, 0x7b, 0x7d, //  float _478 = {}
	0x3b, 0x0a, 0x63, 0x6f, 0x6e, 0x73, 0x74, 0x61, 0x6e, 0x74, 0x20, 0x66, 0x6c, 0x6f, 0x61, 0x74, // ;.constant float
	0x34, 0x20, 0x5f, 0x35, 0x30, 0x35, 0x20, 0x3d, 0x20, 0x7b, 0x7d, 0x3b, 0x0a, 0x0a, 0x63, 0x6f, // 4 _505 = {};..co
	0x6e, 0x73, 0x74, 0x61, 0x6e, 0x74, 0x20, 0x75, 0x69, 0x6e, 0x74, 0x20, 0x62, 0x67, 0x66, 0x78, // nstant uint bgfx
	0x5f, 0x73, 0x61, 0x6d, 0x70, 0x6c, 0x65, 0x4d, 0x61, 0x73, 0x6b, 0x20, 0x5b, 0x5b, 0x66, 0x75, // _sampleMask [[fu
	0x6e, 0x63, 0x74, 0x69, 0x6f, 0x6e, 0x5f, 0x63, 0x6f, 0x6e, 0x73, 0x74, 0x61, 0x6e, 0x74, 0x28, // nction_constant(
	0x30, 0x29, 0x5d, 0x5d, 0x3b, 0x0a, 0x63, 0x6f, 0x6e, 0x73, 0x74, 0x61, 0x6e, 0x74, 0x20, 0x62, // 0)]];.constant b
	0x6f, 0x6f, 0x6c, 0x20, 0x62, 0x67, 0x66, 0x78, 0x5f, 0x73, 0x61, 0x6d, 0x70, 0x6c, 0x65, 0x4d, // ool bgfx_sampleM
	0x61, 0x73, 0x6b, 0x45, 0x6e, 0x61, 0x62, 0x6c, 0x65, 0x64, 0x20, 0x3d, 0x20, 0x69, 0x73, 0x5f, // askEnabled = is_
	0x66, 0x75, 0x6e, 0x63, 0x74, 0x69, 0x6f, 0x6e, 0x5f, 0x63, 0x6f, 0x6e, 0x73, 0x74, 0x61, 0x6e, // function_constan
	0x74, 0x5f, 0x64, 0x65, 0x66, 0x69, 0x6e, 0x65, 0x64, 0x28, 0x62, 0x67, 0x66, 0x78, 0x5f, 0x73, // t_defined(bgfx_s
	0x61, 0x6d, 0x70, 0x6c, 0x65, 0x4d, 0x61, 0x73, 0x6b, 0x29, 0x3b, 0x0a, 0x0a, 0x73, 0x74, 0x72, // ampleMask);..str
	0x75, 0x63, 0x74, 0x20, 0x78, 0x6c, 0x61, 0x74, 0x4d, 0x74, 0x6c, 0x4d, 0x61, 0x69, 0x6e, 0x5f, // uct xlatMtlMain_
	0x6f, 0x75, 0x74, 0x0a, 0x7b, 0x0a, 0x09, 0x75, 0x69, 0x6e, 0x74, 0x20, 0x62, 0x67, 0x66, 0x78, // out.{..uint bgfx
	0x5f, 0x6d, 0x65, 0x74, 0x61, 0x6c, 0x5f, 0x73, 0x61, 0x6d, 0x70, 0x6c, 0x65, 0x4d, 0x61, 0x73, // _metal_sampleMas
	0x6b, 0x20, 0x5b, 0x5b, 0x73, 0x61, 0x6d, 0x70, 0x6c, 0x65, 0x5f, 0x6d, 0x61, 0x73, 0x6b, 0x2c, // k [[sample_mask,
	0x20, 0x66, 0x75, 0x6e, 0x63, 0x74, 0x69, 0x6f, 0x6e, 0x5f, 0x63, 0x6f, 0x6e, 0x73, 0x74, 0x61, //  function_consta
	0x6e, 0x74, 0x28, 0x62, 0x67, 0x66, 0x78, 0x5f, 0x73, 0x61, 0x6d, 0x70, 0x6c, 0x65, 0x4d, 0x61, // nt(bgfx_sampleMa
	0x73, 0x6b, 0x45, 0x6e, 0x61, 0x62, 0x6c, 0x65, 0x64, 0x29, 0x5d, 0x5d, 0x3b, 0x0a, 0x20, 0x20, // skEnabled)]];.  
	0x20, 0x20, 0x66, 0x6c, 0x6f, 0x61, 0x74, 0x34, 0x20, 0x62, 0x67, 0x66, 0x78, 0x5f, 0x46, 0x72, //   float4 bgfx_Fr
	0x61, 0x67, 0x44, 0x61, 0x74, 0x61, 0x30, 0x20, 0x5b, 0x5b, 0x63, 0x6f, 0x6c, 0x6f, 0x72, 0x28, // agData0 [[color(
	0x30, 0x29, 0x5d, 0x5d, 0x3b, 0x0a, 0x7d, 0x3b, 0x0a, 0x0a, 0x73, 0x74, 0x72, 0x75, 0x63, 0x74, // 0)]];.};..struct
	0x20, 0x78, 0x6c, 0x61, 0x74, 0x4d, 0x74, 0x6c, 0x4d, 0x61, 0x69, 0x6e, 0x5f, 0x69, 0x6e, 0x0a, //  xlatMtlMain_in.
	0x7b, 0x0a, 0x20, 0x20, 0x20, 0x20, 0x66, 0x6c, 0x6f, 0x61, 0x74, 0x33, 0x20, 0x76, 0x5f, 0x74, // {.    float3 v_t
	0x61, 0x62, 0x6c, 0x65, 0x50, 0x6f, 0x73, 0x20, 0x5b, 0x5b, 0x75, 0x73, 0x65, 0x72, 0x28, 0x6c, // ablePos [[user(l
	0x6f, 0x63, 0x6e, 0x31, 0x29, 0x5d, 0x5d, 0x3b, 0x0a, 0x7d, 0x3b, 0x0a, 0x0a, 0x5b, 0x5b, 0x20, // ocn1)]];.};..[[ 
	0x65, 0x61, 0x72, 0x6c, 0x79, 0x5f, 0x66, 0x72, 0x61, 0x67, 0x6d, 0x65, 0x6e, 0x74, 0x5f, 0x74, // early_fragment_t
	0x65, 0x73, 0x74, 0x73, 0x20, 0x5d, 0x5d, 0x20, 0x66, 0x72, 0x61, 0x67, 0x6d, 0x65, 0x6e, 0x74, // ests ]] fragment
	0x20, 0x78, 0x6c, 0x61, 0x74, 0x4d, 0x74, 0x6c, 0x4d, 0x61, 0x69, 0x6e, 0x5f, 0x6f, 0x75, 0x74, //  xlatMtlMain_out
	0x20, 0x78, 0x6c, 0x61, 0x74, 0x4d, 0x74, 0x6c, 0x4d, 0x61, 0x69, 0x6e, 0x28, 0x78, 0x6c, 0x61, //  xlatMtlMain(xla
	0x74, 0x4d, 0x74, 0x6c, 0x4d, 0x61, 0x69, 0x6e, 0x5f, 0x69, 0x6e, 0x20, 0x69, 0x6e, 0x20, 0x5b, // tMtlMain_in in [
	0x5b, 0x73, 0x74, 0x61, 0x67, 0x65, 0x5f, 0x69, 0x6e, 0x5d, 0x5d, 0x2c, 0x20, 0x63, 0x6f, 0x6e, // [stage_in]], con
	0x73, 0x74, 0x61, 0x6e, 0x74, 0x20, 0x5f, 0x47, 0x6c, 0x6f, 0x62, 0x61, 0x6c, 0x26, 0x20, 0x5f, // stant _Global& _
	0x6d, 0x74, 0x6c, 0x5f, 0x75, 0x20, 0x5b, 0x5b, 0x62, 0x75, 0x66, 0x66, 0x65, 0x72, 0x28, 0x30, // mtl_u [[buffer(0
	0x29, 0x5d, 0x5d, 0x29, 0x0a, 0x7b, 0x0a, 0x20, 0x20, 0x20, 0x20, 0x78, 0x6c, 0x61, 0x74, 0x4d, // )]]).{.    xlatM
	0x74, 0x6c, 0x4d, 0x61, 0x69, 0x6e, 0x5f, 0x6f, 0x75, 0x74, 0x20, 0x6f, 0x75, 0x74, 0x20, 0x3d, // tlMain_out out =
	0x20, 0x7b, 0x7d, 0x3b, 0x0a, 0x09, 0x69, 0x66, 0x20, 0x28, 0x62, 0x67, 0x66, 0x78, 0x5f, 0x73, //  {};..if (bgfx_s
	0x61, 0x6d, 0x70, 0x6c, 0x65, 0x4d, 0x61, 0x73, 0x6b, 0x45, 0x6e, 0x61, 0x62, 0x6c, 0x65, 0x64, // ampleMaskEnabled
	0x29, 0x20, 0x7b, 0x20, 0x6f, 0x75, 0x74, 0x2e, 0x62, 0x67, 0x66, 0x78, 0x5f, 0x6d, 0x65, 0x74, // ) { out.bgfx_met
	0x61, 0x6c, 0x5f, 0x73, 0x61, 0x6d, 0x70, 0x6c, 0x65, 0x4d, 0x61, 0x73, 0x6b, 0x20, 0x3d, 0x20, // al_sampleMask = 
	0x62, 0x67, 0x66, 0x78, 0x5f, 0x73, 0x61, 0x6d, 0x70, 0x6c, 0x65, 0x4d, 0x61, 0x73, 0x6b, 0x3b, // bgfx_sampleMask;
	0x20, 0x7d, 0x0a, 0x20, 0x20, 0x20, 0x20, 0x66, 0x6c, 0x6f, 0x61, 0x74, 0x33, 0x20, 0x5f, 0x33, //  }.    float3 _3
	0x30, 0x34, 0x20, 0x3d, 0x20, 0x69, 0x6e, 0x2e, 0x76, 0x5f, 0x74, 0x61, 0x62, 0x6c, 0x65, 0x50, // 04 = in.v_tableP
	0x6f, 0x73, 0x20, 0x2d, 0x20, 0x5f, 0x6d, 0x74, 0x6c, 0x5f, 0x75, 0x2e, 0x6c, 0x69, 0x67, 0x68, // os - _mtl_u.ligh
	0x74, 0x43, 0x65, 0x6e, 0x74, 0x65, 0x72, 0x5f, 0x6d, 0x61, 0x78, 0x52, 0x61, 0x6e, 0x67, 0x65, // tCenter_maxRange
	0x2e, 0x78, 0x79, 0x7a, 0x3b, 0x0a, 0x20, 0x20, 0x20, 0x20, 0x66, 0x6c, 0x6f, 0x61, 0x74, 0x20, // .xyz;.    float 
	0x5f, 0x33, 0x30, 0x36, 0x20, 0x3d, 0x20, 0x6c, 0x65, 0x6e, 0x67, 0x74, 0x68, 0x28, 0x5f, 0x33, // _306 = length(_3
	0x30, 0x34, 0x29, 0x3b, 0x0a, 0x20, 0x20, 0x20, 0x20, 0x66, 0x6c, 0x6f, 0x61, 0x74, 0x20, 0x5f, // 04);.    float _
	0x33, 0x31, 0x30, 0x20, 0x3d, 0x20, 0x5f, 0x33, 0x30, 0x36, 0x20, 0x2a, 0x20, 0x5f, 0x6d, 0x74, // 310 = _306 * _mt
	0x6c, 0x5f, 0x75, 0x2e, 0x6c, 0x69, 0x67, 0x68, 0x74, 0x43, 0x65, 0x6e, 0x74, 0x65, 0x72, 0x5f, // l_u.lightCenter_
	0x6d, 0x61, 0x78, 0x52, 0x61, 0x6e, 0x67, 0x65, 0x2e, 0x77, 0x3b, 0x0a, 0x20, 0x20, 0x20, 0x20, // maxRange.w;.    
	0x66, 0x6c, 0x6f, 0x61, 0x74, 0x33, 0x20, 0x5f, 0x33, 0x33, 0x37, 0x20, 0x3d, 0x20, 0x6d, 0x69, // float3 _337 = mi
	0x78, 0x28, 0x5f, 0x6d, 0x74, 0x6c, 0x5f, 0x75, 0x2e, 0x6c, 0x69, 0x67, 0x68, 0x74, 0x43, 0x6f, // x(_mtl_u.lightCo
	0x6c, 0x6f, 0x72, 0x32, 0x5f, 0x66, 0x61, 0x6c, 0x6c, 0x6f, 0x66, 0x66, 0x5f, 0x70, 0x6f, 0x77, // lor2_falloff_pow
	0x65, 0x72, 0x2e, 0x78, 0x79, 0x7a, 0x2c, 0x20, 0x5f, 0x6d, 0x74, 0x6c, 0x5f, 0x75, 0x2e, 0x6c, // er.xyz, _mtl_u.l
	0x69, 0x67, 0x68, 0x74, 0x43, 0x6f, 0x6c, 0x6f, 0x72, 0x5f, 0x69, 0x6e, 0x74, 0x65, 0x6e, 0x73, // ightColor_intens
	0x69, 0x74, 0x79, 0x2e, 0x78, 0x79, 0x7a, 0x2c, 0x20, 0x66, 0x6c, 0x6f, 0x61, 0x74, 0x33, 0x28, // ity.xyz, float3(
	0x73, 0x71, 0x72, 0x74, 0x28, 0x5f, 0x33, 0x31, 0x30, 0x29, 0x29, 0x29, 0x20, 0x2a, 0x20, 0x28, // sqrt(_310))) * (
	0x28, 0x28, 0x2d, 0x5f, 0x6d, 0x74, 0x6c, 0x5f, 0x75, 0x2e, 0x62, 0x6c, 0x65, 0x6e, 0x64, 0x5f, // ((-_mtl_u.blend_
	0x6d, 0x6f, 0x64, 0x75, 0x6c, 0x61, 0x74, 0x65, 0x5f, 0x76, 0x73, 0x5f, 0x61, 0x64, 0x64, 0x2e, // modulate_vs_add.
	0x78, 0x29, 0x20, 0x2a, 0x20, 0x70, 0x6f, 0x77, 0x72, 0x28, 0x66, 0x61, 0x73, 0x74, 0x3a, 0x3a, // x) * powr(fast::
	0x6d, 0x61, 0x78, 0x28, 0x31, 0x2e, 0x30, 0x20, 0x2d, 0x20, 0x66, 0x61, 0x73, 0x74, 0x3a, 0x3a, // max(1.0 - fast::
	0x63, 0x6c, 0x61, 0x6d, 0x70, 0x28, 0x5f, 0x33, 0x31, 0x30, 0x2c, 0x20, 0x30, 0x2e, 0x30, 0x2c, // clamp(_310, 0.0,
	0x20, 0x31, 0x2e, 0x30, 0x29, 0x2c, 0x20, 0x39, 0x2e, 0x39, 0x39, 0x39, 0x39, 0x39, 0x39, 0x37, //  1.0), 9.9999997
	0x34, 0x37, 0x33, 0x37, 0x38, 0x37, 0x35, 0x31, 0x36, 0x33, 0x35, 0x35, 0x35, 0x31, 0x34, 0x35, // 4737875163555145
	0x32, 0x36, 0x33, 0x36, 0x37, 0x31, 0x38, 0x38, 0x65, 0x2d, 0x30, 0x35, 0x29, 0x2c, 0x20, 0x5f, // 26367188e-05), _
	0x6d, 0x74, 0x6c, 0x5f, 0x75, 0x2e, 0x6c, 0x69, 0x67, 0x68, 0x74, 0x43, 0x6f, 0x6c, 0x6f, 0x72, // mtl_u.lightColor
	0x32, 0x5f, 0x66, 0x61, 0x6c, 0x6c, 0x6f, 0x66, 0x66, 0x5f, 0x70, 0x6f, 0x77, 0x65, 0x72, 0x2e, // 2_falloff_power.
	0x77, 0x29, 0x29, 0x20, 0x2a, 0x20, 0x5f, 0x6d, 0x74, 0x6c, 0x5f, 0x75, 0x2e, 0x6c, 0x69, 0x67, // w)) * _mtl_u.lig
	0x68, 0x74, 0x43, 0x6f, 0x6c, 0x6f, 0x72, 0x5f, 0x69, 0x6e, 0x74, 0x65, 0x6e, 0x73, 0x69, 0x74, // htColor_intensit
	0x79, 0x2e, 0x77, 0x29, 0x3b, 0x0a, 0x20, 0x20, 0x20, 0x20, 0x66, 0x6c, 0x6f, 0x61, 0x74, 0x34, // y.w);.    float4
	0x20, 0x5f, 0x34, 0x38, 0x32, 0x3b, 0x0a, 0x20, 0x20, 0x20, 0x20, 0x5f, 0x34, 0x38, 0x32, 0x2e, //  _482;.    _482.
	0x78, 0x20, 0x3d, 0x20, 0x5f, 0x33, 0x33, 0x37, 0x2e, 0x78, 0x3b, 0x0a, 0x20, 0x20, 0x20, 0x20, // x = _337.x;.    
	0x5f, 0x34, 0x38, 0x32, 0x2e, 0x79, 0x20, 0x3d, 0x20, 0x5f, 0x33, 0x33, 0x37, 0x2e, 0x79, 0x3b, // _482.y = _337.y;
	0x0a, 0x20, 0x20, 0x20, 0x20, 0x5f, 0x34, 0x38, 0x32, 0x2e, 0x7a, 0x20, 0x3d, 0x20, 0x5f, 0x33, // .    _482.z = _3
	0x33, 0x37, 0x2e, 0x7a, 0x3b, 0x0a, 0x20, 0x20, 0x20, 0x20, 0x66, 0x6c, 0x6f, 0x61, 0x74, 0x20, // 37.z;.    float 
	0x5f, 0x34, 0x37, 0x35, 0x3b, 0x0a, 0x20, 0x20, 0x20, 0x20, 0x64, 0x6f, 0x0a, 0x20, 0x20, 0x20, // _475;.    do.   
	0x20, 0x7b, 0x0a, 0x20, 0x20, 0x20, 0x20, 0x20, 0x20, 0x20, 0x20, 0x66, 0x6c, 0x6f, 0x61, 0x74, //  {.        float
	0x20, 0x5f, 0x34, 0x36, 0x39, 0x3b, 0x0a, 0x20, 0x20, 0x20, 0x20, 0x20, 0x20, 0x20, 0x20, 0x5f, //  _469;.        _
	0x34, 0x36, 0x39, 0x20, 0x3d, 0x20, 0x31, 0x2e, 0x30, 0x3b, 0x0a, 0x20, 0x20, 0x20, 0x20, 0x20, // 469 = 1.0;.     
	0x20, 0x20, 0x20, 0x62, 0x6f, 0x6f, 0x6c, 0x20, 0x5f, 0x34, 0x37, 0x31, 0x3b, 0x0a, 0x20, 0x20, //    bool _471;.  
	0x20, 0x20, 0x20, 0x20, 0x20, 0x20, 0x66, 0x6c, 0x6f, 0x61, 0x74, 0x20, 0x5f, 0x34, 0x37, 0x36, //       float _476
	0x3b, 0x0a, 0x20, 0x20, 0x20, 0x20, 0x20, 0x20, 0x20, 0x20, 0x66, 0x6c, 0x6f, 0x61, 0x74, 0x20, // ;.        float 
	0x5f, 0x34, 0x38, 0x30, 0x3b, 0x0a, 0x20, 0x20, 0x20, 0x20, 0x20, 0x20, 0x20, 0x20, 0x69, 0x6e, // _480;.        in
	0x74, 0x20, 0x5f, 0x34, 0x36, 0x38, 0x20, 0x3d, 0x20, 0x30, 0x3b, 0x0a, 0x20, 0x20, 0x20, 0x20, // t _468 = 0;.    
	0x20, 0x20, 0x20, 0x20, 0x66, 0x6f, 0x72, 0x20, 0x28, 0x3b, 0x3b, 0x29, 0x0a, 0x20, 0x20, 0x20, //     for (;;).   
	0x20, 0x20, 0x20, 0x20, 0x20, 0x7b, 0x0a, 0x20, 0x20, 0x20, 0x20, 0x20, 0x20, 0x20, 0x20, 0x20, //      {.         
	0x20, 0x20, 0x20, 0x69, 0x66, 0x20, 0x28, 0x5f, 0x34, 0x36, 0x38, 0x20, 0x3c, 0x20, 0x38, 0x29, //    if (_468 < 8)
	0x0a, 0x20, 0x20, 0x20, 0x20, 0x20, 0x20, 0x20, 0x20, 0x20, 0x20, 0x20, 0x20, 0x7b, 0x0a, 0x20, // .            {. 
	0x20, 0x20, 0x20, 0x20, 0x20, 0x20, 0x20, 0x20, 0x20, 0x20, 0x20, 0x20, 0x20, 0x20, 0x20, 0x69, //                i
	0x66, 0x20, 0x28, 0x5f, 0x6d, 0x74, 0x6c, 0x5f, 0x75, 0x2e, 0x62, 0x61, 0x6c, 0x6c, 0x73, 0x5b, // f (_mtl_u.balls[
	0x5f, 0x34, 0x36, 0x38, 0x5d, 0x2e, 0x77, 0x20, 0x3d, 0x3d, 0x20, 0x30, 0x2e, 0x30, 0x29, 0x0a, // _468].w == 0.0).
	0x20, 0x20, 0x20, 0x20, 0x20, 0x20, 0x20, 0x20, 0x20, 0x20, 0x20, 0x20, 0x20, 0x20, 0x20, 0x20, //                 
	0x7b, 0x0a, 0x20, 0x20, 0x20, 0x20, 0x20, 0x20, 0x20, 0x20, 0x20, 0x20, 0x20, 0x20, 0x20, 0x20, // {.              
	0x20, 0x20, 0x20, 0x20, 0x20, 0x20, 0x5f, 0x34, 0x37, 0x36, 0x20, 0x3d, 0x20, 0x5f, 0x34, 0x36, //       _476 = _46
	0x39, 0x3b, 0x0a, 0x20, 0x20, 0x20, 0x20, 0x20, 0x20, 0x20, 0x20, 0x20, 0x20, 0x20, 0x20, 0x20, // 9;.             
	0x20, 0x20, 0x20, 0x20, 0x20, 0x20, 0x20, 0x5f, 0x34, 0x37, 0x31, 0x20, 0x3d, 0x20, 0x74, 0x72, //        _471 = tr
	0x75, 0x65, 0x3b, 0x0a, 0x20, 0x20, 0x20, 0x20, 0x20, 0x20, 0x20, 0x20, 0x20, 0x20, 0x20, 0x20, // ue;.            
	0x20, 0x20, 0x20, 0x20, 0x20, 0x20, 0x20, 0x20, 0x62, 0x72, 0x65, 0x61, 0x6b, 0x3b, 0x0a, 0x20, //         break;. 
	0x20, 0x20, 0x20, 0x20, 0x20, 0x20, 0x20, 0x20, 0x20, 0x20, 0x20, 0x20, 0x20, 0x20, 0x20, 0x7d, //                }
	0x0a, 0x20, 0x20, 0x20, 0x20, 0x20, 0x20, 0x20, 0x20, 0x20, 0x20, 0x20, 0x20, 0x20, 0x20, 0x20, // .               
	0x20, 0x66, 0x6c, 0x6f, 0x61, 0x74, 0x33, 0x20, 0x5f, 0x34, 0x30, 0x37, 0x20, 0x3d, 0x20, 0x5f, //  float3 _407 = _
	0x6d, 0x74, 0x6c, 0x5f, 0x75, 0x2e, 0x62, 0x61, 0x6c, 0x6c, 0x73, 0x5b, 0x5f, 0x34, 0x36, 0x38, // mtl_u.balls[_468
	0x5d, 0x2e, 0x78, 0x79, 0x7a, 0x20, 0x2d, 0x20, 0x5f, 0x6d, 0x74, 0x6c, 0x5f, 0x75, 0x2e, 0x6c, // ].xyz - _mtl_u.l
	0x69, 0x67, 0x68, 0x74, 0x43, 0x65, 0x6e, 0x74, 0x65, 0x72, 0x5f, 0x6d, 0x61, 0x78, 0x52, 0x61, // ightCenter_maxRa
	0x6e, 0x67, 0x65, 0x2e, 0x78, 0x79, 0x7a, 0x3b, 0x0a, 0x20, 0x20, 0x20, 0x20, 0x20, 0x20, 0x20, // nge.xyz;.       
	0x20, 0x20, 0x20, 0x20, 0x20, 0x20, 0x20, 0x20, 0x20, 0x66, 0x6c, 0x6f, 0x61, 0x74, 0x20, 0x5f, //          float _
	0x34, 0x31, 0x31, 0x20, 0x3d, 0x20, 0x64, 0x6f, 0x74, 0x28, 0x5f, 0x34, 0x30, 0x37, 0x2c, 0x20, // 411 = dot(_407, 
	0x5f, 0x33, 0x30, 0x34, 0x29, 0x20, 0x2f, 0x20, 0x28, 0x5f, 0x33, 0x30, 0x36, 0x20, 0x2a, 0x20, // _304) / (_306 * 
	0x5f, 0x33, 0x30, 0x36, 0x29, 0x3b, 0x0a, 0x20, 0x20, 0x20, 0x20, 0x20, 0x20, 0x20, 0x20, 0x20, // _306);.         
	0x20, 0x20, 0x20, 0x20, 0x20, 0x20, 0x20, 0x69, 0x66, 0x20, 0x28, 0x28, 0x5f, 0x34, 0x31, 0x31, //        if ((_411
	0x20, 0x3e, 0x20, 0x30, 0x2e, 0x30, 0x29, 0x20, 0x26, 0x26, 0x20, 0x28, 0x5f, 0x34, 0x31, 0x31, //  > 0.0) && (_411
	0x20, 0x3c, 0x20, 0x31, 0x2e, 0x30, 0x29, 0x29, 0x0a, 0x20, 0x20, 0x20, 0x20, 0x20, 0x20, 0x20, //  < 1.0)).       
	0x20, 0x20, 0x20, 0x20, 0x20, 0x20, 0x20, 0x20, 0x20, 0x7b, 0x0a, 0x20, 0x20, 0x20, 0x20, 0x20, //          {.     
	0x20, 0x20, 0x20, 0x20, 0x20, 0x20, 0x20, 0x20, 0x20, 0x20, 0x20, 0x20, 0x20, 0x20, 0x20, 0x66, //                f
	0x6c, 0x6f, 0x61, 0x74, 0x20, 0x5f, 0x34, 0x32, 0x36, 0x20, 0x3d, 0x20, 0x35, 0x2e, 0x30, 0x20, // loat _426 = 5.0 
	0x2d, 0x20, 0x28, 0x35, 0x2e, 0x30, 0x20, 0x2a, 0x20, 0x5f, 0x34, 0x31, 0x31, 0x29, 0x3b, 0x0a, // - (5.0 * _411);.
	0x20, 0x20, 0x20, 0x20, 0x20, 0x20, 0x20, 0x20, 0x20, 0x20, 0x20, 0x20, 0x20, 0x20, 0x20, 0x20, //                 
	0x20, 0x20, 0x20, 0x20, 0x66, 0x6c, 0x6f, 0x61, 0x74, 0x20, 0x5f, 0x34, 0x32, 0x38, 0x20, 0x3d, //     float _428 =
	0x20, 0x5f, 0x34, 0x30, 0x37, 0x2e, 0x78, 0x3b, 0x0a, 0x20, 0x20, 0x20, 0x20, 0x20, 0x20, 0x20, //  _407.x;.       
	0x20, 0x20, 0x20, 0x20, 0x20, 0x20, 0x20, 0x20, 0x20, 0x20, 0x20, 0x20, 0x20, 0x66, 0x6c, 0x6f, //              flo
	0x61, 0x74, 0x20, 0x5f, 0x34, 0x33, 0x33, 0x20, 0x3d, 0x20, 0x5f, 0x34, 0x30, 0x37, 0x2e, 0x79, // at _433 = _407.y
	0x3b, 0x0a, 0x20, 0x20, 0x20, 0x20, 0x20, 0x20, 0x20, 0x20, 0x20, 0x20, 0x20, 0x20, 0x20, 0x20, // ;.              
	0x20, 0x20, 0x20, 0x20, 0x20, 0x20, 0x5f, 0x34, 0x38, 0x30, 0x20, 0x3d, 0x20, 0x5f, 0x34, 0x36, //       _480 = _46
	0x39, 0x20, 0x2a, 0x20, 0x28, 0x31, 0x2e, 0x30, 0x20, 0x2b, 0x20, 0x28, 0x66, 0x61, 0x73, 0x74, // 9 * (1.0 + (fast
	0x3a, 0x3a, 0x63, 0x6c, 0x61, 0x6d, 0x70, 0x28, 0x28, 0x28, 0x5f, 0x34, 0x32, 0x38, 0x20, 0x2a, // ::clamp(((_428 *
	0x20, 0x5f, 0x34, 0x32, 0x38, 0x29, 0x20, 0x2b, 0x20, 0x28, 0x5f, 0x34, 0x33, 0x33, 0x20, 0x2a, //  _428) + (_433 *
	0x20, 0x5f, 0x34, 0x33, 0x33, 0x29, 0x29, 0x20, 0x2f, 0x20, 0x28, 0x5f, 0x6d, 0x74, 0x6c, 0x5f, //  _433)) / (_mtl_
	0x75, 0x2e, 0x62, 0x61, 0x6c, 0x6c, 0x73, 0x5b, 0x5f, 0x34, 0x36, 0x38, 0x5d, 0x2e, 0x77, 0x20, // u.balls[_468].w 
	0x2a, 0x20, 0x5f, 0x6d, 0x74, 0x6c, 0x5f, 0x75, 0x2e, 0x62, 0x61, 0x6c, 0x6c, 0x73, 0x5b, 0x5f, // * _mtl_u.balls[_
	0x34, 0x36, 0x38, 0x5d, 0x2e, 0x77, 0x29, 0x2c, 0x20, 0x30, 0x2e, 0x30, 0x2c, 0x20, 0x31, 0x2e, // 468].w), 0.0, 1.
	0x30, 0x29, 0x20, 0x2a, 0x20, 0x28, 0x28, 0x2d, 0x30, 0x2e, 0x38, 0x39, 0x39, 0x39, 0x39, 0x39, // 0) * ((-0.899999
	0x39, 0x37, 0x36, 0x31, 0x35, 0x38, 0x31, 0x34, 0x32, 0x30, 0x38, 0x39, 0x38, 0x34, 0x33, 0x37, // 9761581420898437
	0x35, 0x29, 0x20, 0x2b, 0x20, 0x28, 0x30, 0x2e, 0x38, 0x39, 0x39, 0x39, 0x39, 0x39, 0x39, 0x37, // 5) + (0.89999997
	0x36, 0x31, 0x35, 0x38, 0x31, 0x34, 0x32, 0x30, 0x38, 0x39, 0x38, 0x34, 0x33, 0x37, 0x35, 0x20, // 615814208984375 
	0x2a, 0x20, 0x73, 0x6d, 0x6f, 0x6f, 0x74, 0x68, 0x73, 0x74, 0x65, 0x70, 0x28, 0x5f, 0x6d, 0x74, // * smoothstep(_mt
	0x6c, 0x5f, 0x75, 0x2e, 0x62, 0x61, 0x6c, 0x6c, 0x73, 0x5b, 0x5f, 0x34, 0x36, 0x38, 0x5d, 0x2e, // l_u.balls[_468].
	0x77, 0x20, 0x2d, 0x20, 0x5f, 0x34, 0x32, 0x36, 0x2c, 0x20, 0x5f, 0x6d, 0x74, 0x6c, 0x5f, 0x75, // w - _426, _mtl_u
	0x2e, 0x62, 0x61, 0x6c, 0x6c, 0x73, 0x5b, 0x5f, 0x34, 0x36, 0x38, 0x5d, 0x2e, 0x77, 0x20, 0x2b, // .balls[_468].w +
	0x20, 0x5f, 0x34, 0x32, 0x36, 0x2c, 0x20, 0x6c, 0x65, 0x6e, 0x67, 0x74, 0x68, 0x28, 0x5f, 0x34, //  _426, length(_4
	0x30, 0x37, 0x20, 0x2d, 0x20, 0x28, 0x5f, 0x33, 0x30, 0x34, 0x20, 0x2a, 0x20, 0x5f, 0x34, 0x31, // 07 - (_304 * _41
	0x31, 0x29, 0x29, 0x29, 0x29, 0x29, 0x29, 0x29, 0x3b, 0x0a, 0x20, 0x20, 0x20, 0x20, 0x20, 0x20, // 1)))))));.      
	0x20, 0x20, 0x20, 0x20, 0x20, 0x20, 0x20, 0x20, 0x20, 0x20, 0x7d, 0x0a, 0x20, 0x20, 0x20, 0x20, //           }.    
	0x20, 0x20, 0x20, 0x20, 0x20, 0x20, 0x20, 0x20, 0x20, 0x20, 0x20, 0x20, 0x65, 0x6c, 0x73, 0x65, //             else
	0x0a, 0x20, 0x20, 0x20, 0x20, 0x20, 0x20, 0x20, 0x20, 0x20, 0x20, 0x20, 0x20, 0x20, 0x20, 0x20, // .               
	0x20, 0x7b, 0x0a, 0x20, 0x20, 0x20, 0x20, 0x20, 0x20, 0x20, 0x20, 0x20, 0x20, 0x20, 0x20, 0x20, //  {.             
	0x20, 0x20, 0x20, 0x20, 0x20, 0x20, 0x20, 0x5f, 0x34, 0x38, 0x30, 0x20, 0x3d, 0x20, 0x5f, 0x34, //        _480 = _4
	0x36, 0x39, 0x3b, 0x0a, 0x20, 0x20, 0x20, 0x20, 0x20, 0x20, 0x20, 0x20, 0x20, 0x20, 0x20, 0x20, // 69;.            
	0x20, 0x20, 0x20, 0x20, 0x7d, 0x0a, 0x20, 0x20, 0x20, 0x20, 0x20, 0x20, 0x20, 0x20, 0x20, 0x20, //     }.          
	0x20, 0x20, 0x20, 0x20, 0x20, 0x20, 0x5f, 0x34, 0x36, 0x39, 0x20, 0x3d, 0x20, 0x5f, 0x34, 0x38, //       _469 = _48
	0x30, 0x3b, 0x0a, 0x20, 0x20, 0x20, 0x20, 0x20, 0x20, 0x20, 0x20, 0x20, 0x20, 0x20, 0x20, 0x20, // 0;.             
	0x20, 0x20, 0x20, 0x5f, 0x34, 0x36, 0x38, 0x2b, 0x2b, 0x3b, 0x0a, 0x20, 0x20, 0x20, 0x20, 0x20, //    _468++;.     
	0x20, 0x20, 0x20, 0x20, 0x20, 0x20, 0x20, 0x20, 0x20, 0x20, 0x20, 0x63, 0x6f, 0x6e, 0x74, 0x69, //            conti
	0x6e, 0x75, 0x65, 0x3b, 0x0a, 0x20, 0x20, 0x20, 0x20, 0x20, 0x20, 0x20, 0x20, 0x20, 0x20, 0x20, // nue;.           
	0x20, 0x7d, 0x0a, 0x20, 0x20, 0x20, 0x20, 0x20, 0x20, 0x20, 0x20, 0x20, 0x20, 0x20, 0x20, 0x65, //  }.            e
	0x6c, 0x73, 0x65, 0x0a, 0x20, 0x20, 0x20, 0x20, 0x20, 0x20, 0x20, 0x20, 0x20, 0x20, 0x20, 0x20, // lse.            
	0x7b, 0x0a, 0x20, 0x20, 0x20, 0x20, 0x20, 0x20, 0x20, 0x20, 0x20, 0x20, 0x20, 0x20, 0x20, 0x20, // {.              
	0x20, 0x20, 0x5f, 0x34, 0x37, 0x36, 0x20, 0x3d, 0x20, 0x5f, 0x34, 0x37, 0x38, 0x3b, 0x0a, 0x20, //   _476 = _478;. 
	0x20, 0x20, 0x20, 0x20, 0x20, 0x20, 0x20, 0x20, 0x20, 0x20, 0x20, 0x20, 0x20, 0x20, 0x20, 0x5f, //                _
	0x34, 0x37, 0x31, 0x20, 0x3d, 0x20, 0x66, 0x61, 0x6c, 0x73, 0x65, 0x3b, 0x0a, 0x20, 0x20, 0x20, // 471 = false;.   
	0x20, 0x20, 0x20, 0x20, 0x20, 0x20, 0x20, 0x20, 0x20, 0x20, 0x20, 0x20, 0x20, 0x62, 0x72, 0x65, //              bre
	0x61, 0x6b, 0x3b, 0x0a, 0x20, 0x20, 0x20, 0x20, 0x20, 0x20, 0x20, 0x20, 0x20, 0x20, 0x20, 0x20, // ak;.            
	0x7d, 0x0a, 0x20, 0x20, 0x20, 0x20, 0x20, 0x20, 0x20, 0x20, 0x7d, 0x0a, 0x20, 0x20, 0x20, 0x20, // }.        }.    
	0x20, 0x20, 0x20, 0x20, 0x69, 0x66, 0x20, 0x28, 0x5f, 0x34, 0x37, 0x31, 0x29, 0x0a, 0x20, 0x20, //     if (_471).  
	0x20, 0x20, 0x20, 0x20, 0x20, 0x20, 0x7b, 0x0a, 0x20, 0x20, 0x20, 0x20, 0x20, 0x20, 0x20, 0x20, //       {.        
	0x20, 0x20, 0x20, 0x20, 0x5f, 0x34, 0x37, 0x35, 0x20, 0x3d, 0x20, 0x5f, 0x34, 0x37, 0x36, 0x3b, //     _475 = _476;
	0x0a, 0x20, 0x20, 0x20, 0x20, 0x20, 0x20, 0x20, 0x20, 0x20, 0x20, 0x20, 0x20, 0x62, 0x72, 0x65, // .            bre
	0x61, 0x6b, 0x3b, 0x0a, 0x20, 0x20, 0x20, 0x20, 0x20, 0x20, 0x20, 0x20, 0x7d, 0x0a, 0x20, 0x20, // ak;.        }.  
	0x20, 0x20, 0x20, 0x20, 0x20, 0x20, 0x5f, 0x34, 0x37, 0x35, 0x20, 0x3d, 0x20, 0x5f, 0x34, 0x36, //       _475 = _46
	0x39, 0x3b, 0x0a, 0x20, 0x20, 0x20, 0x20, 0x20, 0x20, 0x20, 0x20, 0x62, 0x72, 0x65, 0x61, 0x6b, // 9;.        break
	0x3b, 0x0a, 0x20, 0x20, 0x20, 0x20, 0x7d, 0x20, 0x77, 0x68, 0x69, 0x6c, 0x65, 0x28, 0x66, 0x61, // ;.    } while(fa
	0x6c, 0x73, 0x65, 0x29, 0x3b, 0x0a, 0x20, 0x20, 0x20, 0x20, 0x6f, 0x75, 0x74, 0x2e, 0x62, 0x67, // lse);.    out.bg
	0x66, 0x78, 0x5f, 0x46, 0x72, 0x61, 0x67, 0x44, 0x61, 0x74, 0x61, 0x30, 0x20, 0x3d, 0x20, 0x66, // fx_FragData0 = f
	0x6c, 0x6f, 0x61, 0x74, 0x34, 0x28, 0x5f, 0x34, 0x38, 0x32, 0x2e, 0x78, 0x79, 0x7a, 0x20, 0x2a, // loat4(_482.xyz *
	0x20, 0x5f, 0x34, 0x37, 0x35, 0x2c, 0x20, 0x28, 0x31, 0x2e, 0x30, 0x20, 0x2f, 0x20, 0x5f, 0x6d, //  _475, (1.0 / _m
	0x74, 0x6c, 0x5f, 0x75, 0x2e, 0x62, 0x6c, 0x65, 0x6e, 0x64, 0x5f, 0x6d, 0x6f, 0x64, 0x75, 0x6c, // tl_u.blend_modul
	0x61, 0x74, 0x65, 0x5f, 0x76, 0x73, 0x5f, 0x61, 0x64, 0x64, 0x2e, 0x78, 0x29, 0x20, 0x2d, 0x20, // ate_vs_add.x) - 
	0x31, 0x2e, 0x30, 0x29, 0x3b, 0x0a, 0x20, 0x20, 0x20, 0x20, 0x72, 0x65, 0x74, 0x75, 0x72, 0x6e, // 1.0);.    return
	0x20, 0x6f, 0x75, 0x74, 0x3b, 0x0a, 0x7d, 0x0a, 0x0a, 0x00, 0x00, 0xc0, 0x00,                   //  out;.}......
};
static const uint8_t fs_light_ballshadow_clip_essl[2807] =
{
	0x46, 0x53, 0x48, 0x0c, 0xb6, 0x35, 0xc4, 0x5b, 0x00, 0x00, 0x00, 0x00, 0x00, 0x00, 0x00, 0x00, // FSH..5.[........
	0x00, 0x00, 0x00, 0x00, 0x05, 0x00, 0x05, 0x62, 0x61, 0x6c, 0x6c, 0x73, 0x02, 0x08, 0x00, 0x00, // .......balls....
	0x08, 0x00, 0x00, 0x00, 0x00, 0x00, 0x14, 0x6c, 0x69, 0x67, 0x68, 0x74, 0x43, 0x65, 0x6e, 0x74, // .......lightCent
	0x65, 0x72, 0x5f, 0x6d, 0x61, 0x78, 0x52, 0x61, 0x6e, 0x67, 0x65, 0x02, 0x01, 0x00, 0x00, 0x01, // er_maxRange.....
	0x00, 0x00, 0x00, 0x00, 0x00, 0x19, 0x6c, 0x69, 0x67, 0x68, 0x74, 0x43, 0x6f, 0x6c, 0x6f, 0x72, // ......lightColor
	0x32, 0x5f, 0x66, 0x61, 0x6c, 0x6c, 0x6f, 0x66, 0x66, 0x5f, 0x70, 0x6f, 0x77, 0x65, 0x72, 0x02, // 2_falloff_power.
	0x01, 0x00, 0x00, 0x01, 0x00, 0x00, 0x00, 0x00, 0x00, 0x14, 0x6c, 0x69, 0x67, 0x68, 0x74, 0x43, // ..........lightC
	0x6f, 0x6c, 0x6f, 0x72, 0x5f, 0x69, 0x6e, 0x74, 0x65, 0x6e, 0x73, 0x69, 0x74, 0x79, 0x02, 0x01, // olor_intensity..
	0x00, 0x00, 0x01, 0x00, 0x00, 0x00, 0x00, 0x00, 0x15, 0x62, 0x6c, 0x65, 0x6e, 0x64, 0x5f, 0x6d, // .........blend_m
	0x6f, 0x64, 0x75, 0x6c, 0x61, 0x74, 0x65, 0x5f, 0x76, 0x73, 0x5f, 0x61, 0x64, 0x64, 0x02, 0x01, // odulate_vs_add..
	0x00, 0x00, 0x01, 0x00, 0x00, 0x00, 0x00, 0x00, 0x4a, 0x0a, 0x00, 0x00, 0x70, 0x72, 0x65, 0x63, // ........J...prec
	0x69, 0x73, 0x69, 0x6f, 0x6e, 0x20, 0x6d, 0x65, 0x64, 0x69, 0x75, 0x6d, 0x70, 0x20, 0x66, 0x6c, // ision mediump fl
	0x6f, 0x61, 0x74, 0x3b, 0x0a, 0x70, 0x72, 0x65, 0x63, 0x69, 0x73, 0x69, 0x6f, 0x6e, 0x20, 0x68, // oat;.precision h
	0x69, 0x67, 0x68, 0x70, 0x20, 0x69, 0x6e, 0x74, 0x3b, 0x0a, 0x0a, 0x66, 0x6c, 0x6f, 0x61, 0x74, // ighp int;..float
	0x20, 0x5f, 0x33, 0x35, 0x39, 0x3b, 0x0a, 0x0a, 0x75, 0x6e, 0x69, 0x66, 0x6f, 0x72, 0x6d, 0x20, //  _359;..uniform 
	0x68, 0x69, 0x67, 0x68, 0x70, 0x20, 0x76, 0x65, 0x63, 0x34, 0x20, 0x62, 0x61, 0x6c, 0x6c, 0x73, // highp vec4 balls
	0x5b, 0x38, 0x5d, 0x3b, 0x0a, 0x75, 0x6e, 0x69, 0x66, 0x6f, 0x72, 0x6d, 0x20, 0x68, 0x69, 0x67, // [8];.uniform hig
	0x68, 0x70, 0x20, 0x76, 0x65, 0x63, 0x34, 0x20, 0x6c, 0x69, 0x67, 0x68, 0x74, 0x43, 0x65, 0x6e, // hp vec4 lightCen
	0x74, 0x65, 0x72, 0x5f, 0x6d, 0x61, 0x78, 0x52, 0x61, 0x6e, 0x67, 0x65, 0x3b, 0x0a, 0x75, 0x6e, // ter_maxRange;.un
	0x69, 0x66, 0x6f, 0x72, 0x6d, 0x20, 0x68, 0x69, 0x67, 0x68, 0x70, 0x20, 0x76, 0x65, 0x63, 0x34, // iform highp vec4
	0x20, 0x6c, 0x69, 0x67, 0x68, 0x74, 0x43, 0x6f, 0x6c, 0x6f, 0x72, 0x32, 0x5f, 0x66, 0x61, 0x6c, //  lightColor2_fal
	0x6c, 0x6f, 0x66, 0x66, 0x5f, 0x70, 0x6f, 0x77, 0x65, 0x72, 0x3b, 0x0a, 0x75, 0x6e, 0x69, 0x66, // loff_power;.unif
	0x6f, 0x72, 0x6d, 0x20, 0x68, 0x69, 0x67, 0x68, 0x70, 0x20, 0x76, 0x65, 0x63, 0x34, 0x20, 0x6c, // orm highp vec4 l
	0x69, 0x67, 0x68, 0x74, 0x43, 0x6f, 0x6c, 0x6f, 0x72, 0x5f, 0x69, 0x6e, 0x74, 0x65, 0x6e, 0x73, // ightColor_intens
	0x69, 0x74, 0x79, 0x3b, 0x0a, 0x75, 0x6e, 0x69, 0x66, 0x6f, 0x72, 0x6d, 0x20, 0x68, 0x69, 0x67, // ity;.uniform hig
	0x68, 0x70, 0x20, 0x76, 0x65, 0x63, 0x34, 0x20, 0x62, 0x6c, 0x65, 0x6e, 0x64, 0x5f, 0x6d, 0x6f, // hp vec4 blend_mo
	0x64, 0x75, 0x6c, 0x61, 0x74, 0x65, 0x5f, 0x76, 0x73, 0x5f, 0x61, 0x64, 0x64, 0x3b, 0x0a, 0x0a, // dulate_vs_add;..
	0x69, 0x6e, 0x20, 0x68, 0x69, 0x67, 0x68, 0x70, 0x20, 0x76, 0x65, 0x63, 0x33, 0x20, 0x76, 0x5f, // in highp vec3 v_
	0x74, 0x61, 0x62, 0x6c, 0x65, 0x50, 0x6f, 0x73, 0x3b, 0x0a, 0x6c, 0x61, 0x79, 0x6f, 0x75, 0x74, // tablePos;.layout
	0x28, 0x6c, 0x6f, 0x63, 0x61, 0x74, 0x69, 0x6f, 0x6e, 0x20, 0x3d, 0x20, 0x30, 0x29, 0x20, 0x6f, // (location = 0) o
	0x75, 0x74, 0x20, 0x68, 0x69, 0x67, 0x68, 0x70, 0x20, 0x76, 0x65, 0x63, 0x34, 0x20, 0x62, 0x67, // ut highp vec4 bg
	0x66, 0x78, 0x5f, 0x46, 0x72, 0x61, 0x67, 0x43, 0x6f, 0x6c, 0x6f, 0x72, 0x3b, 0x0a, 0x0a, 0x76, // fx_FragColor;..v
	0x6f, 0x69, 0x64, 0x20, 0x6d, 0x61, 0x69, 0x6e, 0x28, 0x29, 0x0a, 0x7b, 0x0a, 0x20, 0x20, 0x20, // oid main().{.   
	0x20, 0x68, 0x69, 0x67, 0x68, 0x70, 0x20, 0x76, 0x65, 0x63, 0x33, 0x20, 0x5f, 0x31, 0x34, 0x31, //  highp vec3 _141
	0x20, 0x3d, 0x20, 0x76, 0x5f, 0x74, 0x61, 0x62, 0x6c, 0x65, 0x50, 0x6f, 0x73, 0x20, 0x2d, 0x20, //  = v_tablePos - 
	0x6c, 0x69, 0x67, 0x68, 0x74, 0x43, 0x65, 0x6e, 0x74, 0x65, 0x72, 0x5f, 0x6d, 0x61, 0x78, 0x52, // lightCenter_maxR
	0x61, 0x6e, 0x67, 0x65, 0x2e, 0x78, 0x79, 0x7a, 0x3b, 0x0a, 0x20, 0x20, 0x20, 0x20, 0x68, 0x69, // ange.xyz;.    hi
	0x67, 0x68, 0x70, 0x20, 0x66, 0x6c, 0x6f, 0x61, 0x74, 0x20, 0x5f, 0x31, 0x34, 0x34, 0x20, 0x3d, // ghp float _144 =
	0x20, 0x6c, 0x65, 0x6e, 0x67, 0x74, 0x68, 0x28, 0x5f, 0x31, 0x34, 0x31, 0x29, 0x3b, 0x0a, 0x20, //  length(_141);. 
	0x20, 0x20, 0x20, 0x68, 0x69, 0x67, 0x68, 0x70, 0x20, 0x66, 0x6c, 0x6f, 0x61, 0x74, 0x20, 0x5f, //    highp float _
	0x31, 0x34, 0x39, 0x20, 0x3d, 0x20, 0x5f, 0x31, 0x34, 0x34, 0x20, 0x2a, 0x20, 0x6c, 0x69, 0x67, // 149 = _144 * lig
	0x68, 0x74, 0x43, 0x65, 0x6e, 0x74, 0x65, 0x72, 0x5f, 0x6d, 0x61, 0x78, 0x52, 0x61, 0x6e, 0x67, // htCenter_maxRang
	0x65, 0x2e, 0x77, 0x3b, 0x0a, 0x20, 0x20, 0x20, 0x20, 0x68, 0x69, 0x67, 0x68, 0x70, 0x20, 0x76, // e.w;.    highp v
	0x65, 0x63, 0x33, 0x20, 0x5f, 0x31, 0x38, 0x32, 0x20, 0x3d, 0x20, 0x6d, 0x69, 0x78, 0x28, 0x6c, // ec3 _182 = mix(l
	0x69, 0x67, 0x68, 0x74, 0x43, 0x6f, 0x6c, 0x6f, 0x72, 0x32, 0x5f, 0x66, 0x61, 0x6c, 0x6c, 0x6f, // ightColor2_fallo
	0x66, 0x66, 0x5f, 0x70, 0x6f, 0x77, 0x65, 0x72, 0x2e, 0x78, 0x79, 0x7a, 0x2c, 0x20, 0x6c, 0x69, // ff_power.xyz, li
	0x67, 0x68, 0x74, 0x43, 0x6f, 0x6c, 0x6f, 0x72, 0x5f, 0x69, 0x6e, 0x74, 0x65, 0x6e, 0x73, 0x69, // ghtColor_intensi
	0x74, 0x79, 0x2e, 0x78, 0x79, 0x7a, 0x2c, 0x20, 0x76, 0x65, 0x63, 0x33, 0x28, 0x73, 0x71, 0x72, // ty.xyz, vec3(sqr
	0x74, 0x28, 0x5f, 0x31, 0x34, 0x39, 0x29, 0x29, 0x29, 0x20, 0x2a, 0x20, 0x28, 0x28, 0x28, 0x2d, // t(_149))) * (((-
	0x62, 0x6c, 0x65, 0x6e, 0x64, 0x5f, 0x6d, 0x6f, 0x64, 0x75, 0x6c, 0x61, 0x74, 0x65, 0x5f, 0x76, // blend_modulate_v
	0x73, 0x5f, 0x61, 0x64, 0x64, 0x2e, 0x78, 0x29, 0x20, 0x2a, 0x20, 0x70, 0x6f, 0x77, 0x28, 0x6d, // s_add.x) * pow(m
	0x61, 0x78, 0x28, 0x31, 0x2e, 0x30, 0x20, 0x2d, 0x20, 0x63, 0x6c, 0x61, 0x6d, 0x70, 0x28, 0x5f, // ax(1.0 - clamp(_
	0x31, 0x34, 0x39, 0x2c, 0x20, 0x30, 0x2e, 0x30, 0x2c, 0x20, 0x31, 0x2e, 0x30, 0x29, 0x2c, 0x20, // 149, 0.0, 1.0), 
	0x39, 0x2e, 0x39, 0x39, 0x39, 0x39, 0x39, 0x39, 0x37, 0x34, 0x37, 0x33, 0x37, 0x38, 0x37, 0x35, // 9.99999974737875
	0x31, 0x36, 0x33, 0x35, 0x35, 0x35, 0x31, 0x34, 0x35, 0x32, 0x36, 0x33, 0x36, 0x37, 0x31, 0x38, // 1635551452636718
	0x38, 0x65, 0x2d, 0x30, 0x35, 0x29, 0x2c, 0x20, 0x6c, 0x69, 0x67, 0x68, 0x74, 0x43, 0x6f, 0x6c, // 8e-05), lightCol
	0x6f, 0x72, 0x32, 0x5f, 0x66, 0x61, 0x6c, 0x6c, 0x6f, 0x66, 0x66, 0x5f, 0x70, 0x6f, 0x77, 0x65, // or2_falloff_powe
	0x72, 0x2e, 0x77, 0x29, 0x29, 0x20, 0x2a, 0x20, 0x6c, 0x69, 0x67, 0x68, 0x74, 0x43, 0x6f, 0x6c, // r.w)) * lightCol
	0x6f, 0x72, 0x5f, 0x69, 0x6e, 0x74, 0x65, 0x6e, 0x73, 0x69, 0x74, 0x79, 0x2e, 0x77, 0x29, 0x3b, // or_intensity.w);
	0x0a, 0x20, 0x20, 0x20, 0x20, 0x62, 0x67, 0x66, 0x78, 0x5f, 0x46, 0x72, 0x61, 0x67, 0x43, 0x6f, // .    bgfx_FragCo
	0x6c, 0x6f, 0x72, 0x2e, 0x78, 0x20, 0x3d, 0x20, 0x5f, 0x31, 0x38, 0x32, 0x2e, 0x78, 0x3b, 0x0a, // lor.x = _182.x;.
	0x20, 0x20, 0x20, 0x20, 0x62, 0x67, 0x66, 0x78, 0x5f, 0x46, 0x72, 0x61, 0x67, 0x43, 0x6f, 0x6c, //     bgfx_FragCol
	0x6f, 0x72, 0x2e, 0x79, 0x20, 0x3d, 0x20, 0x5f, 0x31, 0x38, 0x32, 0x2e, 0x79, 0x3b, 0x0a, 0x20, // or.y = _182.y;. 
	0x20, 0x20, 0x20, 0x62, 0x67, 0x66, 0x78, 0x5f, 0x46, 0x72, 0x61, 0x67, 0x43, 0x6f, 0x6c, 0x6f, //    bgfx_FragColo
	0x72, 0x2e, 0x7a, 0x20, 0x3d, 0x20, 0x5f, 0x31, 0x38, 0x32, 0x2e, 0x7a, 0x3b, 0x0a, 0x20, 0x20, // r.z = _182.z;.  
	0x20, 0x20, 0x68, 0x69, 0x67, 0x68, 0x70, 0x20, 0x66, 0x6c, 0x6f, 0x61, 0x74, 0x20, 0x5f, 0x33, //   highp float _3
	0x35, 0x36, 0x3b, 0x0a, 0x20, 0x20, 0x20, 0x20, 0x64, 0x6f, 0x0a, 0x20, 0x20, 0x20, 0x20, 0x7b, // 56;.    do.    {
	0x0a, 0x20, 0x20, 0x20, 0x20, 0x20, 0x20, 0x20, 0x20, 0x68, 0x69, 0x67, 0x68, 0x70, 0x20, 0x66, // .        highp f
	0x6c, 0x6f, 0x61, 0x74, 0x20, 0x5f, 0x33, 0x35, 0x30, 0x3b, 0x0a, 0x20, 0x20, 0x20, 0x20, 0x20, // loat _350;.     
	0x20, 0x20, 0x20, 0x5f, 0x33, 0x35, 0x30, 0x20, 0x3d, 0x20, 0x31, 0x2e, 0x30, 0x3b, 0x0a, 0x20, //    _350 = 1.0;. 
	0x20, 0x20, 0x20, 0x20, 0x20, 0x20, 0x20, 0x62, 0x6f, 0x6f, 0x6c, 0x20, 0x5f, 0x33, 0x35, 0x32, //        bool _352
	0x3b, 0x0a, 0x20, 0x20, 0x20, 0x20, 0x20, 0x20, 0x20, 0x20, 0x68, 0x69, 0x67, 0x68, 0x70, 0x20, // ;.        highp 
	0x66, 0x6c, 0x6f, 0x61, 0x74, 0x20, 0x5f, 0x33, 0x35, 0x37, 0x3b, 0x0a, 0x20, 0x20, 0x20, 0x20, // float _357;.    
	0x20, 0x20, 0x20, 0x20, 0x68, 0x69, 0x67, 0x68, 0x70, 0x20, 0x66, 0x6c, 0x6f, 0x61, 0x74, 0x20, //     highp float 
	0x5f, 0x33, 0x36, 0x31, 0x3b, 0x0a, 0x20, 0x20, 0x20, 0x20, 0x20, 0x20, 0x20, 0x20, 0x69, 0x6e, // _361;.        in
	0x74, 0x20, 0x5f, 0x33, 0x34, 0x39, 0x20, 0x3d, 0x20, 0x30, 0x3b, 0x0a, 0x20, 0x20, 0x20, 0x20, // t _349 = 0;.    
	0x20, 0x20, 0x20, 0x20, 0x66, 0x6f, 0x72, 0x20, 0x28, 0x3b, 0x3b, 0x29, 0x0a, 0x20, 0x20, 0x20, //     for (;;).   
	0x20, 0x20, 0x20, 0x20, 0x20, 0x7b, 0x0a, 0x20, 0x20, 0x20, 0x20, 0x20, 0x20, 0x20, 0x20, 0x20, //      {.         
	0x20, 0x20, 0x20, 0x69, 0x66, 0x20, 0x28, 0x5f, 0x33, 0x34, 0x39, 0x20, 0x3c, 0x20, 0x38, 0x29, //    if (_349 < 8)
	0x0a, 0x20, 0x20, 0x20, 0x20, 0x20, 0x20, 0x20, 0x20, 0x20, 0x20, 0x20, 0x20, 0x7b, 0x0a, 0x20, // .            {. 
	0x20, 0x20, 0x20, 0x20, 0x20, 0x20, 0x20, 0x20, 0x20, 0x20, 0x20, 0x20, 0x20, 0x20, 0x20, 0x69, //                i
	0x66, 0x20, 0x28, 0x62, 0x61, 0x6c, 0x6c, 0x73, 0x5b, 0x5f, 0x33, 0x34, 0x39, 0x5d, 0x2e, 0x77, // f (balls[_349].w
	0x20, 0x3d, 0x3d, 0x20, 0x30, 0x2e, 0x30, 0x29, 0x0a, 0x20, 0x20, 0x20, 0x20, 0x20, 0x20, 0x20, //  == 0.0).       
	0x20, 0x20, 0x20, 0x20, 0x20, 0x20, 0x20, 0x20, 0x20, 0x7b, 0x0a, 0x20, 0x20, 0x20, 0x20, 0x20, //          {.     
	0x20, 0x20, 0x20, 0x20, 0x20, 0x20, 0x20, 0x20, 0x20, 0x20, 0x20, 0x20, 0x20, 0x20, 0x20, 0x5f, //                _
	0x33, 0x35, 0x37, 0x20, 0x3d, 0x20, 0x5f, 0x33, 0x35, 0x30, 0x3b, 0x0a, 0x20, 0x20, 0x20, 0x20, // 357 = _350;.    
	0x20, 0x20, 0x20, 0x20, 0x20, 0x20, 0x20, 0x20, 0x20, 0x20, 0x20, 0x20, 0x20, 0x20, 0x20, 0x20, //                 
	0x5f, 0x33, 0x35, 0x32, 0x20, 0x3d, 0x20, 0x74, 0x72, 0x75, 0x65, 0x3b, 0x0a, 0x20, 0x20, 0x20, // _352 = true;.   
	0x20, 0x20, 0x20, 0x20, 0x20, 0x20, 0x20, 0x20, 0x20, 0x20, 0x20, 0x20, 0x20, 0x20, 0x20, 0x20, //                 
	0x20, 0x62, 0x72, 0x65, 0x61, 0x6b, 0x3b, 0x0a, 0x20, 0x20, 0x20, 0x20, 0x20, 0x20, 0x20, 0x20, //  break;.        
	0x20, 0x20, 0x20, 0x20, 0x20, 0x20, 0x20, 0x20, 0x7d, 0x0a, 0x20, 0x20, 0x20, 0x20, 0x20, 0x20, //         }.      
	0x20, 0x20, 0x20, 0x20, 0x20, 0x20, 0x20, 0x20, 0x20, 0x20, 0x68, 0x69, 0x67, 0x68, 0x70, 0x20, //           highp 
	0x76, 0x65, 0x63, 0x33, 0x20, 0x5f, 0x32, 0x37, 0x38, 0x20, 0x3d, 0x20, 0x62, 0x61, 0x6c, 0x6c, // vec3 _278 = ball
	0x73, 0x5b, 0x5f, 0x33, 0x34, 0x39, 0x5d, 0x2e, 0x78, 0x79, 0x7a, 0x20, 0x2d, 0x20, 0x6c, 0x69, // s[_349].xyz - li
	0x67, 0x68, 0x74, 0x43, 0x65, 0x6e, 0x74, 0x65, 0x72, 0x5f, 0x6d, 0x61, 0x78, 0x52, 0x61, 0x6e, // ghtCenter_maxRan
	0x67, 0x65, 0x2e, 0x78, 0x79, 0x7a, 0x3b, 0x0a, 0x20, 0x20, 0x20, 0x20, 0x20, 0x20, 0x20, 0x20, // ge.xyz;.        
	0x20, 0x20, 0x20, 0x20, 0x20, 0x20, 0x20, 0x20, 0x68, 0x69, 0x67, 0x68, 0x70, 0x20, 0x66, 0x6c, //         highp fl
	0x6f, 0x61, 0x74, 0x20, 0x5f, 0x32, 0x38, 0x35, 0x20, 0x3d, 0x20, 0x64, 0x6f, 0x74, 0x28, 0x5f, // oat _285 = dot(_
	0x32, 0x37, 0x38, 0x2c, 0x20, 0x5f, 0x31, 0x34, 0x31, 0x29, 0x20, 0x2f, 0x20, 0x28, 0x5f, 0x31, // 278, _141) / (_1
	0x34, 0x34, 0x20, 0x2a, 0x20, 0x5f, 0x31, 0x34, 0x34, 0x29, 0x3b, 0x0a, 0x20, 0x20, 0x20, 0x20, // 44 * _144);.    
	0x20, 0x20, 0x20, 0x20, 0x20, 0x20, 0x20, 0x20, 0x20, 0x20, 0x20, 0x20, 0x69, 0x66, 0x20, 0x28, //             if (
	0x28, 0x5f, 0x32, 0x38, 0x35, 0x20, 0x3e, 0x20, 0x30, 0x2e, 0x30, 0x29, 0x20, 0x26, 0x26, 0x20, // (_285 > 0.0) && 
	0x28, 0x5f, 0x32, 0x38, 0x35, 0x20, 0x3c, 0x20, 0x31, 0x2e, 0x30, 0x29, 0x29, 0x0a, 0x20, 0x20, // (_285 < 1.0)).  
	0x20, 0x20, 0x20, 0x20, 0x20, 0x20, 0x20, 0x20, 0x20, 0x20, 0x20, 0x20, 0x20, 0x20, 0x7b, 0x0a, //               {.
	0x20, 0x20, 0x20, 0x20, 0x20, 0x20, 0x20, 0x20, 0x20, 0x20, 0x20, 0x20, 0x20, 0x20, 0x20, 0x20, //                 
	0x20, 0x20, 0x20, 0x20, 0x68, 0x69, 0x67, 0x68, 0x70, 0x20, 0x66, 0x6c, 0x6f, 0x61, 0x74, 0x20, //     highp float 
	0x5f, 0x33, 0x30, 0x33, 0x20, 0x3d, 0x20, 0x35, 0x2e, 0x30, 0x20, 0x2d, 0x20, 0x28, 0x35, 0x2e, // _303 = 5.0 - (5.
	0x30, 0x20, 0x2a, 0x20, 0x5f, 0x32, 0x38, 0x35, 0x29, 0x3b, 0x0a, 0x20, 0x20, 0x20, 0x20, 0x20, // 0 * _285);.     
	0x20, 0x20, 0x20, 0x20, 0x20, 0x20, 0x20, 0x20, 0x20, 0x20, 0x20, 0x20, 0x20, 0x20, 0x20, 0x68, //                h
	0x69, 0x67, 0x68, 0x70, 0x20, 0x66, 0x6c, 0x6f, 0x61, 0x74, 0x20, 0x5f, 0x33, 0x30, 0x35, 0x20, // ighp float _305 
	0x3d, 0x20, 0x5f, 0x32, 0x37, 0x38, 0x2e, 0x78, 0x3b, 0x0a, 0x20, 0x20, 0x20, 0x20, 0x20, 0x20, // = _278.x;.      
	0x20, 0x20, 0x20, 0x20, 0x20, 0x20, 0x20, 0x20, 0x20, 0x20, 0x20, 0x20, 0x20, 0x20, 0x68, 0x69, //               hi
	0x67, 0x68, 0x70, 0x20, 0x66, 0x6c, 0x6f, 0x61, 0x74, 0x20, 0x5f, 0x33, 0x31, 0x30, 0x20, 0x3d, // ghp float _310 =
	0x20, 0x5f, 0x32, 0x37, 0x38, 0x2e, 0x79, 0x3b, 0x0a, 0x20, 0x20, 0x20, 0x20, 0x20, 0x20, 0x20, //  _278.y;.       
	0x20, 0x20, 0x20, 0x20, 0x20, 0x20, 0x20, 0x20, 0x20, 0x20, 0x20, 0x20, 0x20, 0x5f, 0x33, 0x36, //              _36
	0x31, 0x20, 0x3d, 0x20, 0x5f, 0x33, 0x35, 0x30, 0x20, 0x2a, 0x20, 0x28, 0x31, 0x2e, 0x30, 0x20, // 1 = _350 * (1.0 
	0x2b, 0x20, 0x28, 0x63, 0x6c, 0x61, 0x6d, 0x70, 0x28, 0x28, 0x28, 0x5f, 0x33, 0x30, 0x35, 0x20, // + (clamp(((_305 
	0x2a, 0x20, 0x5f, 0x33, 0x30, 0x35, 0x29, 0x20, 0x2b, 0x20, 0x28, 0x5f, 0x33, 0x31, 0x30, 0x20, // * _305) + (_310 
	0x2a, 0x20, 0x5f, 0x33, 0x31, 0x30, 0x29, 0x29, 0x20, 0x2f, 0x20, 0x28, 0x62, 0x61, 0x6c, 0x6c, // * _310)) / (ball
	0x73, 0x5b, 0x5f, 0x33, 0x34, 0x39, 0x5d, 0x2e, 0x77, 0x20, 0x2a, 0x20, 0x62, 0x61, 0x6c, 0x6c, // s[_349].w * ball
	0x73, 0x5b, 0x5f, 0x33, 0x34, 0x39, 0x5d, 0x2e, 0x77, 0x29, 0x2c, 0x20, 0x30, 0x2e, 0x30, 0x2c, // s[_349].w), 0.0,
	0x20, 0x31, 0x2e, 0x30, 0x29, 0x20, 0x2a, 0x20, 0x28, 0x28, 0x2d, 0x30, 0x2e, 0x38, 0x39, 0x39, //  1.0) * ((-0.899
	0x39, 0x39, 0x39, 0x39, 0x37, 0x36, 0x31, 0x35, 0x38, 0x31, 0x34, 0x32, 0x30, 0x38, 0x39, 0x38, // 9999761581420898
	0x34, 0x33, 0x37, 0x35, 0x29, 0x20, 0x2b, 0x20, 0x28, 0x30, 0x2e, 0x38, 0x39, 0x39, 0x39, 0x39, // 4375) + (0.89999
	0x39, 0x39, 0x37, 0x36, 0x31, 0x35, 0x38, 0x31, 0x34, 0x32, 0x30, 0x38, 0x39, 0x38, 0x34, 0x33, // 9976158142089843
	0x37, 0x35, 0x20, 0x2a, 0x20, 0x73, 0x6d, 0x6f, 0x6f, 0x74, 0x68, 0x73, 0x74, 0x65, 0x70, 0x28, // 75 * smoothstep(
	0x62, 0x61, 0x6c, 0x6c, 0x73, 0x5b, 0x5f, 0x33, 0x34, 0x39, 0x5d, 0x2e, 0x77, 0x20, 0x2d, 0x20, // balls[_349].w - 
	0x5f, 0x33, 0x30, 0x33, 0x2c, 0x20, 0x62, 0x61, 0x6c, 0x6c, 0x73, 0x5b, 0x5f, 0x33, 0x34, 0x39, // _303, balls[_349
	0x5d, 0x2e, 0x77, 0x20, 0x2b, 0x20, 0x5f, 0x33, 0x30, 0x33, 0x2c, 0x20, 0x6c, 0x65, 0x6e, 0x67, // ].w + _303, leng
	0x74, 0x68, 0x28, 0x5f, 0x32, 0x37, 0x38, 0x20, 0x2d, 0x20, 0x28, 0x5f, 0x31, 0x34, 0x31, 0x20, // th(_278 - (_141 
	0x2a, 0x20, 0x5f, 0x32, 0x38, 0x35, 0x29, 0x29, 0x29, 0x29, 0x29, 0x29, 0x29, 0x3b, 0x0a, 0x20, // * _285)))))));. 
	0x20, 0x20, 0x20, 0x20, 0x20, 0x20, 0x20, 0x20, 0x20, 0x20, 0x20, 0x20, 0x20, 0x20, 0x20, 0x7d, //                }
	0x0a, 0x20, 0x20, 0x20, 0x20, 0x20, 0x20, 0x20, 0x20, 0x20, 0x20, 0x20, 0x20, 0x20, 0x20, 0x20, // .               
	0x20, 0x65, 0x6c, 0x73, 0x65, 0x0a, 0x20, 0x20, 0x20, 0x20, 0x20, 0x20, 0x20, 0x20, 0x20, 0x20, //  else.          
	0x20, 0x20, 0x20, 0x20, 0x20, 0x20, 0x7b, 0x0a, 0x20, 0x20, 0x20, 0x20, 0x20, 0x20, 0x20, 0x20, //       {.        
	0x20, 0x20, 0x20, 0x20, 0x20, 0x20, 0x20, 0x20, 0x20, 0x20, 0x20, 0x20, 0x5f, 0x33, 0x36, 0x31, //             _361
	0x20, 0x3d, 0x20, 0x5f, 0x33, 0x35, 0x30, 0x3b, 0x0a, 0x20, 0x20, 0x20, 0x20, 0x20, 0x20, 0x20, //  = _350;.       
	0x20, 0x20, 0x20, 0x20, 0x20, 0x20, 0x20, 0x20, 0x20, 0x7d, 0x0a, 0x20, 0x20, 0x20, 0x20, 0x20, //          }.     
	0x20, 0x20, 0x20, 0x20, 0x20, 0x20, 0x20, 0x20, 0x20, 0x20, 0x20, 0x5f, 0x33, 0x35, 0x30, 0x20, //            _350 
	0x3d, 0x20, 0x5f, 0x33, 0x36, 0x31, 0x3b, 0x0a, 0x20, 0x20, 0x20, 0x20, 0x20, 0x20, 0x20, 0x20, // = _361;.        
	0x20, 0x20, 0x20, 0x20, 0x20, 0x20, 0x20, 0x20, 0x5f, 0x33, 0x34, 0x39, 0x2b, 0x2b, 0x3b, 0x0a, //         _349++;.
	0x20, 0x20, 0x20, 0x20, 0x20, 0x20, 0x20, 0x20, 0x20, 0x20, 0x20, 0x20, 0x20, 0x20, 0x20, 0x20, //                 
	0x63, 0x6f, 0x6e, 0x74, 0x69, 0x6e, 0x75, 0x65, 0x3b, 0x0a, 0x20, 0x20, 0x20, 0x20, 0x20, 0x20, // continue;.      
	0x20, 0x20, 0x20, 0x20, 0x20, 0x20, 0x7d, 0x0a, 0x20, 0x20, 0x20, 0x20, 0x20, 0x20, 0x20, 0x20, //       }.        
	0x20, 0x20, 0x20, 0x20, 0x65, 0x6c, 0x73, 0x65, 0x0a, 0x20, 0x20, 0x20, 0x20, 0x20, 0x20, 0x20, //     else.       
	0x20, 0x20, 0x20, 0x20, 0x20, 0x7b, 0x0a, 0x20, 0x20, 0x20, 0x20, 0x20, 0x20, 0x20, 0x20, 0x20, //      {.         
	0x20, 0x20, 0x20, 0x20, 0x20, 0x20, 0x20, 0x5f, 0x33, 0x35, 0x37, 0x20, 0x3d, 0x20, 0x5f, 0x33, //        _357 = _3
	0x35, 0x39, 0x3b, 0x0a, 0x20, 0x20, 0x20, 0x20, 0x20, 0x20, 0x20, 0x20, 0x20, 0x20, 0x20, 0x20, // 59;.            
	0x20, 0x20, 0x20, 0x20, 0x5f, 0x33, 0x35, 0x32, 0x20, 0x3d, 0x20, 0x66, 0x61, 0x6c, 0x73, 0x65, //     _352 = false
	0x3b, 0x0a, 0x20, 0x20, 0x20, 0x20, 0x20, 0x20, 0x20, 0x20, 0x20, 0x20, 0x20, 0x20, 0x20, 0x20, // ;.              
	0x20, 0x20, 0x62, 0x72, 0x65, 0x61, 0x6b, 0x3b, 0x0a, 0x20, 0x20, 0x20, 0x20, 0x20, 0x20, 0x20, //   break;.       
	0x20, 0x20, 0x20, 0x20, 0x20, 0x7d, 0x0a, 0x20, 0x20, 0x20, 0x20, 0x20, 0x20, 0x20, 0x20, 0x7d, //      }.        }
	0x0a, 0x20, 0x20, 0x20, 0x20, 0x20, 0x20, 0x20, 0x20, 0x69, 0x66, 0x20, 0x28, 0x5f, 0x33, 0x35, // .        if (_35
	0x32, 0x29, 0x0a, 0x20, 0x20, 0x20, 0x20, 0x20, 0x20, 0x20, 0x20, 0x7b, 0x0a, 0x20, 0x20, 0x20, // 2).        {.   
	0x20, 0x20, 0x20, 0x20, 0x20, 0x20, 0x20, 0x20, 0x20, 0x5f, 0x33, 0x35, 0x36, 0x20, 0x3d, 0x20, //          _356 = 
	0x5f, 0x33, 0x35, 0x37, 0x3b, 0x0a, 0x20, 0x20, 0x20, 0x20, 0x20, 0x20, 0x20, 0x20, 0x20, 0x20, // _357;.          
	0x20, 0x20, 0x62, 0x72, 0x65, 0x61, 0x6b, 0x3b, 0x0a, 0x20, 0x20, 0x20, 0x20, 0x20, 0x20, 0x20, //   break;.       
	0x20, 0x7d, 0x0a, 0x20, 0x20, 0x20, 0x20, 0x20, 0x20, 0x20, 0x20, 0x5f, 0x33, 0x35, 0x36, 0x20, //  }.        _356 
	0x3d, 0x20, 0x5f, 0x33, 0x35, 0x30, 0x3b, 0x0a, 0x20, 0x20, 0x20, 0x20, 0x20, 0x20, 0x20, 0x20, // = _350;.        
	0x62, 0x72, 0x65, 0x61, 0x6b, 0x3b, 0x0a, 0x20, 0x20, 0x20, 0x20, 0x7d, 0x20, 0x77, 0x68, 0x69, // break;.    } whi
	0x6c, 0x65, 0x28, 0x66, 0x61, 0x6c, 0x73, 0x65, 0x29, 0x3b, 0x0a, 0x20, 0x20, 0x20, 0x20, 0x68, // le(false);.    h
	0x69, 0x67, 0x68, 0x70, 0x20, 0x76, 0x65, 0x63, 0x34, 0x20, 0x5f, 0x31, 0x39, 0x39, 0x20, 0x3d, // ighp vec4 _199 =
	0x20, 0x62, 0x67, 0x66, 0x78, 0x5f, 0x46, 0x72, 0x61, 0x67, 0x43, 0x6f, 0x6c, 0x6f, 0x72, 0x3b, //  bgfx_FragColor;
	0x0a, 0x20, 0x20, 0x20, 0x20, 0x68, 0x69, 0x67, 0x68, 0x70, 0x20, 0x76, 0x65, 0x63, 0x33, 0x20, // .    highp vec3 
	0x5f, 0x32, 0x30, 0x31, 0x20, 0x3d, 0x20, 0x5f, 0x31, 0x39, 0x39, 0x2e, 0x78, 0x79, 0x7a, 0x20, // _201 = _199.xyz 
	0x2a, 0x20, 0x5f, 0x33, 0x35, 0x36, 0x3b, 0x0a, 0x20, 0x20, 0x20, 0x20, 0x62, 0x67, 0x66, 0x78, // * _356;.    bgfx
	0x5f, 0x46, 0x72, 0x61, 0x67, 0x43, 0x6f, 0x6c, 0x6f, 0x72, 0x2e, 0x78, 0x20, 0x3d, 0x20, 0x5f, // _FragColor.x = _
	0x32, 0x30, 0x31, 0x2e, 0x78, 0x3b, 0x0a, 0x20, 0x20, 0x20, 0x20, 0x62, 0x67, 0x66, 0x78, 0x5f, // 201.x;.    bgfx_
	0x46, 0x72, 0x61, 0x67, 0x43, 0x6f, 0x6c, 0x6f, 0x72, 0x2e, 0x79, 0x20, 0x3d, 0x20, 0x5f, 0x32, // FragColor.y = _2
	0x30, 0x31, 0x2e, 0x79, 0x3b, 0x0a, 0x20, 0x20, 0x20, 0x20, 0x62, 0x67, 0x66, 0x78, 0x5f, 0x46, // 01.y;.    bgfx_F
	0x72, 0x61, 0x67, 0x43, 0x6f, 0x6c, 0x6f, 0x72, 0x2e, 0x7a, 0x20, 0x3d, 0x20, 0x5f, 0x32, 0x30, // ragColor.z = _20
	0x31, 0x2e, 0x7a, 0x3b, 0x0a, 0x20, 0x20, 0x20, 0x20, 0x62, 0x67, 0x66, 0x78, 0x5f, 0x46, 0x72, // 1.z;.    bgfx_Fr
	0x61, 0x67, 0x43, 0x6f, 0x6c, 0x6f, 0x72, 0x2e, 0x77, 0x20, 0x3d, 0x20, 0x28, 0x31, 0x2e, 0x30, // agColor.w = (1.0
	0x20, 0x2f, 0x20, 0x62, 0x6c, 0x65, 0x6e, 0x64, 0x5f, 0x6d, 0x6f, 0x64, 0x75, 0x6c, 0x61, 0x74, //  / blend_modulat
	0x65, 0x5f, 0x76, 0x73, 0x5f, 0x61, 0x64, 0x64, 0x2e, 0x78, 0x29, 0x20, 0x2d, 0x20, 0x31, 0x2e, // e_vs_add.x) - 1.
	0x30, 0x3b, 0x0a, 0x7d, 0x0a, 0x0a, 0x00,                                                       // 0;.}...
};
static const uint8_t fs_light_ballshadow_clip_glsl[2629] =
{
	0x46, 0x53, 0x48, 0x0c, 0xb6, 0x35, 0xc4, 0x5b, 0x00, 0x00, 0x00, 0x00, 0x00, 0x00, 0x00, 0x00, // FSH..5.[........
	0x00, 0x00, 0x00, 0x00, 0x05, 0x00, 0x05, 0x62, 0x61, 0x6c, 0x6c, 0x73, 0x02, 0x08, 0x00, 0x00, // .......balls....
	0x08, 0x00, 0x00, 0x00, 0x00, 0x00, 0x14, 0x6c, 0x69, 0x67, 0x68, 0x74, 0x43, 0x65, 0x6e, 0x74, // .......lightCent
	0x65, 0x72, 0x5f, 0x6d, 0x61, 0x78, 0x52, 0x61, 0x6e, 0x67, 0x65, 0x02, 0x01, 0x00, 0x00, 0x01, // er_maxRange.....
	0x00, 0x00, 0x00, 0x00, 0x00, 0x19, 0x6c, 0x69, 0x67, 0x68, 0x74, 0x43, 0x6f, 0x6c, 0x6f, 0x72, // ......lightColor
	0x32, 0x5f, 0x66, 0x61, 0x6c, 0x6c, 0x6f, 0x66, 0x66, 0x5f, 0x70, 0x6f, 0x77, 0x65, 0x72, 0x02, // 2_falloff_power.
	0x01, 0x00, 0x00, 0x01, 0x00, 0x00, 0x00, 0x00, 0x00, 0x14, 0x6c, 0x69, 0x67, 0x68, 0x74, 0x43, // ..........lightC
	0x6f, 0x6c, 0x6f, 0x72, 0x5f, 0x69, 0x6e, 0x74, 0x65, 0x6e, 0x73, 0x69, 0x74, 0x79, 0x02, 0x01, // olor_intensity..
	0x00, 0x00, 0x01, 0x00, 0x00, 0x00, 0x00, 0x00, 0x15, 0x62, 0x6c, 0x65, 0x6e, 0x64, 0x5f, 0x6d, // .........blend_m
	0x6f, 0x64, 0x75, 0x6c, 0x61, 0x74, 0x65, 0x5f, 0x76, 0x73, 0x5f, 0x61, 0x64, 0x64, 0x02, 0x01, // odulate_vs_add..
	0x00, 0x00, 0x01, 0x00, 0x00, 0x00, 0x00, 0x00, 0x98, 0x09, 0x00, 0x00, 0x0a, 0x66, 0x6c, 0x6f, // .............flo
	0x61, 0x74, 0x20, 0x5f, 0x33, 0x35, 0x39, 0x3b, 0x0a, 0x0a, 0x75, 0x6e, 0x69, 0x66, 0x6f, 0x72, // at _359;..unifor
	0x6d, 0x20, 0x76, 0x65, 0x63, 0x34, 0x20, 0x62, 0x61, 0x6c, 0x6c, 0x73, 0x5b, 0x38, 0x5d, 0x3b, // m vec4 balls[8];
	0x0a, 0x75, 0x6e, 0x69, 0x66, 0x6f, 0x72, 0x6d, 0x20, 0x76, 0x65, 0x63, 0x34, 0x20, 0x6c, 0x69, // .uniform vec4 li
	0x67, 0x68, 0x74, 0x43, 0x65, 0x6e, 0x74, 0x65, 0x72, 0x5f, 0x6d, 0x61, 0x78, 0x52, 0x61, 0x6e, // ghtCenter_maxRan
	0x67, 0x65, 0x3b, 0x0a, 0x75, 0x6e, 0x69, 0x66, 0x6f, 0x72, 0x6d, 0x20, 0x76, 0x65, 0x63, 0x34, // ge;.uniform vec4
	0x20, 0x6c, 0x69, 0x67, 0x68, 0x74, 0x43, 0x6f, 0x6c, 0x6f, 0x72, 0x32, 0x5f, 0x66, 0x61, 0x6c, //  lightColor2_fal
	0x6c, 0x6f, 0x66, 0x66, 0x5f, 0x70, 0x6f, 0x77, 0x65, 0x72, 0x3b, 0x0a, 0x75, 0x6e, 0x69, 0x66, // loff_power;.unif
	0x6f, 0x72, 0x6d, 0x20, 0x76, 0x65, 0x63, 0x34, 0x20, 0x6c, 0x69, 0x67, 0x68, 0x74, 0x43, 0x6f, // orm vec4 lightCo
	0x6c, 0x6f, 0x72, 0x5f, 0x69, 0x6e, 0x74, 0x65, 0x6e, 0x73, 0x69, 0x74, 0x79, 0x3b, 0x0a, 0x75, // lor_intensity;.u
	0x6e, 0x69, 0x66, 0x6f, 0x72, 0x6d, 0x20, 0x76, 0x65, 0x63, 0x34, 0x20, 0x62, 0x6c, 0x65, 0x6e, // niform vec4 blen
	0x64, 0x5f, 0x6d, 0x6f, 0x64, 0x75, 0x6c, 0x61, 0x74, 0x65, 0x5f, 0x76, 0x73, 0x5f, 0x61, 0x64, // d_modulate_vs_ad
	0x64, 0x3b, 0x0a, 0x0a, 0x69, 0x6e, 0x20, 0x76, 0x65, 0x63, 0x33, 0x20, 0x76, 0x5f, 0x74, 0x61, // d;..in vec3 v_ta
	0x62, 0x6c, 0x65, 0x50, 0x6f, 0x73, 0x3b, 0x0a, 0x6c, 0x61, 0x79, 0x6f, 0x75, 0x74, 0x28, 0x6c, // blePos;.layout(l
	0x6f, 0x63, 0x61, 0x74, 0x69, 0x6f, 0x6e, 0x20, 0x3d, 0x20, 0x30, 0x29, 0x20, 0x6f, 0x75, 0x74, // ocation = 0) out
	0x20, 0x76, 0x65, 0x63, 0x34, 0x20, 0x62, 0x67, 0x66, 0x78, 0x5f, 0x46, 0x72, 0x61, 0x67, 0x43, //  vec4 bgfx_FragC
	0x6f, 0x6c, 0x6f, 0x72, 0x3b, 0x0a, 0x0a, 0x76, 0x6f, 0x69, 0x64, 0x20, 0x6d, 0x61, 0x69, 0x6e, // olor;..void main
	0x28, 0x29, 0x0a, 0x7b, 0x0a, 0x20, 0x20, 0x20, 0x20, 0x76, 0x65, 0x63, 0x33, 0x20, 0x5f, 0x31, // ().{.    vec3 _1
	0x34, 0x31, 0x20, 0x3d, 0x20, 0x76, 0x5f, 0x74, 0x61, 0x62, 0x6c, 0x65, 0x50, 0x6f, 0x73, 0x20, // 41 = v_tablePos 
	0x2d, 0x20, 0x6c, 0x69, 0x67, 0x68, 0x74, 0x43, 0x65, 0x6e, 0x74, 0x65, 0x72, 0x5f, 0x6d, 0x61, // - lightCenter_ma
	0x78, 0x52, 0x61, 0x6e, 0x67, 0x65, 0x2e, 0x78, 0x79, 0x7a, 0x3b, 0x0a, 0x20, 0x20, 0x20, 0x20, // xRange.xyz;.    
	0x66, 0x6c, 0x6f, 0x61, 0x74, 0x20, 0x5f, 0x31, 0x34, 0x34, 0x20, 0x3d, 0x20, 0x6c, 0x65, 0x6e, // float _144 = len
	0x67, 0x74, 0x68, 0x28, 0x5f, 0x31, 0x34, 0x31, 0x29, 0x3b, 0x0a, 0x20, 0x20, 0x20, 0x20, 0x66, // gth(_141);.    f
	0x6c, 0x6f, 0x61, 0x74, 0x20, 0x5f, 0x31, 0x34, 0x39, 0x20, 0x3d, 0x20, 0x5f, 0x31, 0x34, 0x34, // loat _149 = _144
	0x20, 0x2a, 0x20, 0x6c, 0x69, 0x67, 0x68, 0x74, 0x43, 0x65, 0x6e, 0x74, 0x65, 0x72, 0x5f, 0x6d, //  * lightCenter_m
	0x61, 0x78, 0x52, 0x61, 0x6e, 0x67, 0x65, 0x2e, 0x77, 0x3b, 0x0a, 0x20, 0x20, 0x20, 0x20, 0x76, // axRange.w;.    v
	0x65, 0x63, 0x33, 0x20, 0x5f, 0x31, 0x38, 0x32, 0x20, 0x3d, 0x20, 0x6d, 0x69, 0x78, 0x28, 0x6c, // ec3 _182 = mix(l
	0x69, 0x67, 0x68, 0x74, 0x43, 0x6f, 0x6c, 0x6f, 0x72, 0x32, 0x5f, 0x66, 0x61, 0x6c, 0x6c, 0x6f, // ightColor2_fallo
	0x66, 0x66, 0x5f, 0x70, 0x6f, 0x77, 0x65, 0x72, 0x2e, 0x78, 0x79, 0x7a, 0x2c, 0x20, 0x6c, 0x69, // ff_power.xyz, li
	0x67, 0x68, 0x74, 0x43, 0x6f, 0x6c, 0x6f, 0x72, 0x5f, 0x69, 0x6e, 0x74, 0x65, 0x6e, 0x73, 0x69, // ghtColor_intensi
	0x74, 0x79, 0x2e, 0x78, 0x79, 0x7a, 0x2c, 0x20, 0x76, 0x65, 0x63, 0x33, 0x28, 0x73, 0x71, 0x72, // ty.xyz, vec3(sqr
	0x74, 0x28, 0x5f, 0x31, 0x34, 0x39, 0x29, 0x29, 0x29, 0x20, 0x2a, 0x20, 0x28, 0x28, 0x28, 0x2d, // t(_149))) * (((-
	0x62, 0x6c, 0x65, 0x6e, 0x64, 0x5f, 0x6d, 0x6f, 0x64, 0x75, 0x6c, 0x61, 0x74, 0x65, 0x5f, 0x76, // blend_modulate_v
	0x73, 0x5f, 0x61, 0x64, 0x64, 0x2e, 0x78, 0x29, 0x20, 0x2a, 0x20, 0x70, 0x6f, 0x77, 0x28, 0x6d, // s_add.x) * pow(m
	0x61, 0x78, 0x28, 0x31, 0x2e, 0x30, 0x20, 0x2d, 0x20, 0x63, 0x6c, 0x61, 0x6d, 0x70, 0x28, 0x5f, // ax(1.0 - clamp(_
	0x31, 0x34, 0x39, 0x2c, 0x20, 0x30, 0x2e, 0x30, 0x2c, 0x20, 0x31, 0x2e, 0x30, 0x29, 0x2c, 0x20, // 149, 0.0, 1.0), 
	0x39, 0x2e, 0x39, 0x39, 0x39, 0x39, 0x39, 0x39, 0x37, 0x34, 0x37, 0x33, 0x37, 0x38, 0x37, 0x35, // 9.99999974737875
	0x31, 0x36, 0x33, 0x35, 0x35, 0x35, 0x31, 0x34, 0x35, 0x32, 0x36, 0x33, 0x36, 0x37, 0x31, 0x38, // 1635551452636718
	0x38, 0x65, 0x2d, 0x30, 0x35, 0x29, 0x2c, 0x20, 0x6c, 0x69, 0x67, 0x68, 0x74, 0x43, 0x6f, 0x6c, // 8e-05), lightCol
	0x6f, 0x72, 0x32, 0x5f, 0x66, 0x61, 0x6c, 0x6c, 0x6f, 0x66, 0x66, 0x5f, 0x70, 0x6f, 0x77, 0x65, // or2_falloff_powe
	0x72, 0x2e, 0x77, 0x29, 0x29, 0x20, 0x2a, 0x20, 0x6c, 0x69, 0x67, 0x68, 0x74, 0x43, 0x6f, 0x6c, // r.w)) * lightCol
	0x6f, 0x72, 0x5f, 0x69, 0x6e, 0x74, 0x65, 0x6e, 0x73, 0x69, 0x74, 0x79, 0x2e, 0x77, 0x29, 0x3b, // or_intensity.w);
	0x0a, 0x20, 0x20, 0x20, 0x20, 0x62, 0x67, 0x66, 0x78, 0x5f, 0x46, 0x72, 0x61, 0x67, 0x43, 0x6f, // .    bgfx_FragCo
	0x6c, 0x6f, 0x72, 0x2e, 0x78, 0x20, 0x3d, 0x20, 0x5f, 0x31, 0x38, 0x32, 0x2e, 0x78, 0x3b, 0x0a, // lor.x = _182.x;.
	0x20, 0x20, 0x20, 0x20, 0x62, 0x67, 0x66, 0x78, 0x5f, 0x46, 0x72, 0x61, 0x67, 0x43, 0x6f, 0x6c, //     bgfx_FragCol
	0x6f, 0x72, 0x2e, 0x79, 0x20, 0x3d, 0x20, 0x5f, 0x31, 0x38, 0x32, 0x2e, 0x79, 0x3b, 0x0a, 0x20, // or.y = _182.y;. 
	0x20, 0x20, 0x20, 0x62, 0x67, 0x66, 0x78, 0x5f, 0x46, 0x72, 0x61, 0x67, 0x43, 0x6f, 0x6c, 0x6f, //    bgfx_FragColo
	0x72, 0x2e, 0x7a, 0x20, 0x3d, 0x20, 0x5f, 0x31, 0x38, 0x32, 0x2e, 0x7a, 0x3b, 0x0a, 0x20, 0x20, // r.z = _182.z;.  
	0x20, 0x20, 0x66, 0x6c, 0x6f, 0x61, 0x74, 0x20, 0x5f, 0x33, 0x35, 0x36, 0x3b, 0x0a, 0x20, 0x20, //   float _356;.  
	0x20, 0x20, 0x64, 0x6f, 0x0a, 0x20, 0x20, 0x20, 0x20, 0x7b, 0x0a, 0x20, 0x20, 0x20, 0x20, 0x20, //   do.    {.     
	0x20, 0x20, 0x20, 0x66, 0x6c, 0x6f, 0x61, 0x74, 0x20, 0x5f, 0x33, 0x35, 0x30, 0x3b, 0x0a, 0x20, //    float _350;. 
	0x20, 0x20, 0x20, 0x20, 0x20, 0x20, 0x20, 0x5f, 0x33, 0x35, 0x30, 0x20, 0x3d, 0x20, 0x31, 0x2e, //        _350 = 1.
	0x30, 0x3b, 0x0a, 0x20, 0x20, 0x20, 0x20, 0x20, 0x20, 0x20, 0x20, 0x62, 0x6f, 0x6f, 0x6c, 0x20, // 0;.        bool 
	0x5f, 0x33, 0x35, 0x32, 0x3b, 0x0a, 0x20, 0x20, 0x20, 0x20, 0x20, 0x20, 0x20, 0x20, 0x66, 0x6c, // _352;.        fl
	0x6f, 0x61, 0x74, 0x20, 0x5f, 0x33, 0x35, 0x37, 0x3b, 0x0a, 0x20, 0x20, 0x20, 0x20, 0x20, 0x20, // oat _357;.      
	0x20, 0x20, 0x66, 0x6c, 0x6f, 0x61, 0x74, 0x20, 0x5f, 0x33, 0x36, 0x31, 0x3b, 0x0a, 0x20, 0x20, //   float _361;.  
	0x20, 0x20, 0x20, 0x20, 0x20, 0x20, 0x69, 0x6e, 0x74, 0x20, 0x5f, 0x33, 0x34, 0x39, 0x20, 0x3d, //       int _349 =
	0x20, 0x30, 0x3b, 0x0a, 0x20, 0x20, 0x20, 0x20, 0x20, 0x20, 0x20, 0x20, 0x66, 0x6f, 0x72, 0x20, //  0;.        for 
	0x28, 0x3b, 0x3b, 0x29, 0x0a, 0x20, 0x20, 0x20, 0x20, 0x20, 0x20, 0x20, 0x20, 0x7b, 0x0a, 0x20, // (;;).        {. 
	0x20, 0x20, 0x20, 0x20, 0x20, 0x20, 0x20, 0x20, 0x20, 0x20, 0x20, 0x69, 0x66, 0x20, 0x28, 0x5f, //            if (_
	0x33, 0x34, 0x39, 0x20, 0x3c, 0x20, 0x38, 0x29, 0x0a, 0x20, 0x20, 0x20, 0x20, 0x20, 0x20, 0x20, // 349 < 8).       
	0x20, 0x20, 0x20, 0x20, 0x20, 0x7b, 0x0a, 0x20, 0x20, 0x20, 0x20, 0x20, 0x20, 0x20, 0x20, 0x20, //      {.         
	0x20, 0x20, 0x20, 0x20, 0x20, 0x20, 0x20, 0x69, 0x66, 0x20, 0x28, 0x62, 0x61, 0x6c, 0x6c, 0x73, //        if (balls
	0x5b, 0x5f, 0x33, 0x34, 0x39, 0x5d, 0x2e, 0x77, 0x20, 0x3d, 0x3d, 0x20, 0x30, 0x2e, 0x30, 0x29, // [_349].w == 0.0)
	0x0a, 0x20, 0x20, 0x20, 0x20, 0x20, 0x20, 0x20, 0x20, 0x20, 0x20, 0x20, 0x20, 0x20, 0x20, 0x20, // .               
	0x20, 0x7b, 0x0a, 0x20, 0x20, 0x20, 0x20, 0x20, 0x20, 0x20, 0x20, 0x20, 0x20, 0x20, 0x20, 0x20, //  {.             
	0x20, 0x20, 0x20, 0x20, 0x20, 0x20, 0x20, 0x5f, 0x33, 0x35, 0x37, 0x20, 0x3d, 0x20, 0x5f, 0x33, //        _357 = _3
	0x35, 0x30, 0x3b, 0x0a, 0x20, 0x20, 0x20, 0x20, 0x20, 0x20, 0x20, 0x20, 0x20, 0x20, 0x20, 0x20, // 50;.            
	0x20, 0x20, 0x20, 0x20, 0x20, 0x20, 0x20, 0x20, 0x5f, 0x33, 0x35, 0x32, 0x20, 0x3d, 0x20, 0x74, //         _352 = t
	0x72, 0x75, 0x65, 0x3b, 0x0a, 0x20, 0x20, 0x20, 0x20, 0x20, 0x20, 0x20, 0x20, 0x20, 0x20, 0x20, // rue;.           
	0x20, 0x20, 0x20, 0x20, 0x20, 0x20, 0x20, 0x20, 0x20, 0x62, 0x72, 0x65, 0x61, 0x6b, 0x3b, 0x0a, //          break;.
	0x20, 0x20, 0x20, 0x20, 0x20, 0x20, 0x20, 0x20, 0x20, 0x20, 0x20, 0x20, 0x20, 0x20, 0x20, 0x20, //                 
	0x7d, 0x0a, 0x20, 0x20, 0x20, 0x20, 0x20, 0x20, 0x20, 0x20, 0x20, 0x20, 0x20, 0x20, 0x20, 0x20, // }.              
	0x20, 0x20, 0x76, 0x65, 0x63, 0x33, 0x20, 0x5f, 0x32, 0x37, 0x38, 0x20, 0x3d, 0x20, 0x62, 0x61, //   vec3 _278 = ba
	0x6c, 0x6c, 0x73, 0x5b, 0x5f, 0x33, 0x34, 0x39, 0x5d, 0x2e, 0x78, 0x79, 0x7a, 0x20, 0x2d, 0x20, // lls[_349].xyz - 
	0x6c, 0x69, 0x67, 0x68, 0x74, 0x43, 0x65, 0x6e, 0x74, 0x65, 0x72, 0x5f, 0x6d, 0x61, 0x78, 0x52, // lightCenter_maxR
	0x61, 0x6e, 0x67, 0x65, 0x2e, 0x78, 0x79, 0x7a, 0x3b, 0x0a, 0x20, 0x20, 0x20, 0x20, 0x20, 0x20, // ange.xyz;.      
	0x20, 0x20, 0x20, 0x20, 0x20, 0x20, 0x20, 0x20, 0x20, 0x20, 0x66, 0x6c, 0x6f, 0x61, 0x74, 0x20, //           float 
	0x5f, 0x32, 0x38, 0x35, 0x20, 0x3d, 0x20, 0x64, 0x6f, 0x74, 0x28, 0x5f, 0x32, 0x37, 0x38, 0x2c, // _285 = dot(_278,
	0x20, 0x5f, 0x31, 0x34, 0x31, 0x29, 0x20, 0x2f, 0x20, 0x28, 0x5f, 0x31, 0x34, 0x34, 0x20, 0x2a, //  _141) / (_144 *
	0x20, 0x5f, 0x31, 0x34, 0x34, 0x29, 0x3b, 0x0a, 0x20, 0x20, 0x20, 0x20, 0x20, 0x20, 0x20, 0x20, //  _144);.        
	0x20, 0x20, 0x20, 0x20, 0x20, 0x20, 0x20, 0x20, 0x69, 0x66, 0x20, 0x28, 0x28, 0x5f, 0x32, 0x38, //         if ((_28
	0x35, 0x20, 0x3e, 0x20, 0x30, 0x2e, 0x30, 0x29, 0x20, 0x26, 0x26, 0x20, 0x28, 0x5f, 0x32, 0x38, // 5 > 0.0) && (_28
	0x35, 0x20, 0x3c, 0x20, 0x31, 0x2e, 0x30, 0x29, 0x29, 0x0a, 0x20, 0x20, 0x20, 0x20, 0x20, 0x20, // 5 < 1.0)).      
	0x20, 0x20, 0x20, 0x20, 0x20, 0x20, 0x20, 0x20, 0x20, 0x20, 0x7b, 0x0a, 0x20, 0x20, 0x20, 0x20, //           {.    
	0x20, 0x20, 0x20, 0x20, 0x20, 0x20, 0x20, 0x20, 0x20, 0x20, 0x20, 0x20, 0x20, 0x20, 0x20, 0x20, //                 
	0x66, 0x6c, 0x6f, 0x61, 0x74, 0x20, 0x5f, 0x33, 0x30, 0x33, 0x20, 0x3d, 0x20, 0x35, 0x2e, 0x30, // float _303 = 5.0
	0x20, 0x2d, 0x20, 0x28, 0x35, 0x2e, 0x30, 0x20, 0x2a, 0x20, 0x5f, 0x32, 0x38, 0x35, 0x29, 0x3b, //  - (5.0 * _285);
	0x0a, 0x20, 0x20, 0x20, 0x20, 0x20, 0x20, 0x20, 0x20, 0x20, 0x20, 0x20, 0x20, 0x20, 0x20, 0x20, // .               
	0x20, 0x20, 0x20, 0x20, 0x20, 0x66, 0x6c, 0x6f, 0x61, 0x74, 0x20, 0x5f, 0x33, 0x30, 0x35, 0x20, //      float _305 
	0x3d, 0x20, 0x5f, 0x32, 0x37, 0x38, 0x2e, 0x78, 0x3b, 0x0a, 0x20, 0x20, 0x20, 0x20, 0x20, 0x20, // = _278.x;.      
	0x20, 0x20, 0x20, 0x20, 0x20, 0x20, 0x20, 0x20, 0x20, 0x20, 0x20, 0x20, 0x20, 0x20, 0x66, 0x6c, //               fl
	0x6f, 0x61, 0x74, 0x20, 0x5f, 0x33, 0x31, 0x30, 0x20, 0x3d, 0x20, 0x5f, 0x32, 0x37, 0x38, 0x2e, // oat _310 = _278.
	0x79, 0x3b, 0x0a, 0x20, 0x20, 0x20, 0x20, 0x20, 0x20, 0x20, 0x20, 0x20, 0x20, 0x20, 0x20, 0x20, // y;.             
	0x20, 0x20, 0x20, 0x20, 0x20, 0x20, 0x20, 0x5f, 0x33, 0x36, 0x31, 0x20, 0x3d, 0x20, 0x5f, 0x33, //        _361 = _3
	0x35, 0x30, 0x20, 0x2a, 0x20, 0x28, 0x31, 0x2e, 0x30, 0x20, 0x2b, 0x20, 0x28, 0x63, 0x6c, 0x61, // 50 * (1.0 + (cla
	0x6d, 0x70, 0x28, 0x28, 0x28, 0x5f, 0x33, 0x30, 0x35, 0x20, 0x2a, 0x20, 0x5f, 0x33, 0x30, 0x35, // mp(((_305 * _305
	0x29, 0x20, 0x2b, 0x20, 0x28, 0x5f, 0x33, 0x31, 0x30, 0x20, 0x2a, 0x20, 0x5f, 0x33, 0x31, 0x30, // ) + (_310 * _310
	0x29, 0x29, 0x20, 0x2f, 0x20, 0x28, 0x62, 0x61, 0x6c, 0x6c, 0x73, 0x5b, 0x5f, 0x33, 0x34, 0x39, // )) / (balls[_349
	0x5d, 0x2e, 0x77, 0x20, 0x2a, 0x20, 0x62, 0x61, 0x6c, 0x6c, 0x73, 0x5b, 0x5f, 0x33, 0x34, 0x39, // ].w * balls[_349
	0x5d, 0x2e, 0x77, 0x29, 0x2c, 0x20, 0x30, 0x2e, 0x30, 0x2c, 0x20, 0x31, 0x2e, 0x30, 0x29, 0x20, // ].w), 0.0, 1.0) 
	0x2a, 0x20, 0x28, 0x28, 0x2d, 0x30, 0x2e, 0x38, 0x39, 0x39, 0x39, 0x39, 0x39, 0x39, 0x37, 0x36, // * ((-0.899999976
	0x31, 0x35, 0x38, 0x31, 0x34, 0x32, 0x30, 0x38, 0x39, 0x38, 0x34, 0x33, 0x37, 0x35, 0x29, 0x20, // 15814208984375) 
	0x2b, 0x20, 0x28, 0x30, 0x2e, 0x38, 0x39, 0x39, 0x39, 0x39, 0x39, 0x39, 0x37, 0x36, 0x31, 0x35, // + (0.89999997615
	0x38, 0x31, 0x34, 0x32, 0x30, 0x38, 0x39, 0x38, 0x34, 0x33, 0x37, 0x35, 0x20, 0x2a, 0x20, 0x73, // 814208984375 * s
	0x6d, 0x6f, 0x6f, 0x74, 0x68, 0x73, 0x74, 0x65, 0x70, 0x28, 0x62, 0x61, 0x6c, 0x6c, 0x73, 0x5b, // moothstep(balls[
	0x5f, 0x33, 0x34, 0x39, 0x5d, 0x2e, 0x77, 0x20, 0x2d, 0x20, 0x5f, 0x33, 0x30, 0x33, 0x2c, 0x20, // _349].w - _303, 
	0x62, 0x61, 0x6c, 0x6c, 0x73, 0x5b, 0x5f, 0x33, 0x34, 0x39, 0x5d, 0x2e, 0x77, 0x20, 0x2b, 0x20, // balls[_349].w + 
	0x5f, 0x33, 0x30, 0x33, 0x2c, 0x20, 0x6c, 0x65, 0x6e, 0x67, 0x74, 0x68, 0x28, 0x5f, 0x32, 0x37, // _303, length(_27
	0x38, 0x20, 0x2d, 0x20, 0x28, 0x5f, 0x31, 0x34, 0x31, 0x20, 0x2a, 0x20, 0x5f, 0x32, 0x38, 0x35, // 8 - (_141 * _285
	0x29, 0x29, 0x29, 0x29, 0x29, 0x29, 0x29, 0x3b, 0x0a, 0x20, 0x20, 0x20, 0x20, 0x20, 0x20, 0x20, // )))))));.       
	0x20, 0x20, 0x20, 0x20, 0x20, 0x20, 0x20, 0x20, 0x20, 0x7d, 0x0a, 0x20, 0x20, 0x20, 0x20, 0x20, //          }.     
	0x20, 0x20, 0x20, 0x20, 0x20, 0x20, 0x20, 0x20, 0x20, 0x20, 0x20, 0x65, 0x6c, 0x73, 0x65, 0x0a, //            else.
	0x20, 0x20, 0x20, 0x20, 0x20, 0x20, 0x20, 0x20, 0x20, 0x20, 0x20, 0x20, 0x20, 0x20, 0x20, 0x20, //                 
	0x7b, 0x0a, 0x20, 0x20, 0x20, 0x20, 0x20, 0x20, 0x20, 0x20, 0x20, 0x20, 0x20, 0x20, 0x20, 0x20, // {.              
	0x20, 0x20, 0x20, 0x20, 0x20, 0x20, 0x5f, 0x33, 0x36, 0x31, 0x20, 0x3d, 0x20, 0x5f, 0x33, 0x35, //       _361 = _35
	0x30, 0x3b, 0x0a, 0x20, 0x20, 0x20, 0x20, 0x20, 0x20, 0x20, 0x20, 0x20, 0x20, 0x20, 0x20, 0x20, // 0;.             
	0x20, 0x20, 0x20, 0x7d, 0x0a, 0x20, 0x20, 0x20, 0x20, 0x20, 0x20, 0x20, 0x20, 0x20, 0x20, 0x20, //    }.           
	0x20, 0x20, 0x20, 0x20, 0x20, 0x5f, 0x33, 0x35, 0x30, 0x20, 0x3d, 0x20, 0x5f, 0x33, 0x36, 0x31, //      _350 = _361
	0x3b, 0x0a, 0x20, 0x20, 0x20, 0x20, 0x20, 0x20, 0x20, 0x20, 0x20, 0x20, 0x20, 0x20, 0x20, 0x20, // ;.              
	0x20, 0x20, 0x5f, 0x33, 0x34, 0x39, 0x2b, 0x2b, 0x3b, 0x0a, 0x20, 0x20, 0x20, 0x20, 0x20, 0x20, //   _349++;.      
	0x20, 0x20, 0x20, 0x20, 0x20, 0x20, 0x20, 0x20, 0x20, 0x20, 0x63, 0x6f, 0x6e, 0x74, 0x69, 0x6e, //           contin
	0x75, 0x65, 0x3b, 0x0a, 0x20, 0x20, 0x20, 0x20, 0x20, 0x20, 0x20, 0x20, 0x20, 0x20, 0x20, 0x20, // ue;.            
	0x7d, 0x0a, 0x20, 0x20, 0x20, 0x20, 0x20, 0x20, 0x20, 0x20, 0x20, 0x20, 0x20, 0x20, 0x65, 0x6c, // }.            el
	0x73, 0x65, 0x0a, 0x20, 0x20, 0x20, 0x20, 0x20, 0x20, 0x20, 0x20, 0x20, 0x20, 0x20, 0x20, 0x7b, // se.            {
	0x0a, 0x20, 0x20, 0x20, 0x20, 0x20, 0x20, 0x20, 0x20, 0x20, 0x20, 0x20, 0x20, 0x20, 0x20, 0x20, // .               
	0x20, 0x5f, 0x33, 0x35, 0x37, 0x20, 0x3d, 0x20, 0x5f, 0x33, 0x35, 0x39, 0x3b, 0x0a, 0x20, 0x20, //  _357 = _359;.  
	0x20, 0x20, 0x20, 0x20, 0x20, 0x20, 0x20, 0x20, 0x20, 0x20, 0x20, 0x20, 0x20, 0x20, 0x5f, 0x33, //               _3
	0x35, 0x32, 0x20, 0x3d, 0x20, 0x66, 0x61, 0x6c, 0x73, 0x65, 0x3b, 0x0a, 0x20, 0x20, 0x20, 0x20, // 52 = false;.    
	0x20, 0x20, 0x20, 0x20, 0x20, 0x20, 0x20, 0x20, 0x20, 0x20, 0x20, 0x20, 0x62, 0x72, 0x65, 0x61, //             brea
	0x6b, 0x3b, 0x0a, 0x20, 0x20, 0x20, 0x20, 0x20, 0x20, 0x20, 0x20, 0x20, 0x20, 0x20, 0x20, 0x7d, // k;.            }
	0x0a, 0x20, 0x20, 0x20, 0x20, 0x20, 0x20, 0x20, 0x20, 0x7d, 0x0a, 0x20, 0x20, 0x20, 0x20, 0x20, // .        }.     
	0x20, 0x20, 0x20, 0x69, 0x66, 0x20, 0x28, 0x5f, 0x33, 0x35, 0x32, 0x29, 0x0a, 0x20, 0x20, 0x20, //    if (_352).   
	0x20, 0x20, 0x20, 0x20, 0x20, 0x7b, 0x0a, 0x20, 0x20, 0x20, 0x20, 0x20, 0x20, 0x20, 0x20, 0x20, //      {.         
	0x20, 0x20, 0x20, 0x5f, 0x33, 0x35, 0x36, 0x20, 0x3d, 0x20, 0x5f, 0x33, 0x35, 0x37, 0x3b, 0x0a, //    _356 = _357;.
	0x20, 0x20, 0x20, 0x20, 0x20, 0x20, 0x20, 0x20, 0x20, 0x20, 0x20, 0x20, 0x62, 0x72, 0x65, 0x61, //             brea
	0x6b, 0x3b, 0x0a, 0x20, 0x20, 0x20, 0x20, 0x20, 0x20, 0x20, 0x20, 0x7d, 0x0a, 0x20, 0x20, 0x20, // k;.        }.   
	0x20, 0x20, 0x20, 0x20, 0x20, 0x5f, 0x33, 0x35, 0x36, 0x20, 0x3d, 0x20, 0x5f, 0x33, 0x35, 0x30, //      _356 = _350
	0x3b, 0x0a, 0x20, 0x20, 0x20, 0x20, 0x20, 0x20, 0x20, 0x20, 0x62, 0x72, 0x65, 0x61, 0x6b, 0x3b, // ;.        break;
	0x0a, 0x20, 0x20, 0x20, 0x20, 0x7d, 0x20, 0x77, 0x68, 0x69, 0x6c, 0x65, 0x28, 0x66, 0x61, 0x6c, // .    } while(fal
	0x73, 0x65, 0x29, 0x3b, 0x0a, 0x20, 0x20, 0x20, 0x20, 0x76, 0x65, 0x63, 0x34, 0x20, 0x5f, 0x31, // se);.    vec4 _1
	0x39, 0x39, 0x20, 0x3d, 0x20, 0x62, 0x67, 0x66, 0x78, 0x5f, 0x46, 0x72, 0x61, 0x67, 0x43, 0x6f, // 99 = bgfx_FragCo
	0x6c, 0x6f, 0x72, 0x3b, 0x0a, 0x20, 0x20, 0x20, 0x20, 0x76, 0x65, 0x63, 0x33, 0x20, 0x5f, 0x32, // lor;.    vec3 _2
	0x30, 0x31, 0x20, 0x3d, 0x20, 0x5f, 0x31, 0x39, 0x39, 0x2e, 0x78, 0x79, 0x7a, 0x20, 0x2a, 0x20, // 01 = _199.xyz * 
	0x5f, 0x33, 0x35, 0x36, 0x3b, 0x0a, 0x20, 0x20, 0x20, 0x20, 0x62, 0x67, 0x66, 0x78, 0x5f, 0x46, // _356;.    bgfx_F
	0x72, 0x61, 0x67, 0x43, 0x6f, 0x6c, 0x6f, 0x72, 0x2e, 0x78, 0x20, 0x3d, 0x20, 0x5f, 0x32, 0x30, // ragColor.x = _20
	0x31, 0x2e, 0x78, 0x3b, 0x0a, 0x20, 0x20, 0x20, 0x20, 0x62, 0x67, 0x66, 0x78, 0x5f, 0x46, 0x72, // 1.x;.    bgfx_Fr
	0x61, 0x67, 0x43, 0x6f, 0x6c, 0x6f, 0x72, 0x2e, 0x79, 0x20, 0x3d, 0x20, 0x5f, 0x32, 0x30, 0x31, // agColor.y = _201
	0x2e, 0x79, 0x3b, 0x0a, 0x20, 0x20, 0x20, 0x20, 0x62, 0x67, 0x66, 0x78, 0x5f, 0x46, 0x72, 0x61, // .y;.    bgfx_Fra
	0x67, 0x43, 0x6f, 0x6c, 0x6f, 0x72, 0x2e, 0x7a, 0x20, 0x3d, 0x20, 0x5f, 0x32, 0x30, 0x31, 0x2e, // gColor.z = _201.
	0x7a, 0x3b, 0x0a, 0x20, 0x20, 0x20, 0x20, 0x62, 0x67, 0x66, 0x78, 0x5f, 0x46, 0x72, 0x61, 0x67, // z;.    bgfx_Frag
	0x43, 0x6f, 0x6c, 0x6f, 0x72, 0x2e, 0x77, 0x20, 0x3d, 0x20, 0x28, 0x31, 0x2e, 0x30, 0x20, 0x2f, // Color.w = (1.0 /
	0x20, 0x62, 0x6c, 0x65, 0x6e, 0x64, 0x5f, 0x6d, 0x6f, 0x64, 0x75, 0x6c, 0x61, 0x74, 0x65, 0x5f, //  blend_modulate_
	0x76, 0x73, 0x5f, 0x61, 0x64, 0x64, 0x2e, 0x78, 0x29, 0x20, 0x2d, 0x20, 0x31, 0x2e, 0x30, 0x3b, // vs_add.x) - 1.0;
	0x0a, 0x7d, 0x0a, 0x0a, 0x00,                                                                   // .}...
};
static const uint8_t fs_light_ballshadow_clip_dxbc[2212] =
{
	0x46, 0x53, 0x48, 0x0c, 0xb6, 0x35, 0xc4, 0x5b, 0x00, 0x00, 0x00, 0x00, 0x00, 0x00, 0x00, 0x00, // FSH..5.[........
	0x00, 0x00, 0x00, 0x00, 0x05, 0x00, 0x05, 0x62, 0x61, 0x6c, 0x6c, 0x73, 0x12, 0x08, 0x00, 0x00, // .......balls....
	0x08, 0x00, 0x00, 0x00, 0x00, 0x00, 0x14, 0x6c, 0x69, 0x67, 0x68, 0x74, 0x43, 0x6f, 0x6c, 0x6f, // .......lightColo
	0x72, 0x5f, 0x69, 0x6e, 0x74, 0x65, 0x6e, 0x73, 0x69, 0x74, 0x79, 0x12, 0x00, 0x80, 0x00, 0x01, // r_intensity.....
	0x00, 0x00, 0x00, 0x00, 0x00, 0x19, 0x6c, 0x69, 0x67, 0x68, 0x74, 0x43, 0x6f, 0x6c, 0x6f, 0x72, // ......lightColor
	0x32, 0x5f, 0x66, 0x61, 0x6c, 0x6c, 0x6f, 0x66, 0x66, 0x5f, 0x70, 0x6f, 0x77, 0x65, 0x72, 0x12, // 2_falloff_power.
	0x00, 0x90, 0x00, 0x01, 0x00, 0x00, 0x00, 0x00, 0x00, 0x14, 0x6c, 0x69, 0x67, 0x68, 0x74, 0x43, // ..........lightC
	0x65, 0x6e, 0x74, 0x65, 0x72, 0x5f, 0x6d, 0x61, 0x78, 0x52, 0x61, 0x6e, 0x67, 0x65, 0x12, 0x00, // enter_maxRange..
	0xa0, 0x00, 0x01, 0x00, 0x00, 0x00, 0x00, 0x00, 0x15, 0x62, 0x6c, 0x65, 0x6e, 0x64, 0x5f, 0x6d, // .........blend_m
	0x6f, 0x64, 0x75, 0x6c, 0x61, 0x74, 0x65, 0x5f, 0x76, 0x73, 0x5f, 0x61, 0x64, 0x64, 0x12, 0x00, // odulate_vs_add..
	0xb0, 0x00, 0x01, 0x00, 0x00, 0x00, 0x00, 0x00, 0xf4, 0x07, 0x00, 0x00, 0x44, 0x58, 0x42, 0x43, // ............DXBC
	0xe4, 0x94, 0x36, 0x07, 0xfd, 0x74, 0x30, 0x6b, 0xec, 0x90, 0x45, 0xf8, 0x80, 0x8a, 0x27, 0xc5, // ..6..t0k..E...'.
	0x01, 0x00, 0x00, 0x00, 0xf4, 0x07, 0x00, 0x00, 0x03, 0x00, 0x00, 0x00, 0x2c, 0x00, 0x00, 0x00, // ............,...
	0x9c, 0x00, 0x00, 0x00, 0xd0, 0x00, 0x00, 0x00, 0x49, 0x53, 0x47, 0x4e, 0x68, 0x00, 0x00, 0x00, // ........ISGNh...
	0x03, 0x00, 0x00, 0x00, 0x08, 0x00, 0x00, 0x00, 0x50, 0x00, 0x00, 0x00, 0x00, 0x00, 0x00, 0x00, // ........P.......
	0x01, 0x00, 0x00, 0x00, 0x03, 0x00, 0x00, 0x00, 0x00, 0x00, 0x00, 0x00, 0x0f, 0x00, 0x00, 0x00, // ................
	0x5c, 0x00, 0x00, 0x00, 0x03, 0x00, 0x00, 0x00, 0x00, 0x00, 0x00, 0x00, 0x03, 0x00, 0x00, 0x00, // ................
	0x01, 0x00, 0x00, 0x00, 0x01, 0x00, 0x00, 0x00, 0x5c, 0x00, 0x00, 0x00, 0x01, 0x00, 0x00, 0x00, // ................
	0x00, 0x00, 0x00, 0x00, 0x03, 0x00, 0x00, 0x00, 0x01, 0x00, 0x00, 0x00, 0x0e, 0x0e, 0x00, 0x00, // ................
	0x53, 0x56, 0x5f, 0x50, 0x4f, 0x53, 0x49, 0x54, 0x49, 0x4f, 0x4e, 0x00, 0x54, 0x45, 0x58, 0x43, // SV_POSITION.TEXC
	0x4f, 0x4f, 0x52, 0x44, 0x00, 0xab, 0xab, 0xab, 0x4f, 0x53, 0x47, 0x4e, 0x2c, 0x00, 0x00, 0x00, // OORD....OSGN,...
	0x01, 0x00, 0x00, 0x00, 0x08, 0x00, 0x00, 0x00, 0x20, 0x00, 0x00, 0x00, 0x00, 0x00, 0x00, 0x00, // ........ .......
	0x00, 0x00, 0x00, 0x00, 0x03, 0x00, 0x00, 0x00, 0x00, 0x00, 0x00, 0x00, 0x0f, 0x00, 0x00, 0x00, // ................
	0x53, 0x56, 0x5f, 0x54, 0x41, 0x52, 0x47, 0x45, 0x54, 0x00, 0xab, 0xab, 0x53, 0x48, 0x45, 0x58, // SV_TARGET...SHEX
	0x1c, 0x07, 0x00, 0x00, 0x50, 0x00, 0x00, 0x00, 0xc7, 0x01, 0x00, 0x00, 0x6a, 0x28, 0x00, 0x01, // ....P.......j(..
	0x59, 0x08, 0x00, 0x04, 0x46, 0x8e, 0x20, 0x00, 0x00, 0x00, 0x00, 0x00, 0x0c, 0x00, 0x00, 0x00, // Y...F. .........
	0x62, 0x10, 0x00, 0x03, 0xe2, 0x10, 0x10, 0x00, 0x01, 0x00, 0x00, 0x00, 0x65, 0x00, 0x00, 0x03, // b...........e...
	0xf2, 0x20, 0x10, 0x00, 0x00, 0x00, 0x00, 0x00, 0x68, 0x00, 0x00, 0x02, 0x06, 0x00, 0x00, 0x00, // . ......h.......
	0x00, 0x00, 0x00, 0x09, 0x72, 0x00, 0x10, 0x00, 0x00, 0x00, 0x00, 0x00, 0x96, 0x17, 0x10, 0x00, // ....r...........
	0x01, 0x00, 0x00, 0x00, 0x46, 0x82, 0x20, 0x80, 0x41, 0x00, 0x00, 0x00, 0x00, 0x00, 0x00, 0x00, // ....F. .A.......
	0x0a, 0x00, 0x00, 0x00, 0x10, 0x00, 0x00, 0x07, 0x82, 0x00, 0x10, 0x00, 0x00, 0x00, 0x00, 0x00, // ................
	0x46, 0x02, 0x10, 0x00, 0x00, 0x00, 0x00, 0x00, 0x46, 0x02, 0x10, 0x00, 0x00, 0x00, 0x00, 0x00, // F.......F.......
	0x4b, 0x00, 0x00, 0x05, 0x12, 0x00, 0x10, 0x00, 0x01, 0x00, 0x00, 0x00, 0x3a, 0x00, 0x10, 0x00, // K...........:...
	0x00, 0x00, 0x00, 0x00, 0x38, 0x00, 0x00, 0x08, 0x12, 0x00, 0x10, 0x00, 0x01, 0x00, 0x00, 0x00, // ....8...........
	0x0a, 0x00, 0x10, 0x00, 0x01, 0x00, 0x00, 0x00, 0x3a, 0x80, 0x20, 0x00, 0x00, 0x00, 0x00, 0x00, // ........:. .....
	0x0a, 0x00, 0x00, 0x00, 0x36, 0x20, 0x00, 0x05, 0x22, 0x00, 0x10, 0x00, 0x01, 0x00, 0x00, 0x00, // ....6 ..".......
	0x0a, 0x00, 0x10, 0x00, 0x01, 0x00, 0x00, 0x00, 0x00, 0x00, 0x00, 0x08, 0x22, 0x00, 0x10, 0x00, // ............"...
	0x01, 0x00, 0x00, 0x00, 0x1a, 0x00, 0x10, 0x80, 0x41, 0x00, 0x00, 0x00, 0x01, 0x00, 0x00, 0x00, // ........A.......
	0x01, 0x40, 0x00, 0x00, 0x00, 0x00, 0x80, 0x3f, 0x2f, 0x00, 0x00, 0x05, 0x22, 0x00, 0x10, 0x00, // .@.....?/..."...
	0x01, 0x00, 0x00, 0x00, 0x1a, 0x00, 0x10, 0x00, 0x01, 0x00, 0x00, 0x00, 0x38, 0x00, 0x00, 0x08, // ............8...
	0x22, 0x00, 0x10, 0x00, 0x01, 0x00, 0x00, 0x00, 0x1a, 0x00, 0x10, 0x00, 0x01, 0x00, 0x00, 0x00, // "...............
	0x3a, 0x80, 0x20, 0x00, 0x00, 0x00, 0x00, 0x00, 0x09, 0x00, 0x00, 0x00, 0x19, 0x00, 0x00, 0x05, // :. .............
	0x22, 0x00, 0x10, 0x00, 0x01, 0x00, 0x00, 0x00, 0x1a, 0x00, 0x10, 0x00, 0x01, 0x00, 0x00, 0x00, // "...............
	0x4b, 0x00, 0x00, 0x05, 0x12, 0x00, 0x10, 0x00, 0x01, 0x00, 0x00, 0x00, 0x0a, 0x00, 0x10, 0x00, // K...............
	0x01, 0x00, 0x00, 0x00, 0x00, 0x00, 0x00, 0x0a, 0x72, 0x00, 0x10, 0x00, 0x02, 0x00, 0x00, 0x00, // ........r.......
	0x46, 0x82, 0x20, 0x00, 0x00, 0x00, 0x00, 0x00, 0x08, 0x00, 0x00, 0x00, 0x46, 0x82, 0x20, 0x80, // F. .........F. .
	0x41, 0x00, 0x00, 0x00, 0x00, 0x00, 0x00, 0x00, 0x09, 0x00, 0x00, 0x00, 0x32, 0x00, 0x00, 0x0a, // A...........2...
	0xd2, 0x00, 0x10, 0x00, 0x01, 0x00, 0x00, 0x00, 0x06, 0x00, 0x10, 0x00, 0x01, 0x00, 0x00, 0x00, // ................
	0x06, 0x09, 0x10, 0x00, 0x02, 0x00, 0x00, 0x00, 0x06, 0x89, 0x20, 0x00, 0x00, 0x00, 0x00, 0x00, // .......... .....
	0x09, 0x00, 0x00, 0x00, 0x38, 0x00, 0x00, 0x09, 0x22, 0x00, 0x10, 0x00, 0x01, 0x00, 0x00, 0x00, // ....8...".......
	0x1a, 0x00, 0x10, 0x00, 0x01, 0x00, 0x00, 0x00, 0x0a, 0x80, 0x20, 0x80, 0x41, 0x00, 0x00, 0x00, // .......... .A...
	0x00, 0x00, 0x00, 0x00, 0x0b, 0x00, 0x00, 0x00, 0x38, 0x00, 0x00, 0x08, 0x22, 0x00, 0x10, 0x00, // ........8..."...
	0x01, 0x00, 0x00, 0x00, 0x1a, 0x00, 0x10, 0x00, 0x01, 0x00, 0x00, 0x00, 0x3a, 0x80, 0x20, 0x00, // ............:. .
	0x00, 0x00, 0x00, 0x00, 0x08, 0x00, 0x00, 0x00, 0x38, 0x00, 0x00, 0x07, 0x72, 0x00, 0x10, 0x00, // ........8...r...
	0x01, 0x00, 0x00, 0x00, 0x56, 0x05, 0x10, 0x00, 0x01, 0x00, 0x00, 0x00, 0x86, 0x03, 0x10, 0x00, // ....V...........
	0x01, 0x00, 0x00, 0x00, 0x36, 0x00, 0x00, 0x05, 0x42, 0x00, 0x10, 0x00, 0x02, 0x00, 0x00, 0x00, // ....6...B.......
	0x01, 0x40, 0x00, 0x00, 0x00, 0x00, 0x00, 0x00, 0x36, 0x00, 0x00, 0x08, 0x72, 0x00, 0x10, 0x00, // .@......6...r...
	0x03, 0x00, 0x00, 0x00, 0x02, 0x40, 0x00, 0x00, 0x00, 0x00, 0x00, 0x00, 0x00, 0x00, 0x80, 0x3f, // .....@.........?
	0x00, 0x00, 0x00, 0x00, 0x00, 0x00, 0x00, 0x00, 0x36, 0x00, 0x00, 0x05, 0x82, 0x00, 0x10, 0x00, // ........6.......
	0x01, 0x00, 0x00, 0x00, 0x01, 0x40, 0x00, 0x00, 0x00, 0x00, 0x00, 0x00, 0x30, 0x00, 0x00, 0x01, // .....@......0...
	0x21, 0x00, 0x00, 0x07, 0x82, 0x00, 0x10, 0x00, 0x02, 0x00, 0x00, 0x00, 0x2a, 0x00, 0x10, 0x00, // !...........*...
	0x03, 0x00, 0x00, 0x00, 0x01, 0x40, 0x00, 0x00, 0x08, 0x00, 0x00, 0x00, 0x36, 0x00, 0x00, 0x05, // .....@......6...
	0x82, 0x00, 0x10, 0x00, 0x01, 0x00, 0x00, 0x00, 0x01, 0x40, 0x00, 0x00, 0x00, 0x00, 0x00, 0x00, // .........@......
	0x03, 0x00, 0x04, 0x03, 0x3a, 0x00, 0x10, 0x00, 0x02, 0x00, 0x00, 0x00, 0x18, 0x00, 0x00, 0x09, // ....:...........
	0x82, 0x00, 0x10, 0x00, 0x02, 0x00, 0x00, 0x00, 0x01, 0x40, 0x00, 0x00, 0x00, 0x00, 0x00, 0x00, // .........@......
	0x3a, 0x80, 0x20, 0x04, 0x00, 0x00, 0x00, 0x00, 0x2a, 0x00, 0x10, 0x00, 0x03, 0x00, 0x00, 0x00, // :. .....*.......
	0x1f, 0x00, 0x04, 0x03, 0x3a, 0x00, 0x10, 0x00, 0x02, 0x00, 0x00, 0x00, 0x36, 0x00, 0x00, 0x05, // ....:.......6...
	0x32, 0x00, 0x10, 0x00, 0x03, 0x00, 0x00, 0x00, 0x56, 0x05, 0x10, 0x00, 0x03, 0x00, 0x00, 0x00, // 2.......V.......
	0x36, 0x00, 0x00, 0x05, 0x82, 0x00, 0x10, 0x00, 0x01, 0x00, 0x00, 0x00, 0x01, 0x40, 0x00, 0x00, // 6............@..
	0xff, 0xff, 0xff, 0xff, 0x02, 0x00, 0x00, 0x01, 0x15, 0x00, 0x00, 0x01, 0x00, 0x00, 0x00, 0x0b, // ................
	0x72, 0x00, 0x10, 0x00, 0x04, 0x00, 0x00, 0x00, 0x46, 0x82, 0x20, 0x80, 0x41, 0x00, 0x00, 0x00, // r.......F. .A...
	0x00, 0x00, 0x00, 0x00, 0x0a, 0x00, 0x00, 0x00, 0x46, 0x82, 0x20, 0x04, 0x00, 0x00, 0x00, 0x00, // ........F. .....
	0x2a, 0x00, 0x10, 0x00, 0x03, 0x00, 0x00, 0x00, 0x10, 0x00, 0x00, 0x07, 0x82, 0x00, 0x10, 0x00, // *...............
	0x03, 0x00, 0x00, 0x00, 0x46, 0x02, 0x10, 0x00, 0x04, 0x00, 0x00, 0x00, 0x46, 0x02, 0x10, 0x00, // ....F.......F...
	0x00, 0x00, 0x00, 0x00, 0x0e, 0x00, 0x00, 0x07, 0x82, 0x00, 0x10, 0x00, 0x03, 0x00, 0x00, 0x00, // ................
	0x3a, 0x00, 0x10, 0x00, 0x03, 0x00, 0x00, 0x00, 0x3a, 0x00, 0x10, 0x00, 0x00, 0x00, 0x00, 0x00, // :.......:.......
	0x31, 0x00, 0x00, 0x07, 0x82, 0x00, 0x10, 0x00, 0x04, 0x00, 0x00, 0x00, 0x01, 0x40, 0x00, 0x00, // 1............@..
	0x00, 0x00, 0x00, 0x00, 0x3a, 0x00, 0x10, 0x00, 0x03, 0x00, 0x00, 0x00, 0x31, 0x00, 0x00, 0x07, // ....:.......1...
	0x12, 0x00, 0x10, 0x00, 0x05, 0x00, 0x00, 0x00, 0x3a, 0x00, 0x10, 0x00, 0x03, 0x00, 0x00, 0x00, // ........:.......
	0x01, 0x40, 0x00, 0x00, 0x00, 0x00, 0x80, 0x3f, 0x01, 0x00, 0x00, 0x07, 0x82, 0x00, 0x10, 0x00, // .@.....?........
	0x04, 0x00, 0x00, 0x00, 0x3a, 0x00, 0x10, 0x00, 0x04, 0x00, 0x00, 0x00, 0x0a, 0x00, 0x10, 0x00, // ....:...........
	0x05, 0x00, 0x00, 0x00, 0x1f, 0x00, 0x04, 0x03, 0x3a, 0x00, 0x10, 0x00, 0x04, 0x00, 0x00, 0x00, // ........:.......
	0x32, 0x00, 0x00, 0x0a, 0x72, 0x00, 0x10, 0x00, 0x05, 0x00, 0x00, 0x00, 0xf6, 0x0f, 0x10, 0x80, // 2...r...........
	0x41, 0x00, 0x00, 0x00, 0x03, 0x00, 0x00, 0x00, 0x46, 0x02, 0x10, 0x00, 0x00, 0x00, 0x00, 0x00, // A.......F.......
	0x46, 0x02, 0x10, 0x00, 0x04, 0x00, 0x00, 0x00, 0x10, 0x00, 0x00, 0x07, 0x42, 0x00, 0x10, 0x00, // F...........B...
	0x04, 0x00, 0x00, 0x00, 0x46, 0x02, 0x10, 0x00, 0x05, 0x00, 0x00, 0x00, 0x46, 0x02, 0x10, 0x00, // ....F.......F...
	0x05, 0x00, 0x00, 0x00, 0x4b, 0x00, 0x00, 0x05, 0x42, 0x00, 0x10, 0x00, 0x04, 0x00, 0x00, 0x00, // ....K...B.......
	0x2a, 0x00, 0x10, 0x00, 0x04, 0x00, 0x00, 0x00, 0x32, 0x00, 0x00, 0x0a, 0x82, 0x00, 0x10, 0x00, // *.......2.......
	0x03, 0x00, 0x00, 0x00, 0x3a, 0x00, 0x10, 0x80, 0x41, 0x00, 0x00, 0x00, 0x03, 0x00, 0x00, 0x00, // ....:...A.......
	0x01, 0x40, 0x00, 0x00, 0x00, 0x00, 0xa0, 0x40, 0x01, 0x40, 0x00, 0x00, 0x00, 0x00, 0xa0, 0x40, // .@.....@.@.....@
	0x0f, 0x00, 0x00, 0x07, 0x12, 0x00, 0x10, 0x00, 0x04, 0x00, 0x00, 0x00, 0x46, 0x00, 0x10, 0x00, // ............F...
	0x04, 0x00, 0x00, 0x00, 0x46, 0x00, 0x10, 0x00, 0x04, 0x00, 0x00, 0x00, 0x38, 0x00, 0x00, 0x0b, // ....F.......8...
	0x22, 0x00, 0x10, 0x00, 0x04, 0x00, 0x00, 0x00, 0x3a, 0x80, 0x20, 0x04, 0x00, 0x00, 0x00, 0x00, // ".......:. .....
	0x2a, 0x00, 0x10, 0x00, 0x03, 0x00, 0x00, 0x00, 0x3a, 0x80, 0x20, 0x04, 0x00, 0x00, 0x00, 0x00, // *.......:. .....
	0x2a, 0x00, 0x10, 0x00, 0x03, 0x00, 0x00, 0x00, 0x0e, 0x00, 0x00, 0x07, 0x12, 0x00, 0x10, 0x00, // *...............
	0x04, 0x00, 0x00, 0x00, 0x0a, 0x00, 0x10, 0x00, 0x04, 0x00, 0x00, 0x00, 0x1a, 0x00, 0x10, 0x00, // ................
	0x04, 0x00, 0x00, 0x00, 0x33, 0x00, 0x00, 0x07, 0x12, 0x00, 0x10, 0x00, 0x04, 0x00, 0x00, 0x00, // ....3...........
	0x0a, 0x00, 0x10, 0x00, 0x04, 0x00, 0x00, 0x00, 0x01, 0x40, 0x00, 0x00, 0x00, 0x00, 0x80, 0x3f, // .........@.....?
	0x00, 0x00, 0x00, 0x0a, 0x22, 0x00, 0x10, 0x00, 0x04, 0x00, 0x00, 0x00, 0x3a, 0x00, 0x10, 0x80, // ....".......:...
	0x41, 0x00, 0x00, 0x00, 0x03, 0x00, 0x00, 0x00, 0x3a, 0x80, 0x20, 0x04, 0x00, 0x00, 0x00, 0x00, // A.......:. .....
	0x2a, 0x00, 0x10, 0x00, 0x03, 0x00, 0x00, 0x00, 0x00, 0x00, 0x00, 0x09, 0x82, 0x00, 0x10, 0x00, // *...............
	0x03, 0x00, 0x00, 0x00, 0x3a, 0x00, 0x10, 0x00, 0x03, 0x00, 0x00, 0x00, 0x3a, 0x80, 0x20, 0x04, // ....:.......:. .
	0x00, 0x00, 0x00, 0x00, 0x2a, 0x00, 0x10, 0x00, 0x03, 0x00, 0x00, 0x00, 0x00, 0x00, 0x00, 0x08, // ....*...........
	0x82, 0x00, 0x10, 0x00, 0x03, 0x00, 0x00, 0x00, 0x1a, 0x00, 0x10, 0x80, 0x41, 0x00, 0x00, 0x00, // ............A...
	0x04, 0x00, 0x00, 0x00, 0x3a, 0x00, 0x10, 0x00, 0x03, 0x00, 0x00, 0x00, 0x00, 0x00, 0x00, 0x08, // ....:...........
	0x22, 0x00, 0x10, 0x00, 0x04, 0x00, 0x00, 0x00, 0x1a, 0x00, 0x10, 0x80, 0x41, 0x00, 0x00, 0x00, // "...........A...
	0x04, 0x00, 0x00, 0x00, 0x2a, 0x00, 0x10, 0x00, 0x04, 0x00, 0x00, 0x00, 0x0e, 0x00, 0x00, 0x0a, // ....*...........
	0x82, 0x00, 0x10, 0x00, 0x03, 0x00, 0x00, 0x00, 0x02, 0x40, 0x00, 0x00, 0x00, 0x00, 0x80, 0x3f, // .........@.....?
	0x00, 0x00, 0x80, 0x3f, 0x00, 0x00, 0x80, 0x3f, 0x00, 0x00, 0x80, 0x3f, 0x3a, 0x00, 0x10, 0x00, // ...?...?...?:...
	0x03, 0x00, 0x00, 0x00, 0x38, 0x20, 0x00, 0x07, 0x82, 0x00, 0x10, 0x00, 0x03, 0x00, 0x00, 0x00, // ....8 ..........
	0x3a, 0x00, 0x10, 0x00, 0x03, 0x00, 0x00, 0x00, 0x1a, 0x00, 0x10, 0x00, 0x04, 0x00, 0x00, 0x00, // :...............
	0x32, 0x00, 0x00, 0x09, 0x22, 0x00, 0x10, 0x00, 0x04, 0x00, 0x00, 0x00, 0x3a, 0x00, 0x10, 0x00, // 2...".......:...
	0x03, 0x00, 0x00, 0x00, 0x01, 0x40, 0x00, 0x00, 0x00, 0x00, 0x00, 0xc0, 0x01, 0x40, 0x00, 0x00, // .....@.......@..
	0x00, 0x00, 0x40, 0x40, 0x38, 0x00, 0x00, 0x07, 0x82, 0x00, 0x10, 0x00, 0x03, 0x00, 0x00, 0x00, // ..@@8...........
	0x3a, 0x00, 0x10, 0x00, 0x03, 0x00, 0x00, 0x00, 0x3a, 0x00, 0x10, 0x00, 0x03, 0x00, 0x00, 0x00, // :.......:.......
	0x38, 0x00, 0x00, 0x07, 0x82, 0x00, 0x10, 0x00, 0x03, 0x00, 0x00, 0x00, 0x3a, 0x00, 0x10, 0x00, // 8...........:...
	0x03, 0x00, 0x00, 0x00, 0x1a, 0x00, 0x10, 0x00, 0x04, 0x00, 0x00, 0x00, 0x32, 0x00, 0x00, 0x09, // ............2...
	0x82, 0x00, 0x10, 0x00, 0x03, 0x00, 0x00, 0x00, 0x3a, 0x00, 0x10, 0x00, 0x03, 0x00, 0x00, 0x00, // ........:.......
	0x01, 0x40, 0x00, 0x00, 0x66, 0x66, 0x66, 0x3f, 0x01, 0x40, 0x00, 0x00, 0x66, 0x66, 0x66, 0xbf, // .@..fff?.@..fff.
	0x32, 0x00, 0x00, 0x09, 0x82, 0x00, 0x10, 0x00, 0x03, 0x00, 0x00, 0x00, 0x0a, 0x00, 0x10, 0x00, // 2...............
	0x04, 0x00, 0x00, 0x00, 0x3a, 0x00, 0x10, 0x00, 0x03, 0x00, 0x00, 0x00, 0x01, 0x40, 0x00, 0x00, // ....:........@..
	0x00, 0x00, 0x80, 0x3f, 0x38, 0x00, 0x00, 0x07, 0x12, 0x00, 0x10, 0x00, 0x02, 0x00, 0x00, 0x00, // ...?8...........
	0x3a, 0x00, 0x10, 0x00, 0x03, 0x00, 0x00, 0x00, 0x1a, 0x00, 0x10, 0x00, 0x03, 0x00, 0x00, 0x00, // :...............
	0x12, 0x00, 0x00, 0x01, 0x36, 0x00, 0x00, 0x05, 0x12, 0x00, 0x10, 0x00, 0x02, 0x00, 0x00, 0x00, // ....6...........
	0x1a, 0x00, 0x10, 0x00, 0x03, 0x00, 0x00, 0x00, 0x15, 0x00, 0x00, 0x01, 0x1e, 0x00, 0x00, 0x07, // ................
	0x22, 0x00, 0x10, 0x00, 0x02, 0x00, 0x00, 0x00, 0x2a, 0x00, 0x10, 0x00, 0x03, 0x00, 0x00, 0x00, // ".......*.......
	0x01, 0x40, 0x00, 0x00, 0x01, 0x00, 0x00, 0x00, 0x36, 0x00, 0x00, 0x05, 0x72, 0x00, 0x10, 0x00, // .@......6...r...
	0x03, 0x00, 0x00, 0x00, 0x26, 0x09, 0x10, 0x00, 0x02, 0x00, 0x00, 0x00, 0x36, 0x00, 0x00, 0x05, // ....&.......6...
	0x82, 0x00, 0x10, 0x00, 0x01, 0x00, 0x00, 0x00, 0x3a, 0x00, 0x10, 0x00, 0x02, 0x00, 0x00, 0x00, // ........:.......
	0x16, 0x00, 0x00, 0x01, 0x37, 0x00, 0x00, 0x09, 0x12, 0x00, 0x10, 0x00, 0x00, 0x00, 0x00, 0x00, // ....7...........
	0x3a, 0x00, 0x10, 0x00, 0x01, 0x00, 0x00, 0x00, 0x0a, 0x00, 0x10, 0x00, 0x03, 0x00, 0x00, 0x00, // :...............
	0x1a, 0x00, 0x10, 0x00, 0x03, 0x00, 0x00, 0x00, 0x38, 0x00, 0x00, 0x07, 0x72, 0x20, 0x10, 0x00, // ........8...r ..
	0x00, 0x00, 0x00, 0x00, 0x06, 0x00, 0x10, 0x00, 0x00, 0x00, 0x00, 0x00, 0x46, 0x02, 0x10, 0x00, // ............F...
	0x01, 0x00, 0x00, 0x00, 0x0e, 0x00, 0x00, 0x0b, 0x12, 0x00, 0x10, 0x00, 0x00, 0x00, 0x00, 0x00, // ................
	0x02, 0x40, 0x00, 0x00, 0x00, 0x00, 0x80, 0x3f, 0x00, 0x00, 0x80, 0x3f, 0x00, 0x00, 0x80, 0x3f, // .@.....?...?...?
	0x00, 0x00, 0x80, 0x3f, 0x0a, 0x80, 0x20, 0x00, 0x00, 0x00, 0x00, 0x00, 0x0b, 0x00, 0x00, 0x00, // ...?.. .........
	0x00, 0x00, 0x00, 0x07, 0x82, 0x20, 0x10, 0x00, 0x00, 0x00, 0x00, 0x00, 0x0a, 0x00, 0x10, 0x00, // ..... ..........
	0x00, 0x00, 0x00, 0x00, 0x01, 0x40, 0x00, 0x00, 0x00, 0x00, 0x80, 0xbf, 0x3e, 0x00, 0x00, 0x01, // .....@......>...
	0x00, 0x00, 0xc0, 0x00,                                                                         // ....
};
static const uint8_t fs_light_ballshadow_clip_dxil[3128] =
{
	0x46, 0x53, 0x48, 0x0c, 0xb6, 0x35, 0xc4, 0x5b, 0x00, 0x00, 0x00, 0x00, 0x00, 0x00, 0x00, 0x00, // FSH..5.[........
	0x00, 0x00, 0x00, 0x00, 0x05, 0x00, 0x05, 0x62, 0x61, 0x6c, 0x6c, 0x73, 0x12, 0x08, 0x00, 0x00, // .......balls....
	0x08, 0x00, 0x00, 0x00, 0x00, 0x00, 0x14, 0x6c, 0x69, 0x67, 0x68, 0x74, 0x43, 0x6f, 0x6c, 0x6f, // .......lightColo
	0x72, 0x5f, 0x69, 0x6e, 0x74, 0x65, 0x6e, 0x73, 0x69, 0x74, 0x79, 0x12, 0x00, 0x80, 0x00, 0x01, // r_intensity.....
	0x00, 0x00, 0x00, 0x00, 0x00, 0x19, 0x6c, 0x69, 0x67, 0x68, 0x74, 0x43, 0x6f, 0x6c, 0x6f, 0x72, // ......lightColor
	0x32, 0x5f, 0x66, 0x61, 0x6c, 0x6c, 0x6f, 0x66, 0x66, 0x5f, 0x70, 0x6f, 0x77, 0x65, 0x72, 0x12, // 2_falloff_power.
	0x00, 0x90, 0x00, 0x01, 0x00, 0x00, 0x00, 0x00, 0x00, 0x14, 0x6c, 0x69, 0x67, 0x68, 0x74, 0x43, // ..........lightC
	0x65, 0x6e, 0x74, 0x65, 0x72, 0x5f, 0x6d, 0x61, 0x78, 0x52, 0x61, 0x6e, 0x67, 0x65, 0x12, 0x00, // enter_maxRange..
	0xa0, 0x00, 0x01, 0x00, 0x00, 0x00, 0x00, 0x00, 0x15, 0x62, 0x6c, 0x65, 0x6e, 0x64, 0x5f, 0x6d, // .........blend_m
	0x6f, 0x64, 0x75, 0x6c, 0x61, 0x74, 0x65, 0x5f, 0x76, 0x73, 0x5f, 0x61, 0x64, 0x64, 0x12, 0x00, // odulate_vs_add..
	0xb0, 0x00, 0x01, 0x00, 0x00, 0x00, 0x00, 0x00, 0x88, 0x0b, 0x00, 0x00, 0x44, 0x58, 0x42, 0x43, // ............DXBC
	0xb9, 0xbf, 0xe4, 0x3b, 0xc6, 0xe5, 0x58, 0x95, 0xac, 0xa6, 0x4f, 0x34, 0xa8, 0x26, 0x67, 0x88, // ...;..X...O4.&g.
	0x01, 0x00, 0x00, 0x00, 0x88, 0x0b, 0x00, 0x00, 0x07, 0x00, 0x00, 0x00, 0x3c, 0x00, 0x00, 0x00, // ............<...
	0x4c, 0x00, 0x00, 0x00, 0xd4, 0x00, 0x00, 0x00, 0x10, 0x01, 0x00, 0x00, 0x00, 0x02, 0x00, 0x00, // L...............
	0x34, 0x02, 0x00, 0x00, 0x50, 0x02, 0x00, 0x00, 0x53, 0x46, 0x49, 0x30, 0x08, 0x00, 0x00, 0x00, // 4...P...SFI0....
	0x00, 0x00, 0x00, 0x00, 0x00, 0x00, 0x00, 0x00, 0x49, 0x53, 0x47, 0x31, 0x80, 0x00, 0x00, 0x00, // ........ISG1....
	0x03, 0x00, 0x00, 0x00, 0x08, 0x00, 0x00, 0x00, 0x00, 0x00, 0x00, 0x00, 0x68, 0x00, 0x00, 0x00, // ............h...
	0x00, 0x00, 0x00, 0x00, 0x01, 0x00, 0x00, 0x00, 0x03, 0x00, 0x00, 0x00, 0x00, 0x00, 0x00, 0x00, // ................
	0x0f, 0x00, 0x00, 0x00, 0x00, 0x00, 0x00, 0x00, 0x00, 0x00, 0x00, 0x00, 0x74, 0x00, 0x00, 0x00, // ............t...
	0x03, 0x00, 0x00, 0x00, 0x00, 0x00, 0x00, 0x00, 0x03, 0x00, 0x00, 0x00, 0x01, 0x00, 0x00, 0x00, // ................
	0x01, 0x00, 0x00, 0x00, 0x00, 0x00, 0x00, 0x00, 0x00, 0x00, 0x00, 0x00, 0x74, 0x00, 0x00, 0x00, // ............t...
	0x01, 0x00, 0x00, 0x00, 0x00, 0x00, 0x00, 0x00, 0x03, 0x00, 0x00, 0x00, 0x01, 0x00, 0x00, 0x00, // ................
	0x0e, 0x0e, 0x00, 0x00, 0x00, 0x00, 0x00, 0x00, 0x53, 0x56, 0x5f, 0x50, 0x6f, 0x73, 0x69, 0x74, // ........SV_Posit
	0x69, 0x6f, 0x6e, 0x00, 0x54, 0x45, 0x58, 0x43, 0x4f, 0x4f, 0x52, 0x44, 0x00, 0x00, 0x00, 0x00, // ion.TEXCOORD....
	0x4f, 0x53, 0x47, 0x31, 0x34, 0x00, 0x00, 0x00, 0x01, 0x00, 0x00, 0x00, 0x08, 0x00, 0x00, 0x00, // OSG14...........
	0x00, 0x00, 0x00, 0x00, 0x28, 0x00, 0x00, 0x00, 0x00, 0x00, 0x00, 0x00, 0x40, 0x00, 0x00, 0x00, // ....(.......@...
	0x03, 0x00, 0x00, 0x00, 0x00, 0x00, 0x00, 0x00, 0x0f, 0x00, 0x00, 0x00, 0x00, 0x00, 0x00, 0x00, // ................
	0x53, 0x56, 0x5f, 0x54, 0x61, 0x72, 0x67, 0x65, 0x74, 0x00, 0x00, 0x00, 0x50, 0x53, 0x56, 0x30, // SV_Target...PSV0
	0xe8, 0x00, 0x00, 0x00, 0x34, 0x00, 0x00, 0x00, 0x00, 0x00, 0x00, 0x00, 0x00, 0x00, 0x00, 0x00, // ....4...........
	0x00, 0x00, 0x00, 0x00, 0x00, 0x00, 0x00, 0x00, 0x00, 0x00, 0x00, 0x00, 0xff, 0xff, 0xff, 0xff, // ................
	0x00, 0x00, 0x00, 0x00, 0x03, 0x01, 0x00, 0x02, 0x01, 0x00, 0x00, 0x00, 0x00, 0x00, 0x00, 0x00, // ................
	0x00, 0x00, 0x00, 0x00, 0x00, 0x00, 0x00, 0x00, 0x13, 0x00, 0x00, 0x00, 0x01, 0x00, 0x00, 0x00, // ................
	0x18, 0x00, 0x00, 0x00, 0x02, 0x00, 0x00, 0x00, 0x00, 0x00, 0x00, 0x00, 0x00, 0x00, 0x00, 0x00, // ................
	0x00, 0x00, 0x00, 0x00, 0x0d, 0x00, 0x00, 0x00, 0x00, 0x00, 0x00, 0x00, 0x18, 0x00, 0x00, 0x00, // ................
	0x00, 0x54, 0x45, 0x58, 0x43, 0x4f, 0x4f, 0x52, 0x44, 0x00, 0x54, 0x45, 0x58, 0x43, 0x4f, 0x4f, // .TEXCOORD.TEXCOO
	0x52, 0x44, 0x00, 0x6d, 0x61, 0x69, 0x6e, 0x00, 0x03, 0x00, 0x00, 0x00, 0x00, 0x00, 0x00, 0x00, // RD.main.........
	0x03, 0x00, 0x00, 0x00, 0x01, 0x00, 0x00, 0x00, 0x10, 0x00, 0x00, 0x00, 0x00, 0x00, 0x00, 0x00, // ................
	0x00, 0x00, 0x00, 0x00, 0x01, 0x00, 0x44, 0x03, 0x03, 0x04, 0x00, 0x00, 0x01, 0x00, 0x00, 0x00, // ......D.........
	0x01, 0x00, 0x00, 0x00, 0x01, 0x01, 0x41, 0x00, 0x03, 0x02, 0x00, 0x00, 0x0a, 0x00, 0x00, 0x00, // ......A.........
	0x02, 0x00, 0x00, 0x00, 0x01, 0x01, 0x53, 0x00, 0x03, 0x02, 0x00, 0x00, 0x00, 0x00, 0x00, 0x00, // ......S.........
	0x00, 0x00, 0x00, 0x00, 0x01, 0x00, 0x44, 0x10, 0x03, 0x00, 0x00, 0x00, 0x00, 0x00, 0x00, 0x00, // ......D.........
	0x00, 0x00, 0x00, 0x00, 0x00, 0x00, 0x00, 0x00, 0x00, 0x00, 0x00, 0x00, 0x00, 0x00, 0x00, 0x00, // ................
	0x07, 0x00, 0x00, 0x00, 0x07, 0x00, 0x00, 0x00, 0x07, 0x00, 0x00, 0x00, 0x49, 0x4c, 0x44, 0x4e, // ............ILDN
	0x2c, 0x00, 0x00, 0x00, 0x00, 0x00, 0x24, 0x00, 0x32, 0x34, 0x32, 0x36, 0x65, 0x61, 0x61, 0x30, // ,.....$.2426eaa0
	0x61, 0x38, 0x61, 0x36, 0x38, 0x31, 0x63, 0x64, 0x66, 0x32, 0x62, 0x64, 0x34, 0x35, 0x39, 0x36, // a8a681cdf2bd4596
	0x36, 0x64, 0x35, 0x30, 0x61, 0x32, 0x65, 0x39, 0x2e, 0x70, 0x64, 0x62, 0x00, 0x00, 0x00, 0x00, // 6d50a2e9.pdb....
	0x48, 0x41, 0x53, 0x48, 0x14, 0x00, 0x00, 0x00, 0x00, 0x00, 0x00, 0x00, 0x24, 0x26, 0xea, 0xa0, // HASH........$&..
	0xa8, 0xa6, 0x81, 0xcd, 0xf2, 0xbd, 0x45, 0x96, 0x6d, 0x50, 0xa2, 0xe9, 0x44, 0x58, 0x49, 0x4c, // ......E.mP..DXIL
	0x30, 0x09, 0x00, 0x00, 0x60, 0x00, 0x00, 0x00, 0x4c, 0x02, 0x00, 0x00, 0x44, 0x58, 0x49, 0x4c, // 0...`...L...DXIL
	0x00, 0x01, 0x00, 0x00, 0x10, 0x00, 0x00, 0x00, 0x18, 0x09, 0x00, 0x00, 0x42, 0x43, 0xc0, 0xde, // ............BC..
	0x21, 0x0c, 0x00, 0x00, 0x43, 0x02, 0x00, 0x00, 0x0b, 0x82, 0x20, 0x00, 0x02, 0x00, 0x00, 0x00, // !...C..... .....
	0x13, 0x00, 0x00, 0x00, 0x07, 0x81, 0x23, 0x91, 0x41, 0xc8, 0x04, 0x49, 0x06, 0x10, 0x32, 0x39, // ......#.A..I..29
	0x92, 0x01, 0x84, 0x0c, 0x25, 0x05, 0x08, 0x19, 0x1e, 0x04, 0x8b, 0x62, 0x80, 0x14, 0x45, 0x02, // ....%......b..E.
	0x42, 0x92, 0x0b, 0x42, 0xa4, 0x10, 0x32, 0x14, 0x38, 0x08, 0x18, 0x4b, 0x0a, 0x32, 0x52, 0x88, // B..B..2.8..K.2R.
	0x48, 0x90, 0x14, 0x20, 0x43, 0x46, 0x88, 0xa5, 0x00, 0x19, 0x32, 0x42, 0xe4, 0x48, 0x0e, 0x90, // H.. CF....2B.H..
	0x91, 0x22, 0xc4, 0x50, 0x41, 0x51, 0x81, 0x8c, 0xe1, 0x83, 0xe5, 0x8a, 0x04, 0x29, 0x46, 0x06, // .".PAQ.......)F.
	0x51, 0x18, 0x00, 0x00, 0x08, 0x00, 0x00, 0x00, 0x1b, 0x8c, 0xe0, 0xff, 0xff, 0xff, 0xff, 0x07, // Q...............
	0x40, 0x02, 0xa8, 0x0d, 0x84, 0xf0, 0xff, 0xff, 0xff, 0xff, 0x03, 0x20, 0x6d, 0x30, 0x86, 0xff, // @.......... m0..
	0xff, 0xff, 0xff, 0x1f, 0x00, 0x09, 0xa8, 0x00, 0x49, 0x18, 0x00, 0x00, 0x03, 0x00, 0x00, 0x00, // ........I.......
	0x13, 0x82, 0x60, 0x42, 0x20, 0x4c, 0x08, 0x06, 0x00, 0x00, 0x00, 0x00, 0x89, 0x20, 0x00, 0x00, // ..`B L....... ..
	0x27, 0x00, 0x00, 0x00, 0x32, 0x22, 0x48, 0x09, 0x20, 0x64, 0x85, 0x04, 0x93, 0x22, 0xa4, 0x84, // '...2"H. d..."..
	0x04, 0x93, 0x22, 0xe3, 0x84, 0xa1, 0x90, 0x14, 0x12, 0x4c, 0x8a, 0x8c, 0x0b, 0x84, 0xa4, 0x4c, // .."......L.....L
	0x10, 0x78, 0x23, 0x00, 0x25, 0x00, 0x14, 0x66, 0x00, 0xe6, 0x08, 0xc0, 0x60, 0x8e, 0x00, 0x29, // .x#.%..f....`..)
	0xc6, 0x20, 0x84, 0x14, 0x42, 0xa6, 0x18, 0x80, 0x10, 0x52, 0x06, 0xa1, 0x32, 0x0c, 0x32, 0x48, // . ..B....R..2.2H
	0x15, 0x64, 0x90, 0x31, 0xc6, 0x18, 0x83, 0xd8, 0x51, 0xc3, 0xe5, 0x4f, 0xd8, 0x43, 0x48, 0x3e, // .d.1....Q..O.CH>
	0xb7, 0x51, 0xc5, 0x4a, 0x4c, 0x7e, 0x71, 0xdb, 0x88, 0x18, 0x63, 0x0c, 0x2a, 0xf7, 0x0c, 0x97, // .Q.JL~q...c.*...
	0x3f, 0x61, 0x0f, 0x21, 0xf9, 0x21, 0xd0, 0x0c, 0x0b, 0x81, 0x82, 0x57, 0x08, 0x47, 0x20, 0xa1, // ?a.!.!.....W.G .
	0x38, 0x47, 0x10, 0x14, 0x03, 0x92, 0x42, 0xc8, 0x24, 0x3a, 0x10, 0x30, 0x8c, 0x40, 0x0c, 0x89, // 8G....B.$:.0.@..
	0x70, 0x67, 0x42, 0xc8, 0xe0, 0x14, 0xd8, 0xe1, 0x1d, 0xc4, 0x21, 0x1c, 0xd8, 0x61, 0x1e, 0x50, // pgB.......!..a.P
	0x81, 0xef, 0xbd, 0x97, 0x72, 0x2a, 0x90, 0x39, 0x02, 0x50, 0x98, 0x02, 0x00, 0x00, 0x00, 0x00, // ....r*.9.P......
	0x13, 0x14, 0x72, 0xc0, 0x87, 0x74, 0x60, 0x87, 0x36, 0x68, 0x87, 0x79, 0x68, 0x03, 0x72, 0xc0, // ..r..t`.6h.yh.r.
	0x87, 0x0d, 0xaf, 0x50, 0x0e, 0x6d, 0xd0, 0x0e, 0x7a, 0x50, 0x0e, 0x6d, 0x00, 0x0f, 0x7a, 0x30, // ...P.m..zP.m..z0
	0x07, 0x72, 0xa0, 0x07, 0x73, 0x20, 0x07, 0x6d, 0x90, 0x0e, 0x71, 0xa0, 0x07, 0x73, 0x20, 0x07, // .r..s .m..q..s .
	0x6d, 0x90, 0x0e, 0x78, 0xa0, 0x07, 0x73, 0x20, 0x07, 0x6d, 0x90, 0x0e, 0x71, 0x60, 0x07, 0x7a, // m..x..s .m..q`.z
	0x30, 0x07, 0x72, 0xd0, 0x06, 0xe9, 0x30, 0x07, 0x72, 0xa0, 0x07, 0x73, 0x20, 0x07, 0x6d, 0x90, // 0.r...0.r..s .m.
	0x0e, 0x76, 0x40, 0x07, 0x7a, 0x60, 0x07, 0x74, 0xd0, 0x06, 0xe6, 0x10, 0x07, 0x76, 0xa0, 0x07, // .v@.z`.t.....v..
	0x73, 0x20, 0x07, 0x6d, 0x60, 0x0e, 0x73, 0x20, 0x07, 0x7a, 0x30, 0x07, 0x72, 0xd0, 0x06, 0xe6, // s .m`.s .z0.r...
	0x60, 0x07, 0x74, 0xa0, 0x07, 0x76, 0x40, 0x07, 0x6d, 0xe0, 0x0e, 0x78, 0xa0, 0x07, 0x71, 0x60, // `.t..v@.m..x..q`
	0x07, 0x7a, 0x30, 0x07, 0x72, 0xa0, 0x07, 0x76, 0x40, 0x07, 0x43, 0x9e, 0x00, 0x00, 0x00, 0x00, // .z0.r..v@.C.....
	0x00, 0x00, 0x00, 0x00, 0x00, 0x00, 0x00, 0x86, 0x3c, 0x06, 0x10, 0x00, 0x01, 0x00, 0x00, 0x00, // ........<.......
	0x00, 0x00, 0x00, 0x00, 0x0c, 0x79, 0x10, 0x20, 0x00, 0x04, 0x00, 0x00, 0x00, 0x00, 0x00, 0x00, // .....y. ........
	0x00, 0x18, 0xf2, 0x28, 0x40, 0x00, 0x04, 0x00, 0x00, 0x00, 0x00, 0x00, 0x00, 0x00, 0x30, 0xe4, // ...(@.........0.
	0x61, 0x80, 0x00, 0x08, 0x00, 0x00, 0x00, 0x00, 0x00, 0x00, 0x00, 0x60, 0xc8, 0x13, 0x01, 0x01, // a..........`....
	0x30, 0x00, 0x00, 0x00, 0x00, 0x00, 0x00, 0x00, 0xc0, 0x90, 0x87, 0x02, 0x02, 0x60, 0x00, 0x00, // 0............`..
	0x00, 0x00, 0x00, 0x00, 0x00, 0x80, 0x2c, 0x10, 0x0f, 0x00, 0x00, 0x00, 0x32, 0x1e, 0x98, 0x14, // ......,.....2...
	0x19, 0x11, 0x4c, 0x90, 0x8c, 0x09, 0x26, 0x47, 0xc6, 0x04, 0x43, 0x22, 0x25, 0x30, 0x02, 0x50, // ..L...&G..C"%0.P
	0x12, 0xc5, 0x50, 0x80, 0x03, 0x65, 0x50, 0x04, 0xe5, 0x50, 0x1e, 0x54, 0x4a, 0xa2, 0x0c, 0x0a, // ..P..eP..P.TJ...
	0x61, 0x04, 0xa0, 0x08, 0x4a, 0xa0, 0x40, 0x88, 0x17, 0x04, 0xed, 0xb1, 0x14, 0x84, 0x00, 0x00, // a...J.@.........
	0x00, 0x00, 0x8e, 0xe3, 0x20, 0x3d, 0x03, 0x00, 0x79, 0x18, 0x00, 0x00, 0x68, 0x00, 0x00, 0x00, // .... =..y...h...
	0x1a, 0x03, 0x4c, 0x90, 0x46, 0x02, 0x13, 0xc4, 0x34, 0x20, 0xc3, 0x1b, 0x43, 0x81, 0x93, 0x4b, // ..L.F...4 ..C..K
	0xb3, 0x0b, 0xa3, 0x2b, 0x4b, 0x01, 0x89, 0x71, 0xc9, 0x71, 0x81, 0x71, 0xa9, 0xa1, 0x81, 0x91, // ...+K..q.q.q....
	0x01, 0x41, 0x81, 0x21, 0x9b, 0x29, 0x2b, 0xb3, 0x11, 0xab, 0xa9, 0x69, 0x21, 0x4b, 0x93, 0xa3, // .A.!.)+....i!K..
	0xcb, 0x4b, 0xd9, 0x10, 0x04, 0x13, 0x04, 0xe2, 0x98, 0x20, 0x10, 0xc8, 0x06, 0x61, 0x20, 0x26, // .K....... ...a &
	0x08, 0x44, 0xb2, 0x41, 0x18, 0x0c, 0x0a, 0x70, 0x73, 0x13, 0x04, 0x42, 0xd9, 0x30, 0x20, 0x09, // .D.A...ps..B.0 .
	0x31, 0x41, 0xd0, 0x32, 0x02, 0x13, 0x04, 0x62, 0xd9, 0x80, 0x10, 0x0b, 0x43, 0x10, 0x43, 0x03, // 1A.2...b....C.C.
	0x6c, 0x08, 0x9c, 0x0d, 0x04, 0x00, 0x3c, 0xc0, 0x04, 0x61, 0xc3, 0x36, 0x04, 0xd1, 0x04, 0x41, // l.....<..a.6...A
	0x00, 0x48, 0xb4, 0x85, 0xa5, 0xb9, 0x71, 0x99, 0xb2, 0xfa, 0x82, 0x7a, 0x9b, 0x4b, 0xa3, 0x4b, // .H....q....z.K.K
	0x7b, 0x73, 0x9b, 0x20, 0x14, 0xd0, 0x04, 0xa1, 0x88, 0x36, 0x04, 0xc4, 0x04, 0xa1, 0x90, 0x26, // {s. .....6.....&
	0x08, 0xc5, 0xb4, 0x61, 0x21, 0x2a, 0xeb, 0xc2, 0xb2, 0x21, 0x23, 0x34, 0x80, 0x08, 0x55, 0x11, // ...a!*...!#4..U.
	0xd6, 0xd0, 0xd3, 0x93, 0x14, 0xd1, 0x04, 0x81, 0x60, 0x36, 0x04, 0xdd, 0x04, 0xa1, 0xa0, 0x26, // ........`6.....&
	0x08, 0x45, 0xb5, 0x61, 0x19, 0x38, 0x4b, 0xf3, 0xbe, 0x01, 0x0c, 0x06, 0x0d, 0x98, 0x20, 0x10, // .E.a.8K....... .
	0xcd, 0x86, 0x60, 0x98, 0x20, 0x10, 0xce, 0x06, 0xa1, 0x23, 0x83, 0x0d, 0x8b, 0x18, 0x70, 0x96, // ..`. ....#....p.
	0x36, 0x06, 0xdf, 0x70, 0x0d, 0x60, 0x50, 0x06, 0x1b, 0x86, 0x2d, 0x0c, 0xcc, 0x80, 0xc9, 0x94, // 6..p.`P...-.....
	0xd5, 0x17, 0x55, 0x98, 0xdc, 0x59, 0x19, 0xdd, 0x04, 0xa1, 0xb0, 0x26, 0x08, 0xc4, 0xb3, 0x41, // ..U..Y.....&...A
	0xe8, 0xd4, 0x60, 0xc3, 0x42, 0xa0, 0x81, 0x95, 0x06, 0x98, 0x36, 0x64, 0x84, 0xb6, 0x06, 0x1b, // ..`.B.....6d....
	0x02, 0x36, 0xd8, 0x30, 0x9c, 0x41, 0x1b, 0x00, 0x13, 0x04, 0xee, 0xda, 0x20, 0x10, 0x6f, 0xb0, // .6.0.A...... .o.
	0xa1, 0x98, 0x28, 0x37, 0x80, 0xe0, 0x80, 0x14, 0x19, 0x9e, 0xcb, 0xd8, 0x9b, 0x1b, 0x9d, 0xdc, // ..(7............
	0x1b, 0x9b, 0x19, 0xdb, 0xdb, 0x9d, 0x0b, 0x5a, 0x9a, 0x1b, 0xdd, 0xdc, 0x8a, 0x61, 0x0e, 0xe4, // .......Z.....a..
	0x60, 0xa8, 0xc2, 0xc6, 0x66, 0xd7, 0xe6, 0x92, 0x46, 0x56, 0xe6, 0x46, 0x37, 0x25, 0x08, 0xaa, // `...f...FV.F7%..
	0x90, 0xe1, 0xb9, 0xd8, 0x95, 0xc9, 0xcd, 0xa5, 0xbd, 0xb9, 0x4d, 0x09, 0x88, 0x26, 0x64, 0x78, // ..........M..&dx
	0x2e, 0x76, 0x61, 0x6c, 0x76, 0x65, 0x72, 0x53, 0x02, 0xa3, 0x0e, 0x19, 0x9e, 0xcb, 0x1c, 0x5a, // .valverS.......Z
	0x18, 0x59, 0x99, 0x5c, 0xd3, 0x1b, 0x59, 0x19, 0xdb, 0x94, 0x20, 0x29, 0x43, 0x86, 0xe7, 0x22, // .Y....Y... )C.."
	0x57, 0x36, 0xf7, 0x56, 0x27, 0x37, 0x56, 0x36, 0x37, 0x25, 0x78, 0xea, 0x90, 0xe1, 0xb9, 0xd8, // W6.V'7V67%x.....
	0xa5, 0x95, 0xdd, 0x25, 0x91, 0x4d, 0xd1, 0x85, 0xd1, 0x95, 0x4d, 0x09, 0xa2, 0x3a, 0x64, 0x78, // ...%.M....M..:dx
	0x2e, 0x65, 0x6e, 0x74, 0x72, 0x79, 0x50, 0x6f, 0x69, 0x6e, 0x74, 0x73, 0x53, 0x02, 0x38, 0x00, // .entryPointsS.8.
	0x79, 0x18, 0x00, 0x00, 0x59, 0x00, 0x00, 0x00, 0x33, 0x08, 0x80, 0x1c, 0xc4, 0xe1, 0x1c, 0x66, // y...Y...3......f
	0x14, 0x01, 0x3d, 0x88, 0x43, 0x38, 0x84, 0xc3, 0x8c, 0x42, 0x80, 0x07, 0x79, 0x78, 0x07, 0x73, // ..=.C8...B..yx.s
	0x98, 0x71, 0x0c, 0xe6, 0x00, 0x0f, 0xed, 0x10, 0x0e, 0xf4, 0x80, 0x0e, 0x33, 0x0c, 0x42, 0x1e, // .q..........3.B.
	0xc2, 0xc1, 0x1d, 0xce, 0xa1, 0x1c, 0x66, 0x30, 0x05, 0x3d, 0x88, 0x43, 0x38, 0x84, 0x83, 0x1b, // ......f0.=.C8...
	0xcc, 0x03, 0x3d, 0xc8, 0x43, 0x3d, 0x8c, 0x03, 0x3d, 0xcc, 0x78, 0x8c, 0x74, 0x70, 0x07, 0x7b, // ..=.C=..=.x.tp.{
	0x08, 0x07, 0x79, 0x48, 0x87, 0x70, 0x70, 0x07, 0x7a, 0x70, 0x03, 0x76, 0x78, 0x87, 0x70, 0x20, // ..yH.pp.zp.vx.p 
	0x87, 0x19, 0xcc, 0x11, 0x0e, 0xec, 0x90, 0x0e, 0xe1, 0x30, 0x0f, 0x6e, 0x30, 0x0f, 0xe3, 0xf0, // .........0.n0...
	0x0e, 0xf0, 0x50, 0x0e, 0x33, 0x10, 0xc4, 0x1d, 0xde, 0x21, 0x1c, 0xd8, 0x21, 0x1d, 0xc2, 0x61, // ..P.3....!..!..a
	0x1e, 0x66, 0x30, 0x89, 0x3b, 0xbc, 0x83, 0x3b, 0xd0, 0x43, 0x39, 0xb4, 0x03, 0x3c, 0xbc, 0x83, // .f0.;..;.C9..<..
	0x3c, 0x84, 0x03, 0x3b, 0xcc, 0xf0, 0x14, 0x76, 0x60, 0x07, 0x7b, 0x68, 0x07, 0x37, 0x68, 0x87, // <..;...v`.{h.7h.
	0x72, 0x68, 0x07, 0x37, 0x80, 0x87, 0x70, 0x90, 0x87, 0x70, 0x60, 0x07, 0x76, 0x28, 0x07, 0x76, // rh.7..p..p`.v(.v
	0xf8, 0x05, 0x76, 0x78, 0x87, 0x77, 0x80, 0x87, 0x5f, 0x08, 0x87, 0x71, 0x18, 0x87, 0x72, 0x98, // ..vx.w.._..q..r.
	0x87, 0x79, 0x98, 0x81, 0x2c, 0xee, 0xf0, 0x0e, 0xee, 0xe0, 0x0e, 0xf5, 0xc0, 0x0e, 0xec, 0x30, // .y..,..........0
	0x03, 0x62, 0xc8, 0xa1, 0x1c, 0xe4, 0xa1, 0x1c, 0xcc, 0xa1, 0x1c, 0xe4, 0xa1, 0x1c, 0xdc, 0x61, // .b.............a
	0x1c, 0xca, 0x21, 0x1c, 0xc4, 0x81, 0x1d, 0xca, 0x61, 0x06, 0xd6, 0x90, 0x43, 0x39, 0xc8, 0x43, // ..!.....a...C9.C
	0x39, 0x98, 0x43, 0x39, 0xc8, 0x43, 0x39, 0xb8, 0xc3, 0x38, 0x94, 0x43, 0x38, 0x88, 0x03, 0x3b, // 9.C9.C9..8.C8..;
	0x94, 0xc3, 0x2f, 0xbc, 0x83, 0x3c, 0xfc, 0x82, 0x3b, 0xd4, 0x03, 0x3b, 0xb0, 0xc3, 0x0c, 0xc4, // ../..<..;..;....
	0x21, 0x07, 0x7c, 0x70, 0x03, 0x7a, 0x28, 0x87, 0x76, 0x80, 0x87, 0x19, 0xd5, 0x43, 0x0e, 0xf8, // !.|p.z(.v....C..
	0xe0, 0x06, 0xe3, 0xf0, 0x0e, 0xee, 0x40, 0x0f, 0xf2, 0xf0, 0x0e, 0xec, 0x60, 0x0e, 0xec, 0xf0, // ......@.....`...
	0x0e, 0xf7, 0xe0, 0x06, 0xe8, 0x90, 0x0e, 0xee, 0x40, 0x0f, 0xf3, 0x30, 0x23, 0x82, 0xc8, 0x01, // ........@..0#...
	0x1f, 0xdc, 0x80, 0x1c, 0xc4, 0xe1, 0x1c, 0xdc, 0xc0, 0x1e, 0xc2, 0x41, 0x1e, 0xd8, 0x21, 0x1c, // ...........A..!.
	0xf2, 0xe1, 0x1d, 0xea, 0x81, 0x1e, 0x66, 0x30, 0x11, 0x39, 0xe0, 0x83, 0x1b, 0x88, 0x83, 0x3c, // ......f0.9.....<
	0x94, 0x43, 0x38, 0xac, 0x83, 0x1b, 0x88, 0x83, 0x3c, 0x00, 0x00, 0x00, 0x71, 0x20, 0x00, 0x00, // .C8.....<...q ..
	0x1b, 0x00, 0x00, 0x00, 0x56, 0xb0, 0x0d, 0x97, 0xef, 0x3c, 0xbe, 0x10, 0x50, 0x45, 0x41, 0x44, // ....V....<..PEAD
	0xa5, 0x03, 0x0c, 0x25, 0x61, 0x00, 0x02, 0xe6, 0x17, 0xb7, 0x6d, 0x06, 0xd2, 0x70, 0xf9, 0xce, // ...%a.....m..p..
	0xe3, 0x0b, 0x11, 0x01, 0x4c, 0x44, 0x08, 0x34, 0xc3, 0x42, 0x18, 0x81, 0x33, 0x5c, 0xbe, 0xf3, // ....LD.4.B..3...
	0xf8, 0x83, 0x33, 0xdd, 0x7e, 0x71, 0xdb, 0x16, 0x30, 0x0d, 0x97, 0xef, 0x3c, 0xfe, 0xe2, 0x00, // ..3.~q..0...<...
	0x83, 0xd8, 0x3c, 0xd4, 0xe4, 0x17, 0xb7, 0x6d, 0x02, 0xd5, 0x70, 0xf9, 0xce, 0xe3, 0x4b, 0x93, // ..<....m..p...K.
	0x13, 0x11, 0x28, 0x35, 0x3d, 0xd4, 0xe4, 0x17, 0xb7, 0x6d, 0x03, 0xcf, 0x70, 0xf9, 0xce, 0xe3, // ..(5=....m..p...
	0x53, 0x0d, 0x10, 0x61, 0x7e, 0x71, 0xdb, 0x06, 0x40, 0x30, 0x00, 0xd2, 0x00, 0x00, 0x00, 0x00, // S..a~q..@0......
	0x61, 0x20, 0x00, 0x00, 0xc6, 0x00, 0x00, 0x00, 0x13, 0x04, 0x46, 0x2c, 0x10, 0x00, 0x00, 0x00, // a ........F,....
	0x17, 0x00, 0x00, 0x00, 0x34, 0x47, 0x00, 0x88, 0x94, 0x5b, 0x59, 0x94, 0x4a, 0xb9, 0x14, 0x45, // ....4G...[Y.J..E
	0xc9, 0x15, 0x44, 0xc1, 0xcc, 0x00, 0x94, 0x5d, 0x29, 0x14, 0x02, 0x8d, 0x31, 0x02, 0x10, 0x04, // ..D....])...1...
	0x41, 0xfc, 0x17, 0xc6, 0x08, 0xcc, 0x39, 0x67, 0xed, 0x5f, 0x18, 0x23, 0x30, 0xe7, 0x9c, 0xb5, // A.....9g._.#0...
	0xbf, 0x31, 0x02, 0x10, 0x04, 0x41, 0x12, 0x0c, 0xc6, 0x08, 0x40, 0x10, 0x04, 0x41, 0x30, 0x18, // .1...A....@..A0.
	0x23, 0x00, 0x41, 0x10, 0x04, 0x41, 0x61, 0x8c, 0x00, 0x04, 0x41, 0x50, 0x06, 0x83, 0x31, 0x02, // #.A..Aa...AP..1.
	0x10, 0x04, 0x41, 0x15, 0x0c, 0x46, 0x00, 0xc6, 0x08, 0x40, 0x10, 0x04, 0xf1, 0x0f, 0x00, 0x00, // ..A..F...@......
	0x23, 0x06, 0x09, 0x00, 0x82, 0x60, 0x40, 0xad, 0x41, 0xd4, 0xa5, 0x41, 0x1a, 0x5c, 0x23, 0x06, // #....`@.A..A..#.
	0x09, 0x00, 0x82, 0x60, 0x60, 0xc4, 0x01, 0x53, 0x06, 0x6a, 0xf0, 0x3d, 0x23, 0x06, 0x09, 0x00, // ...``..S.j.=#...
	0x82, 0x60, 0x60, 0xc8, 0x41, 0x63, 0x06, 0x6b, 0xe0, 0x41, 0x23, 0x06, 0x09, 0x00, 0x82, 0x60, // .``.Ac.k.A#....`
	0x60, 0xcc, 0x81, 0x73, 0x06, 0x6c, 0x00, 0x06, 0xd1, 0x88, 0xc1, 0x01, 0x80, 0x20, 0x18, 0x44, // `..s.l....... .D
	0x70, 0x10, 0x11, 0xd6, 0x68, 0x42, 0x00, 0x8c, 0x26, 0x08, 0xc1, 0x68, 0xc2, 0x20, 0xd8, 0x31, // p...hB..&..h. .1
	0xc4, 0xc7, 0x8e, 0x21, 0x3e, 0x76, 0x0c, 0xf1, 0xb1, 0x61, 0x90, 0x8f, 0x0d, 0x83, 0x7c, 0x4c, // ...!>v...a....|L
	0x08, 0xe0, 0x63, 0x04, 0x21, 0x1f, 0x13, 0x02, 0xf8, 0x8c, 0x18, 0x18, 0x00, 0x08, 0x82, 0x81, // ..c.!...........
	0xe2, 0x07, 0x5f, 0x30, 0x9a, 0xd0, 0x0c, 0x16, 0x08, 0xf2, 0x19, 0x31, 0x38, 0x00, 0x10, 0x04, // .._0.......18...
	0x83, 0xe8, 0x0f, 0xc0, 0x60, 0xda, 0x83, 0xd1, 0x84, 0x60, 0x18, 0x31, 0x30, 0x00, 0x10, 0x04, // ....`....`.10...
	0x03, 0x65, 0x14, 0xf0, 0x60, 0xb0, 0x2b, 0x88, 0xcf, 0x88, 0x81, 0x01, 0x80, 0x20, 0x18, 0x28, // .e..`.+...... .(
	0xa5, 0xa0, 0x06, 0x81, 0x05, 0x84, 0x7c, 0x46, 0x0c, 0x0c, 0x00, 0x04, 0xc1, 0x40, 0x39, 0x85, // ......|F.....@9.
	0x36, 0x08, 0x46, 0x0c, 0x0c, 0x00, 0x04, 0xc1, 0x40, 0x41, 0x85, 0x34, 0x40, 0x46, 0x0c, 0x0e, // 6.F.....@A.4@F..
	0x00, 0x04, 0xc1, 0x20, 0x3a, 0x05, 0x34, 0xd8, 0xd6, 0x60, 0x34, 0x21, 0x00, 0x46, 0x13, 0x84, // ... :.4..`4!.F..
	0x60, 0x34, 0x61, 0x10, 0x46, 0x13, 0x18, 0x60, 0x34, 0xa1, 0x09, 0x46, 0x13, 0x1c, 0xc1, 0x8c, // `4a.F..`4..F....
	0x21, 0x3e, 0x66, 0x0c, 0xf1, 0x31, 0x63, 0x88, 0x8f, 0x0d, 0x8b, 0x7c, 0x6c, 0x60, 0xe4, 0x63, // !>f..1c....|l`.c
	0x43, 0x23, 0x1f, 0x1b, 0x12, 0xf8, 0xd8, 0x90, 0xc0, 0xc7, 0x86, 0x04, 0x3e, 0x23, 0x06, 0x07, // C#..........>#..
	0x00, 0x82, 0x60, 0x10, 0xdd, 0x02, 0x1e, 0xac, 0x01, 0x28, 0x8c, 0x26, 0x04, 0xc0, 0x68, 0x82, // ..`......(.&..h.
	0x34, 0x58, 0x15, 0xc8, 0xc7, 0x82, 0x41, 0x3e, 0x56, 0x07, 0x41, 0x7c, 0x2c, 0x09, 0xe4, 0x63, // 4X....A>V.A|,..c
	0x89, 0x20, 0x1f, 0x4b, 0x06, 0xf9, 0xcc, 0x12, 0x04, 0x03, 0x15, 0x83, 0x3a, 0x00, 0xe9, 0x40, // . .K........:..@
	0x0c, 0x54, 0x10, 0x7c, 0x01, 0xa4, 0x03, 0x31, 0x62, 0x70, 0x00, 0x20, 0x08, 0x06, 0x91, 0x38, // .T.|...1bp. ...8
	0x8c, 0x82, 0x1d, 0x04, 0xa3, 0x09, 0xc1, 0x30, 0x1c, 0x11, 0xe8, 0x41, 0xf0, 0xcd, 0x32, 0x14, // .......0...A..2.
	0x42, 0x30, 0x9a, 0x30, 0x00, 0xa3, 0x09, 0x44, 0x30, 0x9a, 0x50, 0x08, 0x36, 0xdc, 0x41, 0x7c, // B0.0...D0.P.6.A|
	0x6c, 0xb8, 0x83, 0xf8, 0xd8, 0x70, 0x07, 0xf1, 0x19, 0x31, 0x58, 0x00, 0x10, 0x04, 0x03, 0x86, // l....p...1X.....
	0x1d, 0x6a, 0x61, 0x10, 0x82, 0x3b, 0xb0, 0x83, 0x3a, 0x30, 0x38, 0x80, 0x03, 0xf9, 0x98, 0x10, // .ja..;..:08.....
	0xd0, 0x67, 0x38, 0x22, 0x20, 0x05, 0xe1, 0x1b, 0x8e, 0x10, 0x48, 0x81, 0xf8, 0x4a, 0x08, 0x74, // .g8" .....H..J.t
	0x96, 0x61, 0x20, 0x02, 0x23, 0xfa, 0x40, 0x3e, 0x56, 0xf4, 0x81, 0x7c, 0xcc, 0xe8, 0x03, 0xf9, // .a .#.@>V..|....
	0x18, 0x33, 0xc4, 0xc7, 0x98, 0x21, 0x3e, 0xc6, 0x0c, 0xf1, 0xb1, 0x61, 0x90, 0x8f, 0x0d, 0x83, // .3...!>....a....
	0x7c, 0x4c, 0x08, 0xe0, 0x63, 0x04, 0x21, 0x1f, 0x13, 0x02, 0xf8, 0x8c, 0x18, 0x18, 0x00, 0x08, // |L..c.!.........
	0x82, 0x81, 0xe2, 0x0f, 0xbf, 0x10, 0x18, 0x44, 0x0b, 0xf2, 0x31, 0xcb, 0x92, 0x8f, 0x59, 0x96, // .......D..1...Y.
	0x7c, 0x4c, 0x08, 0xe0, 0x63, 0x9e, 0x27, 0x1f, 0x13, 0x02, 0xfa, 0x8c, 0x18, 0x18, 0x00, 0x08, // |L..c.'.........
	0x82, 0x81, 0x52, 0x12, 0xfa, 0x10, 0xd8, 0xc5, 0x0b, 0xf2, 0xb1, 0x5e, 0x08, 0xe2, 0x63, 0xbd, // ..R........^..c.
	0x30, 0x06, 0xf1, 0xb1, 0x40, 0x89, 0x8f, 0x05, 0x0c, 0x7c, 0x2c, 0x20, 0xe8, 0x33, 0x62, 0x60, // 0...@....|, .3b`
	0x00, 0x20, 0x08, 0x06, 0x0a, 0x4b, 0x84, 0x44, 0x60, 0x41, 0x39, 0xc8, 0xc7, 0xce, 0x21, 0x88, // . ...K.D`A9...!.
	0x8f, 0x0d, 0x83, 0x7c, 0x2c, 0x50, 0x07, 0xf9, 0x58, 0x30, 0xc8, 0xc7, 0x82, 0x76, 0x80, 0x8f, // ...|,P..X0...v..
	0x05, 0x8e, 0x7c, 0x2c, 0x38, 0x07, 0xf8, 0x58, 0x30, 0x07, 0xf2, 0x99, 0x25, 0x20, 0x06, 0x2a, // ..|,8..X0...% .*
	0x06, 0x61, 0x40, 0x07, 0xc1, 0xe8, 0x60, 0x26, 0x60, 0x30, 0xdc, 0x10, 0xe8, 0x03, 0x1a, 0xcc, // .a@...`&`0......
	0x32, 0x04, 0x45, 0x30, 0x50, 0x31, 0xb8, 0x43, 0x60, 0x10, 0xb6, 0x07, 0x81, 0x7c, 0x6c, 0x0f, // 2.E0P1.C`....|l.
	0x04, 0xf9, 0xd8, 0x1e, 0x0c, 0xf2, 0x31, 0x78, 0x18, 0x05, 0xfa, 0x58, 0xa0, 0x0f, 0xf0, 0x19, // ......1x...X....
	0x31, 0x48, 0x00, 0x10, 0x04, 0x03, 0x04, 0x2c, 0xfa, 0x41, 0x27, 0x74, 0xe2, 0x25, 0x8a, 0x11, // 1H.....,.A't.%..
	0x83, 0x04, 0x00, 0x41, 0x30, 0x40, 0xc0, 0xa2, 0x1f, 0x74, 0x42, 0x27, 0x5a, 0x82, 0x18, 0x31, // ...A0@...tB'Z..1
	0x48, 0x00, 0x10, 0x04, 0x03, 0x04, 0x2c, 0xfa, 0x41, 0x27, 0x74, 0xc2, 0x25, 0x86, 0x11, 0x83, // H.....,.A't.%...
	0x04, 0x00, 0x41, 0x30, 0x40, 0xc0, 0xa2, 0x1f, 0x74, 0x42, 0x27, 0x62, 0x22, 0xc0, 0x80, 0x18, // ..A0@...tB'b"...
	0x02, 0x00, 0x00, 0x00, 0x5b, 0x06, 0x3d, 0x78, 0xe4, 0x00, 0x00, 0x00, 0x00, 0x00, 0x00, 0x00, // ....[.=x........
	0x00, 0x00, 0x00, 0x00, 0x00, 0x00, 0xc0, 0x00,                                                 // ........
};
static const uint8_t fs_light_ballshadow_clip_spv[3600] =
{
	0x46, 0x53, 0x48, 0x0c, 0xb6, 0x35, 0xc4, 0x5b, 0x00, 0x00, 0x00, 0x00, 0x00, 0x00, 0x00, 0x00, // FSH..5.[........
	0x00, 0x00, 0x00, 0x00, 0x05, 0x00, 0x05, 0x62, 0x61, 0x6c, 0x6c, 0x73, 0x12, 0x08, 0x00, 0x00, // .......balls....
	0x08, 0x00, 0x00, 0x00, 0x00, 0x00, 0x14, 0x6c, 0x69, 0x67, 0x68, 0x74, 0x43, 0x65, 0x6e, 0x74, // .......lightCent
	0x65, 0x72, 0x5f, 0x6d, 0x61, 0x78, 0x52, 0x61, 0x6e, 0x67, 0x65, 0x12, 0x01, 0xa0, 0x00, 0x01, // er_maxRange.....
	0x00, 0x00, 0x00, 0x00, 0x00, 0x19, 0x6c, 0x69, 0x67, 0x68, 0x74, 0x43, 0x6f, 0x6c, 0x6f, 0x72, // ......lightColor
	0x32, 0x5f, 0x66, 0x61, 0x6c, 0x6c, 0x6f, 0x66, 0x66, 0x5f, 0x70, 0x6f, 0x77, 0x65, 0x72, 0x12, // 2_falloff_power.
	0x01, 0x90, 0x00, 0x01, 0x00, 0x00, 0x00, 0x00, 0x00, 0x14, 0x6c, 0x69, 0x67, 0x68, 0x74, 0x43, // ..........lightC
	0x6f, 0x6c, 0x6f, 0x72, 0x5f, 0x69, 0x6e, 0x74, 0x65, 0x6e, 0x73, 0x69, 0x74, 0x79, 0x12, 0x01, // olor_intensity..
	0x80, 0x00, 0x01, 0x00, 0x00, 0x00, 0x00, 0x00, 0x15, 0x62, 0x6c, 0x65, 0x6e, 0x64, 0x5f, 0x6d, // .........blend_m
	0x6f, 0x64, 0x75, 0x6c, 0x61, 0x74, 0x65, 0x5f, 0x76, 0x73, 0x5f, 0x61, 0x64, 0x64, 0x12, 0x01, // odulate_vs_add..
	0xb0, 0x00, 0x01, 0x00, 0x00, 0x00, 0x00, 0x00, 0x60, 0x0d, 0x00, 0x00, 0x03, 0x02, 0x23, 0x07, // ........`.....#.
	0x00, 0x00, 0x01, 0x00, 0x0b, 0x00, 0x08, 0x00, 0x10, 0x02, 0x00, 0x00, 0x00, 0x00, 0x00, 0x00, // ................
	0x11, 0x00, 0x02, 0x00, 0x01, 0x00, 0x00, 0x00, 0x0b, 0x00, 0x06, 0x00, 0x01, 0x00, 0x00, 0x00, // ................
	0x47, 0x4c, 0x53, 0x4c, 0x2e, 0x73, 0x74, 0x64, 0x2e, 0x34, 0x35, 0x30, 0x00, 0x00, 0x00, 0x00, // GLSL.std.450....
	0x0e, 0x00, 0x03, 0x00, 0x00, 0x00, 0x00, 0x00, 0x01, 0x00, 0x00, 0x00, 0x0f, 0x00, 0x07, 0x00, // ................
	0x04, 0x00, 0x00, 0x00, 0x04, 0x00, 0x00, 0x00, 0x6d, 0x61, 0x69, 0x6e, 0x00, 0x00, 0x00, 0x00, // ........main....
	0x00, 0x01, 0x00, 0x00, 0x0d, 0x01, 0x00, 0x00, 0x10, 0x00, 0x03, 0x00, 0x04, 0x00, 0x00, 0x00, // ................
	0x07, 0x00, 0x00, 0x00, 0x10, 0x00, 0x03, 0x00, 0x04, 0x00, 0x00, 0x00, 0x09, 0x00, 0x00, 0x00, // ................
	0x03, 0x00, 0x03, 0x00, 0x05, 0x00, 0x00, 0x00, 0xf4, 0x01, 0x00, 0x00, 0x05, 0x00, 0x04, 0x00, // ................
	0x04, 0x00, 0x00, 0x00, 0x6d, 0x61, 0x69, 0x6e, 0x00, 0x00, 0x00, 0x00, 0x05, 0x00, 0x06, 0x00, // ....main........
	0x40, 0x00, 0x00, 0x00, 0x55, 0x6e, 0x69, 0x66, 0x6f, 0x72, 0x6d, 0x42, 0x6c, 0x6f, 0x63, 0x6b, // @...UniformBlock
	0x00, 0x00, 0x00, 0x00, 0x06, 0x00, 0x05, 0x00, 0x40, 0x00, 0x00, 0x00, 0x00, 0x00, 0x00, 0x00, // ........@.......
	0x62, 0x61, 0x6c, 0x6c, 0x73, 0x00, 0x00, 0x00, 0x06, 0x00, 0x09, 0x00, 0x40, 0x00, 0x00, 0x00, // balls.......@...
	0x01, 0x00, 0x00, 0x00, 0x6c, 0x69, 0x67, 0x68, 0x74, 0x43, 0x6f, 0x6c, 0x6f, 0x72, 0x5f, 0x69, // ....lightColor_i
	0x6e, 0x74, 0x65, 0x6e, 0x73, 0x69, 0x74, 0x79, 0x00, 0x00, 0x00, 0x00, 0x06, 0x00, 0x0a, 0x00, // ntensity........
	0x40, 0x00, 0x00, 0x00, 0x02, 0x00, 0x00, 0x00, 0x6c, 0x69, 0x67, 0x68, 0x74, 0x43, 0x6f, 0x6c, // @.......lightCol
	0x6f, 0x72, 0x32, 0x5f, 0x66, 0x61, 0x6c, 0x6c, 0x6f, 0x66, 0x66, 0x5f, 0x70, 0x6f, 0x77, 0x65, // or2_falloff_powe
	0x72, 0x00, 0x00, 0x00, 0x06, 0x00, 0x09, 0x00, 0x40, 0x00, 0x00, 0x00, 0x03, 0x00, 0x00, 0x00, // r.......@.......
	0x6c, 0x69, 0x67, 0x68, 0x74, 0x43, 0x65, 0x6e, 0x74, 0x65, 0x72, 0x5f, 0x6d, 0x61, 0x78, 0x52, // lightCenter_maxR
	0x61, 0x6e, 0x67, 0x65, 0x00, 0x00, 0x00, 0x00, 0x06, 0x00, 0x09, 0x00, 0x40, 0x00, 0x00, 0x00, // ange........@...
	0x04, 0x00, 0x00, 0x00, 0x62, 0x6c, 0x65, 0x6e, 0x64, 0x5f, 0x6d, 0x6f, 0x64, 0x75, 0x6c, 0x61, // ....blend_modula
	0x74, 0x65, 0x5f, 0x76, 0x73, 0x5f, 0x61, 0x64, 0x64, 0x00, 0x00, 0x00, 0x05, 0x00, 0x03, 0x00, // te_vs_add.......
	0x42, 0x00, 0x00, 0x00, 0x00, 0x00, 0x00, 0x00, 0x05, 0x00, 0x05, 0x00, 0x00, 0x01, 0x00, 0x00, // B...............
	0x76, 0x5f, 0x74, 0x61, 0x62, 0x6c, 0x65, 0x50, 0x6f, 0x73, 0x00, 0x00, 0x05, 0x00, 0x06, 0x00, // v_tablePos......
	0x0d, 0x01, 0x00, 0x00, 0x62, 0x67, 0x66, 0x78, 0x5f, 0x46, 0x72, 0x61, 0x67, 0x44, 0x61, 0x74, // ....bgfx_FragDat
	0x61, 0x30, 0x00, 0x00, 0x47, 0x00, 0x04, 0x00, 0x3f, 0x00, 0x00, 0x00, 0x06, 0x00, 0x00, 0x00, // a0..G...?.......
	0x10, 0x00, 0x00, 0x00, 0x47, 0x00, 0x03, 0x00, 0x40, 0x00, 0x00, 0x00, 0x02, 0x00, 0x00, 0x00, // ....G...@.......
	0x48, 0x00, 0x05, 0x00, 0x40, 0x00, 0x00, 0x00, 0x00, 0x00, 0x00, 0x00, 0x23, 0x00, 0x00, 0x00, // H...@.......#...
	0x00, 0x00, 0x00, 0x00, 0x48, 0x00, 0x05, 0x00, 0x40, 0x00, 0x00, 0x00, 0x01, 0x00, 0x00, 0x00, // ....H...@.......
	0x23, 0x00, 0x00, 0x00, 0x80, 0x00, 0x00, 0x00, 0x48, 0x00, 0x05, 0x00, 0x40, 0x00, 0x00, 0x00, // #.......H...@...
	0x02, 0x00, 0x00, 0x00, 0x23, 0x00, 0x00, 0x00, 0x90, 0x00, 0x00, 0x00, 0x48, 0x00, 0x05, 0x00, // ....#.......H...
	0x40, 0x00, 0x00, 0x00, 0x03, 0x00, 0x00, 0x00, 0x23, 0x00, 0x00, 0x00, 0xa0, 0x00, 0x00, 0x00, // @.......#.......
	0x48, 0x00, 0x05, 0x00, 0x40, 0x00, 0x00, 0x00, 0x04, 0x00, 0x00, 0x00, 0x23, 0x00, 0x00, 0x00, // H...@.......#...
	0xb0, 0x00, 0x00, 0x00, 0x47, 0x00, 0x04, 0x00, 0x42, 0x00, 0x00, 0x00, 0x21, 0x00, 0x00, 0x00, // ....G...B...!...
	0x01, 0x00, 0x00, 0x00, 0x47, 0x00, 0x04, 0x00, 0x42, 0x00, 0x00, 0x00, 0x22, 0x00, 0x00, 0x00, // ....G...B..."...
	0x00, 0x00, 0x00, 0x00, 0x47, 0x00, 0x04, 0x00, 0x00, 0x01, 0x00, 0x00, 0x1e, 0x00, 0x00, 0x00, // ....G...........
	0x01, 0x00, 0x00, 0x00, 0x47, 0x00, 0x04, 0x00, 0x0d, 0x01, 0x00, 0x00, 0x1e, 0x00, 0x00, 0x00, // ....G...........
	0x00, 0x00, 0x00, 0x00, 0x13, 0x00, 0x02, 0x00, 0x02, 0x00, 0x00, 0x00, 0x21, 0x00, 0x03, 0x00, // ............!...
	0x03, 0x00, 0x00, 0x00, 0x02, 0x00, 0x00, 0x00, 0x16, 0x00, 0x03, 0x00, 0x06, 0x00, 0x00, 0x00, // ................
	0x20, 0x00, 0x00, 0x00, 0x17, 0x00, 0x04, 0x00, 0x07, 0x00, 0x00, 0x00, 0x06, 0x00, 0x00, 0x00, //  ...............
	0x03, 0x00, 0x00, 0x00, 0x17, 0x00, 0x04, 0x00, 0x10, 0x00, 0x00, 0x00, 0x06, 0x00, 0x00, 0x00, // ................
	0x04, 0x00, 0x00, 0x00, 0x2b, 0x00, 0x04, 0x00, 0x06, 0x00, 0x00, 0x00, 0x2e, 0x00, 0x00, 0x00, // ....+...........
	0x00, 0x00, 0x80, 0x3f, 0x15, 0x00, 0x04, 0x00, 0x2f, 0x00, 0x00, 0x00, 0x20, 0x00, 0x00, 0x00, // ...?..../... ...
	0x01, 0x00, 0x00, 0x00, 0x2b, 0x00, 0x04, 0x00, 0x2f, 0x00, 0x00, 0x00, 0x32, 0x00, 0x00, 0x00, // ....+.../...2...
	0x00, 0x00, 0x00, 0x00, 0x2b, 0x00, 0x04, 0x00, 0x2f, 0x00, 0x00, 0x00, 0x39, 0x00, 0x00, 0x00, // ....+.../...9...
	0x08, 0x00, 0x00, 0x00, 0x14, 0x00, 0x02, 0x00, 0x3a, 0x00, 0x00, 0x00, 0x15, 0x00, 0x04, 0x00, // ........:.......
	0x3d, 0x00, 0x00, 0x00, 0x20, 0x00, 0x00, 0x00, 0x00, 0x00, 0x00, 0x00, 0x2b, 0x00, 0x04, 0x00, // =... .......+...
	0x3d, 0x00, 0x00, 0x00, 0x3e, 0x00, 0x00, 0x00, 0x08, 0x00, 0x00, 0x00, 0x1c, 0x00, 0x04, 0x00, // =...>...........
	0x3f, 0x00, 0x00, 0x00, 0x10, 0x00, 0x00, 0x00, 0x3e, 0x00, 0x00, 0x00, 0x1e, 0x00, 0x07, 0x00, // ?.......>.......
	0x40, 0x00, 0x00, 0x00, 0x3f, 0x00, 0x00, 0x00, 0x10, 0x00, 0x00, 0x00, 0x10, 0x00, 0x00, 0x00, // @...?...........
	0x10, 0x00, 0x00, 0x00, 0x10, 0x00, 0x00, 0x00, 0x20, 0x00, 0x04, 0x00, 0x41, 0x00, 0x00, 0x00, // ........ ...A...
	0x02, 0x00, 0x00, 0x00, 0x40, 0x00, 0x00, 0x00, 0x3b, 0x00, 0x04, 0x00, 0x41, 0x00, 0x00, 0x00, // ....@...;...A...
	0x42, 0x00, 0x00, 0x00, 0x02, 0x00, 0x00, 0x00, 0x2b, 0x00, 0x04, 0x00, 0x3d, 0x00, 0x00, 0x00, // B.......+...=...
	0x44, 0x00, 0x00, 0x00, 0x03, 0x00, 0x00, 0x00, 0x20, 0x00, 0x04, 0x00, 0x45, 0x00, 0x00, 0x00, // D....... ...E...
	0x02, 0x00, 0x00, 0x00, 0x06, 0x00, 0x00, 0x00, 0x2b, 0x00, 0x04, 0x00, 0x06, 0x00, 0x00, 0x00, // ........+.......
	0x49, 0x00, 0x00, 0x00, 0x00, 0x00, 0x00, 0x00, 0x20, 0x00, 0x04, 0x00, 0x51, 0x00, 0x00, 0x00, // I....... ...Q...
	0x02, 0x00, 0x00, 0x00, 0x10, 0x00, 0x00, 0x00, 0x2b, 0x00, 0x04, 0x00, 0x06, 0x00, 0x00, 0x00, // ........+.......
	0x72, 0x00, 0x00, 0x00, 0x00, 0x00, 0xa0, 0x40, 0x2b, 0x00, 0x04, 0x00, 0x3d, 0x00, 0x00, 0x00, // r......@+...=...
	0x7a, 0x00, 0x00, 0x00, 0x00, 0x00, 0x00, 0x00, 0x2b, 0x00, 0x04, 0x00, 0x06, 0x00, 0x00, 0x00, // z.......+.......
	0x8d, 0x00, 0x00, 0x00, 0x66, 0x66, 0x66, 0xbf, 0x2b, 0x00, 0x04, 0x00, 0x06, 0x00, 0x00, 0x00, // ....fff.+.......
	0x8e, 0x00, 0x00, 0x00, 0x66, 0x66, 0x66, 0x3f, 0x2b, 0x00, 0x04, 0x00, 0x2f, 0x00, 0x00, 0x00, // ....fff?+.../...
	0x9e, 0x00, 0x00, 0x00, 0x01, 0x00, 0x00, 0x00, 0x2b, 0x00, 0x04, 0x00, 0x2f, 0x00, 0x00, 0x00, // ........+.../...
	0xa8, 0x00, 0x00, 0x00, 0x03, 0x00, 0x00, 0x00, 0x2b, 0x00, 0x04, 0x00, 0x06, 0x00, 0x00, 0x00, // ........+.......
	0xb9, 0x00, 0x00, 0x00, 0x17, 0xb7, 0xd1, 0x38, 0x2b, 0x00, 0x04, 0x00, 0x2f, 0x00, 0x00, 0x00, // .......8+.../...
	0xbb, 0x00, 0x00, 0x00, 0x02, 0x00, 0x00, 0x00, 0x2b, 0x00, 0x04, 0x00, 0x2f, 0x00, 0x00, 0x00, // ........+.../...
	0xce, 0x00, 0x00, 0x00, 0x04, 0x00, 0x00, 0x00, 0x20, 0x00, 0x04, 0x00, 0xff, 0x00, 0x00, 0x00, // ........ .......
	0x01, 0x00, 0x00, 0x00, 0x07, 0x00, 0x00, 0x00, 0x3b, 0x00, 0x04, 0x00, 0xff, 0x00, 0x00, 0x00, // ........;.......
	0x00, 0x01, 0x00, 0x00, 0x01, 0x00, 0x00, 0x00, 0x20, 0x00, 0x04, 0x00, 0x0c, 0x01, 0x00, 0x00, // ........ .......
	0x03, 0x00, 0x00, 0x00, 0x10, 0x00, 0x00, 0x00, 0x3b, 0x00, 0x04, 0x00, 0x0c, 0x01, 0x00, 0x00, // ........;.......
	0x0d, 0x01, 0x00, 0x00, 0x03, 0x00, 0x00, 0x00, 0x2a, 0x00, 0x03, 0x00, 0x3a, 0x00, 0x00, 0x00, // ........*...:...
	0x25, 0x01, 0x00, 0x00, 0x29, 0x00, 0x03, 0x00, 0x3a, 0x00, 0x00, 0x00, 0x28, 0x01, 0x00, 0x00, // %...)...:...(...
	0x01, 0x00, 0x03, 0x00, 0x06, 0x00, 0x00, 0x00, 0xf4, 0x01, 0x00, 0x00, 0x01, 0x00, 0x03, 0x00, // ................
	0x10, 0x00, 0x00, 0x00, 0x0f, 0x02, 0x00, 0x00, 0x36, 0x00, 0x05, 0x00, 0x02, 0x00, 0x00, 0x00, // ........6.......
	0x04, 0x00, 0x00, 0x00, 0x00, 0x00, 0x00, 0x00, 0x03, 0x00, 0x00, 0x00, 0xf8, 0x00, 0x02, 0x00, // ................
	0x05, 0x00, 0x00, 0x00, 0x3d, 0x00, 0x04, 0x00, 0x07, 0x00, 0x00, 0x00, 0x01, 0x01, 0x00, 0x00, // ....=...........
	0x00, 0x01, 0x00, 0x00, 0x41, 0x00, 0x05, 0x00, 0x51, 0x00, 0x00, 0x00, 0x3b, 0x01, 0x00, 0x00, // ....A...Q...;...
	0x42, 0x00, 0x00, 0x00, 0xa8, 0x00, 0x00, 0x00, 0x3d, 0x00, 0x04, 0x00, 0x10, 0x00, 0x00, 0x00, // B.......=.......
	0x3c, 0x01, 0x00, 0x00, 0x3b, 0x01, 0x00, 0x00, 0x4f, 0x00, 0x08, 0x00, 0x07, 0x00, 0x00, 0x00, // <...;...O.......
	0x3d, 0x01, 0x00, 0x00, 0x3c, 0x01, 0x00, 0x00, 0x3c, 0x01, 0x00, 0x00, 0x00, 0x00, 0x00, 0x00, // =...<...<.......
	0x01, 0x00, 0x00, 0x00, 0x02, 0x00, 0x00, 0x00, 0x83, 0x00, 0x05, 0x00, 0x07, 0x00, 0x00, 0x00, // ................
	0x3e, 0x01, 0x00, 0x00, 0x01, 0x01, 0x00, 0x00, 0x3d, 0x01, 0x00, 0x00, 0x0c, 0x00, 0x06, 0x00, // >.......=.......
	0x06, 0x00, 0x00, 0x00, 0x40, 0x01, 0x00, 0x00, 0x01, 0x00, 0x00, 0x00, 0x42, 0x00, 0x00, 0x00, // ....@.......B...
	0x3e, 0x01, 0x00, 0x00, 0x41, 0x00, 0x06, 0x00, 0x45, 0x00, 0x00, 0x00, 0x42, 0x01, 0x00, 0x00, // >...A...E...B...
	0x42, 0x00, 0x00, 0x00, 0xa8, 0x00, 0x00, 0x00, 0x44, 0x00, 0x00, 0x00, 0x3d, 0x00, 0x04, 0x00, // B.......D...=...
	0x06, 0x00, 0x00, 0x00, 0x43, 0x01, 0x00, 0x00, 0x42, 0x01, 0x00, 0x00, 0x85, 0x00, 0x05, 0x00, // ....C...B.......
	0x06, 0x00, 0x00, 0x00, 0x44, 0x01, 0x00, 0x00, 0x40, 0x01, 0x00, 0x00, 0x43, 0x01, 0x00, 0x00, // ....D...@...C...
	0x0c, 0x00, 0x08, 0x00, 0x06, 0x00, 0x00, 0x00, 0x46, 0x01, 0x00, 0x00, 0x01, 0x00, 0x00, 0x00, // ........F.......
	0x2b, 0x00, 0x00, 0x00, 0x44, 0x01, 0x00, 0x00, 0x49, 0x00, 0x00, 0x00, 0x2e, 0x00, 0x00, 0x00, // +...D...I.......
	0x83, 0x00, 0x05, 0x00, 0x06, 0x00, 0x00, 0x00, 0x47, 0x01, 0x00, 0x00, 0x2e, 0x00, 0x00, 0x00, // ........G.......
	0x46, 0x01, 0x00, 0x00, 0x0c, 0x00, 0x07, 0x00, 0x06, 0x00, 0x00, 0x00, 0x48, 0x01, 0x00, 0x00, // F...........H...
	0x01, 0x00, 0x00, 0x00, 0x28, 0x00, 0x00, 0x00, 0x47, 0x01, 0x00, 0x00, 0xb9, 0x00, 0x00, 0x00, // ....(...G.......
	0x41, 0x00, 0x06, 0x00, 0x45, 0x00, 0x00, 0x00, 0x49, 0x01, 0x00, 0x00, 0x42, 0x00, 0x00, 0x00, // A...E...I...B...
	0xbb, 0x00, 0x00, 0x00, 0x44, 0x00, 0x00, 0x00, 0x3d, 0x00, 0x04, 0x00, 0x06, 0x00, 0x00, 0x00, // ....D...=.......
	0x4a, 0x01, 0x00, 0x00, 0x49, 0x01, 0x00, 0x00, 0x0c, 0x00, 0x07, 0x00, 0x06, 0x00, 0x00, 0x00, // J...I...........
	0x4b, 0x01, 0x00, 0x00, 0x01, 0x00, 0x00, 0x00, 0x1a, 0x00, 0x00, 0x00, 0x48, 0x01, 0x00, 0x00, // K...........H...
	0x4a, 0x01, 0x00, 0x00, 0x0c, 0x00, 0x06, 0x00, 0x06, 0x00, 0x00, 0x00, 0x4d, 0x01, 0x00, 0x00, // J...........M...
	0x01, 0x00, 0x00, 0x00, 0x1f, 0x00, 0x00, 0x00, 0x44, 0x01, 0x00, 0x00, 0x50, 0x00, 0x06, 0x00, // ........D...P...
	0x07, 0x00, 0x00, 0x00, 0x4e, 0x01, 0x00, 0x00, 0x4d, 0x01, 0x00, 0x00, 0x4d, 0x01, 0x00, 0x00, // ....N...M...M...
	0x4d, 0x01, 0x00, 0x00, 0x41, 0x00, 0x05, 0x00, 0x51, 0x00, 0x00, 0x00, 0x4f, 0x01, 0x00, 0x00, // M...A...Q...O...
	0x42, 0x00, 0x00, 0x00, 0xbb, 0x00, 0x00, 0x00, 0x3d, 0x00, 0x04, 0x00, 0x10, 0x00, 0x00, 0x00, // B.......=.......
	0x50, 0x01, 0x00, 0x00, 0x4f, 0x01, 0x00, 0x00, 0x4f, 0x00, 0x08, 0x00, 0x07, 0x00, 0x00, 0x00, // P...O...O.......
	0x51, 0x01, 0x00, 0x00, 0x50, 0x01, 0x00, 0x00, 0x50, 0x01, 0x00, 0x00, 0x00, 0x00, 0x00, 0x00, // Q...P...P.......
	0x01, 0x00, 0x00, 0x00, 0x02, 0x00, 0x00, 0x00, 0x41, 0x00, 0x05, 0x00, 0x51, 0x00, 0x00, 0x00, // ........A...Q...
	0x52, 0x01, 0x00, 0x00, 0x42, 0x00, 0x00, 0x00, 0x9e, 0x00, 0x00, 0x00, 0x3d, 0x00, 0x04, 0x00, // R...B.......=...
	0x10, 0x00, 0x00, 0x00, 0x53, 0x01, 0x00, 0x00, 0x52, 0x01, 0x00, 0x00, 0x4f, 0x00, 0x08, 0x00, // ....S...R...O...
	0x07, 0x00, 0x00, 0x00, 0x54, 0x01, 0x00, 0x00, 0x53, 0x01, 0x00, 0x00, 0x53, 0x01, 0x00, 0x00, // ....T...S...S...
	0x00, 0x00, 0x00, 0x00, 0x01, 0x00, 0x00, 0x00, 0x02, 0x00, 0x00, 0x00, 0x0c, 0x00, 0x08, 0x00, // ................
	0x07, 0x00, 0x00, 0x00, 0x83, 0x01, 0x00, 0x00, 0x01, 0x00, 0x00, 0x00, 0x2e, 0x00, 0x00, 0x00, // ................
	0x51, 0x01, 0x00, 0x00, 0x54, 0x01, 0x00, 0x00, 0x4e, 0x01, 0x00, 0x00, 0x41, 0x00, 0x06, 0x00, // Q...T...N...A...
	0x45, 0x00, 0x00, 0x00, 0x57, 0x01, 0x00, 0x00, 0x42, 0x00, 0x00, 0x00, 0xce, 0x00, 0x00, 0x00, // E...W...B.......
	0x7a, 0x00, 0x00, 0x00, 0x3d, 0x00, 0x04, 0x00, 0x06, 0x00, 0x00, 0x00, 0x58, 0x01, 0x00, 0x00, // z...=.......X...
	0x57, 0x01, 0x00, 0x00, 0x7f, 0x00, 0x04, 0x00, 0x06, 0x00, 0x00, 0x00, 0x59, 0x01, 0x00, 0x00, // W...........Y...
	0x58, 0x01, 0x00, 0x00, 0x85, 0x00, 0x05, 0x00, 0x06, 0x00, 0x00, 0x00, 0x5b, 0x01, 0x00, 0x00, // X...........[...
	0x59, 0x01, 0x00, 0x00, 0x4b, 0x01, 0x00, 0x00, 0x41, 0x00, 0x06, 0x00, 0x45, 0x00, 0x00, 0x00, // Y...K...A...E...
	0x5c, 0x01, 0x00, 0x00, 0x42, 0x00, 0x00, 0x00, 0x9e, 0x00, 0x00, 0x00, 0x44, 0x00, 0x00, 0x00, // ....B.......D...
	0x3d, 0x00, 0x04, 0x00, 0x06, 0x00, 0x00, 0x00, 0x5d, 0x01, 0x00, 0x00, 0x5c, 0x01, 0x00, 0x00, // =.......].......
	0x85, 0x00, 0x05, 0x00, 0x06, 0x00, 0x00, 0x00, 0x5e, 0x01, 0x00, 0x00, 0x5b, 0x01, 0x00, 0x00, // ........^...[...
	0x5d, 0x01, 0x00, 0x00, 0x8e, 0x00, 0x05, 0x00, 0x07, 0x00, 0x00, 0x00, 0x5f, 0x01, 0x00, 0x00, // ]..........._...
	0x83, 0x01, 0x00, 0x00, 0x5e, 0x01, 0x00, 0x00, 0x51, 0x00, 0x05, 0x00, 0x06, 0x00, 0x00, 0x00, // ....^...Q.......
	0x61, 0x01, 0x00, 0x00, 0x5f, 0x01, 0x00, 0x00, 0x00, 0x00, 0x00, 0x00, 0x52, 0x00, 0x06, 0x00, // a..._.......R...
	0x10, 0x00, 0x00, 0x00, 0xf8, 0x01, 0x00, 0x00, 0x61, 0x01, 0x00, 0x00, 0x0f, 0x02, 0x00, 0x00, // ........a.......
	0x00, 0x00, 0x00, 0x00, 0x51, 0x00, 0x05, 0x00, 0x06, 0x00, 0x00, 0x00, 0x63, 0x01, 0x00, 0x00, // ....Q.......c...
	0x5f, 0x01, 0x00, 0x00, 0x01, 0x00, 0x00, 0x00, 0x52, 0x00, 0x06, 0x00, 0x10, 0x00, 0x00, 0x00, // _.......R.......
	0xfa, 0x01, 0x00, 0x00, 0x63, 0x01, 0x00, 0x00, 0xf8, 0x01, 0x00, 0x00, 0x01, 0x00, 0x00, 0x00, // ....c...........
	0x51, 0x00, 0x05, 0x00, 0x06, 0x00, 0x00, 0x00, 0x65, 0x01, 0x00, 0x00, 0x5f, 0x01, 0x00, 0x00, // Q.......e..._...
	0x02, 0x00, 0x00, 0x00, 0x52, 0x00, 0x06, 0x00, 0x10, 0x00, 0x00, 0x00, 0xfc, 0x01, 0x00, 0x00, // ....R...........
	0x65, 0x01, 0x00, 0x00, 0xfa, 0x01, 0x00, 0x00, 0x02, 0x00, 0x00, 0x00, 0xf7, 0x00, 0x03, 0x00, // e...............
	0xe8, 0x01, 0x00, 0x00, 0x00, 0x00, 0x00, 0x00, 0xfb, 0x00, 0x03, 0x00, 0x7a, 0x00, 0x00, 0x00, // ............z...
	0x93, 0x01, 0x00, 0x00, 0xf8, 0x00, 0x02, 0x00, 0x93, 0x01, 0x00, 0x00, 0xf9, 0x00, 0x02, 0x00, // ................
	0x94, 0x01, 0x00, 0x00, 0xf8, 0x00, 0x02, 0x00, 0x94, 0x01, 0x00, 0x00, 0xf5, 0x00, 0x07, 0x00, // ................
	0x06, 0x00, 0x00, 0x00, 0xeb, 0x01, 0x00, 0x00, 0x2e, 0x00, 0x00, 0x00, 0x93, 0x01, 0x00, 0x00, // ................
	0xf6, 0x01, 0x00, 0x00, 0xe1, 0x01, 0x00, 0x00, 0xf5, 0x00, 0x07, 0x00, 0x2f, 0x00, 0x00, 0x00, // ............/...
	0xea, 0x01, 0x00, 0x00, 0x32, 0x00, 0x00, 0x00, 0x93, 0x01, 0x00, 0x00, 0xe3, 0x01, 0x00, 0x00, // ....2...........
	0xe1, 0x01, 0x00, 0x00, 0xb1, 0x00, 0x05, 0x00, 0x3a, 0x00, 0x00, 0x00, 0x97, 0x01, 0x00, 0x00, // ........:.......
	0xea, 0x01, 0x00, 0x00, 0x39, 0x00, 0x00, 0x00, 0xf6, 0x00, 0x04, 0x00, 0xe4, 0x01, 0x00, 0x00, // ....9...........
	0xe1, 0x01, 0x00, 0x00, 0x00, 0x00, 0x00, 0x00, 0xfa, 0x00, 0x04, 0x00, 0x97, 0x01, 0x00, 0x00, // ................
	0x98, 0x01, 0x00, 0x00, 0xe4, 0x01, 0x00, 0x00, 0xf8, 0x00, 0x02, 0x00, 0x98, 0x01, 0x00, 0x00, // ................
	0x41, 0x00, 0x07, 0x00, 0x45, 0x00, 0x00, 0x00, 0x9a, 0x01, 0x00, 0x00, 0x42, 0x00, 0x00, 0x00, // A...E.......B...
	0x32, 0x00, 0x00, 0x00, 0xea, 0x01, 0x00, 0x00, 0x44, 0x00, 0x00, 0x00, 0x3d, 0x00, 0x04, 0x00, // 2.......D...=...
	0x06, 0x00, 0x00, 0x00, 0x9b, 0x01, 0x00, 0x00, 0x9a, 0x01, 0x00, 0x00, 0xb4, 0x00, 0x05, 0x00, // ................
	0x3a, 0x00, 0x00, 0x00, 0x9d, 0x01, 0x00, 0x00, 0x9b, 0x01, 0x00, 0x00, 0x49, 0x00, 0x00, 0x00, // :...........I...
	0xf7, 0x00, 0x03, 0x00, 0xa0, 0x01, 0x00, 0x00, 0x02, 0x00, 0x00, 0x00, 0xfa, 0x00, 0x04, 0x00, // ................
	0x9d, 0x01, 0x00, 0x00, 0x9e, 0x01, 0x00, 0x00, 0xa0, 0x01, 0x00, 0x00, 0xf8, 0x00, 0x02, 0x00, // ................
	0x9e, 0x01, 0x00, 0x00, 0xf9, 0x00, 0x02, 0x00, 0xe4, 0x01, 0x00, 0x00, 0xf8, 0x00, 0x02, 0x00, // ................
	0xa0, 0x01, 0x00, 0x00, 0x41, 0x00, 0x06, 0x00, 0x51, 0x00, 0x00, 0x00, 0xa2, 0x01, 0x00, 0x00, // ....A...Q.......
	0x42, 0x00, 0x00, 0x00, 0x32, 0x00, 0x00, 0x00, 0xea, 0x01, 0x00, 0x00, 0x3d, 0x00, 0x04, 0x00, // B...2.......=...
	0x10, 0x00, 0x00, 0x00, 0xa3, 0x01, 0x00, 0x00, 0xa2, 0x01, 0x00, 0x00, 0x4f, 0x00, 0x08, 0x00, // ............O...
	0x07, 0x00, 0x00, 0x00, 0xa4, 0x01, 0x00, 0x00, 0xa3, 0x01, 0x00, 0x00, 0xa3, 0x01, 0x00, 0x00, // ................
	0x00, 0x00, 0x00, 0x00, 0x01, 0x00, 0x00, 0x00, 0x02, 0x00, 0x00, 0x00, 0x83, 0x00, 0x05, 0x00, // ................
	0x07, 0x00, 0x00, 0x00, 0xa7, 0x01, 0x00, 0x00, 0xa4, 0x01, 0x00, 0x00, 0x3d, 0x01, 0x00, 0x00, // ............=...
	0x94, 0x00, 0x05, 0x00, 0x06, 0x00, 0x00, 0x00, 0xaa, 0x01, 0x00, 0x00, 0xa7, 0x01, 0x00, 0x00, // ................
	0x3e, 0x01, 0x00, 0x00, 0x85, 0x00, 0x05, 0x00, 0x06, 0x00, 0x00, 0x00, 0xad, 0x01, 0x00, 0x00, // >...............
	0x40, 0x01, 0x00, 0x00, 0x40, 0x01, 0x00, 0x00, 0x88, 0x00, 0x05, 0x00, 0x06, 0x00, 0x00, 0x00, // @...@...........
	0xae, 0x01, 0x00, 0x00, 0xaa, 0x01, 0x00, 0x00, 0xad, 0x01, 0x00, 0x00, 0xba, 0x00, 0x05, 0x00, // ................
	0x3a, 0x00, 0x00, 0x00, 0xb0, 0x01, 0x00, 0x00, 0xae, 0x01, 0x00, 0x00, 0x49, 0x00, 0x00, 0x00, // :...........I...
	0xb8, 0x00, 0x05, 0x00, 0x3a, 0x00, 0x00, 0x00, 0xb2, 0x01, 0x00, 0x00, 0xae, 0x01, 0x00, 0x00, // ....:...........
	0x2e, 0x00, 0x00, 0x00, 0xa7, 0x00, 0x05, 0x00, 0x3a, 0x00, 0x00, 0x00, 0xb3, 0x01, 0x00, 0x00, // ........:.......
	0xb0, 0x01, 0x00, 0x00, 0xb2, 0x01, 0x00, 0x00, 0xf7, 0x00, 0x03, 0x00, 0xe0, 0x01, 0x00, 0x00, // ................
	0x02, 0x00, 0x00, 0x00, 0xfa, 0x00, 0x04, 0x00, 0xb3, 0x01, 0x00, 0x00, 0xb4, 0x01, 0x00, 0x00, // ................
	0xe0, 0x01, 0x00, 0x00, 0xf8, 0x00, 0x02, 0x00, 0xb4, 0x01, 0x00, 0x00, 0x8e, 0x00, 0x05, 0x00, // ................
	0x07, 0x00, 0x00, 0x00, 0xb8, 0x01, 0x00, 0x00, 0x3e, 0x01, 0x00, 0x00, 0xae, 0x01, 0x00, 0x00, // ........>.......
	0x83, 0x00, 0x05, 0x00, 0x07, 0x00, 0x00, 0x00, 0xb9, 0x01, 0x00, 0x00, 0xa7, 0x01, 0x00, 0x00, // ................
	0xb8, 0x01, 0x00, 0x00, 0x0c, 0x00, 0x06, 0x00, 0x06, 0x00, 0x00, 0x00, 0xbb, 0x01, 0x00, 0x00, // ................
	0x01, 0x00, 0x00, 0x00, 0x42, 0x00, 0x00, 0x00, 0xb9, 0x01, 0x00, 0x00, 0x85, 0x00, 0x05, 0x00, // ....B...........
	0x06, 0x00, 0x00, 0x00, 0xbf, 0x01, 0x00, 0x00, 0x72, 0x00, 0x00, 0x00, 0xae, 0x01, 0x00, 0x00, // ........r.......
	0x83, 0x00, 0x05, 0x00, 0x06, 0x00, 0x00, 0x00, 0xc0, 0x01, 0x00, 0x00, 0x72, 0x00, 0x00, 0x00, // ............r...
	0xbf, 0x01, 0x00, 0x00, 0x51, 0x00, 0x05, 0x00, 0x06, 0x00, 0x00, 0x00, 0xc2, 0x01, 0x00, 0x00, // ....Q...........
	0xa7, 0x01, 0x00, 0x00, 0x00, 0x00, 0x00, 0x00, 0x85, 0x00, 0x05, 0x00, 0x06, 0x00, 0x00, 0x00, // ................
	0xc5, 0x01, 0x00, 0x00, 0xc2, 0x01, 0x00, 0x00, 0xc2, 0x01, 0x00, 0x00, 0x51, 0x00, 0x05, 0x00, // ............Q...
	0x06, 0x00, 0x00, 0x00, 0xc7, 0x01, 0x00, 0x00, 0xa7, 0x01, 0x00, 0x00, 0x01, 0x00, 0x00, 0x00, // ................
	0x85, 0x00, 0x05, 0x00, 0x06, 0x00, 0x00, 0x00, 0xca, 0x01, 0x00, 0x00, 0xc7, 0x01, 0x00, 0x00, // ................
	0xc7, 0x01, 0x00, 0x00, 0x81, 0x00, 0x05, 0x00, 0x06, 0x00, 0x00, 0x00, 0xcb, 0x01, 0x00, 0x00, // ................
	0xc5, 0x01, 0x00, 0x00, 0xca, 0x01, 0x00, 0x00, 0x85, 0x00, 0x05, 0x00, 0x06, 0x00, 0x00, 0x00, // ................
	0xce, 0x01, 0x00, 0x00, 0x9b, 0x01, 0x00, 0x00, 0x9b, 0x01, 0x00, 0x00, 0x88, 0x00, 0x05, 0x00, // ................
	0x06, 0x00, 0x00, 0x00, 0xcf, 0x01, 0x00, 0x00, 0xcb, 0x01, 0x00, 0x00, 0xce, 0x01, 0x00, 0x00, // ................
	0x0c, 0x00, 0x08, 0x00, 0x06, 0x00, 0x00, 0x00, 0xd0, 0x01, 0x00, 0x00, 0x01, 0x00, 0x00, 0x00, // ................
	0x2b, 0x00, 0x00, 0x00, 0xcf, 0x01, 0x00, 0x00, 0x49, 0x00, 0x00, 0x00, 0x2e, 0x00, 0x00, 0x00, // +.......I.......
	0x83, 0x00, 0x05, 0x00, 0x06, 0x00, 0x00, 0x00, 0xd4, 0x01, 0x00, 0x00, 0x9b, 0x01, 0x00, 0x00, // ................
	0xc0, 0x01, 0x00, 0x00, 0x81, 0x00, 0x05, 0x00, 0x06, 0x00, 0x00, 0x00, 0xd7, 0x01, 0x00, 0x00, // ................
	0x9b, 0x01, 0x00, 0x00, 0xc0, 0x01, 0x00, 0x00, 0x0c, 0x00, 0x08, 0x00, 0x06, 0x00, 0x00, 0x00, // ................
	0xd9, 0x01, 0x00, 0x00, 0x01, 0x00, 0x00, 0x00, 0x31, 0x00, 0x00, 0x00, 0xd4, 0x01, 0x00, 0x00, // ........1.......
	0xd7, 0x01, 0x00, 0x00, 0xbb, 0x01, 0x00, 0x00, 0x85, 0x00, 0x05, 0x00, 0x06, 0x00, 0x00, 0x00, // ................
	0xda, 0x01, 0x00, 0x00, 0x8e, 0x00, 0x00, 0x00, 0xd9, 0x01, 0x00, 0x00, 0x81, 0x00, 0x05, 0x00, // ................
	0x06, 0x00, 0x00, 0x00, 0xdb, 0x01, 0x00, 0x00, 0x8d, 0x00, 0x00, 0x00, 0xda, 0x01, 0x00, 0x00, // ................
	0x85, 0x00, 0x05, 0x00, 0x06, 0x00, 0x00, 0x00, 0xdc, 0x01, 0x00, 0x00, 0xd0, 0x01, 0x00, 0x00, // ................
	0xdb, 0x01, 0x00, 0x00, 0x81, 0x00, 0x05, 0x00, 0x06, 0x00, 0x00, 0x00, 0xdd, 0x01, 0x00, 0x00, // ................
	0x2e, 0x00, 0x00, 0x00, 0xdc, 0x01, 0x00, 0x00, 0x85, 0x00, 0x05, 0x00, 0x06, 0x00, 0x00, 0x00, // ................
	0xdf, 0x01, 0x00, 0x00, 0xeb, 0x01, 0x00, 0x00, 0xdd, 0x01, 0x00, 0x00, 0xf9, 0x00, 0x02, 0x00, // ................
	0xe0, 0x01, 0x00, 0x00, 0xf8, 0x00, 0x02, 0x00, 0xe0, 0x01, 0x00, 0x00, 0xf5, 0x00, 0x07, 0x00, // ................
	0x06, 0x00, 0x00, 0x00, 0xf6, 0x01, 0x00, 0x00, 0xeb, 0x01, 0x00, 0x00, 0xa0, 0x01, 0x00, 0x00, // ................
	0xdf, 0x01, 0x00, 0x00, 0xb4, 0x01, 0x00, 0x00, 0xf9, 0x00, 0x02, 0x00, 0xe1, 0x01, 0x00, 0x00, // ................
	0xf8, 0x00, 0x02, 0x00, 0xe1, 0x01, 0x00, 0x00, 0x80, 0x00, 0x05, 0x00, 0x2f, 0x00, 0x00, 0x00, // ............/...
	0xe3, 0x01, 0x00, 0x00, 0xea, 0x01, 0x00, 0x00, 0x9e, 0x00, 0x00, 0x00, 0xf9, 0x00, 0x02, 0x00, // ................
	0x94, 0x01, 0x00, 0x00, 0xf8, 0x00, 0x02, 0x00, 0xe4, 0x01, 0x00, 0x00, 0xf5, 0x00, 0x07, 0x00, // ................
	0x06, 0x00, 0x00, 0x00, 0xf2, 0x01, 0x00, 0x00, 0xf4, 0x01, 0x00, 0x00, 0x94, 0x01, 0x00, 0x00, // ................
	0xeb, 0x01, 0x00, 0x00, 0x9e, 0x01, 0x00, 0x00, 0xf5, 0x00, 0x07, 0x00, 0x3a, 0x00, 0x00, 0x00, // ............:...
	0xed, 0x01, 0x00, 0x00, 0x25, 0x01, 0x00, 0x00, 0x94, 0x01, 0x00, 0x00, 0x28, 0x01, 0x00, 0x00, // ....%.......(...
	0x9e, 0x01, 0x00, 0x00, 0xf7, 0x00, 0x03, 0x00, 0xe6, 0x01, 0x00, 0x00, 0x00, 0x00, 0x00, 0x00, // ................
	0xfa, 0x00, 0x04, 0x00, 0xed, 0x01, 0x00, 0x00, 0xe8, 0x01, 0x00, 0x00, 0xe6, 0x01, 0x00, 0x00, // ................
	0xf8, 0x00, 0x02, 0x00, 0xe6, 0x01, 0x00, 0x00, 0xf9, 0x00, 0x02, 0x00, 0xe8, 0x01, 0x00, 0x00, // ................
	0xf8, 0x00, 0x02, 0x00, 0xe8, 0x01, 0x00, 0x00, 0xf5, 0x00, 0x07, 0x00, 0x06, 0x00, 0x00, 0x00, // ................
	0xf1, 0x01, 0x00, 0x00, 0xf2, 0x01, 0x00, 0x00, 0xe4, 0x01, 0x00, 0x00, 0xeb, 0x01, 0x00, 0x00, // ................
	0xe6, 0x01, 0x00, 0x00, 0x4f, 0x00, 0x08, 0x00, 0x07, 0x00, 0x00, 0x00, 0x6d, 0x01, 0x00, 0x00, // ....O.......m...
	0xfc, 0x01, 0x00, 0x00, 0xfc, 0x01, 0x00, 0x00, 0x00, 0x00, 0x00, 0x00, 0x01, 0x00, 0x00, 0x00, // ................
	0x02, 0x00, 0x00, 0x00, 0x8e, 0x00, 0x05, 0x00, 0x07, 0x00, 0x00, 0x00, 0x6e, 0x01, 0x00, 0x00, // ............n...
	0x6d, 0x01, 0x00, 0x00, 0xf1, 0x01, 0x00, 0x00, 0x51, 0x00, 0x05, 0x00, 0x06, 0x00, 0x00, 0x00, // m.......Q.......
	0x70, 0x01, 0x00, 0x00, 0x6e, 0x01, 0x00, 0x00, 0x00, 0x00, 0x00, 0x00, 0x51, 0x00, 0x05, 0x00, // p...n.......Q...
	0x06, 0x00, 0x00, 0x00, 0x72, 0x01, 0x00, 0x00, 0x6e, 0x01, 0x00, 0x00, 0x01, 0x00, 0x00, 0x00, // ....r...n.......
	0x51, 0x00, 0x05, 0x00, 0x06, 0x00, 0x00, 0x00, 0x74, 0x01, 0x00, 0x00, 0x6e, 0x01, 0x00, 0x00, // Q.......t...n...
	0x02, 0x00, 0x00, 0x00, 0x88, 0x00, 0x05, 0x00, 0x06, 0x00, 0x00, 0x00, 0x77, 0x01, 0x00, 0x00, // ............w...
	0x2e, 0x00, 0x00, 0x00, 0x58, 0x01, 0x00, 0x00, 0x83, 0x00, 0x05, 0x00, 0x06, 0x00, 0x00, 0x00, // ....X...........
	0x78, 0x01, 0x00, 0x00, 0x77, 0x01, 0x00, 0x00, 0x2e, 0x00, 0x00, 0x00, 0x50, 0x00, 0x07, 0x00, // x...w.......P...
	0x10, 0x00, 0x00, 0x00, 0x0e, 0x02, 0x00, 0x00, 0x70, 0x01, 0x00, 0x00, 0x72, 0x01, 0x00, 0x00, // ........p...r...
	0x74, 0x01, 0x00, 0x00, 0x78, 0x01, 0x00, 0x00, 0x3e, 0x00, 0x03, 0x00, 0x0d, 0x01, 0x00, 0x00, // t...x...>.......
	0x0e, 0x02, 0x00, 0x00, 0xfd, 0x00, 0x01, 0x00, 0x38, 0x00, 0x01, 0x00, 0x00, 0x00, 0xc0, 0x00, // ........8.......
};
static const bgfx::EmbeddedShader fs_light_ballshadow_clip = BGFX_EMBEDDED_SHADER(fs_light_ballshadow_clip);

//////////////////////////////////////////////////////////////////////////////////////////////////////////////////////
// Build of vertex shader from vs_light.sc to vs_light_noclip with options: NOCLIP
static const uint8_t vs_light_noclip_mtl[736] =
{
	0x56, 0x53, 0x48, 0x0c, 0x00, 0x00, 0x00, 0x00, 0x5e, 0xda, 0xa3, 0x5f, 0x00, 0x00, 0x00, 0x00, // VSH.....^.._....
	0x00, 0x00, 0x00, 0x00, 0x02, 0x00, 0x0e, 0x63, 0x61, 0x6d, 0x65, 0x72, 0x61, 0x50, 0x6f, 0x73, // .......cameraPos
	0x57, 0x6f, 0x72, 0x6c, 0x64, 0x02, 0x01, 0x40, 0x00, 0x01, 0x00, 0x00, 0x00, 0x00, 0x00, 0x0e, // World..@........
	0x6d, 0x61, 0x74, 0x52, 0x6f, 0x74, 0x56, 0x69, 0x65, 0x77, 0x50, 0x72, 0x6f, 0x6a, 0x04, 0x01, // matRotViewProj..
	0x00, 0x00, 0x04, 0x00, 0x00, 0x00, 0x00, 0x00, 0x8e, 0x02, 0x00, 0x00, 0x23, 0x69, 0x6e, 0x63, // ............#inc
	0x6c, 0x75, 0x64, 0x65, 0x20, 0x3c, 0x6d, 0x65, 0x74, 0x61, 0x6c, 0x5f, 0x73, 0x74, 0x64, 0x6c, // lude <metal_stdl
	0x69, 0x62, 0x3e, 0x0a, 0x23, 0x69, 0x6e, 0x63, 0x6c, 0x75, 0x64, 0x65, 0x20, 0x3c, 0x73, 0x69, // ib>.#include <si
	0x6d, 0x64, 0x2f, 0x73, 0x69, 0x6d, 0x64, 0x2e, 0x68, 0x3e, 0x0a, 0x0a, 0x75, 0x73, 0x69, 0x6e, // md/simd.h>..usin
	0x67, 0x20, 0x6e, 0x61, 0x6d, 0x65, 0x73, 0x70, 0x61, 0x63, 0x65, 0x20, 0x6d, 0x65, 0x74, 0x61, // g namespace meta
	0x6c, 0x3b, 0x0a, 0x0a, 0x73, 0x74, 0x72, 0x75, 0x63, 0x74, 0x20, 0x5f, 0x47, 0x6c, 0x6f, 0x62, // l;..struct _Glob
	0x61, 0x6c, 0x0a, 0x7b, 0x0a, 0x20, 0x20, 0x20, 0x20, 0x66, 0x6c, 0x6f, 0x61, 0x74, 0x34, 0x78, // al.{.    float4x
	0x34, 0x20, 0x6d, 0x61, 0x74, 0x52, 0x6f, 0x74, 0x56, 0x69, 0x65, 0x77, 0x50, 0x72, 0x6f, 0x6a, // 4 matRotViewProj
	0x3b, 0x0a, 0x20, 0x20, 0x20, 0x20, 0x66, 0x6c, 0x6f, 0x61, 0x74, 0x34, 0x20, 0x63, 0x61, 0x6d, // ;.    float4 cam
	0x65, 0x72, 0x61, 0x50, 0x6f, 0x73, 0x57, 0x6f, 0x72, 0x6c, 0x64, 0x3b, 0x0a, 0x7d, 0x3b, 0x0a, // eraPosWorld;.};.
	0x0a, 0x73, 0x74, 0x72, 0x75, 0x63, 0x74, 0x20, 0x78, 0x6c, 0x61, 0x74, 0x4d, 0x74, 0x6c, 0x4d, // .struct xlatMtlM
	0x61, 0x69, 0x6e, 0x5f, 0x6f, 0x75, 0x74, 0x0a, 0x7b, 0x0a, 0x20, 0x20, 0x20, 0x20, 0x66, 0x6c, // ain_out.{.    fl
	0x6f, 0x61, 0x74, 0x33, 0x20, 0x5f, 0x65, 0x6e, 0x74, 0x72, 0x79, 0x50, 0x6f, 0x69, 0x6e, 0x74, // oat3 _entryPoint
	0x4f, 0x75, 0x74, 0x70, 0x75, 0x74, 0x5f, 0x76, 0x5f, 0x74, 0x61, 0x62, 0x6c, 0x65, 0x50, 0x6f, // Output_v_tablePo
	0x73, 0x20, 0x5b, 0x5b, 0x75, 0x73, 0x65, 0x72, 0x28, 0x6c, 0x6f, 0x63, 0x6e, 0x30, 0x29, 0x5d, // s [[user(locn0)]
	0x5d, 0x3b, 0x0a, 0x20, 0x20, 0x20, 0x20, 0x66, 0x6c, 0x6f, 0x61, 0x74, 0x34, 0x20, 0x67, 0x6c, // ];.    float4 gl
	0x5f, 0x50, 0x6f, 0x73, 0x69, 0x74, 0x69, 0x6f, 0x6e, 0x20, 0x5b, 0x5b, 0x70, 0x6f, 0x73, 0x69, // _Position [[posi
	0x74, 0x69, 0x6f, 0x6e, 0x5d, 0x5d, 0x3b, 0x0a, 0x7d, 0x3b, 0x0a, 0x0a, 0x73, 0x74, 0x72, 0x75, // tion]];.};..stru
	0x63, 0x74, 0x20, 0x78, 0x6c, 0x61, 0x74, 0x4d, 0x74, 0x6c, 0x4d, 0x61, 0x69, 0x6e, 0x5f, 0x69, // ct xlatMtlMain_i
	0x6e, 0x0a, 0x7b, 0x0a, 0x20, 0x20, 0x20, 0x20, 0x66, 0x6c, 0x6f, 0x61, 0x74, 0x33, 0x20, 0x61, // n.{.    float3 a
	0x5f, 0x70, 0x6f, 0x73, 0x69, 0x74, 0x69, 0x6f, 0x6e, 0x20, 0x5b, 0x5b, 0x61, 0x74, 0x74, 0x72, // _position [[attr
	0x69, 0x62, 0x75, 0x74, 0x65, 0x28, 0x30, 0x29, 0x5d, 0x5d, 0x3b, 0x0a, 0x7d, 0x3b, 0x0a, 0x0a, // ibute(0)]];.};..
	0x76, 0x65, 0x72, 0x74, 0x65, 0x78, 0x20, 0x78, 0x6c, 0x61, 0x74, 0x4d, 0x74, 0x6c, 0x4d, 0x61, // vertex xlatMtlMa
	0x69, 0x6e, 0x5f, 0x6f, 0x75, 0x74, 0x20, 0x78, 0x6c, 0x61, 0x74, 0x4d, 0x74, 0x6c, 0x4d, 0x61, // in_out xlatMtlMa
	0x69, 0x6e, 0x28, 0x78, 0x6c, 0x61, 0x74, 0x4d, 0x74, 0x6c, 0x4d, 0x61, 0x69, 0x6e, 0x5f, 0x69, // in(xlatMtlMain_i
	0x6e, 0x20, 0x69, 0x6e, 0x20, 0x5b, 0x5b, 0x73, 0x74, 0x61, 0x67, 0x65, 0x5f, 0x69, 0x6e, 0x5d, // n in [[stage_in]
	0x5d, 0x2c, 0x20, 0x63, 0x6f, 0x6e, 0x73, 0x74, 0x61, 0x6e, 0x74, 0x20, 0x5f, 0x47, 0x6c, 0x6f, // ], constant _Glo
	0x62, 0x61, 0x6c, 0x26, 0x20, 0x5f, 0x6d, 0x74, 0x6c, 0x5f, 0x75, 0x20, 0x5b, 0x5b, 0x62, 0x75, // bal& _mtl_u [[bu
	0x66, 0x66, 0x65, 0x72, 0x28, 0x30, 0x29, 0x5d, 0x5d, 0x29, 0x0a, 0x7b, 0x0a, 0x20, 0x20, 0x20, // ffer(0)]]).{.   
	0x20, 0x78, 0x6c, 0x61, 0x74, 0x4d, 0x74, 0x6c, 0x4d, 0x61, 0x69, 0x6e, 0x5f, 0x6f, 0x75, 0x74, //  xlatMtlMain_out
	0x20, 0x6f, 0x75, 0x74, 0x20, 0x3d, 0x20, 0x7b, 0x7d, 0x3b, 0x0a, 0x20, 0x20, 0x20, 0x20, 0x6f, //  out = {};.    o
	0x75, 0x74, 0x2e, 0x67, 0x6c, 0x5f, 0x50, 0x6f, 0x73, 0x69, 0x74, 0x69, 0x6f, 0x6e, 0x20, 0x3d, // ut.gl_Position =
	0x20, 0x5f, 0x6d, 0x74, 0x6c, 0x5f, 0x75, 0x2e, 0x6d, 0x61, 0x74, 0x52, 0x6f, 0x74, 0x56, 0x69, //  _mtl_u.matRotVi
	0x65, 0x77, 0x50, 0x72, 0x6f, 0x6a, 0x20, 0x2a, 0x20, 0x66, 0x6c, 0x6f, 0x61, 0x74, 0x34, 0x28, // ewProj * float4(
	0x69, 0x6e, 0x2e, 0x61, 0x5f, 0x70, 0x6f, 0x73, 0x69, 0x74, 0x69, 0x6f, 0x6e, 0x20, 0x2d, 0x20, // in.a_position - 
	0x5f, 0x6d, 0x74, 0x6c, 0x5f, 0x75, 0x2e, 0x63, 0x61, 0x6d, 0x65, 0x72, 0x61, 0x50, 0x6f, 0x73, // _mtl_u.cameraPos
	0x57, 0x6f, 0x72, 0x6c, 0x64, 0x2e, 0x78, 0x79, 0x7a, 0x2c, 0x20, 0x31, 0x2e, 0x30, 0x29, 0x3b, // World.xyz, 1.0);
	0x0a, 0x20, 0x20, 0x20, 0x20, 0x6f, 0x75, 0x74, 0x2e, 0x5f, 0x65, 0x6e, 0x74, 0x72, 0x79, 0x50, // .    out._entryP
	0x6f, 0x69, 0x6e, 0x74, 0x4f, 0x75, 0x74, 0x70, 0x75, 0x74, 0x5f, 0x76, 0x5f, 0x74, 0x61, 0x62, // ointOutput_v_tab
	0x6c, 0x65, 0x50, 0x6f, 0x73, 0x20, 0x3d, 0x20, 0x69, 0x6e, 0x2e, 0x61, 0x5f, 0x70, 0x6f, 0x73, // lePos = in.a_pos
	0x69, 0x74, 0x69, 0x6f, 0x6e, 0x3b, 0x0a, 0x20, 0x20, 0x20, 0x20, 0x72, 0x65, 0x74, 0x75, 0x72, // ition;.    retur
	0x6e, 0x20, 0x6f, 0x75, 0x74, 0x3b, 0x0a, 0x7d, 0x0a, 0x0a, 0x00, 0x01, 0x01, 0x00, 0x50, 0x00, // n out;.}......P.
};
static const uint8_t vs_light_noclip_essl[325] =
{
	0x56, 0x53, 0x48, 0x0c, 0x00, 0x00, 0x00, 0x00, 0x5e, 0xda, 0xa3, 0x5f, 0x00, 0x00, 0x00, 0x00, // VSH.....^.._....
	0x00, 0x00, 0x00, 0x00, 0x02, 0x00, 0x0e, 0x63, 0x61, 0x6d, 0x65, 0x72, 0x61, 0x50, 0x6f, 0x73, // .......cameraPos
	0x57, 0x6f, 0x72, 0x6c, 0x64, 0x02, 0x01, 0x00, 0x00, 0x01, 0x00, 0x00, 0x00, 0x00, 0x00, 0x0e, // World...........
	0x6d, 0x61, 0x74, 0x52, 0x6f, 0x74, 0x56, 0x69, 0x65, 0x77, 0x50, 0x72, 0x6f, 0x6a, 0x04, 0x01, // matRotViewProj..
	0x00, 0x00, 0x04, 0x00, 0x00, 0x00, 0x00, 0x00, 0xf8, 0x00, 0x00, 0x00, 0x0a, 0x75, 0x6e, 0x69, // .............uni
	0x66, 0x6f, 0x72, 0x6d, 0x20, 0x76, 0x65, 0x63, 0x34, 0x20, 0x63, 0x61, 0x6d, 0x65, 0x72, 0x61, // form vec4 camera
	0x50, 0x6f, 0x73, 0x57, 0x6f, 0x72, 0x6c, 0x64, 0x3b, 0x0a, 0x75, 0x6e, 0x69, 0x66, 0x6f, 0x72, // PosWorld;.unifor
	0x6d, 0x20, 0x6d, 0x61, 0x74, 0x34, 0x20, 0x6d, 0x61, 0x74, 0x52, 0x6f, 0x74, 0x56, 0x69, 0x65, // m mat4 matRotVie
	0x77, 0x50, 0x72, 0x6f, 0x6a, 0x3b, 0x0a, 0x0a, 0x6c, 0x61, 0x79, 0x6f, 0x75, 0x74, 0x28, 0x6c, // wProj;..layout(l
	0x6f, 0x63, 0x61, 0x74, 0x69, 0x6f, 0x6e, 0x20, 0x3d, 0x20, 0x30, 0x29, 0x20, 0x69, 0x6e, 0x20, // ocation = 0) in 
	0x76, 0x65, 0x63, 0x33, 0x20, 0x61, 0x5f, 0x70, 0x6f, 0x73, 0x69, 0x74, 0x69, 0x6f, 0x6e, 0x3b, // vec3 a_position;
	0x0a, 0x6f, 0x75, 0x74, 0x20, 0x76, 0x65, 0x63, 0x33, 0x20, 0x76, 0x5f, 0x74, 0x61, 0x62, 0x6c, // .out vec3 v_tabl
	0x65, 0x50, 0x6f, 0x73, 0x3b, 0x0a, 0x0a, 0x76, 0x6f, 0x69, 0x64, 0x20, 0x6d, 0x61, 0x69, 0x6e, // ePos;..void main
	0x28, 0x29, 0x0a, 0x7b, 0x0a, 0x20, 0x20, 0x20, 0x20, 0x76, 0x5f, 0x74, 0x61, 0x62, 0x6c, 0x65, // ().{.    v_table
	0x50, 0x6f, 0x73, 0x20, 0x3d, 0x20, 0x61, 0x5f, 0x70, 0x6f, 0x73, 0x69, 0x74, 0x69, 0x6f, 0x6e, // Pos = a_position
	0x3b, 0x0a, 0x20, 0x20, 0x20, 0x20, 0x67, 0x6c, 0x5f, 0x50, 0x6f, 0x73, 0x69, 0x74, 0x69, 0x6f, // ;.    gl_Positio
	0x6e, 0x20, 0x3d, 0x20, 0x6d, 0x61, 0x74, 0x52, 0x6f, 0x74, 0x56, 0x69, 0x65, 0x77, 0x50, 0x72, // n = matRotViewPr
	0x6f, 0x6a, 0x20, 0x2a, 0x20, 0x76, 0x65, 0x63, 0x34, 0x28, 0x61, 0x5f, 0x70, 0x6f, 0x73, 0x69, // oj * vec4(a_posi
	0x74, 0x69, 0x6f, 0x6e, 0x20, 0x2d, 0x20, 0x63, 0x61, 0x6d, 0x65, 0x72, 0x61, 0x50, 0x6f, 0x73, // tion - cameraPos
	0x57, 0x6f, 0x72, 0x6c, 0x64, 0x2e, 0x78, 0x79, 0x7a, 0x2c, 0x20, 0x31, 0x2e, 0x30, 0x29, 0x3b, // World.xyz, 1.0);
	0x0a, 0x7d, 0x0a, 0x0a, 0x00,                                                                   // .}...
};
static const uint8_t vs_light_noclip_glsl[325] =
{
	0x56, 0x53, 0x48, 0x0c, 0x00, 0x00, 0x00, 0x00, 0x5e, 0xda, 0xa3, 0x5f, 0x00, 0x00, 0x00, 0x00, // VSH.....^.._....
	0x00, 0x00, 0x00, 0x00, 0x02, 0x00, 0x0e, 0x63, 0x61, 0x6d, 0x65, 0x72, 0x61, 0x50, 0x6f, 0x73, // .......cameraPos
	0x57, 0x6f, 0x72, 0x6c, 0x64, 0x02, 0x01, 0x00, 0x00, 0x01, 0x00, 0x00, 0x00, 0x00, 0x00, 0x0e, // World...........
	0x6d, 0x61, 0x74, 0x52, 0x6f, 0x74, 0x56, 0x69, 0x65, 0x77, 0x50, 0x72, 0x6f, 0x6a, 0x04, 0x01, // matRotViewProj..
	0x00, 0x00, 0x04, 0x00, 0x00, 0x00, 0x00, 0x00, 0xf8, 0x00, 0x00, 0x00, 0x0a, 0x75, 0x6e, 0x69, // .............uni
	0x66, 0x6f, 0x72, 0x6d, 0x20, 0x76, 0x65, 0x63, 0x34, 0x20, 0x63, 0x61, 0x6d, 0x65, 0x72, 0x61, // form vec4 camera
	0x50, 0x6f, 0x73, 0x57, 0x6f, 0x72, 0x6c, 0x64, 0x3b, 0x0a, 0x75, 0x6e, 0x69, 0x66, 0x6f, 0x72, // PosWorld;.unifor
	0x6d, 0x20, 0x6d, 0x61, 0x74, 0x34, 0x20, 0x6d, 0x61, 0x74, 0x52, 0x6f, 0x74, 0x56, 0x69, 0x65, // m mat4 matRotVie
	0x77, 0x50, 0x72, 0x6f, 0x6a, 0x3b, 0x0a, 0x0a, 0x6c, 0x61, 0x79, 0x6f, 0x75, 0x74, 0x28, 0x6c, // wProj;..layout(l
	0x6f, 0x63, 0x61, 0x74, 0x69, 0x6f, 0x6e, 0x20, 0x3d, 0x20, 0x30, 0x29, 0x20, 0x69, 0x6e, 0x20, // ocation = 0) in 
	0x76, 0x65, 0x63, 0x33, 0x20, 0x61, 0x5f, 0x70, 0x6f, 0x73, 0x69, 0x74, 0x69, 0x6f, 0x6e, 0x3b, // vec3 a_position;
	0x0a, 0x6f, 0x75, 0x74, 0x20, 0x76, 0x65, 0x63, 0x33, 0x20, 0x76, 0x5f, 0x74, 0x61, 0x62, 0x6c, // .out vec3 v_tabl
	0x65, 0x50, 0x6f, 0x73, 0x3b, 0x0a, 0x0a, 0x76, 0x6f, 0x69, 0x64, 0x20, 0x6d, 0x61, 0x69, 0x6e, // ePos;..void main
	0x28, 0x29, 0x0a, 0x7b, 0x0a, 0x20, 0x20, 0x20, 0x20, 0x76, 0x5f, 0x74, 0x61, 0x62, 0x6c, 0x65, // ().{.    v_table
	0x50, 0x6f, 0x73, 0x20, 0x3d, 0x20, 0x61, 0x5f, 0x70, 0x6f, 0x73, 0x69, 0x74, 0x69, 0x6f, 0x6e, // Pos = a_position
	0x3b, 0x0a, 0x20, 0x20, 0x20, 0x20, 0x67, 0x6c, 0x5f, 0x50, 0x6f, 0x73, 0x69, 0x74, 0x69, 0x6f, // ;.    gl_Positio
	0x6e, 0x20, 0x3d, 0x20, 0x6d, 0x61, 0x74, 0x52, 0x6f, 0x74, 0x56, 0x69, 0x65, 0x77, 0x50, 0x72, // n = matRotViewPr
	0x6f, 0x6a, 0x20, 0x2a, 0x20, 0x76, 0x65, 0x63, 0x34, 0x28, 0x61, 0x5f, 0x70, 0x6f, 0x73, 0x69, // oj * vec4(a_posi
	0x74, 0x69, 0x6f, 0x6e, 0x20, 0x2d, 0x20, 0x63, 0x61, 0x6d, 0x65, 0x72, 0x61, 0x50, 0x6f, 0x73, // tion - cameraPos
	0x57, 0x6f, 0x72, 0x6c, 0x64, 0x2e, 0x78, 0x79, 0x7a, 0x2c, 0x20, 0x31, 0x2e, 0x30, 0x29, 0x3b, // World.xyz, 1.0);
	0x0a, 0x7d, 0x0a, 0x0a, 0x00,                                                                   // .}...
};
static const uint8_t vs_light_noclip_dxbc[554] =
{
	0x56, 0x53, 0x48, 0x0c, 0x00, 0x00, 0x00, 0x00, 0x5e, 0xda, 0xa3, 0x5f, 0x00, 0x00, 0x00, 0x00, // VSH.....^.._....
	0x00, 0x00, 0x00, 0x00, 0x02, 0x00, 0x0e, 0x6d, 0x61, 0x74, 0x52, 0x6f, 0x74, 0x56, 0x69, 0x65, // .......matRotVie
	0x77, 0x50, 0x72, 0x6f, 0x6a, 0x04, 0x00, 0x00, 0x00, 0x04, 0x00, 0x00, 0x00, 0x00, 0x00, 0x0e, // wProj...........
	0x63, 0x61, 0x6d, 0x65, 0x72, 0x61, 0x50, 0x6f, 0x73, 0x57, 0x6f, 0x72, 0x6c, 0x64, 0x02, 0x00, // cameraPosWorld..
	0x40, 0x00, 0x01, 0x00, 0x00, 0x00, 0x00, 0x00, 0xd8, 0x01, 0x00, 0x00, 0x44, 0x58, 0x42, 0x43, // @...........DXBC
	0x1a, 0x58, 0xdd, 0xb1, 0x46, 0xcc, 0x1e, 0x5a, 0x15, 0x69, 0xa9, 0x36, 0xca, 0xf2, 0x20, 0x27, // .X..F..Z.i.6.. '
	0x01, 0x00, 0x00, 0x00, 0xd8, 0x01, 0x00, 0x00, 0x03, 0x00, 0x00, 0x00, 0x2c, 0x00, 0x00, 0x00, // ............,...
	0x60, 0x00, 0x00, 0x00, 0xb8, 0x00, 0x00, 0x00, 0x49, 0x53, 0x47, 0x4e, 0x2c, 0x00, 0x00, 0x00, // `.......ISGN,...
	0x01, 0x00, 0x00, 0x00, 0x08, 0x00, 0x00, 0x00, 0x20, 0x00, 0x00, 0x00, 0x00, 0x00, 0x00, 0x00, // ........ .......
	0x00, 0x00, 0x00, 0x00, 0x03, 0x00, 0x00, 0x00, 0x00, 0x00, 0x00, 0x00, 0x07, 0x07, 0x00, 0x00, // ................
	0x50, 0x4f, 0x53, 0x49, 0x54, 0x49, 0x4f, 0x4e, 0x00, 0xab, 0xab, 0xab, 0x4f, 0x53, 0x47, 0x4e, // POSITION....OSGN
	0x50, 0x00, 0x00, 0x00, 0x02, 0x00, 0x00, 0x00, 0x08, 0x00, 0x00, 0x00, 0x38, 0x00, 0x00, 0x00, // P...........8...
	0x00, 0x00, 0x00, 0x00, 0x01, 0x00, 0x00, 0x00, 0x03, 0x00, 0x00, 0x00, 0x00, 0x00, 0x00, 0x00, // ................
	0x0f, 0x00, 0x00, 0x00, 0x44, 0x00, 0x00, 0x00, 0x01, 0x00, 0x00, 0x00, 0x00, 0x00, 0x00, 0x00, // ....D...........
	0x03, 0x00, 0x00, 0x00, 0x01, 0x00, 0x00, 0x00, 0x07, 0x08, 0x00, 0x00, 0x53, 0x56, 0x5f, 0x50, // ............SV_P
	0x4f, 0x53, 0x49, 0x54, 0x49, 0x4f, 0x4e, 0x00, 0x54, 0x45, 0x58, 0x43, 0x4f, 0x4f, 0x52, 0x44, // OSITION.TEXCOORD
	0x00, 0xab, 0xab, 0xab, 0x53, 0x48, 0x45, 0x58, 0x18, 0x01, 0x00, 0x00, 0x50, 0x00, 0x01, 0x00, // ....SHEX....P...
	0x46, 0x00, 0x00, 0x00, 0x6a, 0x08, 0x00, 0x01, 0x59, 0x00, 0x00, 0x04, 0x46, 0x8e, 0x20, 0x00, // F...j...Y...F. .
	0x00, 0x00, 0x00, 0x00, 0x05, 0x00, 0x00, 0x00, 0x5f, 0x00, 0x00, 0x03, 0x72, 0x10, 0x10, 0x00, // ........_...r...
	0x00, 0x00, 0x00, 0x00, 0x67, 0x00, 0x00, 0x04, 0xf2, 0x20, 0x10, 0x00, 0x00, 0x00, 0x00, 0x00, // ....g.... ......
	0x01, 0x00, 0x00, 0x00, 0x65, 0x00, 0x00, 0x03, 0x72, 0x20, 0x10, 0x00, 0x01, 0x00, 0x00, 0x00, // ....e...r ......
	0x68, 0x00, 0x00, 0x02, 0x02, 0x00, 0x00, 0x00, 0x00, 0x00, 0x00, 0x09, 0x72, 0x00, 0x10, 0x00, // h...........r...
	0x00, 0x00, 0x00, 0x00, 0x46, 0x12, 0x10, 0x00, 0x00, 0x00, 0x00, 0x00, 0x46, 0x82, 0x20, 0x80, // ....F.......F. .
	0x41, 0x00, 0x00, 0x00, 0x00, 0x00, 0x00, 0x00, 0x04, 0x00, 0x00, 0x00, 0x38, 0x00, 0x00, 0x08, // A...........8...
	0xf2, 0x00, 0x10, 0x00, 0x01, 0x00, 0x00, 0x00, 0x56, 0x05, 0x10, 0x00, 0x00, 0x00, 0x00, 0x00, // ........V.......
	0x46, 0x8e, 0x20, 0x00, 0x00, 0x00, 0x00, 0x00, 0x01, 0x00, 0x00, 0x00, 0x32, 0x00, 0x00, 0x0a, // F. .........2...
	0xf2, 0x00, 0x10, 0x00, 0x01, 0x00, 0x00, 0x00, 0x46, 0x8e, 0x20, 0x00, 0x00, 0x00, 0x00, 0x00, // ........F. .....
	0x00, 0x00, 0x00, 0x00, 0x06, 0x00, 0x10, 0x00, 0x00, 0x00, 0x00, 0x00, 0x46, 0x0e, 0x10, 0x00, // ............F...
	0x01, 0x00, 0x00, 0x00, 0x32, 0x00, 0x00, 0x0a, 0xf2, 0x00, 0x10, 0x00, 0x00, 0x00, 0x00, 0x00, // ....2...........
	0x46, 0x8e, 0x20, 0x00, 0x00, 0x00, 0x00, 0x00, 0x02, 0x00, 0x00, 0x00, 0xa6, 0x0a, 0x10, 0x00, // F. .............
	0x00, 0x00, 0x00, 0x00, 0x46, 0x0e, 0x10, 0x00, 0x01, 0x00, 0x00, 0x00, 0x00, 0x00, 0x00, 0x08, // ....F...........
	0xf2, 0x20, 0x10, 0x00, 0x00, 0x00, 0x00, 0x00, 0x46, 0x0e, 0x10, 0x00, 0x00, 0x00, 0x00, 0x00, // . ......F.......
	0x46, 0x8e, 0x20, 0x00, 0x00, 0x00, 0x00, 0x00, 0x03, 0x00, 0x00, 0x00, 0x36, 0x00, 0x00, 0x05, // F. .........6...
	0x72, 0x20, 0x10, 0x00, 0x01, 0x00, 0x00, 0x00, 0x46, 0x12, 0x10, 0x00, 0x00, 0x00, 0x00, 0x00, // r ......F.......
	0x3e, 0x00, 0x00, 0x01, 0x00, 0x01, 0x01, 0x00, 0x50, 0x00,                                     // >.......P.
};
static const uint8_t vs_light_noclip_dxil[2486] =
{
	0x56, 0x53, 0x48, 0x0c, 0x00, 0x00, 0x00, 0x00, 0x5e, 0xda, 0xa3, 0x5f, 0x00, 0x00, 0x00, 0x00, // VSH.....^.._....
	0x00, 0x00, 0x00, 0x00, 0x02, 0x00, 0x0e, 0x6d, 0x61, 0x74, 0x52, 0x6f, 0x74, 0x56, 0x69, 0x65, // .......matRotVie
	0x77, 0x50, 0x72, 0x6f, 0x6a, 0x04, 0x00, 0x00, 0x00, 0x04, 0x00, 0x00, 0x00, 0x00, 0x00, 0x0e, // wProj...........
	0x63, 0x61, 0x6d, 0x65, 0x72, 0x61, 0x50, 0x6f, 0x73, 0x57, 0x6f, 0x72, 0x6c, 0x64, 0x02, 0x00, // cameraPosWorld..
	0x40, 0x00, 0x01, 0x00, 0x00, 0x00, 0x00, 0x00, 0x64, 0x09, 0x00, 0x00, 0x44, 0x58, 0x42, 0x43, // @.......d...DXBC
	0xd8, 0x36, 0x50, 0x9b, 0x65, 0x7b, 0x3a, 0x2a, 0x08, 0xc7, 0x0d, 0xed, 0x46, 0xc6, 0x80, 0xcd, // .6P.e{:*....F...
	0x01, 0x00, 0x00, 0x00, 0x64, 0x09, 0x00, 0x00, 0x07, 0x00, 0x00, 0x00, 0x3c, 0x00, 0x00, 0x00, // ....d.......<...
	0x4c, 0x00, 0x00, 0x00, 0x88, 0x00, 0x00, 0x00, 0xf0, 0x00, 0x00, 0x00, 0xbc, 0x01, 0x00, 0x00, // L...............
	0xf0, 0x01, 0x00, 0x00, 0x0c, 0x02, 0x00, 0x00, 0x53, 0x46, 0x49, 0x30, 0x08, 0x00, 0x00, 0x00, // ........SFI0....
	0x00, 0x00, 0x00, 0x00, 0x00, 0x00, 0x00, 0x00, 0x49, 0x53, 0x47, 0x31, 0x34, 0x00, 0x00, 0x00, // ........ISG14...
	0x01, 0x00, 0x00, 0x00, 0x08, 0x00, 0x00, 0x00, 0x00, 0x00, 0x00, 0x00, 0x28, 0x00, 0x00, 0x00, // ............(...
	0x00, 0x00, 0x00, 0x00, 0x00, 0x00, 0x00, 0x00, 0x03, 0x00, 0x00, 0x00, 0x00, 0x00, 0x00, 0x00, // ................
	0x07, 0x07, 0x00, 0x00, 0x00, 0x00, 0x00, 0x00, 0x50, 0x4f, 0x53, 0x49, 0x54, 0x49, 0x4f, 0x4e, // ........POSITION
	0x00, 0x00, 0x00, 0x00, 0x4f, 0x53, 0x47, 0x31, 0x60, 0x00, 0x00, 0x00, 0x02, 0x00, 0x00, 0x00, // ....OSG1`.......
	0x08, 0x00, 0x00, 0x00, 0x00, 0x00, 0x00, 0x00, 0x48, 0x00, 0x00, 0x00, 0x00, 0x00, 0x00, 0x00, // ........H.......
	0x01, 0x00, 0x00, 0x00, 0x03, 0x00, 0x00, 0x00, 0x00, 0x00, 0x00, 0x00, 0x0f, 0x00, 0x00, 0x00, // ................
	0x00, 0x00, 0x00, 0x00, 0x00, 0x00, 0x00, 0x00, 0x54, 0x00, 0x00, 0x00, 0x01, 0x00, 0x00, 0x00, // ........T.......
	0x00, 0x00, 0x00, 0x00, 0x03, 0x00, 0x00, 0x00, 0x01, 0x00, 0x00, 0x00, 0x07, 0x08, 0x00, 0x00, // ................
	0x00, 0x00, 0x00, 0x00, 0x53, 0x56, 0x5f, 0x50, 0x6f, 0x73, 0x69, 0x74, 0x69, 0x6f, 0x6e, 0x00, // ....SV_Position.
	0x54, 0x45, 0x58, 0x43, 0x4f, 0x4f, 0x52, 0x44, 0x00, 0x00, 0x00, 0x00, 0x50, 0x53, 0x56, 0x30, // TEXCOORD....PSV0
	0xc4, 0x00, 0x00, 0x00, 0x34, 0x00, 0x00, 0x00, 0x01, 0x00, 0x00, 0x00, 0x00, 0x00, 0x00, 0x00, // ....4...........
	0x00, 0x00, 0x00, 0x00, 0x00, 0x00, 0x00, 0x00, 0x00, 0x00, 0x00, 0x00, 0xff, 0xff, 0xff, 0xff, // ................
	0x01, 0x00, 0x00, 0x00, 0x01, 0x02, 0x00, 0x01, 0x02, 0x00, 0x00, 0x00, 0x00, 0x00, 0x00, 0x00, // ................
	0x00, 0x00, 0x00, 0x00, 0x00, 0x00, 0x00, 0x00, 0x13, 0x00, 0x00, 0x00, 0x01, 0x00, 0x00, 0x00, // ................
	0x18, 0x00, 0x00, 0x00, 0x02, 0x00, 0x00, 0x00, 0x00, 0x00, 0x00, 0x00, 0x00, 0x00, 0x00, 0x00, // ................
	0x00, 0x00, 0x00, 0x00, 0x0d, 0x00, 0x00, 0x00, 0x00, 0x00, 0x00, 0x00, 0x18, 0x00, 0x00, 0x00, // ................
	0x00, 0x50, 0x4f, 0x53, 0x49, 0x54, 0x49, 0x4f, 0x4e, 0x00, 0x54, 0x45, 0x58, 0x43, 0x4f, 0x4f, // .POSITION.TEXCOO
	0x52, 0x44, 0x00, 0x6d, 0x61, 0x69, 0x6e, 0x00, 0x02, 0x00, 0x00, 0x00, 0x00, 0x00, 0x00, 0x00, // RD.main.........
	0x01, 0x00, 0x00, 0x00, 0x10, 0x00, 0x00, 0x00, 0x01, 0x00, 0x00, 0x00, 0x00, 0x00, 0x00, 0x00, // ................
	0x01, 0x00, 0x43, 0x00, 0x03, 0x00, 0x00, 0x00, 0x00, 0x00, 0x00, 0x00, 0x00, 0x00, 0x00, 0x00, // ..C.............
	0x01, 0x00, 0x44, 0x03, 0x03, 0x04, 0x00, 0x00, 0x0a, 0x00, 0x00, 0x00, 0x01, 0x00, 0x00, 0x00, // ..D.............
	0x01, 0x01, 0x43, 0x00, 0x03, 0x02, 0x00, 0x00, 0x1f, 0x00, 0x00, 0x00, 0x2f, 0x00, 0x00, 0x00, // ..C........./...
	0x4f, 0x00, 0x00, 0x00, 0x00, 0x00, 0x00, 0x00, 0x49, 0x4c, 0x44, 0x4e, 0x2c, 0x00, 0x00, 0x00, // O.......ILDN,...
	0x00, 0x00, 0x24, 0x00, 0x33, 0x33, 0x61, 0x31, 0x36, 0x62, 0x39, 0x37, 0x62, 0x39, 0x62, 0x35, // ..$.33a16b97b9b5
	0x37, 0x30, 0x37, 0x62, 0x31, 0x64, 0x62, 0x38, 0x30, 0x32, 0x30, 0x63, 0x66, 0x32, 0x64, 0x63, // 707b1db8020cf2dc
	0x32, 0x35, 0x32, 0x33, 0x2e, 0x70, 0x64, 0x62, 0x00, 0x00, 0x00, 0x00, 0x48, 0x41, 0x53, 0x48, // 2523.pdb....HASH
	0x14, 0x00, 0x00, 0x00, 0x00, 0x00, 0x00, 0x00, 0x33, 0xa1, 0x6b, 0x97, 0xb9, 0xb5, 0x70, 0x7b, // ........3.k...p{
	0x1d, 0xb8, 0x02, 0x0c, 0xf2, 0xdc, 0x25, 0x23, 0x44, 0x58, 0x49, 0x4c, 0x50, 0x07, 0x00, 0x00, // ......%#DXILP...
	0x60, 0x00, 0x01, 0x00, 0xd4, 0x01, 0x00, 0x00, 0x44, 0x58, 0x49, 0x4c, 0x00, 0x01, 0x00, 0x00, // `.......DXIL....
	0x10, 0x00, 0x00, 0x00, 0x38, 0x07, 0x00, 0x00, 0x42, 0x43, 0xc0, 0xde, 0x21, 0x0c, 0x00, 0x00, // ....8...BC..!...
	0xcb, 0x01, 0x00, 0x00, 0x0b, 0x82, 0x20, 0x00, 0x02, 0x00, 0x00, 0x00, 0x13, 0x00, 0x00, 0x00, // ...... .........
	0x07, 0x81, 0x23, 0x91, 0x41, 0xc8, 0x04, 0x49, 0x06, 0x10, 0x32, 0x39, 0x92, 0x01, 0x84, 0x0c, // ..#.A..I..29....
	0x25, 0x05, 0x08, 0x19, 0x1e, 0x04, 0x8b, 0x62, 0x80, 0x14, 0x45, 0x02, 0x42, 0x92, 0x0b, 0x42, // %......b..E.B..B
	0xa4, 0x10, 0x32, 0x14, 0x38, 0x08, 0x18, 0x4b, 0x0a, 0x32, 0x52, 0x88, 0x48, 0x90, 0x14, 0x20, // ..2.8..K.2R.H.. 
	0x43, 0x46, 0x88, 0xa5, 0x00, 0x19, 0x32, 0x42, 0xe4, 0x48, 0x0e, 0x90, 0x91, 0x22, 0xc4, 0x50, // CF....2B.H...".P
	0x41, 0x51, 0x81, 0x8c, 0xe1, 0x83, 0xe5, 0x8a, 0x04, 0x29, 0x46, 0x06, 0x51, 0x18, 0x00, 0x00, // AQ.......)F.Q...
	0x08, 0x00, 0x00, 0x00, 0x1b, 0x8c, 0xe0, 0xff, 0xff, 0xff, 0xff, 0x07, 0x40, 0x02, 0xa8, 0x0d, // ............@...
	0x84, 0xf0, 0xff, 0xff, 0xff, 0xff, 0x03, 0x20, 0x6d, 0x30, 0x86, 0xff, 0xff, 0xff, 0xff, 0x1f, // ....... m0......
	0x00, 0x09, 0xa8, 0x00, 0x49, 0x18, 0x00, 0x00, 0x03, 0x00, 0x00, 0x00, 0x13, 0x82, 0x60, 0x42, // ....I.........`B
	0x20, 0x4c, 0x08, 0x06, 0x00, 0x00, 0x00, 0x00, 0x89, 0x20, 0x00, 0x00, 0x27, 0x00, 0x00, 0x00, //  L....... ..'...
	0x32, 0x22, 0x48, 0x09, 0x20, 0x64, 0x85, 0x04, 0x93, 0x22, 0xa4, 0x84, 0x04, 0x93, 0x22, 0xe3, // 2"H. d..."....".
	0x84, 0xa1, 0x90, 0x14, 0x12, 0x4c, 0x8a, 0x8c, 0x0b, 0x84, 0xa4, 0x4c, 0x10, 0x68, 0x23, 0x00, // .....L.....L.h#.
	0x25, 0x00, 0x14, 0x66, 0x00, 0xe6, 0x08, 0xc0, 0x60, 0x8e, 0x00, 0x29, 0xc6, 0x20, 0x84, 0x14, // %..f....`..). ..
	0x42, 0xa6, 0x18, 0x80, 0x10, 0x52, 0x06, 0xa1, 0xa3, 0x86, 0xcb, 0x9f, 0xb0, 0x87, 0x90, 0x7c, // B....R.........|
	0x6e, 0xa3, 0x8a, 0x95, 0x98, 0xfc, 0xe2, 0xb6, 0x11, 0x31, 0xc6, 0x18, 0x54, 0xee, 0x19, 0x2e, // n........1..T...
	0x7f, 0xc2, 0x1e, 0x42, 0xf2, 0x43, 0xa0, 0x19, 0x16, 0x02, 0x05, 0xab, 0x10, 0x8a, 0x30, 0x42, // ...B.C........0B
	0xad, 0x14, 0x83, 0x8c, 0x31, 0xe8, 0xcd, 0x11, 0x04, 0xc5, 0x60, 0xa4, 0x10, 0x12, 0x49, 0x0e, // ....1.....`...I.
	0x04, 0x0c, 0x23, 0x10, 0x43, 0x12, 0xd4, 0x99, 0x26, 0x74, 0x78, 0x87, 0x79, 0xa0, 0x07, 0x76, // ..#.C...&tx.y..v
	0x08, 0x87, 0x7c, 0x78, 0x87, 0x7a, 0xa0, 0x07, 0x37, 0x20, 0x83, 0x53, 0x60, 0x87, 0x77, 0x10, // ..|x.z..7 .S`.w.
	0x87, 0x70, 0x60, 0x87, 0x79, 0x40, 0x82, 0xad, 0x74, 0xb3, 0x80, 0x00, 0x13, 0x14, 0x72, 0xc0, // .p`.y@..t.....r.
	0x87, 0x74, 0x60, 0x87, 0x36, 0x68, 0x87, 0x79, 0x68, 0x03, 0x72, 0xc0, 0x87, 0x0d, 0xaf, 0x50, // .t`.6h.yh.r....P
	0x0e, 0x6d, 0xd0, 0x0e, 0x7a, 0x50, 0x0e, 0x6d, 0x00, 0x0f, 0x7a, 0x30, 0x07, 0x72, 0xa0, 0x07, // .m..zP.m..z0.r..
	0x73, 0x20, 0x07, 0x6d, 0x90, 0x0e, 0x71, 0xa0, 0x07, 0x73, 0x20, 0x07, 0x6d, 0x90, 0x0e, 0x78, // s .m..q..s .m..x
	0xa0, 0x07, 0x73, 0x20, 0x07, 0x6d, 0x90, 0x0e, 0x71, 0x60, 0x07, 0x7a, 0x30, 0x07, 0x72, 0xd0, // ..s .m..q`.z0.r.
	0x06, 0xe9, 0x30, 0x07, 0x72, 0xa0, 0x07, 0x73, 0x20, 0x07, 0x6d, 0x90, 0x0e, 0x76, 0x40, 0x07, // ..0.r..s .m..v@.
	0x7a, 0x60, 0x07, 0x74, 0xd0, 0x06, 0xe6, 0x10, 0x07, 0x76, 0xa0, 0x07, 0x73, 0x20, 0x07, 0x6d, // z`.t.....v..s .m
	0x60, 0x0e, 0x73, 0x20, 0x07, 0x7a, 0x30, 0x07, 0x72, 0xd0, 0x06, 0xe6, 0x60, 0x07, 0x74, 0xa0, // `.s .z0.r...`.t.
	0x07, 0x76, 0x40, 0x07, 0x6d, 0xe0, 0x0e, 0x78, 0xa0, 0x07, 0x71, 0x60, 0x07, 0x7a, 0x30, 0x07, // .v@.m..x..q`.z0.
	0x72, 0xa0, 0x07, 0x76, 0x40, 0x07, 0x43, 0x9e, 0x00, 0x00, 0x00, 0x00, 0x00, 0x00, 0x00, 0x00, // r..v@.C.........
	0x00, 0x00, 0x00, 0x86, 0x3c, 0x06, 0x10, 0x00, 0x01, 0x00, 0x00, 0x00, 0x00, 0x00, 0x00, 0x00, // ....<...........
	0x0c, 0x79, 0x10, 0x20, 0x00, 0x04, 0x00, 0x00, 0x00, 0x00, 0x00, 0x00, 0x00, 0x18, 0xf2, 0x34, // .y. ...........4
	0x40, 0x00, 0x0c, 0x00, 0x00, 0x00, 0x00, 0x00, 0x00, 0x00, 0x30, 0xe4, 0x79, 0x80, 0x00, 0x08, // @.........0.y...
	0x00, 0x00, 0x00, 0x00, 0x00, 0x00, 0x00, 0x60, 0xc8, 0x23, 0x01, 0x01, 0x30, 0x00, 0x00, 0x00, // .......`.#..0...
	0x00, 0x00, 0x00, 0x00, 0x40, 0x16, 0x08, 0x00, 0x0d, 0x00, 0x00, 0x00, 0x32, 0x1e, 0x98, 0x14, // ....@.......2...
	0x19, 0x11, 0x4c, 0x90, 0x8c, 0x09, 0x26, 0x47, 0xc6, 0x04, 0x43, 0x22, 0x25, 0x30, 0x02, 0x50, // ..L...&G..C"%0.P
	0x12, 0xc5, 0x50, 0xa0, 0x01, 0x65, 0x50, 0x0e, 0xe5, 0x41, 0xa5, 0x24, 0x46, 0x00, 0xca, 0xa0, // ..P..eP..A.$F...
	0x10, 0x8a, 0x80, 0xf0, 0x0c, 0x00, 0xe5, 0xb1, 0x8a, 0xe1, 0xf8, 0xde, 0xe0, 0x15, 0x00, 0x00, // ................
	0x79, 0x18, 0x00, 0x00, 0x59, 0x00, 0x00, 0x00, 0x1a, 0x03, 0x4c, 0x90, 0x46, 0x02, 0x13, 0xc4, // y...Y.....L.F...
	0x34, 0x20, 0xc3, 0x1b, 0x43, 0x81, 0x93, 0x4b, 0xb3, 0x0b, 0xa3, 0x2b, 0x4b, 0x01, 0x89, 0x71, // 4 ..C..K...+K..q
	0xc9, 0x71, 0x81, 0x71, 0xa9, 0xa1, 0x81, 0x91, 0x01, 0x41, 0x81, 0x21, 0x9b, 0x29, 0x2b, 0xb3, // .q.q.....A.!.)+.
	0x11, 0xab, 0xa9, 0x69, 0x21, 0x4b, 0x93, 0xa3, 0xcb, 0x4b, 0xd9, 0x10, 0x04, 0x13, 0x04, 0xc2, // ...i!K...K......
	0x98, 0x20, 0x10, 0xc7, 0x06, 0x61, 0x20, 0x26, 0x08, 0x04, 0xb2, 0x41, 0x18, 0x0c, 0x0a, 0x76, // . ...a &...A...v
	0x73, 0x13, 0x04, 0x22, 0xd9, 0x30, 0x20, 0x09, 0x31, 0x41, 0xc0, 0x26, 0x02, 0x13, 0x04, 0x42, // s..".0 .1A.&...B
	0xd9, 0x80, 0x10, 0x0b, 0x43, 0x10, 0x43, 0x03, 0x6c, 0x08, 0x9c, 0x0d, 0x04, 0x00, 0x3c, 0xc0, // ....C.C.l.....<.
	0x04, 0x21, 0xa3, 0x36, 0x04, 0xd1, 0x04, 0x41, 0x00, 0x48, 0xb4, 0x85, 0xa5, 0xb9, 0x11, 0x81, // .!.6...A.H......
	0x7a, 0x9a, 0x4a, 0xa2, 0x4a, 0x7a, 0x72, 0x9a, 0x20, 0x14, 0xce, 0x04, 0xa1, 0x78, 0x36, 0x04, // z.J.Jzr. ....x6.
	0xc4, 0x04, 0xa1, 0x80, 0x26, 0x08, 0xc4, 0x32, 0x41, 0x20, 0x98, 0x0d, 0x82, 0xb6, 0x6d, 0x58, // ....&..2A ....mX
	0x88, 0xca, 0xba, 0xb0, 0x6b, 0xc8, 0x88, 0x8b, 0xdb, 0x10, 0x74, 0x5c, 0xa6, 0xac, 0xbe, 0xa0, // ....k.....t.....
	0xde, 0xe6, 0xd2, 0xe8, 0xd2, 0xde, 0xdc, 0x26, 0x08, 0x45, 0x34, 0x41, 0x20, 0x9a, 0x0d, 0x82, // .......&.E4A ...
	0x16, 0x06, 0x1b, 0x16, 0xe2, 0xb3, 0x32, 0x0c, 0x0c, 0x06, 0x30, 0x20, 0x2e, 0x31, 0x20, 0x42, // ......2...0 .1 B
	0x55, 0x84, 0x35, 0xf4, 0xf4, 0x24, 0x45, 0xb4, 0x21, 0x18, 0x26, 0x08, 0x85, 0xb4, 0x61, 0x19, // U.5..$E.!.&...a.
	0xc8, 0xc0, 0xba, 0xca, 0xc0, 0x0c, 0x86, 0x6c, 0xb8, 0xb8, 0x0d, 0xc2, 0x18, 0x9c, 0xc1, 0x86, // .......l........
	0xc1, 0x43, 0x03, 0x60, 0x43, 0x31, 0x51, 0x69, 0x00, 0x01, 0x55, 0xd8, 0xd8, 0xec, 0xda, 0x5c, // .C.`C1Qi..U.....
	0xd2, 0xc8, 0xca, 0xdc, 0xe8, 0xa6, 0x04, 0x41, 0x15, 0x32, 0x3c, 0x17, 0xbb, 0x32, 0xb9, 0xb9, // .......A.2<..2..
	0xb4, 0x37, 0xb7, 0x29, 0x01, 0xd1, 0x84, 0x0c, 0xcf, 0xc5, 0x2e, 0x8c, 0xcd, 0xae, 0x4c, 0x6e, // .7.)..........Ln
	0x4a, 0x60, 0xd4, 0x21, 0xc3, 0x73, 0x99, 0x43, 0x0b, 0x23, 0x2b, 0x93, 0x6b, 0x7a, 0x23, 0x2b, // J`.!.s.C.#+.kz#+
	0x63, 0x9b, 0x12, 0x24, 0x65, 0xc8, 0xf0, 0x5c, 0xe4, 0xca, 0xe6, 0xde, 0xea, 0xe4, 0xc6, 0xca, // c..$e...........
	0xe6, 0xa6, 0x04, 0x4f, 0x1d, 0x32, 0x3c, 0x17, 0xbb, 0xb4, 0xb2, 0xbb, 0x24, 0xb2, 0x29, 0xba, // ...O.2<.....$.).
	0x30, 0xba, 0xb2, 0x29, 0x41, 0x54, 0x87, 0x0c, 0xcf, 0xa5, 0xcc, 0x8d, 0x4e, 0x2e, 0x0f, 0xea, // 0..)AT......N...
	0x2d, 0xcd, 0x8d, 0x6e, 0x6e, 0x4a, 0x90, 0x06, 0x00, 0x00, 0x00, 0x00, 0x79, 0x18, 0x00, 0x00, // -..nnJ......y...
	0x4c, 0x00, 0x00, 0x00, 0x33, 0x08, 0x80, 0x1c, 0xc4, 0xe1, 0x1c, 0x66, 0x14, 0x01, 0x3d, 0x88, // L...3......f..=.
	0x43, 0x38, 0x84, 0xc3, 0x8c, 0x42, 0x80, 0x07, 0x79, 0x78, 0x07, 0x73, 0x98, 0x71, 0x0c, 0xe6, // C8...B..yx.s.q..
	0x00, 0x0f, 0xed, 0x10, 0x0e, 0xf4, 0x80, 0x0e, 0x33, 0x0c, 0x42, 0x1e, 0xc2, 0xc1, 0x1d, 0xce, // ........3.B.....
	0xa1, 0x1c, 0x66, 0x30, 0x05, 0x3d, 0x88, 0x43, 0x38, 0x84, 0x83, 0x1b, 0xcc, 0x03, 0x3d, 0xc8, // ..f0.=.C8.....=.
	0x43, 0x3d, 0x8c, 0x03, 0x3d, 0xcc, 0x78, 0x8c, 0x74, 0x70, 0x07, 0x7b, 0x08, 0x07, 0x79, 0x48, // C=..=.x.tp.{..yH
	0x87, 0x70, 0x70, 0x07, 0x7a, 0x70, 0x03, 0x76, 0x78, 0x87, 0x70, 0x20, 0x87, 0x19, 0xcc, 0x11, // .pp.zp.vx.p ....
	0x0e, 0xec, 0x90, 0x0e, 0xe1, 0x30, 0x0f, 0x6e, 0x30, 0x0f, 0xe3, 0xf0, 0x0e, 0xf0, 0x50, 0x0e, // .....0.n0.....P.
	0x33, 0x10, 0xc4, 0x1d, 0xde, 0x21, 0x1c, 0xd8, 0x21, 0x1d, 0xc2, 0x61, 0x1e, 0x66, 0x30, 0x89, // 3....!..!..a.f0.
	0x3b, 0xbc, 0x83, 0x3b, 0xd0, 0x43, 0x39, 0xb4, 0x03, 0x3c, 0xbc, 0x83, 0x3c, 0x84, 0x03, 0x3b, // ;..;.C9..<..<..;
	0xcc, 0xf0, 0x14, 0x76, 0x60, 0x07, 0x7b, 0x68, 0x07, 0x37, 0x68, 0x87, 0x72, 0x68, 0x07, 0x37, // ...v`.{h.7h.rh.7
	0x80, 0x87, 0x70, 0x90, 0x87, 0x70, 0x60, 0x07, 0x76, 0x28, 0x07, 0x76, 0xf8, 0x05, 0x76, 0x78, // ..p..p`.v(.v..vx
	0x87, 0x77, 0x80, 0x87, 0x5f, 0x08, 0x87, 0x71, 0x18, 0x87, 0x72, 0x98, 0x87, 0x79, 0x98, 0x81, // .w.._..q..r..y..
	0x2c, 0xee, 0xf0, 0x0e, 0xee, 0xe0, 0x0e, 0xf5, 0xc0, 0x0e, 0xec, 0x30, 0x03, 0x62, 0xc8, 0xa1, // ,..........0.b..
	0x1c, 0xe4, 0xa1, 0x1c, 0xcc, 0xa1, 0x1c, 0xe4, 0xa1, 0x1c, 0xdc, 0x61, 0x1c, 0xca, 0x21, 0x1c, // ...........a..!.
	0xc4, 0x81, 0x1d, 0xca, 0x61, 0x06, 0xd6, 0x90, 0x43, 0x39, 0xc8, 0x43, 0x39, 0x98, 0x43, 0x39, // ....a...C9.C9.C9
	0xc8, 0x43, 0x39, 0xb8, 0xc3, 0x38, 0x94, 0x43, 0x38, 0x88, 0x03, 0x3b, 0x94, 0xc3, 0x2f, 0xbc, // .C9..8.C8..;../.
	0x83, 0x3c, 0xfc, 0x82, 0x3b, 0xd4, 0x03, 0x3b, 0xb0, 0xc3, 0x0c, 0xc4, 0x21, 0x07, 0x7c, 0x70, // .<..;..;....!.|p
	0x03, 0x7a, 0x28, 0x87, 0x76, 0x80, 0x87, 0x19, 0xd1, 0x43, 0x0e, 0xf8, 0xe0, 0x06, 0xe4, 0x20, // .z(.v....C..... 
	0x0e, 0xe7, 0xe0, 0x06, 0xf6, 0x10, 0x0e, 0xf2, 0xc0, 0x0e, 0xe1, 0x90, 0x0f, 0xef, 0x50, 0x0f, // ..............P.
	0xf4, 0x00, 0x00, 0x00, 0x71, 0x20, 0x00, 0x00, 0x18, 0x00, 0x00, 0x00, 0x36, 0xb0, 0x0d, 0x97, // ....q ......6...
	0xef, 0x3c, 0xbe, 0x10, 0x50, 0x45, 0x41, 0x44, 0xa5, 0x03, 0x0c, 0x25, 0x61, 0x00, 0x02, 0xe6, // .<..PEAD...%a...
	0x17, 0xb7, 0x6d, 0x05, 0xd2, 0x70, 0xf9, 0xce, 0xe3, 0x0b, 0x11, 0x01, 0x4c, 0x44, 0x08, 0x34, // ..m..p......LD.4
	0xc3, 0x42, 0x58, 0xc0, 0x34, 0x5c, 0xbe, 0xf3, 0xf8, 0x8b, 0x03, 0x0c, 0x62, 0xf3, 0x50, 0x93, // .BX.4.......b.P.
	0x5f, 0xdc, 0xb6, 0x09, 0x54, 0xc3, 0xe5, 0x3b, 0x8f, 0x2f, 0x4d, 0x4e, 0x44, 0xa0, 0xd4, 0xf4, // _...T..;./MND...
	0x50, 0x93, 0x5f, 0xdc, 0xb6, 0x11, 0x48, 0xc3, 0xe5, 0x3b, 0x8f, 0x3f, 0x11, 0xd1, 0x84, 0x00, // P._...H..;.?....
	0x11, 0xe6, 0x17, 0xb7, 0x6d, 0x00, 0x04, 0x03, 0x20, 0x0d, 0x00, 0x00, 0x61, 0x20, 0x00, 0x00, // ....m... ...a ..
	0x72, 0x00, 0x00, 0x00, 0x13, 0x04, 0x41, 0x2c, 0x10, 0x00, 0x00, 0x00, 0x05, 0x00, 0x00, 0x00, // r.....A,........
	0x44, 0x8a, 0xab, 0x14, 0xca, 0xae, 0x10, 0x66, 0x00, 0x4a, 0xae, 0x08, 0xa8, 0x94, 0x00, 0xc5, // D......f.J......
	0x11, 0x00, 0x00, 0x00, 0x23, 0x06, 0x09, 0x00, 0x82, 0x60, 0x20, 0x65, 0x04, 0x73, 0x5d, 0xc1, // ....#....` e.s].
	0x88, 0x41, 0x02, 0x80, 0x20, 0x18, 0x18, 0xde, 0x81, 0x61, 0x90, 0x31, 0x62, 0x90, 0x00, 0x20, // .A.. ....a.1b.. 
	0x08, 0x06, 0xc6, 0x87, 0x64, 0x19, 0x71, 0x8c, 0x18, 0x24, 0x00, 0x08, 0x82, 0x81, 0x01, 0x06, // ....d.q..$......
	0x89, 0xa6, 0x3d, 0xc8, 0x88, 0xc1, 0x01, 0x80, 0x20, 0x18, 0x34, 0xdf, 0x42, 0x28, 0xa3, 0x09, // ..=..... .4.B(..
	0x01, 0x30, 0x9a, 0x20, 0x04, 0xa3, 0x09, 0x83, 0x60, 0xc7, 0x10, 0x1f, 0x3b, 0x86, 0xf8, 0xd8, // .0. ....`...;...
	0x31, 0xc4, 0x67, 0xc4, 0xe0, 0x00, 0x40, 0x10, 0x0c, 0x1a, 0x33, 0x90, 0x16, 0x31, 0x18, 0x4d, // 1.g...@...3..1.M
	0x08, 0x80, 0xd1, 0x04, 0x21, 0x18, 0x4d, 0x18, 0x84, 0xd1, 0x04, 0x62, 0x18, 0x31, 0x38, 0x00, // ....!.M....b.18.
	0x10, 0x04, 0x83, 0x66, 0x0d, 0x2e, 0x08, 0x0d, 0x46, 0x13, 0x02, 0x60, 0x34, 0x41, 0x08, 0x46, // ...f....F..`4A.F
	0x13, 0x06, 0x61, 0x34, 0x81, 0x18, 0x46, 0x0c, 0x0e, 0x00, 0x04, 0xc1, 0xa0, 0x81, 0x03, 0xae, // ..a4..F.........
	0xc2, 0x46, 0x13, 0x02, 0x60, 0x34, 0x41, 0x08, 0x46, 0x13, 0x06, 0x61, 0x34, 0x81, 0x18, 0x46, // .F..`4A.F..a4..F
	0x0c, 0x0e, 0x00, 0x04, 0xc1, 0xa0, 0xa9, 0x83, 0x30, 0xd0, 0xda, 0x60, 0x34, 0x21, 0x00, 0x46, // ........0..`4!.F
	0x13, 0x84, 0x60, 0x34, 0x61, 0x10, 0x46, 0x13, 0x88, 0xc1, 0xa6, 0x4b, 0x3e, 0x23, 0x06, 0x08, // ..`4a.F....K>#..
	0x00, 0x82, 0x60, 0xf0, 0xe8, 0x41, 0x1a, 0x3c, 0x57, 0x30, 0x62, 0x80, 0x00, 0x20, 0x08, 0x06, // ..`..A.<W0b.. ..
	0xcf, 0x1e, 0xa8, 0xc1, 0x72, 0x05, 0x16, 0x1c, 0xd0, 0x31, 0x6b, 0x93, 0xcf, 0x88, 0x01, 0x02, // ....r....1k.....
	0x80, 0x20, 0x18, 0x3c, 0x7e, 0xd0, 0x06, 0xd2, 0x16, 0x8c, 0x18, 0x20, 0x00, 0x08, 0x82, 0xc1, // . .<~...... ....
	0xf3, 0x07, 0x6e, 0xe0, 0x6c, 0x81, 0x05, 0x0a, 0x74, 0x2c, 0xfb, 0xe4, 0x33, 0x62, 0x80, 0x00, // ..n.l...t,..3b..
	0x20, 0x08, 0x06, 0x8f, 0x28, 0xc4, 0x41, 0xf5, 0x05, 0x23, 0x06, 0x08, 0x00, 0x82, 0x60, 0xf0, //  ...(.A..#....`.
	0x8c, 0x82, 0x1c, 0x44, 0x5f, 0x60, 0x41, 0x03, 0x1d, 0xe3, 0xc6, 0x40, 0x3e, 0x23, 0x06, 0x08, // ...D_`A....@>#..
	0x00, 0x82, 0x60, 0xf0, 0x98, 0x42, 0x1d, 0x60, 0x63, 0x10, 0x8c, 0x18, 0x20, 0x00, 0x08, 0x82, // ..`..B.`c... ...
	0xc1, 0x73, 0x0a, 0x76, 0x40, 0x8d, 0x41, 0x60, 0x01, 0x04, 0x9d, 0x11, 0x83, 0x04, 0x00, 0x41, // .s.v@.A`.......A
	0x30, 0x40, 0x56, 0xe1, 0x0e, 0x4c, 0xc1, 0x14, 0xfc, 0xa0, 0x19, 0x31, 0x48, 0x00, 0x10, 0x04, // 0@V..L.....1H...
	0x03, 0x64, 0x15, 0xee, 0xc0, 0x14, 0x4c, 0x21, 0x0e, 0x92, 0x11, 0x83, 0x04, 0x00, 0x41, 0x30, // .d....L!......A0
	0x40, 0x56, 0xe1, 0x0e, 0x4c, 0xc1, 0x14, 0xf6, 0xa0, 0x18, 0x31, 0x48, 0x00, 0x10, 0x04, 0x03, // @V..L.....1H....
	0x64, 0x15, 0xee, 0xc0, 0x14, 0x4c, 0xa1, 0x0f, 0x82, 0x11, 0x83, 0x04, 0x00, 0x41, 0x30, 0x40, // d....L.......A0@
	0x56, 0xe1, 0x0e, 0x4e, 0xc1, 0x14, 0xfc, 0xc0, 0x0d, 0x46, 0x0c, 0x12, 0x00, 0x04, 0xc1, 0x00, // V..N.....F......
	0x59, 0x85, 0x3b, 0x38, 0x05, 0x53, 0x88, 0x83, 0x36, 0x18, 0x31, 0x48, 0x00, 0x10, 0x04, 0x03, // Y.;8.S..6.1H....
	0x64, 0x15, 0xee, 0xe0, 0x14, 0x4c, 0x61, 0x0f, 0xd8, 0x00, 0x01, 0x00, 0x00, 0x00, 0x00, 0x00, // d....La.........
	0x00, 0x01, 0x01, 0x00, 0x50, 0x00,                                                             // ....P.
};
static const uint8_t vs_light_noclip_spv[1194] =
{
	0x56, 0x53, 0x48, 0x0c, 0x00, 0x00, 0x00, 0x00, 0x5e, 0xda, 0xa3, 0x5f, 0x00, 0x00, 0x00, 0x00, // VSH.....^.._....
	0x00, 0x00, 0x00, 0x00, 0x02, 0x00, 0x0e, 0x63, 0x61, 0x6d, 0x65, 0x72, 0x61, 0x50, 0x6f, 0x73, // .......cameraPos
	0x57, 0x6f, 0x72, 0x6c, 0x64, 0x02, 0x01, 0x40, 0x00, 0x01, 0x00, 0x00, 0x00, 0x00, 0x00, 0x0e, // World..@........
	0x6d, 0x61, 0x74, 0x52, 0x6f, 0x74, 0x56, 0x69, 0x65, 0x77, 0x50, 0x72, 0x6f, 0x6a, 0x04, 0x01, // matRotViewProj..
	0x00, 0x00, 0x04, 0x00, 0x00, 0x00, 0x00, 0x00, 0x58, 0x04, 0x00, 0x00, 0x03, 0x02, 0x23, 0x07, // ........X.....#.
	0x00, 0x00, 0x01, 0x00, 0x0b, 0x00, 0x08, 0x00, 0x76, 0x00, 0x00, 0x00, 0x00, 0x00, 0x00, 0x00, // ........v.......
	0x11, 0x00, 0x02, 0x00, 0x01, 0x00, 0x00, 0x00, 0x0b, 0x00, 0x06, 0x00, 0x01, 0x00, 0x00, 0x00, // ................
	0x47, 0x4c, 0x53, 0x4c, 0x2e, 0x73, 0x74, 0x64, 0x2e, 0x34, 0x35, 0x30, 0x00, 0x00, 0x00, 0x00, // GLSL.std.450....
	0x0e, 0x00, 0x03, 0x00, 0x00, 0x00, 0x00, 0x00, 0x01, 0x00, 0x00, 0x00, 0x0f, 0x00, 0x08, 0x00, // ................
	0x00, 0x00, 0x00, 0x00, 0x04, 0x00, 0x00, 0x00, 0x6d, 0x61, 0x69, 0x6e, 0x00, 0x00, 0x00, 0x00, // ........main....
	0x3b, 0x00, 0x00, 0x00, 0x42, 0x00, 0x00, 0x00, 0x46, 0x00, 0x00, 0x00, 0x03, 0x00, 0x03, 0x00, // ;...B...F.......
	0x05, 0x00, 0x00, 0x00, 0xf4, 0x01, 0x00, 0x00, 0x05, 0x00, 0x04, 0x00, 0x04, 0x00, 0x00, 0x00, // ................
	0x6d, 0x61, 0x69, 0x6e, 0x00, 0x00, 0x00, 0x00, 0x05, 0x00, 0x06, 0x00, 0x23, 0x00, 0x00, 0x00, // main........#...
	0x55, 0x6e, 0x69, 0x66, 0x6f, 0x72, 0x6d, 0x42, 0x6c, 0x6f, 0x63, 0x6b, 0x00, 0x00, 0x00, 0x00, // UniformBlock....
	0x06, 0x00, 0x07, 0x00, 0x23, 0x00, 0x00, 0x00, 0x00, 0x00, 0x00, 0x00, 0x6d, 0x61, 0x74, 0x52, // ....#.......matR
	0x6f, 0x74, 0x56, 0x69, 0x65, 0x77, 0x50, 0x72, 0x6f, 0x6a, 0x00, 0x00, 0x06, 0x00, 0x07, 0x00, // otViewProj......
	0x23, 0x00, 0x00, 0x00, 0x01, 0x00, 0x00, 0x00, 0x63, 0x61, 0x6d, 0x65, 0x72, 0x61, 0x50, 0x6f, // #.......cameraPo
	0x73, 0x57, 0x6f, 0x72, 0x6c, 0x64, 0x00, 0x00, 0x05, 0x00, 0x03, 0x00, 0x25, 0x00, 0x00, 0x00, // sWorld......%...
	0x00, 0x00, 0x00, 0x00, 0x05, 0x00, 0x05, 0x00, 0x3b, 0x00, 0x00, 0x00, 0x61, 0x5f, 0x70, 0x6f, // ........;...a_po
	0x73, 0x69, 0x74, 0x69, 0x6f, 0x6e, 0x00, 0x00, 0x05, 0x00, 0x0a, 0x00, 0x42, 0x00, 0x00, 0x00, // sition......B...
	0x40, 0x65, 0x6e, 0x74, 0x72, 0x79, 0x50, 0x6f, 0x69, 0x6e, 0x74, 0x4f, 0x75, 0x74, 0x70, 0x75, // @entryPointOutpu
	0x74, 0x2e, 0x67, 0x6c, 0x5f, 0x50, 0x6f, 0x73, 0x69, 0x74, 0x69, 0x6f, 0x6e, 0x00, 0x00, 0x00, // t.gl_Position...
	0x05, 0x00, 0x0a, 0x00, 0x46, 0x00, 0x00, 0x00, 0x40, 0x65, 0x6e, 0x74, 0x72, 0x79, 0x50, 0x6f, // ....F...@entryPo
	0x69, 0x6e, 0x74, 0x4f, 0x75, 0x74, 0x70, 0x75, 0x74, 0x2e, 0x76, 0x5f, 0x74, 0x61, 0x62, 0x6c, // intOutput.v_tabl
	0x65, 0x50, 0x6f, 0x73, 0x00, 0x00, 0x00, 0x00, 0x47, 0x00, 0x03, 0x00, 0x23, 0x00, 0x00, 0x00, // ePos....G...#...
	0x02, 0x00, 0x00, 0x00, 0x48, 0x00, 0x04, 0x00, 0x23, 0x00, 0x00, 0x00, 0x00, 0x00, 0x00, 0x00, // ....H...#.......
	0x04, 0x00, 0x00, 0x00, 0x48, 0x00, 0x05, 0x00, 0x23, 0x00, 0x00, 0x00, 0x00, 0x00, 0x00, 0x00, // ....H...#.......
	0x07, 0x00, 0x00, 0x00, 0x10, 0x00, 0x00, 0x00, 0x48, 0x00, 0x05, 0x00, 0x23, 0x00, 0x00, 0x00, // ........H...#...
	0x00, 0x00, 0x00, 0x00, 0x23, 0x00, 0x00, 0x00, 0x00, 0x00, 0x00, 0x00, 0x48, 0x00, 0x05, 0x00, // ....#.......H...
	0x23, 0x00, 0x00, 0x00, 0x01, 0x00, 0x00, 0x00, 0x23, 0x00, 0x00, 0x00, 0x40, 0x00, 0x00, 0x00, // #.......#...@...
	0x47, 0x00, 0x04, 0x00, 0x25, 0x00, 0x00, 0x00, 0x21, 0x00, 0x00, 0x00, 0x00, 0x00, 0x00, 0x00, // G...%...!.......
	0x47, 0x00, 0x04, 0x00, 0x25, 0x00, 0x00, 0x00, 0x22, 0x00, 0x00, 0x00, 0x00, 0x00, 0x00, 0x00, // G...%...".......
	0x47, 0x00, 0x04, 0x00, 0x3b, 0x00, 0x00, 0x00, 0x1e, 0x00, 0x00, 0x00, 0x00, 0x00, 0x00, 0x00, // G...;...........
	0x47, 0x00, 0x04, 0x00, 0x42, 0x00, 0x00, 0x00, 0x0b, 0x00, 0x00, 0x00, 0x00, 0x00, 0x00, 0x00, // G...B...........
	0x47, 0x00, 0x04, 0x00, 0x46, 0x00, 0x00, 0x00, 0x1e, 0x00, 0x00, 0x00, 0x00, 0x00, 0x00, 0x00, // G...F...........
	0x13, 0x00, 0x02, 0x00, 0x02, 0x00, 0x00, 0x00, 0x21, 0x00, 0x03, 0x00, 0x03, 0x00, 0x00, 0x00, // ........!.......
	0x02, 0x00, 0x00, 0x00, 0x16, 0x00, 0x03, 0x00, 0x06, 0x00, 0x00, 0x00, 0x20, 0x00, 0x00, 0x00, // ............ ...
	0x17, 0x00, 0x04, 0x00, 0x07, 0x00, 0x00, 0x00, 0x06, 0x00, 0x00, 0x00, 0x03, 0x00, 0x00, 0x00, // ................
	0x17, 0x00, 0x04, 0x00, 0x09, 0x00, 0x00, 0x00, 0x06, 0x00, 0x00, 0x00, 0x04, 0x00, 0x00, 0x00, // ................
	0x15, 0x00, 0x04, 0x00, 0x11, 0x00, 0x00, 0x00, 0x20, 0x00, 0x00, 0x00, 0x01, 0x00, 0x00, 0x00, // ........ .......
	0x2b, 0x00, 0x04, 0x00, 0x11, 0x00, 0x00, 0x00, 0x12, 0x00, 0x00, 0x00, 0x01, 0x00, 0x00, 0x00, // +...............
	0x2b, 0x00, 0x04, 0x00, 0x06, 0x00, 0x00, 0x00, 0x19, 0x00, 0x00, 0x00, 0x00, 0x00, 0x80, 0x3f, // +..............?
	0x18, 0x00, 0x04, 0x00, 0x22, 0x00, 0x00, 0x00, 0x09, 0x00, 0x00, 0x00, 0x04, 0x00, 0x00, 0x00, // ...."...........
	0x1e, 0x00, 0x04, 0x00, 0x23, 0x00, 0x00, 0x00, 0x22, 0x00, 0x00, 0x00, 0x09, 0x00, 0x00, 0x00, // ....#...".......
	0x20, 0x00, 0x04, 0x00, 0x24, 0x00, 0x00, 0x00, 0x02, 0x00, 0x00, 0x00, 0x23, 0x00, 0x00, 0x00, //  ...$.......#...
	0x3b, 0x00, 0x04, 0x00, 0x24, 0x00, 0x00, 0x00, 0x25, 0x00, 0x00, 0x00, 0x02, 0x00, 0x00, 0x00, // ;...$...%.......
	0x20, 0x00, 0x04, 0x00, 0x26, 0x00, 0x00, 0x00, 0x02, 0x00, 0x00, 0x00, 0x09, 0x00, 0x00, 0x00, //  ...&...........
	0x2b, 0x00, 0x04, 0x00, 0x11, 0x00, 0x00, 0x00, 0x2b, 0x00, 0x00, 0x00, 0x00, 0x00, 0x00, 0x00, // +.......+.......
	0x20, 0x00, 0x04, 0x00, 0x31, 0x00, 0x00, 0x00, 0x02, 0x00, 0x00, 0x00, 0x22, 0x00, 0x00, 0x00, //  ...1......."...
	0x20, 0x00, 0x04, 0x00, 0x3a, 0x00, 0x00, 0x00, 0x01, 0x00, 0x00, 0x00, 0x07, 0x00, 0x00, 0x00, //  ...:...........
	0x3b, 0x00, 0x04, 0x00, 0x3a, 0x00, 0x00, 0x00, 0x3b, 0x00, 0x00, 0x00, 0x01, 0x00, 0x00, 0x00, // ;...:...;.......
	0x20, 0x00, 0x04, 0x00, 0x41, 0x00, 0x00, 0x00, 0x03, 0x00, 0x00, 0x00, 0x09, 0x00, 0x00, 0x00, //  ...A...........
	0x3b, 0x00, 0x04, 0x00, 0x41, 0x00, 0x00, 0x00, 0x42, 0x00, 0x00, 0x00, 0x03, 0x00, 0x00, 0x00, // ;...A...B.......
	0x20, 0x00, 0x04, 0x00, 0x45, 0x00, 0x00, 0x00, 0x03, 0x00, 0x00, 0x00, 0x07, 0x00, 0x00, 0x00, //  ...E...........
	0x3b, 0x00, 0x04, 0x00, 0x45, 0x00, 0x00, 0x00, 0x46, 0x00, 0x00, 0x00, 0x03, 0x00, 0x00, 0x00, // ;...E...F.......
	0x36, 0x00, 0x05, 0x00, 0x02, 0x00, 0x00, 0x00, 0x04, 0x00, 0x00, 0x00, 0x00, 0x00, 0x00, 0x00, // 6...............
	0x03, 0x00, 0x00, 0x00, 0xf8, 0x00, 0x02, 0x00, 0x05, 0x00, 0x00, 0x00, 0x3d, 0x00, 0x04, 0x00, // ............=...
	0x07, 0x00, 0x00, 0x00, 0x3c, 0x00, 0x00, 0x00, 0x3b, 0x00, 0x00, 0x00, 0x41, 0x00, 0x05, 0x00, // ....<...;...A...
	0x26, 0x00, 0x00, 0x00, 0x6a, 0x00, 0x00, 0x00, 0x25, 0x00, 0x00, 0x00, 0x12, 0x00, 0x00, 0x00, // &...j...%.......
	0x3d, 0x00, 0x04, 0x00, 0x09, 0x00, 0x00, 0x00, 0x6b, 0x00, 0x00, 0x00, 0x6a, 0x00, 0x00, 0x00, // =.......k...j...
	0x4f, 0x00, 0x08, 0x00, 0x07, 0x00, 0x00, 0x00, 0x6c, 0x00, 0x00, 0x00, 0x6b, 0x00, 0x00, 0x00, // O.......l...k...
	0x6b, 0x00, 0x00, 0x00, 0x00, 0x00, 0x00, 0x00, 0x01, 0x00, 0x00, 0x00, 0x02, 0x00, 0x00, 0x00, // k...............
	0x83, 0x00, 0x05, 0x00, 0x07, 0x00, 0x00, 0x00, 0x6d, 0x00, 0x00, 0x00, 0x3c, 0x00, 0x00, 0x00, // ........m...<...
	0x6c, 0x00, 0x00, 0x00, 0x51, 0x00, 0x05, 0x00, 0x06, 0x00, 0x00, 0x00, 0x6f, 0x00, 0x00, 0x00, // l...Q.......o...
	0x6d, 0x00, 0x00, 0x00, 0x00, 0x00, 0x00, 0x00, 0x51, 0x00, 0x05, 0x00, 0x06, 0x00, 0x00, 0x00, // m.......Q.......
	0x70, 0x00, 0x00, 0x00, 0x6d, 0x00, 0x00, 0x00, 0x01, 0x00, 0x00, 0x00, 0x51, 0x00, 0x05, 0x00, // p...m.......Q...
	0x06, 0x00, 0x00, 0x00, 0x71, 0x00, 0x00, 0x00, 0x6d, 0x00, 0x00, 0x00, 0x02, 0x00, 0x00, 0x00, // ....q...m.......
	0x50, 0x00, 0x07, 0x00, 0x09, 0x00, 0x00, 0x00, 0x72, 0x00, 0x00, 0x00, 0x6f, 0x00, 0x00, 0x00, // P.......r...o...
	0x70, 0x00, 0x00, 0x00, 0x71, 0x00, 0x00, 0x00, 0x19, 0x00, 0x00, 0x00, 0x41, 0x00, 0x05, 0x00, // p...q.......A...
	0x31, 0x00, 0x00, 0x00, 0x73, 0x00, 0x00, 0x00, 0x25, 0x00, 0x00, 0x00, 0x2b, 0x00, 0x00, 0x00, // 1...s...%...+...
	0x3d, 0x00, 0x04, 0x00, 0x22, 0x00, 0x00, 0x00, 0x74, 0x00, 0x00, 0x00, 0x73, 0x00, 0x00, 0x00, // =..."...t...s...
	0x90, 0x00, 0x05, 0x00, 0x09, 0x00, 0x00, 0x00, 0x75, 0x00, 0x00, 0x00, 0x72, 0x00, 0x00, 0x00, // ........u...r...
	0x74, 0x00, 0x00, 0x00, 0x3e, 0x00, 0x03, 0x00, 0x42, 0x00, 0x00, 0x00, 0x75, 0x00, 0x00, 0x00, // t...>...B...u...
	0x3e, 0x00, 0x03, 0x00, 0x46, 0x00, 0x00, 0x00, 0x3c, 0x00, 0x00, 0x00, 0xfd, 0x00, 0x01, 0x00, // >...F...<.......
	0x38, 0x00, 0x01, 0x00, 0x00, 0x01, 0x01, 0x00, 0x50, 0x00,                                     // 8.......P.
};
static const bgfx::EmbeddedShader vs_light_noclip = BGFX_EMBEDDED_SHADER(vs_light_noclip);

//////////////////////////////////////////////////////////////////////////////////////////////////////////////////////
// Build of vertex shader from vs_light.sc to vs_light_noclip_st with options: NOCLIP STEREO
static const uint8_t vs_light_noclip_st_mtl[905] =
{
	0x56, 0x53, 0x48, 0x0c, 0x00, 0x00, 0x00, 0x00, 0x5e, 0xda, 0xa3, 0x5f, 0x00, 0x00, 0x00, 0x00, // VSH.....^.._....
	0x00, 0x00, 0x00, 0x00, 0x02, 0x00, 0x0e, 0x63, 0x61, 0x6d, 0x65, 0x72, 0x61, 0x50, 0x6f, 0x73, // .......cameraPos
	0x57, 0x6f, 0x72, 0x6c, 0x64, 0x02, 0x02, 0x80, 0x00, 0x02, 0x00, 0x00, 0x00, 0x00, 0x00, 0x0e, // World...........
	0x6d, 0x61, 0x74, 0x52, 0x6f, 0x74, 0x56, 0x69, 0x65, 0x77, 0x50, 0x72, 0x6f, 0x6a, 0x04, 0x02, // matRotViewProj..
	0x00, 0x00, 0x08, 0x00, 0x00, 0x00, 0x00, 0x00, 0x35, 0x03, 0x00, 0x00, 0x23, 0x69, 0x6e, 0x63, // ........5...#inc
	0x6c, 0x75, 0x64, 0x65, 0x20, 0x3c, 0x6d, 0x65, 0x74, 0x61, 0x6c, 0x5f, 0x73, 0x74, 0x64, 0x6c, // lude <metal_stdl
	0x69, 0x62, 0x3e, 0x0a, 0x23, 0x69, 0x6e, 0x63, 0x6c, 0x75, 0x64, 0x65, 0x20, 0x3c, 0x73, 0x69, // ib>.#include <si
	0x6d, 0x64, 0x2f, 0x73, 0x69, 0x6d, 0x64, 0x2e, 0x68, 0x3e, 0x0a, 0x0a, 0x75, 0x73, 0x69, 0x6e, // md/simd.h>..usin
	0x67, 0x20, 0x6e, 0x61, 0x6d, 0x65, 0x73, 0x70, 0x61, 0x63, 0x65, 0x20, 0x6d, 0x65, 0x74, 0x61, // g namespace meta
	0x6c, 0x3b, 0x0a, 0x0a, 0x73, 0x74, 0x72, 0x75, 0x63, 0x74, 0x20, 0x5f, 0x47, 0x6c, 0x6f, 0x62, // l;..struct _Glob
	0x61, 0x6c, 0x0a, 0x7b, 0x0a, 0x20, 0x20, 0x20, 0x20, 0x66, 0x6c, 0x6f, 0x61, 0x74, 0x34, 0x78, // al.{.    float4x
	0x34, 0x20, 0x6d, 0x61, 0x74, 0x52, 0x6f, 0x74, 0x56, 0x69, 0x65, 0x77, 0x50, 0x72, 0x6f, 0x6a, // 4 matRotViewProj
	0x5b, 0x32, 0x5d, 0x3b, 0x0a, 0x20, 0x20, 0x20, 0x20, 0x66, 0x6c, 0x6f, 0x61, 0x74, 0x34, 0x20, // [2];.    float4 
	0x63, 0x61, 0x6d, 0x65, 0x72, 0x61, 0x50, 0x6f, 0x73, 0x57, 0x6f, 0x72, 0x6c, 0x64, 0x5b, 0x32, // cameraPosWorld[2
	0x5d, 0x3b, 0x0a, 0x7d, 0x3b, 0x0a, 0x0a, 0x73, 0x74, 0x72, 0x75, 0x63, 0x74, 0x20, 0x78, 0x6c, // ];.};..struct xl
	0x61, 0x74, 0x4d, 0x74, 0x6c, 0x4d, 0x61, 0x69, 0x6e, 0x5f, 0x6f, 0x75, 0x74, 0x0a, 0x7b, 0x0a, // atMtlMain_out.{.
	0x20, 0x20, 0x20, 0x20, 0x66, 0x6c, 0x6f, 0x61, 0x74, 0x33, 0x20, 0x5f, 0x65, 0x6e, 0x74, 0x72, //     float3 _entr
	0x79, 0x50, 0x6f, 0x69, 0x6e, 0x74, 0x4f, 0x75, 0x74, 0x70, 0x75, 0x74, 0x5f, 0x76, 0x5f, 0x74, // yPointOutput_v_t
	0x61, 0x62, 0x6c, 0x65, 0x50, 0x6f, 0x73, 0x20, 0x5b, 0x5b, 0x75, 0x73, 0x65, 0x72, 0x28, 0x6c, // ablePos [[user(l
	0x6f, 0x63, 0x6e, 0x30, 0x29, 0x5d, 0x5d, 0x3b, 0x0a, 0x20, 0x20, 0x20, 0x20, 0x66, 0x6c, 0x6f, // ocn0)]];.    flo
	0x61, 0x74, 0x34, 0x20, 0x67, 0x6c, 0x5f, 0x50, 0x6f, 0x73, 0x69, 0x74, 0x69, 0x6f, 0x6e, 0x20, // at4 gl_Position 
	0x5b, 0x5b, 0x70, 0x6f, 0x73, 0x69, 0x74, 0x69, 0x6f, 0x6e, 0x5d, 0x5d, 0x3b, 0x0a, 0x20, 0x20, // [[position]];.  
	0x20, 0x20, 0x75, 0x69, 0x6e, 0x74, 0x20, 0x67, 0x6c, 0x5f, 0x4c, 0x61, 0x79, 0x65, 0x72, 0x20, //   uint gl_Layer 
	0x5b, 0x5b, 0x72, 0x65, 0x6e, 0x64, 0x65, 0x72, 0x5f, 0x74, 0x61, 0x72, 0x67, 0x65, 0x74, 0x5f, // [[render_target_
	0x61, 0x72, 0x72, 0x61, 0x79, 0x5f, 0x69, 0x6e, 0x64, 0x65, 0x78, 0x5d, 0x5d, 0x3b, 0x0a, 0x7d, // array_index]];.}
	0x3b, 0x0a, 0x0a, 0x73, 0x74, 0x72, 0x75, 0x63, 0x74, 0x20, 0x78, 0x6c, 0x61, 0x74, 0x4d, 0x74, // ;..struct xlatMt
	0x6c, 0x4d, 0x61, 0x69, 0x6e, 0x5f, 0x69, 0x6e, 0x0a, 0x7b, 0x0a, 0x20, 0x20, 0x20, 0x20, 0x66, // lMain_in.{.    f
	0x6c, 0x6f, 0x61, 0x74, 0x33, 0x20, 0x61, 0x5f, 0x70, 0x6f, 0x73, 0x69, 0x74, 0x69, 0x6f, 0x6e, // loat3 a_position
	0x20, 0x5b, 0x5b, 0x61, 0x74, 0x74, 0x72, 0x69, 0x62, 0x75, 0x74, 0x65, 0x28, 0x30, 0x29, 0x5d, //  [[attribute(0)]
	0x5d, 0x3b, 0x0a, 0x7d, 0x3b, 0x0a, 0x0a, 0x76, 0x65, 0x72, 0x74, 0x65, 0x78, 0x20, 0x78, 0x6c, // ];.};..vertex xl
	0x61, 0x74, 0x4d, 0x74, 0x6c, 0x4d, 0x61, 0x69, 0x6e, 0x5f, 0x6f, 0x75, 0x74, 0x20, 0x78, 0x6c, // atMtlMain_out xl
	0x61, 0x74, 0x4d, 0x74, 0x6c, 0x4d, 0x61, 0x69, 0x6e, 0x28, 0x78, 0x6c, 0x61, 0x74, 0x4d, 0x74, // atMtlMain(xlatMt
	0x6c, 0x4d, 0x61, 0x69, 0x6e, 0x5f, 0x69, 0x6e, 0x20, 0x69, 0x6e, 0x20, 0x5b, 0x5b, 0x73, 0x74, // lMain_in in [[st
	0x61, 0x67, 0x65, 0x5f, 0x69, 0x6e, 0x5d, 0x5d, 0x2c, 0x20, 0x63, 0x6f, 0x6e, 0x73, 0x74, 0x61, // age_in]], consta
	0x6e, 0x74, 0x20, 0x5f, 0x47, 0x6c, 0x6f, 0x62, 0x61, 0x6c, 0x26, 0x20, 0x5f, 0x6d, 0x74, 0x6c, // nt _Global& _mtl
	0x5f, 0x75, 0x20, 0x5b, 0x5b, 0x62, 0x75, 0x66, 0x66, 0x65, 0x72, 0x28, 0x30, 0x29, 0x5d, 0x5d, // _u [[buffer(0)]]
	0x2c, 0x20, 0x75, 0x69, 0x6e, 0x74, 0x20, 0x67, 0x6c, 0x5f, 0x49, 0x6e, 0x73, 0x74, 0x61, 0x6e, // , uint gl_Instan
	0x63, 0x65, 0x49, 0x6e, 0x64, 0x65, 0x78, 0x20, 0x5b, 0x5b, 0x69, 0x6e, 0x73, 0x74, 0x61, 0x6e, // ceIndex [[instan
	0x63, 0x65, 0x5f, 0x69, 0x64, 0x5d, 0x5d, 0x29, 0x0a, 0x7b, 0x0a, 0x20, 0x20, 0x20, 0x20, 0x78, // ce_id]]).{.    x
	0x6c, 0x61, 0x74, 0x4d, 0x74, 0x6c, 0x4d, 0x61, 0x69, 0x6e, 0x5f, 0x6f, 0x75, 0x74, 0x20, 0x6f, // latMtlMain_out o
	0x75, 0x74, 0x20, 0x3d, 0x20, 0x7b, 0x7d, 0x3b, 0x0a, 0x20, 0x20, 0x20, 0x20, 0x6f, 0x75, 0x74, // ut = {};.    out
	0x2e, 0x67, 0x6c, 0x5f, 0x50, 0x6f, 0x73, 0x69, 0x74, 0x69, 0x6f, 0x6e, 0x20, 0x3d, 0x20, 0x5f, // .gl_Position = _
	0x6d, 0x74, 0x6c, 0x5f, 0x75, 0x2e, 0x6d, 0x61, 0x74, 0x52, 0x6f, 0x74, 0x56, 0x69, 0x65, 0x77, // mtl_u.matRotView
	0x50, 0x72, 0x6f, 0x6a, 0x5b, 0x67, 0x6c, 0x5f, 0x49, 0x6e, 0x73, 0x74, 0x61, 0x6e, 0x63, 0x65, // Proj[gl_Instance
	0x49, 0x6e, 0x64, 0x65, 0x78, 0x5d, 0x20, 0x2a, 0x20, 0x66, 0x6c, 0x6f, 0x61, 0x74, 0x34, 0x28, // Index] * float4(
	0x69, 0x6e, 0x2e, 0x61, 0x5f, 0x70, 0x6f, 0x73, 0x69, 0x74, 0x69, 0x6f, 0x6e, 0x20, 0x2d, 0x20, // in.a_position - 
	0x5f, 0x6d, 0x74, 0x6c, 0x5f, 0x75, 0x2e, 0x63, 0x61, 0x6d, 0x65, 0x72, 0x61, 0x50, 0x6f, 0x73, // _mtl_u.cameraPos
	0x57, 0x6f, 0x72, 0x6c, 0x64, 0x5b, 0x67, 0x6c, 0x5f, 0x49, 0x6e, 0x73, 0x74, 0x61, 0x6e, 0x63, // World[gl_Instanc
	0x65, 0x49, 0x6e, 0x64, 0x65, 0x78, 0x5d, 0x2e, 0x78, 0x79, 0x7a, 0x2c, 0x20, 0x31, 0x2e, 0x30, // eIndex].xyz, 1.0
	0x29, 0x3b, 0x0a, 0x20, 0x20, 0x20, 0x20, 0x6f, 0x75, 0x74, 0x2e, 0x5f, 0x65, 0x6e, 0x74, 0x72, // );.    out._entr
	0x79, 0x50, 0x6f, 0x69, 0x6e, 0x74, 0x4f, 0x75, 0x74, 0x70, 0x75, 0x74, 0x5f, 0x76, 0x5f, 0x74, // yPointOutput_v_t
	0x61, 0x62, 0x6c, 0x65, 0x50, 0x6f, 0x73, 0x20, 0x3d, 0x20, 0x69, 0x6e, 0x2e, 0x61, 0x5f, 0x70, // ablePos = in.a_p
	0x6f, 0x73, 0x69, 0x74, 0x69, 0x6f, 0x6e, 0x3b, 0x0a, 0x20, 0x20, 0x20, 0x20, 0x6f, 0x75, 0x74, // osition;.    out
	0x2e, 0x67, 0x6c, 0x5f, 0x4c, 0x61, 0x79, 0x65, 0x72, 0x20, 0x3d, 0x20, 0x67, 0x6c, 0x5f, 0x49, // .gl_Layer = gl_I
	0x6e, 0x73, 0x74, 0x61, 0x6e, 0x63, 0x65, 0x49, 0x6e, 0x64, 0x65, 0x78, 0x3b, 0x0a, 0x20, 0x20, // nstanceIndex;.  
	0x20, 0x20, 0x72, 0x65, 0x74, 0x75, 0x72, 0x6e, 0x20, 0x6f, 0x75, 0x74, 0x3b, 0x0a, 0x7d, 0x0a, //   return out;.}.
	0x0a, 0x00, 0x02, 0x01, 0x00, 0xff, 0xff, 0xa0, 0x00,                                           // .........
};
static const uint8_t vs_light_noclip_st_essl[434] =
{
	0x56, 0x53, 0x48, 0x0c, 0x00, 0x00, 0x00, 0x00, 0x5e, 0xda, 0xa3, 0x5f, 0x00, 0x00, 0x00, 0x00, // VSH.....^.._....
	0x00, 0x00, 0x00, 0x00, 0x02, 0x00, 0x0e, 0x63, 0x61, 0x6d, 0x65, 0x72, 0x61, 0x50, 0x6f, 0x73, // .......cameraPos
	0x57, 0x6f, 0x72, 0x6c, 0x64, 0x02, 0x02, 0x00, 0x00, 0x02, 0x00, 0x00, 0x00, 0x00, 0x00, 0x0e, // World...........
	0x6d, 0x61, 0x74, 0x52, 0x6f, 0x74, 0x56, 0x69, 0x65, 0x77, 0x50, 0x72, 0x6f, 0x6a, 0x04, 0x02, // matRotViewProj..
	0x00, 0x00, 0x08, 0x00, 0x00, 0x00, 0x00, 0x00, 0x65, 0x01, 0x00, 0x00, 0x23, 0x65, 0x78, 0x74, // ........e...#ext
	0x65, 0x6e, 0x73, 0x69, 0x6f, 0x6e, 0x20, 0x47, 0x4c, 0x5f, 0x4e, 0x56, 0x5f, 0x76, 0x69, 0x65, // ension GL_NV_vie
	0x77, 0x70, 0x6f, 0x72, 0x74, 0x5f, 0x61, 0x72, 0x72, 0x61, 0x79, 0x32, 0x20, 0x3a, 0x20, 0x72, // wport_array2 : r
	0x65, 0x71, 0x75, 0x69, 0x72, 0x65, 0x0a, 0x0a, 0x75, 0x6e, 0x69, 0x66, 0x6f, 0x72, 0x6d, 0x20, // equire..uniform 
	0x76, 0x65, 0x63, 0x34, 0x20, 0x63, 0x61, 0x6d, 0x65, 0x72, 0x61, 0x50, 0x6f, 0x73, 0x57, 0x6f, // vec4 cameraPosWo
	0x72, 0x6c, 0x64, 0x5b, 0x32, 0x5d, 0x3b, 0x0a, 0x75, 0x6e, 0x69, 0x66, 0x6f, 0x72, 0x6d, 0x20, // rld[2];.uniform 
	0x6d, 0x61, 0x74, 0x34, 0x20, 0x6d, 0x61, 0x74, 0x52, 0x6f, 0x74, 0x56, 0x69, 0x65, 0x77, 0x50, // mat4 matRotViewP
	0x72, 0x6f, 0x6a, 0x5b, 0x32, 0x5d, 0x3b, 0x0a, 0x0a, 0x6c, 0x61, 0x79, 0x6f, 0x75, 0x74, 0x28, // roj[2];..layout(
	0x6c, 0x6f, 0x63, 0x61, 0x74, 0x69, 0x6f, 0x6e, 0x20, 0x3d, 0x20, 0x30, 0x29, 0x20, 0x69, 0x6e, // location = 0) in
	0x20, 0x76, 0x65, 0x63, 0x33, 0x20, 0x61, 0x5f, 0x70, 0x6f, 0x73, 0x69, 0x74, 0x69, 0x6f, 0x6e, //  vec3 a_position
	0x3b, 0x0a, 0x6f, 0x75, 0x74, 0x20, 0x76, 0x65, 0x63, 0x33, 0x20, 0x76, 0x5f, 0x74, 0x61, 0x62, // ;.out vec3 v_tab
	0x6c, 0x65, 0x50, 0x6f, 0x73, 0x3b, 0x0a, 0x0a, 0x76, 0x6f, 0x69, 0x64, 0x20, 0x6d, 0x61, 0x69, // lePos;..void mai
	0x6e, 0x28, 0x29, 0x0a, 0x7b, 0x0a, 0x20, 0x20, 0x20, 0x20, 0x76, 0x5f, 0x74, 0x61, 0x62, 0x6c, // n().{.    v_tabl
	0x65, 0x50, 0x6f, 0x73, 0x20, 0x3d, 0x20, 0x61, 0x5f, 0x70, 0x6f, 0x73, 0x69, 0x74, 0x69, 0x6f, // ePos = a_positio
	0x6e, 0x3b, 0x0a, 0x20, 0x20, 0x20, 0x20, 0x67, 0x6c, 0x5f, 0x4c, 0x61, 0x79, 0x65, 0x72, 0x20, // n;.    gl_Layer 
	0x3d, 0x20, 0x67, 0x6c, 0x5f, 0x49, 0x6e, 0x73, 0x74, 0x61, 0x6e, 0x63, 0x65, 0x49, 0x44, 0x3b, // = gl_InstanceID;
	0x0a, 0x20, 0x20, 0x20, 0x20, 0x67, 0x6c, 0x5f, 0x50, 0x6f, 0x73, 0x69, 0x74, 0x69, 0x6f, 0x6e, // .    gl_Position
	0x20, 0x3d, 0x20, 0x6d, 0x61, 0x74, 0x52, 0x6f, 0x74, 0x56, 0x69, 0x65, 0x77, 0x50, 0x72, 0x6f, //  = matRotViewPro
	0x6a, 0x5b, 0x67, 0x6c, 0x5f, 0x49, 0x6e, 0x73, 0x74, 0x61, 0x6e, 0x63, 0x65, 0x49, 0x44, 0x5d, // j[gl_InstanceID]
	0x20, 0x2a, 0x20, 0x76, 0x65, 0x63, 0x34, 0x28, 0x61, 0x5f, 0x70, 0x6f, 0x73, 0x69, 0x74, 0x69, //  * vec4(a_positi
	0x6f, 0x6e, 0x20, 0x2d, 0x20, 0x63, 0x61, 0x6d, 0x65, 0x72, 0x61, 0x50, 0x6f, 0x73, 0x57, 0x6f, // on - cameraPosWo
	0x72, 0x6c, 0x64, 0x5b, 0x67, 0x6c, 0x5f, 0x49, 0x6e, 0x73, 0x74, 0x61, 0x6e, 0x63, 0x65, 0x49, // rld[gl_InstanceI
	0x44, 0x5d, 0x2e, 0x78, 0x79, 0x7a, 0x2c, 0x20, 0x31, 0x2e, 0x30, 0x29, 0x3b, 0x0a, 0x7d, 0x0a, // D].xyz, 1.0);.}.
	0x0a, 0x00,                                                                                     // ..
};
static const uint8_t vs_light_noclip_st_glsl[447] =
{
	0x56, 0x53, 0x48, 0x0c, 0x00, 0x00, 0x00, 0x00, 0x5e, 0xda, 0xa3, 0x5f, 0x00, 0x00, 0x00, 0x00, // VSH.....^.._....
	0x00, 0x00, 0x00, 0x00, 0x02, 0x00, 0x0e, 0x63, 0x61, 0x6d, 0x65, 0x72, 0x61, 0x50, 0x6f, 0x73, // .......cameraPos
	0x57, 0x6f, 0x72, 0x6c, 0x64, 0x02, 0x02, 0x00, 0x00, 0x02, 0x00, 0x00, 0x00, 0x00, 0x00, 0x0e, // World...........
	0x6d, 0x61, 0x74, 0x52, 0x6f, 0x74, 0x56, 0x69, 0x65, 0x77, 0x50, 0x72, 0x6f, 0x6a, 0x04, 0x02, // matRotViewProj..
	0x00, 0x00, 0x08, 0x00, 0x00, 0x00, 0x00, 0x00, 0x72, 0x01, 0x00, 0x00, 0x23, 0x65, 0x78, 0x74, // ........r...#ext
	0x65, 0x6e, 0x73, 0x69, 0x6f, 0x6e, 0x20, 0x47, 0x4c, 0x5f, 0x41, 0x52, 0x42, 0x5f, 0x73, 0x68, // ension GL_ARB_sh
	0x61, 0x64, 0x65, 0x72, 0x5f, 0x76, 0x69, 0x65, 0x77, 0x70, 0x6f, 0x72, 0x74, 0x5f, 0x6c, 0x61, // ader_viewport_la
	0x79, 0x65, 0x72, 0x5f, 0x61, 0x72, 0x72, 0x61, 0x79, 0x20, 0x3a, 0x20, 0x72, 0x65, 0x71, 0x75, // yer_array : requ
	0x69, 0x72, 0x65, 0x0a, 0x0a, 0x75, 0x6e, 0x69, 0x66, 0x6f, 0x72, 0x6d, 0x20, 0x76, 0x65, 0x63, // ire..uniform vec
	0x34, 0x20, 0x63, 0x61, 0x6d, 0x65, 0x72, 0x61, 0x50, 0x6f, 0x73, 0x57, 0x6f, 0x72, 0x6c, 0x64, // 4 cameraPosWorld
	0x5b, 0x32, 0x5d, 0x3b, 0x0a, 0x75, 0x6e, 0x69, 0x66, 0x6f, 0x72, 0x6d, 0x20, 0x6d, 0x61, 0x74, // [2];.uniform mat
	0x34, 0x20, 0x6d, 0x61, 0x74, 0x52, 0x6f, 0x74, 0x56, 0x69, 0x65, 0x77, 0x50, 0x72, 0x6f, 0x6a, // 4 matRotViewProj
	0x5b, 0x32, 0x5d, 0x3b, 0x0a, 0x0a, 0x6c, 0x61, 0x79, 0x6f, 0x75, 0x74, 0x28, 0x6c, 0x6f, 0x63, // [2];..layout(loc
	0x61, 0x74, 0x69, 0x6f, 0x6e, 0x20, 0x3d, 0x20, 0x30, 0x29, 0x20, 0x69, 0x6e, 0x20, 0x76, 0x65, // ation = 0) in ve
	0x63, 0x33, 0x20, 0x61, 0x5f, 0x70, 0x6f, 0x73, 0x69, 0x74, 0x69, 0x6f, 0x6e, 0x3b, 0x0a, 0x6f, // c3 a_position;.o
	0x75, 0x74, 0x20, 0x76, 0x65, 0x63, 0x33, 0x20, 0x76, 0x5f, 0x74, 0x61, 0x62, 0x6c, 0x65, 0x50, // ut vec3 v_tableP
	0x6f, 0x73, 0x3b, 0x0a, 0x0a, 0x76, 0x6f, 0x69, 0x64, 0x20, 0x6d, 0x61, 0x69, 0x6e, 0x28, 0x29, // os;..void main()
	0x0a, 0x7b, 0x0a, 0x20, 0x20, 0x20, 0x20, 0x76, 0x5f, 0x74, 0x61, 0x62, 0x6c, 0x65, 0x50, 0x6f, // .{.    v_tablePo
	0x73, 0x20, 0x3d, 0x20, 0x61, 0x5f, 0x70, 0x6f, 0x73, 0x69, 0x74, 0x69, 0x6f, 0x6e, 0x3b, 0x0a, // s = a_position;.
	0x20, 0x20, 0x20, 0x20, 0x67, 0x6c, 0x5f, 0x4c, 0x61, 0x79, 0x65, 0x72, 0x20, 0x3d, 0x20, 0x67, //     gl_Layer = g
	0x6c, 0x5f, 0x49, 0x6e, 0x73, 0x74, 0x61, 0x6e, 0x63, 0x65, 0x49, 0x44, 0x3b, 0x0a, 0x20, 0x20, // l_InstanceID;.  
	0x20, 0x20, 0x67, 0x6c, 0x5f, 0x50, 0x6f, 0x73, 0x69, 0x74, 0x69, 0x6f, 0x6e, 0x20, 0x3d, 0x20, //   gl_Position = 
	0x6d, 0x61, 0x74, 0x52, 0x6f, 0x74, 0x56, 0x69, 0x65, 0x77, 0x50, 0x72, 0x6f, 0x6a, 0x5b, 0x67, // matRotViewProj[g
	0x6c, 0x5f, 0x49, 0x6e, 0x73, 0x74, 0x61, 0x6e, 0x63, 0x65, 0x49, 0x44, 0x5d, 0x20, 0x2a, 0x20, // l_InstanceID] * 
	0x76, 0x65, 0x63, 0x34, 0x28, 0x61, 0x5f, 0x70, 0x6f, 0x73, 0x69, 0x74, 0x69, 0x6f, 0x6e, 0x20, // vec4(a_position 
	0x2d, 0x20, 0x63, 0x61, 0x6d, 0x65, 0x72, 0x61, 0x50, 0x6f, 0x73, 0x57, 0x6f, 0x72, 0x6c, 0x64, // - cameraPosWorld
	0x5b, 0x67, 0x6c, 0x5f, 0x49, 0x6e, 0x73, 0x74, 0x61, 0x6e, 0x63, 0x65, 0x49, 0x44, 0x5d, 0x2e, // [gl_InstanceID].
	0x78, 0x79, 0x7a, 0x2c, 0x20, 0x31, 0x2e, 0x30, 0x29, 0x3b, 0x0a, 0x7d, 0x0a, 0x0a, 0x00,       // xyz, 1.0);.}...
};
static const uint8_t vs_light_noclip_st_dxbc[794] =
{
	0x56, 0x53, 0x48, 0x0c, 0x00, 0x00, 0x00, 0x00, 0x5e, 0xda, 0xa3, 0x5f, 0x00, 0x00, 0x00, 0x00, // VSH.....^.._....
	0x00, 0x00, 0x00, 0x00, 0x02, 0x00, 0x0e, 0x6d, 0x61, 0x74, 0x52, 0x6f, 0x74, 0x56, 0x69, 0x65, // .......matRotVie
	0x77, 0x50, 0x72, 0x6f, 0x6a, 0x04, 0x02, 0x00, 0x00, 0x08, 0x00, 0x00, 0x00, 0x00, 0x00, 0x0e, // wProj...........
	0x63, 0x61, 0x6d, 0x65, 0x72, 0x61, 0x50, 0x6f, 0x73, 0x57, 0x6f, 0x72, 0x6c, 0x64, 0x02, 0x02, // cameraPosWorld..
	0x80, 0x00, 0x02, 0x00, 0x00, 0x00, 0x00, 0x00, 0xc8, 0x02, 0x00, 0x00, 0x44, 0x58, 0x42, 0x43, // ............DXBC
	0x01, 0xee, 0xb6, 0x3c, 0x52, 0xa8, 0xc5, 0xa2, 0x34, 0xfa, 0x6f, 0x51, 0x17, 0xb3, 0xd2, 0x5e, // ...<R...4.oQ...^
	0x01, 0x00, 0x00, 0x00, 0xc8, 0x02, 0x00, 0x00, 0x04, 0x00, 0x00, 0x00, 0x30, 0x00, 0x00, 0x00, // ............0...
	0x88, 0x00, 0x00, 0x00, 0x10, 0x01, 0x00, 0x00, 0xb8, 0x02, 0x00, 0x00, 0x49, 0x53, 0x47, 0x4e, // ............ISGN
	0x50, 0x00, 0x00, 0x00, 0x02, 0x00, 0x00, 0x00, 0x08, 0x00, 0x00, 0x00, 0x38, 0x00, 0x00, 0x00, // P...........8...
	0x00, 0x00, 0x00, 0x00, 0x00, 0x00, 0x00, 0x00, 0x03, 0x00, 0x00, 0x00, 0x00, 0x00, 0x00, 0x00, // ................
	0x07, 0x07, 0x00, 0x00, 0x41, 0x00, 0x00, 0x00, 0x00, 0x00, 0x00, 0x00, 0x08, 0x00, 0x00, 0x00, // ....A...........
	0x01, 0x00, 0x00, 0x00, 0x01, 0x00, 0x00, 0x00, 0x01, 0x01, 0x00, 0x00, 0x50, 0x4f, 0x53, 0x49, // ............POSI
	0x54, 0x49, 0x4f, 0x4e, 0x00, 0x53, 0x56, 0x5f, 0x49, 0x6e, 0x73, 0x74, 0x61, 0x6e, 0x63, 0x65, // TION.SV_Instance
	0x49, 0x44, 0x00, 0xab, 0x4f, 0x53, 0x47, 0x4e, 0x80, 0x00, 0x00, 0x00, 0x03, 0x00, 0x00, 0x00, // ID..OSGN........
	0x08, 0x00, 0x00, 0x00, 0x50, 0x00, 0x00, 0x00, 0x00, 0x00, 0x00, 0x00, 0x01, 0x00, 0x00, 0x00, // ....P...........
	0x03, 0x00, 0x00, 0x00, 0x00, 0x00, 0x00, 0x00, 0x0f, 0x00, 0x00, 0x00, 0x5c, 0x00, 0x00, 0x00, // ................
	0x01, 0x00, 0x00, 0x00, 0x00, 0x00, 0x00, 0x00, 0x03, 0x00, 0x00, 0x00, 0x01, 0x00, 0x00, 0x00, // ................
	0x07, 0x08, 0x00, 0x00, 0x65, 0x00, 0x00, 0x00, 0x00, 0x00, 0x00, 0x00, 0x04, 0x00, 0x00, 0x00, // ....e...........
	0x01, 0x00, 0x00, 0x00, 0x02, 0x00, 0x00, 0x00, 0x01, 0x0e, 0x00, 0x00, 0x53, 0x56, 0x5f, 0x50, // ............SV_P
	0x4f, 0x53, 0x49, 0x54, 0x49, 0x4f, 0x4e, 0x00, 0x54, 0x45, 0x58, 0x43, 0x4f, 0x4f, 0x52, 0x44, // OSITION.TEXCOORD
	0x00, 0x53, 0x56, 0x5f, 0x52, 0x65, 0x6e, 0x64, 0x65, 0x72, 0x54, 0x61, 0x72, 0x67, 0x65, 0x74, // .SV_RenderTarget
	0x41, 0x72, 0x72, 0x61, 0x79, 0x49, 0x6e, 0x64, 0x65, 0x78, 0x00, 0xab, 0x53, 0x48, 0x45, 0x58, // ArrayIndex..SHEX
	0xa0, 0x01, 0x00, 0x00, 0x50, 0x00, 0x01, 0x00, 0x68, 0x00, 0x00, 0x00, 0x6a, 0x08, 0x00, 0x01, // ....P...h...j...
	0x59, 0x08, 0x00, 0x04, 0x46, 0x8e, 0x20, 0x00, 0x00, 0x00, 0x00, 0x00, 0x0a, 0x00, 0x00, 0x00, // Y...F. .........
	0x5f, 0x00, 0x00, 0x03, 0x72, 0x10, 0x10, 0x00, 0x00, 0x00, 0x00, 0x00, 0x60, 0x00, 0x00, 0x04, // _...r.......`...
	0x12, 0x10, 0x10, 0x00, 0x01, 0x00, 0x00, 0x00, 0x08, 0x00, 0x00, 0x00, 0x67, 0x00, 0x00, 0x04, // ............g...
	0xf2, 0x20, 0x10, 0x00, 0x00, 0x00, 0x00, 0x00, 0x01, 0x00, 0x00, 0x00, 0x65, 0x00, 0x00, 0x03, // . ..........e...
	0x72, 0x20, 0x10, 0x00, 0x01, 0x00, 0x00, 0x00, 0x67, 0x00, 0x00, 0x04, 0x12, 0x20, 0x10, 0x00, // r ......g.... ..
	0x02, 0x00, 0x00, 0x00, 0x04, 0x00, 0x00, 0x00, 0x68, 0x00, 0x00, 0x02, 0x02, 0x00, 0x00, 0x00, // ........h.......
	0x36, 0x00, 0x00, 0x05, 0x12, 0x00, 0x10, 0x00, 0x00, 0x00, 0x00, 0x00, 0x0a, 0x10, 0x10, 0x00, // 6...............
	0x01, 0x00, 0x00, 0x00, 0x00, 0x00, 0x00, 0x0b, 0x72, 0x00, 0x10, 0x00, 0x00, 0x00, 0x00, 0x00, // ........r.......
	0x46, 0x12, 0x10, 0x00, 0x00, 0x00, 0x00, 0x00, 0x46, 0x82, 0x20, 0x86, 0x41, 0x00, 0x00, 0x00, // F.......F. .A...
	0x00, 0x00, 0x00, 0x00, 0x08, 0x00, 0x00, 0x00, 0x0a, 0x00, 0x10, 0x00, 0x00, 0x00, 0x00, 0x00, // ................
	0x29, 0x00, 0x00, 0x07, 0x82, 0x00, 0x10, 0x00, 0x00, 0x00, 0x00, 0x00, 0x0a, 0x10, 0x10, 0x00, // )...............
	0x01, 0x00, 0x00, 0x00, 0x01, 0x40, 0x00, 0x00, 0x02, 0x00, 0x00, 0x00, 0x38, 0x00, 0x00, 0x0a, // .....@......8...
	0xf2, 0x00, 0x10, 0x00, 0x01, 0x00, 0x00, 0x00, 0x56, 0x05, 0x10, 0x00, 0x00, 0x00, 0x00, 0x00, // ........V.......
	0x46, 0x8e, 0x20, 0x06, 0x00, 0x00, 0x00, 0x00, 0x01, 0x00, 0x00, 0x00, 0x3a, 0x00, 0x10, 0x00, // F. .........:...
	0x00, 0x00, 0x00, 0x00, 0x32, 0x00, 0x00, 0x0b, 0xf2, 0x00, 0x10, 0x00, 0x01, 0x00, 0x00, 0x00, // ....2...........
	0x46, 0x8e, 0x20, 0x04, 0x00, 0x00, 0x00, 0x00, 0x3a, 0x00, 0x10, 0x00, 0x00, 0x00, 0x00, 0x00, // F. .....:.......
	0x06, 0x00, 0x10, 0x00, 0x00, 0x00, 0x00, 0x00, 0x46, 0x0e, 0x10, 0x00, 0x01, 0x00, 0x00, 0x00, // ........F.......
	0x32, 0x00, 0x00, 0x0c, 0xf2, 0x00, 0x10, 0x00, 0x01, 0x00, 0x00, 0x00, 0x46, 0x8e, 0x20, 0x06, // 2...........F. .
	0x00, 0x00, 0x00, 0x00, 0x02, 0x00, 0x00, 0x00, 0x3a, 0x00, 0x10, 0x00, 0x00, 0x00, 0x00, 0x00, // ........:.......
	0xa6, 0x0a, 0x10, 0x00, 0x00, 0x00, 0x00, 0x00, 0x46, 0x0e, 0x10, 0x00, 0x01, 0x00, 0x00, 0x00, // ........F.......
	0x00, 0x00, 0x00, 0x0a, 0xf2, 0x20, 0x10, 0x00, 0x00, 0x00, 0x00, 0x00, 0x46, 0x0e, 0x10, 0x00, // ..... ......F...
	0x01, 0x00, 0x00, 0x00, 0x46, 0x8e, 0x20, 0x06, 0x00, 0x00, 0x00, 0x00, 0x03, 0x00, 0x00, 0x00, // ....F. .........
	0x3a, 0x00, 0x10, 0x00, 0x00, 0x00, 0x00, 0x00, 0x36, 0x00, 0x00, 0x05, 0x72, 0x20, 0x10, 0x00, // :.......6...r ..
	0x01, 0x00, 0x00, 0x00, 0x46, 0x12, 0x10, 0x00, 0x00, 0x00, 0x00, 0x00, 0x36, 0x00, 0x00, 0x05, // ....F.......6...
	0x12, 0x20, 0x10, 0x00, 0x02, 0x00, 0x00, 0x00, 0x0a, 0x10, 0x10, 0x00, 0x01, 0x00, 0x00, 0x00, // . ..............
	0x3e, 0x00, 0x00, 0x01, 0x53, 0x46, 0x49, 0x30, 0x08, 0x00, 0x00, 0x00, 0x00, 0x20, 0x00, 0x00, // >...SFI0..... ..
	0x00, 0x00, 0x00, 0x00, 0x00, 0x01, 0x01, 0x00, 0xa0, 0x00,                                     // ..........
};
static const uint8_t vs_light_noclip_st_dxil[2878] =
{
	0x56, 0x53, 0x48, 0x0c, 0x00, 0x00, 0x00, 0x00, 0x5e, 0xda, 0xa3, 0x5f, 0x00, 0x00, 0x00, 0x00, // VSH.....^.._....
	0x00, 0x00, 0x00, 0x00, 0x02, 0x00, 0x0e, 0x6d, 0x61, 0x74, 0x52, 0x6f, 0x74, 0x56, 0x69, 0x65, // .......matRotVie
	0x77, 0x50, 0x72, 0x6f, 0x6a, 0x04, 0x02, 0x00, 0x00, 0x08, 0x00, 0x00, 0x00, 0x00, 0x00, 0x0e, // wProj...........
	0x63, 0x61, 0x6d, 0x65, 0x72, 0x61, 0x50, 0x6f, 0x73, 0x57, 0x6f, 0x72, 0x6c, 0x64, 0x02, 0x02, // cameraPosWorld..
	0x80, 0x00, 0x02, 0x00, 0x00, 0x00, 0x00, 0x00, 0xec, 0x0a, 0x00, 0x00, 0x44, 0x58, 0x42, 0x43, // ............DXBC
	0x73, 0x42, 0x42, 0xb5, 0xaf, 0x54, 0x9c, 0x73, 0xbc, 0x6a, 0x36, 0x54, 0xe9, 0xe8, 0x45, 0xfb, // sBB..T.s.j6T..E.
	0x01, 0x00, 0x00, 0x00, 0xec, 0x0a, 0x00, 0x00, 0x07, 0x00, 0x00, 0x00, 0x3c, 0x00, 0x00, 0x00, // ............<...
	0x4c, 0x00, 0x00, 0x00, 0xb4, 0x00, 0x00, 0x00, 0x54, 0x01, 0x00, 0x00, 0x50, 0x02, 0x00, 0x00, // L.......T...P...
	0x84, 0x02, 0x00, 0x00, 0xa0, 0x02, 0x00, 0x00, 0x53, 0x46, 0x49, 0x30, 0x08, 0x00, 0x00, 0x00, // ........SFI0....
	0x00, 0x20, 0x00, 0x00, 0x00, 0x00, 0x00, 0x00, 0x49, 0x53, 0x47, 0x31, 0x60, 0x00, 0x00, 0x00, // . ......ISG1`...
	0x02, 0x00, 0x00, 0x00, 0x08, 0x00, 0x00, 0x00, 0x00, 0x00, 0x00, 0x00, 0x48, 0x00, 0x00, 0x00, // ............H...
	0x00, 0x00, 0x00, 0x00, 0x00, 0x00, 0x00, 0x00, 0x03, 0x00, 0x00, 0x00, 0x00, 0x00, 0x00, 0x00, // ................
	0x07, 0x07, 0x00, 0x00, 0x00, 0x00, 0x00, 0x00, 0x00, 0x00, 0x00, 0x00, 0x51, 0x00, 0x00, 0x00, // ............Q...
	0x00, 0x00, 0x00, 0x00, 0x08, 0x00, 0x00, 0x00, 0x01, 0x00, 0x00, 0x00, 0x01, 0x00, 0x00, 0x00, // ................
	0x01, 0x01, 0x00, 0x00, 0x00, 0x00, 0x00, 0x00, 0x50, 0x4f, 0x53, 0x49, 0x54, 0x49, 0x4f, 0x4e, // ........POSITION
	0x00, 0x53, 0x56, 0x5f, 0x49, 0x6e, 0x73, 0x74, 0x61, 0x6e, 0x63, 0x65, 0x49, 0x44, 0x00, 0x00, // .SV_InstanceID..
	0x4f, 0x53, 0x47, 0x31, 0x98, 0x00, 0x00, 0x00, 0x03, 0x00, 0x00, 0x00, 0x08, 0x00, 0x00, 0x00, // OSG1............
	0x00, 0x00, 0x00, 0x00, 0x68, 0x00, 0x00, 0x00, 0x00, 0x00, 0x00, 0x00, 0x01, 0x00, 0x00, 0x00, // ....h...........
	0x03, 0x00, 0x00, 0x00, 0x00, 0x00, 0x00, 0x00, 0x0f, 0x00, 0x00, 0x00, 0x00, 0x00, 0x00, 0x00, // ................
	0x00, 0x00, 0x00, 0x00, 0x74, 0x00, 0x00, 0x00, 0x01, 0x00, 0x00, 0x00, 0x00, 0x00, 0x00, 0x00, // ....t...........
	0x03, 0x00, 0x00, 0x00, 0x01, 0x00, 0x00, 0x00, 0x07, 0x08, 0x00, 0x00, 0x00, 0x00, 0x00, 0x00, // ................
	0x00, 0x00, 0x00, 0x00, 0x7d, 0x00, 0x00, 0x00, 0x00, 0x00, 0x00, 0x00, 0x04, 0x00, 0x00, 0x00, // ....}...........
	0x01, 0x00, 0x00, 0x00, 0x02, 0x00, 0x00, 0x00, 0x01, 0x0e, 0x00, 0x00, 0x00, 0x00, 0x00, 0x00, // ................
	0x53, 0x56, 0x5f, 0x50, 0x6f, 0x73, 0x69, 0x74, 0x69, 0x6f, 0x6e, 0x00, 0x54, 0x45, 0x58, 0x43, // SV_Position.TEXC
	0x4f, 0x4f, 0x52, 0x44, 0x00, 0x53, 0x56, 0x5f, 0x52, 0x65, 0x6e, 0x64, 0x65, 0x72, 0x54, 0x61, // OORD.SV_RenderTa
	0x72, 0x67, 0x65, 0x74, 0x41, 0x72, 0x72, 0x61, 0x79, 0x49, 0x6e, 0x64, 0x65, 0x78, 0x00, 0x00, // rgetArrayIndex..
	0x50, 0x53, 0x56, 0x30, 0xf4, 0x00, 0x00, 0x00, 0x34, 0x00, 0x00, 0x00, 0x01, 0x00, 0x00, 0x00, // PSV0....4.......
	0x00, 0x00, 0x00, 0x00, 0x00, 0x00, 0x00, 0x00, 0x00, 0x00, 0x00, 0x00, 0x00, 0x00, 0x00, 0x00, // ................
	0xff, 0xff, 0xff, 0xff, 0x01, 0x00, 0x00, 0x00, 0x02, 0x03, 0x00, 0x02, 0x03, 0x00, 0x00, 0x00, // ................
	0x00, 0x00, 0x00, 0x00, 0x00, 0x00, 0x00, 0x00, 0x00, 0x00, 0x00, 0x00, 0x13, 0x00, 0x00, 0x00, // ................
	0x01, 0x00, 0x00, 0x00, 0x18, 0x00, 0x00, 0x00, 0x02, 0x00, 0x00, 0x00, 0x00, 0x00, 0x00, 0x00, // ................
	0x00, 0x00, 0x00, 0x00, 0x00, 0x00, 0x00, 0x00, 0x0d, 0x00, 0x00, 0x00, 0x00, 0x00, 0x00, 0x00, // ................
	0x18, 0x00, 0x00, 0x00, 0x00, 0x50, 0x4f, 0x53, 0x49, 0x54, 0x49, 0x4f, 0x4e, 0x00, 0x54, 0x45, // .....POSITION.TE
	0x58, 0x43, 0x4f, 0x4f, 0x52, 0x44, 0x00, 0x6d, 0x61, 0x69, 0x6e, 0x00, 0x02, 0x00, 0x00, 0x00, // XCOORD.main.....
	0x00, 0x00, 0x00, 0x00, 0x01, 0x00, 0x00, 0x00, 0x10, 0x00, 0x00, 0x00, 0x01, 0x00, 0x00, 0x00, // ................
	0x00, 0x00, 0x00, 0x00, 0x01, 0x00, 0x43, 0x00, 0x03, 0x00, 0x00, 0x00, 0x00, 0x00, 0x00, 0x00, // ......C.........
	0x00, 0x00, 0x00, 0x00, 0x01, 0x01, 0x41, 0x02, 0x01, 0x00, 0x00, 0x00, 0x00, 0x00, 0x00, 0x00, // ......A.........
	0x00, 0x00, 0x00, 0x00, 0x01, 0x00, 0x44, 0x03, 0x03, 0x04, 0x00, 0x00, 0x0a, 0x00, 0x00, 0x00, // ......D.........
	0x01, 0x00, 0x00, 0x00, 0x01, 0x01, 0x43, 0x00, 0x03, 0x02, 0x00, 0x00, 0x00, 0x00, 0x00, 0x00, // ......C.........
	0x00, 0x00, 0x00, 0x00, 0x01, 0x02, 0x41, 0x04, 0x01, 0x01, 0x00, 0x00, 0x1f, 0x00, 0x00, 0x00, // ......A.........
	0x2f, 0x00, 0x00, 0x00, 0x4f, 0x00, 0x00, 0x00, 0x00, 0x00, 0x00, 0x00, 0x0f, 0x01, 0x00, 0x00, // /...O...........
	0x00, 0x00, 0x00, 0x00, 0x00, 0x00, 0x00, 0x00, 0x00, 0x00, 0x00, 0x00, 0x49, 0x4c, 0x44, 0x4e, // ............ILDN
	0x2c, 0x00, 0x00, 0x00, 0x00, 0x00, 0x24, 0x00, 0x63, 0x65, 0x38, 0x64, 0x61, 0x65, 0x62, 0x30, // ,.....$.ce8daeb0
	0x36, 0x33, 0x62, 0x38, 0x30, 0x31, 0x66, 0x39, 0x64, 0x66, 0x65, 0x35, 0x61, 0x64, 0x39, 0x33, // 63b801f9dfe5ad93
	0x39, 0x62, 0x61, 0x39, 0x62, 0x34, 0x63, 0x38, 0x2e, 0x70, 0x64, 0x62, 0x00, 0x00, 0x00, 0x00, // 9ba9b4c8.pdb....
	0x48, 0x41, 0x53, 0x48, 0x14, 0x00, 0x00, 0x00, 0x00, 0x00, 0x00, 0x00, 0xce, 0x8d, 0xae, 0xb0, // HASH............
	0x63, 0xb8, 0x01, 0xf9, 0xdf, 0xe5, 0xad, 0x93, 0x9b, 0xa9, 0xb4, 0xc8, 0x44, 0x58, 0x49, 0x4c, // c...........DXIL
	0x44, 0x08, 0x00, 0x00, 0x60, 0x00, 0x01, 0x00, 0x11, 0x02, 0x00, 0x00, 0x44, 0x58, 0x49, 0x4c, // D...`.......DXIL
	0x00, 0x01, 0x00, 0x00, 0x10, 0x00, 0x00, 0x00, 0x2c, 0x08, 0x00, 0x00, 0x42, 0x43, 0xc0, 0xde, // ........,...BC..
	0x21, 0x0c, 0x00, 0x00, 0x08, 0x02, 0x00, 0x00, 0x0b, 0x82, 0x20, 0x00, 0x02, 0x00, 0x00, 0x00, // !......... .....
	0x13, 0x00, 0x00, 0x00, 0x07, 0x81, 0x23, 0x91, 0x41, 0xc8, 0x04, 0x49, 0x06, 0x10, 0x32, 0x39, // ......#.A..I..29
	0x92, 0x01, 0x84, 0x0c, 0x25, 0x05, 0x08, 0x19, 0x1e, 0x04, 0x8b, 0x62, 0x80, 0x18, 0x45, 0x02, // ....%......b..E.
	0x42, 0x92, 0x0b, 0x42, 0xc4, 0x10, 0x32, 0x14, 0x38, 0x08, 0x18, 0x4b, 0x0a, 0x32, 0x62, 0x88, // B..B..2.8..K.2b.
	0x48, 0x90, 0x14, 0x20, 0x43, 0x46, 0x88, 0xa5, 0x00, 0x19, 0x32, 0x42, 0xe4, 0x48, 0x0e, 0x90, // H.. CF....2B.H..
	0x11, 0x23, 0xc4, 0x50, 0x41, 0x51, 0x81, 0x8c, 0xe1, 0x83, 0xe5, 0x8a, 0x04, 0x31, 0x46, 0x06, // .#.PAQ.......1F.
	0x51, 0x18, 0x00, 0x00, 0x08, 0x00, 0x00, 0x00, 0x1b, 0x8c, 0xe0, 0xff, 0xff, 0xff, 0xff, 0x07, // Q...............
	0x40, 0x02, 0xa8, 0x0d, 0x84, 0xf0, 0xff, 0xff, 0xff, 0xff, 0x03, 0x20, 0x6d, 0x30, 0x86, 0xff, // @.......... m0..
	0xff, 0xff, 0xff, 0x1f, 0x00, 0x09, 0xa8, 0x00, 0x49, 0x18, 0x00, 0x00, 0x03, 0x00, 0x00, 0x00, // ........I.......
	0x13, 0x82, 0x60, 0x42, 0x20, 0x4c, 0x08, 0x06, 0x00, 0x00, 0x00, 0x00, 0x89, 0x20, 0x00, 0x00, // ..`B L....... ..
	0x2f, 0x00, 0x00, 0x00, 0x32, 0x22, 0x88, 0x09, 0x20, 0x64, 0x85, 0x04, 0x13, 0x23, 0xa4, 0x84, // /...2".. d...#..
	0x04, 0x13, 0x23, 0xe3, 0x84, 0xa1, 0x90, 0x14, 0x12, 0x4c, 0x8c, 0x8c, 0x0b, 0x84, 0xc4, 0x4c, // ..#......L.....L
	0x10, 0x84, 0xc1, 0x08, 0x40, 0x09, 0x00, 0x0a, 0x66, 0x00, 0xe6, 0x08, 0xc0, 0x60, 0x8e, 0x00, // ....@...f....`..
	0x29, 0xc6, 0x40, 0x10, 0x44, 0x41, 0x90, 0x51, 0x0c, 0x82, 0x20, 0x88, 0x82, 0x20, 0xa4, 0x18, // ).@.DA.Q.. .. ..
	0x00, 0x41, 0x10, 0xc5, 0x40, 0x4a, 0x31, 0x00, 0x82, 0x20, 0x0a, 0x82, 0x98, 0xa3, 0x86, 0xcb, // .A..@J1.. ......
	0x9f, 0xb0, 0x87, 0x90, 0x7c, 0x6e, 0xa3, 0x8a, 0x95, 0x98, 0xfc, 0xe2, 0xb6, 0x11, 0x31, 0x0c, // ....|n........1.
	0xc3, 0x40, 0xc5, 0x3d, 0xc3, 0xe5, 0x4f, 0xd8, 0x43, 0x48, 0x7e, 0x08, 0x34, 0xc3, 0x42, 0xa0, // .@.=..O.CH~.4.B.
	0xe0, 0x29, 0x84, 0x43, 0x40, 0x04, 0x45, 0xa5, 0x18, 0x88, 0x61, 0x18, 0x68, 0x9a, 0x23, 0x08, // .).C@.E...a.h.#.
	0x8a, 0x01, 0x11, 0x05, 0x41, 0x54, 0x64, 0x0d, 0x04, 0x0c, 0x23, 0x10, 0x43, 0x12, 0x64, 0x29, // ....ATd...#.C.d)
	0xa0, 0xa5, 0x40, 0x36, 0xd3, 0x84, 0x0e, 0xef, 0x30, 0x0f, 0xf4, 0xc0, 0x0e, 0xe1, 0x90, 0x0f, // ..@6....0.......
	0xef, 0x50, 0x0f, 0xf4, 0xe0, 0x06, 0x64, 0x70, 0x0a, 0xec, 0xf0, 0x0e, 0xe2, 0x10, 0x0e, 0xec, // .P....dp........
	0x30, 0x0f, 0x48, 0xd8, 0x38, 0xea, 0xf2, 0x80, 0x98, 0x23, 0x00, 0x05, 0x00, 0x00, 0x00, 0x00, // 0.H.8....#......
	0x13, 0x14, 0x72, 0xc0, 0x87, 0x74, 0x60, 0x87, 0x36, 0x68, 0x87, 0x79, 0x68, 0x03, 0x72, 0xc0, // ..r..t`.6h.yh.r.
	0x87, 0x0d, 0xaf, 0x50, 0x0e, 0x6d, 0xd0, 0x0e, 0x7a, 0x50, 0x0e, 0x6d, 0x00, 0x0f, 0x7a, 0x30, // ...P.m..zP.m..z0
	0x07, 0x72, 0xa0, 0x07, 0x73, 0x20, 0x07, 0x6d, 0x90, 0x0e, 0x71, 0xa0, 0x07, 0x73, 0x20, 0x07, // .r..s .m..q..s .
	0x6d, 0x90, 0x0e, 0x78, 0xa0, 0x07, 0x73, 0x20, 0x07, 0x6d, 0x90, 0x0e, 0x71, 0x60, 0x07, 0x7a, // m..x..s .m..q`.z
	0x30, 0x07, 0x72, 0xd0, 0x06, 0xe9, 0x30, 0x07, 0x72, 0xa0, 0x07, 0x73, 0x20, 0x07, 0x6d, 0x90, // 0.r...0.r..s .m.
	0x0e, 0x76, 0x40, 0x07, 0x7a, 0x60, 0x07, 0x74, 0xd0, 0x06, 0xe6, 0x10, 0x07, 0x76, 0xa0, 0x07, // .v@.z`.t.....v..
	0x73, 0x20, 0x07, 0x6d, 0x60, 0x0e, 0x73, 0x20, 0x07, 0x7a, 0x30, 0x07, 0x72, 0xd0, 0x06, 0xe6, // s .m`.s .z0.r...
	0x60, 0x07, 0x74, 0xa0, 0x07, 0x76, 0x40, 0x07, 0x6d, 0xe0, 0x0e, 0x78, 0xa0, 0x07, 0x71, 0x60, // `.t..v@.m..x..q`
	0x07, 0x7a, 0x30, 0x07, 0x72, 0xa0, 0x07, 0x76, 0x40, 0x07, 0x43, 0x9e, 0x00, 0x00, 0x00, 0x00, // .z0.r..v@.C.....
	0x00, 0x00, 0x00, 0x00, 0x00, 0x00, 0x00, 0x86, 0x3c, 0x06, 0x10, 0x00, 0x01, 0x00, 0x00, 0x00, // ........<.......
	0x00, 0x00, 0x00, 0x00, 0x0c, 0x79, 0x10, 0x20, 0x00, 0x02, 0x00, 0x00, 0x00, 0x00, 0x00, 0x00, // .....y. ........
	0x00, 0x18, 0xf2, 0x28, 0x40, 0x00, 0x08, 0x00, 0x00, 0x00, 0x00, 0x00, 0x00, 0x00, 0x30, 0xe4, // ...(@.........0.
	0x61, 0x80, 0x00, 0x10, 0x00, 0x00, 0x00, 0x00, 0x00, 0x00, 0x00, 0x60, 0xc8, 0x13, 0x01, 0x01, // a..........`....
	0x30, 0x00, 0x00, 0x00, 0x00, 0x00, 0x00, 0x00, 0xc0, 0x90, 0x67, 0x02, 0x02, 0x20, 0x00, 0x00, // 0.........g.. ..
	0x00, 0x00, 0x00, 0x00, 0x00, 0x80, 0x21, 0x8f, 0x05, 0x04, 0xc0, 0x00, 0x00, 0x00, 0x00, 0x00, // ......!.........
	0x00, 0x00, 0x00, 0x59, 0x20, 0x00, 0x00, 0x00, 0x10, 0x00, 0x00, 0x00, 0x32, 0x1e, 0x98, 0x14, // ...Y .......2...
	0x19, 0x11, 0x4c, 0x90, 0x8c, 0x09, 0x26, 0x47, 0xc6, 0x04, 0x43, 0x22, 0x4a, 0x60, 0x04, 0xa0, // ..L...&G..C"J`..
	0x24, 0x8a, 0xa1, 0x80, 0x05, 0xca, 0xa0, 0x1c, 0xca, 0xa3, 0x08, 0xa8, 0x28, 0x89, 0x11, 0x80, // $...........(...
	0x32, 0x28, 0x85, 0x22, 0x28, 0x81, 0x42, 0x20, 0xb0, 0x00, 0x11, 0xe8, 0x1b, 0xeb, 0x28, 0x92, // 2(."(.B ......(.
	0xef, 0x0d, 0x5e, 0x01, 0x78, 0x11, 0xf2, 0x66, 0x00, 0x00, 0x00, 0x00, 0x79, 0x18, 0x00, 0x00, // ..^.x..f....y...
	0x70, 0x00, 0x00, 0x00, 0x1a, 0x03, 0x4c, 0x90, 0x46, 0x02, 0x13, 0xc4, 0x34, 0x20, 0xc3, 0x1b, // p.....L.F...4 ..
	0x43, 0x81, 0x93, 0x4b, 0xb3, 0x0b, 0xa3, 0x2b, 0x4b, 0x01, 0x89, 0x71, 0xc9, 0x71, 0x81, 0x71, // C..K...+K..q.q.q
	0xa9, 0xa1, 0x81, 0x91, 0x01, 0x41, 0x81, 0x21, 0x9b, 0x29, 0x2b, 0xb3, 0x11, 0xab, 0xa9, 0x69, // .....A.!.)+....i
	0x21, 0x4b, 0x93, 0xa3, 0xcb, 0x4b, 0xd9, 0x10, 0x04, 0x13, 0x04, 0x02, 0x99, 0x20, 0x10, 0xc9, // !K...K....... ..
	0x06, 0x61, 0x20, 0x26, 0x08, 0x84, 0xb2, 0x41, 0x18, 0x0c, 0x0a, 0x76, 0x73, 0x13, 0x04, 0x62, // .a &...A...vs..b
	0xd9, 0x30, 0x20, 0x09, 0x31, 0x41, 0xf0, 0x34, 0x02, 0x13, 0x04, 0x82, 0xd9, 0x80, 0x10, 0x0b, // .0 .1A.4........
	0x43, 0x10, 0x43, 0x03, 0x6c, 0x08, 0x9c, 0x0d, 0x04, 0x00, 0x3c, 0xc0, 0x04, 0xe1, 0xcb, 0x36, // C.C.l.....<....6
	0x04, 0xd1, 0x04, 0x41, 0x00, 0x48, 0xb4, 0x85, 0xa5, 0xb9, 0x11, 0x81, 0x7a, 0x9a, 0x4a, 0xa2, // ...A.H......z.J.
	0x4a, 0x7a, 0x72, 0x9a, 0x20, 0x14, 0xd1, 0x04, 0xa1, 0x90, 0x36, 0x04, 0xc4, 0x04, 0xa1, 0x98, // Jzr. .....6.....
	0x26, 0x08, 0x44, 0x33, 0x41, 0x20, 0x9c, 0x0d, 0x82, 0xb6, 0x6d, 0x58, 0x88, 0xca, 0xba, 0xb0, // &.D3A ....mX....
	0x6b, 0xc8, 0x88, 0x8b, 0x63, 0x33, 0x65, 0xf5, 0x95, 0xe4, 0x36, 0x47, 0x17, 0xe6, 0x36, 0x56, // k...c3e...6G..6V
	0x96, 0x44, 0x34, 0x41, 0x28, 0xa8, 0x09, 0x42, 0x51, 0x4d, 0x10, 0x0a, 0x6b, 0x83, 0xa0, 0x0d, // .D4A(..BQM..k...
	0x1b, 0x96, 0xc1, 0xfb, 0xc0, 0x00, 0xbb, 0x86, 0x30, 0x18, 0x2e, 0x31, 0xd8, 0x20, 0x74, 0x63, // ........0..1. tc
	0xc0, 0x65, 0xca, 0xea, 0x0b, 0xea, 0x6d, 0x2e, 0x8d, 0x2e, 0xed, 0xcd, 0x6d, 0x82, 0x50, 0x5c, // .e....m.....m.P.
	0x13, 0x04, 0xe2, 0xd9, 0x20, 0x68, 0x67, 0xb0, 0x61, 0x21, 0xca, 0xc0, 0xca, 0x30, 0x33, 0x18, // .... hg.a!...03.
	0xcc, 0x80, 0xb8, 0xd0, 0x80, 0x08, 0x55, 0x11, 0xd6, 0xd0, 0xd3, 0x93, 0x14, 0xd1, 0x86, 0x60, // ......U........`
	0xd8, 0xb0, 0x0c, 0x6a, 0x60, 0x5d, 0x6b, 0x00, 0x06, 0x43, 0x36, 0x5c, 0xdc, 0x04, 0x81, 0x80, // ...j`]k..C6.....
	0x98, 0x4d, 0x59, 0x7d, 0x49, 0x95, 0xb9, 0x91, 0x95, 0xc9, 0x51, 0x85, 0xc9, 0x9d, 0x95, 0xd1, // .MY}I.....Q.....
	0x05, 0xc9, 0xc9, 0x85, 0xe5, 0x25, 0xb9, 0x91, 0x95, 0xe1, 0x6d, 0x58, 0xda, 0xc0, 0x0d, 0x3e, // .....%....mX...>
	0x33, 0xc0, 0xc2, 0x60, 0x08, 0x83, 0x36, 0xb8, 0xc4, 0x60, 0xc3, 0x90, 0x06, 0x6c, 0xf0, 0x06, // 3..`..6..`...l..
	0x1b, 0x06, 0x32, 0x80, 0x03, 0x60, 0x82, 0x00, 0x06, 0xd8, 0x06, 0x81, 0x90, 0x83, 0x0d, 0xc5, // ..2..`..........
	0x44, 0xc5, 0x01, 0x34, 0x07, 0x55, 0xd8, 0xd8, 0xec, 0xda, 0x5c, 0xd2, 0xc8, 0xca, 0xdc, 0xe8, // D..4.U..........
	0xa6, 0x04, 0x41, 0x15, 0x32, 0x3c, 0x17, 0xbb, 0x32, 0xb9, 0xb9, 0xb4, 0x37, 0xb7, 0x29, 0x01, // ..A.2<..2...7.).
	0xd1, 0x84, 0x0c, 0xcf, 0xc5, 0x2e, 0x8c, 0xcd, 0xae, 0x4c, 0x6e, 0x4a, 0x60, 0xd4, 0x21, 0xc3, // .........LnJ`.!.
	0x73, 0x99, 0x43, 0x0b, 0x23, 0x2b, 0x93, 0x6b, 0x7a, 0x23, 0x2b, 0x63, 0x9b, 0x12, 0x24, 0x65, // s.C.#+.kz#+c..$e
	0xc8, 0xf0, 0x5c, 0xe4, 0xca, 0xe6, 0xde, 0xea, 0xe4, 0xc6, 0xca, 0xe6, 0xa6, 0x04, 0x4f, 0x1d, // ..............O.
	0x32, 0x3c, 0x17, 0xbb, 0xb4, 0xb2, 0xbb, 0x24, 0xb2, 0x29, 0xba, 0x30, 0xba, 0xb2, 0x29, 0x41, // 2<.....$.).0..)A
	0x54, 0x87, 0x0c, 0xcf, 0xa5, 0xcc, 0x8d, 0x4e, 0x2e, 0x0f, 0xea, 0x2d, 0xcd, 0x8d, 0x6e, 0x6e, // T......N...-..nn
	0x4a, 0x30, 0x07, 0x00, 0x79, 0x18, 0x00, 0x00, 0x4c, 0x00, 0x00, 0x00, 0x33, 0x08, 0x80, 0x1c, // J0..y...L...3...
	0xc4, 0xe1, 0x1c, 0x66, 0x14, 0x01, 0x3d, 0x88, 0x43, 0x38, 0x84, 0xc3, 0x8c, 0x42, 0x80, 0x07, // ...f..=.C8...B..
	0x79, 0x78, 0x07, 0x73, 0x98, 0x71, 0x0c, 0xe6, 0x00, 0x0f, 0xed, 0x10, 0x0e, 0xf4, 0x80, 0x0e, // yx.s.q..........
	0x33, 0x0c, 0x42, 0x1e, 0xc2, 0xc1, 0x1d, 0xce, 0xa1, 0x1c, 0x66, 0x30, 0x05, 0x3d, 0x88, 0x43, // 3.B.......f0.=.C
	0x38, 0x84, 0x83, 0x1b, 0xcc, 0x03, 0x3d, 0xc8, 0x43, 0x3d, 0x8c, 0x03, 0x3d, 0xcc, 0x78, 0x8c, // 8.....=.C=..=.x.
	0x74, 0x70, 0x07, 0x7b, 0x08, 0x07, 0x79, 0x48, 0x87, 0x70, 0x70, 0x07, 0x7a, 0x70, 0x03, 0x76, // tp.{..yH.pp.zp.v
	0x78, 0x87, 0x70, 0x20, 0x87, 0x19, 0xcc, 0x11, 0x0e, 0xec, 0x90, 0x0e, 0xe1, 0x30, 0x0f, 0x6e, // x.p .........0.n
	0x30, 0x0f, 0xe3, 0xf0, 0x0e, 0xf0, 0x50, 0x0e, 0x33, 0x10, 0xc4, 0x1d, 0xde, 0x21, 0x1c, 0xd8, // 0.....P.3....!..
	0x21, 0x1d, 0xc2, 0x61, 0x1e, 0x66, 0x30, 0x89, 0x3b, 0xbc, 0x83, 0x3b, 0xd0, 0x43, 0x39, 0xb4, // !..a.f0.;..;.C9.
	0x03, 0x3c, 0xbc, 0x83, 0x3c, 0x84, 0x03, 0x3b, 0xcc, 0xf0, 0x14, 0x76, 0x60, 0x07, 0x7b, 0x68, // .<..<..;...v`.{h
	0x07, 0x37, 0x68, 0x87, 0x72, 0x68, 0x07, 0x37, 0x80, 0x87, 0x70, 0x90, 0x87, 0x70, 0x60, 0x07, // .7h.rh.7..p..p`.
	0x76, 0x28, 0x07, 0x76, 0xf8, 0x05, 0x76, 0x78, 0x87, 0x77, 0x80, 0x87, 0x5f, 0x08, 0x87, 0x71, // v(.v..vx.w.._..q
	0x18, 0x87, 0x72, 0x98, 0x87, 0x79, 0x98, 0x81, 0x2c, 0xee, 0xf0, 0x0e, 0xee, 0xe0, 0x0e, 0xf5, // ..r..y..,.......
	0xc0, 0x0e, 0xec, 0x30, 0x03, 0x62, 0xc8, 0xa1, 0x1c, 0xe4, 0xa1, 0x1c, 0xcc, 0xa1, 0x1c, 0xe4, // ...0.b..........
	0xa1, 0x1c, 0xdc, 0x61, 0x1c, 0xca, 0x21, 0x1c, 0xc4, 0x81, 0x1d, 0xca, 0x61, 0x06, 0xd6, 0x90, // ...a..!.....a...
	0x43, 0x39, 0xc8, 0x43, 0x39, 0x98, 0x43, 0x39, 0xc8, 0x43, 0x39, 0xb8, 0xc3, 0x38, 0x94, 0x43, // C9.C9.C9.C9..8.C
	0x38, 0x88, 0x03, 0x3b, 0x94, 0xc3, 0x2f, 0xbc, 0x83, 0x3c, 0xfc, 0x82, 0x3b, 0xd4, 0x03, 0x3b, // 8..;../..<..;..;
	0xb0, 0xc3, 0x0c, 0xc4, 0x21, 0x07, 0x7c, 0x70, 0x03, 0x7a, 0x28, 0x87, 0x76, 0x80, 0x87, 0x19, // ....!.|p.z(.v...
	0xd1, 0x43, 0x0e, 0xf8, 0xe0, 0x06, 0xe4, 0x20, 0x0e, 0xe7, 0xe0, 0x06, 0xf6, 0x10, 0x0e, 0xf2, // .C..... ........
	0xc0, 0x0e, 0xe1, 0x90, 0x0f, 0xef, 0x50, 0x0f, 0xf4, 0x00, 0x00, 0x00, 0x71, 0x20, 0x00, 0x00, // ......P.....q ..
	0x21, 0x00, 0x00, 0x00, 0x56, 0xb0, 0x0d, 0x97, 0xef, 0x3c, 0xbe, 0x10, 0x50, 0x45, 0x41, 0x44, // !...V....<..PEAD
	0xa5, 0x03, 0x0c, 0x25, 0x61, 0x00, 0x02, 0xe6, 0x17, 0xb7, 0x6d, 0x07, 0xd2, 0x70, 0xf9, 0xce, // ...%a.....m..p..
	0xe3, 0x0b, 0x11, 0x01, 0x4c, 0x44, 0x08, 0x34, 0xc3, 0x42, 0x58, 0xc0, 0x34, 0x5c, 0xbe, 0xf3, // ....LD.4.BX.4...
	0xf8, 0x8b, 0x03, 0x0c, 0x62, 0xf3, 0x50, 0x93, 0x5f, 0xdc, 0xb6, 0x09, 0x4c, 0xc3, 0xe5, 0x3b, // ....b.P._...L..;
	0x8f, 0xbf, 0x38, 0xc0, 0x20, 0x36, 0x0f, 0x35, 0xf9, 0xc8, 0x6d, 0xdb, 0x40, 0x35, 0x5c, 0xbe, // ..8. 6.5..m.@5..
	0xf3, 0xf8, 0xd2, 0xe4, 0x44, 0x04, 0x4a, 0x4d, 0x0f, 0x35, 0xf9, 0xc5, 0x6d, 0x1b, 0x41, 0x35, // ....D.JM.5..m.A5
	0x5c, 0xbe, 0xf3, 0xf8, 0xd2, 0xe4, 0x44, 0x04, 0x4a, 0x4d, 0x0f, 0x35, 0xf9, 0xc8, 0x6d, 0x9b, // ......D.JM.5..m.
	0x81, 0x34, 0x5c, 0xbe, 0xf3, 0xf8, 0x13, 0x11, 0x4d, 0x08, 0x10, 0x61, 0x7e, 0x71, 0xdb, 0x06, // .4......M..a~q..
	0x40, 0x30, 0x00, 0xd2, 0x00, 0x00, 0x00, 0x00, 0x61, 0x20, 0x00, 0x00, 0x7d, 0x00, 0x00, 0x00, // @0......a ..}...
	0x13, 0x04, 0x41, 0x2c, 0x10, 0x00, 0x00, 0x00, 0x04, 0x00, 0x00, 0x00, 0x44, 0x14, 0x57, 0x29, // ..A,........D.W)
	0x94, 0x5d, 0x21, 0xcc, 0x00, 0x94, 0x5c, 0x41, 0x50, 0x35, 0x02, 0x00, 0x23, 0x06, 0x09, 0x00, // .]!....AP5..#...
	0x82, 0x60, 0x60, 0x71, 0x83, 0xa3, 0x69, 0xc1, 0x88, 0x41, 0x02, 0x80, 0x20, 0x18, 0x20, 0x62, // .``q..i..A.. . b
	0x60, 0x70, 0x9b, 0x54, 0x8c, 0x18, 0x24, 0x00, 0x08, 0x82, 0x81, 0x41, 0x06, 0x07, 0xc7, 0x4d, // `p.T..$....A...M
	0xc6, 0x88, 0x41, 0x02, 0x80, 0x20, 0x18, 0x18, 0x65, 0x80, 0x74, 0x1d, 0x74, 0x8c, 0x18, 0x24, // ..A.. ..e.t.t..$
	0x00, 0x08, 0x82, 0x81, 0x61, 0x06, 0x89, 0xe7, 0x49, 0x48, 0x11, 0x07, 0x8c, 0x18, 0x1c, 0x00, // ....a...IH......
	0x08, 0x82, 0x41, 0x44, 0x06, 0x8c, 0x11, 0x8c, 0x26, 0x04, 0xc0, 0x68, 0x82, 0x10, 0x8c, 0x26, // ..AD....&..h...&
	0x0c, 0x82, 0x21, 0x43, 0x7c, 0x0c, 0x19, 0xe2, 0x63, 0xc8, 0x10, 0x9f, 0x62, 0xc0, 0xe0, 0x46, // ..!C|...c...b..F
	0x0c, 0x0e, 0x00, 0x04, 0xc1, 0x20, 0x62, 0x03, 0xca, 0x09, 0x46, 0x13, 0x02, 0x60, 0x34, 0x41, // ..... b...F..`4A
	0x08, 0x46, 0x13, 0x06, 0x61, 0x34, 0x81, 0x18, 0xca, 0x70, 0x83, 0x1d, 0x31, 0x38, 0x00, 0x10, // .F..a4...p..18..
	0x04, 0x83, 0x48, 0x0e, 0x34, 0x2a, 0x18, 0x4d, 0x08, 0x80, 0xd1, 0x04, 0x21, 0x18, 0x4d, 0x18, // ..H.4*.M....!.M.
	0x84, 0xd1, 0x04, 0x62, 0x30, 0x83, 0x0e, 0x40, 0x30, 0x62, 0x70, 0x00, 0x20, 0x08, 0x06, 0x11, // ...b0..@0bp. ...
	0x1e, 0x80, 0x81, 0x16, 0x8c, 0x26, 0x04, 0xc0, 0x68, 0x82, 0x10, 0x8c, 0x26, 0x0c, 0xc2, 0x68, // .....&..h...&..h
	0x02, 0x31, 0x94, 0x54, 0x07, 0x3b, 0x62, 0x70, 0x00, 0x20, 0x08, 0x06, 0x91, 0x1f, 0x98, 0x01, // .1.T.;bp. ......
	0x18, 0x04, 0xa3, 0x09, 0x01, 0x30, 0x9a, 0x20, 0x04, 0xa3, 0x09, 0x83, 0x30, 0x9a, 0x40, 0x0c, // .....0. ....0.@.
	0x66, 0x6d, 0xf2, 0x19, 0x31, 0x40, 0x00, 0x10, 0x04, 0x83, 0x69, 0x14, 0xdc, 0x20, 0xda, 0x82, // fm..1@....i.. ..
	0x11, 0x03, 0x04, 0x00, 0x41, 0x30, 0x98, 0x48, 0xe1, 0x0d, 0x98, 0x2d, 0xb0, 0xe0, 0x80, 0x8e, // ....A0.H...-....
	0x65, 0x9f, 0x7c, 0x46, 0x0c, 0x10, 0x00, 0x04, 0xc1, 0x60, 0x3a, 0x05, 0x39, 0xa0, 0xbe, 0x60, // e.|F.....`:.9..`
	0xc4, 0x00, 0x01, 0x40, 0x10, 0x0c, 0x26, 0x54, 0x98, 0x83, 0xe7, 0x0b, 0x2c, 0x50, 0xa0, 0x63, // ...@..&T....,P.c
	0xdc, 0x18, 0xc8, 0x67, 0xc4, 0x00, 0x01, 0x40, 0x10, 0x0c, 0xa6, 0x55, 0xb0, 0x83, 0x6b, 0x0c, // ...g...@...U..k.
	0x82, 0x11, 0x03, 0x04, 0x00, 0x41, 0x30, 0x98, 0x58, 0xe1, 0x0e, 0xa4, 0x31, 0x08, 0x2c, 0x68, // .....A0.X...1.,h
	0xa0, 0x63, 0xdf, 0x19, 0xc8, 0x67, 0xc4, 0x00, 0x01, 0x40, 0x10, 0x0c, 0xa6, 0x57, 0xd0, 0x03, // .c...g...@...W..
	0xed, 0x0c, 0x82, 0x11, 0x03, 0x04, 0x00, 0x41, 0x30, 0x98, 0x60, 0x61, 0x0f, 0xaa, 0x33, 0x08, // .......A0.`a..3.
	0x2c, 0x80, 0xa0, 0x33, 0x62, 0x90, 0x00, 0x20, 0x08, 0x06, 0x4a, 0x2d, 0xf0, 0xc1, 0x2b, 0xbc, // ,..3b.. ..J-..+.
	0x82, 0x29, 0x34, 0x23, 0x06, 0x09, 0x00, 0x82, 0x60, 0xa0, 0xd4, 0x02, 0x1f, 0xbc, 0xc2, 0x2b, // .)4#....`......+
	0x88, 0x42, 0x32, 0x62, 0x90, 0x00, 0x20, 0x08, 0x06, 0x4a, 0x2d, 0xf0, 0xc1, 0x2b, 0xbc, 0xc2, // .B2b.. ..J-..+..
	0x28, 0x14, 0x23, 0x06, 0x09, 0x00, 0x82, 0x60, 0xa0, 0xd4, 0x02, 0x1f, 0xbc, 0xc2, 0x2b, 0x94, // (.#....`......+.
	0x42, 0x30, 0x62, 0x90, 0x00, 0x20, 0x08, 0x06, 0x4a, 0x2d, 0xf0, 0x01, 0x2c, 0xbc, 0x82, 0x29, // B0b.. ..J-..,..)
	0xcc, 0xc1, 0x88, 0x41, 0x02, 0x80, 0x20, 0x18, 0x28, 0xb5, 0xc0, 0x07, 0xb0, 0xf0, 0x0a, 0xa2, // ...A.. .(.......
	0x20, 0x07, 0x23, 0x06, 0x09, 0x00, 0x82, 0x60, 0xa0, 0xd4, 0x02, 0x1f, 0xc0, 0xc2, 0x2b, 0x8c, //  .#....`......+.
	0x42, 0x1c, 0x8c, 0x18, 0x24, 0x00, 0x08, 0x82, 0x01, 0x43, 0x0b, 0x7c, 0x80, 0x0a, 0xaf, 0x60, // B...$....C.|...`
	0x0a, 0x74, 0x80, 0x00, 0x00, 0x00, 0x00, 0x00, 0x00, 0x01, 0x01, 0x00, 0xa0, 0x00,             // .t............
};
static const uint8_t vs_light_noclip_st_spv[1540] =
{
	0x56, 0x53, 0x48, 0x0c, 0x00, 0x00, 0x00, 0x00, 0x5e, 0xda, 0xa3, 0x5f, 0x00, 0x00, 0x00, 0x00, // VSH.....^.._....
	0x00, 0x00, 0x00, 0x00, 0x02, 0x00, 0x0e, 0x63, 0x61, 0x6d, 0x65, 0x72, 0x61, 0x50, 0x6f, 0x73, // .......cameraPos
	0x57, 0x6f, 0x72, 0x6c, 0x64, 0x02, 0x02, 0x80, 0x00, 0x02, 0x00, 0x00, 0x00, 0x00, 0x00, 0x0e, // World...........
	0x6d, 0x61, 0x74, 0x52, 0x6f, 0x74, 0x56, 0x69, 0x65, 0x77, 0x50, 0x72, 0x6f, 0x6a, 0x04, 0x02, // matRotViewProj..
	0x00, 0x00, 0x08, 0x00, 0x00, 0x00, 0x00, 0x00, 0xb0, 0x05, 0x00, 0x00, 0x03, 0x02, 0x23, 0x07, // ..............#.
	0x00, 0x00, 0x01, 0x00, 0x0b, 0x00, 0x08, 0x00, 0x8e, 0x00, 0x00, 0x00, 0x00, 0x00, 0x00, 0x00, // ................
	0x11, 0x00, 0x02, 0x00, 0x01, 0x00, 0x00, 0x00, 0x11, 0x00, 0x02, 0x00, 0x86, 0x14, 0x00, 0x00, // ................
	0x0a, 0x00, 0x0a, 0x00, 0x53, 0x50, 0x56, 0x5f, 0x45, 0x58, 0x54, 0x5f, 0x73, 0x68, 0x61, 0x64, // ....SPV_EXT_shad
	0x65, 0x72, 0x5f, 0x76, 0x69, 0x65, 0x77, 0x70, 0x6f, 0x72, 0x74, 0x5f, 0x69, 0x6e, 0x64, 0x65, // er_viewport_inde
	0x78, 0x5f, 0x6c, 0x61, 0x79, 0x65, 0x72, 0x00, 0x0b, 0x00, 0x06, 0x00, 0x01, 0x00, 0x00, 0x00, // x_layer.........
	0x47, 0x4c, 0x53, 0x4c, 0x2e, 0x73, 0x74, 0x64, 0x2e, 0x34, 0x35, 0x30, 0x00, 0x00, 0x00, 0x00, // GLSL.std.450....
	0x0e, 0x00, 0x03, 0x00, 0x00, 0x00, 0x00, 0x00, 0x01, 0x00, 0x00, 0x00, 0x0f, 0x00, 0x0a, 0x00, // ................
	0x00, 0x00, 0x00, 0x00, 0x04, 0x00, 0x00, 0x00, 0x6d, 0x61, 0x69, 0x6e, 0x00, 0x00, 0x00, 0x00, // ........main....
	0x46, 0x00, 0x00, 0x00, 0x4a, 0x00, 0x00, 0x00, 0x53, 0x00, 0x00, 0x00, 0x57, 0x00, 0x00, 0x00, // F...J...S...W...
	0x5b, 0x00, 0x00, 0x00, 0x03, 0x00, 0x03, 0x00, 0x05, 0x00, 0x00, 0x00, 0xf4, 0x01, 0x00, 0x00, // [...............
	0x05, 0x00, 0x04, 0x00, 0x04, 0x00, 0x00, 0x00, 0x6d, 0x61, 0x69, 0x6e, 0x00, 0x00, 0x00, 0x00, // ........main....
	0x05, 0x00, 0x06, 0x00, 0x2c, 0x00, 0x00, 0x00, 0x55, 0x6e, 0x69, 0x66, 0x6f, 0x72, 0x6d, 0x42, // ....,...UniformB
	0x6c, 0x6f, 0x63, 0x6b, 0x00, 0x00, 0x00, 0x00, 0x06, 0x00, 0x07, 0x00, 0x2c, 0x00, 0x00, 0x00, // lock........,...
	0x00, 0x00, 0x00, 0x00, 0x6d, 0x61, 0x74, 0x52, 0x6f, 0x74, 0x56, 0x69, 0x65, 0x77, 0x50, 0x72, // ....matRotViewPr
	0x6f, 0x6a, 0x00, 0x00, 0x06, 0x00, 0x07, 0x00, 0x2c, 0x00, 0x00, 0x00, 0x01, 0x00, 0x00, 0x00, // oj......,.......
	0x63, 0x61, 0x6d, 0x65, 0x72, 0x61, 0x50, 0x6f, 0x73, 0x57, 0x6f, 0x72, 0x6c, 0x64, 0x00, 0x00, // cameraPosWorld..
	0x05, 0x00, 0x03, 0x00, 0x2e, 0x00, 0x00, 0x00, 0x00, 0x00, 0x00, 0x00, 0x05, 0x00, 0x05, 0x00, // ................
	0x46, 0x00, 0x00, 0x00, 0x61, 0x5f, 0x70, 0x6f, 0x73, 0x69, 0x74, 0x69, 0x6f, 0x6e, 0x00, 0x00, // F...a_position..
	0x05, 0x00, 0x06, 0x00, 0x4a, 0x00, 0x00, 0x00, 0x67, 0x6c, 0x5f, 0x49, 0x6e, 0x73, 0x74, 0x61, // ....J...gl_Insta
	0x6e, 0x63, 0x65, 0x49, 0x44, 0x00, 0x00, 0x00, 0x05, 0x00, 0x0a, 0x00, 0x53, 0x00, 0x00, 0x00, // nceID.......S...
	0x40, 0x65, 0x6e, 0x74, 0x72, 0x79, 0x50, 0x6f, 0x69, 0x6e, 0x74, 0x4f, 0x75, 0x74, 0x70, 0x75, // @entryPointOutpu
	0x74, 0x2e, 0x67, 0x6c, 0x5f, 0x50, 0x6f, 0x73, 0x69, 0x74, 0x69, 0x6f, 0x6e, 0x00, 0x00, 0x00, // t.gl_Position...
	0x05, 0x00, 0x0a, 0x00, 0x57, 0x00, 0x00, 0x00, 0x40, 0x65, 0x6e, 0x74, 0x72, 0x79, 0x50, 0x6f, // ....W...@entryPo
	0x69, 0x6e, 0x74, 0x4f, 0x75, 0x74, 0x70, 0x75, 0x74, 0x2e, 0x76, 0x5f, 0x74, 0x61, 0x62, 0x6c, // intOutput.v_tabl
	0x65, 0x50, 0x6f, 0x73, 0x00, 0x00, 0x00, 0x00, 0x05, 0x00, 0x09, 0x00, 0x5b, 0x00, 0x00, 0x00, // ePos........[...
	0x40, 0x65, 0x6e, 0x74, 0x72, 0x79, 0x50, 0x6f, 0x69, 0x6e, 0x74, 0x4f, 0x75, 0x74, 0x70, 0x75, // @entryPointOutpu
	0x74, 0x2e, 0x67, 0x6c, 0x5f, 0x4c, 0x61, 0x79, 0x65, 0x72, 0x00, 0x00, 0x47, 0x00, 0x04, 0x00, // t.gl_Layer..G...
	0x2a, 0x00, 0x00, 0x00, 0x06, 0x00, 0x00, 0x00, 0x40, 0x00, 0x00, 0x00, 0x47, 0x00, 0x04, 0x00, // *.......@...G...
	0x2b, 0x00, 0x00, 0x00, 0x06, 0x00, 0x00, 0x00, 0x10, 0x00, 0x00, 0x00, 0x47, 0x00, 0x03, 0x00, // +...........G...
	0x2c, 0x00, 0x00, 0x00, 0x02, 0x00, 0x00, 0x00, 0x48, 0x00, 0x04, 0x00, 0x2c, 0x00, 0x00, 0x00, // ,.......H...,...
	0x00, 0x00, 0x00, 0x00, 0x04, 0x00, 0x00, 0x00, 0x48, 0x00, 0x05, 0x00, 0x2c, 0x00, 0x00, 0x00, // ........H...,...
	0x00, 0x00, 0x00, 0x00, 0x07, 0x00, 0x00, 0x00, 0x10, 0x00, 0x00, 0x00, 0x48, 0x00, 0x05, 0x00, // ............H...
	0x2c, 0x00, 0x00, 0x00, 0x00, 0x00, 0x00, 0x00, 0x23, 0x00, 0x00, 0x00, 0x00, 0x00, 0x00, 0x00, // ,.......#.......
	0x48, 0x00, 0x05, 0x00, 0x2c, 0x00, 0x00, 0x00, 0x01, 0x00, 0x00, 0x00, 0x23, 0x00, 0x00, 0x00, // H...,.......#...
	0x80, 0x00, 0x00, 0x00, 0x47, 0x00, 0x04, 0x00, 0x2e, 0x00, 0x00, 0x00, 0x21, 0x00, 0x00, 0x00, // ....G.......!...
	0x00, 0x00, 0x00, 0x00, 0x47, 0x00, 0x04, 0x00, 0x2e, 0x00, 0x00, 0x00, 0x22, 0x00, 0x00, 0x00, // ....G......."...
	0x00, 0x00, 0x00, 0x00, 0x47, 0x00, 0x04, 0x00, 0x46, 0x00, 0x00, 0x00, 0x1e, 0x00, 0x00, 0x00, // ....G...F.......
	0x00, 0x00, 0x00, 0x00, 0x47, 0x00, 0x04, 0x00, 0x4a, 0x00, 0x00, 0x00, 0x0b, 0x00, 0x00, 0x00, // ....G...J.......
	0x2b, 0x00, 0x00, 0x00, 0x47, 0x00, 0x04, 0x00, 0x53, 0x00, 0x00, 0x00, 0x0b, 0x00, 0x00, 0x00, // +...G...S.......
	0x00, 0x00, 0x00, 0x00, 0x47, 0x00, 0x04, 0x00, 0x57, 0x00, 0x00, 0x00, 0x1e, 0x00, 0x00, 0x00, // ....G...W.......
	0x00, 0x00, 0x00, 0x00, 0x47, 0x00, 0x04, 0x00, 0x5b, 0x00, 0x00, 0x00, 0x0b, 0x00, 0x00, 0x00, // ....G...[.......
	0x09, 0x00, 0x00, 0x00, 0x13, 0x00, 0x02, 0x00, 0x02, 0x00, 0x00, 0x00, 0x21, 0x00, 0x03, 0x00, // ............!...
	0x03, 0x00, 0x00, 0x00, 0x02, 0x00, 0x00, 0x00, 0x16, 0x00, 0x03, 0x00, 0x06, 0x00, 0x00, 0x00, // ................
	0x20, 0x00, 0x00, 0x00, 0x17, 0x00, 0x04, 0x00, 0x07, 0x00, 0x00, 0x00, 0x06, 0x00, 0x00, 0x00, //  ...............
	0x03, 0x00, 0x00, 0x00, 0x15, 0x00, 0x04, 0x00, 0x09, 0x00, 0x00, 0x00, 0x20, 0x00, 0x00, 0x00, // ............ ...
	0x00, 0x00, 0x00, 0x00, 0x17, 0x00, 0x04, 0x00, 0x0b, 0x00, 0x00, 0x00, 0x06, 0x00, 0x00, 0x00, // ................
	0x04, 0x00, 0x00, 0x00, 0x15, 0x00, 0x04, 0x00, 0x14, 0x00, 0x00, 0x00, 0x20, 0x00, 0x00, 0x00, // ............ ...
	0x01, 0x00, 0x00, 0x00, 0x2b, 0x00, 0x04, 0x00, 0x14, 0x00, 0x00, 0x00, 0x15, 0x00, 0x00, 0x00, // ....+...........
	0x01, 0x00, 0x00, 0x00, 0x2b, 0x00, 0x04, 0x00, 0x06, 0x00, 0x00, 0x00, 0x1c, 0x00, 0x00, 0x00, // ....+...........
	0x00, 0x00, 0x80, 0x3f, 0x18, 0x00, 0x04, 0x00, 0x28, 0x00, 0x00, 0x00, 0x0b, 0x00, 0x00, 0x00, // ...?....(.......
	0x04, 0x00, 0x00, 0x00, 0x2b, 0x00, 0x04, 0x00, 0x09, 0x00, 0x00, 0x00, 0x29, 0x00, 0x00, 0x00, // ....+.......)...
	0x02, 0x00, 0x00, 0x00, 0x1c, 0x00, 0x04, 0x00, 0x2a, 0x00, 0x00, 0x00, 0x28, 0x00, 0x00, 0x00, // ........*...(...
	0x29, 0x00, 0x00, 0x00, 0x1c, 0x00, 0x04, 0x00, 0x2b, 0x00, 0x00, 0x00, 0x0b, 0x00, 0x00, 0x00, // ).......+.......
	0x29, 0x00, 0x00, 0x00, 0x1e, 0x00, 0x04, 0x00, 0x2c, 0x00, 0x00, 0x00, 0x2a, 0x00, 0x00, 0x00, // ).......,...*...
	0x2b, 0x00, 0x00, 0x00, 0x20, 0x00, 0x04, 0x00, 0x2d, 0x00, 0x00, 0x00, 0x02, 0x00, 0x00, 0x00, // +... ...-.......
	0x2c, 0x00, 0x00, 0x00, 0x3b, 0x00, 0x04, 0x00, 0x2d, 0x00, 0x00, 0x00, 0x2e, 0x00, 0x00, 0x00, // ,...;...-.......
	0x02, 0x00, 0x00, 0x00, 0x20, 0x00, 0x04, 0x00, 0x30, 0x00, 0x00, 0x00, 0x02, 0x00, 0x00, 0x00, // .... ...0.......
	0x0b, 0x00, 0x00, 0x00, 0x2b, 0x00, 0x04, 0x00, 0x14, 0x00, 0x00, 0x00, 0x35, 0x00, 0x00, 0x00, // ....+.......5...
	0x00, 0x00, 0x00, 0x00, 0x20, 0x00, 0x04, 0x00, 0x3c, 0x00, 0x00, 0x00, 0x02, 0x00, 0x00, 0x00, // .... ...<.......
	0x28, 0x00, 0x00, 0x00, 0x20, 0x00, 0x04, 0x00, 0x45, 0x00, 0x00, 0x00, 0x01, 0x00, 0x00, 0x00, // (... ...E.......
	0x07, 0x00, 0x00, 0x00, 0x3b, 0x00, 0x04, 0x00, 0x45, 0x00, 0x00, 0x00, 0x46, 0x00, 0x00, 0x00, // ....;...E...F...
	0x01, 0x00, 0x00, 0x00, 0x20, 0x00, 0x04, 0x00, 0x49, 0x00, 0x00, 0x00, 0x01, 0x00, 0x00, 0x00, // .... ...I.......
	0x09, 0x00, 0x00, 0x00, 0x3b, 0x00, 0x04, 0x00, 0x49, 0x00, 0x00, 0x00, 0x4a, 0x00, 0x00, 0x00, // ....;...I...J...
	0x01, 0x00, 0x00, 0x00, 0x20, 0x00, 0x04, 0x00, 0x52, 0x00, 0x00, 0x00, 0x03, 0x00, 0x00, 0x00, // .... ...R.......
	0x0b, 0x00, 0x00, 0x00, 0x3b, 0x00, 0x04, 0x00, 0x52, 0x00, 0x00, 0x00, 0x53, 0x00, 0x00, 0x00, // ....;...R...S...
	0x03, 0x00, 0x00, 0x00, 0x20, 0x00, 0x04, 0x00, 0x56, 0x00, 0x00, 0x00, 0x03, 0x00, 0x00, 0x00, // .... ...V.......
	0x07, 0x00, 0x00, 0x00, 0x3b, 0x00, 0x04, 0x00, 0x56, 0x00, 0x00, 0x00, 0x57, 0x00, 0x00, 0x00, // ....;...V...W...
	0x03, 0x00, 0x00, 0x00, 0x20, 0x00, 0x04, 0x00, 0x5a, 0x00, 0x00, 0x00, 0x03, 0x00, 0x00, 0x00, // .... ...Z.......
	0x09, 0x00, 0x00, 0x00, 0x3b, 0x00, 0x04, 0x00, 0x5a, 0x00, 0x00, 0x00, 0x5b, 0x00, 0x00, 0x00, // ....;...Z...[...
	0x03, 0x00, 0x00, 0x00, 0x36, 0x00, 0x05, 0x00, 0x02, 0x00, 0x00, 0x00, 0x04, 0x00, 0x00, 0x00, // ....6...........
	0x00, 0x00, 0x00, 0x00, 0x03, 0x00, 0x00, 0x00, 0xf8, 0x00, 0x02, 0x00, 0x05, 0x00, 0x00, 0x00, // ................
	0x3d, 0x00, 0x04, 0x00, 0x07, 0x00, 0x00, 0x00, 0x47, 0x00, 0x00, 0x00, 0x46, 0x00, 0x00, 0x00, // =.......G...F...
	0x3d, 0x00, 0x04, 0x00, 0x09, 0x00, 0x00, 0x00, 0x4b, 0x00, 0x00, 0x00, 0x4a, 0x00, 0x00, 0x00, // =.......K...J...
	0x41, 0x00, 0x06, 0x00, 0x30, 0x00, 0x00, 0x00, 0x81, 0x00, 0x00, 0x00, 0x2e, 0x00, 0x00, 0x00, // A...0...........
	0x15, 0x00, 0x00, 0x00, 0x4b, 0x00, 0x00, 0x00, 0x3d, 0x00, 0x04, 0x00, 0x0b, 0x00, 0x00, 0x00, // ....K...=.......
	0x82, 0x00, 0x00, 0x00, 0x81, 0x00, 0x00, 0x00, 0x4f, 0x00, 0x08, 0x00, 0x07, 0x00, 0x00, 0x00, // ........O.......
	0x83, 0x00, 0x00, 0x00, 0x82, 0x00, 0x00, 0x00, 0x82, 0x00, 0x00, 0x00, 0x00, 0x00, 0x00, 0x00, // ................
	0x01, 0x00, 0x00, 0x00, 0x02, 0x00, 0x00, 0x00, 0x83, 0x00, 0x05, 0x00, 0x07, 0x00, 0x00, 0x00, // ................
	0x84, 0x00, 0x00, 0x00, 0x47, 0x00, 0x00, 0x00, 0x83, 0x00, 0x00, 0x00, 0x51, 0x00, 0x05, 0x00, // ....G.......Q...
	0x06, 0x00, 0x00, 0x00, 0x86, 0x00, 0x00, 0x00, 0x84, 0x00, 0x00, 0x00, 0x00, 0x00, 0x00, 0x00, // ................
	0x51, 0x00, 0x05, 0x00, 0x06, 0x00, 0x00, 0x00, 0x87, 0x00, 0x00, 0x00, 0x84, 0x00, 0x00, 0x00, // Q...............
	0x01, 0x00, 0x00, 0x00, 0x51, 0x00, 0x05, 0x00, 0x06, 0x00, 0x00, 0x00, 0x88, 0x00, 0x00, 0x00, // ....Q...........
	0x84, 0x00, 0x00, 0x00, 0x02, 0x00, 0x00, 0x00, 0x50, 0x00, 0x07, 0x00, 0x0b, 0x00, 0x00, 0x00, // ........P.......
	0x89, 0x00, 0x00, 0x00, 0x86, 0x00, 0x00, 0x00, 0x87, 0x00, 0x00, 0x00, 0x88, 0x00, 0x00, 0x00, // ................
	0x1c, 0x00, 0x00, 0x00, 0x41, 0x00, 0x06, 0x00, 0x3c, 0x00, 0x00, 0x00, 0x8b, 0x00, 0x00, 0x00, // ....A...<.......
	0x2e, 0x00, 0x00, 0x00, 0x35, 0x00, 0x00, 0x00, 0x4b, 0x00, 0x00, 0x00, 0x3d, 0x00, 0x04, 0x00, // ....5...K...=...
	0x28, 0x00, 0x00, 0x00, 0x8c, 0x00, 0x00, 0x00, 0x8b, 0x00, 0x00, 0x00, 0x90, 0x00, 0x05, 0x00, // (...............
	0x0b, 0x00, 0x00, 0x00, 0x8d, 0x00, 0x00, 0x00, 0x89, 0x00, 0x00, 0x00, 0x8c, 0x00, 0x00, 0x00, // ................
	0x3e, 0x00, 0x03, 0x00, 0x53, 0x00, 0x00, 0x00, 0x8d, 0x00, 0x00, 0x00, 0x3e, 0x00, 0x03, 0x00, // >...S.......>...
	0x57, 0x00, 0x00, 0x00, 0x47, 0x00, 0x00, 0x00, 0x3e, 0x00, 0x03, 0x00, 0x5b, 0x00, 0x00, 0x00, // W...G...>...[...
	0x4b, 0x00, 0x00, 0x00, 0xfd, 0x00, 0x01, 0x00, 0x38, 0x00, 0x01, 0x00, 0x00, 0x02, 0x01, 0x00, // K.......8.......
	0xff, 0xff, 0xa0, 0x00,                                                                         // ....
};
static const bgfx::EmbeddedShader vs_light_noclip_st = BGFX_EMBEDDED_SHADER(vs_light_noclip_st);

//////////////////////////////////////////////////////////////////////////////////////////////////////////////////////
// Build of fragment shader from fs_light.sc to fs_light_noshadow_noclip with options: NOCLIP NOSHADOW
static const uint8_t fs_light_noshadow_noclip_mtl[1504] =
{
	0x46, 0x53, 0x48, 0x0c, 0x5e, 0xda, 0xa3, 0x5f, 0x00, 0x00, 0x00, 0x00, 0x00, 0x00, 0x00, 0x00, // FSH.^.._........
	0x00, 0x00, 0x00, 0x00, 0x04, 0x00, 0x14, 0x6c, 0x69, 0x67, 0x68, 0x74, 0x43, 0x65, 0x6e, 0x74, // .......lightCent
	0x65, 0x72, 0x5f, 0x6d, 0x61, 0x78, 0x52, 0x61, 0x6e, 0x67, 0x65, 0x12, 0x01, 0x20, 0x00, 0x01, // er_maxRange.. ..
	0x00, 0x00, 0x00, 0x00, 0x00, 0x19, 0x6c, 0x69, 0x67, 0x68, 0x74, 0x43, 0x6f, 0x6c, 0x6f, 0x72, // ......lightColor
	0x32, 0x5f, 0x66, 0x61, 0x6c, 0x6c, 0x6f, 0x66, 0x66, 0x5f, 0x70, 0x6f, 0x77, 0x65, 0x72, 0x12, // 2_falloff_power.
	0x01, 0x10, 0x00, 0x01, 0x00, 0x00, 0x00, 0x00, 0x00, 0x14, 0x6c, 0x69, 0x67, 0x68, 0x74, 0x43, // ..........lightC
	0x6f, 0x6c, 0x6f, 0x72, 0x5f, 0x69, 0x6e, 0x74, 0x65, 0x6e, 0x73, 0x69, 0x74, 0x79, 0x12, 0x01, // olor_intensity..
	0x00, 0x00, 0x01, 0x00, 0x00, 0x00, 0x00, 0x00, 0x15, 0x62, 0x6c, 0x65, 0x6e, 0x64, 0x5f, 0x6d, // .........blend_m
	0x6f, 0x64, 0x75, 0x6c, 0x61, 0x74, 0x65, 0x5f, 0x76, 0x73, 0x5f, 0x61, 0x64, 0x64, 0x12, 0x01, // odulate_vs_add..
	0x30, 0x00, 0x01, 0x00, 0x00, 0x00, 0x00, 0x00, 0x40, 0x05, 0x00, 0x00, 0x23, 0x69, 0x6e, 0x63, // 0.......@...#inc
	0x6c, 0x75, 0x64, 0x65, 0x20, 0x3c, 0x6d, 0x65, 0x74, 0x61, 0x6c, 0x5f, 0x73, 0x74, 0x64, 0x6c, // lude <metal_stdl
	0x69, 0x62, 0x3e, 0x0a, 0x23, 0x69, 0x6e, 0x63, 0x6c, 0x75, 0x64, 0x65, 0x20, 0x3c, 0x73, 0x69, // ib>.#include <si
	0x6d, 0x64, 0x2f, 0x73, 0x69, 0x6d, 0x64, 0x2e, 0x68, 0x3e, 0x0a, 0x0a, 0x75, 0x73, 0x69, 0x6e, // md/simd.h>..usin
	0x67, 0x20, 0x6e, 0x61, 0x6d, 0x65, 0x73, 0x70, 0x61, 0x63, 0x65, 0x20, 0x6d, 0x65, 0x74, 0x61, // g namespace meta
	0x6c, 0x3b, 0x0a, 0x0a, 0x73, 0x74, 0x72, 0x75, 0x63, 0x74, 0x20, 0x5f, 0x47, 0x6c, 0x6f, 0x62, // l;..struct _Glob
	0x61, 0x6c, 0x0a, 0x7b, 0x0a, 0x20, 0x20, 0x20, 0x20, 0x66, 0x6c, 0x6f, 0x61, 0x74, 0x34, 0x20, // al.{.    float4 
	0x6c, 0x69, 0x67, 0x68, 0x74, 0x43, 0x6f, 0x6c, 0x6f, 0x72, 0x5f, 0x69, 0x6e, 0x74, 0x65, 0x6e, // lightColor_inten
	0x73, 0x69, 0x74, 0x79, 0x3b, 0x0a, 0x20, 0x20, 0x20, 0x20, 0x66, 0x6c, 0x6f, 0x61, 0x74, 0x34, // sity;.    float4
	0x20, 0x6c, 0x69, 0x67, 0x68, 0x74, 0x43, 0x6f, 0x6c, 0x6f, 0x72, 0x32, 0x5f, 0x66, 0x61, 0x6c, //  lightColor2_fal
	0x6c, 0x6f, 0x66, 0x66, 0x5f, 0x70, 0x6f, 0x77, 0x65, 0x72, 0x3b, 0x0a, 0x20, 0x20, 0x20, 0x20, // loff_power;.    
	0x66, 0x6c, 0x6f, 0x61, 0x74, 0x34, 0x20, 0x6c, 0x69, 0x67, 0x68, 0x74, 0x43, 0x65, 0x6e, 0x74, // float4 lightCent
	0x65, 0x72, 0x5f, 0x6d, 0x61, 0x78, 0x52, 0x61, 0x6e, 0x67, 0x65, 0x3b, 0x0a, 0x20, 0x20, 0x20, // er_maxRange;.   
	0x20, 0x66, 0x6c, 0x6f, 0x61, 0x74, 0x34, 0x20, 0x62, 0x6c, 0x65, 0x6e, 0x64, 0x5f, 0x6d, 0x6f, //  float4 blend_mo
	0x64, 0x75, 0x6c, 0x61, 0x74, 0x65, 0x5f, 0x76, 0x73, 0x5f, 0x61, 0x64, 0x64, 0x3b, 0x0a, 0x7d, // dulate_vs_add;.}
	0x3b, 0x0a, 0x0a, 0x63, 0x6f, 0x6e, 0x73, 0x74, 0x61, 0x6e, 0x74, 0x20, 0x75, 0x69, 0x6e, 0x74, // ;..constant uint
	0x20, 0x62, 0x67, 0x66, 0x78, 0x5f, 0x73, 0x61, 0x6d, 0x70, 0x6c, 0x65, 0x4d, 0x61, 0x73, 0x6b, //  bgfx_sampleMask
	0x20, 0x5b, 0x5b, 0x66, 0x75, 0x6e, 0x63, 0x74, 0x69, 0x6f, 0x6e, 0x5f, 0x63, 0x6f, 0x6e, 0x73, //  [[function_cons
	0x74, 0x61, 0x6e, 0x74, 0x28, 0x30, 0x29, 0x5d, 0x5d, 0x3b, 0x0a, 0x63, 0x6f, 0x6e, 0x73, 0x74, // tant(0)]];.const
	0x61, 0x6e, 0x74, 0x20, 0x62, 0x6f, 0x6f, 0x6c, 0x20, 0x62, 0x67, 0x66, 0x78, 0x5f, 0x73, 0x61, // ant bool bgfx_sa
	0x6d, 0x70, 0x6c, 0x65, 0x4d, 0x61, 0x73, 0x6b, 0x45, 0x6e, 0x61, 0x62, 0x6c, 0x65, 0x64, 0x20, // mpleMaskEnabled 
	0x3d, 0x20, 0x69, 0x73, 0x5f, 0x66, 0x75, 0x6e, 0x63, 0x74, 0x69, 0x6f, 0x6e, 0x5f, 0x63, 0x6f, // = is_function_co
	0x6e, 0x73, 0x74, 0x61, 0x6e, 0x74, 0x5f, 0x64, 0x65, 0x66, 0x69, 0x6e, 0x65, 0x64, 0x28, 0x62, // nstant_defined(b
	0x67, 0x66, 0x78, 0x5f, 0x73, 0x61, 0x6d, 0x70, 0x6c, 0x65, 0x4d, 0x61, 0x73, 0x6b, 0x29, 0x3b, // gfx_sampleMask);
	0x0a, 0x0a, 0x73, 0x74, 0x72, 0x75, 0x63, 0x74, 0x20, 0x78, 0x6c, 0x61, 0x74, 0x4d, 0x74, 0x6c, // ..struct xlatMtl
	0x4d, 0x61, 0x69, 0x6e, 0x5f, 0x6f, 0x75, 0x74, 0x0a, 0x7b, 0x0a, 0x09, 0x75, 0x69, 0x6e, 0x74, // Main_out.{..uint
	0x20, 0x62, 0x67, 0x66, 0x78, 0x5f, 0x6d, 0x65, 0x74, 0x61, 0x6c, 0x5f, 0x73, 0x61, 0x6d, 0x70, //  bgfx_metal_samp
	0x6c, 0x65, 0x4d, 0x61, 0x73, 0x6b, 0x20, 0x5b, 0x5b, 0x73, 0x61, 0x6d, 0x70, 0x6c, 0x65, 0x5f, // leMask [[sample_
	0x6d, 0x61, 0x73, 0x6b, 0x2c, 0x20, 0x66, 0x75, 0x6e, 0x63, 0x74, 0x69, 0x6f, 0x6e, 0x5f, 0x63, // mask, function_c
	0x6f, 0x6e, 0x73, 0x74, 0x61, 0x6e, 0x74, 0x28, 0x62, 0x67, 0x66, 0x78, 0x5f, 0x73, 0x61, 0x6d, // onstant(bgfx_sam
	0x70, 0x6c, 0x65, 0x4d, 0x61, 0x73, 0x6b, 0x45, 0x6e, 0x61, 0x62, 0x6c, 0x65, 0x64, 0x29, 0x5d, // pleMaskEnabled)]
	0x5d, 0x3b, 0x0a, 0x20, 0x20, 0x20, 0x20, 0x66, 0x6c, 0x6f, 0x61, 0x74, 0x34, 0x20, 0x62, 0x67, // ];.    float4 bg
	0x66, 0x78, 0x5f, 0x46, 0x72, 0x61, 0x67, 0x44, 0x61, 0x74, 0x61, 0x30, 0x20, 0x5b, 0x5b, 0x63, // fx_FragData0 [[c
	0x6f, 0x6c, 0x6f, 0x72, 0x28, 0x30, 0x29, 0x5d, 0x5d, 0x3b, 0x0a, 0x7d, 0x3b, 0x0a, 0x0a, 0x73, // olor(0)]];.};..s
	0x74, 0x72, 0x75, 0x63, 0x74, 0x20, 0x78, 0x6c, 0x61, 0x74, 0x4d, 0x74, 0x6c, 0x4d, 0x61, 0x69, // truct xlatMtlMai
	0x6e, 0x5f, 0x69, 0x6e, 0x0a, 0x7b, 0x0a, 0x20, 0x20, 0x20, 0x20, 0x66, 0x6c, 0x6f, 0x61, 0x74, // n_in.{.    float
	0x33, 0x20, 0x76, 0x5f, 0x74, 0x61, 0x62, 0x6c, 0x65, 0x50, 0x6f, 0x73, 0x20, 0x5b, 0x5b, 0x75, // 3 v_tablePos [[u
	0x73, 0x65, 0x72, 0x28, 0x6c, 0x6f, 0x63, 0x6e, 0x30, 0x29, 0x5d, 0x5d, 0x3b, 0x0a, 0x7d, 0x3b, // ser(locn0)]];.};
	0x0a, 0x0a, 0x5b, 0x5b, 0x20, 0x65, 0x61, 0x72, 0x6c, 0x79, 0x5f, 0x66, 0x72, 0x61, 0x67, 0x6d, // ..[[ early_fragm
	0x65, 0x6e, 0x74, 0x5f, 0x74, 0x65, 0x73, 0x74, 0x73, 0x20, 0x5d, 0x5d, 0x20, 0x66, 0x72, 0x61, // ent_tests ]] fra
	0x67, 0x6d, 0x65, 0x6e, 0x74, 0x20, 0x78, 0x6c, 0x61, 0x74, 0x4d, 0x74, 0x6c, 0x4d, 0x61, 0x69, // gment xlatMtlMai
	0x6e, 0x5f, 0x6f, 0x75, 0x74, 0x20, 0x78, 0x6c, 0x61, 0x74, 0x4d, 0x74, 0x6c, 0x4d, 0x61, 0x69, // n_out xlatMtlMai
	0x6e, 0x28, 0x78, 0x6c, 0x61, 0x74, 0x4d, 0x74, 0x6c, 0x4d, 0x61, 0x69, 0x6e, 0x5f, 0x69, 0x6e, // n(xlatMtlMain_in
	0x20, 0x69, 0x6e, 0x20, 0x5b, 0x5b, 0x73, 0x74, 0x61, 0x67, 0x65, 0x5f, 0x69, 0x6e, 0x5d, 0x5d, //  in [[stage_in]]
	0x2c, 0x20, 0x63, 0x6f, 0x6e, 0x73, 0x74, 0x61, 0x6e, 0x74, 0x20, 0x5f, 0x47, 0x6c, 0x6f, 0x62, // , constant _Glob
	0x61, 0x6c, 0x26, 0x20, 0x5f, 0x6d, 0x74, 0x6c, 0x5f, 0x75, 0x20, 0x5b, 0x5b, 0x62, 0x75, 0x66, // al& _mtl_u [[buf
	0x66, 0x65, 0x72, 0x28, 0x30, 0x29, 0x5d, 0x5d, 0x29, 0x0a, 0x7b, 0x0a, 0x20, 0x20, 0x20, 0x20, // fer(0)]]).{.    
	0x78, 0x6c, 0x61, 0x74, 0x4d, 0x74, 0x6c, 0x4d, 0x61, 0x69, 0x6e, 0x5f, 0x6f, 0x75, 0x74, 0x20, // xlatMtlMain_out 
	0x6f, 0x75, 0x74, 0x20, 0x3d, 0x20, 0x7b, 0x7d, 0x3b, 0x0a, 0x09, 0x69, 0x66, 0x20, 0x28, 0x62, // out = {};..if (b
	0x67, 0x66, 0x78, 0x5f, 0x73, 0x61, 0x6d, 0x70, 0x6c, 0x65, 0x4d, 0x61, 0x73, 0x6b, 0x45, 0x6e, // gfx_sampleMaskEn
	0x61, 0x62, 0x6c, 0x65, 0x64, 0x29, 0x20, 0x7b, 0x20, 0x6f, 0x75, 0x74, 0x2e, 0x62, 0x67, 0x66, // abled) { out.bgf
	0x78, 0x5f, 0x6d, 0x65, 0x74, 0x61, 0x6c, 0x5f, 0x73, 0x61, 0x6d, 0x70, 0x6c, 0x65, 0x4d, 0x61, // x_metal_sampleMa
	0x73, 0x6b, 0x20, 0x3d, 0x20, 0x62, 0x67, 0x66, 0x78, 0x5f, 0x73, 0x61, 0x6d, 0x70, 0x6c, 0x65, // sk = bgfx_sample
	0x4d, 0x61, 0x73, 0x6b, 0x3b, 0x20, 0x7d, 0x0a, 0x20, 0x20, 0x20, 0x20, 0x66, 0x6c, 0x6f, 0x61, // Mask; }.    floa
	0x74, 0x20, 0x5f, 0x31, 0x37, 0x39, 0x20, 0x3d, 0x20, 0x6c, 0x65, 0x6e, 0x67, 0x74, 0x68, 0x28, // t _179 = length(
	0x69, 0x6e, 0x2e, 0x76, 0x5f, 0x74, 0x61, 0x62, 0x6c, 0x65, 0x50, 0x6f, 0x73, 0x20, 0x2d, 0x20, // in.v_tablePos - 
	0x5f, 0x6d, 0x74, 0x6c, 0x5f, 0x75, 0x2e, 0x6c, 0x69, 0x67, 0x68, 0x74, 0x43, 0x65, 0x6e, 0x74, // _mtl_u.lightCent
	0x65, 0x72, 0x5f, 0x6d, 0x61, 0x78, 0x52, 0x61, 0x6e, 0x67, 0x65, 0x2e, 0x78, 0x79, 0x7a, 0x29, // er_maxRange.xyz)
	0x20, 0x2a, 0x20, 0x5f, 0x6d, 0x74, 0x6c, 0x5f, 0x75, 0x2e, 0x6c, 0x69, 0x67, 0x68, 0x74, 0x43, //  * _mtl_u.lightC
	0x65, 0x6e, 0x74, 0x65, 0x72, 0x5f, 0x6d, 0x61, 0x78, 0x52, 0x61, 0x6e, 0x67, 0x65, 0x2e, 0x77, // enter_maxRange.w
	0x3b, 0x0a, 0x20, 0x20, 0x20, 0x20, 0x6f, 0x75, 0x74, 0x2e, 0x62, 0x67, 0x66, 0x78, 0x5f, 0x46, // ;.    out.bgfx_F
	0x72, 0x61, 0x67, 0x44, 0x61, 0x74, 0x61, 0x30, 0x20, 0x3d, 0x20, 0x66, 0x6c, 0x6f, 0x61, 0x74, // ragData0 = float
	0x34, 0x28, 0x6d, 0x69, 0x78, 0x28, 0x5f, 0x6d, 0x74, 0x6c, 0x5f, 0x75, 0x2e, 0x6c, 0x69, 0x67, // 4(mix(_mtl_u.lig
	0x68, 0x74, 0x43, 0x6f, 0x6c, 0x6f, 0x72, 0x32, 0x5f, 0x66, 0x61, 0x6c, 0x6c, 0x6f, 0x66, 0x66, // htColor2_falloff
	0x5f, 0x70, 0x6f, 0x77, 0x65, 0x72, 0x2e, 0x78, 0x79, 0x7a, 0x2c, 0x20, 0x5f, 0x6d, 0x74, 0x6c, // _power.xyz, _mtl
	0x5f, 0x75, 0x2e, 0x6c, 0x69, 0x67, 0x68, 0x74, 0x43, 0x6f, 0x6c, 0x6f, 0x72, 0x5f, 0x69, 0x6e, // _u.lightColor_in
	0x74, 0x65, 0x6e, 0x73, 0x69, 0x74, 0x79, 0x2e, 0x78, 0x79, 0x7a, 0x2c, 0x20, 0x66, 0x6c, 0x6f, // tensity.xyz, flo
	0x61, 0x74, 0x33, 0x28, 0x73, 0x71, 0x72, 0x74, 0x28, 0x5f, 0x31, 0x37, 0x39, 0x29, 0x29, 0x29, // at3(sqrt(_179)))
	0x20, 0x2a, 0x20, 0x28, 0x28, 0x28, 0x2d, 0x5f, 0x6d, 0x74, 0x6c, 0x5f, 0x75, 0x2e, 0x62, 0x6c, //  * (((-_mtl_u.bl
	0x65, 0x6e, 0x64, 0x5f, 0x6d, 0x6f, 0x64, 0x75, 0x6c, 0x61, 0x74, 0x65, 0x5f, 0x76, 0x73, 0x5f, // end_modulate_vs_
	0x61, 0x64, 0x64, 0x2e, 0x78, 0x29, 0x20, 0x2a, 0x20, 0x70, 0x6f, 0x77, 0x72, 0x28, 0x66, 0x61, // add.x) * powr(fa
	0x73, 0x74, 0x3a, 0x3a, 0x6d, 0x61, 0x78, 0x28, 0x31, 0x2e, 0x30, 0x20, 0x2d, 0x20, 0x66, 0x61, // st::max(1.0 - fa
	0x73, 0x74, 0x3a, 0x3a, 0x63, 0x6c, 0x61, 0x6d, 0x70, 0x28, 0x5f, 0x31, 0x37, 0x39, 0x2c, 0x20, // st::clamp(_179, 
	0x30, 0x2e, 0x30, 0x2c, 0x20, 0x31, 0x2e, 0x30, 0x29, 0x2c, 0x20, 0x39, 0x2e, 0x39, 0x39, 0x39, // 0.0, 1.0), 9.999
	0x39, 0x39, 0x39, 0x37, 0x34, 0x37, 0x33, 0x37, 0x38, 0x37, 0x35, 0x31, 0x36, 0x33, 0x35, 0x35, // 9997473787516355
	0x35, 0x31, 0x34, 0x35, 0x32, 0x36, 0x33, 0x36, 0x37, 0x31, 0x38, 0x38, 0x65, 0x2d, 0x30, 0x35, // 514526367188e-05
	0x29, 0x2c, 0x20, 0x5f, 0x6d, 0x74, 0x6c, 0x5f, 0x75, 0x2e, 0x6c, 0x69, 0x67, 0x68, 0x74, 0x43, // ), _mtl_u.lightC
	0x6f, 0x6c, 0x6f, 0x72, 0x32, 0x5f, 0x66, 0x61, 0x6c, 0x6c, 0x6f, 0x66, 0x66, 0x5f, 0x70, 0x6f, // olor2_falloff_po
	0x77, 0x65, 0x72, 0x2e, 0x77, 0x29, 0x29, 0x20, 0x2a, 0x20, 0x5f, 0x6d, 0x74, 0x6c, 0x5f, 0x75, // wer.w)) * _mtl_u
	0x2e, 0x6c, 0x69, 0x67, 0x68, 0x74, 0x43, 0x6f, 0x6c, 0x6f, 0x72, 0x5f, 0x69, 0x6e, 0x74, 0x65, // .lightColor_inte
	0x6e, 0x73, 0x69, 0x74, 0x79, 0x2e, 0x77, 0x29, 0x2c, 0x20, 0x28, 0x31, 0x2e, 0x30, 0x20, 0x2f, // nsity.w), (1.0 /
	0x20, 0x5f, 0x6d, 0x74, 0x6c, 0x5f, 0x75, 0x2e, 0x62, 0x6c, 0x65, 0x6e, 0x64, 0x5f, 0x6d, 0x6f, //  _mtl_u.blend_mo
	0x64, 0x75, 0x6c, 0x61, 0x74, 0x65, 0x5f, 0x76, 0x73, 0x5f, 0x61, 0x64, 0x64, 0x2e, 0x78, 0x29, // dulate_vs_add.x)
	0x20, 0x2d, 0x20, 0x31, 0x2e, 0x30, 0x29, 0x3b, 0x0a, 0x20, 0x20, 0x20, 0x20, 0x72, 0x65, 0x74, //  - 1.0);.    ret
	0x75, 0x72, 0x6e, 0x20, 0x6f, 0x75, 0x74, 0x3b, 0x0a, 0x7d, 0x0a, 0x0a, 0x00, 0x00, 0x40, 0x00, // urn out;.}....@.
};
static const uint8_t fs_light_noshadow_noclip_essl[982] =
{
	0x46, 0x53, 0x48, 0x0c, 0x5e, 0xda, 0xa3, 0x5f, 0x00, 0x00, 0x00, 0x00, 0x00, 0x00, 0x00, 0x00, // FSH.^.._........
	0x00, 0x00, 0x00, 0x00, 0x04, 0x00, 0x14, 0x6c, 0x69, 0x67, 0x68, 0x74, 0x43, 0x65, 0x6e, 0x74, // .......lightCent
	0x65, 0x72, 0x5f, 0x6d, 0x61, 0x78, 0x52, 0x61, 0x6e, 0x67, 0x65, 0x02, 0x01, 0x00, 0x00, 0x01, // er_maxRange.....
	0x00, 0x00, 0x00, 0x00, 0x00, 0x19, 0x6c, 0x69, 0x67, 0x68, 0x74, 0x43, 0x6f, 0x6c, 0x6f, 0x72, // ......lightColor
	0x32, 0x5f, 0x66, 0x61, 0x6c, 0x6c, 0x6f, 0x66, 0x66, 0x5f, 0x70, 0x6f, 0x77, 0x65, 0x72, 0x02, // 2_falloff_power.
	0x01, 0x00, 0x00, 0x01, 0x00, 0x00, 0x00, 0x00, 0x00, 0x14, 0x6c, 0x69, 0x67, 0x68, 0x74, 0x43, // ..........lightC
	0x6f, 0x6c, 0x6f, 0x72, 0x5f, 0x69, 0x6e, 0x74, 0x65, 0x6e, 0x73, 0x69, 0x74, 0x79, 0x02, 0x01, // olor_intensity..
	0x00, 0x00, 0x01, 0x00, 0x00, 0x00, 0x00, 0x00, 0x15, 0x62, 0x6c, 0x65, 0x6e, 0x64, 0x5f, 0x6d, // .........blend_m
	0x6f, 0x64, 0x75, 0x6c, 0x61, 0x74, 0x65, 0x5f, 0x76, 0x73, 0x5f, 0x61, 0x64, 0x64, 0x02, 0x01, // odulate_vs_add..
	0x00, 0x00, 0x01, 0x00, 0x00, 0x00, 0x00, 0x00, 0x39, 0x03, 0x00, 0x00, 0x70, 0x72, 0x65, 0x63, // ........9...prec
	0x69, 0x73, 0x69, 0x6f, 0x6e, 0x20, 0x6d, 0x65, 0x64, 0x69, 0x75, 0x6d, 0x70, 0x20, 0x66, 0x6c, // ision mediump fl
	0x6f, 0x61, 0x74, 0x3b, 0x0a, 0x70, 0x72, 0x65, 0x63, 0x69, 0x73, 0x69, 0x6f, 0x6e, 0x20, 0x68, // oat;.precision h
	0x69, 0x67, 0x68, 0x70, 0x20, 0x69, 0x6e, 0x74, 0x3b, 0x0a, 0x0a, 0x75, 0x6e, 0x69, 0x66, 0x6f, // ighp int;..unifo
	0x72, 0x6d, 0x20, 0x68, 0x69, 0x67, 0x68, 0x70, 0x20, 0x76, 0x65, 0x63, 0x34, 0x20, 0x6c, 0x69, // rm highp vec4 li
	0x67, 0x68, 0x74, 0x43, 0x65, 0x6e, 0x74, 0x65, 0x72, 0x5f, 0x6d, 0x61, 0x78, 0x52, 0x61, 0x6e, // ghtCenter_maxRan
	0x67, 0x65, 0x3b, 0x0a, 0x75, 0x6e, 0x69, 0x66, 0x6f, 0x72, 0x6d, 0x20, 0x68, 0x69, 0x67, 0x68, // ge;.uniform high
	0x70, 0x20, 0x76, 0x65, 0x63, 0x34, 0x20, 0x6c, 0x69, 0x67, 0x68, 0x74, 0x43, 0x6f, 0x6c, 0x6f, // p vec4 lightColo
	0x72, 0x32, 0x5f, 0x66, 0x61, 0x6c, 0x6c, 0x6f, 0x66, 0x66, 0x5f, 0x70, 0x6f, 0x77, 0x65, 0x72, // r2_falloff_power
	0x3b, 0x0a, 0x75, 0x6e, 0x69, 0x66, 0x6f, 0x72, 0x6d, 0x20, 0x68, 0x69, 0x67, 0x68, 0x70, 0x20, // ;.uniform highp 
	0x76, 0x65, 0x63, 0x34, 0x20, 0x6c, 0x69, 0x67, 0x68, 0x74, 0x43, 0x6f, 0x6c, 0x6f, 0x72, 0x5f, // vec4 lightColor_
	0x69, 0x6e, 0x74, 0x65, 0x6e, 0x73, 0x69, 0x74, 0x79, 0x3b, 0x0a, 0x75, 0x6e, 0x69, 0x66, 0x6f, // intensity;.unifo
	0x72, 0x6d, 0x20, 0x68, 0x69, 0x67, 0x68, 0x70, 0x20, 0x76, 0x65, 0x63, 0x34, 0x20, 0x62, 0x6c, // rm highp vec4 bl
	0x65, 0x6e, 0x64, 0x5f, 0x6d, 0x6f, 0x64, 0x75, 0x6c, 0x61, 0x74, 0x65, 0x5f, 0x76, 0x73, 0x5f, // end_modulate_vs_
	0x61, 0x64, 0x64, 0x3b, 0x0a, 0x0a, 0x69, 0x6e, 0x20, 0x68, 0x69, 0x67, 0x68, 0x70, 0x20, 0x76, // add;..in highp v
	0x65, 0x63, 0x33, 0x20, 0x76, 0x5f, 0x74, 0x61, 0x62, 0x6c, 0x65, 0x50, 0x6f, 0x73, 0x3b, 0x0a, // ec3 v_tablePos;.
	0x6c, 0x61, 0x79, 0x6f, 0x75, 0x74, 0x28, 0x6c, 0x6f, 0x63, 0x61, 0x74, 0x69, 0x6f, 0x6e, 0x20, // layout(location 
	0x3d, 0x20, 0x30, 0x29, 0x20, 0x6f, 0x75, 0x74, 0x20, 0x68, 0x69, 0x67, 0x68, 0x70, 0x20, 0x76, // = 0) out highp v
	0x65, 0x63, 0x34, 0x20, 0x62, 0x67, 0x66, 0x78, 0x5f, 0x46, 0x72, 0x61, 0x67, 0x43, 0x6f, 0x6c, // ec4 bgfx_FragCol
	0x6f, 0x72, 0x3b, 0x0a, 0x0a, 0x76, 0x6f, 0x69, 0x64, 0x20, 0x6d, 0x61, 0x69, 0x6e, 0x28, 0x29, // or;..void main()
	0x0a, 0x7b, 0x0a, 0x20, 0x20, 0x20, 0x20, 0x68, 0x69, 0x67, 0x68, 0x70, 0x20, 0x66, 0x6c, 0x6f, // .{.    highp flo
	0x61, 0x74, 0x20, 0x5f, 0x33, 0x30, 0x20, 0x3d, 0x20, 0x6c, 0x65, 0x6e, 0x67, 0x74, 0x68, 0x28, // at _30 = length(
	0x76, 0x5f, 0x74, 0x61, 0x62, 0x6c, 0x65, 0x50, 0x6f, 0x73, 0x20, 0x2d, 0x20, 0x6c, 0x69, 0x67, // v_tablePos - lig
	0x68, 0x74, 0x43, 0x65, 0x6e, 0x74, 0x65, 0x72, 0x5f, 0x6d, 0x61, 0x78, 0x52, 0x61, 0x6e, 0x67, // htCenter_maxRang
	0x65, 0x2e, 0x78, 0x79, 0x7a, 0x29, 0x20, 0x2a, 0x20, 0x6c, 0x69, 0x67, 0x68, 0x74, 0x43, 0x65, // e.xyz) * lightCe
	0x6e, 0x74, 0x65, 0x72, 0x5f, 0x6d, 0x61, 0x78, 0x52, 0x61, 0x6e, 0x67, 0x65, 0x2e, 0x77, 0x3b, // nter_maxRange.w;
	0x0a, 0x20, 0x20, 0x20, 0x20, 0x68, 0x69, 0x67, 0x68, 0x70, 0x20, 0x76, 0x65, 0x63, 0x33, 0x20, // .    highp vec3 
	0x5f, 0x36, 0x36, 0x20, 0x3d, 0x20, 0x6d, 0x69, 0x78, 0x28, 0x6c, 0x69, 0x67, 0x68, 0x74, 0x43, // _66 = mix(lightC
	0x6f, 0x6c, 0x6f, 0x72, 0x32, 0x5f, 0x66, 0x61, 0x6c, 0x6c, 0x6f, 0x66, 0x66, 0x5f, 0x70, 0x6f, // olor2_falloff_po
	0x77, 0x65, 0x72, 0x2e, 0x78, 0x79, 0x7a, 0x2c, 0x20, 0x6c, 0x69, 0x67, 0x68, 0x74, 0x43, 0x6f, // wer.xyz, lightCo
	0x6c, 0x6f, 0x72, 0x5f, 0x69, 0x6e, 0x74, 0x65, 0x6e, 0x73, 0x69, 0x74, 0x79, 0x2e, 0x78, 0x79, // lor_intensity.xy
	0x7a, 0x2c, 0x20, 0x76, 0x65, 0x63, 0x33, 0x28, 0x73, 0x71, 0x72, 0x74, 0x28, 0x5f, 0x33, 0x30, // z, vec3(sqrt(_30
	0x29, 0x29, 0x29, 0x20, 0x2a, 0x20, 0x28, 0x28, 0x28, 0x2d, 0x62, 0x6c, 0x65, 0x6e, 0x64, 0x5f, // ))) * (((-blend_
	0x6d, 0x6f, 0x64, 0x75, 0x6c, 0x61, 0x74, 0x65, 0x5f, 0x76, 0x73, 0x5f, 0x61, 0x64, 0x64, 0x2e, // modulate_vs_add.
	0x78, 0x29, 0x20, 0x2a, 0x20, 0x70, 0x6f, 0x77, 0x28, 0x6d, 0x61, 0x78, 0x28, 0x31, 0x2e, 0x30, // x) * pow(max(1.0
	0x20, 0x2d, 0x20, 0x63, 0x6c, 0x61, 0x6d, 0x70, 0x28, 0x5f, 0x33, 0x30, 0x2c, 0x20, 0x30, 0x2e, //  - clamp(_30, 0.
	0x30, 0x2c, 0x20, 0x31, 0x2e, 0x30, 0x29, 0x2c, 0x20, 0x39, 0x2e, 0x39, 0x39, 0x39, 0x39, 0x39, // 0, 1.0), 9.99999
	0x39, 0x37, 0x34, 0x37, 0x33, 0x37, 0x38, 0x37, 0x35, 0x31, 0x36, 0x33, 0x35, 0x35, 0x35, 0x31, // 9747378751635551
	0x34, 0x35, 0x32, 0x36, 0x33, 0x36, 0x37, 0x31, 0x38, 0x38, 0x65, 0x2d, 0x30, 0x35, 0x29, 0x2c, // 4526367188e-05),
	0x20, 0x6c, 0x69, 0x67, 0x68, 0x74, 0x43, 0x6f, 0x6c, 0x6f, 0x72, 0x32, 0x5f, 0x66, 0x61, 0x6c, //  lightColor2_fal
	0x6c, 0x6f, 0x66, 0x66, 0x5f, 0x70, 0x6f, 0x77, 0x65, 0x72, 0x2e, 0x77, 0x29, 0x29, 0x20, 0x2a, // loff_power.w)) *
	0x20, 0x6c, 0x69, 0x67, 0x68, 0x74, 0x43, 0x6f, 0x6c, 0x6f, 0x72, 0x5f, 0x69, 0x6e, 0x74, 0x65, //  lightColor_inte
	0x6e, 0x73, 0x69, 0x74, 0x79, 0x2e, 0x77, 0x29, 0x3b, 0x0a, 0x20, 0x20, 0x20, 0x20, 0x62, 0x67, // nsity.w);.    bg
	0x66, 0x78, 0x5f, 0x46, 0x72, 0x61, 0x67, 0x43, 0x6f, 0x6c, 0x6f, 0x72, 0x2e, 0x78, 0x20, 0x3d, // fx_FragColor.x =
	0x20, 0x5f, 0x36, 0x36, 0x2e, 0x78, 0x3b, 0x0a, 0x20, 0x20, 0x20, 0x20, 0x62, 0x67, 0x66, 0x78, //  _66.x;.    bgfx
	0x5f, 0x46, 0x72, 0x61, 0x67, 0x43, 0x6f, 0x6c, 0x6f, 0x72, 0x2e, 0x79, 0x20, 0x3d, 0x20, 0x5f, // _FragColor.y = _
	0x36, 0x36, 0x2e, 0x79, 0x3b, 0x0a, 0x20, 0x20, 0x20, 0x20, 0x62, 0x67, 0x66, 0x78, 0x5f, 0x46, // 66.y;.    bgfx_F
	0x72, 0x61, 0x67, 0x43, 0x6f, 0x6c, 0x6f, 0x72, 0x2e, 0x7a, 0x20, 0x3d, 0x20, 0x5f, 0x36, 0x36, // ragColor.z = _66
	0x2e, 0x7a, 0x3b, 0x0a, 0x20, 0x20, 0x20, 0x20, 0x62, 0x67, 0x66, 0x78, 0x5f, 0x46, 0x72, 0x61, // .z;.    bgfx_Fra
	0x67, 0x43, 0x6f, 0x6c, 0x6f, 0x72, 0x2e, 0x77, 0x20, 0x3d, 0x20, 0x28, 0x31, 0x2e, 0x30, 0x20, // gColor.w = (1.0 
	0x2f, 0x20, 0x62, 0x6c, 0x65, 0x6e, 0x64, 0x5f, 0x6d, 0x6f, 0x64, 0x75, 0x6c, 0x61, 0x74, 0x65, // / blend_modulate
	0x5f, 0x76, 0x73, 0x5f, 0x61, 0x64, 0x64, 0x2e, 0x78, 0x29, 0x20, 0x2d, 0x20, 0x31, 0x2e, 0x30, // _vs_add.x) - 1.0
	0x3b, 0x0a, 0x7d, 0x0a, 0x0a, 0x00,                                                             // ;.}...
};
static const uint8_t fs_light_noshadow_noclip_glsl[888] =
{
	0x46, 0x53, 0x48, 0x0c, 0x5e, 0xda, 0xa3, 0x5f, 0x00, 0x00, 0x00, 0x00, 0x00, 0x00, 0x00, 0x00, // FSH.^.._........
	0x00, 0x00, 0x00, 0x00, 0x04, 0x00, 0x14, 0x6c, 0x69, 0x67, 0x68, 0x74, 0x43, 0x65, 0x6e, 0x74, // .......lightCent
	0x65, 0x72, 0x5f, 0x6d, 0x61, 0x78, 0x52, 0x61, 0x6e, 0x67, 0x65, 0x02, 0x01, 0x00, 0x00, 0x01, // er_maxRange.....
	0x00, 0x00, 0x00, 0x00, 0x00, 0x19, 0x6c, 0x69, 0x67, 0x68, 0x74, 0x43, 0x6f, 0x6c, 0x6f, 0x72, // ......lightColor
	0x32, 0x5f, 0x66, 0x61, 0x6c, 0x6c, 0x6f, 0x66, 0x66, 0x5f, 0x70, 0x6f, 0x77, 0x65, 0x72, 0x02, // 2_falloff_power.
	0x01, 0x00, 0x00, 0x01, 0x00, 0x00, 0x00, 0x00, 0x00, 0x14, 0x6c, 0x69, 0x67, 0x68, 0x74, 0x43, // ..........lightC
	0x6f, 0x6c, 0x6f, 0x72, 0x5f, 0x69, 0x6e, 0x74, 0x65, 0x6e, 0x73, 0x69, 0x74, 0x79, 0x02, 0x01, // olor_intensity..
	0x00, 0x00, 0x01, 0x00, 0x00, 0x00, 0x00, 0x00, 0x15, 0x62, 0x6c, 0x65, 0x6e, 0x64, 0x5f, 0x6d, // .........blend_m
	0x6f, 0x64, 0x75, 0x6c, 0x61, 0x74, 0x65, 0x5f, 0x76, 0x73, 0x5f, 0x61, 0x64, 0x64, 0x02, 0x01, // odulate_vs_add..
	0x00, 0x00, 0x01, 0x00, 0x00, 0x00, 0x00, 0x00, 0xdb, 0x02, 0x00, 0x00, 0x0a, 0x75, 0x6e, 0x69, // .............uni
	0x66, 0x6f, 0x72, 0x6d, 0x20, 0x76, 0x65, 0x63, 0x34, 0x20, 0x6c, 0x69, 0x67, 0x68, 0x74, 0x43, // form vec4 lightC
	0x65, 0x6e, 0x74, 0x65, 0x72, 0x5f, 0x6d, 0x61, 0x78, 0x52, 0x61, 0x6e, 0x67, 0x65, 0x3b, 0x0a, // enter_maxRange;.
	0x75, 0x6e, 0x69, 0x66, 0x6f, 0x72, 0x6d, 0x20, 0x76, 0x65, 0x63, 0x34, 0x20, 0x6c, 0x69, 0x67, // uniform vec4 lig
	0x68, 0x74, 0x43, 0x6f, 0x6c, 0x6f, 0x72, 0x32, 0x5f, 0x66, 0x61, 0x6c, 0x6c, 0x6f, 0x66, 0x66, // htColor2_falloff
	0x5f, 0x70, 0x6f, 0x77, 0x65, 0x72, 0x3b, 0x0a, 0x75, 0x6e, 0x69, 0x66, 0x6f, 0x72, 0x6d, 0x20, // _power;.uniform 
	0x76, 0x65, 0x63, 0x34, 0x20, 0x6c, 0x69, 0x67, 0x68, 0x74, 0x43, 0x6f, 0x6c, 0x6f, 0x72, 0x5f, // vec4 lightColor_
	0x69, 0x6e, 0x74, 0x65, 0x6e, 0x73, 0x69, 0x74, 0x79, 0x3b, 0x0a, 0x75, 0x6e, 0x69, 0x66, 0x6f, // intensity;.unifo
	0x72, 0x6d, 0x20, 0x76, 0x65, 0x63, 0x34, 0x20, 0x62, 0x6c, 0x65, 0x6e, 0x64, 0x5f, 0x6d, 0x6f, // rm vec4 blend_mo
	0x64, 0x75, 0x6c, 0x61, 0x74, 0x65, 0x5f, 0x76, 0x73, 0x5f, 0x61, 0x64, 0x64, 0x3b, 0x0a, 0x0a, // dulate_vs_add;..
	0x69, 0x6e, 0x20, 0x76, 0x65, 0x63, 0x33, 0x20, 0x76, 0x5f, 0x74, 0x61, 0x62, 0x6c, 0x65, 0x50, // in vec3 v_tableP
	0x6f, 0x73, 0x3b, 0x0a, 0x6c, 0x61, 0x79, 0x6f, 0x75, 0x74, 0x28, 0x6c, 0x6f, 0x63, 0x61, 0x74, // os;.layout(locat
	0x69, 0x6f, 0x6e, 0x20, 0x3d, 0x20, 0x30, 0x29, 0x20, 0x6f, 0x75, 0x74, 0x20, 0x76, 0x65, 0x63, // ion = 0) out vec
	0x34, 0x20, 0x62, 0x67, 0x66, 0x78, 0x5f, 0x46, 0x72, 0x61, 0x67, 0x43, 0x6f, 0x6c, 0x6f, 0x72, // 4 bgfx_FragColor
	0x3b, 0x0a, 0x0a, 0x76, 0x6f, 0x69, 0x64, 0x20, 0x6d, 0x61, 0x69, 0x6e, 0x28, 0x29, 0x0a, 0x7b, // ;..void main().{
	0x0a, 0x20, 0x20, 0x20, 0x20, 0x66, 0x6c, 0x6f, 0x61, 0x74, 0x20, 0x5f, 0x33, 0x30, 0x20, 0x3d, // .    float _30 =
	0x20, 0x6c, 0x65, 0x6e, 0x67, 0x74, 0x68, 0x28, 0x76, 0x5f, 0x74, 0x61, 0x62, 0x6c, 0x65, 0x50, //  length(v_tableP
	0x6f, 0x73, 0x20, 0x2d, 0x20, 0x6c, 0x69, 0x67, 0x68, 0x74, 0x43, 0x65, 0x6e, 0x74, 0x65, 0x72, // os - lightCenter
	0x5f, 0x6d, 0x61, 0x78, 0x52, 0x61, 0x6e, 0x67, 0x65, 0x2e, 0x78, 0x79, 0x7a, 0x29, 0x20, 0x2a, // _maxRange.xyz) *
	0x20, 0x6c, 0x69, 0x67, 0x68, 0x74, 0x43, 0x65, 0x6e, 0x74, 0x65, 0x72, 0x5f, 0x6d, 0x61, 0x78, //  lightCenter_max
	0x52, 0x61, 0x6e, 0x67, 0x65, 0x2e, 0x77, 0x3b, 0x0a, 0x20, 0x20, 0x20, 0x20, 0x76, 0x65, 0x63, // Range.w;.    vec
	0x33, 0x20, 0x5f, 0x36, 0x36, 0x20, 0x3d, 0x20, 0x6d, 0x69, 0x78, 0x28, 0x6c, 0x69, 0x67, 0x68, // 3 _66 = mix(ligh
	0x74, 0x43, 0x6f, 0x6c, 0x6f, 0x72, 0x32, 0x5f, 0x66, 0x61, 0x6c, 0x6c, 0x6f, 0x66, 0x66, 0x5f, // tColor2_falloff_
	0x70, 0x6f, 0x77, 0x65, 0x72, 0x2e, 0x78, 0x79, 0x7a, 0x2c, 0x20, 0x6c, 0x69, 0x67, 0x68, 0x74, // power.xyz, light
	0x43, 0x6f, 0x6c, 0x6f, 0x72, 0x5f, 0x69, 0x6e, 0x74, 0x65, 0x6e, 0x73, 0x69, 0x74, 0x79, 0x2e, // Color_intensity.
	0x78, 0x79, 0x7a, 0x2c, 0x20, 0x76, 0x65, 0x63, 0x33, 0x28, 0x73, 0x71, 0x72, 0x74, 0x28, 0x5f, // xyz, vec3(sqrt(_
	0x33, 0x30, 0x29, 0x29, 0x29, 0x20, 0x2a, 0x20, 0x28, 0x28, 0x28, 0x2d, 0x62, 0x6c, 0x65, 0x6e, // 30))) * (((-blen
	0x64, 0x5f, 0x6d, 0x6f, 0x64, 0x75, 0x6c, 0x61, 0x74, 0x65, 0x5f, 0x76, 0x73, 0x5f, 0x61, 0x64, // d_modulate_vs_ad
	0x64, 0x2e, 0x78, 0x29, 0x20, 0x2a, 0x20, 0x70, 0x6f, 0x77, 0x28, 0x6d, 0x61, 0x78, 0x28, 0x31, // d.x) * pow(max(1
	0x2e, 0x30, 0x20, 0x2d, 0x20, 0x63, 0x6c, 0x61, 0x6d, 0x70, 0x28, 0x5f, 0x33, 0x30, 0x2c, 0x20, // .0 - clamp(_30, 
	0x30, 0x2e, 0x30, 0x2c, 0x20, 0x31, 0x2e, 0x30, 0x29, 0x2c, 0x20, 0x39, 0x2e, 0x39, 0x39, 0x39, // 0.0, 1.0), 9.999
	0x39, 0x39, 0x39, 0x37, 0x34, 0x37, 0x33, 0x37, 0x38, 0x37, 0x35, 0x31, 0x36, 0x33, 0x35, 0x35, // 9997473787516355
	0x35, 0x31, 0x34, 0x35, 0x32, 0x36, 0x33, 0x36, 0x37, 0x31, 0x38, 0x38, 0x65, 0x2d, 0x30, 0x35, // 514526367188e-05
	0x29, 0x2c, 0x20, 0x6c, 0x69, 0x67, 0x68, 0x74, 0x43, 0x6f, 0x6c, 0x6f, 0x72, 0x32, 0x5f, 0x66, // ), lightColor2_f
	0x61, 0x6c, 0x6c, 0x6f, 0x66, 0x66, 0x5f, 0x70, 0x6f, 0x77, 0x65, 0x72, 0x2e, 0x77, 0x29, 0x29, // alloff_power.w))
	0x20, 0x2a, 0x20, 0x6c, 0x69, 0x67, 0x68, 0x74, 0x43, 0x6f, 0x6c, 0x6f, 0x72, 0x5f, 0x69, 0x6e, //  * lightColor_in
	0x74, 0x65, 0x6e, 0x73, 0x69, 0x74, 0x79, 0x2e, 0x77, 0x29, 0x3b, 0x0a, 0x20, 0x20, 0x20, 0x20, // tensity.w);.    
	0x62, 0x67, 0x66, 0x78, 0x5f, 0x46, 0x72, 0x61, 0x67, 0x43, 0x6f, 0x6c, 0x6f, 0x72, 0x2e, 0x78, // bgfx_FragColor.x
	0x20, 0x3d, 0x20, 0x5f, 0x36, 0x36, 0x2e, 0x78, 0x3b, 0x0a, 0x20, 0x20, 0x20, 0x20, 0x62, 0x67, //  = _66.x;.    bg
	0x66, 0x78, 0x5f, 0x46, 0x72, 0x61, 0x67, 0x43, 0x6f, 0x6c, 0x6f, 0x72, 0x2e, 0x79, 0x20, 0x3d, // fx_FragColor.y =
	0x20, 0x5f, 0x36, 0x36, 0x2e, 0x79, 0x3b, 0x0a, 0x20, 0x20, 0x20, 0x20, 0x62, 0x67, 0x66, 0x78, //  _66.y;.    bgfx
	0x5f, 0x46, 0x72, 0x61, 0x67, 0x43, 0x6f, 0x6c, 0x6f, 0x72, 0x2e, 0x7a, 0x20, 0x3d, 0x20, 0x5f, // _FragColor.z = _
	0x36, 0x36, 0x2e, 0x7a, 0x3b, 0x0a, 0x20, 0x20, 0x20, 0x20, 0x62, 0x67, 0x66, 0x78, 0x5f, 0x46, // 66.z;.    bgfx_F
	0x72, 0x61, 0x67, 0x43, 0x6f, 0x6c, 0x6f, 0x72, 0x2e, 0x77, 0x20, 0x3d, 0x20, 0x28, 0x31, 0x2e, // ragColor.w = (1.
	0x30, 0x20, 0x2f, 0x20, 0x62, 0x6c, 0x65, 0x6e, 0x64, 0x5f, 0x6d, 0x6f, 0x64, 0x75, 0x6c, 0x61, // 0 / blend_modula
	0x74, 0x65, 0x5f, 0x76, 0x73, 0x5f, 0x61, 0x64, 0x64, 0x2e, 0x78, 0x29, 0x20, 0x2d, 0x20, 0x31, // te_vs_add.x) - 1
	0x2e, 0x30, 0x3b, 0x0a, 0x7d, 0x0a, 0x0a, 0x00,                                                 // .0;.}...
};
static const uint8_t fs_light_noshadow_noclip_dxbc[924] =
{
	0x46, 0x53, 0x48, 0x0c, 0x5e, 0xda, 0xa3, 0x5f, 0x00, 0x00, 0x00, 0x00, 0x00, 0x00, 0x00, 0x00, // FSH.^.._........
	0x00, 0x00, 0x00, 0x00, 0x04, 0x00, 0x14, 0x6c, 0x69, 0x67, 0x68, 0x74, 0x43, 0x6f, 0x6c, 0x6f, // .......lightColo
	0x72, 0x5f, 0x69, 0x6e, 0x74, 0x65, 0x6e, 0x73, 0x69, 0x74, 0x79, 0x12, 0x00, 0x00, 0x00, 0x01, // r_intensity.....
	0x00, 0x00, 0x00, 0x00, 0x00, 0x19, 0x6c, 0x69, 0x67, 0x68, 0x74, 0x43, 0x6f, 0x6c, 0x6f, 0x72, // ......lightColor
	0x32, 0x5f, 0x66, 0x61, 0x6c, 0x6c, 0x6f, 0x66, 0x66, 0x5f, 0x70, 0x6f, 0x77, 0x65, 0x72, 0x12, // 2_falloff_power.
	0x00, 0x10, 0x00, 0x01, 0x00, 0x00, 0x00, 0x00, 0x00, 0x14, 0x6c, 0x69, 0x67, 0x68, 0x74, 0x43, // ..........lightC
	0x65, 0x6e, 0x74, 0x65, 0x72, 0x5f, 0x6d, 0x61, 0x78, 0x52, 0x61, 0x6e, 0x67, 0x65, 0x12, 0x00, // enter_maxRange..
	0x20, 0x00, 0x01, 0x00, 0x00, 0x00, 0x00, 0x00, 0x15, 0x62, 0x6c, 0x65, 0x6e, 0x64, 0x5f, 0x6d, //  ........blend_m
	0x6f, 0x64, 0x75, 0x6c, 0x61, 0x74, 0x65, 0x5f, 0x76, 0x73, 0x5f, 0x61, 0x64, 0x64, 0x12, 0x00, // odulate_vs_add..
	0x30, 0x00, 0x01, 0x00, 0x00, 0x00, 0x00, 0x00, 0xfc, 0x02, 0x00, 0x00, 0x44, 0x58, 0x42, 0x43, // 0...........DXBC
	0x9e, 0x9a, 0x84, 0xae, 0x5e, 0xc0, 0x41, 0x33, 0x3e, 0xfd, 0x7d, 0x9d, 0x74, 0x33, 0x84, 0x64, // ....^.A3>.}.t3.d
	0x01, 0x00, 0x00, 0x00, 0xfc, 0x02, 0x00, 0x00, 0x03, 0x00, 0x00, 0x00, 0x2c, 0x00, 0x00, 0x00, // ............,...
	0x84, 0x00, 0x00, 0x00, 0xb8, 0x00, 0x00, 0x00, 0x49, 0x53, 0x47, 0x4e, 0x50, 0x00, 0x00, 0x00, // ........ISGNP...
	0x02, 0x00, 0x00, 0x00, 0x08, 0x00, 0x00, 0x00, 0x38, 0x00, 0x00, 0x00, 0x00, 0x00, 0x00, 0x00, // ........8.......
	0x01, 0x00, 0x00, 0x00, 0x03, 0x00, 0x00, 0x00, 0x00, 0x00, 0x00, 0x00, 0x0f, 0x00, 0x00, 0x00, // ................
	0x44, 0x00, 0x00, 0x00, 0x01, 0x00, 0x00, 0x00, 0x00, 0x00, 0x00, 0x00, 0x03, 0x00, 0x00, 0x00, // D...............
	0x01, 0x00, 0x00, 0x00, 0x07, 0x07, 0x00, 0x00, 0x53, 0x56, 0x5f, 0x50, 0x4f, 0x53, 0x49, 0x54, // ........SV_POSIT
	0x49, 0x4f, 0x4e, 0x00, 0x54, 0x45, 0x58, 0x43, 0x4f, 0x4f, 0x52, 0x44, 0x00, 0xab, 0xab, 0xab, // ION.TEXCOORD....
	0x4f, 0x53, 0x47, 0x4e, 0x2c, 0x00, 0x00, 0x00, 0x01, 0x00, 0x00, 0x00, 0x08, 0x00, 0x00, 0x00, // OSGN,...........
	0x20, 0x00, 0x00, 0x00, 0x00, 0x00, 0x00, 0x00, 0x00, 0x00, 0x00, 0x00, 0x03, 0x00, 0x00, 0x00, //  ...............
	0x00, 0x00, 0x00, 0x00, 0x0f, 0x00, 0x00, 0x00, 0x53, 0x56, 0x5f, 0x54, 0x41, 0x52, 0x47, 0x45, // ........SV_TARGE
	0x54, 0x00, 0xab, 0xab, 0x53, 0x48, 0x45, 0x58, 0x3c, 0x02, 0x00, 0x00, 0x50, 0x00, 0x00, 0x00, // T...SHEX<...P...
	0x8f, 0x00, 0x00, 0x00, 0x6a, 0x28, 0x00, 0x01, 0x59, 0x00, 0x00, 0x04, 0x46, 0x8e, 0x20, 0x00, // ....j(..Y...F. .
	0x00, 0x00, 0x00, 0x00, 0x04, 0x00, 0x00, 0x00, 0x62, 0x10, 0x00, 0x03, 0x72, 0x10, 0x10, 0x00, // ........b...r...
	0x01, 0x00, 0x00, 0x00, 0x65, 0x00, 0x00, 0x03, 0xf2, 0x20, 0x10, 0x00, 0x00, 0x00, 0x00, 0x00, // ....e.... ......
	0x68, 0x00, 0x00, 0x02, 0x02, 0x00, 0x00, 0x00, 0x00, 0x00, 0x00, 0x09, 0x72, 0x00, 0x10, 0x00, // h...........r...
	0x00, 0x00, 0x00, 0x00, 0x46, 0x12, 0x10, 0x00, 0x01, 0x00, 0x00, 0x00, 0x46, 0x82, 0x20, 0x80, // ....F.......F. .
	0x41, 0x00, 0x00, 0x00, 0x00, 0x00, 0x00, 0x00, 0x02, 0x00, 0x00, 0x00, 0x10, 0x00, 0x00, 0x07, // A...............
	0x12, 0x00, 0x10, 0x00, 0x00, 0x00, 0x00, 0x00, 0x46, 0x02, 0x10, 0x00, 0x00, 0x00, 0x00, 0x00, // ........F.......
	0x46, 0x02, 0x10, 0x00, 0x00, 0x00, 0x00, 0x00, 0x4b, 0x00, 0x00, 0x05, 0x12, 0x00, 0x10, 0x00, // F.......K.......
	0x00, 0x00, 0x00, 0x00, 0x0a, 0x00, 0x10, 0x00, 0x00, 0x00, 0x00, 0x00, 0x38, 0x00, 0x00, 0x08, // ............8...
	0x12, 0x00, 0x10, 0x00, 0x00, 0x00, 0x00, 0x00, 0x0a, 0x00, 0x10, 0x00, 0x00, 0x00, 0x00, 0x00, // ................
	0x3a, 0x80, 0x20, 0x00, 0x00, 0x00, 0x00, 0x00, 0x02, 0x00, 0x00, 0x00, 0x36, 0x20, 0x00, 0x05, // :. .........6 ..
	0x22, 0x00, 0x10, 0x00, 0x00, 0x00, 0x00, 0x00, 0x0a, 0x00, 0x10, 0x00, 0x00, 0x00, 0x00, 0x00, // "...............
	0x4b, 0x00, 0x00, 0x05, 0x12, 0x00, 0x10, 0x00, 0x00, 0x00, 0x00, 0x00, 0x0a, 0x00, 0x10, 0x00, // K...............
	0x00, 0x00, 0x00, 0x00, 0x00, 0x00, 0x00, 0x08, 0x22, 0x00, 0x10, 0x00, 0x00, 0x00, 0x00, 0x00, // ........".......
	0x1a, 0x00, 0x10, 0x80, 0x41, 0x00, 0x00, 0x00, 0x00, 0x00, 0x00, 0x00, 0x01, 0x40, 0x00, 0x00, // ....A........@..
	0x00, 0x00, 0x80, 0x3f, 0x2f, 0x00, 0x00, 0x05, 0x22, 0x00, 0x10, 0x00, 0x00, 0x00, 0x00, 0x00, // ...?/...".......
	0x1a, 0x00, 0x10, 0x00, 0x00, 0x00, 0x00, 0x00, 0x38, 0x00, 0x00, 0x08, 0x22, 0x00, 0x10, 0x00, // ........8..."...
	0x00, 0x00, 0x00, 0x00, 0x1a, 0x00, 0x10, 0x00, 0x00, 0x00, 0x00, 0x00, 0x3a, 0x80, 0x20, 0x00, // ............:. .
	0x00, 0x00, 0x00, 0x00, 0x01, 0x00, 0x00, 0x00, 0x19, 0x00, 0x00, 0x05, 0x22, 0x00, 0x10, 0x00, // ............"...
	0x00, 0x00, 0x00, 0x00, 0x1a, 0x00, 0x10, 0x00, 0x00, 0x00, 0x00, 0x00, 0x38, 0x00, 0x00, 0x09, // ............8...
	0x22, 0x00, 0x10, 0x00, 0x00, 0x00, 0x00, 0x00, 0x1a, 0x00, 0x10, 0x00, 0x00, 0x00, 0x00, 0x00, // "...............
	0x0a, 0x80, 0x20, 0x80, 0x41, 0x00, 0x00, 0x00, 0x00, 0x00, 0x00, 0x00, 0x03, 0x00, 0x00, 0x00, // .. .A...........
	0x38, 0x00, 0x00, 0x08, 0x22, 0x00, 0x10, 0x00, 0x00, 0x00, 0x00, 0x00, 0x1a, 0x00, 0x10, 0x00, // 8..."...........
	0x00, 0x00, 0x00, 0x00, 0x3a, 0x80, 0x20, 0x00, 0x00, 0x00, 0x00, 0x00, 0x00, 0x00, 0x00, 0x00, // ....:. .........
	0x00, 0x00, 0x00, 0x0a, 0x72, 0x00, 0x10, 0x00, 0x01, 0x00, 0x00, 0x00, 0x46, 0x82, 0x20, 0x00, // ....r.......F. .
	0x00, 0x00, 0x00, 0x00, 0x00, 0x00, 0x00, 0x00, 0x46, 0x82, 0x20, 0x80, 0x41, 0x00, 0x00, 0x00, // ........F. .A...
	0x00, 0x00, 0x00, 0x00, 0x01, 0x00, 0x00, 0x00, 0x32, 0x00, 0x00, 0x0a, 0xd2, 0x00, 0x10, 0x00, // ........2.......
	0x00, 0x00, 0x00, 0x00, 0x06, 0x00, 0x10, 0x00, 0x00, 0x00, 0x00, 0x00, 0x06, 0x09, 0x10, 0x00, // ................
	0x01, 0x00, 0x00, 0x00, 0x06, 0x89, 0x20, 0x00, 0x00, 0x00, 0x00, 0x00, 0x01, 0x00, 0x00, 0x00, // ...... .........
	0x38, 0x00, 0x00, 0x07, 0x72, 0x20, 0x10, 0x00, 0x00, 0x00, 0x00, 0x00, 0x56, 0x05, 0x10, 0x00, // 8...r ......V...
	0x00, 0x00, 0x00, 0x00, 0x86, 0x03, 0x10, 0x00, 0x00, 0x00, 0x00, 0x00, 0x0e, 0x00, 0x00, 0x0b, // ................
	0x12, 0x00, 0x10, 0x00, 0x00, 0x00, 0x00, 0x00, 0x02, 0x40, 0x00, 0x00, 0x00, 0x00, 0x80, 0x3f, // .........@.....?
	0x00, 0x00, 0x80, 0x3f, 0x00, 0x00, 0x80, 0x3f, 0x00, 0x00, 0x80, 0x3f, 0x0a, 0x80, 0x20, 0x00, // ...?...?...?.. .
	0x00, 0x00, 0x00, 0x00, 0x03, 0x00, 0x00, 0x00, 0x00, 0x00, 0x00, 0x07, 0x82, 0x20, 0x10, 0x00, // ............. ..
	0x00, 0x00, 0x00, 0x00, 0x0a, 0x00, 0x10, 0x00, 0x00, 0x00, 0x00, 0x00, 0x01, 0x40, 0x00, 0x00, // .............@..
	0x00, 0x00, 0x80, 0xbf, 0x3e, 0x00, 0x00, 0x01, 0x00, 0x00, 0x40, 0x00,                         // ....>.....@.
};
static const uint8_t fs_light_noshadow_noclip_dxil[2540] =
{
	0x46, 0x53, 0x48, 0x0c, 0x5e, 0xda, 0xa3, 0x5f, 0x00, 0x00, 0x00, 0x00, 0x00, 0x00, 0x00, 0x00, // FSH.^.._........
	0x00, 0x00, 0x00, 0x00, 0x04, 0x00, 0x14, 0x6c, 0x69, 0x67, 0x68, 0x74, 0x43, 0x6f, 0x6c, 0x6f, // .......lightColo
	0x72, 0x5f, 0x69, 0x6e, 0x74, 0x65, 0x6e, 0x73, 0x69, 0x74, 0x79, 0x12, 0x00, 0x00, 0x00, 0x01, // r_intensity.....
	0x00, 0x00, 0x00, 0x00, 0x00, 0x19, 0x6c, 0x69, 0x67, 0x68, 0x74, 0x43, 0x6f, 0x6c, 0x6f, 0x72, // ......lightColor
	0x32, 0x5f, 0x66, 0x61, 0x6c, 0x6c, 0x6f, 0x66, 0x66, 0x5f, 0x70, 0x6f, 0x77, 0x65, 0x72, 0x12, // 2_falloff_power.
	0x00, 0x10, 0x00, 0x01, 0x00, 0x00, 0x00, 0x00, 0x00, 0x14, 0x6c, 0x69, 0x67, 0x68, 0x74, 0x43, // ..........lightC
	0x65, 0x6e, 0x74, 0x65, 0x72, 0x5f, 0x6d, 0x61, 0x78, 0x52, 0x61, 0x6e, 0x67, 0x65, 0x12, 0x00, // enter_maxRange..
	0x20, 0x00, 0x01, 0x00, 0x00, 0x00, 0x00, 0x00, 0x15, 0x62, 0x6c, 0x65, 0x6e, 0x64, 0x5f, 0x6d, //  ........blend_m
	0x6f, 0x64, 0x75, 0x6c, 0x61, 0x74, 0x65, 0x5f, 0x76, 0x73, 0x5f, 0x61, 0x64, 0x64, 0x12, 0x00, // odulate_vs_add..
	0x30, 0x00, 0x01, 0x00, 0x00, 0x00, 0x00, 0x00, 0x4c, 0x09, 0x00, 0x00, 0x44, 0x58, 0x42, 0x43, // 0.......L...DXBC
	0x8f, 0x97, 0x37, 0xcf, 0x34, 0x47, 0x4a, 0x67, 0x99, 0xba, 0x14, 0x29, 0x82, 0x0e, 0x01, 0x73, // ..7.4GJg...)...s
	0x01, 0x00, 0x00, 0x00, 0x4c, 0x09, 0x00, 0x00, 0x07, 0x00, 0x00, 0x00, 0x3c, 0x00, 0x00, 0x00, // ....L.......<...
	0x4c, 0x00, 0x00, 0x00, 0xb4, 0x00, 0x00, 0x00, 0xf0, 0x00, 0x00, 0x00, 0xc4, 0x01, 0x00, 0x00, // L...............
	0xf8, 0x01, 0x00, 0x00, 0x14, 0x02, 0x00, 0x00, 0x53, 0x46, 0x49, 0x30, 0x08, 0x00, 0x00, 0x00, // ........SFI0....
	0x00, 0x00, 0x00, 0x00, 0x00, 0x00, 0x00, 0x00, 0x49, 0x53, 0x47, 0x31, 0x60, 0x00, 0x00, 0x00, // ........ISG1`...
	0x02, 0x00, 0x00, 0x00, 0x08, 0x00, 0x00, 0x00, 0x00, 0x00, 0x00, 0x00, 0x48, 0x00, 0x00, 0x00, // ............H...
	0x00, 0x00, 0x00, 0x00, 0x01, 0x00, 0x00, 0x00, 0x03, 0x00, 0x00, 0x00, 0x00, 0x00, 0x00, 0x00, // ................
	0x0f, 0x00, 0x00, 0x00, 0x00, 0x00, 0x00, 0x00, 0x00, 0x00, 0x00, 0x00, 0x54, 0x00, 0x00, 0x00, // ............T...
	0x01, 0x00, 0x00, 0x00, 0x00, 0x00, 0x00, 0x00, 0x03, 0x00, 0x00, 0x00, 0x01, 0x00, 0x00, 0x00, // ................
	0x07, 0x07, 0x00, 0x00, 0x00, 0x00, 0x00, 0x00, 0x53, 0x56, 0x5f, 0x50, 0x6f, 0x73, 0x69, 0x74, // ........SV_Posit
	0x69, 0x6f, 0x6e, 0x00, 0x54, 0x45, 0x58, 0x43, 0x4f, 0x4f, 0x52, 0x44, 0x00, 0x00, 0x00, 0x00, // ion.TEXCOORD....
	0x4f, 0x53, 0x47, 0x31, 0x34, 0x00, 0x00, 0x00, 0x01, 0x00, 0x00, 0x00, 0x08, 0x00, 0x00, 0x00, // OSG14...........
	0x00, 0x00, 0x00, 0x00, 0x28, 0x00, 0x00, 0x00, 0x00, 0x00, 0x00, 0x00, 0x40, 0x00, 0x00, 0x00, // ....(.......@...
	0x03, 0x00, 0x00, 0x00, 0x00, 0x00, 0x00, 0x00, 0x0f, 0x00, 0x00, 0x00, 0x00, 0x00, 0x00, 0x00, // ................
	0x53, 0x56, 0x5f, 0x54, 0x61, 0x72, 0x67, 0x65, 0x74, 0x00, 0x00, 0x00, 0x50, 0x53, 0x56, 0x30, // SV_Target...PSV0
	0xcc, 0x00, 0x00, 0x00, 0x34, 0x00, 0x00, 0x00, 0x00, 0x00, 0x00, 0x00, 0x00, 0x00, 0x00, 0x00, // ....4...........
	0x00, 0x00, 0x00, 0x00, 0x00, 0x00, 0x00, 0x00, 0x00, 0x00, 0x00, 0x00, 0xff, 0xff, 0xff, 0xff, // ................
	0x00, 0x00, 0x00, 0x00, 0x02, 0x01, 0x00, 0x02, 0x01, 0x00, 0x00, 0x00, 0x00, 0x00, 0x00, 0x00, // ................
	0x00, 0x00, 0x00, 0x00, 0x00, 0x00, 0x00, 0x00, 0x0a, 0x00, 0x00, 0x00, 0x01, 0x00, 0x00, 0x00, // ................
	0x18, 0x00, 0x00, 0x00, 0x02, 0x00, 0x00, 0x00, 0x00, 0x00, 0x00, 0x00, 0x00, 0x00, 0x00, 0x00, // ................
	0x00, 0x00, 0x00, 0x00, 0x0d, 0x00, 0x00, 0x00, 0x00, 0x00, 0x00, 0x00, 0x10, 0x00, 0x00, 0x00, // ................
	0x00, 0x54, 0x45, 0x58, 0x43, 0x4f, 0x4f, 0x52, 0x44, 0x00, 0x6d, 0x61, 0x69, 0x6e, 0x00, 0x00, // .TEXCOORD.main..
	0x02, 0x00, 0x00, 0x00, 0x00, 0x00, 0x00, 0x00, 0x01, 0x00, 0x00, 0x00, 0x10, 0x00, 0x00, 0x00, // ................
	0x00, 0x00, 0x00, 0x00, 0x00, 0x00, 0x00, 0x00, 0x01, 0x00, 0x44, 0x03, 0x03, 0x04, 0x00, 0x00, // ..........D.....
	0x01, 0x00, 0x00, 0x00, 0x01, 0x00, 0x00, 0x00, 0x01, 0x01, 0x43, 0x00, 0x03, 0x02, 0x00, 0x00, // ..........C.....
	0x00, 0x00, 0x00, 0x00, 0x00, 0x00, 0x00, 0x00, 0x01, 0x00, 0x44, 0x10, 0x03, 0x00, 0x00, 0x00, // ..........D.....
	0x00, 0x00, 0x00, 0x00, 0x00, 0x00, 0x00, 0x00, 0x00, 0x00, 0x00, 0x00, 0x00, 0x00, 0x00, 0x00, // ................
	0x07, 0x00, 0x00, 0x00, 0x07, 0x00, 0x00, 0x00, 0x07, 0x00, 0x00, 0x00, 0x00, 0x00, 0x00, 0x00, // ................
	0x49, 0x4c, 0x44, 0x4e, 0x2c, 0x00, 0x00, 0x00, 0x00, 0x00, 0x24, 0x00, 0x30, 0x36, 0x61, 0x63, // ILDN,.....$.06ac
	0x39, 0x61, 0x38, 0x63, 0x66, 0x33, 0x63, 0x31, 0x36, 0x36, 0x38, 0x66, 0x66, 0x62, 0x33, 0x31, // 9a8cf3c1668ffb31
	0x62, 0x33, 0x35, 0x36, 0x61, 0x62, 0x37, 0x62, 0x37, 0x62, 0x31, 0x66, 0x2e, 0x70, 0x64, 0x62, // b356ab7b7b1f.pdb
	0x00, 0x00, 0x00, 0x00, 0x48, 0x41, 0x53, 0x48, 0x14, 0x00, 0x00, 0x00, 0x00, 0x00, 0x00, 0x00, // ....HASH........
	0x06, 0xac, 0x9a, 0x8c, 0xf3, 0xc1, 0x66, 0x8f, 0xfb, 0x31, 0xb3, 0x56, 0xab, 0x7b, 0x7b, 0x1f, // ......f..1.V.{{.
	0x44, 0x58, 0x49, 0x4c, 0x30, 0x07, 0x00, 0x00, 0x60, 0x00, 0x00, 0x00, 0xcc, 0x01, 0x00, 0x00, // DXIL0...`.......
	0x44, 0x58, 0x49, 0x4c, 0x00, 0x01, 0x00, 0x00, 0x10, 0x00, 0x00, 0x00, 0x18, 0x07, 0x00, 0x00, // DXIL............
	0x42, 0x43, 0xc0, 0xde, 0x21, 0x0c, 0x00, 0x00, 0xc3, 0x01, 0x00, 0x00, 0x0b, 0x82, 0x20, 0x00, // BC..!......... .
	0x02, 0x00, 0x00, 0x00, 0x13, 0x00, 0x00, 0x00, 0x07, 0x81, 0x23, 0x91, 0x41, 0xc8, 0x04, 0x49, // ..........#.A..I
	0x06, 0x10, 0x32, 0x39, 0x92, 0x01, 0x84, 0x0c, 0x25, 0x05, 0x08, 0x19, 0x1e, 0x04, 0x8b, 0x62, // ..29....%......b
	0x80, 0x14, 0x45, 0x02, 0x42, 0x92, 0x0b, 0x42, 0xa4, 0x10, 0x32, 0x14, 0x38, 0x08, 0x18, 0x4b, // ..E.B..B..2.8..K
	0x0a, 0x32, 0x52, 0x88, 0x48, 0x90, 0x14, 0x20, 0x43, 0x46, 0x88, 0xa5, 0x00, 0x19, 0x32, 0x42, // .2R.H.. CF....2B
	0xe4, 0x48, 0x0e, 0x90, 0x91, 0x22, 0xc4, 0x50, 0x41, 0x51, 0x81, 0x8c, 0xe1, 0x83, 0xe5, 0x8a, // .H...".PAQ......
	0x04, 0x29, 0x46, 0x06, 0x51, 0x18, 0x00, 0x00, 0x08, 0x00, 0x00, 0x00, 0x1b, 0x8c, 0xe0, 0xff, // .)F.Q...........
	0xff, 0xff, 0xff, 0x07, 0x40, 0x02, 0xa8, 0x0d, 0x84, 0xf0, 0xff, 0xff, 0xff, 0xff, 0x03, 0x20, // ....@.......... 
	0x6d, 0x30, 0x86, 0xff, 0xff, 0xff, 0xff, 0x1f, 0x00, 0x09, 0xa8, 0x00, 0x49, 0x18, 0x00, 0x00, // m0..........I...
	0x03, 0x00, 0x00, 0x00, 0x13, 0x82, 0x60, 0x42, 0x20, 0x4c, 0x08, 0x06, 0x00, 0x00, 0x00, 0x00, // ......`B L......
	0x89, 0x20, 0x00, 0x00, 0x24, 0x00, 0x00, 0x00, 0x32, 0x22, 0x48, 0x09, 0x20, 0x64, 0x85, 0x04, // . ..$...2"H. d..
	0x93, 0x22, 0xa4, 0x84, 0x04, 0x93, 0x22, 0xe3, 0x84, 0xa1, 0x90, 0x14, 0x12, 0x4c, 0x8a, 0x8c, // ."...."......L..
	0x0b, 0x84, 0xa4, 0x4c, 0x10, 0x68, 0x23, 0x00, 0x25, 0x00, 0x14, 0x66, 0x00, 0xe6, 0x08, 0xc0, // ...L.h#.%..f....
	0x60, 0x8e, 0x00, 0x29, 0xc6, 0x20, 0x84, 0x14, 0x42, 0xa6, 0x18, 0x80, 0x10, 0x52, 0x06, 0xa1, // `..). ..B....R..
	0x32, 0x0c, 0x32, 0x48, 0x1d, 0x35, 0x5c, 0xfe, 0x84, 0x3d, 0x84, 0xe4, 0x73, 0x1b, 0x55, 0xac, // 2.2H.5...=..s.U.
	0xc4, 0xe4, 0x17, 0xb7, 0x8d, 0x88, 0x31, 0xc6, 0xa0, 0x72, 0xcf, 0x70, 0xf9, 0x13, 0xf6, 0x10, // ......1..r.p....
	0x92, 0x1f, 0x02, 0xcd, 0xb0, 0x10, 0x28, 0x68, 0x85, 0x60, 0xc4, 0x11, 0x7a, 0x73, 0x04, 0x41, // ......(h.`..zs.A
	0x31, 0x1c, 0x29, 0x84, 0x44, 0x92, 0x03, 0x01, 0xc3, 0x08, 0xc4, 0x30, 0x13, 0x42, 0x06, 0xa7, // 1.).D......0.B..
	0xc0, 0x0e, 0xef, 0x20, 0x0e, 0xe1, 0xc0, 0x0e, 0xf3, 0x80, 0x88, 0x5a, 0x6b, 0x25, 0x9b, 0x09, // ... .......Zk%..
	0x64, 0x8e, 0x00, 0x14, 0x00, 0x00, 0x00, 0x00, 0x13, 0x14, 0x72, 0xc0, 0x87, 0x74, 0x60, 0x87, // d.........r..t`.
	0x36, 0x68, 0x87, 0x79, 0x68, 0x03, 0x72, 0xc0, 0x87, 0x0d, 0xaf, 0x50, 0x0e, 0x6d, 0xd0, 0x0e, // 6h.yh.r....P.m..
	0x7a, 0x50, 0x0e, 0x6d, 0x00, 0x0f, 0x7a, 0x30, 0x07, 0x72, 0xa0, 0x07, 0x73, 0x20, 0x07, 0x6d, // zP.m..z0.r..s .m
	0x90, 0x0e, 0x71, 0xa0, 0x07, 0x73, 0x20, 0x07, 0x6d, 0x90, 0x0e, 0x78, 0xa0, 0x07, 0x73, 0x20, // ..q..s .m..x..s 
	0x07, 0x6d, 0x90, 0x0e, 0x71, 0x60, 0x07, 0x7a, 0x30, 0x07, 0x72, 0xd0, 0x06, 0xe9, 0x30, 0x07, // .m..q`.z0.r...0.
	0x72, 0xa0, 0x07, 0x73, 0x20, 0x07, 0x6d, 0x90, 0x0e, 0x76, 0x40, 0x07, 0x7a, 0x60, 0x07, 0x74, // r..s .m..v@.z`.t
	0xd0, 0x06, 0xe6, 0x10, 0x07, 0x76, 0xa0, 0x07, 0x73, 0x20, 0x07, 0x6d, 0x60, 0x0e, 0x73, 0x20, // .....v..s .m`.s 
	0x07, 0x7a, 0x30, 0x07, 0x72, 0xd0, 0x06, 0xe6, 0x60, 0x07, 0x74, 0xa0, 0x07, 0x76, 0x40, 0x07, // .z0.r...`.t..v@.
	0x6d, 0xe0, 0x0e, 0x78, 0xa0, 0x07, 0x71, 0x60, 0x07, 0x7a, 0x30, 0x07, 0x72, 0xa0, 0x07, 0x76, // m..x..q`.z0.r..v
	0x40, 0x07, 0x43, 0x9e, 0x00, 0x00, 0x00, 0x00, 0x00, 0x00, 0x00, 0x00, 0x00, 0x00, 0x00, 0x86, // @.C.............
	0x3c, 0x06, 0x10, 0x00, 0x01, 0x00, 0x00, 0x00, 0x00, 0x00, 0x00, 0x00, 0x0c, 0x79, 0x10, 0x20, // <............y. 
	0x00, 0x04, 0x00, 0x00, 0x00, 0x00, 0x00, 0x00, 0x00, 0x18, 0xf2, 0x28, 0x40, 0x00, 0x04, 0x00, // ...........(@...
	0x00, 0x00, 0x00, 0x00, 0x00, 0x00, 0x30, 0xe4, 0x79, 0x80, 0x00, 0x18, 0x00, 0x00, 0x00, 0x00, // ......0.y.......
	0x00, 0x00, 0x00, 0x60, 0xc8, 0x23, 0x01, 0x01, 0x30, 0x00, 0x00, 0x00, 0x00, 0x00, 0x00, 0x00, // ...`.#..0.......
	0x40, 0x16, 0x08, 0x00, 0x0f, 0x00, 0x00, 0x00, 0x32, 0x1e, 0x98, 0x14, 0x19, 0x11, 0x4c, 0x90, // @.......2.....L.
	0x8c, 0x09, 0x26, 0x47, 0xc6, 0x04, 0x43, 0x22, 0x25, 0x30, 0x02, 0x50, 0x12, 0xc5, 0x50, 0x80, // ..&G..C"%0.P..P.
	0x01, 0x65, 0x50, 0x0e, 0xe5, 0x41, 0xa5, 0x24, 0xca, 0xa0, 0x10, 0x46, 0x00, 0x8a, 0xa0, 0x40, // .eP..A.$...F...@
	0x28, 0x17, 0x04, 0xe1, 0xb1, 0x92, 0x83, 0x00, 0x00, 0x00, 0x38, 0x8e, 0x83, 0xee, 0x0c, 0x00, // (.........8.....
	0x00, 0x00, 0x00, 0x00, 0x79, 0x18, 0x00, 0x00, 0x5c, 0x00, 0x00, 0x00, 0x1a, 0x03, 0x4c, 0x90, // ....y.........L.
	0x46, 0x02, 0x13, 0xc4, 0x34, 0x20, 0xc3, 0x1b, 0x43, 0x81, 0x93, 0x4b, 0xb3, 0x0b, 0xa3, 0x2b, // F...4 ..C..K...+
	0x4b, 0x01, 0x89, 0x71, 0xc9, 0x71, 0x81, 0x71, 0xa9, 0xa1, 0x81, 0x91, 0x01, 0x41, 0x81, 0x21, // K..q.q.q.....A.!
	0x9b, 0x29, 0x2b, 0xb3, 0x11, 0xab, 0xa9, 0x69, 0x21, 0x4b, 0x93, 0xa3, 0xcb, 0x4b, 0xd9, 0x10, // .)+....i!K...K..
	0x04, 0x13, 0x04, 0xc2, 0x98, 0x20, 0x10, 0xc7, 0x06, 0x61, 0x20, 0x26, 0x08, 0x04, 0xb2, 0x41, // ..... ...a &...A
	0x18, 0x0c, 0x0a, 0x70, 0x73, 0x13, 0x04, 0x22, 0xd9, 0x30, 0x20, 0x09, 0x31, 0x41, 0xb8, 0x2c, // ...ps..".0 .1A.,
	0x02, 0x13, 0x04, 0x42, 0xd9, 0x80, 0x10, 0x0b, 0x43, 0x10, 0x43, 0x03, 0x6c, 0x08, 0x9c, 0x0d, // ...B....C.C.l...
	0x04, 0x00, 0x3c, 0xc0, 0x04, 0x01, 0xab, 0x36, 0x04, 0xd1, 0x04, 0x41, 0x00, 0x48, 0xb4, 0x85, // ..<....6...A.H..
	0xa5, 0xb9, 0x71, 0x99, 0xb2, 0xfa, 0x82, 0x7a, 0x9b, 0x4b, 0xa3, 0x4b, 0x7b, 0x73, 0x9b, 0x20, // ..q....z.K.K{s. 
	0x14, 0xce, 0x04, 0xa1, 0x78, 0x36, 0x04, 0xc4, 0x04, 0xa1, 0x80, 0x26, 0x08, 0x45, 0xb4, 0x61, // ....x6.....&.E.a
	0x21, 0x2a, 0xeb, 0xc2, 0xb2, 0x21, 0x23, 0x34, 0x80, 0x08, 0x55, 0x11, 0xd6, 0xd0, 0xd3, 0x93, // !*...!#4..U.....
	0x14, 0xd1, 0x86, 0x60, 0x98, 0x20, 0x14, 0xd2, 0x04, 0x81, 0x58, 0x26, 0x08, 0x04, 0xb3, 0x41, // ...`. ....X&...A
	0xf8, 0xc0, 0x60, 0xc3, 0x32, 0x70, 0x96, 0xd6, 0x79, 0xc3, 0x35, 0x68, 0x61, 0xb0, 0x41, 0xd8, // ..`.2p..y.5ha.A.
	0xc4, 0x80, 0xc9, 0x94, 0xd5, 0x17, 0x55, 0x98, 0xdc, 0x59, 0x19, 0xdd, 0x04, 0xa1, 0x98, 0x26, // ......U..Y.....&
	0x08, 0x44, 0xb3, 0x41, 0xf8, 0xcc, 0x60, 0xc3, 0x42, 0x90, 0x81, 0x55, 0x06, 0x98, 0x36, 0x64, // .D.A..`.B..U..6d
	0x84, 0x76, 0x06, 0x1b, 0x02, 0x34, 0xd8, 0x30, 0x8c, 0x41, 0x1a, 0x00, 0x13, 0x84, 0x8c, 0xda, // .v...4.0.A......
	0x20, 0x10, 0x6b, 0xb0, 0xa1, 0x98, 0x28, 0x35, 0x80, 0xd8, 0xa0, 0x0a, 0x1b, 0x9b, 0x5d, 0x9b, //  .k...(5......].
	0x4b, 0x1a, 0x59, 0x99, 0x1b, 0xdd, 0x94, 0x20, 0xa8, 0x42, 0x86, 0xe7, 0x62, 0x57, 0x26, 0x37, // K.Y.... .B..bW&7
	0x97, 0xf6, 0xe6, 0x36, 0x25, 0x20, 0x9a, 0x90, 0xe1, 0xb9, 0xd8, 0x85, 0xb1, 0xd9, 0x95, 0xc9, // ...6% ..........
	0x4d, 0x09, 0x8c, 0x3a, 0x64, 0x78, 0x2e, 0x73, 0x68, 0x61, 0x64, 0x65, 0x72, 0x4d, 0x6f, 0x64, // M..:dx.shaderMod
	0x65, 0x6c, 0x53, 0x82, 0xa4, 0x0c, 0x19, 0x9e, 0x8b, 0x5c, 0xd9, 0xdc, 0x5b, 0x9d, 0xdc, 0x58, // elS.........[..X
	0xd9, 0xdc, 0x94, 0xe0, 0xa9, 0x43, 0x86, 0xe7, 0x62, 0x97, 0x56, 0x76, 0x97, 0x44, 0x36, 0x45, // .....C..b.Vv.D6E
	0x17, 0x46, 0x57, 0x36, 0x25, 0x88, 0xea, 0x90, 0xe1, 0xb9, 0x94, 0xb9, 0xd1, 0xc9, 0xe5, 0x41, // .FW6%..........A
	0xbd, 0xa5, 0xb9, 0xd1, 0xcd, 0x4d, 0x09, 0xd8, 0x00, 0x00, 0x00, 0x00, 0x79, 0x18, 0x00, 0x00, // .....M......y...
	0x4c, 0x00, 0x00, 0x00, 0x33, 0x08, 0x80, 0x1c, 0xc4, 0xe1, 0x1c, 0x66, 0x14, 0x01, 0x3d, 0x88, // L...3......f..=.
	0x43, 0x38, 0x84, 0xc3, 0x8c, 0x42, 0x80, 0x07, 0x79, 0x78, 0x07, 0x73, 0x98, 0x71, 0x0c, 0xe6, // C8...B..yx.s.q..
	0x00, 0x0f, 0xed, 0x10, 0x0e, 0xf4, 0x80, 0x0e, 0x33, 0x0c, 0x42, 0x1e, 0xc2, 0xc1, 0x1d, 0xce, // ........3.B.....
	0xa1, 0x1c, 0x66, 0x30, 0x05, 0x3d, 0x88, 0x43, 0x38, 0x84, 0x83, 0x1b, 0xcc, 0x03, 0x3d, 0xc8, // ..f0.=.C8.....=.
	0x43, 0x3d, 0x8c, 0x03, 0x3d, 0xcc, 0x78, 0x8c, 0x74, 0x70, 0x07, 0x7b, 0x08, 0x07, 0x79, 0x48, // C=..=.x.tp.{..yH
	0x87, 0x70, 0x70, 0x07, 0x7a, 0x70, 0x03, 0x76, 0x78, 0x87, 0x70, 0x20, 0x87, 0x19, 0xcc, 0x11, // .pp.zp.vx.p ....
	0x0e, 0xec, 0x90, 0x0e, 0xe1, 0x30, 0x0f, 0x6e, 0x30, 0x0f, 0xe3, 0xf0, 0x0e, 0xf0, 0x50, 0x0e, // .....0.n0.....P.
	0x33, 0x10, 0xc4, 0x1d, 0xde, 0x21, 0x1c, 0xd8, 0x21, 0x1d, 0xc2, 0x61, 0x1e, 0x66, 0x30, 0x89, // 3....!..!..a.f0.
	0x3b, 0xbc, 0x83, 0x3b, 0xd0, 0x43, 0x39, 0xb4, 0x03, 0x3c, 0xbc, 0x83, 0x3c, 0x84, 0x03, 0x3b, // ;..;.C9..<..<..;
	0xcc, 0xf0, 0x14, 0x76, 0x60, 0x07, 0x7b, 0x68, 0x07, 0x37, 0x68, 0x87, 0x72, 0x68, 0x07, 0x37, // ...v`.{h.7h.rh.7
	0x80, 0x87, 0x70, 0x90, 0x87, 0x70, 0x60, 0x07, 0x76, 0x28, 0x07, 0x76, 0xf8, 0x05, 0x76, 0x78, // ..p..p`.v(.v..vx
	0x87, 0x77, 0x80, 0x87, 0x5f, 0x08, 0x87, 0x71, 0x18, 0x87, 0x72, 0x98, 0x87, 0x79, 0x98, 0x81, // .w.._..q..r..y..
	0x2c, 0xee, 0xf0, 0x0e, 0xee, 0xe0, 0x0e, 0xf5, 0xc0, 0x0e, 0xec, 0x30, 0x03, 0x62, 0xc8, 0xa1, // ,..........0.b..
	0x1c, 0xe4, 0xa1, 0x1c, 0xcc, 0xa1, 0x1c, 0xe4, 0xa1, 0x1c, 0xdc, 0x61, 0x1c, 0xca, 0x21, 0x1c, // ...........a..!.
	0xc4, 0x81, 0x1d, 0xca, 0x61, 0x06, 0xd6, 0x90, 0x43, 0x39, 0xc8, 0x43, 0x39, 0x98, 0x43, 0x39, // ....a...C9.C9.C9
	0xc8, 0x43, 0x39, 0xb8, 0xc3, 0x38, 0x94, 0x43, 0x38, 0x88, 0x03, 0x3b, 0x94, 0xc3, 0x2f, 0xbc, // .C9..8.C8..;../.
	0x83, 0x3c, 0xfc, 0x82, 0x3b, 0xd4, 0x03, 0x3b, 0xb0, 0xc3, 0x0c, 0xc4, 0x21, 0x07, 0x7c, 0x70, // .<..;..;....!.|p
	0x03, 0x7a, 0x28, 0x87, 0x76, 0x80, 0x87, 0x19, 0xd1, 0x43, 0x0e, 0xf8, 0xe0, 0x06, 0xe4, 0x20, // .z(.v....C..... 
	0x0e, 0xe7, 0xe0, 0x06, 0xf6, 0x10, 0x0e, 0xf2, 0xc0, 0x0e, 0xe1, 0x90, 0x0f, 0xef, 0x50, 0x0f, // ..............P.
	0xf4, 0x00, 0x00, 0x00, 0x71, 0x20, 0x00, 0x00, 0x17, 0x00, 0x00, 0x00, 0x46, 0xb0, 0x0d, 0x97, // ....q ......F...
	0xef, 0x3c, 0xbe, 0x10, 0x50, 0x45, 0x41, 0x44, 0xa5, 0x03, 0x0c, 0x25, 0x61, 0x00, 0x02, 0xe6, // .<..PEAD...%a...
	0x17, 0xb7, 0x6d, 0x05, 0xd2, 0x70, 0xf9, 0xce, 0xe3, 0x0b, 0x11, 0x01, 0x4c, 0x44, 0x08, 0x34, // ..m..p......LD.4
	0xc3, 0x42, 0x58, 0xc0, 0x34, 0x5c, 0xbe, 0xf3, 0xf8, 0x8b, 0x03, 0x0c, 0x62, 0xf3, 0x50, 0x93, // .BX.4.......b.P.
	0x5f, 0xdc, 0xb6, 0x09, 0x54, 0xc3, 0xe5, 0x3b, 0x8f, 0x2f, 0x4d, 0x4e, 0x44, 0xa0, 0xd4, 0xf4, // _...T..;./MND...
	0x50, 0x93, 0x5f, 0xdc, 0xb6, 0x0d, 0x3c, 0xc3, 0xe5, 0x3b, 0x8f, 0x4f, 0x35, 0x40, 0x84, 0xf9, // P._...<..;.O5@..
	0xc5, 0x6d, 0x1b, 0x00, 0xc1, 0x00, 0x48, 0x03, 0x61, 0x20, 0x00, 0x00, 0x69, 0x00, 0x00, 0x00, // .m....H.a ..i...
	0x13, 0x04, 0x41, 0x2c, 0x10, 0x00, 0x00, 0x00, 0x0b, 0x00, 0x00, 0x00, 0x14, 0x47, 0x00, 0xa8, // ..A,.........G..
	0x94, 0x00, 0x91, 0x52, 0x29, 0xbb, 0x52, 0x28, 0x84, 0x19, 0x80, 0x82, 0x29, 0xb9, 0x22, 0x28, // ...R).R(....)."(
	0x17, 0x1a, 0x63, 0x04, 0x20, 0x08, 0x82, 0xf8, 0x2f, 0x8c, 0x11, 0x80, 0x20, 0x08, 0x82, 0xa0, // ..c. .../... ...
	0x30, 0x46, 0x00, 0x82, 0x20, 0x88, 0x7f, 0x00, 0x23, 0x06, 0x09, 0x00, 0x82, 0x60, 0x20, 0x81, // 0F.. ...#....` .
	0x81, 0x31, 0x79, 0x9e, 0x33, 0x62, 0x90, 0x00, 0x20, 0x08, 0x06, 0x46, 0x19, 0x28, 0x60, 0xf0, // .1y.3b.. ..F.(`.
	0x55, 0xc9, 0x88, 0x41, 0x02, 0x80, 0x20, 0x18, 0x18, 0x66, 0xb0, 0x84, 0x01, 0x18, 0x3c, 0xca, // U..A.. ..f....<.
	0x88, 0x41, 0x02, 0x80, 0x20, 0x18, 0x18, 0x67, 0xc0, 0x88, 0x41, 0x18, 0x58, 0xcb, 0x88, 0xc1, // .A.. ..g..A.X...
	0x01, 0x80, 0x20, 0x18, 0x3c, 0x65, 0xf0, 0x10, 0xc9, 0x68, 0x42, 0x00, 0x8c, 0x26, 0x08, 0xc1, // .. .<e...hB..&..
	0x68, 0xc2, 0x20, 0xd8, 0x31, 0xc4, 0xc7, 0x8e, 0x21, 0x3e, 0x76, 0x0c, 0xf1, 0xb1, 0x61, 0x90, // h. .1...!>v...a.
	0x8f, 0x0d, 0x83, 0x7c, 0x4c, 0x08, 0xe0, 0x63, 0x04, 0x21, 0x1f, 0x13, 0x02, 0xf8, 0x8c, 0x18, // ...|L..c.!......
	0x18, 0x00, 0x08, 0x82, 0x81, 0x22, 0x07, 0x57, 0x30, 0x9a, 0xd0, 0x0c, 0x16, 0x08, 0xf2, 0x19, // .....".W0.......
	0x31, 0x38, 0x00, 0x10, 0x04, 0x83, 0x87, 0x0e, 0xbc, 0x49, 0x0e, 0x46, 0x13, 0x82, 0x61, 0xc4, // 18.......I.F..a.
	0xc0, 0x00, 0x40, 0x10, 0x0c, 0x94, 0x3b, 0x70, 0x83, 0xc1, 0xae, 0x20, 0x3e, 0x23, 0x06, 0x06, // ..@...;p... >#..
	0x00, 0x82, 0x60, 0xa0, 0xe4, 0xc1, 0x16, 0x58, 0x40, 0xc8, 0x67, 0xc4, 0xc0, 0x00, 0x40, 0x10, // ..`....X@.g...@.
	0x0c, 0x94, 0x3d, 0x28, 0x83, 0x60, 0xc4, 0xc0, 0x00, 0x40, 0x10, 0x0c, 0x14, 0x3e, 0x08, 0x03, // ..=(.`...@...>..
	0x64, 0xc4, 0xe0, 0x00, 0x40, 0x10, 0x0c, 0x1e, 0x3e, 0x30, 0x83, 0x2d, 0x0f, 0x46, 0x13, 0x02, // d...@...>0.-.F..
	0x60, 0x34, 0x41, 0x08, 0x46, 0x13, 0x06, 0x61, 0x34, 0x81, 0x01, 0x46, 0x13, 0x9a, 0x60, 0x34, // `4A.F..a4..F..`4
	0xc1, 0x11, 0xcc, 0x18, 0xe2, 0x63, 0xc6, 0x10, 0x1f, 0x33, 0x86, 0xf8, 0xd8, 0xb0, 0xc8, 0xc7, // .....c...3......
	0x06, 0x46, 0x3e, 0x36, 0x34, 0xf2, 0xb1, 0x21, 0x81, 0x8f, 0x0d, 0x09, 0x7c, 0x6c, 0x48, 0xe0, // .F>64..!....|lH.
	0x33, 0x62, 0x70, 0x00, 0x20, 0x08, 0x06, 0x0f, 0x2b, 0xd8, 0xc1, 0x1a, 0x94, 0xc2, 0x68, 0x42, // 3bp. ...+.....hB
	0x00, 0x8c, 0x26, 0x48, 0x83, 0x55, 0x81, 0x7c, 0x2c, 0x18, 0xe4, 0x63, 0x72, 0x10, 0xc4, 0xc7, // ..&H.U.|,..cr...
	0x92, 0x40, 0x3e, 0x96, 0x08, 0xf2, 0xb1, 0x64, 0x90, 0x8f, 0xd5, 0x01, 0x42, 0x1f, 0x0b, 0xf0, // .@>....d....B...
	0x00, 0x3e, 0x23, 0x06, 0x09, 0x00, 0x82, 0x60, 0x80, 0xe4, 0x02, 0x28, 0xd0, 0x02, 0x2d, 0xa8, // .>#....`...(..-.
	0x42, 0x31, 0x62, 0x90, 0x00, 0x20, 0x08, 0x06, 0x48, 0x2e, 0x80, 0x02, 0x2d, 0xd0, 0xc2, 0x28, // B1b.. ..H...-..(
	0x10, 0x23, 0x06, 0x09, 0x00, 0x82, 0x60, 0x80, 0xe4, 0x02, 0x28, 0xd0, 0x02, 0x2d, 0xa4, 0xc2, // .#....`...(..-..
	0x30, 0x62, 0x90, 0x00, 0x20, 0x08, 0x06, 0x48, 0x2e, 0x80, 0x02, 0x2d, 0xd0, 0x02, 0x2b, 0x04, // 0b.. ..H...-..+.
	0x08, 0x00, 0x00, 0x00, 0x00, 0x00, 0x00, 0x00, 0x00, 0x00, 0x40, 0x00,                         // ..........@.
};
static const uint8_t fs_light_noshadow_noclip_spv[1964] =
{
	0x46, 0x53, 0x48, 0x0c, 0x5e, 0xda, 0xa3, 0x5f, 0x00, 0x00, 0x00, 0x00, 0x00, 0x00, 0x00, 0x00, // FSH.^.._........
	0x00, 0x00, 0x00, 0x00, 0x04, 0x00, 0x14, 0x6c, 0x69, 0x67, 0x68, 0x74, 0x43, 0x65, 0x6e, 0x74, // .......lightCent
	0x65, 0x72, 0x5f, 0x6d, 0x61, 0x78, 0x52, 0x61, 0x6e, 0x67, 0x65, 0x12, 0x01, 0x20, 0x00, 0x01, // er_maxRange.. ..
	0x00, 0x00, 0x00, 0x00, 0x00, 0x19, 0x6c, 0x69, 0x67, 0x68, 0x74, 0x43, 0x6f, 0x6c, 0x6f, 0x72, // ......lightColor
	0x32, 0x5f, 0x66, 0x61, 0x6c, 0x6c, 0x6f, 0x66, 0x66, 0x5f, 0x70, 0x6f, 0x77, 0x65, 0x72, 0x12, // 2_falloff_power.
	0x01, 0x10, 0x00, 0x01, 0x00, 0x00, 0x00, 0x00, 0x00, 0x14, 0x6c, 0x69, 0x67, 0x68, 0x74, 0x43, // ..........lightC
	0x6f, 0x6c, 0x6f, 0x72, 0x5f, 0x69, 0x6e, 0x74, 0x65, 0x6e, 0x73, 0x69, 0x74, 0x79, 0x12, 0x01, // olor_intensity..
	0x00, 0x00, 0x01, 0x00, 0x00, 0x00, 0x00, 0x00, 0x15, 0x62, 0x6c, 0x65, 0x6e, 0x64, 0x5f, 0x6d, // .........blend_m
	0x6f, 0x64, 0x75, 0x6c, 0x61, 0x74, 0x65, 0x5f, 0x76, 0x73, 0x5f, 0x61, 0x64, 0x64, 0x12, 0x01, // odulate_vs_add..
	0x30, 0x00, 0x01, 0x00, 0x00, 0x00, 0x00, 0x00, 0x0c, 0x07, 0x00, 0x00, 0x03, 0x02, 0x23, 0x07, // 0.............#.
	0x00, 0x00, 0x01, 0x00, 0x0b, 0x00, 0x08, 0x00, 0xee, 0x00, 0x00, 0x00, 0x00, 0x00, 0x00, 0x00, // ................
	0x11, 0x00, 0x02, 0x00, 0x01, 0x00, 0x00, 0x00, 0x0b, 0x00, 0x06, 0x00, 0x01, 0x00, 0x00, 0x00, // ................
	0x47, 0x4c, 0x53, 0x4c, 0x2e, 0x73, 0x74, 0x64, 0x2e, 0x34, 0x35, 0x30, 0x00, 0x00, 0x00, 0x00, // GLSL.std.450....
	0x0e, 0x00, 0x03, 0x00, 0x00, 0x00, 0x00, 0x00, 0x01, 0x00, 0x00, 0x00, 0x0f, 0x00, 0x07, 0x00, // ................
	0x04, 0x00, 0x00, 0x00, 0x04, 0x00, 0x00, 0x00, 0x6d, 0x61, 0x69, 0x6e, 0x00, 0x00, 0x00, 0x00, // ........main....
	0x7a, 0x00, 0x00, 0x00, 0x85, 0x00, 0x00, 0x00, 0x10, 0x00, 0x03, 0x00, 0x04, 0x00, 0x00, 0x00, // z...............
	0x07, 0x00, 0x00, 0x00, 0x10, 0x00, 0x03, 0x00, 0x04, 0x00, 0x00, 0x00, 0x09, 0x00, 0x00, 0x00, // ................
	0x03, 0x00, 0x03, 0x00, 0x05, 0x00, 0x00, 0x00, 0xf4, 0x01, 0x00, 0x00, 0x05, 0x00, 0x04, 0x00, // ................
	0x04, 0x00, 0x00, 0x00, 0x6d, 0x61, 0x69, 0x6e, 0x00, 0x00, 0x00, 0x00, 0x05, 0x00, 0x06, 0x00, // ....main........
	0x2c, 0x00, 0x00, 0x00, 0x55, 0x6e, 0x69, 0x66, 0x6f, 0x72, 0x6d, 0x42, 0x6c, 0x6f, 0x63, 0x6b, // ,...UniformBlock
	0x00, 0x00, 0x00, 0x00, 0x06, 0x00, 0x09, 0x00, 0x2c, 0x00, 0x00, 0x00, 0x00, 0x00, 0x00, 0x00, // ........,.......
	0x6c, 0x69, 0x67, 0x68, 0x74, 0x43, 0x6f, 0x6c, 0x6f, 0x72, 0x5f, 0x69, 0x6e, 0x74, 0x65, 0x6e, // lightColor_inten
	0x73, 0x69, 0x74, 0x79, 0x00, 0x00, 0x00, 0x00, 0x06, 0x00, 0x0a, 0x00, 0x2c, 0x00, 0x00, 0x00, // sity........,...
	0x01, 0x00, 0x00, 0x00, 0x6c, 0x69, 0x67, 0x68, 0x74, 0x43, 0x6f, 0x6c, 0x6f, 0x72, 0x32, 0x5f, // ....lightColor2_
	0x66, 0x61, 0x6c, 0x6c, 0x6f, 0x66, 0x66, 0x5f, 0x70, 0x6f, 0x77, 0x65, 0x72, 0x00, 0x00, 0x00, // falloff_power...
	0x06, 0x00, 0x09, 0x00, 0x2c, 0x00, 0x00, 0x00, 0x02, 0x00, 0x00, 0x00, 0x6c, 0x69, 0x67, 0x68, // ....,.......ligh
	0x74, 0x43, 0x65, 0x6e, 0x74, 0x65, 0x72, 0x5f, 0x6d, 0x61, 0x78, 0x52, 0x61, 0x6e, 0x67, 0x65, // tCenter_maxRange
	0x00, 0x00, 0x00, 0x00, 0x06, 0x00, 0x09, 0x00, 0x2c, 0x00, 0x00, 0x00, 0x03, 0x00, 0x00, 0x00, // ........,.......
	0x62, 0x6c, 0x65, 0x6e, 0x64, 0x5f, 0x6d, 0x6f, 0x64, 0x75, 0x6c, 0x61, 0x74, 0x65, 0x5f, 0x76, // blend_modulate_v
	0x73, 0x5f, 0x61, 0x64, 0x64, 0x00, 0x00, 0x00, 0x05, 0x00, 0x03, 0x00, 0x2e, 0x00, 0x00, 0x00, // s_add...........
	0x00, 0x00, 0x00, 0x00, 0x05, 0x00, 0x05, 0x00, 0x7a, 0x00, 0x00, 0x00, 0x76, 0x5f, 0x74, 0x61, // ........z...v_ta
	0x62, 0x6c, 0x65, 0x50, 0x6f, 0x73, 0x00, 0x00, 0x05, 0x00, 0x06, 0x00, 0x85, 0x00, 0x00, 0x00, // blePos..........
	0x62, 0x67, 0x66, 0x78, 0x5f, 0x46, 0x72, 0x61, 0x67, 0x44, 0x61, 0x74, 0x61, 0x30, 0x00, 0x00, // bgfx_FragData0..
	0x47, 0x00, 0x03, 0x00, 0x2c, 0x00, 0x00, 0x00, 0x02, 0x00, 0x00, 0x00, 0x48, 0x00, 0x05, 0x00, // G...,.......H...
	0x2c, 0x00, 0x00, 0x00, 0x00, 0x00, 0x00, 0x00, 0x23, 0x00, 0x00, 0x00, 0x00, 0x00, 0x00, 0x00, // ,.......#.......
	0x48, 0x00, 0x05, 0x00, 0x2c, 0x00, 0x00, 0x00, 0x01, 0x00, 0x00, 0x00, 0x23, 0x00, 0x00, 0x00, // H...,.......#...
	0x10, 0x00, 0x00, 0x00, 0x48, 0x00, 0x05, 0x00, 0x2c, 0x00, 0x00, 0x00, 0x02, 0x00, 0x00, 0x00, // ....H...,.......
	0x23, 0x00, 0x00, 0x00, 0x20, 0x00, 0x00, 0x00, 0x48, 0x00, 0x05, 0x00, 0x2c, 0x00, 0x00, 0x00, // #... ...H...,...
	0x03, 0x00, 0x00, 0x00, 0x23, 0x00, 0x00, 0x00, 0x30, 0x00, 0x00, 0x00, 0x47, 0x00, 0x04, 0x00, // ....#...0...G...
	0x2e, 0x00, 0x00, 0x00, 0x21, 0x00, 0x00, 0x00, 0x01, 0x00, 0x00, 0x00, 0x47, 0x00, 0x04, 0x00, // ....!.......G...
	0x2e, 0x00, 0x00, 0x00, 0x22, 0x00, 0x00, 0x00, 0x00, 0x00, 0x00, 0x00, 0x47, 0x00, 0x04, 0x00, // ....".......G...
	0x7a, 0x00, 0x00, 0x00, 0x1e, 0x00, 0x00, 0x00, 0x00, 0x00, 0x00, 0x00, 0x47, 0x00, 0x04, 0x00, // z...........G...
	0x85, 0x00, 0x00, 0x00, 0x1e, 0x00, 0x00, 0x00, 0x00, 0x00, 0x00, 0x00, 0x13, 0x00, 0x02, 0x00, // ................
	0x02, 0x00, 0x00, 0x00, 0x21, 0x00, 0x03, 0x00, 0x03, 0x00, 0x00, 0x00, 0x02, 0x00, 0x00, 0x00, // ....!...........
	0x16, 0x00, 0x03, 0x00, 0x06, 0x00, 0x00, 0x00, 0x20, 0x00, 0x00, 0x00, 0x17, 0x00, 0x04, 0x00, // ........ .......
	0x07, 0x00, 0x00, 0x00, 0x06, 0x00, 0x00, 0x00, 0x03, 0x00, 0x00, 0x00, 0x17, 0x00, 0x04, 0x00, // ................
	0x10, 0x00, 0x00, 0x00, 0x06, 0x00, 0x00, 0x00, 0x04, 0x00, 0x00, 0x00, 0x2b, 0x00, 0x04, 0x00, // ............+...
	0x06, 0x00, 0x00, 0x00, 0x27, 0x00, 0x00, 0x00, 0x00, 0x00, 0x00, 0x00, 0x1e, 0x00, 0x06, 0x00, // ....'...........
	0x2c, 0x00, 0x00, 0x00, 0x10, 0x00, 0x00, 0x00, 0x10, 0x00, 0x00, 0x00, 0x10, 0x00, 0x00, 0x00, // ,...............
	0x10, 0x00, 0x00, 0x00, 0x20, 0x00, 0x04, 0x00, 0x2d, 0x00, 0x00, 0x00, 0x02, 0x00, 0x00, 0x00, // .... ...-.......
	0x2c, 0x00, 0x00, 0x00, 0x3b, 0x00, 0x04, 0x00, 0x2d, 0x00, 0x00, 0x00, 0x2e, 0x00, 0x00, 0x00, // ,...;...-.......
	0x02, 0x00, 0x00, 0x00, 0x15, 0x00, 0x04, 0x00, 0x2f, 0x00, 0x00, 0x00, 0x20, 0x00, 0x00, 0x00, // ......../... ...
	0x01, 0x00, 0x00, 0x00, 0x2b, 0x00, 0x04, 0x00, 0x2f, 0x00, 0x00, 0x00, 0x30, 0x00, 0x00, 0x00, // ....+.../...0...
	0x02, 0x00, 0x00, 0x00, 0x20, 0x00, 0x04, 0x00, 0x31, 0x00, 0x00, 0x00, 0x02, 0x00, 0x00, 0x00, // .... ...1.......
	0x10, 0x00, 0x00, 0x00, 0x15, 0x00, 0x04, 0x00, 0x3b, 0x00, 0x00, 0x00, 0x20, 0x00, 0x00, 0x00, // ........;... ...
	0x00, 0x00, 0x00, 0x00, 0x2b, 0x00, 0x04, 0x00, 0x3b, 0x00, 0x00, 0x00, 0x3c, 0x00, 0x00, 0x00, // ....+...;...<...
	0x03, 0x00, 0x00, 0x00, 0x20, 0x00, 0x04, 0x00, 0x3d, 0x00, 0x00, 0x00, 0x02, 0x00, 0x00, 0x00, // .... ...=.......
	0x06, 0x00, 0x00, 0x00, 0x2b, 0x00, 0x04, 0x00, 0x06, 0x00, 0x00, 0x00, 0x42, 0x00, 0x00, 0x00, // ....+.......B...
	0x00, 0x00, 0x80, 0x3f, 0x2b, 0x00, 0x04, 0x00, 0x06, 0x00, 0x00, 0x00, 0x46, 0x00, 0x00, 0x00, // ...?+.......F...
	0x17, 0xb7, 0xd1, 0x38, 0x2b, 0x00, 0x04, 0x00, 0x2f, 0x00, 0x00, 0x00, 0x48, 0x00, 0x00, 0x00, // ...8+.../...H...
	0x01, 0x00, 0x00, 0x00, 0x2b, 0x00, 0x04, 0x00, 0x2f, 0x00, 0x00, 0x00, 0x4d, 0x00, 0x00, 0x00, // ....+.../...M...
	0x00, 0x00, 0x00, 0x00, 0x2b, 0x00, 0x04, 0x00, 0x2f, 0x00, 0x00, 0x00, 0x5c, 0x00, 0x00, 0x00, // ....+.../.......
	0x03, 0x00, 0x00, 0x00, 0x2b, 0x00, 0x04, 0x00, 0x3b, 0x00, 0x00, 0x00, 0x5d, 0x00, 0x00, 0x00, // ....+...;...]...
	0x00, 0x00, 0x00, 0x00, 0x20, 0x00, 0x04, 0x00, 0x79, 0x00, 0x00, 0x00, 0x01, 0x00, 0x00, 0x00, // .... ...y.......
	0x07, 0x00, 0x00, 0x00, 0x3b, 0x00, 0x04, 0x00, 0x79, 0x00, 0x00, 0x00, 0x7a, 0x00, 0x00, 0x00, // ....;...y...z...
	0x01, 0x00, 0x00, 0x00, 0x20, 0x00, 0x04, 0x00, 0x84, 0x00, 0x00, 0x00, 0x03, 0x00, 0x00, 0x00, // .... ...........
	0x10, 0x00, 0x00, 0x00, 0x3b, 0x00, 0x04, 0x00, 0x84, 0x00, 0x00, 0x00, 0x85, 0x00, 0x00, 0x00, // ....;...........
	0x03, 0x00, 0x00, 0x00, 0x36, 0x00, 0x05, 0x00, 0x02, 0x00, 0x00, 0x00, 0x04, 0x00, 0x00, 0x00, // ....6...........
	0x00, 0x00, 0x00, 0x00, 0x03, 0x00, 0x00, 0x00, 0xf8, 0x00, 0x02, 0x00, 0x05, 0x00, 0x00, 0x00, // ................
	0x3d, 0x00, 0x04, 0x00, 0x07, 0x00, 0x00, 0x00, 0x7b, 0x00, 0x00, 0x00, 0x7a, 0x00, 0x00, 0x00, // =.......{...z...
	0x41, 0x00, 0x05, 0x00, 0x31, 0x00, 0x00, 0x00, 0xaa, 0x00, 0x00, 0x00, 0x2e, 0x00, 0x00, 0x00, // A...1...........
	0x30, 0x00, 0x00, 0x00, 0x3d, 0x00, 0x04, 0x00, 0x10, 0x00, 0x00, 0x00, 0xab, 0x00, 0x00, 0x00, // 0...=...........
	0xaa, 0x00, 0x00, 0x00, 0x4f, 0x00, 0x08, 0x00, 0x07, 0x00, 0x00, 0x00, 0xac, 0x00, 0x00, 0x00, // ....O...........
	0xab, 0x00, 0x00, 0x00, 0xab, 0x00, 0x00, 0x00, 0x00, 0x00, 0x00, 0x00, 0x01, 0x00, 0x00, 0x00, // ................
	0x02, 0x00, 0x00, 0x00, 0x83, 0x00, 0x05, 0x00, 0x07, 0x00, 0x00, 0x00, 0xad, 0x00, 0x00, 0x00, // ................
	0x7b, 0x00, 0x00, 0x00, 0xac, 0x00, 0x00, 0x00, 0x0c, 0x00, 0x06, 0x00, 0x06, 0x00, 0x00, 0x00, // {...............
	0xaf, 0x00, 0x00, 0x00, 0x01, 0x00, 0x00, 0x00, 0x42, 0x00, 0x00, 0x00, 0xad, 0x00, 0x00, 0x00, // ........B.......
	0x41, 0x00, 0x06, 0x00, 0x3d, 0x00, 0x00, 0x00, 0xb1, 0x00, 0x00, 0x00, 0x2e, 0x00, 0x00, 0x00, // A...=...........
	0x30, 0x00, 0x00, 0x00, 0x3c, 0x00, 0x00, 0x00, 0x3d, 0x00, 0x04, 0x00, 0x06, 0x00, 0x00, 0x00, // 0...<...=.......
	0xb2, 0x00, 0x00, 0x00, 0xb1, 0x00, 0x00, 0x00, 0x85, 0x00, 0x05, 0x00, 0x06, 0x00, 0x00, 0x00, // ................
	0xb3, 0x00, 0x00, 0x00, 0xaf, 0x00, 0x00, 0x00, 0xb2, 0x00, 0x00, 0x00, 0x0c, 0x00, 0x08, 0x00, // ................
	0x06, 0x00, 0x00, 0x00, 0xb5, 0x00, 0x00, 0x00, 0x01, 0x00, 0x00, 0x00, 0x2b, 0x00, 0x00, 0x00, // ............+...
	0xb3, 0x00, 0x00, 0x00, 0x27, 0x00, 0x00, 0x00, 0x42, 0x00, 0x00, 0x00, 0x83, 0x00, 0x05, 0x00, // ....'...B.......
	0x06, 0x00, 0x00, 0x00, 0xb6, 0x00, 0x00, 0x00, 0x42, 0x00, 0x00, 0x00, 0xb5, 0x00, 0x00, 0x00, // ........B.......
	0x0c, 0x00, 0x07, 0x00, 0x06, 0x00, 0x00, 0x00, 0xb7, 0x00, 0x00, 0x00, 0x01, 0x00, 0x00, 0x00, // ................
	0x28, 0x00, 0x00, 0x00, 0xb6, 0x00, 0x00, 0x00, 0x46, 0x00, 0x00, 0x00, 0x41, 0x00, 0x06, 0x00, // (.......F...A...
	0x3d, 0x00, 0x00, 0x00, 0xb8, 0x00, 0x00, 0x00, 0x2e, 0x00, 0x00, 0x00, 0x48, 0x00, 0x00, 0x00, // =...........H...
	0x3c, 0x00, 0x00, 0x00, 0x3d, 0x00, 0x04, 0x00, 0x06, 0x00, 0x00, 0x00, 0xb9, 0x00, 0x00, 0x00, // <...=...........
	0xb8, 0x00, 0x00, 0x00, 0x0c, 0x00, 0x07, 0x00, 0x06, 0x00, 0x00, 0x00, 0xba, 0x00, 0x00, 0x00, // ................
	0x01, 0x00, 0x00, 0x00, 0x1a, 0x00, 0x00, 0x00, 0xb7, 0x00, 0x00, 0x00, 0xb9, 0x00, 0x00, 0x00, // ................
	0x0c, 0x00, 0x06, 0x00, 0x06, 0x00, 0x00, 0x00, 0xbc, 0x00, 0x00, 0x00, 0x01, 0x00, 0x00, 0x00, // ................
	0x1f, 0x00, 0x00, 0x00, 0xb3, 0x00, 0x00, 0x00, 0x50, 0x00, 0x06, 0x00, 0x07, 0x00, 0x00, 0x00, // ........P.......
	0xbd, 0x00, 0x00, 0x00, 0xbc, 0x00, 0x00, 0x00, 0xbc, 0x00, 0x00, 0x00, 0xbc, 0x00, 0x00, 0x00, // ................
	0x41, 0x00, 0x05, 0x00, 0x31, 0x00, 0x00, 0x00, 0xbe, 0x00, 0x00, 0x00, 0x2e, 0x00, 0x00, 0x00, // A...1...........
	0x48, 0x00, 0x00, 0x00, 0x3d, 0x00, 0x04, 0x00, 0x10, 0x00, 0x00, 0x00, 0xbf, 0x00, 0x00, 0x00, // H...=...........
	0xbe, 0x00, 0x00, 0x00, 0x4f, 0x00, 0x08, 0x00, 0x07, 0x00, 0x00, 0x00, 0xc0, 0x00, 0x00, 0x00, // ....O...........
	0xbf, 0x00, 0x00, 0x00, 0xbf, 0x00, 0x00, 0x00, 0x00, 0x00, 0x00, 0x00, 0x01, 0x00, 0x00, 0x00, // ................
	0x02, 0x00, 0x00, 0x00, 0x41, 0x00, 0x05, 0x00, 0x31, 0x00, 0x00, 0x00, 0xc1, 0x00, 0x00, 0x00, // ....A...1.......
	0x2e, 0x00, 0x00, 0x00, 0x4d, 0x00, 0x00, 0x00, 0x3d, 0x00, 0x04, 0x00, 0x10, 0x00, 0x00, 0x00, // ....M...=.......
	0xc2, 0x00, 0x00, 0x00, 0xc1, 0x00, 0x00, 0x00, 0x4f, 0x00, 0x08, 0x00, 0x07, 0x00, 0x00, 0x00, // ........O.......
	0xc3, 0x00, 0x00, 0x00, 0xc2, 0x00, 0x00, 0x00, 0xc2, 0x00, 0x00, 0x00, 0x00, 0x00, 0x00, 0x00, // ................
	0x01, 0x00, 0x00, 0x00, 0x02, 0x00, 0x00, 0x00, 0x0c, 0x00, 0x08, 0x00, 0x07, 0x00, 0x00, 0x00, // ................
	0xe3, 0x00, 0x00, 0x00, 0x01, 0x00, 0x00, 0x00, 0x2e, 0x00, 0x00, 0x00, 0xc0, 0x00, 0x00, 0x00, // ................
	0xc3, 0x00, 0x00, 0x00, 0xbd, 0x00, 0x00, 0x00, 0x41, 0x00, 0x06, 0x00, 0x3d, 0x00, 0x00, 0x00, // ........A...=...
	0xc6, 0x00, 0x00, 0x00, 0x2e, 0x00, 0x00, 0x00, 0x5c, 0x00, 0x00, 0x00, 0x5d, 0x00, 0x00, 0x00, // ............]...
	0x3d, 0x00, 0x04, 0x00, 0x06, 0x00, 0x00, 0x00, 0xc7, 0x00, 0x00, 0x00, 0xc6, 0x00, 0x00, 0x00, // =...............
	0x7f, 0x00, 0x04, 0x00, 0x06, 0x00, 0x00, 0x00, 0xc8, 0x00, 0x00, 0x00, 0xc7, 0x00, 0x00, 0x00, // ................
	0x85, 0x00, 0x05, 0x00, 0x06, 0x00, 0x00, 0x00, 0xca, 0x00, 0x00, 0x00, 0xc8, 0x00, 0x00, 0x00, // ................
	0xba, 0x00, 0x00, 0x00, 0x41, 0x00, 0x06, 0x00, 0x3d, 0x00, 0x00, 0x00, 0xcb, 0x00, 0x00, 0x00, // ....A...=.......
	0x2e, 0x00, 0x00, 0x00, 0x4d, 0x00, 0x00, 0x00, 0x3c, 0x00, 0x00, 0x00, 0x3d, 0x00, 0x04, 0x00, // ....M...<...=...
	0x06, 0x00, 0x00, 0x00, 0xcc, 0x00, 0x00, 0x00, 0xcb, 0x00, 0x00, 0x00, 0x85, 0x00, 0x05, 0x00, // ................
	0x06, 0x00, 0x00, 0x00, 0xcd, 0x00, 0x00, 0x00, 0xca, 0x00, 0x00, 0x00, 0xcc, 0x00, 0x00, 0x00, // ................
	0x8e, 0x00, 0x05, 0x00, 0x07, 0x00, 0x00, 0x00, 0xce, 0x00, 0x00, 0x00, 0xe3, 0x00, 0x00, 0x00, // ................
	0xcd, 0x00, 0x00, 0x00, 0x51, 0x00, 0x05, 0x00, 0x06, 0x00, 0x00, 0x00, 0xd0, 0x00, 0x00, 0x00, // ....Q...........
	0xce, 0x00, 0x00, 0x00, 0x00, 0x00, 0x00, 0x00, 0x51, 0x00, 0x05, 0x00, 0x06, 0x00, 0x00, 0x00, // ........Q.......
	0xd2, 0x00, 0x00, 0x00, 0xce, 0x00, 0x00, 0x00, 0x01, 0x00, 0x00, 0x00, 0x51, 0x00, 0x05, 0x00, // ............Q...
	0x06, 0x00, 0x00, 0x00, 0xd4, 0x00, 0x00, 0x00, 0xce, 0x00, 0x00, 0x00, 0x02, 0x00, 0x00, 0x00, // ................
	0x88, 0x00, 0x05, 0x00, 0x06, 0x00, 0x00, 0x00, 0xd7, 0x00, 0x00, 0x00, 0x42, 0x00, 0x00, 0x00, // ............B...
	0xc7, 0x00, 0x00, 0x00, 0x83, 0x00, 0x05, 0x00, 0x06, 0x00, 0x00, 0x00, 0xd8, 0x00, 0x00, 0x00, // ................
	0xd7, 0x00, 0x00, 0x00, 0x42, 0x00, 0x00, 0x00, 0x50, 0x00, 0x07, 0x00, 0x10, 0x00, 0x00, 0x00, // ....B...P.......
	0xed, 0x00, 0x00, 0x00, 0xd0, 0x00, 0x00, 0x00, 0xd2, 0x00, 0x00, 0x00, 0xd4, 0x00, 0x00, 0x00, // ................
	0xd8, 0x00, 0x00, 0x00, 0x3e, 0x00, 0x03, 0x00, 0x85, 0x00, 0x00, 0x00, 0xed, 0x00, 0x00, 0x00, // ....>...........
	0xfd, 0x00, 0x01, 0x00, 0x38, 0x00, 0x01, 0x00, 0x00, 0x00, 0x40, 0x00,                         // ....8.....@.
};
static const bgfx::EmbeddedShader fs_light_noshadow_noclip = BGFX_EMBEDDED_SHADER(fs_light_noshadow_noclip);

//////////////////////////////////////////////////////////////////////////////////////////////////////////////////////
// Build of fragment shader from fs_light.sc to fs_light_ballshadow_noclip with options: NOCLIP BALLSHADOW
static const uint8_t fs_light_ballshadow_noclip_mtl[3293] =
{
	0x46, 0x53, 0x48, 0x0c, 0x5e, 0xda, 0xa3, 0x5f, 0x00, 0x00, 0x00, 0x00, 0x00, 0x00, 0x00, 0x00, // FSH.^.._........
	0x00, 0x00, 0x00, 0x00, 0x05, 0x00, 0x05, 0x62, 0x61, 0x6c, 0x6c, 0x73, 0x12, 0x08, 0x00, 0x00, // .......balls....
	0x08, 0x00, 0x00, 0x00, 0x00, 0x00, 0x14, 0x6c, 0x69, 0x67, 0x68, 0x74, 0x43, 0x65, 0x6e, 0x74, // .......lightCent
	0x65, 0x72, 0x5f, 0x6d, 0x61, 0x78, 0x52, 0x61, 0x6e, 0x67, 0x65, 0x12, 0x01, 0xa0, 0x00, 0x01, // er_maxRange.....
	0x00, 0x00, 0x00, 0x00, 0x00, 0x19, 0x6c, 0x69, 0x67, 0x68, 0x74, 0x43, 0x6f, 0x6c, 0x6f, 0x72, // ......lightColor
	0x32, 0x5f, 0x66, 0x61, 0x6c, 0x6c, 0x6f, 0x66, 0x66, 0x5f, 0x70, 0x6f, 0x77, 0x65, 0x72, 0x12, // 2_falloff_power.
	0x01, 0x90, 0x00, 0x01, 0x00, 0x00, 0x00, 0x00, 0x00, 0x14, 0x6c, 0x69, 0x67, 0x68, 0x74, 0x43, // ..........lightC
	0x6f, 0x6c, 0x6f, 0x72, 0x5f, 0x69, 0x6e, 0x74, 0x65, 0x6e, 0x73, 0x69, 0x74, 0x79, 0x12, 0x01, // olor_intensity..
	0x80, 0x00, 0x01, 0x00, 0x00, 0x00, 0x00, 0x00, 0x15, 0x62, 0x6c, 0x65, 0x6e, 0x64, 0x5f, 0x6d, // .........blend_m
	0x6f, 0x64, 0x75, 0x6c, 0x61, 0x74, 0x65, 0x5f, 0x76, 0x73, 0x5f, 0x61, 0x64, 0x64, 0x12, 0x01, // odulate_vs_add..
	0xb0, 0x00, 0x01, 0x00, 0x00, 0x00, 0x00, 0x00, 0x2d, 0x0c, 0x00, 0x00, 0x23, 0x69, 0x6e, 0x63, // ........-...#inc
	0x6c, 0x75, 0x64, 0x65, 0x20, 0x3c, 0x6d, 0x65, 0x74, 0x61, 0x6c, 0x5f, 0x73, 0x74, 0x64, 0x6c, // lude <metal_stdl
	0x69, 0x62, 0x3e, 0x0a, 0x23, 0x69, 0x6e, 0x63, 0x6c, 0x75, 0x64, 0x65, 0x20, 0x3c, 0x73, 0x69, // ib>.#include <si
	0x6d, 0x64, 0x2f, 0x73, 0x69, 0x6d, 0x64, 0x2e, 0x68, 0x3e, 0x0a, 0x0a, 0x75, 0x73, 0x69, 0x6e, // md/simd.h>..usin
	0x67, 0x20, 0x6e, 0x61, 0x6d, 0x65, 0x73, 0x70, 0x61, 0x63, 0x65, 0x20, 0x6d, 0x65, 0x74, 0x61, // g namespace meta
	0x6c, 0x3b, 0x0a, 0x0a, 0x73, 0x74, 0x72, 0x75, 0x63, 0x74, 0x20, 0x5f, 0x47, 0x6c, 0x6f, 0x62, // l;..struct _Glob
	0x61, 0x6c, 0x0a, 0x7b, 0x0a, 0x20, 0x20, 0x20, 0x20, 0x66, 0x6c, 0x6f, 0x61, 0x74, 0x34, 0x20, // al.{.    float4 
	0x62, 0x61, 0x6c, 0x6c, 0x73, 0x5b, 0x38, 0x5d, 0x3b, 0x0a, 0x20, 0x20, 0x20, 0x20, 0x66, 0x6c, // balls[8];.    fl
	0x6f, 0x61, 0x74, 0x34, 0x20, 0x6c, 0x69, 0x67, 0x68, 0x74, 0x43, 0x6f, 0x6c, 0x6f, 0x72, 0x5f, // oat4 lightColor_
	0x69, 0x6e, 0x74, 0x65, 0x6e, 0x73, 0x69, 0x74, 0x79, 0x3b, 0x0a, 0x20, 0x20, 0x20, 0x20, 0x66, // intensity;.    f
	0x6c, 0x6f, 0x61, 0x74, 0x34, 0x20, 0x6c, 0x69, 0x67, 0x68, 0x74, 0x43, 0x6f, 0x6c, 0x6f, 0x72, // loat4 lightColor
	0x32, 0x5f, 0x66, 0x61, 0x6c, 0x6c, 0x6f, 0x66, 0x66, 0x5f, 0x70, 0x6f, 0x77, 0x65, 0x72, 0x3b, // 2_falloff_power;
	0x0a, 0x20, 0x20, 0x20, 0x20, 0x66, 0x6c, 0x6f, 0x61, 0x74, 0x34, 0x20, 0x6c, 0x69, 0x67, 0x68, // .    float4 ligh
	0x74, 0x43, 0x65, 0x6e, 0x74, 0x65, 0x72, 0x5f, 0x6d, 0x61, 0x78, 0x52, 0x61, 0x6e, 0x67, 0x65, // tCenter_maxRange
	0x3b, 0x0a, 0x20, 0x20, 0x20, 0x20, 0x66, 0x6c, 0x6f, 0x61, 0x74, 0x34, 0x20, 0x62, 0x6c, 0x65, // ;.    float4 ble
	0x6e, 0x64, 0x5f, 0x6d, 0x6f, 0x64, 0x75, 0x6c, 0x61, 0x74, 0x65, 0x5f, 0x76, 0x73, 0x5f, 0x61, // nd_modulate_vs_a
	0x64, 0x64, 0x3b, 0x0a, 0x7d, 0x3b, 0x0a, 0x0a, 0x63, 0x6f, 0x6e, 0x73, 0x74, 0x61, 0x6e, 0x74, // dd;.};..constant
	0x20, 0x66, 0x6c, 0x6f, 0x61, 0x74, 0x20, 0x5f, 0x34, 0x37, 0x31, 0x20, 0x3d, 0x20, 0x7b, 0x7d, //  float _471 = {}
	0x3b, 0x0a, 0x63, 0x6f, 0x6e, 0x73, 0x74, 0x61, 0x6e, 0x74, 0x20, 0x66, 0x6c, 0x6f, 0x61, 0x74, // ;.constant float
	0x34, 0x20, 0x5f, 0x34, 0x39, 0x38, 0x20, 0x3d, 0x20, 0x7b, 0x7d, 0x3b, 0x0a, 0x0a, 0x63, 0x6f, // 4 _498 = {};..co
	0x6e, 0x73, 0x74, 0x61, 0x6e, 0x74, 0x20, 0x75, 0x69, 0x6e, 0x74, 0x20, 0x62, 0x67, 0x66, 0x78, // nstant uint bgfx
	0x5f, 0x73, 0x61, 0x6d, 0x70, 0x6c, 0x65, 0x4d, 0x61, 0x73, 0x6b, 0x20, 0x5b, 0x5b, 0x66, 0x75, // _sampleMask [[fu
	0x6e, 0x63, 0x74, 0x69, 0x6f, 0x6e, 0x5f, 0x63, 0x6f, 0x6e, 0x73, 0x74, 0x61, 0x6e, 0x74, 0x28, // nction_constant(
	0x30, 0x29, 0x5d, 0x5d, 0x3b, 0x0a, 0x63, 0x6f, 0x6e, 0x73, 0x74, 0x61, 0x6e, 0x74, 0x20, 0x62, // 0)]];.constant b
	0x6f, 0x6f, 0x6c, 0x20, 0x62, 0x67, 0x66, 0x78, 0x5f, 0x73, 0x61, 0x6d, 0x70, 0x6c, 0x65, 0x4d, // ool bgfx_sampleM
	0x61, 0x73, 0x6b, 0x45, 0x6e, 0x61, 0x62, 0x6c, 0x65, 0x64, 0x20, 0x3d, 0x20, 0x69, 0x73, 0x5f, // askEnabled = is_
	0x66, 0x75, 0x6e, 0x63, 0x74, 0x69, 0x6f, 0x6e, 0x5f, 0x63, 0x6f, 0x6e, 0x73, 0x74, 0x61, 0x6e, // function_constan
	0x74, 0x5f, 0x64, 0x65, 0x66, 0x69, 0x6e, 0x65, 0x64, 0x28, 0x62, 0x67, 0x66, 0x78, 0x5f, 0x73, // t_defined(bgfx_s
	0x61, 0x6d, 0x70, 0x6c, 0x65, 0x4d, 0x61, 0x73, 0x6b, 0x29, 0x3b, 0x0a, 0x0a, 0x73, 0x74, 0x72, // ampleMask);..str
	0x75, 0x63, 0x74, 0x20, 0x78, 0x6c, 0x61, 0x74, 0x4d, 0x74, 0x6c, 0x4d, 0x61, 0x69, 0x6e, 0x5f, // uct xlatMtlMain_
	0x6f, 0x75, 0x74, 0x0a, 0x7b, 0x0a, 0x09, 0x75, 0x69, 0x6e, 0x74, 0x20, 0x62, 0x67, 0x66, 0x78, // out.{..uint bgfx
	0x5f, 0x6d, 0x65, 0x74, 0x61, 0x6c, 0x5f, 0x73, 0x61, 0x6d, 0x70, 0x6c, 0x65, 0x4d, 0x61, 0x73, // _metal_sampleMas
	0x6b, 0x20, 0x5b, 0x5b, 0x73, 0x61, 0x6d, 0x70, 0x6c, 0x65, 0x5f, 0x6d, 0x61, 0x73, 0x6b, 0x2c, // k [[sample_mask,
	0x20, 0x66, 0x75, 0x6e, 0x63, 0x74, 0x69, 0x6f, 0x6e, 0x5f, 0x63, 0x6f, 0x6e, 0x73, 0x74, 0x61, //  function_consta
	0x6e, 0x74, 0x28, 0x62, 0x67, 0x66, 0x78, 0x5f, 0x73, 0x61, 0x6d, 0x70, 0x6c, 0x65, 0x4d, 0x61, // nt(bgfx_sampleMa
	0x73, 0x6b, 0x45, 0x6e, 0x61, 0x62, 0x6c, 0x65, 0x64, 0x29, 0x5d, 0x5d, 0x3b, 0x0a, 0x20, 0x20, // skEnabled)]];.  
	0x20, 0x20, 0x66, 0x6c, 0x6f, 0x61, 0x74, 0x34, 0x20, 0x62, 0x67, 0x66, 0x78, 0x5f, 0x46, 0x72, //   float4 bgfx_Fr
	0x61, 0x67, 0x44, 0x61, 0x74, 0x61, 0x30, 0x20, 0x5b, 0x5b, 0x63, 0x6f, 0x6c, 0x6f, 0x72, 0x28, // agData0 [[color(
	0x30, 0x29, 0x5d, 0x5d, 0x3b, 0x0a, 0x7d, 0x3b, 0x0a, 0x0a, 0x73, 0x74, 0x72, 0x75, 0x63, 0x74, // 0)]];.};..struct
	0x20, 0x78, 0x6c, 0x61, 0x74, 0x4d, 0x74, 0x6c, 0x4d, 0x61, 0x69, 0x6e, 0x5f, 0x69, 0x6e, 0x0a, //  xlatMtlMain_in.
	0x7b, 0x0a, 0x20, 0x20, 0x20, 0x20, 0x66, 0x6c, 0x6f, 0x61, 0x74, 0x33, 0x20, 0x76, 0x5f, 0x74, // {.    float3 v_t
	0x61, 0x62, 0x6c, 0x65, 0x50, 0x6f, 0x73, 0x20, 0x5b, 0x5b, 0x75, 0x73, 0x65, 0x72, 0x28, 0x6c, // ablePos [[user(l
	0x6f, 0x63, 0x6e, 0x30, 0x29, 0x5d, 0x5d, 0x3b, 0x0a, 0x7d, 0x3b, 0x0a, 0x0a, 0x5b, 0x5b, 0x20, // ocn0)]];.};..[[ 
	0x65, 0x61, 0x72, 0x6c, 0x79, 0x5f, 0x66, 0x72, 0x61, 0x67, 0x6d, 0x65, 0x6e, 0x74, 0x5f, 0x74, // early_fragment_t
	0x65, 0x73, 0x74, 0x73, 0x20, 0x5d, 0x5d, 0x20, 0x66, 0x72, 0x61, 0x67, 0x6d, 0x65, 0x6e, 0x74, // ests ]] fragment
	0x20, 0x78, 0x6c, 0x61, 0x74, 0x4d, 0x74, 0x6c, 0x4d, 0x61, 0x69, 0x6e, 0x5f, 0x6f, 0x75, 0x74, //  xlatMtlMain_out
	0x20, 0x78, 0x6c, 0x61, 0x74, 0x4d, 0x74, 0x6c, 0x4d, 0x61, 0x69, 0x6e, 0x28, 0x78, 0x6c, 0x61, //  xlatMtlMain(xla
	0x74, 0x4d, 0x74, 0x6c, 0x4d, 0x61, 0x69, 0x6e, 0x5f, 0x69, 0x6e, 0x20, 0x69, 0x6e, 0x20, 0x5b, // tMtlMain_in in [
	0x5b, 0x73, 0x74, 0x61, 0x67, 0x65, 0x5f, 0x69, 0x6e, 0x5d, 0x5d, 0x2c, 0x20, 0x63, 0x6f, 0x6e, // [stage_in]], con
	0x73, 0x74, 0x61, 0x6e, 0x74, 0x20, 0x5f, 0x47, 0x6c, 0x6f, 0x62, 0x61, 0x6c, 0x26, 0x20, 0x5f, // stant _Global& _
	0x6d, 0x74, 0x6c, 0x5f, 0x75, 0x20, 0x5b, 0x5b, 0x62, 0x75, 0x66, 0x66, 0x65, 0x72, 0x28, 0x30, // mtl_u [[buffer(0
	0x29, 0x5d, 0x5d, 0x29, 0x0a, 0x7b, 0x0a, 0x20, 0x20, 0x20, 0x20, 0x78, 0x6c, 0x61, 0x74, 0x4d, // )]]).{.    xlatM
	0x74, 0x6c, 0x4d, 0x61, 0x69, 0x6e, 0x5f, 0x6f, 0x75, 0x74, 0x20, 0x6f, 0x75, 0x74, 0x20, 0x3d, // tlMain_out out =
	0x20, 0x7b, 0x7d, 0x3b, 0x0a, 0x09, 0x69, 0x66, 0x20, 0x28, 0x62, 0x67, 0x66, 0x78, 0x5f, 0x73, //  {};..if (bgfx_s
	0x61, 0x6d, 0x70, 0x6c, 0x65, 0x4d, 0x61, 0x73, 0x6b, 0x45, 0x6e, 0x61, 0x62, 0x6c, 0x65, 0x64, // ampleMaskEnabled
	0x29, 0x20, 0x7b, 0x20, 0x6f, 0x75, 0x74, 0x2e, 0x62, 0x67, 0x66, 0x78, 0x5f, 0x6d, 0x65, 0x74, // ) { out.bgfx_met
	0x61, 0x6c, 0x5f, 0x73, 0x61, 0x6d, 0x70, 0x6c, 0x65, 0x4d, 0x61, 0x73, 0x6b, 0x20, 0x3d, 0x20, // al_sampleMask = 
	0x62, 0x67, 0x66, 0x78, 0x5f, 0x73, 0x61, 0x6d, 0x70, 0x6c, 0x65, 0x4d, 0x61, 0x73, 0x6b, 0x3b, // bgfx_sampleMask;
	0x20, 0x7d, 0x0a, 0x20, 0x20, 0x20, 0x20, 0x66, 0x6c, 0x6f, 0x61, 0x74, 0x33, 0x20, 0x5f, 0x32, //  }.    float3 _2
	0x39, 0x37, 0x20, 0x3d, 0x20, 0x69, 0x6e, 0x2e, 0x76, 0x5f, 0x74, 0x61, 0x62, 0x6c, 0x65, 0x50, // 97 = in.v_tableP
	0x6f, 0x73, 0x20, 0x2d, 0x20, 0x5f, 0x6d, 0x74, 0x6c, 0x5f, 0x75, 0x2e, 0x6c, 0x69, 0x67, 0x68, // os - _mtl_u.ligh
	0x74, 0x43, 0x65, 0x6e, 0x74, 0x65, 0x72, 0x5f, 0x6d, 0x61, 0x78, 0x52, 0x61, 0x6e, 0x67, 0x65, // tCenter_maxRange
	0x2e, 0x78, 0x79, 0x7a, 0x3b, 0x0a, 0x20, 0x20, 0x20, 0x20, 0x66, 0x6c, 0x6f, 0x61, 0x74, 0x20, // .xyz;.    float 
	0x5f, 0x32, 0x39, 0x39, 0x20, 0x3d, 0x20, 0x6c, 0x65, 0x6e, 0x67, 0x74, 0x68, 0x28, 0x5f, 0x32, // _299 = length(_2
	0x39, 0x37, 0x29, 0x3b, 0x0a, 0x20, 0x20, 0x20, 0x20, 0x66, 0x6c, 0x6f, 0x61, 0x74, 0x20, 0x5f, // 97);.    float _
	0x33, 0x30, 0x33, 0x20, 0x3d, 0x20, 0x5f, 0x32, 0x39, 0x39, 0x20, 0x2a, 0x20, 0x5f, 0x6d, 0x74, // 303 = _299 * _mt
	0x6c, 0x5f, 0x75, 0x2e, 0x6c, 0x69, 0x67, 0x68, 0x74, 0x43, 0x65, 0x6e, 0x74, 0x65, 0x72, 0x5f, // l_u.lightCenter_
	0x6d, 0x61, 0x78, 0x52, 0x61, 0x6e, 0x67, 0x65, 0x2e, 0x77, 0x3b, 0x0a, 0x20, 0x20, 0x20, 0x20, // maxRange.w;.    
	0x66, 0x6c, 0x6f, 0x61, 0x74, 0x33, 0x20, 0x5f, 0x33, 0x33, 0x30, 0x20, 0x3d, 0x20, 0x6d, 0x69, // float3 _330 = mi
	0x78, 0x28, 0x5f, 0x6d, 0x74, 0x6c, 0x5f, 0x75, 0x2e, 0x6c, 0x69, 0x67, 0x68, 0x74, 0x43, 0x6f, // x(_mtl_u.lightCo
	0x6c, 0x6f, 0x72, 0x32, 0x5f, 0x66, 0x61, 0x6c, 0x6c, 0x6f, 0x66, 0x66, 0x5f, 0x70, 0x6f, 0x77, // lor2_falloff_pow
	0x65, 0x72, 0x2e, 0x78, 0x79, 0x7a, 0x2c, 0x20, 0x5f, 0x6d, 0x74, 0x6c, 0x5f, 0x75, 0x2e, 0x6c, // er.xyz, _mtl_u.l
	0x69, 0x67, 0x68, 0x74, 0x43, 0x6f, 0x6c, 0x6f, 0x72, 0x5f, 0x69, 0x6e, 0x74, 0x65, 0x6e, 0x73, // ightColor_intens
	0x69, 0x74, 0x79, 0x2e, 0x78, 0x79, 0x7a, 0x2c, 0x20, 0x66, 0x6c, 0x6f, 0x61, 0x74, 0x33, 0x28, // ity.xyz, float3(
	0x73, 0x71, 0x72, 0x74, 0x28, 0x5f, 0x33, 0x30, 0x33, 0x29, 0x29, 0x29, 0x20, 0x2a, 0x20, 0x28, // sqrt(_303))) * (
	0x28, 0x28, 0x2d, 0x5f, 0x6d, 0x74, 0x6c, 0x5f, 0x75, 0x2e, 0x62, 0x6c, 0x65, 0x6e, 0x64, 0x5f, // ((-_mtl_u.blend_
	0x6d, 0x6f, 0x64, 0x75, 0x6c, 0x61, 0x74, 0x65, 0x5f, 0x76, 0x73, 0x5f, 0x61, 0x64, 0x64, 0x2e, // modulate_vs_add.
	0x78, 0x29, 0x20, 0x2a, 0x20, 0x70, 0x6f, 0x77, 0x72, 0x28, 0x66, 0x61, 0x73, 0x74, 0x3a, 0x3a, // x) * powr(fast::
	0x6d, 0x61, 0x78, 0x28, 0x31, 0x2e, 0x30, 0x20, 0x2d, 0x20, 0x66, 0x61, 0x73, 0x74, 0x3a, 0x3a, // max(1.0 - fast::
	0x63, 0x6c, 0x61, 0x6d, 0x70, 0x28, 0x5f, 0x33, 0x30, 0x33, 0x2c, 0x20, 0x30, 0x2e, 0x30, 0x2c, // clamp(_303, 0.0,
	0x20, 0x31, 0x2e, 0x30, 0x29, 0x2c, 0x20, 0x39, 0x2e, 0x39, 0x39, 0x39, 0x39, 0x39, 0x39, 0x37, //  1.0), 9.9999997
	0x34, 0x37, 0x33, 0x37, 0x38, 0x37, 0x35, 0x31, 0x36, 0x33, 0x35, 0x35, 0x35, 0x31, 0x34, 0x35, // 4737875163555145
	0x32, 0x36, 0x33, 0x36, 0x37, 0x31, 0x38, 0x38, 0x65, 0x2d, 0x30, 0x35, 0x29, 0x2c, 0x20, 0x5f, // 26367188e-05), _
	0x6d, 0x74, 0x6c, 0x5f, 0x75, 0x2e, 0x6c, 0x69, 0x67, 0x68, 0x74, 0x43, 0x6f, 0x6c, 0x6f, 0x72, // mtl_u.lightColor
	0x32, 0x5f, 0x66, 0x61, 0x6c, 0x6c, 0x6f, 0x66, 0x66, 0x5f, 0x70, 0x6f, 0x77, 0x65, 0x72, 0x2e, // 2_falloff_power.
	0x77, 0x29, 0x29, 0x20, 0x2a, 0x20, 0x5f, 0x6d, 0x74, 0x6c, 0x5f, 0x75, 0x2e, 0x6c, 0x69, 0x67, // w)) * _mtl_u.lig
	0x68, 0x74, 0x43, 0x6f, 0x6c, 0x6f, 0x72, 0x5f, 0x69, 0x6e, 0x74, 0x65, 0x6e, 0x73, 0x69, 0x74, // htColor_intensit
	0x79, 0x2e, 0x77, 0x29, 0x3b, 0x0a, 0x20, 0x20, 0x20, 0x20, 0x66, 0x6c, 0x6f, 0x61, 0x74, 0x34, // y.w);.    float4
	0x20, 0x5f, 0x34, 0x37, 0x35, 0x3b, 0x0a, 0x20, 0x20, 0x20, 0x20, 0x5f, 0x34, 0x37, 0x35, 0x2e, //  _475;.    _475.
	0x78, 0x20, 0x3d, 0x20, 0x5f, 0x33, 0x33, 0x30, 0x2e, 0x78, 0x3b, 0x0a, 0x20, 0x20, 0x20, 0x20, // x = _330.x;.    
	0x5f, 0x34, 0x37, 0x35, 0x2e, 0x79, 0x20, 0x3d, 0x20, 0x5f, 0x33, 0x33, 0x30, 0x2e, 0x79, 0x3b, // _475.y = _330.y;
	0x0a, 0x20, 0x20, 0x20, 0x20, 0x5f, 0x34, 0x37, 0x35, 0x2e, 0x7a, 0x20, 0x3d, 0x20, 0x5f, 0x33, // .    _475.z = _3
	0x33, 0x30, 0x2e, 0x7a, 0x3b, 0x0a, 0x20, 0x20, 0x20, 0x20, 0x66, 0x6c, 0x6f, 0x61, 0x74, 0x20, // 30.z;.    float 
	0x5f, 0x34, 0x36, 0x38, 0x3b, 0x0a, 0x20, 0x20, 0x20, 0x20, 0x64, 0x6f, 0x0a, 0x20, 0x20, 0x20, // _468;.    do.   
	0x20, 0x7b, 0x0a, 0x20, 0x20, 0x20, 0x20, 0x20, 0x20, 0x20, 0x20, 0x66, 0x6c, 0x6f, 0x61, 0x74, //  {.        float
	0x20, 0x5f, 0x34, 0x36, 0x32, 0x3b, 0x0a, 0x20, 0x20, 0x20, 0x20, 0x20, 0x20, 0x20, 0x20, 0x5f, //  _462;.        _
	0x34, 0x36, 0x32, 0x20, 0x3d, 0x20, 0x31, 0x2e, 0x30, 0x3b, 0x0a, 0x20, 0x20, 0x20, 0x20, 0x20, // 462 = 1.0;.     
	0x20, 0x20, 0x20, 0x62, 0x6f, 0x6f, 0x6c, 0x20, 0x5f, 0x34, 0x36, 0x34, 0x3b, 0x0a, 0x20, 0x20, //    bool _464;.  
	0x20, 0x20, 0x20, 0x20, 0x20, 0x20, 0x66, 0x6c, 0x6f, 0x61, 0x74, 0x20, 0x5f, 0x34, 0x36, 0x39, //       float _469
	0x3b, 0x0a, 0x20, 0x20, 0x20, 0x20, 0x20, 0x20, 0x20, 0x20, 0x66, 0x6c, 0x6f, 0x61, 0x74, 0x20, // ;.        float 
	0x5f, 0x34, 0x37, 0x33, 0x3b, 0x0a, 0x20, 0x20, 0x20, 0x20, 0x20, 0x20, 0x20, 0x20, 0x69, 0x6e, // _473;.        in
	0x74, 0x20, 0x5f, 0x34, 0x36, 0x31, 0x20, 0x3d, 0x20, 0x30, 0x3b, 0x0a, 0x20, 0x20, 0x20, 0x20, // t _461 = 0;.    
	0x20, 0x20, 0x20, 0x20, 0x66, 0x6f, 0x72, 0x20, 0x28, 0x3b, 0x3b, 0x29, 0x0a, 0x20, 0x20, 0x20, //     for (;;).   
	0x20, 0x20, 0x20, 0x20, 0x20, 0x7b, 0x0a, 0x20, 0x20, 0x20, 0x20, 0x20, 0x20, 0x20, 0x20, 0x20, //      {.         
	0x20, 0x20, 0x20, 0x69, 0x66, 0x20, 0x28, 0x5f, 0x34, 0x36, 0x31, 0x20, 0x3c, 0x20, 0x38, 0x29, //    if (_461 < 8)
	0x0a, 0x20, 0x20, 0x20, 0x20, 0x20, 0x20, 0x20, 0x20, 0x20, 0x20, 0x20, 0x20, 0x7b, 0x0a, 0x20, // .            {. 
	0x20, 0x20, 0x20, 0x20, 0x20, 0x20, 0x20, 0x20, 0x20, 0x20, 0x20, 0x20, 0x20, 0x20, 0x20, 0x69, //                i
	0x66, 0x20, 0x28, 0x5f, 0x6d, 0x74, 0x6c, 0x5f, 0x75, 0x2e, 0x62, 0x61, 0x6c, 0x6c, 0x73, 0x5b, // f (_mtl_u.balls[
	0x5f, 0x34, 0x36, 0x31, 0x5d, 0x2e, 0x77, 0x20, 0x3d, 0x3d, 0x20, 0x30, 0x2e, 0x30, 0x29, 0x0a, // _461].w == 0.0).
	0x20, 0x20, 0x20, 0x20, 0x20, 0x20, 0x20, 0x20, 0x20, 0x20, 0x20, 0x20, 0x20, 0x20, 0x20, 0x20, //                 
	0x7b, 0x0a, 0x20, 0x20, 0x20, 0x20, 0x20, 0x20, 0x20, 0x20, 0x20, 0x20, 0x20, 0x20, 0x20, 0x20, // {.              
	0x20, 0x20, 0x20, 0x20, 0x20, 0x20, 0x5f, 0x34, 0x36, 0x39, 0x20, 0x3d, 0x20, 0x5f, 0x34, 0x36, //       _469 = _46
	0x32, 0x3b, 0x0a, 0x20, 0x20, 0x20, 0x20, 0x20, 0x20, 0x20, 0x20, 0x20, 0x20, 0x20, 0x20, 0x20, // 2;.             
	0x20, 0x20, 0x20, 0x20, 0x20, 0x20, 0x20, 0x5f, 0x34, 0x36, 0x34, 0x20, 0x3d, 0x20, 0x74, 0x72, //        _464 = tr
	0x75, 0x65, 0x3b, 0x0a, 0x20, 0x20, 0x20, 0x20, 0x20, 0x20, 0x20, 0x20, 0x20, 0x20, 0x20, 0x20, // ue;.            
	0x20, 0x20, 0x20, 0x20, 0x20, 0x20, 0x20, 0x20, 0x62, 0x72, 0x65, 0x61, 0x6b, 0x3b, 0x0a, 0x20, //         break;. 
	0x20, 0x20, 0x20, 0x20, 0x20, 0x20, 0x20, 0x20, 0x20, 0x20, 0x20, 0x20, 0x20, 0x20, 0x20, 0x7d, //                }
	0x0a, 0x20, 0x20, 0x20, 0x20, 0x20, 0x20, 0x20, 0x20, 0x20, 0x20, 0x20, 0x20, 0x20, 0x20, 0x20, // .               
	0x20, 0x66, 0x6c, 0x6f, 0x61, 0x74, 0x33, 0x20, 0x5f, 0x34, 0x30, 0x30, 0x20, 0x3d, 0x20, 0x5f, //  float3 _400 = _
	0x6d, 0x74, 0x6c, 0x5f, 0x75, 0x2e, 0x62, 0x61, 0x6c, 0x6c, 0x73, 0x5b, 0x5f, 0x34, 0x36, 0x31, // mtl_u.balls[_461
	0x5d, 0x2e, 0x78, 0x79, 0x7a, 0x20, 0x2d, 0x20, 0x5f, 0x6d, 0x74, 0x6c, 0x5f, 0x75, 0x2e, 0x6c, // ].xyz - _mtl_u.l
	0x69, 0x67, 0x68, 0x74, 0x43, 0x65, 0x6e, 0x74, 0x65, 0x72, 0x5f, 0x6d, 0x61, 0x78, 0x52, 0x61, // ightCenter_maxRa
	0x6e, 0x67, 0x65, 0x2e, 0x78, 0x79, 0x7a, 0x3b, 0x0a, 0x20, 0x20, 0x20, 0x20, 0x20, 0x20, 0x20, // nge.xyz;.       
	0x20, 0x20, 0x20, 0x20, 0x20, 0x20, 0x20, 0x20, 0x20, 0x66, 0x6c, 0x6f, 0x61, 0x74, 0x20, 0x5f, //          float _
	0x34, 0x30, 0x34, 0x20, 0x3d, 0x20, 0x64, 0x6f, 0x74, 0x28, 0x5f, 0x34, 0x30, 0x30, 0x2c, 0x20, // 404 = dot(_400, 
	0x5f, 0x32, 0x39, 0x37, 0x29, 0x20, 0x2f, 0x20, 0x28, 0x5f, 0x32, 0x39, 0x39, 0x20, 0x2a, 0x20, // _297) / (_299 * 
	0x5f, 0x32, 0x39, 0x39, 0x29, 0x3b, 0x0a, 0x20, 0x20, 0x20, 0x20, 0x20, 0x20, 0x20, 0x20, 0x20, // _299);.         
	0x20, 0x20, 0x20, 0x20, 0x20, 0x20, 0x20, 0x69, 0x66, 0x20, 0x28, 0x28, 0x5f, 0x34, 0x30, 0x34, //        if ((_404
	0x20, 0x3e, 0x20, 0x30, 0x2e, 0x30, 0x29, 0x20, 0x26, 0x26, 0x20, 0x28, 0x5f, 0x34, 0x30, 0x34, //  > 0.0) && (_404
	0x20, 0x3c, 0x20, 0x31, 0x2e, 0x30, 0x29, 0x29, 0x0a, 0x20, 0x20, 0x20, 0x20, 0x20, 0x20, 0x20, //  < 1.0)).       
	0x20, 0x20, 0x20, 0x20, 0x20, 0x20, 0x20, 0x20, 0x20, 0x7b, 0x0a, 0x20, 0x20, 0x20, 0x20, 0x20, //          {.     
	0x20, 0x20, 0x20, 0x20, 0x20, 0x20, 0x20, 0x20, 0x20, 0x20, 0x20, 0x20, 0x20, 0x20, 0x20, 0x66, //                f
	0x6c, 0x6f, 0x61, 0x74, 0x20, 0x5f, 0x34, 0x31, 0x39, 0x20, 0x3d, 0x20, 0x35, 0x2e, 0x30, 0x20, // loat _419 = 5.0 
	0x2d, 0x20, 0x28, 0x35, 0x2e, 0x30, 0x20, 0x2a, 0x20, 0x5f, 0x34, 0x30, 0x34, 0x29, 0x3b, 0x0a, // - (5.0 * _404);.
	0x20, 0x20, 0x20, 0x20, 0x20, 0x20, 0x20, 0x20, 0x20, 0x20, 0x20, 0x20, 0x20, 0x20, 0x20, 0x20, //                 
	0x20, 0x20, 0x20, 0x20, 0x66, 0x6c, 0x6f, 0x61, 0x74, 0x20, 0x5f, 0x34, 0x32, 0x31, 0x20, 0x3d, //     float _421 =
	0x20, 0x5f, 0x34, 0x30, 0x30, 0x2e, 0x78, 0x3b, 0x0a, 0x20, 0x20, 0x20, 0x20, 0x20, 0x20, 0x20, //  _400.x;.       
	0x20, 0x20, 0x20, 0x20, 0x20, 0x20, 0x20, 0x20, 0x20, 0x20, 0x20, 0x20, 0x20, 0x66, 0x6c, 0x6f, //              flo
	0x61, 0x74, 0x20, 0x5f, 0x34, 0x32, 0x36, 0x20, 0x3d, 0x20, 0x5f, 0x34, 0x30, 0x30, 0x2e, 0x79, // at _426 = _400.y
	0x3b, 0x0a, 0x20, 0x20, 0x20, 0x20, 0x20, 0x20, 0x20, 0x20, 0x20, 0x20, 0x20, 0x20, 0x20, 0x20, // ;.              
	0x20, 0x20, 0x20, 0x20, 0x20, 0x20, 0x5f, 0x34, 0x37, 0x33, 0x20, 0x3d, 0x20, 0x5f, 0x34, 0x36, //       _473 = _46
	0x32, 0x20, 0x2a, 0x20, 0x28, 0x31, 0x2e, 0x30, 0x20, 0x2b, 0x20, 0x28, 0x66, 0x61, 0x73, 0x74, // 2 * (1.0 + (fast
	0x3a, 0x3a, 0x63, 0x6c, 0x61, 0x6d, 0x70, 0x28, 0x28, 0x28, 0x5f, 0x34, 0x32, 0x31, 0x20, 0x2a, // ::clamp(((_421 *
	0x20, 0x5f, 0x34, 0x32, 0x31, 0x29, 0x20, 0x2b, 0x20, 0x28, 0x5f, 0x34, 0x32, 0x36, 0x20, 0x2a, //  _421) + (_426 *
	0x20, 0x5f, 0x34, 0x32, 0x36, 0x29, 0x29, 0x20, 0x2f, 0x20, 0x28, 0x5f, 0x6d, 0x74, 0x6c, 0x5f, //  _426)) / (_mtl_
	0x75, 0x2e, 0x62, 0x61, 0x6c, 0x6c, 0x73, 0x5b, 0x5f, 0x34, 0x36, 0x31, 0x5d, 0x2e, 0x77, 0x20, // u.balls[_461].w 
	0x2a, 0x20, 0x5f, 0x6d, 0x74, 0x6c, 0x5f, 0x75, 0x2e, 0x62, 0x61, 0x6c, 0x6c, 0x73, 0x5b, 0x5f, // * _mtl_u.balls[_
	0x34, 0x36, 0x31, 0x5d, 0x2e, 0x77, 0x29, 0x2c, 0x20, 0x30, 0x2e, 0x30, 0x2c, 0x20, 0x31, 0x2e, // 461].w), 0.0, 1.
	0x30, 0x29, 0x20, 0x2a, 0x20, 0x28, 0x28, 0x2d, 0x30, 0x2e, 0x38, 0x39, 0x39, 0x39, 0x39, 0x39, // 0) * ((-0.899999
	0x39, 0x37, 0x36, 0x31, 0x35, 0x38, 0x31, 0x34, 0x32, 0x30, 0x38, 0x39, 0x38, 0x34, 0x33, 0x37, // 9761581420898437
	0x35, 0x29, 0x20, 0x2b, 0x20, 0x28, 0x30, 0x2e, 0x38, 0x39, 0x39, 0x39, 0x39, 0x39, 0x39, 0x37, // 5) + (0.89999997
	0x36, 0x31, 0x35, 0x38, 0x31, 0x34, 0x32, 0x30, 0x38, 0x39, 0x38, 0x34, 0x33, 0x37, 0x35, 0x20, // 615814208984375 
	0x2a, 0x20, 0x73, 0x6d, 0x6f, 0x6f, 0x74, 0x68, 0x73, 0x74, 0x65, 0x70, 0x28, 0x5f, 0x6d, 0x74, // * smoothstep(_mt
	0x6c, 0x5f, 0x75, 0x2e, 0x62, 0x61, 0x6c, 0x6c, 0x73, 0x5b, 0x5f, 0x34, 0x36, 0x31, 0x5d, 0x2e, // l_u.balls[_461].
	0x77, 0x20, 0x2d, 0x20, 0x5f, 0x34, 0x31, 0x39, 0x2c, 0x20, 0x5f, 0x6d, 0x74, 0x6c, 0x5f, 0x75, // w - _419, _mtl_u
	0x2e, 0x62, 0x61, 0x6c, 0x6c, 0x73, 0x5b, 0x5f, 0x34, 0x36, 0x31, 0x5d, 0x2e, 0x77, 0x20, 0x2b, // .balls[_461].w +
	0x20, 0x5f, 0x34, 0x31, 0x39, 0x2c, 0x20, 0x6c, 0x65, 0x6e, 0x67, 0x74, 0x68, 0x28, 0x5f, 0x34, //  _419, length(_4
	0x30, 0x30, 0x20, 0x2d, 0x20, 0x28, 0x5f, 0x32, 0x39, 0x37, 0x20, 0x2a, 0x20, 0x5f, 0x34, 0x30, // 00 - (_297 * _40
	0x34, 0x29, 0x29, 0x29, 0x29, 0x29, 0x29, 0x29, 0x3b, 0x0a, 0x20, 0x20, 0x20, 0x20, 0x20, 0x20, // 4)))))));.      
	0x20, 0x20, 0x20, 0x20, 0x20, 0x20, 0x20, 0x20, 0x20, 0x20, 0x7d, 0x0a, 0x20, 0x20, 0x20, 0x20, //           }.    
	0x20, 0x20, 0x20, 0x20, 0x20, 0x20, 0x20, 0x20, 0x20, 0x20, 0x20, 0x20, 0x65, 0x6c, 0x73, 0x65, //             else
	0x0a, 0x20, 0x20, 0x20, 0x20, 0x20, 0x20, 0x20, 0x20, 0x20, 0x20, 0x20, 0x20, 0x20, 0x20, 0x20, // .               
	0x20, 0x7b, 0x0a, 0x20, 0x20, 0x20, 0x20, 0x20, 0x20, 0x20, 0x20, 0x20, 0x20, 0x20, 0x20, 0x20, //  {.             
	0x20, 0x20, 0x20, 0x20, 0x20, 0x20, 0x20, 0x5f, 0x34, 0x37, 0x33, 0x20, 0x3d, 0x20, 0x5f, 0x34, //        _473 = _4
	0x36, 0x32, 0x3b, 0x0a, 0x20, 0x20, 0x20, 0x20, 0x20, 0x20, 0x20, 0x20, 0x20, 0x20, 0x20, 0x20, // 62;.            
	0x20, 0x20, 0x20, 0x20, 0x7d, 0x0a, 0x20, 0x20, 0x20, 0x20, 0x20, 0x20, 0x20, 0x20, 0x20, 0x20, //     }.          
	0x20, 0x20, 0x20, 0x20, 0x20, 0x20, 0x5f, 0x34, 0x36, 0x32, 0x20, 0x3d, 0x20, 0x5f, 0x34, 0x37, //       _462 = _47
	0x33, 0x3b, 0x0a, 0x20, 0x20, 0x20, 0x20, 0x20, 0x20, 0x20, 0x20, 0x20, 0x20, 0x20, 0x20, 0x20, // 3;.             
	0x20, 0x20, 0x20, 0x5f, 0x34, 0x36, 0x31, 0x2b, 0x2b, 0x3b, 0x0a, 0x20, 0x20, 0x20, 0x20, 0x20, //    _461++;.     
	0x20, 0x20, 0x20, 0x20, 0x20, 0x20, 0x20, 0x20, 0x20, 0x20, 0x20, 0x63, 0x6f, 0x6e, 0x74, 0x69, //            conti
	0x6e, 0x75, 0x65, 0x3b, 0x0a, 0x20, 0x20, 0x20, 0x20, 0x20, 0x20, 0x20, 0x20, 0x20, 0x20, 0x20, // nue;.           
	0x20, 0x7d, 0x0a, 0x20, 0x20, 0x20, 0x20, 0x20, 0x20, 0x20, 0x20, 0x20, 0x20, 0x20, 0x20, 0x65, //  }.            e
	0x6c, 0x73, 0x65, 0x0a, 0x20, 0x20, 0x20, 0x20, 0x20, 0x20, 0x20, 0x20, 0x20, 0x20, 0x20, 0x20, // lse.            
	0x7b, 0x0a, 0x20, 0x20, 0x20, 0x20, 0x20, 0x20, 0x20, 0x20, 0x20, 0x20, 0x20, 0x20, 0x20, 0x20, // {.              
	0x20, 0x20, 0x5f, 0x34, 0x36, 0x39, 0x20, 0x3d, 0x20, 0x5f, 0x34, 0x37, 0x31, 0x3b, 0x0a, 0x20, //   _469 = _471;. 
	0x20, 0x20, 0x20, 0x20, 0x20, 0x20, 0x20, 0x20, 0x20, 0x20, 0x20, 0x20, 0x20, 0x20, 0x20, 0x5f, //                _
	0x34, 0x36, 0x34, 0x20, 0x3d, 0x20, 0x66, 0x61, 0x6c, 0x73, 0x65, 0x3b, 0x0a, 0x20, 0x20, 0x20, // 464 = false;.   
	0x20, 0x20, 0x20, 0x20, 0x20, 0x20, 0x20, 0x20, 0x20, 0x20, 0x20, 0x20, 0x20, 0x62, 0x72, 0x65, //              bre
	0x61, 0x6b, 0x3b, 0x0a, 0x20, 0x20, 0x20, 0x20, 0x20, 0x20, 0x20, 0x20, 0x20, 0x20, 0x20, 0x20, // ak;.            
	0x7d, 0x0a, 0x20, 0x20, 0x20, 0x20, 0x20, 0x20, 0x20, 0x20, 0x7d, 0x0a, 0x20, 0x20, 0x20, 0x20, // }.        }.    
	0x20, 0x20, 0x20, 0x20, 0x69, 0x66, 0x20, 0x28, 0x5f, 0x34, 0x36, 0x34, 0x29, 0x0a, 0x20, 0x20, //     if (_464).  
	0x20, 0x20, 0x20, 0x20, 0x20, 0x20, 0x7b, 0x0a, 0x20, 0x20, 0x20, 0x20, 0x20, 0x20, 0x20, 0x20, //       {.        
	0x20, 0x20, 0x20, 0x20, 0x5f, 0x34, 0x36, 0x38, 0x20, 0x3d, 0x20, 0x5f, 0x34, 0x36, 0x39, 0x3b, //     _468 = _469;
	0x0a, 0x20, 0x20, 0x20, 0x20, 0x20, 0x20, 0x20, 0x20, 0x20, 0x20, 0x20, 0x20, 0x62, 0x72, 0x65, // .            bre
	0x61, 0x6b, 0x3b, 0x0a, 0x20, 0x20, 0x20, 0x20, 0x20, 0x20, 0x20, 0x20, 0x7d, 0x0a, 0x20, 0x20, // ak;.        }.  
	0x20, 0x20, 0x20, 0x20, 0x20, 0x20, 0x5f, 0x34, 0x36, 0x38, 0x20, 0x3d, 0x20, 0x5f, 0x34, 0x36, //       _468 = _46
	0x32, 0x3b, 0x0a, 0x20, 0x20, 0x20, 0x20, 0x20, 0x20, 0x20, 0x20, 0x62, 0x72, 0x65, 0x61, 0x6b, // 2;.        break
	0x3b, 0x0a, 0x20, 0x20, 0x20, 0x20, 0x7d, 0x20, 0x77, 0x68, 0x69, 0x6c, 0x65, 0x28, 0x66, 0x61, // ;.    } while(fa
	0x6c, 0x73, 0x65, 0x29, 0x3b, 0x0a, 0x20, 0x20, 0x20, 0x20, 0x6f, 0x75, 0x74, 0x2e, 0x62, 0x67, // lse);.    out.bg
	0x66, 0x78, 0x5f, 0x46, 0x72, 0x61, 0x67, 0x44, 0x61, 0x74, 0x61, 0x30, 0x20, 0x3d, 0x20, 0x66, // fx_FragData0 = f
	0x6c, 0x6f, 0x61, 0x74, 0x34, 0x28, 0x5f, 0x34, 0x37, 0x35, 0x2e, 0x78, 0x79, 0x7a, 0x20, 0x2a, // loat4(_475.xyz *
	0x20, 0x5f, 0x34, 0x36, 0x38, 0x2c, 0x20, 0x28, 0x31, 0x2e, 0x30, 0x20, 0x2f, 0x20, 0x5f, 0x6d, //  _468, (1.0 / _m
	0x74, 0x6c, 0x5f, 0x75, 0x2e, 0x62, 0x6c, 0x65, 0x6e, 0x64, 0x5f, 0x6d, 0x6f, 0x64, 0x75, 0x6c, // tl_u.blend_modul
	0x61, 0x74, 0x65, 0x5f, 0x76, 0x73, 0x5f, 0x61, 0x64, 0x64, 0x2e, 0x78, 0x29, 0x20, 0x2d, 0x20, // ate_vs_add.x) - 
	0x31, 0x2e, 0x30, 0x29, 0x3b, 0x0a, 0x20, 0x20, 0x20, 0x20, 0x72, 0x65, 0x74, 0x75, 0x72, 0x6e, // 1.0);.    return
	0x20, 0x6f, 0x75, 0x74, 0x3b, 0x0a, 0x7d, 0x0a, 0x0a, 0x00, 0x00, 0xc0, 0x00,                   //  out;.}......
};
static const uint8_t fs_light_ballshadow_noclip_essl[2807] =
{
	0x46, 0x53, 0x48, 0x0c, 0x5e, 0xda, 0xa3, 0x5f, 0x00, 0x00, 0x00, 0x00, 0x00, 0x00, 0x00, 0x00, // FSH.^.._........
	0x00, 0x00, 0x00, 0x00, 0x05, 0x00, 0x05, 0x62, 0x61, 0x6c, 0x6c, 0x73, 0x02, 0x08, 0x00, 0x00, // .......balls....
	0x08, 0x00, 0x00, 0x00, 0x00, 0x00, 0x14, 0x6c, 0x69, 0x67, 0x68, 0x74, 0x43, 0x65, 0x6e, 0x74, // .......lightCent
	0x65, 0x72, 0x5f, 0x6d, 0x61, 0x78, 0x52, 0x61, 0x6e, 0x67, 0x65, 0x02, 0x01, 0x00, 0x00, 0x01, // er_maxRange.....
	0x00, 0x00, 0x00, 0x00, 0x00, 0x19, 0x6c, 0x69, 0x67, 0x68, 0x74, 0x43, 0x6f, 0x6c, 0x6f, 0x72, // ......lightColor
	0x32, 0x5f, 0x66, 0x61, 0x6c, 0x6c, 0x6f, 0x66, 0x66, 0x5f, 0x70, 0x6f, 0x77, 0x65, 0x72, 0x02, // 2_falloff_power.
	0x01, 0x00, 0x00, 0x01, 0x00, 0x00, 0x00, 0x00, 0x00, 0x14, 0x6c, 0x69, 0x67, 0x68, 0x74, 0x43, // ..........lightC
	0x6f, 0x6c, 0x6f, 0x72, 0x5f, 0x69, 0x6e, 0x74, 0x65, 0x6e, 0x73, 0x69, 0x74, 0x79, 0x02, 0x01, // olor_intensity..
	0x00, 0x00, 0x01, 0x00, 0x00, 0x00, 0x00, 0x00, 0x15, 0x62, 0x6c, 0x65, 0x6e, 0x64, 0x5f, 0x6d, // .........blend_m
	0x6f, 0x64, 0x75, 0x6c, 0x61, 0x74, 0x65, 0x5f, 0x76, 0x73, 0x5f, 0x61, 0x64, 0x64, 0x02, 0x01, // odulate_vs_add..
	0x00, 0x00, 0x01, 0x00, 0x00, 0x00, 0x00, 0x00, 0x4a, 0x0a, 0x00, 0x00, 0x70, 0x72, 0x65, 0x63, // ........J...prec
	0x69, 0x73, 0x69, 0x6f, 0x6e, 0x20, 0x6d, 0x65, 0x64, 0x69, 0x75, 0x6d, 0x70, 0x20, 0x66, 0x6c, // ision mediump fl
	0x6f, 0x61, 0x74, 0x3b, 0x0a, 0x70, 0x72, 0x65, 0x63, 0x69, 0x73, 0x69, 0x6f, 0x6e, 0x20, 0x68, // oat;.precision h
	0x69, 0x67, 0x68, 0x70, 0x20, 0x69, 0x6e, 0x74, 0x3b, 0x0a, 0x0a, 0x66, 0x6c, 0x6f, 0x61, 0x74, // ighp int;..float
	0x20, 0x5f, 0x33, 0x35, 0x37, 0x3b, 0x0a, 0x0a, 0x75, 0x6e, 0x69, 0x66, 0x6f, 0x72, 0x6d, 0x20, //  _357;..uniform 
	0x68, 0x69, 0x67, 0x68, 0x70, 0x20, 0x76, 0x65, 0x63, 0x34, 0x20, 0x62, 0x61, 0x6c, 0x6c, 0x73, // highp vec4 balls
	0x5b, 0x38, 0x5d, 0x3b, 0x0a, 0x75, 0x6e, 0x69, 0x66, 0x6f, 0x72, 0x6d, 0x20, 0x68, 0x69, 0x67, // [8];.uniform hig
	0x68, 0x70, 0x20, 0x76, 0x65, 0x63, 0x34, 0x20, 0x6c, 0x69, 0x67, 0x68, 0x74, 0x43, 0x65, 0x6e, // hp vec4 lightCen
	0x74, 0x65, 0x72, 0x5f, 0x6d, 0x61, 0x78, 0x52, 0x61, 0x6e, 0x67, 0x65, 0x3b, 0x0a, 0x75, 0x6e, // ter_maxRange;.un
	0x69, 0x66, 0x6f, 0x72, 0x6d, 0x20, 0x68, 0x69, 0x67, 0x68, 0x70, 0x20, 0x76, 0x65, 0x63, 0x34, // iform highp vec4
	0x20, 0x6c, 0x69, 0x67, 0x68, 0x74, 0x43, 0x6f, 0x6c, 0x6f, 0x72, 0x32, 0x5f, 0x66, 0x61, 0x6c, //  lightColor2_fal
	0x6c, 0x6f, 0x66, 0x66, 0x5f, 0x70, 0x6f, 0x77, 0x65, 0x72, 0x3b, 0x0a, 0x75, 0x6e, 0x69, 0x66, // loff_power;.unif
	0x6f, 0x72, 0x6d, 0x20, 0x68, 0x69, 0x67, 0x68, 0x70, 0x20, 0x76, 0x65, 0x63, 0x34, 0x20, 0x6c, // orm highp vec4 l
	0x69, 0x67, 0x68, 0x74, 0x43, 0x6f, 0x6c, 0x6f, 0x72, 0x5f, 0x69, 0x6e, 0x74, 0x65, 0x6e, 0x73, // ightColor_intens
	0x69, 0x74, 0x79, 0x3b, 0x0a, 0x75, 0x6e, 0x69, 0x66, 0x6f, 0x72, 0x6d, 0x20, 0x68, 0x69, 0x67, // ity;.uniform hig
	0x68, 0x70, 0x20, 0x76, 0x65, 0x63, 0x34, 0x20, 0x62, 0x6c, 0x65, 0x6e, 0x64, 0x5f, 0x6d, 0x6f, // hp vec4 blend_mo
	0x64, 0x75, 0x6c, 0x61, 0x74, 0x65, 0x5f, 0x76, 0x73, 0x5f, 0x61, 0x64, 0x64, 0x3b, 0x0a, 0x0a, // dulate_vs_add;..
	0x69, 0x6e, 0x20, 0x68, 0x69, 0x67, 0x68, 0x70, 0x20, 0x76, 0x65, 0x63, 0x33, 0x20, 0x76, 0x5f, // in highp vec3 v_
	0x74, 0x61, 0x62, 0x6c, 0x65, 0x50, 0x6f, 0x73, 0x3b, 0x0a, 0x6c, 0x61, 0x79, 0x6f, 0x75, 0x74, // tablePos;.layout
	0x28, 0x6c, 0x6f, 0x63, 0x61, 0x74, 0x69, 0x6f, 0x6e, 0x20, 0x3d, 0x20, 0x30, 0x29, 0x20, 0x6f, // (location = 0) o
	0x75, 0x74, 0x20, 0x68, 0x69, 0x67, 0x68, 0x70, 0x20, 0x76, 0x65, 0x63, 0x34, 0x20, 0x62, 0x67, // ut highp vec4 bg
	0x66, 0x78, 0x5f, 0x46, 0x72, 0x61, 0x67, 0x43, 0x6f, 0x6c, 0x6f, 0x72, 0x3b, 0x0a, 0x0a, 0x76, // fx_FragColor;..v
	0x6f, 0x69, 0x64, 0x20, 0x6d, 0x61, 0x69, 0x6e, 0x28, 0x29, 0x0a, 0x7b, 0x0a, 0x20, 0x20, 0x20, // oid main().{.   
	0x20, 0x68, 0x69, 0x67, 0x68, 0x70, 0x20, 0x76, 0x65, 0x63, 0x33, 0x20, 0x5f, 0x31, 0x34, 0x31, //  highp vec3 _141
	0x20, 0x3d, 0x20, 0x76, 0x5f, 0x74, 0x61, 0x62, 0x6c, 0x65, 0x50, 0x6f, 0x73, 0x20, 0x2d, 0x20, //  = v_tablePos - 
	0x6c, 0x69, 0x67, 0x68, 0x74, 0x43, 0x65, 0x6e, 0x74, 0x65, 0x72, 0x5f, 0x6d, 0x61, 0x78, 0x52, // lightCenter_maxR
	0x61, 0x6e, 0x67, 0x65, 0x2e, 0x78, 0x79, 0x7a, 0x3b, 0x0a, 0x20, 0x20, 0x20, 0x20, 0x68, 0x69, // ange.xyz;.    hi
	0x67, 0x68, 0x70, 0x20, 0x66, 0x6c, 0x6f, 0x61, 0x74, 0x20, 0x5f, 0x31, 0x34, 0x34, 0x20, 0x3d, // ghp float _144 =
	0x20, 0x6c, 0x65, 0x6e, 0x67, 0x74, 0x68, 0x28, 0x5f, 0x31, 0x34, 0x31, 0x29, 0x3b, 0x0a, 0x20, //  length(_141);. 
	0x20, 0x20, 0x20, 0x68, 0x69, 0x67, 0x68, 0x70, 0x20, 0x66, 0x6c, 0x6f, 0x61, 0x74, 0x20, 0x5f, //    highp float _
	0x31, 0x34, 0x39, 0x20, 0x3d, 0x20, 0x5f, 0x31, 0x34, 0x34, 0x20, 0x2a, 0x20, 0x6c, 0x69, 0x67, // 149 = _144 * lig
	0x68, 0x74, 0x43, 0x65, 0x6e, 0x74, 0x65, 0x72, 0x5f, 0x6d, 0x61, 0x78, 0x52, 0x61, 0x6e, 0x67, // htCenter_maxRang
	0x65, 0x2e, 0x77, 0x3b, 0x0a, 0x20, 0x20, 0x20, 0x20, 0x68, 0x69, 0x67, 0x68, 0x70, 0x20, 0x76, // e.w;.    highp v
	0x65, 0x63, 0x33, 0x20, 0x5f, 0x31, 0x38, 0x32, 0x20, 0x3d, 0x20, 0x6d, 0x69, 0x78, 0x28, 0x6c, // ec3 _182 = mix(l
	0x69, 0x67, 0x68, 0x74, 0x43, 0x6f, 0x6c, 0x6f, 0x72, 0x32, 0x5f, 0x66, 0x61, 0x6c, 0x6c, 0x6f, // ightColor2_fallo
	0x66, 0x66, 0x5f, 0x70, 0x6f, 0x77, 0x65, 0x72, 0x2e, 0x78, 0x79, 0x7a, 0x2c, 0x20, 0x6c, 0x69, // ff_power.xyz, li
	0x67, 0x68, 0x74, 0x43, 0x6f, 0x6c, 0x6f, 0x72, 0x5f, 0x69, 0x6e, 0x74, 0x65, 0x6e, 0x73, 0x69, // ghtColor_intensi
	0x74, 0x79, 0x2e, 0x78, 0x79, 0x7a, 0x2c, 0x20, 0x76, 0x65, 0x63, 0x33, 0x28, 0x73, 0x71, 0x72, // ty.xyz, vec3(sqr
	0x74, 0x28, 0x5f, 0x31, 0x34, 0x39, 0x29, 0x29, 0x29, 0x20, 0x2a, 0x20, 0x28, 0x28, 0x28, 0x2d, // t(_149))) * (((-
	0x62, 0x6c, 0x65, 0x6e, 0x64, 0x5f, 0x6d, 0x6f, 0x64, 0x75, 0x6c, 0x61, 0x74, 0x65, 0x5f, 0x76, // blend_modulate_v
	0x73, 0x5f, 0x61, 0x64, 0x64, 0x2e, 0x78, 0x29, 0x20, 0x2a, 0x20, 0x70, 0x6f, 0x77, 0x28, 0x6d, // s_add.x) * pow(m
	0x61, 0x78, 0x28, 0x31, 0x2e, 0x30, 0x20, 0x2d, 0x20, 0x63, 0x6c, 0x61, 0x6d, 0x70, 0x28, 0x5f, // ax(1.0 - clamp(_
	0x31, 0x34, 0x39, 0x2c, 0x20, 0x30, 0x2e, 0x30, 0x2c, 0x20, 0x31, 0x2e, 0x30, 0x29, 0x2c, 0x20, // 149, 0.0, 1.0), 
	0x39, 0x2e, 0x39, 0x39, 0x39, 0x39, 0x39, 0x39, 0x37, 0x34, 0x37, 0x33, 0x37, 0x38, 0x37, 0x35, // 9.99999974737875
	0x31, 0x36, 0x33, 0x35, 0x35, 0x35, 0x31, 0x34, 0x35, 0x32, 0x36, 0x33, 0x36, 0x37, 0x31, 0x38, // 1635551452636718
	0x38, 0x65, 0x2d, 0x30, 0x35, 0x29, 0x2c, 0x20, 0x6c, 0x69, 0x67, 0x68, 0x74, 0x43, 0x6f, 0x6c, // 8e-05), lightCol
	0x6f, 0x72, 0x32, 0x5f, 0x66, 0x61, 0x6c, 0x6c, 0x6f, 0x66, 0x66, 0x5f, 0x70, 0x6f, 0x77, 0x65, // or2_falloff_powe
	0x72, 0x2e, 0x77, 0x29, 0x29, 0x20, 0x2a, 0x20, 0x6c, 0x69, 0x67, 0x68, 0x74, 0x43, 0x6f, 0x6c, // r.w)) * lightCol
	0x6f, 0x72, 0x5f, 0x69, 0x6e, 0x74, 0x65, 0x6e, 0x73, 0x69, 0x74, 0x79, 0x2e, 0x77, 0x29, 0x3b, // or_intensity.w);
	0x0a, 0x20, 0x20, 0x20, 0x20, 0x62, 0x67, 0x66, 0x78, 0x5f, 0x46, 0x72, 0x61, 0x67, 0x43, 0x6f, // .    bgfx_FragCo
	0x6c, 0x6f, 0x72, 0x2e, 0x78, 0x20, 0x3d, 0x20, 0x5f, 0x31, 0x38, 0x32, 0x2e, 0x78, 0x3b, 0x0a, // lor.x = _182.x;.
	0x20, 0x20, 0x20, 0x20, 0x62, 0x67, 0x66, 0x78, 0x5f, 0x46, 0x72, 0x61, 0x67, 0x43, 0x6f, 0x6c, //     bgfx_FragCol
	0x6f, 0x72, 0x2e, 0x79, 0x20, 0x3d, 0x20, 0x5f, 0x31, 0x38, 0x32, 0x2e, 0x79, 0x3b, 0x0a, 0x20, // or.y = _182.y;. 
	0x20, 0x20, 0x20, 0x62, 0x67, 0x66, 0x78, 0x5f, 0x46, 0x72, 0x61, 0x67, 0x43, 0x6f, 0x6c, 0x6f, //    bgfx_FragColo
	0x72, 0x2e, 0x7a, 0x20, 0x3d, 0x20, 0x5f, 0x31, 0x38, 0x32, 0x2e, 0x7a, 0x3b, 0x0a, 0x20, 0x20, // r.z = _182.z;.  
	0x20, 0x20, 0x68, 0x69, 0x67, 0x68, 0x70, 0x20, 0x66, 0x6c, 0x6f, 0x61, 0x74, 0x20, 0x5f, 0x33, //   highp float _3
	0x35, 0x34, 0x3b, 0x0a, 0x20, 0x20, 0x20, 0x20, 0x64, 0x6f, 0x0a, 0x20, 0x20, 0x20, 0x20, 0x7b, // 54;.    do.    {
	0x0a, 0x20, 0x20, 0x20, 0x20, 0x20, 0x20, 0x20, 0x20, 0x68, 0x69, 0x67, 0x68, 0x70, 0x20, 0x66, // .        highp f
	0x6c, 0x6f, 0x61, 0x74, 0x20, 0x5f, 0x33, 0x34, 0x38, 0x3b, 0x0a, 0x20, 0x20, 0x20, 0x20, 0x20, // loat _348;.     
	0x20, 0x20, 0x20, 0x5f, 0x33, 0x34, 0x38, 0x20, 0x3d, 0x20, 0x31, 0x2e, 0x30, 0x3b, 0x0a, 0x20, //    _348 = 1.0;. 
	0x20, 0x20, 0x20, 0x20, 0x20, 0x20, 0x20, 0x62, 0x6f, 0x6f, 0x6c, 0x20, 0x5f, 0x33, 0x35, 0x30, //        bool _350
	0x3b, 0x0a, 0x20, 0x20, 0x20, 0x20, 0x20, 0x20, 0x20, 0x20, 0x68, 0x69, 0x67, 0x68, 0x70, 0x20, // ;.        highp 
	0x66, 0x6c, 0x6f, 0x61, 0x74, 0x20, 0x5f, 0x33, 0x35, 0x35, 0x3b, 0x0a, 0x20, 0x20, 0x20, 0x20, // float _355;.    
	0x20, 0x20, 0x20, 0x20, 0x68, 0x69, 0x67, 0x68, 0x70, 0x20, 0x66, 0x6c, 0x6f, 0x61, 0x74, 0x20, //     highp float 
	0x5f, 0x33, 0x35, 0x39, 0x3b, 0x0a, 0x20, 0x20, 0x20, 0x20, 0x20, 0x20, 0x20, 0x20, 0x69, 0x6e, // _359;.        in
	0x74, 0x20, 0x5f, 0x33, 0x34, 0x37, 0x20, 0x3d, 0x20, 0x30, 0x3b, 0x0a, 0x20, 0x20, 0x20, 0x20, // t _347 = 0;.    
	0x20, 0x20, 0x20, 0x20, 0x66, 0x6f, 0x72, 0x20, 0x28, 0x3b, 0x3b, 0x29, 0x0a, 0x20, 0x20, 0x20, //     for (;;).   
	0x20, 0x20, 0x20, 0x20, 0x20, 0x7b, 0x0a, 0x20, 0x20, 0x20, 0x20, 0x20, 0x20, 0x20, 0x20, 0x20, //      {.         
	0x20, 0x20, 0x20, 0x69, 0x66, 0x20, 0x28, 0x5f, 0x33, 0x34, 0x37, 0x20, 0x3c, 0x20, 0x38, 0x29, //    if (_347 < 8)
	0x0a, 0x20, 0x20, 0x20, 0x20, 0x20, 0x20, 0x20, 0x20, 0x20, 0x20, 0x20, 0x20, 0x7b, 0x0a, 0x20, // .            {. 
	0x20, 0x20, 0x20, 0x20, 0x20, 0x20, 0x20, 0x20, 0x20, 0x20, 0x20, 0x20, 0x20, 0x20, 0x20, 0x69, //                i
	0x66, 0x20, 0x28, 0x62, 0x61, 0x6c, 0x6c, 0x73, 0x5b, 0x5f, 0x33, 0x34, 0x37, 0x5d, 0x2e, 0x77, // f (balls[_347].w
	0x20, 0x3d, 0x3d, 0x20, 0x30, 0x2e, 0x30, 0x29, 0x0a, 0x20, 0x20, 0x20, 0x20, 0x20, 0x20, 0x20, //  == 0.0).       
	0x20, 0x20, 0x20, 0x20, 0x20, 0x20, 0x20, 0x20, 0x20, 0x7b, 0x0a, 0x20, 0x20, 0x20, 0x20, 0x20, //          {.     
	0x20, 0x20, 0x20, 0x20, 0x20, 0x20, 0x20, 0x20, 0x20, 0x20, 0x20, 0x20, 0x20, 0x20, 0x20, 0x5f, //                _
	0x33, 0x35, 0x35, 0x20, 0x3d, 0x20, 0x5f, 0x33, 0x34, 0x38, 0x3b, 0x0a, 0x20, 0x20, 0x20, 0x20, // 355 = _348;.    
	0x20, 0x20, 0x20, 0x20, 0x20, 0x20, 0x20, 0x20, 0x20, 0x20, 0x20, 0x20, 0x20, 0x20, 0x20, 0x20, //                 
	0x5f, 0x33, 0x35, 0x30, 0x20, 0x3d, 0x20, 0x74, 0x72, 0x75, 0x65, 0x3b, 0x0a, 0x20, 0x20, 0x20, // _350 = true;.   
	0x20, 0x20, 0x20, 0x20, 0x20, 0x20, 0x20, 0x20, 0x20, 0x20, 0x20, 0x20, 0x20, 0x20, 0x20, 0x20, //                 
	0x20, 0x62, 0x72, 0x65, 0x61, 0x6b, 0x3b, 0x0a, 0x20, 0x20, 0x20, 0x20, 0x20, 0x20, 0x20, 0x20, //  break;.        
	0x20, 0x20, 0x20, 0x20, 0x20, 0x20, 0x20, 0x20, 0x7d, 0x0a, 0x20, 0x20, 0x20, 0x20, 0x20, 0x20, //         }.      
	0x20, 0x20, 0x20, 0x20, 0x20, 0x20, 0x20, 0x20, 0x20, 0x20, 0x68, 0x69, 0x67, 0x68, 0x70, 0x20, //           highp 
	0x76, 0x65, 0x63, 0x33, 0x20, 0x5f, 0x32, 0x37, 0x36, 0x20, 0x3d, 0x20, 0x62, 0x61, 0x6c, 0x6c, // vec3 _276 = ball
	0x73, 0x5b, 0x5f, 0x33, 0x34, 0x37, 0x5d, 0x2e, 0x78, 0x79, 0x7a, 0x20, 0x2d, 0x20, 0x6c, 0x69, // s[_347].xyz - li
	0x67, 0x68, 0x74, 0x43, 0x65, 0x6e, 0x74, 0x65, 0x72, 0x5f, 0x6d, 0x61, 0x78, 0x52, 0x61, 0x6e, // ghtCenter_maxRan
	0x67, 0x65, 0x2e, 0x78, 0x79, 0x7a, 0x3b, 0x0a, 0x20, 0x20, 0x20, 0x20, 0x20, 0x20, 0x20, 0x20, // ge.xyz;.        
	0x20, 0x20, 0x20, 0x20, 0x20, 0x20, 0x20, 0x20, 0x68, 0x69, 0x67, 0x68, 0x70, 0x20, 0x66, 0x6c, //         highp fl
	0x6f, 0x61, 0x74, 0x20, 0x5f, 0x32, 0x38, 0x33, 0x20, 0x3d, 0x20, 0x64, 0x6f, 0x74, 0x28, 0x5f, // oat _283 = dot(_
	0x32, 0x37, 0x36, 0x2c, 0x20, 0x5f, 0x31, 0x34, 0x31, 0x29, 0x20, 0x2f, 0x20, 0x28, 0x5f, 0x31, // 276, _141) / (_1
	0x34, 0x34, 0x20, 0x2a, 0x20, 0x5f, 0x31, 0x34, 0x34, 0x29, 0x3b, 0x0a, 0x20, 0x20, 0x20, 0x20, // 44 * _144);.    
	0x20, 0x20, 0x20, 0x20, 0x20, 0x20, 0x20, 0x20, 0x20, 0x20, 0x20, 0x20, 0x69, 0x66, 0x20, 0x28, //             if (
	0x28, 0x5f, 0x32, 0x38, 0x33, 0x20, 0x3e, 0x20, 0x30, 0x2e, 0x30, 0x29, 0x20, 0x26, 0x26, 0x20, // (_283 > 0.0) && 
	0x28, 0x5f, 0x32, 0x38, 0x33, 0x20, 0x3c, 0x20, 0x31, 0x2e, 0x30, 0x29, 0x29, 0x0a, 0x20, 0x20, // (_283 < 1.0)).  
	0x20, 0x20, 0x20, 0x20, 0x20, 0x20, 0x20, 0x20, 0x20, 0x20, 0x20, 0x20, 0x20, 0x20, 0x7b, 0x0a, //               {.
	0x20, 0x20, 0x20, 0x20, 0x20, 0x20, 0x20, 0x20, 0x20, 0x20, 0x20, 0x20, 0x20, 0x20, 0x20, 0x20, //                 
	0x20, 0x20, 0x20, 0x20, 0x68, 0x69, 0x67, 0x68, 0x70, 0x20, 0x66, 0x6c, 0x6f, 0x61, 0x74, 0x20, //     highp float 
	0x5f, 0x33, 0x30, 0x31, 0x20, 0x3d, 0x20, 0x35, 0x2e, 0x30, 0x20, 0x2d, 0x20, 0x28, 0x35, 0x2e, // _301 = 5.0 - (5.
	0x30, 0x20, 0x2a, 0x20, 0x5f, 0x32, 0x38, 0x33, 0x29, 0x3b, 0x0a, 0x20, 0x20, 0x20, 0x20, 0x20, // 0 * _283);.     
	0x20, 0x20, 0x20, 0x20, 0x20, 0x20, 0x20, 0x20, 0x20, 0x20, 0x20, 0x20, 0x20, 0x20, 0x20, 0x68, //                h
	0x69, 0x67, 0x68, 0x70, 0x20, 0x66, 0x6c, 0x6f, 0x61, 0x74, 0x20, 0x5f, 0x33, 0x30, 0x33, 0x20, // ighp float _303 
	0x3d, 0x20, 0x5f, 0x32, 0x37, 0x36, 0x2e, 0x78, 0x3b, 0x0a, 0x20, 0x20, 0x20, 0x20, 0x20, 0x20, // = _276.x;.      
	0x20, 0x20, 0x20, 0x20, 0x20, 0x20, 0x20, 0x20, 0x20, 0x20, 0x20, 0x20, 0x20, 0x20, 0x68, 0x69, //               hi
	0x67, 0x68, 0x70, 0x20, 0x66, 0x6c, 0x6f, 0x61, 0x74, 0x20, 0x5f, 0x33, 0x30, 0x38, 0x20, 0x3d, // ghp float _308 =
	0x20, 0x5f, 0x32, 0x37, 0x36, 0x2e, 0x79, 0x3b, 0x0a, 0x20, 0x20, 0x20, 0x20, 0x20, 0x20, 0x20, //  _276.y;.       
	0x20, 0x20, 0x20, 0x20, 0x20, 0x20, 0x20, 0x20, 0x20, 0x20, 0x20, 0x20, 0x20, 0x5f, 0x33, 0x35, //              _35
	0x39, 0x20, 0x3d, 0x20, 0x5f, 0x33, 0x34, 0x38, 0x20, 0x2a, 0x20, 0x28, 0x31, 0x2e, 0x30, 0x20, // 9 = _348 * (1.0 
	0x2b, 0x20, 0x28, 0x63, 0x6c, 0x61, 0x6d, 0x70, 0x28, 0x28, 0x28, 0x5f, 0x33, 0x30, 0x33, 0x20, // + (clamp(((_303 
	0x2a, 0x20, 0x5f, 0x33, 0x30, 0x33, 0x29, 0x20, 0x2b, 0x20, 0x28, 0x5f, 0x33, 0x30, 0x38, 0x20, // * _303) + (_308 
	0x2a, 0x20, 0x5f, 0x33, 0x30, 0x38, 0x29, 0x29, 0x20, 0x2f, 0x20, 0x28, 0x62, 0x61, 0x6c, 0x6c, // * _308)) / (ball
	0x73, 0x5b, 0x5f, 0x33, 0x34, 0x37, 0x5d, 0x2e, 0x77, 0x20, 0x2a, 0x20, 0x62, 0x61, 0x6c, 0x6c, // s[_347].w * ball
	0x73, 0x5b, 0x5f, 0x33, 0x34, 0x37, 0x5d, 0x2e, 0x77, 0x29, 0x2c, 0x20, 0x30, 0x2e, 0x30, 0x2c, // s[_347].w), 0.0,
	0x20, 0x31, 0x2e, 0x30, 0x29, 0x20, 0x2a, 0x20, 0x28, 0x28, 0x2d, 0x30, 0x2e, 0x38, 0x39, 0x39, //  1.0) * ((-0.899
	0x39, 0x39, 0x39, 0x39, 0x37, 0x36, 0x31, 0x35, 0x38, 0x31, 0x34, 0x32, 0x30, 0x38, 0x39, 0x38, // 9999761581420898
	0x34, 0x33, 0x37, 0x35, 0x29, 0x20, 0x2b, 0x20, 0x28, 0x30, 0x2e, 0x38, 0x39, 0x39, 0x39, 0x39, // 4375) + (0.89999
	0x39, 0x39, 0x37, 0x36, 0x31, 0x35, 0x38, 0x31, 0x34, 0x32, 0x30, 0x38, 0x39, 0x38, 0x34, 0x33, // 9976158142089843
	0x37, 0x35, 0x20, 0x2a, 0x20, 0x73, 0x6d, 0x6f, 0x6f, 0x74, 0x68, 0x73, 0x74, 0x65, 0x70, 0x28, // 75 * smoothstep(
	0x62, 0x61, 0x6c, 0x6c, 0x73, 0x5b, 0x5f, 0x33, 0x34, 0x37, 0x5d, 0x2e, 0x77, 0x20, 0x2d, 0x20, // balls[_347].w - 
	0x5f, 0x33, 0x30, 0x31, 0x2c, 0x20, 0x62, 0x61, 0x6c, 0x6c, 0x73, 0x5b, 0x5f, 0x33, 0x34, 0x37, // _301, balls[_347
	0x5d, 0x2e, 0x77, 0x20, 0x2b, 0x20, 0x5f, 0x33, 0x30, 0x31, 0x2c, 0x20, 0x6c, 0x65, 0x6e, 0x67, // ].w + _301, leng
	0x74, 0x68, 0x28, 0x5f, 0x32, 0x37, 0x36, 0x20, 0x2d, 0x20, 0x28, 0x5f, 0x31, 0x34, 0x31, 0x20, // th(_276 - (_141 
	0x2a, 0x20, 0x5f, 0x32, 0x38, 0x33, 0x29, 0x29, 0x29, 0x29, 0x29, 0x29, 0x29, 0x3b, 0x0a, 0x20, // * _283)))))));. 
	0x20, 0x20, 0x20, 0x20, 0x20, 0x20, 0x20, 0x20, 0x20, 0x20, 0x20, 0x20, 0x20, 0x20, 0x20, 0x7d, //                }
	0x0a, 0x20, 0x20, 0x20, 0x20, 0x20, 0x20, 0x20, 0x20, 0x20, 0x20, 0x20, 0x20, 0x20, 0x20, 0x20, // .               
	0x20, 0x65, 0x6c, 0x73, 0x65, 0x0a, 0x20, 0x20, 0x20, 0x20, 0x20, 0x20, 0x20, 0x20, 0x20, 0x20, //  else.          
	0x20, 0x20, 0x20, 0x20, 0x20, 0x20, 0x7b, 0x0a, 0x20, 0x20, 0x20, 0x20, 0x20, 0x20, 0x20, 0x20, //       {.        
	0x20, 0x20, 0x20, 0x20, 0x20, 0x20, 0x20, 0x20, 0x20, 0x20, 0x20, 0x20, 0x5f, 0x33, 0x35, 0x39, //             _359
	0x20, 0x3d, 0x20, 0x5f, 0x33, 0x34, 0x38, 0x3b, 0x0a, 0x20, 0x20, 0x20, 0x20, 0x20, 0x20, 0x20, //  = _348;.       
	0x20, 0x20, 0x20, 0x20, 0x20, 0x20, 0x20, 0x20, 0x20, 0x7d, 0x0a, 0x20, 0x20, 0x20, 0x20, 0x20, //          }.     
	0x20, 0x20, 0x20, 0x20, 0x20, 0x20, 0x20, 0x20, 0x20, 0x20, 0x20, 0x5f, 0x33, 0x34, 0x38, 0x20, //            _348 
	0x3d, 0x20, 0x5f, 0x33, 0x35, 0x39, 0x3b, 0x0a, 0x20, 0x20, 0x20, 0x20, 0x20, 0x20, 0x20, 0x20, // = _359;.        
	0x20, 0x20, 0x20, 0x20, 0x20, 0x20, 0x20, 0x20, 0x5f, 0x33, 0x34, 0x37, 0x2b, 0x2b, 0x3b, 0x0a, //         _347++;.
	0x20, 0x20, 0x20, 0x20, 0x20, 0x20, 0x20, 0x20, 0x20, 0x20, 0x20, 0x20, 0x20, 0x20, 0x20, 0x20, //                 
	0x63, 0x6f, 0x6e, 0x74, 0x69, 0x6e, 0x75, 0x65, 0x3b, 0x0a, 0x20, 0x20, 0x20, 0x20, 0x20, 0x20, // continue;.      
	0x20, 0x20, 0x20, 0x20, 0x20, 0x20, 0x7d, 0x0a, 0x20, 0x20, 0x20, 0x20, 0x20, 0x20, 0x20, 0x20, //       }.        
	0x20, 0x20, 0x20, 0x20, 0x65, 0x6c, 0x73, 0x65, 0x0a, 0x20, 0x20, 0x20, 0x20, 0x20, 0x20, 0x20, //     else.       
	0x20, 0x20, 0x20, 0x20, 0x20, 0x7b, 0x0a, 0x20, 0x20, 0x20, 0x20, 0x20, 0x20, 0x20, 0x20, 0x20, //      {.         
	0x20, 0x20, 0x20, 0x20, 0x20, 0x20, 0x20, 0x5f, 0x33, 0x35, 0x35, 0x20, 0x3d, 0x20, 0x5f, 0x33, //        _355 = _3
	0x35, 0x37, 0x3b, 0x0a, 0x20, 0x20, 0x20, 0x20, 0x20, 0x20, 0x20, 0x20, 0x20, 0x20, 0x20, 0x20, // 57;.            
	0x20, 0x20, 0x20, 0x20, 0x5f, 0x33, 0x35, 0x30, 0x20, 0x3d, 0x20, 0x66, 0x61, 0x6c, 0x73, 0x65, //     _350 = false
	0x3b, 0x0a, 0x20, 0x20, 0x20, 0x20, 0x20, 0x20, 0x20, 0x20, 0x20, 0x20, 0x20, 0x20, 0x20, 0x20, // ;.              
	0x20, 0x20, 0x62, 0x72, 0x65, 0x61, 0x6b, 0x3b, 0x0a, 0x20, 0x20, 0x20, 0x20, 0x20, 0x20, 0x20, //   break;.       
	0x20, 0x20, 0x20, 0x20, 0x20, 0x7d, 0x0a, 0x20, 0x20, 0x20, 0x20, 0x20, 0x20, 0x20, 0x20, 0x7d, //      }.        }
	0x0a, 0x20, 0x20, 0x20, 0x20, 0x20, 0x20, 0x20, 0x20, 0x69, 0x66, 0x20, 0x28, 0x5f, 0x33, 0x35, // .        if (_35
	0x30, 0x29, 0x0a, 0x20, 0x20, 0x20, 0x20, 0x20, 0x20, 0x20, 0x20, 0x7b, 0x0a, 0x20, 0x20, 0x20, // 0).        {.   
	0x20, 0x20, 0x20, 0x20, 0x20, 0x20, 0x20, 0x20, 0x20, 0x5f, 0x33, 0x35, 0x34, 0x20, 0x3d, 0x20, //          _354 = 
	0x5f, 0x33, 0x35, 0x35, 0x3b, 0x0a, 0x20, 0x20, 0x20, 0x20, 0x20, 0x20, 0x20, 0x20, 0x20, 0x20, // _355;.          
	0x20, 0x20, 0x62, 0x72, 0x65, 0x61, 0x6b, 0x3b, 0x0a, 0x20, 0x20, 0x20, 0x20, 0x20, 0x20, 0x20, //   break;.       
	0x20, 0x7d, 0x0a, 0x20, 0x20, 0x20, 0x20, 0x20, 0x20, 0x20, 0x20, 0x5f, 0x33, 0x35, 0x34, 0x20, //  }.        _354 
	0x3d, 0x20, 0x5f, 0x33, 0x34, 0x38, 0x3b, 0x0a, 0x20, 0x20, 0x20, 0x20, 0x20, 0x20, 0x20, 0x20, // = _348;.        
	0x62, 0x72, 0x65, 0x61, 0x6b, 0x3b, 0x0a, 0x20, 0x20, 0x20, 0x20, 0x7d, 0x20, 0x77, 0x68, 0x69, // break;.    } whi
	0x6c, 0x65, 0x28, 0x66, 0x61, 0x6c, 0x73, 0x65, 0x29, 0x3b, 0x0a, 0x20, 0x20, 0x20, 0x20, 0x68, // le(false);.    h
	0x69, 0x67, 0x68, 0x70, 0x20, 0x76, 0x65, 0x63, 0x34, 0x20, 0x5f, 0x31, 0x39, 0x39, 0x20, 0x3d, // ighp vec4 _199 =
	0x20, 0x62, 0x67, 0x66, 0x78, 0x5f, 0x46, 0x72, 0x61, 0x67, 0x43, 0x6f, 0x6c, 0x6f, 0x72, 0x3b, //  bgfx_FragColor;
	0x0a, 0x20, 0x20, 0x20, 0x20, 0x68, 0x69, 0x67, 0x68, 0x70, 0x20, 0x76, 0x65, 0x63, 0x33, 0x20, // .    highp vec3 
	0x5f, 0x32, 0x30, 0x31, 0x20, 0x3d, 0x20, 0x5f, 0x31, 0x39, 0x39, 0x2e, 0x78, 0x79, 0x7a, 0x20, // _201 = _199.xyz 
	0x2a, 0x20, 0x5f, 0x33, 0x35, 0x34, 0x3b, 0x0a, 0x20, 0x20, 0x20, 0x20, 0x62, 0x67, 0x66, 0x78, // * _354;.    bgfx
	0x5f, 0x46, 0x72, 0x61, 0x67, 0x43, 0x6f, 0x6c, 0x6f, 0x72, 0x2e, 0x78, 0x20, 0x3d, 0x20, 0x5f, // _FragColor.x = _
	0x32, 0x30, 0x31, 0x2e, 0x78, 0x3b, 0x0a, 0x20, 0x20, 0x20, 0x20, 0x62, 0x67, 0x66, 0x78, 0x5f, // 201.x;.    bgfx_
	0x46, 0x72, 0x61, 0x67, 0x43, 0x6f, 0x6c, 0x6f, 0x72, 0x2e, 0x79, 0x20, 0x3d, 0x20, 0x5f, 0x32, // FragColor.y = _2
	0x30, 0x31, 0x2e, 0x79, 0x3b, 0x0a, 0x20, 0x20, 0x20, 0x20, 0x62, 0x67, 0x66, 0x78, 0x5f, 0x46, // 01.y;.    bgfx_F
	0x72, 0x61, 0x67, 0x43, 0x6f, 0x6c, 0x6f, 0x72, 0x2e, 0x7a, 0x20, 0x3d, 0x20, 0x5f, 0x32, 0x30, // ragColor.z = _20
	0x31, 0x2e, 0x7a, 0x3b, 0x0a, 0x20, 0x20, 0x20, 0x20, 0x62, 0x67, 0x66, 0x78, 0x5f, 0x46, 0x72, // 1.z;.    bgfx_Fr
	0x61, 0x67, 0x43, 0x6f, 0x6c, 0x6f, 0x72, 0x2e, 0x77, 0x20, 0x3d, 0x20, 0x28, 0x31, 0x2e, 0x30, // agColor.w = (1.0
	0x20, 0x2f, 0x20, 0x62, 0x6c, 0x65, 0x6e, 0x64, 0x5f, 0x6d, 0x6f, 0x64, 0x75, 0x6c, 0x61, 0x74, //  / blend_modulat
	0x65, 0x5f, 0x76, 0x73, 0x5f, 0x61, 0x64, 0x64, 0x2e, 0x78, 0x29, 0x20, 0x2d, 0x20, 0x31, 0x2e, // e_vs_add.x) - 1.
	0x30, 0x3b, 0x0a, 0x7d, 0x0a, 0x0a, 0x00,                                                       // 0;.}...
};
static const uint8_t fs_light_ballshadow_noclip_glsl[2629] =
{
	0x46, 0x53, 0x48, 0x0c, 0x5e, 0xda, 0xa3, 0x5f, 0x00, 0x00, 0x00, 0x00, 0x00, 0x00, 0x00, 0x00, // FSH.^.._........
	0x00, 0x00, 0x00, 0x00, 0x05, 0x00, 0x05, 0x62, 0x61, 0x6c, 0x6c, 0x73, 0x02, 0x08, 0x00, 0x00, // .......balls....
	0x08, 0x00, 0x00, 0x00, 0x00, 0x00, 0x14, 0x6c, 0x69, 0x67, 0x68, 0x74, 0x43, 0x65, 0x6e, 0x74, // .......lightCent
	0x65, 0x72, 0x5f, 0x6d, 0x61, 0x78, 0x52, 0x61, 0x6e, 0x67, 0x65, 0x02, 0x01, 0x00, 0x00, 0x01, // er_maxRange.....
	0x00, 0x00, 0x00, 0x00, 0x00, 0x19, 0x6c, 0x69, 0x67, 0x68, 0x74, 0x43, 0x6f, 0x6c, 0x6f, 0x72, // ......lightColor
	0x32, 0x5f, 0x66, 0x61, 0x6c, 0x6c, 0x6f, 0x66, 0x66, 0x5f, 0x70, 0x6f, 0x77, 0x65, 0x72, 0x02, // 2_falloff_power.
	0x01, 0x00, 0x00, 0x01, 0x00, 0x00, 0x00, 0x00, 0x00, 0x14, 0x6c, 0x69, 0x67, 0x68, 0x74, 0x43, // ..........lightC
	0x6f, 0x6c, 0x6f, 0x72, 0x5f, 0x69, 0x6e, 0x74, 0x65, 0x6e, 0x73, 0x69, 0x74, 0x79, 0x02, 0x01, // olor_intensity..
	0x00, 0x00, 0x01, 0x00, 0x00, 0x00, 0x00, 0x00, 0x15, 0x62, 0x6c, 0x65, 0x6e, 0x64, 0x5f, 0x6d, // .........blend_m
	0x6f, 0x64, 0x75, 0x6c, 0x61, 0x74, 0x65, 0x5f, 0x76, 0x73, 0x5f, 0x61, 0x64, 0x64, 0x02, 0x01, // odulate_vs_add..
	0x00, 0x00, 0x01, 0x00, 0x00, 0x00, 0x00, 0x00, 0x98, 0x09, 0x00, 0x00, 0x0a, 0x66, 0x6c, 0x6f, // .............flo
	0x61, 0x74, 0x20, 0x5f, 0x33, 0x35, 0x37, 0x3b, 0x0a, 0x0a, 0x75, 0x6e, 0x69, 0x66, 0x6f, 0x72, // at _357;..unifor
	0x6d, 0x20, 0x76, 0x65, 0x63, 0x34, 0x20, 0x62, 0x61, 0x6c, 0x6c, 0x73, 0x5b, 0x38, 0x5d, 0x3b, // m vec4 balls[8];
	0x0a, 0x75, 0x6e, 0x69, 0x66, 0x6f, 0x72, 0x6d, 0x20, 0x76, 0x65, 0x63, 0x34, 0x20, 0x6c, 0x69, // .uniform vec4 li
	0x67, 0x68, 0x74, 0x43, 0x65, 0x6e, 0x74, 0x65, 0x72, 0x5f, 0x6d, 0x61, 0x78, 0x52, 0x61, 0x6e, // ghtCenter_maxRan
	0x67, 0x65, 0x3b, 0x0a, 0x75, 0x6e, 0x69, 0x66, 0x6f, 0x72, 0x6d, 0x20, 0x76, 0x65, 0x63, 0x34, // ge;.uniform vec4
	0x20, 0x6c, 0x69, 0x67, 0x68, 0x74, 0x43, 0x6f, 0x6c, 0x6f, 0x72, 0x32, 0x5f, 0x66, 0x61, 0x6c, //  lightColor2_fal
	0x6c, 0x6f, 0x66, 0x66, 0x5f, 0x70, 0x6f, 0x77, 0x65, 0x72, 0x3b, 0x0a, 0x75, 0x6e, 0x69, 0x66, // loff_power;.unif
	0x6f, 0x72, 0x6d, 0x20, 0x76, 0x65, 0x63, 0x34, 0x20, 0x6c, 0x69, 0x67, 0x68, 0x74, 0x43, 0x6f, // orm vec4 lightCo
	0x6c, 0x6f, 0x72, 0x5f, 0x69, 0x6e, 0x74, 0x65, 0x6e, 0x73, 0x69, 0x74, 0x79, 0x3b, 0x0a, 0x75, // lor_intensity;.u
	0x6e, 0x69, 0x66, 0x6f, 0x72, 0x6d, 0x20, 0x76, 0x65, 0x63, 0x34, 0x20, 0x62, 0x6c, 0x65, 0x6e, // niform vec4 blen
	0x64, 0x5f, 0x6d, 0x6f, 0x64, 0x75, 0x6c, 0x61, 0x74, 0x65, 0x5f, 0x76, 0x73, 0x5f, 0x61, 0x64, // d_modulate_vs_ad
	0x64, 0x3b, 0x0a, 0x0a, 0x69, 0x6e, 0x20, 0x76, 0x65, 0x63, 0x33, 0x20, 0x76, 0x5f, 0x74, 0x61, // d;..in vec3 v_ta
	0x62, 0x6c, 0x65, 0x50, 0x6f, 0x73, 0x3b, 0x0a, 0x6c, 0x61, 0x79, 0x6f, 0x75, 0x74, 0x28, 0x6c, // blePos;.layout(l
	0x6f, 0x63, 0x61, 0x74, 0x69, 0x6f, 0x6e, 0x20, 0x3d, 0x20, 0x30, 0x29, 0x20, 0x6f, 0x75, 0x74, // ocation = 0) out
	0x20, 0x76, 0x65, 0x63, 0x34, 0x20, 0x62, 0x67, 0x66, 0x78, 0x5f, 0x46, 0x72, 0x61, 0x67, 0x43, //  vec4 bgfx_FragC
	0x6f, 0x6c, 0x6f, 0x72, 0x3b, 0x0a, 0x0a, 0x76, 0x6f, 0x69, 0x64, 0x20, 0x6d, 0x61, 0x69, 0x6e, // olor;..void main
	0x28, 0x29, 0x0a, 0x7b, 0x0a, 0x20, 0x20, 0x20, 0x20, 0x76, 0x65, 0x63, 0x33, 0x20, 0x5f, 0x31, // ().{.    vec3 _1
	0x34, 0x31, 0x20, 0x3d, 0x20, 0x76, 0x5f, 0x74, 0x61, 0x62, 0x6c, 0x65, 0x50, 0x6f, 0x73, 0x20, // 41 = v_tablePos 
	0x2d, 0x20, 0x6c, 0x69, 0x67, 0x68, 0x74, 0x43, 0x65, 0x6e, 0x74, 0x65, 0x72, 0x5f, 0x6d, 0x61, // - lightCenter_ma
	0x78, 0x52, 0x61, 0x6e, 0x67, 0x65, 0x2e, 0x78, 0x79, 0x7a, 0x3b, 0x0a, 0x20, 0x20, 0x20, 0x20, // xRange.xyz;.    
	0x66, 0x6c, 0x6f, 0x61, 0x74, 0x20, 0x5f, 0x31, 0x34, 0x34, 0x20, 0x3d, 0x20, 0x6c, 0x65, 0x6e, // float _144 = len
	0x67, 0x74, 0x68, 0x28, 0x5f, 0x31, 0x34, 0x31, 0x29, 0x3b, 0x0a, 0x20, 0x20, 0x20, 0x20, 0x66, // gth(_141);.    f
	0x6c, 0x6f, 0x61, 0x74, 0x20, 0x5f, 0x31, 0x34, 0x39, 0x20, 0x3d, 0x20, 0x5f, 0x31, 0x34, 0x34, // loat _149 = _144
	0x20, 0x2a, 0x20, 0x6c, 0x69, 0x67, 0x68, 0x74, 0x43, 0x65, 0x6e, 0x74, 0x65, 0x72, 0x5f, 0x6d, //  * lightCenter_m
	0x61, 0x78, 0x52, 0x61, 0x6e, 0x67, 0x65, 0x2e, 0x77, 0x3b, 0x0a, 0x20, 0x20, 0x20, 0x20, 0x76, // axRange.w;.    v
	0x65, 0x63, 0x33, 0x20, 0x5f, 0x31, 0x38, 0x32, 0x20, 0x3d, 0x20, 0x6d, 0x69, 0x78, 0x28, 0x6c, // ec3 _182 = mix(l
	0x69, 0x67, 0x68, 0x74, 0x43, 0x6f, 0x6c, 0x6f, 0x72, 0x32, 0x5f, 0x66, 0x61, 0x6c, 0x6c, 0x6f, // ightColor2_fallo
	0x66, 0x66, 0x5f, 0x70, 0x6f, 0x77, 0x65, 0x72, 0x2e, 0x78, 0x79, 0x7a, 0x2c, 0x20, 0x6c, 0x69, // ff_power.xyz, li
	0x67, 0x68, 0x74, 0x43, 0x6f, 0x6c, 0x6f, 0x72, 0x5f, 0x69, 0x6e, 0x74, 0x65, 0x6e, 0x73, 0x69, // ghtColor_intensi
	0x74, 0x79, 0x2e, 0x78, 0x79, 0x7a, 0x2c, 0x20, 0x76, 0x65, 0x63, 0x33, 0x28, 0x73, 0x71, 0x72, // ty.xyz, vec3(sqr
	0x74, 0x28, 0x5f, 0x31, 0x34, 0x39, 0x29, 0x29, 0x29, 0x20, 0x2a, 0x20, 0x28, 0x28, 0x28, 0x2d, // t(_149))) * (((-
	0x62, 0x6c, 0x65, 0x6e, 0x64, 0x5f, 0x6d, 0x6f, 0x64, 0x75, 0x6c, 0x61, 0x74, 0x65, 0x5f, 0x76, // blend_modulate_v
	0x73, 0x5f, 0x61, 0x64, 0x64, 0x2e, 0x78, 0x29, 0x20, 0x2a, 0x20, 0x70, 0x6f, 0x77, 0x28, 0x6d, // s_add.x) * pow(m
	0x61, 0x78, 0x28, 0x31, 0x2e, 0x30, 0x20, 0x2d, 0x20, 0x63, 0x6c, 0x61, 0x6d, 0x70, 0x28, 0x5f, // ax(1.0 - clamp(_
	0x31, 0x34, 0x39, 0x2c, 0x20, 0x30, 0x2e, 0x30, 0x2c, 0x20, 0x31, 0x2e, 0x30, 0x29, 0x2c, 0x20, // 149, 0.0, 1.0), 
	0x39, 0x2e, 0x39, 0x39, 0x39, 0x39, 0x39, 0x39, 0x37, 0x34, 0x37, 0x33, 0x37, 0x38, 0x37, 0x35, // 9.99999974737875
	0x31, 0x36, 0x33, 0x35, 0x35, 0x35, 0x31, 0x34, 0x35, 0x32, 0x36, 0x33, 0x36, 0x37, 0x31, 0x38, // 1635551452636718
	0x38, 0x65, 0x2d, 0x30, 0x35, 0x29, 0x2c, 0x20, 0x6c, 0x69, 0x67, 0x68, 0x74, 0x43, 0x6f, 0x6c, // 8e-05), lightCol
	0x6f, 0x72, 0x32, 0x5f, 0x66, 0x61, 0x6c, 0x6c, 0x6f, 0x66, 0x66, 0x5f, 0x70, 0x6f, 0x77, 0x65, // or2_falloff_powe
	0x72, 0x2e, 0x77, 0x29, 0x29, 0x20, 0x2a, 0x20, 0x6c, 0x69, 0x67, 0x68, 0x74, 0x43, 0x6f, 0x6c, // r.w)) * lightCol
	0x6f, 0x72, 0x5f, 0x69, 0x6e, 0x74, 0x65, 0x6e, 0x73, 0x69, 0x74, 0x79, 0x2e, 0x77, 0x29, 0x3b, // or_intensity.w);
	0x0a, 0x20, 0x20, 0x20, 0x20, 0x62, 0x67, 0x66, 0x78, 0x5f, 0x46, 0x72, 0x61, 0x67, 0x43, 0x6f, // .    bgfx_FragCo
	0x6c, 0x6f, 0x72, 0x2e, 0x78, 0x20, 0x3d, 0x20, 0x5f, 0x31, 0x38, 0x32, 0x2e, 0x78, 0x3b, 0x0a, // lor.x = _182.x;.
	0x20, 0x20, 0x20, 0x20, 0x62, 0x67, 0x66, 0x78, 0x5f, 0x46, 0x72, 0x61, 0x67, 0x43, 0x6f, 0x6c, //     bgfx_FragCol
	0x6f, 0x72, 0x2e, 0x79, 0x20, 0x3d, 0x20, 0x5f, 0x31, 0x38, 0x32, 0x2e, 0x79, 0x3b, 0x0a, 0x20, // or.y = _182.y;. 
	0x20, 0x20, 0x20, 0x62, 0x67, 0x66, 0x78, 0x5f, 0x46, 0x72, 0x61, 0x67, 0x43, 0x6f, 0x6c, 0x6f, //    bgfx_FragColo
	0x72, 0x2e, 0x7a, 0x20, 0x3d, 0x20, 0x5f, 0x31, 0x38, 0x32, 0x2e, 0x7a, 0x3b, 0x0a, 0x20, 0x20, // r.z = _182.z;.  
	0x20, 0x20, 0x66, 0x6c, 0x6f, 0x61, 0x74, 0x20, 0x5f, 0x33, 0x35, 0x34, 0x3b, 0x0a, 0x20, 0x20, //   float _354;.  
	0x20, 0x20, 0x64, 0x6f, 0x0a, 0x20, 0x20, 0x20, 0x20, 0x7b, 0x0a, 0x20, 0x20, 0x20, 0x20, 0x20, //   do.    {.     
	0x20, 0x20, 0x20, 0x66, 0x6c, 0x6f, 0x61, 0x74, 0x20, 0x5f, 0x33, 0x34, 0x38, 0x3b, 0x0a, 0x20, //    float _348;. 
	0x20, 0x20, 0x20, 0x20, 0x20, 0x20, 0x20, 0x5f, 0x33, 0x34, 0x38, 0x20, 0x3d, 0x20, 0x31, 0x2e, //        _348 = 1.
	0x30, 0x3b, 0x0a, 0x20, 0x20, 0x20, 0x20, 0x20, 0x20, 0x20, 0x20, 0x62, 0x6f, 0x6f, 0x6c, 0x20, // 0;.        bool 
	0x5f, 0x33, 0x35, 0x30, 0x3b, 0x0a, 0x20, 0x20, 0x20, 0x20, 0x20, 0x20, 0x20, 0x20, 0x66, 0x6c, // _350;.        fl
	0x6f, 0x61, 0x74, 0x20, 0x5f, 0x33, 0x35, 0x35, 0x3b, 0x0a, 0x20, 0x20, 0x20, 0x20, 0x20, 0x20, // oat _355;.      
	0x20, 0x20, 0x66, 0x6c, 0x6f, 0x61, 0x74, 0x20, 0x5f, 0x33, 0x35, 0x39, 0x3b, 0x0a, 0x20, 0x20, //   float _359;.  
	0x20, 0x20, 0x20, 0x20, 0x20, 0x20, 0x69, 0x6e, 0x74, 0x20, 0x5f, 0x33, 0x34, 0x37, 0x20, 0x3d, //       int _347 =
	0x20, 0x30, 0x3b, 0x0a, 0x20, 0x20, 0x20, 0x20, 0x20, 0x20, 0x20, 0x20, 0x66, 0x6f, 0x72, 0x20, //  0;.        for 
	0x28, 0x3b, 0x3b, 0x29, 0x0a, 0x20, 0x20, 0x20, 0x20, 0x20, 0x20, 0x20, 0x20, 0x7b, 0x0a, 0x20, // (;;).        {. 
	0x20, 0x20, 0x20, 0x20, 0x20, 0x20, 0x20, 0x20, 0x20, 0x20, 0x20, 0x69, 0x66, 0x20, 0x28, 0x5f, //            if (_
	0x33, 0x34, 0x37, 0x20, 0x3c, 0x20, 0x38, 0x29, 0x0a, 0x20, 0x20, 0x20, 0x20, 0x20, 0x20, 0x20, // 347 < 8).       
	0x20, 0x20, 0x20, 0x20, 0x20, 0x7b, 0x0a, 0x20, 0x20, 0x20, 0x20, 0x20, 0x20, 0x20, 0x20, 0x20, //      {.         
	0x20, 0x20, 0x20, 0x20, 0x20, 0x20, 0x20, 0x69, 0x66, 0x20, 0x28, 0x62, 0x61, 0x6c, 0x6c, 0x73, //        if (balls
	0x5b, 0x5f, 0x33, 0x34, 0x37, 0x5d, 0x2e, 0x77, 0x20, 0x3d, 0x3d, 0x20, 0x30, 0x2e, 0x30, 0x29, // [_347].w == 0.0)
	0x0a, 0x20, 0x20, 0x20, 0x20, 0x20, 0x20, 0x20, 0x20, 0x20, 0x20, 0x20, 0x20, 0x20, 0x20, 0x20, // .               
	0x20, 0x7b, 0x0a, 0x20, 0x20, 0x20, 0x20, 0x20, 0x20, 0x20, 0x20, 0x20, 0x20, 0x20, 0x20, 0x20, //  {.             
	0x20, 0x20, 0x20, 0x20, 0x20, 0x20, 0x20, 0x5f, 0x33, 0x35, 0x35, 0x20, 0x3d, 0x20, 0x5f, 0x33, //        _355 = _3
	0x34, 0x38, 0x3b, 0x0a, 0x20, 0x20, 0x20, 0x20, 0x20, 0x20, 0x20, 0x20, 0x20, 0x20, 0x20, 0x20, // 48;.            
	0x20, 0x20, 0x20, 0x20, 0x20, 0x20, 0x20, 0x20, 0x5f, 0x33, 0x35, 0x30, 0x20, 0x3d, 0x20, 0x74, //         _350 = t
	0x72, 0x75, 0x65, 0x3b, 0x0a, 0x20, 0x20, 0x20, 0x20, 0x20, 0x20, 0x20, 0x20, 0x20, 0x20, 0x20, // rue;.           
	0x20, 0x20, 0x20, 0x20, 0x20, 0x20, 0x20, 0x20, 0x20, 0x62, 0x72, 0x65, 0x61, 0x6b, 0x3b, 0x0a, //          break;.
	0x20, 0x20, 0x20, 0x20, 0x20, 0x20, 0x20, 0x20, 0x20, 0x20, 0x20, 0x20, 0x20, 0x20, 0x20, 0x20, //                 
	0x7d, 0x0a, 0x20, 0x20, 0x20, 0x20, 0x20, 0x20, 0x20, 0x20, 0x20, 0x20, 0x20, 0x20, 0x20, 0x20, // }.              
	0x20, 0x20, 0x76, 0x65, 0x63, 0x33, 0x20, 0x5f, 0x32, 0x37, 0x36, 0x20, 0x3d, 0x20, 0x62, 0x61, //   vec3 _276 = ba
	0x6c, 0x6c, 0x73, 0x5b, 0x5f, 0x33, 0x34, 0x37, 0x5d, 0x2e, 0x78, 0x79, 0x7a, 0x20, 0x2d, 0x20, // lls[_347].xyz - 
	0x6c, 0x69, 0x67, 0x68, 0x74, 0x43, 0x65, 0x6e, 0x74, 0x65, 0x72, 0x5f, 0x6d, 0x61, 0x78, 0x52, // lightCenter_maxR
	0x61, 0x6e, 0x67, 0x65, 0x2e, 0x78, 0x79, 0x7a, 0x3b, 0x0a, 0x20, 0x20, 0x20, 0x20, 0x20, 0x20, // ange.xyz;.      
	0x20, 0x20, 0x20, 0x20, 0x20, 0x20, 0x20, 0x20, 0x20, 0x20, 0x66, 0x6c, 0x6f, 0x61, 0x74, 0x20, //           float 
	0x5f, 0x32, 0x38, 0x33, 0x20, 0x3d, 0x20, 0x64, 0x6f, 0x74, 0x28, 0x5f, 0x32, 0x37, 0x36, 0x2c, // _283 = dot(_276,
	0x20, 0x5f, 0x31, 0x34, 0x31, 0x29, 0x20, 0x2f, 0x20, 0x28, 0x5f, 0x31, 0x34, 0x34, 0x20, 0x2a, //  _141) / (_144 *
	0x20, 0x5f, 0x31, 0x34, 0x34, 0x29, 0x3b, 0x0a, 0x20, 0x20, 0x20, 0x20, 0x20, 0x20, 0x20, 0x20, //  _144);.        
	0x20, 0x20, 0x20, 0x20, 0x20, 0x20, 0x20, 0x20, 0x69, 0x66, 0x20, 0x28, 0x28, 0x5f, 0x32, 0x38, //         if ((_28
	0x33, 0x20, 0x3e, 0x20, 0x30, 0x2e, 0x30, 0x29, 0x20, 0x26, 0x26, 0x20, 0x28, 0x5f, 0x32, 0x38, // 3 > 0.0) && (_28
	0x33, 0x20, 0x3c, 0x20, 0x31, 0x2e, 0x30, 0x29, 0x29, 0x0a, 0x20, 0x20, 0x20, 0x20, 0x20, 0x20, // 3 < 1.0)).      
	0x20, 0x20, 0x20, 0x20, 0x20, 0x20, 0x20, 0x20, 0x20, 0x20, 0x7b, 0x0a, 0x20, 0x20, 0x20, 0x20, //           {.    
	0x20, 0x20, 0x20, 0x20, 0x20, 0x20, 0x20, 0x20, 0x20, 0x20, 0x20, 0x20, 0x20, 0x20, 0x20, 0x20, //                 
	0x66, 0x6c, 0x6f, 0x61, 0x74, 0x20, 0x5f, 0x33, 0x30, 0x31, 0x20, 0x3d, 0x20, 0x35, 0x2e, 0x30, // float _301 = 5.0
	0x20, 0x2d, 0x20, 0x28, 0x35, 0x2e, 0x30, 0x20, 0x2a, 0x20, 0x5f, 0x32, 0x38, 0x33, 0x29, 0x3b, //  - (5.0 * _283);
	0x0a, 0x20, 0x20, 0x20, 0x20, 0x20, 0x20, 0x20, 0x20, 0x20, 0x20, 0x20, 0x20, 0x20, 0x20, 0x20, // .               
	0x20, 0x20, 0x20, 0x20, 0x20, 0x66, 0x6c, 0x6f, 0x61, 0x74, 0x20, 0x5f, 0x33, 0x30, 0x33, 0x20, //      float _303 
	0x3d, 0x20, 0x5f, 0x32, 0x37, 0x36, 0x2e, 0x78, 0x3b, 0x0a, 0x20, 0x20, 0x20, 0x20, 0x20, 0x20, // = _276.x;.      
	0x20, 0x20, 0x20, 0x20, 0x20, 0x20, 0x20, 0x20, 0x20, 0x20, 0x20, 0x20, 0x20, 0x20, 0x66, 0x6c, //               fl
	0x6f, 0x61, 0x74, 0x20, 0x5f, 0x33, 0x30, 0x38, 0x20, 0x3d, 0x20, 0x5f, 0x32, 0x37, 0x36, 0x2e, // oat _308 = _276.
	0x79, 0x3b, 0x0a, 0x20, 0x20, 0x20, 0x20, 0x20, 0x20, 0x20, 0x20, 0x20, 0x20, 0x20, 0x20, 0x20, // y;.             
	0x20, 0x20, 0x20, 0x20, 0x20, 0x20, 0x20, 0x5f, 0x33, 0x35, 0x39, 0x20, 0x3d, 0x20, 0x5f, 0x33, //        _359 = _3
	0x34, 0x38, 0x20, 0x2a, 0x20, 0x28, 0x31, 0x2e, 0x30, 0x20, 0x2b, 0x20, 0x28, 0x63, 0x6c, 0x61, // 48 * (1.0 + (cla
	0x6d, 0x70, 0x28, 0x28, 0x28, 0x5f, 0x33, 0x30, 0x33, 0x20, 0x2a, 0x20, 0x5f, 0x33, 0x30, 0x33, // mp(((_303 * _303
	0x29, 0x20, 0x2b, 0x20, 0x28, 0x5f, 0x33, 0x30, 0x38, 0x20, 0x2a, 0x20, 0x5f, 0x33, 0x30, 0x38, // ) + (_308 * _308
	0x29, 0x29, 0x20, 0x2f, 0x20, 0x28, 0x62, 0x61, 0x6c, 0x6c, 0x73, 0x5b, 0x5f, 0x33, 0x34, 0x37, // )) / (balls[_347
	0x5d, 0x2e, 0x77, 0x20, 0x2a, 0x20, 0x62, 0x61, 0x6c, 0x6c, 0x73, 0x5b, 0x5f, 0x33, 0x34, 0x37, // ].w * balls[_347
	0x5d, 0x2e, 0x77, 0x29, 0x2c, 0x20, 0x30, 0x2e, 0x30, 0x2c, 0x20, 0x31, 0x2e, 0x30, 0x29, 0x20, // ].w), 0.0, 1.0) 
	0x2a, 0x20, 0x28, 0x28, 0x2d, 0x30, 0x2e, 0x38, 0x39, 0x39, 0x39, 0x39, 0x39, 0x39, 0x37, 0x36, // * ((-0.899999976
	0x31, 0x35, 0x38, 0x31, 0x34, 0x32, 0x30, 0x38, 0x39, 0x38, 0x34, 0x33, 0x37, 0x35, 0x29, 0x20, // 15814208984375) 
	0x2b, 0x20, 0x28, 0x30, 0x2e, 0x38, 0x39, 0x39, 0x39, 0x39, 0x39, 0x39, 0x37, 0x36, 0x31, 0x35, // + (0.89999997615
	0x38, 0x31, 0x34, 0x32, 0x30, 0x38, 0x39, 0x38, 0x34, 0x33, 0x37, 0x35, 0x20, 0x2a, 0x20, 0x73, // 814208984375 * s
	0x6d, 0x6f, 0x6f, 0x74, 0x68, 0x73, 0x74, 0x65, 0x70, 0x28, 0x62, 0x61, 0x6c, 0x6c, 0x73, 0x5b, // moothstep(balls[
	0x5f, 0x33, 0x34, 0x37, 0x5d, 0x2e, 0x77, 0x20, 0x2d, 0x20, 0x5f, 0x33, 0x30, 0x31, 0x2c, 0x20, // _347].w - _301, 
	0x62, 0x61, 0x6c, 0x6c, 0x73, 0x5b, 0x5f, 0x33, 0x34, 0x37, 0x5d, 0x2e, 0x77, 0x20, 0x2b, 0x20, // balls[_347].w + 
	0x5f, 0x33, 0x30, 0x31, 0x2c, 0x20, 0x6c, 0x65, 0x6e, 0x67, 0x74, 0x68, 0x28, 0x5f, 0x32, 0x37, // _301, length(_27
	0x36, 0x20, 0x2d, 0x20, 0x28, 0x5f, 0x31, 0x34, 0x31, 0x20, 0x2a, 0x20, 0x5f, 0x32, 0x38, 0x33, // 6 - (_141 * _283
	0x29, 0x29, 0x29, 0x29, 0x29, 0x29, 0x29, 0x3b, 0x0a, 0x20, 0x20, 0x20, 0x20, 0x20, 0x20, 0x20, // )))))));.       
	0x20, 0x20, 0x20, 0x20, 0x20, 0x20, 0x20, 0x20, 0x20, 0x7d, 0x0a, 0x20, 0x20, 0x20, 0x20, 0x20, //          }.     
	0x20, 0x20, 0x20, 0x20, 0x20, 0x20, 0x20, 0x20, 0x20, 0x20, 0x20, 0x65, 0x6c, 0x73, 0x65, 0x0a, //            else.
	0x20, 0x20, 0x20, 0x20, 0x20, 0x20, 0x20, 0x20, 0x20, 0x20, 0x20, 0x20, 0x20, 0x20, 0x20, 0x20, //                 
	0x7b, 0x0a, 0x20, 0x20, 0x20, 0x20, 0x20, 0x20, 0x20, 0x20, 0x20, 0x20, 0x20, 0x20, 0x20, 0x20, // {.              
	0x20, 0x20, 0x20, 0x20, 0x20, 0x20, 0x5f, 0x33, 0x35, 0x39, 0x20, 0x3d, 0x20, 0x5f, 0x33, 0x34, //       _359 = _34
	0x38, 0x3b, 0x0a, 0x20, 0x20, 0x20, 0x20, 0x20, 0x20, 0x20, 0x20, 0x20, 0x20, 0x20, 0x20, 0x20, // 8;.             
	0x20, 0x20, 0x20, 0x7d, 0x0a, 0x20, 0x20, 0x20, 0x20, 0x20, 0x20, 0x20, 0x20, 0x20, 0x20, 0x20, //    }.           
	0x20, 0x20, 0x20, 0x20, 0x20, 0x5f, 0x33, 0x34, 0x38, 0x20, 0x3d, 0x20, 0x5f, 0x33, 0x35, 0x39, //      _348 = _359
	0x3b, 0x0a, 0x20, 0x20, 0x20, 0x20, 0x20, 0x20, 0x20, 0x20, 0x20, 0x20, 0x20, 0x20, 0x20, 0x20, // ;.              
	0x20, 0x20, 0x5f, 0x33, 0x34, 0x37, 0x2b, 0x2b, 0x3b, 0x0a, 0x20, 0x20, 0x20, 0x20, 0x20, 0x20, //   _347++;.      
	0x20, 0x20, 0x20, 0x20, 0x20, 0x20, 0x20, 0x20, 0x20, 0x20, 0x63, 0x6f, 0x6e, 0x74, 0x69, 0x6e, //           contin
	0x75, 0x65, 0x3b, 0x0a, 0x20, 0x20, 0x20, 0x20, 0x20, 0x20, 0x20, 0x20, 0x20, 0x20, 0x20, 0x20, // ue;.            
	0x7d, 0x0a, 0x20, 0x20, 0x20, 0x20, 0x20, 0x20, 0x20, 0x20, 0x20, 0x20, 0x20, 0x20, 0x65, 0x6c, // }.            el
	0x73, 0x65, 0x0a, 0x20, 0x20, 0x20, 0x20, 0x20, 0x20, 0x20, 0x20, 0x20, 0x20, 0x20, 0x20, 0x7b, // se.            {
	0x0a, 0x20, 0x20, 0x20, 0x20, 0x20, 0x20, 0x20, 0x20, 0x20, 0x20, 0x20, 0x20, 0x20, 0x20, 0x20, // .               
	0x20, 0x5f, 0x33, 0x35, 0x35, 0x20, 0x3d, 0x20, 0x5f, 0x33, 0x35, 0x37, 0x3b, 0x0a, 0x20, 0x20, //  _355 = _357;.  
	0x20, 0x20, 0x20, 0x20, 0x20, 0x20, 0x20, 0x20, 0x20, 0x20, 0x20, 0x20, 0x20, 0x20, 0x5f, 0x33, //               _3
	0x35, 0x30, 0x20, 0x3d, 0x20, 0x66, 0x61, 0x6c, 0x73, 0x65, 0x3b, 0x0a, 0x20, 0x20, 0x20, 0x20, // 50 = false;.    
	0x20, 0x20, 0x20, 0x20, 0x20, 0x20, 0x20, 0x20, 0x20, 0x20, 0x20, 0x20, 0x62, 0x72, 0x65, 0x61, //             brea
	0x6b, 0x3b, 0x0a, 0x20, 0x20, 0x20, 0x20, 0x20, 0x20, 0x20, 0x20, 0x20, 0x20, 0x20, 0x20, 0x7d, // k;.            }
	0x0a, 0x20, 0x20, 0x20, 0x20, 0x20, 0x20, 0x20, 0x20, 0x7d, 0x0a, 0x20, 0x20, 0x20, 0x20, 0x20, // .        }.     
	0x20, 0x20, 0x20, 0x69, 0x66, 0x20, 0x28, 0x5f, 0x33, 0x35, 0x30, 0x29, 0x0a, 0x20, 0x20, 0x20, //    if (_350).   
	0x20, 0x20, 0x20, 0x20, 0x20, 0x7b, 0x0a, 0x20, 0x20, 0x20, 0x20, 0x20, 0x20, 0x20, 0x20, 0x20, //      {.         
	0x20, 0x20, 0x20, 0x5f, 0x33, 0x35, 0x34, 0x20, 0x3d, 0x20, 0x5f, 0x33, 0x35, 0x35, 0x3b, 0x0a, //    _354 = _355;.
	0x20, 0x20, 0x20, 0x20, 0x20, 0x20, 0x20, 0x20, 0x20, 0x20, 0x20, 0x20, 0x62, 0x72, 0x65, 0x61, //             brea
	0x6b, 0x3b, 0x0a, 0x20, 0x20, 0x20, 0x20, 0x20, 0x20, 0x20, 0x20, 0x7d, 0x0a, 0x20, 0x20, 0x20, // k;.        }.   
	0x20, 0x20, 0x20, 0x20, 0x20, 0x5f, 0x33, 0x35, 0x34, 0x20, 0x3d, 0x20, 0x5f, 0x33, 0x34, 0x38, //      _354 = _348
	0x3b, 0x0a, 0x20, 0x20, 0x20, 0x20, 0x20, 0x20, 0x20, 0x20, 0x62, 0x72, 0x65, 0x61, 0x6b, 0x3b, // ;.        break;
	0x0a, 0x20, 0x20, 0x20, 0x20, 0x7d, 0x20, 0x77, 0x68, 0x69, 0x6c, 0x65, 0x28, 0x66, 0x61, 0x6c, // .    } while(fal
	0x73, 0x65, 0x29, 0x3b, 0x0a, 0x20, 0x20, 0x20, 0x20, 0x76, 0x65, 0x63, 0x34, 0x20, 0x5f, 0x31, // se);.    vec4 _1
	0x39, 0x39, 0x20, 0x3d, 0x20, 0x62, 0x67, 0x66, 0x78, 0x5f, 0x46, 0x72, 0x61, 0x67, 0x43, 0x6f, // 99 = bgfx_FragCo
	0x6c, 0x6f, 0x72, 0x3b, 0x0a, 0x20, 0x20, 0x20, 0x20, 0x76, 0x65, 0x63, 0x33, 0x20, 0x5f, 0x32, // lor;.    vec3 _2
	0x30, 0x31, 0x20, 0x3d, 0x20, 0x5f, 0x31, 0x39, 0x39, 0x2e, 0x78, 0x79, 0x7a, 0x20, 0x2a, 0x20, // 01 = _199.xyz * 
	0x5f, 0x33, 0x35, 0x34, 0x3b, 0x0a, 0x20, 0x20, 0x20, 0x20, 0x62, 0x67, 0x66, 0x78, 0x5f, 0x46, // _354;.    bgfx_F
	0x72, 0x61, 0x67, 0x43, 0x6f, 0x6c, 0x6f, 0x72, 0x2e, 0x78, 0x20, 0x3d, 0x20, 0x5f, 0x32, 0x30, // ragColor.x = _20
	0x31, 0x2e, 0x78, 0x3b, 0x0a, 0x20, 0x20, 0x20, 0x20, 0x62, 0x67, 0x66, 0x78, 0x5f, 0x46, 0x72, // 1.x;.    bgfx_Fr
	0x61, 0x67, 0x43, 0x6f, 0x6c, 0x6f, 0x72, 0x2e, 0x79, 0x20, 0x3d, 0x20, 0x5f, 0x32, 0x30, 0x31, // agColor.y = _201
	0x2e, 0x79, 0x3b, 0x0a, 0x20, 0x20, 0x20, 0x20, 0x62, 0x67, 0x66, 0x78, 0x5f, 0x46, 0x72, 0x61, // .y;.    bgfx_Fra
	0x67, 0x43, 0x6f, 0x6c, 0x6f, 0x72, 0x2e, 0x7a, 0x20, 0x3d, 0x20, 0x5f, 0x32, 0x30, 0x31, 0x2e, // gColor.z = _201.
	0x7a, 0x3b, 0x0a, 0x20, 0x20, 0x20, 0x20, 0x62, 0x67, 0x66, 0x78, 0x5f, 0x46, 0x72, 0x61, 0x67, // z;.    bgfx_Frag
	0x43, 0x6f, 0x6c, 0x6f, 0x72, 0x2e, 0x77, 0x20, 0x3d, 0x20, 0x28, 0x31, 0x2e, 0x30, 0x20, 0x2f, // Color.w = (1.0 /
	0x20, 0x62, 0x6c, 0x65, 0x6e, 0x64, 0x5f, 0x6d, 0x6f, 0x64, 0x75, 0x6c, 0x61, 0x74, 0x65, 0x5f, //  blend_modulate_
	0x76, 0x73, 0x5f, 0x61, 0x64, 0x64, 0x2e, 0x78, 0x29, 0x20, 0x2d, 0x20, 0x31, 0x2e, 0x30, 0x3b, // vs_add.x) - 1.0;
	0x0a, 0x7d, 0x0a, 0x0a, 0x00,                                                                   // .}...
};
static const uint8_t fs_light_ballshadow_noclip_dxbc[2188] =
{
	0x46, 0x53, 0x48, 0x0c, 0x5e, 0xda, 0xa3, 0x5f, 0x00, 0x00, 0x00, 0x00, 0x00, 0x00, 0x00, 0x00, // FSH.^.._........
	0x00, 0x00, 0x00, 0x00, 0x05, 0x00, 0x05, 0x62, 0x61, 0x6c, 0x6c, 0x73, 0x12, 0x08, 0x00, 0x00, // .......balls....
	0x08, 0x00, 0x00, 0x00, 0x00, 0x00, 0x14, 0x6c, 0x69, 0x67, 0x68, 0x74, 0x43, 0x6f, 0x6c, 0x6f, // .......lightColo
	0x72, 0x5f, 0x69, 0x6e, 0x74, 0x65, 0x6e, 0x73, 0x69, 0x74, 0x79, 0x12, 0x00, 0x80, 0x00, 0x01, // r_intensity.....
	0x00, 0x00, 0x00, 0x00, 0x00, 0x19, 0x6c, 0x69, 0x67, 0x68, 0x74, 0x43, 0x6f, 0x6c, 0x6f, 0x72, // ......lightColor
	0x32, 0x5f, 0x66, 0x61, 0x6c, 0x6c, 0x6f, 0x66, 0x66, 0x5f, 0x70, 0x6f, 0x77, 0x65, 0x72, 0x12, // 2_falloff_power.
	0x00, 0x90, 0x00, 0x01, 0x00, 0x00, 0x00, 0x00, 0x00, 0x14, 0x6c, 0x69, 0x67, 0x68, 0x74, 0x43, // ..........lightC
	0x65, 0x6e, 0x74, 0x65, 0x72, 0x5f, 0x6d, 0x61, 0x78, 0x52, 0x61, 0x6e, 0x67, 0x65, 0x12, 0x00, // enter_maxRange..
	0xa0, 0x00, 0x01, 0x00, 0x00, 0x00, 0x00, 0x00, 0x15, 0x62, 0x6c, 0x65, 0x6e, 0x64, 0x5f, 0x6d, // .........blend_m
	0x6f, 0x64, 0x75, 0x6c, 0x61, 0x74, 0x65, 0x5f, 0x76, 0x73, 0x5f, 0x61, 0x64, 0x64, 0x12, 0x00, // odulate_vs_add..
	0xb0, 0x00, 0x01, 0x00, 0x00, 0x00, 0x00, 0x00, 0xdc, 0x07, 0x00, 0x00, 0x44, 0x58, 0x42, 0x43, // ............DXBC
	0xd1, 0xc2, 0x57, 0xba, 0x09, 0x15, 0x37, 0x5e, 0x48, 0xcf, 0x86, 0x08, 0x50, 0x89, 0xe4, 0x6f, // ..W...7^H...P..o
	0x01, 0x00, 0x00, 0x00, 0xdc, 0x07, 0x00, 0x00, 0x03, 0x00, 0x00, 0x00, 0x2c, 0x00, 0x00, 0x00, // ............,...
	0x84, 0x00, 0x00, 0x00, 0xb8, 0x00, 0x00, 0x00, 0x49, 0x53, 0x47, 0x4e, 0x50, 0x00, 0x00, 0x00, // ........ISGNP...
	0x02, 0x00, 0x00, 0x00, 0x08, 0x00, 0x00, 0x00, 0x38, 0x00, 0x00, 0x00, 0x00, 0x00, 0x00, 0x00, // ........8.......
	0x01, 0x00, 0x00, 0x00, 0x03, 0x00, 0x00, 0x00, 0x00, 0x00, 0x00, 0x00, 0x0f, 0x00, 0x00, 0x00, // ................
	0x44, 0x00, 0x00, 0x00, 0x01, 0x00, 0x00, 0x00, 0x00, 0x00, 0x00, 0x00, 0x03, 0x00, 0x00, 0x00, // D...............
	0x01, 0x00, 0x00, 0x00, 0x07, 0x07, 0x00, 0x00, 0x53, 0x56, 0x5f, 0x50, 0x4f, 0x53, 0x49, 0x54, // ........SV_POSIT
	0x49, 0x4f, 0x4e, 0x00, 0x54, 0x45, 0x58, 0x43, 0x4f, 0x4f, 0x52, 0x44, 0x00, 0xab, 0xab, 0xab, // ION.TEXCOORD....
	0x4f, 0x53, 0x47, 0x4e, 0x2c, 0x00, 0x00, 0x00, 0x01, 0x00, 0x00, 0x00, 0x08, 0x00, 0x00, 0x00, // OSGN,...........
	0x20, 0x00, 0x00, 0x00, 0x00, 0x00, 0x00, 0x00, 0x00, 0x00, 0x00, 0x00, 0x03, 0x00, 0x00, 0x00, //  ...............
	0x00, 0x00, 0x00, 0x00, 0x0f, 0x00, 0x00, 0x00, 0x53, 0x56, 0x5f, 0x54, 0x41, 0x52, 0x47, 0x45, // ........SV_TARGE
	0x54, 0x00, 0xab, 0xab, 0x53, 0x48, 0x45, 0x58, 0x1c, 0x07, 0x00, 0x00, 0x50, 0x00, 0x00, 0x00, // T...SHEX....P...
	0xc7, 0x01, 0x00, 0x00, 0x6a, 0x28, 0x00, 0x01, 0x59, 0x08, 0x00, 0x04, 0x46, 0x8e, 0x20, 0x00, // ....j(..Y...F. .
	0x00, 0x00, 0x00, 0x00, 0x0c, 0x00, 0x00, 0x00, 0x62, 0x10, 0x00, 0x03, 0x72, 0x10, 0x10, 0x00, // ........b...r...
	0x01, 0x00, 0x00, 0x00, 0x65, 0x00, 0x00, 0x03, 0xf2, 0x20, 0x10, 0x00, 0x00, 0x00, 0x00, 0x00, // ....e.... ......
	0x68, 0x00, 0x00, 0x02, 0x06, 0x00, 0x00, 0x00, 0x00, 0x00, 0x00, 0x09, 0x72, 0x00, 0x10, 0x00, // h...........r...
	0x00, 0x00, 0x00, 0x00, 0x46, 0x12, 0x10, 0x00, 0x01, 0x00, 0x00, 0x00, 0x46, 0x82, 0x20, 0x80, // ....F.......F. .
	0x41, 0x00, 0x00, 0x00, 0x00, 0x00, 0x00, 0x00, 0x0a, 0x00, 0x00, 0x00, 0x10, 0x00, 0x00, 0x07, // A...............
	0x82, 0x00, 0x10, 0x00, 0x00, 0x00, 0x00, 0x00, 0x46, 0x02, 0x10, 0x00, 0x00, 0x00, 0x00, 0x00, // ........F.......
	0x46, 0x02, 0x10, 0x00, 0x00, 0x00, 0x00, 0x00, 0x4b, 0x00, 0x00, 0x05, 0x12, 0x00, 0x10, 0x00, // F.......K.......
	0x01, 0x00, 0x00, 0x00, 0x3a, 0x00, 0x10, 0x00, 0x00, 0x00, 0x00, 0x00, 0x38, 0x00, 0x00, 0x08, // ....:.......8...
	0x12, 0x00, 0x10, 0x00, 0x01, 0x00, 0x00, 0x00, 0x0a, 0x00, 0x10, 0x00, 0x01, 0x00, 0x00, 0x00, // ................
	0x3a, 0x80, 0x20, 0x00, 0x00, 0x00, 0x00, 0x00, 0x0a, 0x00, 0x00, 0x00, 0x36, 0x20, 0x00, 0x05, // :. .........6 ..
	0x22, 0x00, 0x10, 0x00, 0x01, 0x00, 0x00, 0x00, 0x0a, 0x00, 0x10, 0x00, 0x01, 0x00, 0x00, 0x00, // "...............
	0x00, 0x00, 0x00, 0x08, 0x22, 0x00, 0x10, 0x00, 0x01, 0x00, 0x00, 0x00, 0x1a, 0x00, 0x10, 0x80, // ...."...........
	0x41, 0x00, 0x00, 0x00, 0x01, 0x00, 0x00, 0x00, 0x01, 0x40, 0x00, 0x00, 0x00, 0x00, 0x80, 0x3f, // A........@.....?
	0x2f, 0x00, 0x00, 0x05, 0x22, 0x00, 0x10, 0x00, 0x01, 0x00, 0x00, 0x00, 0x1a, 0x00, 0x10, 0x00, // /..."...........
	0x01, 0x00, 0x00, 0x00, 0x38, 0x00, 0x00, 0x08, 0x22, 0x00, 0x10, 0x00, 0x01, 0x00, 0x00, 0x00, // ....8...".......
	0x1a, 0x00, 0x10, 0x00, 0x01, 0x00, 0x00, 0x00, 0x3a, 0x80, 0x20, 0x00, 0x00, 0x00, 0x00, 0x00, // ........:. .....
	0x09, 0x00, 0x00, 0x00, 0x19, 0x00, 0x00, 0x05, 0x22, 0x00, 0x10, 0x00, 0x01, 0x00, 0x00, 0x00, // ........".......
	0x1a, 0x00, 0x10, 0x00, 0x01, 0x00, 0x00, 0x00, 0x4b, 0x00, 0x00, 0x05, 0x12, 0x00, 0x10, 0x00, // ........K.......
	0x01, 0x00, 0x00, 0x00, 0x0a, 0x00, 0x10, 0x00, 0x01, 0x00, 0x00, 0x00, 0x00, 0x00, 0x00, 0x0a, // ................
	0x72, 0x00, 0x10, 0x00, 0x02, 0x00, 0x00, 0x00, 0x46, 0x82, 0x20, 0x00, 0x00, 0x00, 0x00, 0x00, // r.......F. .....
	0x08, 0x00, 0x00, 0x00, 0x46, 0x82, 0x20, 0x80, 0x41, 0x00, 0x00, 0x00, 0x00, 0x00, 0x00, 0x00, // ....F. .A.......
	0x09, 0x00, 0x00, 0x00, 0x32, 0x00, 0x00, 0x0a, 0xd2, 0x00, 0x10, 0x00, 0x01, 0x00, 0x00, 0x00, // ....2...........
	0x06, 0x00, 0x10, 0x00, 0x01, 0x00, 0x00, 0x00, 0x06, 0x09, 0x10, 0x00, 0x02, 0x00, 0x00, 0x00, // ................
	0x06, 0x89, 0x20, 0x00, 0x00, 0x00, 0x00, 0x00, 0x09, 0x00, 0x00, 0x00, 0x38, 0x00, 0x00, 0x09, // .. .........8...
	0x22, 0x00, 0x10, 0x00, 0x01, 0x00, 0x00, 0x00, 0x1a, 0x00, 0x10, 0x00, 0x01, 0x00, 0x00, 0x00, // "...............
	0x0a, 0x80, 0x20, 0x80, 0x41, 0x00, 0x00, 0x00, 0x00, 0x00, 0x00, 0x00, 0x0b, 0x00, 0x00, 0x00, // .. .A...........
	0x38, 0x00, 0x00, 0x08, 0x22, 0x00, 0x10, 0x00, 0x01, 0x00, 0x00, 0x00, 0x1a, 0x00, 0x10, 0x00, // 8..."...........
	0x01, 0x00, 0x00, 0x00, 0x3a, 0x80, 0x20, 0x00, 0x00, 0x00, 0x00, 0x00, 0x08, 0x00, 0x00, 0x00, // ....:. .........
	0x38, 0x00, 0x00, 0x07, 0x72, 0x00, 0x10, 0x00, 0x01, 0x00, 0x00, 0x00, 0x56, 0x05, 0x10, 0x00, // 8...r.......V...
	0x01, 0x00, 0x00, 0x00, 0x86, 0x03, 0x10, 0x00, 0x01, 0x00, 0x00, 0x00, 0x36, 0x00, 0x00, 0x05, // ............6...
	0x42, 0x00, 0x10, 0x00, 0x02, 0x00, 0x00, 0x00, 0x01, 0x40, 0x00, 0x00, 0x00, 0x00, 0x00, 0x00, // B........@......
	0x36, 0x00, 0x00, 0x08, 0x72, 0x00, 0x10, 0x00, 0x03, 0x00, 0x00, 0x00, 0x02, 0x40, 0x00, 0x00, // 6...r........@..
	0x00, 0x00, 0x00, 0x00, 0x00, 0x00, 0x80, 0x3f, 0x00, 0x00, 0x00, 0x00, 0x00, 0x00, 0x00, 0x00, // .......?........
	0x36, 0x00, 0x00, 0x05, 0x82, 0x00, 0x10, 0x00, 0x01, 0x00, 0x00, 0x00, 0x01, 0x40, 0x00, 0x00, // 6............@..
	0x00, 0x00, 0x00, 0x00, 0x30, 0x00, 0x00, 0x01, 0x21, 0x00, 0x00, 0x07, 0x82, 0x00, 0x10, 0x00, // ....0...!.......
	0x02, 0x00, 0x00, 0x00, 0x2a, 0x00, 0x10, 0x00, 0x03, 0x00, 0x00, 0x00, 0x01, 0x40, 0x00, 0x00, // ....*........@..
	0x08, 0x00, 0x00, 0x00, 0x36, 0x00, 0x00, 0x05, 0x82, 0x00, 0x10, 0x00, 0x01, 0x00, 0x00, 0x00, // ....6...........
	0x01, 0x40, 0x00, 0x00, 0x00, 0x00, 0x00, 0x00, 0x03, 0x00, 0x04, 0x03, 0x3a, 0x00, 0x10, 0x00, // .@..........:...
	0x02, 0x00, 0x00, 0x00, 0x18, 0x00, 0x00, 0x09, 0x82, 0x00, 0x10, 0x00, 0x02, 0x00, 0x00, 0x00, // ................
	0x01, 0x40, 0x00, 0x00, 0x00, 0x00, 0x00, 0x00, 0x3a, 0x80, 0x20, 0x04, 0x00, 0x00, 0x00, 0x00, // .@......:. .....
	0x2a, 0x00, 0x10, 0x00, 0x03, 0x00, 0x00, 0x00, 0x1f, 0x00, 0x04, 0x03, 0x3a, 0x00, 0x10, 0x00, // *...........:...
	0x02, 0x00, 0x00, 0x00, 0x36, 0x00, 0x00, 0x05, 0x32, 0x00, 0x10, 0x00, 0x03, 0x00, 0x00, 0x00, // ....6...2.......
	0x56, 0x05, 0x10, 0x00, 0x03, 0x00, 0x00, 0x00, 0x36, 0x00, 0x00, 0x05, 0x82, 0x00, 0x10, 0x00, // V.......6.......
	0x01, 0x00, 0x00, 0x00, 0x01, 0x40, 0x00, 0x00, 0xff, 0xff, 0xff, 0xff, 0x02, 0x00, 0x00, 0x01, // .....@..........
	0x15, 0x00, 0x00, 0x01, 0x00, 0x00, 0x00, 0x0b, 0x72, 0x00, 0x10, 0x00, 0x04, 0x00, 0x00, 0x00, // ........r.......
	0x46, 0x82, 0x20, 0x80, 0x41, 0x00, 0x00, 0x00, 0x00, 0x00, 0x00, 0x00, 0x0a, 0x00, 0x00, 0x00, // F. .A...........
	0x46, 0x82, 0x20, 0x04, 0x00, 0x00, 0x00, 0x00, 0x2a, 0x00, 0x10, 0x00, 0x03, 0x00, 0x00, 0x00, // F. .....*.......
	0x10, 0x00, 0x00, 0x07, 0x82, 0x00, 0x10, 0x00, 0x03, 0x00, 0x00, 0x00, 0x46, 0x02, 0x10, 0x00, // ............F...
	0x04, 0x00, 0x00, 0x00, 0x46, 0x02, 0x10, 0x00, 0x00, 0x00, 0x00, 0x00, 0x0e, 0x00, 0x00, 0x07, // ....F...........
	0x82, 0x00, 0x10, 0x00, 0x03, 0x00, 0x00, 0x00, 0x3a, 0x00, 0x10, 0x00, 0x03, 0x00, 0x00, 0x00, // ........:.......
	0x3a, 0x00, 0x10, 0x00, 0x00, 0x00, 0x00, 0x00, 0x31, 0x00, 0x00, 0x07, 0x82, 0x00, 0x10, 0x00, // :.......1.......
	0x04, 0x00, 0x00, 0x00, 0x01, 0x40, 0x00, 0x00, 0x00, 0x00, 0x00, 0x00, 0x3a, 0x00, 0x10, 0x00, // .....@......:...
	0x03, 0x00, 0x00, 0x00, 0x31, 0x00, 0x00, 0x07, 0x12, 0x00, 0x10, 0x00, 0x05, 0x00, 0x00, 0x00, // ....1...........
	0x3a, 0x00, 0x10, 0x00, 0x03, 0x00, 0x00, 0x00, 0x01, 0x40, 0x00, 0x00, 0x00, 0x00, 0x80, 0x3f, // :........@.....?
	0x01, 0x00, 0x00, 0x07, 0x82, 0x00, 0x10, 0x00, 0x04, 0x00, 0x00, 0x00, 0x3a, 0x00, 0x10, 0x00, // ............:...
	0x04, 0x00, 0x00, 0x00, 0x0a, 0x00, 0x10, 0x00, 0x05, 0x00, 0x00, 0x00, 0x1f, 0x00, 0x04, 0x03, // ................
	0x3a, 0x00, 0x10, 0x00, 0x04, 0x00, 0x00, 0x00, 0x32, 0x00, 0x00, 0x0a, 0x72, 0x00, 0x10, 0x00, // :.......2...r...
	0x05, 0x00, 0x00, 0x00, 0xf6, 0x0f, 0x10, 0x80, 0x41, 0x00, 0x00, 0x00, 0x03, 0x00, 0x00, 0x00, // ........A.......
	0x46, 0x02, 0x10, 0x00, 0x00, 0x00, 0x00, 0x00, 0x46, 0x02, 0x10, 0x00, 0x04, 0x00, 0x00, 0x00, // F.......F.......
	0x10, 0x00, 0x00, 0x07, 0x42, 0x00, 0x10, 0x00, 0x04, 0x00, 0x00, 0x00, 0x46, 0x02, 0x10, 0x00, // ....B.......F...
	0x05, 0x00, 0x00, 0x00, 0x46, 0x02, 0x10, 0x00, 0x05, 0x00, 0x00, 0x00, 0x4b, 0x00, 0x00, 0x05, // ....F.......K...
	0x42, 0x00, 0x10, 0x00, 0x04, 0x00, 0x00, 0x00, 0x2a, 0x00, 0x10, 0x00, 0x04, 0x00, 0x00, 0x00, // B.......*.......
	0x32, 0x00, 0x00, 0x0a, 0x82, 0x00, 0x10, 0x00, 0x03, 0x00, 0x00, 0x00, 0x3a, 0x00, 0x10, 0x80, // 2...........:...
	0x41, 0x00, 0x00, 0x00, 0x03, 0x00, 0x00, 0x00, 0x01, 0x40, 0x00, 0x00, 0x00, 0x00, 0xa0, 0x40, // A........@.....@
	0x01, 0x40, 0x00, 0x00, 0x00, 0x00, 0xa0, 0x40, 0x0f, 0x00, 0x00, 0x07, 0x12, 0x00, 0x10, 0x00, // .@.....@........
	0x04, 0x00, 0x00, 0x00, 0x46, 0x00, 0x10, 0x00, 0x04, 0x00, 0x00, 0x00, 0x46, 0x00, 0x10, 0x00, // ....F.......F...
	0x04, 0x00, 0x00, 0x00, 0x38, 0x00, 0x00, 0x0b, 0x22, 0x00, 0x10, 0x00, 0x04, 0x00, 0x00, 0x00, // ....8...".......
	0x3a, 0x80, 0x20, 0x04, 0x00, 0x00, 0x00, 0x00, 0x2a, 0x00, 0x10, 0x00, 0x03, 0x00, 0x00, 0x00, // :. .....*.......
	0x3a, 0x80, 0x20, 0x04, 0x00, 0x00, 0x00, 0x00, 0x2a, 0x00, 0x10, 0x00, 0x03, 0x00, 0x00, 0x00, // :. .....*.......
	0x0e, 0x00, 0x00, 0x07, 0x12, 0x00, 0x10, 0x00, 0x04, 0x00, 0x00, 0x00, 0x0a, 0x00, 0x10, 0x00, // ................
	0x04, 0x00, 0x00, 0x00, 0x1a, 0x00, 0x10, 0x00, 0x04, 0x00, 0x00, 0x00, 0x33, 0x00, 0x00, 0x07, // ............3...
	0x12, 0x00, 0x10, 0x00, 0x04, 0x00, 0x00, 0x00, 0x0a, 0x00, 0x10, 0x00, 0x04, 0x00, 0x00, 0x00, // ................
	0x01, 0x40, 0x00, 0x00, 0x00, 0x00, 0x80, 0x3f, 0x00, 0x00, 0x00, 0x0a, 0x22, 0x00, 0x10, 0x00, // .@.....?...."...
	0x04, 0x00, 0x00, 0x00, 0x3a, 0x00, 0x10, 0x80, 0x41, 0x00, 0x00, 0x00, 0x03, 0x00, 0x00, 0x00, // ....:...A.......
	0x3a, 0x80, 0x20, 0x04, 0x00, 0x00, 0x00, 0x00, 0x2a, 0x00, 0x10, 0x00, 0x03, 0x00, 0x00, 0x00, // :. .....*.......
	0x00, 0x00, 0x00, 0x09, 0x82, 0x00, 0x10, 0x00, 0x03, 0x00, 0x00, 0x00, 0x3a, 0x00, 0x10, 0x00, // ............:...
	0x03, 0x00, 0x00, 0x00, 0x3a, 0x80, 0x20, 0x04, 0x00, 0x00, 0x00, 0x00, 0x2a, 0x00, 0x10, 0x00, // ....:. .....*...
	0x03, 0x00, 0x00, 0x00, 0x00, 0x00, 0x00, 0x08, 0x82, 0x00, 0x10, 0x00, 0x03, 0x00, 0x00, 0x00, // ................
	0x1a, 0x00, 0x10, 0x80, 0x41, 0x00, 0x00, 0x00, 0x04, 0x00, 0x00, 0x00, 0x3a, 0x00, 0x10, 0x00, // ....A.......:...
	0x03, 0x00, 0x00, 0x00, 0x00, 0x00, 0x00, 0x08, 0x22, 0x00, 0x10, 0x00, 0x04, 0x00, 0x00, 0x00, // ........".......
	0x1a, 0x00, 0x10, 0x80, 0x41, 0x00, 0x00, 0x00, 0x04, 0x00, 0x00, 0x00, 0x2a, 0x00, 0x10, 0x00, // ....A.......*...
	0x04, 0x00, 0x00, 0x00, 0x0e, 0x00, 0x00, 0x0a, 0x82, 0x00, 0x10, 0x00, 0x03, 0x00, 0x00, 0x00, // ................
	0x02, 0x40, 0x00, 0x00, 0x00, 0x00, 0x80, 0x3f, 0x00, 0x00, 0x80, 0x3f, 0x00, 0x00, 0x80, 0x3f, // .@.....?...?...?
	0x00, 0x00, 0x80, 0x3f, 0x3a, 0x00, 0x10, 0x00, 0x03, 0x00, 0x00, 0x00, 0x38, 0x20, 0x00, 0x07, // ...?:.......8 ..
	0x82, 0x00, 0x10, 0x00, 0x03, 0x00, 0x00, 0x00, 0x3a, 0x00, 0x10, 0x00, 0x03, 0x00, 0x00, 0x00, // ........:.......
	0x1a, 0x00, 0x10, 0x00, 0x04, 0x00, 0x00, 0x00, 0x32, 0x00, 0x00, 0x09, 0x22, 0x00, 0x10, 0x00, // ........2..."...
	0x04, 0x00, 0x00, 0x00, 0x3a, 0x00, 0x10, 0x00, 0x03, 0x00, 0x00, 0x00, 0x01, 0x40, 0x00, 0x00, // ....:........@..
	0x00, 0x00, 0x00, 0xc0, 0x01, 0x40, 0x00, 0x00, 0x00, 0x00, 0x40, 0x40, 0x38, 0x00, 0x00, 0x07, // .....@....@@8...
	0x82, 0x00, 0x10, 0x00, 0x03, 0x00, 0x00, 0x00, 0x3a, 0x00, 0x10, 0x00, 0x03, 0x00, 0x00, 0x00, // ........:.......
	0x3a, 0x00, 0x10, 0x00, 0x03, 0x00, 0x00, 0x00, 0x38, 0x00, 0x00, 0x07, 0x82, 0x00, 0x10, 0x00, // :.......8.......
	0x03, 0x00, 0x00, 0x00, 0x3a, 0x00, 0x10, 0x00, 0x03, 0x00, 0x00, 0x00, 0x1a, 0x00, 0x10, 0x00, // ....:...........
	0x04, 0x00, 0x00, 0x00, 0x32, 0x00, 0x00, 0x09, 0x82, 0x00, 0x10, 0x00, 0x03, 0x00, 0x00, 0x00, // ....2...........
	0x3a, 0x00, 0x10, 0x00, 0x03, 0x00, 0x00, 0x00, 0x01, 0x40, 0x00, 0x00, 0x66, 0x66, 0x66, 0x3f, // :........@..fff?
	0x01, 0x40, 0x00, 0x00, 0x66, 0x66, 0x66, 0xbf, 0x32, 0x00, 0x00, 0x09, 0x82, 0x00, 0x10, 0x00, // .@..fff.2.......
	0x03, 0x00, 0x00, 0x00, 0x0a, 0x00, 0x10, 0x00, 0x04, 0x00, 0x00, 0x00, 0x3a, 0x00, 0x10, 0x00, // ............:...
	0x03, 0x00, 0x00, 0x00, 0x01, 0x40, 0x00, 0x00, 0x00, 0x00, 0x80, 0x3f, 0x38, 0x00, 0x00, 0x07, // .....@.....?8...
	0x12, 0x00, 0x10, 0x00, 0x02, 0x00, 0x00, 0x00, 0x3a, 0x00, 0x10, 0x00, 0x03, 0x00, 0x00, 0x00, // ........:.......
	0x1a, 0x00, 0x10, 0x00, 0x03, 0x00, 0x00, 0x00, 0x12, 0x00, 0x00, 0x01, 0x36, 0x00, 0x00, 0x05, // ............6...
	0x12, 0x00, 0x10, 0x00, 0x02, 0x00, 0x00, 0x00, 0x1a, 0x00, 0x10, 0x00, 0x03, 0x00, 0x00, 0x00, // ................
	0x15, 0x00, 0x00, 0x01, 0x1e, 0x00, 0x00, 0x07, 0x22, 0x00, 0x10, 0x00, 0x02, 0x00, 0x00, 0x00, // ........".......
	0x2a, 0x00, 0x10, 0x00, 0x03, 0x00, 0x00, 0x00, 0x01, 0x40, 0x00, 0x00, 0x01, 0x00, 0x00, 0x00, // *........@......
	0x36, 0x00, 0x00, 0x05, 0x72, 0x00, 0x10, 0x00, 0x03, 0x00, 0x00, 0x00, 0x26, 0x09, 0x10, 0x00, // 6...r.......&...
	0x02, 0x00, 0x00, 0x00, 0x36, 0x00, 0x00, 0x05, 0x82, 0x00, 0x10, 0x00, 0x01, 0x00, 0x00, 0x00, // ....6...........
	0x3a, 0x00, 0x10, 0x00, 0x02, 0x00, 0x00, 0x00, 0x16, 0x00, 0x00, 0x01, 0x37, 0x00, 0x00, 0x09, // :...........7...
	0x12, 0x00, 0x10, 0x00, 0x00, 0x00, 0x00, 0x00, 0x3a, 0x00, 0x10, 0x00, 0x01, 0x00, 0x00, 0x00, // ........:.......
	0x0a, 0x00, 0x10, 0x00, 0x03, 0x00, 0x00, 0x00, 0x1a, 0x00, 0x10, 0x00, 0x03, 0x00, 0x00, 0x00, // ................
	0x38, 0x00, 0x00, 0x07, 0x72, 0x20, 0x10, 0x00, 0x00, 0x00, 0x00, 0x00, 0x06, 0x00, 0x10, 0x00, // 8...r ..........
	0x00, 0x00, 0x00, 0x00, 0x46, 0x02, 0x10, 0x00, 0x01, 0x00, 0x00, 0x00, 0x0e, 0x00, 0x00, 0x0b, // ....F...........
	0x12, 0x00, 0x10, 0x00, 0x00, 0x00, 0x00, 0x00, 0x02, 0x40, 0x00, 0x00, 0x00, 0x00, 0x80, 0x3f, // .........@.....?
	0x00, 0x00, 0x80, 0x3f, 0x00, 0x00, 0x80, 0x3f, 0x00, 0x00, 0x80, 0x3f, 0x0a, 0x80, 0x20, 0x00, // ...?...?...?.. .
	0x00, 0x00, 0x00, 0x00, 0x0b, 0x00, 0x00, 0x00, 0x00, 0x00, 0x00, 0x07, 0x82, 0x20, 0x10, 0x00, // ............. ..
	0x00, 0x00, 0x00, 0x00, 0x0a, 0x00, 0x10, 0x00, 0x00, 0x00, 0x00, 0x00, 0x01, 0x40, 0x00, 0x00, // .............@..
	0x00, 0x00, 0x80, 0xbf, 0x3e, 0x00, 0x00, 0x01, 0x00, 0x00, 0xc0, 0x00,                         // ....>.......
};
static const uint8_t fs_light_ballshadow_noclip_dxil[3048] =
{
	0x46, 0x53, 0x48, 0x0c, 0x5e, 0xda, 0xa3, 0x5f, 0x00, 0x00, 0x00, 0x00, 0x00, 0x00, 0x00, 0x00, // FSH.^.._........
	0x00, 0x00, 0x00, 0x00, 0x05, 0x00, 0x05, 0x62, 0x61, 0x6c, 0x6c, 0x73, 0x12, 0x08, 0x00, 0x00, // .......balls....
	0x08, 0x00, 0x00, 0x00, 0x00, 0x00, 0x14, 0x6c, 0x69, 0x67, 0x68, 0x74, 0x43, 0x6f, 0x6c, 0x6f, // .......lightColo
	0x72, 0x5f, 0x69, 0x6e, 0x74, 0x65, 0x6e, 0x73, 0x69, 0x74, 0x79, 0x12, 0x00, 0x80, 0x00, 0x01, // r_intensity.....
	0x00, 0x00, 0x00, 0x00, 0x00, 0x19, 0x6c, 0x69, 0x67, 0x68, 0x74, 0x43, 0x6f, 0x6c, 0x6f, 0x72, // ......lightColor
	0x32, 0x5f, 0x66, 0x61, 0x6c, 0x6c, 0x6f, 0x66, 0x66, 0x5f, 0x70, 0x6f, 0x77, 0x65, 0x72, 0x12, // 2_falloff_power.
	0x00, 0x90, 0x00, 0x01, 0x00, 0x00, 0x00, 0x00, 0x00, 0x14, 0x6c, 0x69, 0x67, 0x68, 0x74, 0x43, // ..........lightC
	0x65, 0x6e, 0x74, 0x65, 0x72, 0x5f, 0x6d, 0x61, 0x78, 0x52, 0x61, 0x6e, 0x67, 0x65, 0x12, 0x00, // enter_maxRange..
	0xa0, 0x00, 0x01, 0x00, 0x00, 0x00, 0x00, 0x00, 0x15, 0x62, 0x6c, 0x65, 0x6e, 0x64, 0x5f, 0x6d, // .........blend_m
	0x6f, 0x64, 0x75, 0x6c, 0x61, 0x74, 0x65, 0x5f, 0x76, 0x73, 0x5f, 0x61, 0x64, 0x64, 0x12, 0x00, // odulate_vs_add..
	0xb0, 0x00, 0x01, 0x00, 0x00, 0x00, 0x00, 0x00, 0x38, 0x0b, 0x00, 0x00, 0x44, 0x58, 0x42, 0x43, // ........8...DXBC
	0xcb, 0xf2, 0x1a, 0xdc, 0x87, 0x61, 0xfd, 0x56, 0x41, 0xb8, 0x0a, 0xbc, 0xfe, 0xd4, 0x89, 0x1e, // .....a.VA.......
	0x01, 0x00, 0x00, 0x00, 0x38, 0x0b, 0x00, 0x00, 0x07, 0x00, 0x00, 0x00, 0x3c, 0x00, 0x00, 0x00, // ....8.......<...
	0x4c, 0x00, 0x00, 0x00, 0xb4, 0x00, 0x00, 0x00, 0xf0, 0x00, 0x00, 0x00, 0xc4, 0x01, 0x00, 0x00, // L...............
	0xf8, 0x01, 0x00, 0x00, 0x14, 0x02, 0x00, 0x00, 0x53, 0x46, 0x49, 0x30, 0x08, 0x00, 0x00, 0x00, // ........SFI0....
	0x00, 0x00, 0x00, 0x00, 0x00, 0x00, 0x00, 0x00, 0x49, 0x53, 0x47, 0x31, 0x60, 0x00, 0x00, 0x00, // ........ISG1`...
	0x02, 0x00, 0x00, 0x00, 0x08, 0x00, 0x00, 0x00, 0x00, 0x00, 0x00, 0x00, 0x48, 0x00, 0x00, 0x00, // ............H...
	0x00, 0x00, 0x00, 0x00, 0x01, 0x00, 0x00, 0x00, 0x03, 0x00, 0x00, 0x00, 0x00, 0x00, 0x00, 0x00, // ................
	0x0f, 0x00, 0x00, 0x00, 0x00, 0x00, 0x00, 0x00, 0x00, 0x00, 0x00, 0x00, 0x54, 0x00, 0x00, 0x00, // ............T...
	0x01, 0x00, 0x00, 0x00, 0x00, 0x00, 0x00, 0x00, 0x03, 0x00, 0x00, 0x00, 0x01, 0x00, 0x00, 0x00, // ................
	0x07, 0x07, 0x00, 0x00, 0x00, 0x00, 0x00, 0x00, 0x53, 0x56, 0x5f, 0x50, 0x6f, 0x73, 0x69, 0x74, // ........SV_Posit
	0x69, 0x6f, 0x6e, 0x00, 0x54, 0x45, 0x58, 0x43, 0x4f, 0x4f, 0x52, 0x44, 0x00, 0x00, 0x00, 0x00, // ion.TEXCOORD....
	0x4f, 0x53, 0x47, 0x31, 0x34, 0x00, 0x00, 0x00, 0x01, 0x00, 0x00, 0x00, 0x08, 0x00, 0x00, 0x00, // OSG14...........
	0x00, 0x00, 0x00, 0x00, 0x28, 0x00, 0x00, 0x00, 0x00, 0x00, 0x00, 0x00, 0x40, 0x00, 0x00, 0x00, // ....(.......@...
	0x03, 0x00, 0x00, 0x00, 0x00, 0x00, 0x00, 0x00, 0x0f, 0x00, 0x00, 0x00, 0x00, 0x00, 0x00, 0x00, // ................
	0x53, 0x56, 0x5f, 0x54, 0x61, 0x72, 0x67, 0x65, 0x74, 0x00, 0x00, 0x00, 0x50, 0x53, 0x56, 0x30, // SV_Target...PSV0
	0xcc, 0x00, 0x00, 0x00, 0x34, 0x00, 0x00, 0x00, 0x00, 0x00, 0x00, 0x00, 0x00, 0x00, 0x00, 0x00, // ....4...........
	0x00, 0x00, 0x00, 0x00, 0x00, 0x00, 0x00, 0x00, 0x00, 0x00, 0x00, 0x00, 0xff, 0xff, 0xff, 0xff, // ................
	0x00, 0x00, 0x00, 0x00, 0x02, 0x01, 0x00, 0x02, 0x01, 0x00, 0x00, 0x00, 0x00, 0x00, 0x00, 0x00, // ................
	0x00, 0x00, 0x00, 0x00, 0x00, 0x00, 0x00, 0x00, 0x0a, 0x00, 0x00, 0x00, 0x01, 0x00, 0x00, 0x00, // ................
	0x18, 0x00, 0x00, 0x00, 0x02, 0x00, 0x00, 0x00, 0x00, 0x00, 0x00, 0x00, 0x00, 0x00, 0x00, 0x00, // ................
	0x00, 0x00, 0x00, 0x00, 0x0d, 0x00, 0x00, 0x00, 0x00, 0x00, 0x00, 0x00, 0x10, 0x00, 0x00, 0x00, // ................
	0x00, 0x54, 0x45, 0x58, 0x43, 0x4f, 0x4f, 0x52, 0x44, 0x00, 0x6d, 0x61, 0x69, 0x6e, 0x00, 0x00, // .TEXCOORD.main..
	0x02, 0x00, 0x00, 0x00, 0x00, 0x00, 0x00, 0x00, 0x01, 0x00, 0x00, 0x00, 0x10, 0x00, 0x00, 0x00, // ................
	0x00, 0x00, 0x00, 0x00, 0x00, 0x00, 0x00, 0x00, 0x01, 0x00, 0x44, 0x03, 0x03, 0x04, 0x00, 0x00, // ..........D.....
	0x01, 0x00, 0x00, 0x00, 0x01, 0x00, 0x00, 0x00, 0x01, 0x01, 0x43, 0x00, 0x03, 0x02, 0x00, 0x00, // ..........C.....
	0x00, 0x00, 0x00, 0x00, 0x00, 0x00, 0x00, 0x00, 0x01, 0x00, 0x44, 0x10, 0x03, 0x00, 0x00, 0x00, // ..........D.....
	0x00, 0x00, 0x00, 0x00, 0x00, 0x00, 0x00, 0x00, 0x00, 0x00, 0x00, 0x00, 0x00, 0x00, 0x00, 0x00, // ................
	0x07, 0x00, 0x00, 0x00, 0x07, 0x00, 0x00, 0x00, 0x07, 0x00, 0x00, 0x00, 0x00, 0x00, 0x00, 0x00, // ................
	0x49, 0x4c, 0x44, 0x4e, 0x2c, 0x00, 0x00, 0x00, 0x00, 0x00, 0x24, 0x00, 0x36, 0x61, 0x39, 0x38, // ILDN,.....$.6a98
	0x31, 0x37, 0x39, 0x39, 0x66, 0x34, 0x66, 0x38, 0x37, 0x31, 0x64, 0x63, 0x33, 0x35, 0x39, 0x36, // 1799f4f871dc3596
	0x36, 0x30, 0x63, 0x33, 0x37, 0x63, 0x39, 0x33, 0x63, 0x37, 0x62, 0x66, 0x2e, 0x70, 0x64, 0x62, // 60c37c93c7bf.pdb
	0x00, 0x00, 0x00, 0x00, 0x48, 0x41, 0x53, 0x48, 0x14, 0x00, 0x00, 0x00, 0x00, 0x00, 0x00, 0x00, // ....HASH........
	0x6a, 0x98, 0x17, 0x99, 0xf4, 0xf8, 0x71, 0xdc, 0x35, 0x96, 0x60, 0xc3, 0x7c, 0x93, 0xc7, 0xbf, // j.....q.5.`.|...
	0x44, 0x58, 0x49, 0x4c, 0x1c, 0x09, 0x00, 0x00, 0x60, 0x00, 0x00, 0x00, 0x47, 0x02, 0x00, 0x00, // DXIL....`...G...
	0x44, 0x58, 0x49, 0x4c, 0x00, 0x01, 0x00, 0x00, 0x10, 0x00, 0x00, 0x00, 0x04, 0x09, 0x00, 0x00, // DXIL............
	0x42, 0x43, 0xc0, 0xde, 0x21, 0x0c, 0x00, 0x00, 0x3e, 0x02, 0x00, 0x00, 0x0b, 0x82, 0x20, 0x00, // BC..!...>..... .
	0x02, 0x00, 0x00, 0x00, 0x13, 0x00, 0x00, 0x00, 0x07, 0x81, 0x23, 0x91, 0x41, 0xc8, 0x04, 0x49, // ..........#.A..I
	0x06, 0x10, 0x32, 0x39, 0x92, 0x01, 0x84, 0x0c, 0x25, 0x05, 0x08, 0x19, 0x1e, 0x04, 0x8b, 0x62, // ..29....%......b
	0x80, 0x14, 0x45, 0x02, 0x42, 0x92, 0x0b, 0x42, 0xa4, 0x10, 0x32, 0x14, 0x38, 0x08, 0x18, 0x4b, // ..E.B..B..2.8..K
	0x0a, 0x32, 0x52, 0x88, 0x48, 0x90, 0x14, 0x20, 0x43, 0x46, 0x88, 0xa5, 0x00, 0x19, 0x32, 0x42, // .2R.H.. CF....2B
	0xe4, 0x48, 0x0e, 0x90, 0x91, 0x22, 0xc4, 0x50, 0x41, 0x51, 0x81, 0x8c, 0xe1, 0x83, 0xe5, 0x8a, // .H...".PAQ......
	0x04, 0x29, 0x46, 0x06, 0x51, 0x18, 0x00, 0x00, 0x08, 0x00, 0x00, 0x00, 0x1b, 0x8c, 0xe0, 0xff, // .)F.Q...........
	0xff, 0xff, 0xff, 0x07, 0x40, 0x02, 0xa8, 0x0d, 0x84, 0xf0, 0xff, 0xff, 0xff, 0xff, 0x03, 0x20, // ....@.......... 
	0x6d, 0x30, 0x86, 0xff, 0xff, 0xff, 0xff, 0x1f, 0x00, 0x09, 0xa8, 0x00, 0x49, 0x18, 0x00, 0x00, // m0..........I...
	0x03, 0x00, 0x00, 0x00, 0x13, 0x82, 0x60, 0x42, 0x20, 0x4c, 0x08, 0x06, 0x00, 0x00, 0x00, 0x00, // ......`B L......
	0x89, 0x20, 0x00, 0x00, 0x27, 0x00, 0x00, 0x00, 0x32, 0x22, 0x48, 0x09, 0x20, 0x64, 0x85, 0x04, // . ..'...2"H. d..
	0x93, 0x22, 0xa4, 0x84, 0x04, 0x93, 0x22, 0xe3, 0x84, 0xa1, 0x90, 0x14, 0x12, 0x4c, 0x8a, 0x8c, // ."...."......L..
	0x0b, 0x84, 0xa4, 0x4c, 0x10, 0x78, 0x23, 0x00, 0x25, 0x00, 0x14, 0x66, 0x00, 0xe6, 0x08, 0xc0, // ...L.x#.%..f....
	0x60, 0x8e, 0x00, 0x29, 0xc6, 0x20, 0x84, 0x14, 0x42, 0xa6, 0x18, 0x80, 0x10, 0x52, 0x06, 0xa1, // `..). ..B....R..
	0x32, 0x0c, 0x32, 0x48, 0x15, 0x64, 0x90, 0x31, 0xc6, 0x18, 0x83, 0xd8, 0x51, 0xc3, 0xe5, 0x4f, // 2.2H.d.1....Q..O
	0xd8, 0x43, 0x48, 0x3e, 0xb7, 0x51, 0xc5, 0x4a, 0x4c, 0x7e, 0x71, 0xdb, 0x88, 0x18, 0x63, 0x0c, // .CH>.Q.JL~q...c.
	0x2a, 0xf7, 0x0c, 0x97, 0x3f, 0x61, 0x0f, 0x21, 0xf9, 0x21, 0xd0, 0x0c, 0x0b, 0x81, 0x82, 0x57, // *...?a.!.!.....W
	0x08, 0x47, 0x20, 0xa1, 0x38, 0x47, 0x10, 0x14, 0x03, 0x92, 0x42, 0xc8, 0x24, 0x3a, 0x10, 0x30, // .G .8G....B.$:.0
	0x8c, 0x40, 0x0c, 0x89, 0x70, 0x67, 0x42, 0xc8, 0xe0, 0x14, 0xd8, 0xe1, 0x1d, 0xc4, 0x21, 0x1c, // .@..pgB.......!.
	0xd8, 0x61, 0x1e, 0x50, 0x81, 0xef, 0xbd, 0x97, 0x72, 0x26, 0x90, 0x39, 0x02, 0x50, 0x98, 0x02, // .a.P....r&.9.P..
	0x00, 0x00, 0x00, 0x00, 0x13, 0x14, 0x72, 0xc0, 0x87, 0x74, 0x60, 0x87, 0x36, 0x68, 0x87, 0x79, // ......r..t`.6h.y
	0x68, 0x03, 0x72, 0xc0, 0x87, 0x0d, 0xaf, 0x50, 0x0e, 0x6d, 0xd0, 0x0e, 0x7a, 0x50, 0x0e, 0x6d, // h.r....P.m..zP.m
	0x00, 0x0f, 0x7a, 0x30, 0x07, 0x72, 0xa0, 0x07, 0x73, 0x20, 0x07, 0x6d, 0x90, 0x0e, 0x71, 0xa0, // ..z0.r..s .m..q.
	0x07, 0x73, 0x20, 0x07, 0x6d, 0x90, 0x0e, 0x78, 0xa0, 0x07, 0x73, 0x20, 0x07, 0x6d, 0x90, 0x0e, // .s .m..x..s .m..
	0x71, 0x60, 0x07, 0x7a, 0x30, 0x07, 0x72, 0xd0, 0x06, 0xe9, 0x30, 0x07, 0x72, 0xa0, 0x07, 0x73, // q`.z0.r...0.r..s
	0x20, 0x07, 0x6d, 0x90, 0x0e, 0x76, 0x40, 0x07, 0x7a, 0x60, 0x07, 0x74, 0xd0, 0x06, 0xe6, 0x10, //  .m..v@.z`.t....
	0x07, 0x76, 0xa0, 0x07, 0x73, 0x20, 0x07, 0x6d, 0x60, 0x0e, 0x73, 0x20, 0x07, 0x7a, 0x30, 0x07, // .v..s .m`.s .z0.
	0x72, 0xd0, 0x06, 0xe6, 0x60, 0x07, 0x74, 0xa0, 0x07, 0x76, 0x40, 0x07, 0x6d, 0xe0, 0x0e, 0x78, // r...`.t..v@.m..x
	0xa0, 0x07, 0x71, 0x60, 0x07, 0x7a, 0x30, 0x07, 0x72, 0xa0, 0x07, 0x76, 0x40, 0x07, 0x43, 0x9e, // ..q`.z0.r..v@.C.
	0x00, 0x00, 0x00, 0x00, 0x00, 0x00, 0x00, 0x00, 0x00, 0x00, 0x00, 0x86, 0x3c, 0x06, 0x10, 0x00, // ............<...
	0x01, 0x00, 0x00, 0x00, 0x00, 0x00, 0x00, 0x00, 0x0c, 0x79, 0x10, 0x20, 0x00, 0x04, 0x00, 0x00, // .........y. ....
	0x00, 0x00, 0x00, 0x00, 0x00, 0x18, 0xf2, 0x28, 0x40, 0x00, 0x04, 0x00, 0x00, 0x00, 0x00, 0x00, // .......(@.......
	0x00, 0x00, 0x30, 0xe4, 0x61, 0x80, 0x00, 0x08, 0x00, 0x00, 0x00, 0x00, 0x00, 0x00, 0x00, 0x60, // ..0.a..........`
	0xc8, 0x13, 0x01, 0x01, 0x30, 0x00, 0x00, 0x00, 0x00, 0x00, 0x00, 0x00, 0xc0, 0x90, 0x87, 0x02, // ....0...........
	0x02, 0x60, 0x00, 0x00, 0x00, 0x00, 0x00, 0x00, 0x00, 0x80, 0x2c, 0x10, 0x0f, 0x00, 0x00, 0x00, // .`........,.....
	0x32, 0x1e, 0x98, 0x14, 0x19, 0x11, 0x4c, 0x90, 0x8c, 0x09, 0x26, 0x47, 0xc6, 0x04, 0x43, 0x22, // 2.....L...&G..C"
	0x25, 0x30, 0x02, 0x50, 0x12, 0xc5, 0x50, 0x80, 0x03, 0x65, 0x50, 0x0e, 0xe5, 0x41, 0xa5, 0x24, // %0.P..P..eP..A.$
	0xca, 0xa0, 0x10, 0x46, 0x00, 0x8a, 0xa0, 0x40, 0x88, 0x17, 0x04, 0xed, 0xb1, 0x92, 0x83, 0x00, // ...F...@........
	0x00, 0x00, 0x38, 0x8e, 0x83, 0xf4, 0x0c, 0x00, 0x00, 0x00, 0x00, 0x00, 0x79, 0x18, 0x00, 0x00, // ..8.........y...
	0x62, 0x00, 0x00, 0x00, 0x1a, 0x03, 0x4c, 0x90, 0x46, 0x02, 0x13, 0xc4, 0x34, 0x20, 0xc3, 0x1b, // b.....L.F...4 ..
	0x43, 0x81, 0x93, 0x4b, 0xb3, 0x0b, 0xa3, 0x2b, 0x4b, 0x01, 0x89, 0x71, 0xc9, 0x71, 0x81, 0x71, // C..K...+K..q.q.q
	0xa9, 0xa1, 0x81, 0x91, 0x01, 0x41, 0x81, 0x21, 0x9b, 0x29, 0x2b, 0xb3, 0x11, 0xab, 0xa9, 0x69, // .....A.!.)+....i
	0x21, 0x4b, 0x93, 0xa3, 0xcb, 0x4b, 0xd9, 0x10, 0x04, 0x13, 0x04, 0xe2, 0x98, 0x20, 0x10, 0xc8, // !K...K....... ..
	0x06, 0x61, 0x20, 0x26, 0x08, 0x44, 0xb2, 0x41, 0x18, 0x0c, 0x0a, 0x70, 0x73, 0x13, 0x04, 0x42, // .a &.D.A...ps..B
	0xd9, 0x30, 0x20, 0x09, 0x31, 0x41, 0xd0, 0x2e, 0x02, 0x13, 0x04, 0x62, 0xd9, 0x80, 0x10, 0x0b, // .0 .1A.....b....
	0x43, 0x10, 0x43, 0x03, 0x6c, 0x08, 0x9c, 0x0d, 0x04, 0x00, 0x3c, 0xc0, 0x04, 0x61, 0xb3, 0x36, // C.C.l.....<..a.6
	0x04, 0xd1, 0x04, 0x41, 0x00, 0x48, 0xb4, 0x85, 0xa5, 0xb9, 0x71, 0x99, 0xb2, 0xfa, 0x82, 0x7a, // ...A.H....q....z
	0x9b, 0x4b, 0xa3, 0x4b, 0x7b, 0x73, 0x9b, 0x20, 0x14, 0xcf, 0x04, 0xa1, 0x80, 0x36, 0x04, 0xc4, // .K.K{s. .....6..
	0x04, 0xa1, 0x88, 0x26, 0x08, 0x85, 0xb4, 0x61, 0x21, 0x2a, 0xeb, 0xc2, 0xb2, 0x21, 0x23, 0x34, // ...&...a!*...!#4
	0x80, 0x08, 0x55, 0x11, 0xd6, 0xd0, 0xd3, 0x93, 0x14, 0xd1, 0x86, 0x60, 0x98, 0x20, 0x14, 0xd3, // ..U........`. ..
	0x04, 0x81, 0x60, 0x26, 0x08, 0x44, 0xb3, 0x41, 0xf8, 0xc0, 0x60, 0xc3, 0x32, 0x70, 0x96, 0xd6, // ..`&.D.A..`.2p..
	0x79, 0xc3, 0x35, 0x68, 0x61, 0xb0, 0x41, 0xd8, 0xc4, 0x80, 0xc9, 0x94, 0xd5, 0x17, 0x55, 0x98, // y.5ha.A.......U.
	0xdc, 0x59, 0x19, 0xdd, 0x04, 0xa1, 0xa0, 0x26, 0x08, 0x84, 0xb3, 0x41, 0xf8, 0xcc, 0x60, 0xc3, // .Y.....&...A..`.
	0x42, 0x90, 0x81, 0x55, 0x06, 0x98, 0x36, 0x64, 0x84, 0x76, 0x06, 0x1b, 0x02, 0x34, 0xd8, 0x30, // B..U..6d.v...4.0
	0x8c, 0x41, 0x1a, 0x00, 0x13, 0x04, 0xae, 0xda, 0x20, 0x10, 0x6b, 0xb0, 0xa1, 0x98, 0x28, 0x35, // .A...... .k...(5
	0x80, 0xd8, 0x80, 0x14, 0x19, 0x9e, 0xcb, 0xd8, 0x9b, 0x1b, 0x9d, 0xdc, 0x1b, 0x9b, 0x19, 0xdb, // ................
	0xdb, 0x9d, 0x0b, 0x5a, 0x9a, 0x1b, 0xdd, 0xdc, 0x8a, 0xe1, 0x0d, 0xdc, 0x60, 0xa8, 0xc2, 0xc6, // ...Z........`...
	0x66, 0xd7, 0xe6, 0x92, 0x46, 0x56, 0xe6, 0x46, 0x37, 0x25, 0x08, 0xaa, 0x90, 0xe1, 0xb9, 0xd8, // f...FV.F7%......
	0x95, 0xc9, 0xcd, 0xa5, 0xbd, 0xb9, 0x4d, 0x09, 0x88, 0x26, 0x64, 0x78, 0x2e, 0x76, 0x61, 0x6c, // ......M..&dx.val
	0x76, 0x65, 0x72, 0x53, 0x02, 0xa3, 0x0e, 0x19, 0x9e, 0xcb, 0x1c, 0x5a, 0x18, 0x59, 0x99, 0x5c, // verS.......Z.Y..
	0xd3, 0x1b, 0x59, 0x19, 0xdb, 0x94, 0x20, 0x29, 0x43, 0x86, 0xe7, 0x22, 0x57, 0x36, 0xf7, 0x56, // ..Y... )C.."W6.V
	0x27, 0x37, 0x56, 0x36, 0x37, 0x25, 0x78, 0xea, 0x90, 0xe1, 0xb9, 0xd8, 0xa5, 0x95, 0xdd, 0x25, // '7V67%x........%
	0x91, 0x4d, 0xd1, 0x85, 0xd1, 0x95, 0x4d, 0x09, 0xa2, 0x3a, 0x64, 0x78, 0x2e, 0x65, 0x6e, 0x74, // .M....M..:dx.ent
	0x72, 0x79, 0x50, 0x6f, 0x69, 0x6e, 0x74, 0x73, 0x53, 0x02, 0x36, 0x00, 0x79, 0x18, 0x00, 0x00, // ryPointsS.6.y...
	0x59, 0x00, 0x00, 0x00, 0x33, 0x08, 0x80, 0x1c, 0xc4, 0xe1, 0x1c, 0x66, 0x14, 0x01, 0x3d, 0x88, // Y...3......f..=.
	0x43, 0x38, 0x84, 0xc3, 0x8c, 0x42, 0x80, 0x07, 0x79, 0x78, 0x07, 0x73, 0x98, 0x71, 0x0c, 0xe6, // C8...B..yx.s.q..
	0x00, 0x0f, 0xed, 0x10, 0x0e, 0xf4, 0x80, 0x0e, 0x33, 0x0c, 0x42, 0x1e, 0xc2, 0xc1, 0x1d, 0xce, // ........3.B.....
	0xa1, 0x1c, 0x66, 0x30, 0x05, 0x3d, 0x88, 0x43, 0x38, 0x84, 0x83, 0x1b, 0xcc, 0x03, 0x3d, 0xc8, // ..f0.=.C8.....=.
	0x43, 0x3d, 0x8c, 0x03, 0x3d, 0xcc, 0x78, 0x8c, 0x74, 0x70, 0x07, 0x7b, 0x08, 0x07, 0x79, 0x48, // C=..=.x.tp.{..yH
	0x87, 0x70, 0x70, 0x07, 0x7a, 0x70, 0x03, 0x76, 0x78, 0x87, 0x70, 0x20, 0x87, 0x19, 0xcc, 0x11, // .pp.zp.vx.p ....
	0x0e, 0xec, 0x90, 0x0e, 0xe1, 0x30, 0x0f, 0x6e, 0x30, 0x0f, 0xe3, 0xf0, 0x0e, 0xf0, 0x50, 0x0e, // .....0.n0.....P.
	0x33, 0x10, 0xc4, 0x1d, 0xde, 0x21, 0x1c, 0xd8, 0x21, 0x1d, 0xc2, 0x61, 0x1e, 0x66, 0x30, 0x89, // 3....!..!..a.f0.
	0x3b, 0xbc, 0x83, 0x3b, 0xd0, 0x43, 0x39, 0xb4, 0x03, 0x3c, 0xbc, 0x83, 0x3c, 0x84, 0x03, 0x3b, // ;..;.C9..<..<..;
	0xcc, 0xf0, 0x14, 0x76, 0x60, 0x07, 0x7b, 0x68, 0x07, 0x37, 0x68, 0x87, 0x72, 0x68, 0x07, 0x37, // ...v`.{h.7h.rh.7
	0x80, 0x87, 0x70, 0x90, 0x87, 0x70, 0x60, 0x07, 0x76, 0x28, 0x07, 0x76, 0xf8, 0x05, 0x76, 0x78, // ..p..p`.v(.v..vx
	0x87, 0x77, 0x80, 0x87, 0x5f, 0x08, 0x87, 0x71, 0x18, 0x87, 0x72, 0x98, 0x87, 0x79, 0x98, 0x81, // .w.._..q..r..y..
	0x2c, 0xee, 0xf0, 0x0e, 0xee, 0xe0, 0x0e, 0xf5, 0xc0, 0x0e, 0xec, 0x30, 0x03, 0x62, 0xc8, 0xa1, // ,..........0.b..
	0x1c, 0xe4, 0xa1, 0x1c, 0xcc, 0xa1, 0x1c, 0xe4, 0xa1, 0x1c, 0xdc, 0x61, 0x1c, 0xca, 0x21, 0x1c, // ...........a..!.
	0xc4, 0x81, 0x1d, 0xca, 0x61, 0x06, 0xd6, 0x90, 0x43, 0x39, 0xc8, 0x43, 0x39, 0x98, 0x43, 0x39, // ....a...C9.C9.C9
	0xc8, 0x43, 0x39, 0xb8, 0xc3, 0x38, 0x94, 0x43, 0x38, 0x88, 0x03, 0x3b, 0x94, 0xc3, 0x2f, 0xbc, // .C9..8.C8..;../.
	0x83, 0x3c, 0xfc, 0x82, 0x3b, 0xd4, 0x03, 0x3b, 0xb0, 0xc3, 0x0c, 0xc4, 0x21, 0x07, 0x7c, 0x70, // .<..;..;....!.|p
	0x03, 0x7a, 0x28, 0x87, 0x76, 0x80, 0x87, 0x19, 0xd5, 0x43, 0x0e, 0xf8, 0xe0, 0x06, 0xe3, 0xf0, // .z(.v....C......
	0x0e, 0xee, 0x40, 0x0f, 0xf2, 0xf0, 0x0e, 0xec, 0x60, 0x0e, 0xec, 0xf0, 0x0e, 0xf7, 0xe0, 0x06, // ..@.....`.......
	0xe8, 0x90, 0x0e, 0xee, 0x40, 0x0f, 0xf3, 0x30, 0x23, 0x82, 0xc8, 0x01, 0x1f, 0xdc, 0x80, 0x1c, // ....@..0#.......
	0xc4, 0xe1, 0x1c, 0xdc, 0xc0, 0x1e, 0xc2, 0x41, 0x1e, 0xd8, 0x21, 0x1c, 0xf2, 0xe1, 0x1d, 0xea, // .......A..!.....
	0x81, 0x1e, 0x66, 0x30, 0x11, 0x39, 0xe0, 0x83, 0x1b, 0x88, 0x83, 0x3c, 0x94, 0x43, 0x38, 0xac, // ..f0.9.....<.C8.
	0x83, 0x1b, 0x88, 0x83, 0x3c, 0x00, 0x00, 0x00, 0x71, 0x20, 0x00, 0x00, 0x1b, 0x00, 0x00, 0x00, // ....<...q ......
	0x56, 0xb0, 0x0d, 0x97, 0xef, 0x3c, 0xbe, 0x10, 0x50, 0x45, 0x41, 0x44, 0xa5, 0x03, 0x0c, 0x25, // V....<..PEAD...%
	0x61, 0x00, 0x02, 0xe6, 0x17, 0xb7, 0x6d, 0x06, 0xd2, 0x70, 0xf9, 0xce, 0xe3, 0x0b, 0x11, 0x01, // a.....m..p......
	0x4c, 0x44, 0x08, 0x34, 0xc3, 0x42, 0x18, 0x81, 0x33, 0x5c, 0xbe, 0xf3, 0xf8, 0x83, 0x33, 0xdd, // LD.4.B..3.....3.
	0x7e, 0x71, 0xdb, 0x16, 0x30, 0x0d, 0x97, 0xef, 0x3c, 0xfe, 0xe2, 0x00, 0x83, 0xd8, 0x3c, 0xd4, // ~q..0...<.....<.
	0xe4, 0x17, 0xb7, 0x6d, 0x02, 0xd5, 0x70, 0xf9, 0xce, 0xe3, 0x4b, 0x93, 0x13, 0x11, 0x28, 0x35, // ...m..p...K...(5
	0x3d, 0xd4, 0xe4, 0x17, 0xb7, 0x6d, 0x03, 0xcf, 0x70, 0xf9, 0xce, 0xe3, 0x53, 0x0d, 0x10, 0x61, // =....m..p...S..a
	0x7e, 0x71, 0xdb, 0x06, 0x40, 0x30, 0x00, 0xd2, 0x00, 0x00, 0x00, 0x00, 0x61, 0x20, 0x00, 0x00, // ~q..@0......a ..
	0xc7, 0x00, 0x00, 0x00, 0x13, 0x04, 0x46, 0x2c, 0x10, 0x00, 0x00, 0x00, 0x18, 0x00, 0x00, 0x00, // ......F,........
	0x34, 0x47, 0x00, 0xa8, 0x94, 0x00, 0x91, 0x72, 0x2b, 0x8b, 0x52, 0x29, 0x97, 0xa2, 0x28, 0xb9, // 4G.....r+.R)..(.
	0x82, 0x28, 0x98, 0xb2, 0x2b, 0x85, 0x42, 0x98, 0x01, 0xa0, 0x31, 0x46, 0x00, 0x82, 0x20, 0x88, // .(..+.B...1F.. .
	0xff, 0xc2, 0x18, 0x81, 0x39, 0xe7, 0xac, 0xfd, 0x0b, 0x63, 0x04, 0xe6, 0x9c, 0xb3, 0xf6, 0x37, // ....9....c.....7
	0x46, 0x00, 0x82, 0x20, 0x48, 0x82, 0xc1, 0x18, 0x01, 0x08, 0x82, 0x20, 0x08, 0x06, 0x63, 0x04, // F.. H...... ..c.
	0x20, 0x08, 0x82, 0x20, 0x28, 0x8c, 0x11, 0x80, 0x20, 0x08, 0xca, 0x60, 0x30, 0x46, 0x00, 0x82, //  .. (... ..`0F..
	0x20, 0xa8, 0x82, 0xc1, 0x08, 0xc0, 0x18, 0x01, 0x08, 0x82, 0x20, 0xfe, 0x01, 0x00, 0x00, 0x00, //  ......... .....
	0x23, 0x06, 0x09, 0x00, 0x82, 0x60, 0x40, 0xa9, 0x41, 0xd4, 0xa1, 0x01, 0x1a, 0x60, 0x23, 0x06, // #....`@.A....`#.
	0x09, 0x00, 0x82, 0x60, 0x60, 0xc0, 0x41, 0xa3, 0x06, 0x69, 0xf0, 0x31, 0x23, 0x06, 0x09, 0x00, // ...``.A..i.1#...
	0x82, 0x60, 0x60, 0xc4, 0x81, 0xb3, 0x06, 0x6a, 0x90, 0x35, 0x23, 0x06, 0x09, 0x00, 0x82, 0x60, // .``....j.5#....`
	0x60, 0xc8, 0xc1, 0xc3, 0x06, 0x6b, 0x00, 0x06, 0xce, 0x88, 0xc1, 0x01, 0x80, 0x20, 0x18, 0x44, // `....k....... .D
	0x6f, 0x20, 0x11, 0xd6, 0x68, 0x42, 0x00, 0x8c, 0x26, 0x08, 0xc1, 0x68, 0xc2, 0x20, 0xd8, 0x31, // o ..hB..&..h. .1
	0xc4, 0xc7, 0x8e, 0x21, 0x3e, 0x76, 0x0c, 0xf1, 0xb1, 0x61, 0x90, 0x8f, 0x0d, 0x83, 0x7c, 0x4c, // ...!>v...a....|L
	0x08, 0xe0, 0x63, 0x04, 0x21, 0x1f, 0x13, 0x02, 0xf8, 0x8c, 0x18, 0x18, 0x00, 0x08, 0x82, 0x81, // ..c.!...........
	0xd2, 0x07, 0x5f, 0x30, 0x9a, 0xd0, 0x0c, 0x16, 0x08, 0xf2, 0x19, 0x31, 0x38, 0x00, 0x10, 0x04, // .._0.......18...
	0x83, 0xc8, 0x0f, 0xc2, 0x60, 0xd2, 0x83, 0xd1, 0x84, 0x60, 0x18, 0x31, 0x30, 0x00, 0x10, 0x04, // ....`....`.10...
	0x03, 0x45, 0x14, 0xf0, 0x60, 0xb0, 0x2b, 0x88, 0xcf, 0x88, 0x81, 0x01, 0x80, 0x20, 0x18, 0x28, // .E..`.+...... .(
	0xa4, 0xa0, 0x06, 0x81, 0x05, 0x84, 0x7c, 0x46, 0x0c, 0x0c, 0x00, 0x04, 0xc1, 0x40, 0x31, 0x85, // ......|F.....@1.
	0x36, 0x08, 0x46, 0x0c, 0x0c, 0x00, 0x04, 0xc1, 0x40, 0x39, 0x85, 0x34, 0x40, 0x46, 0x0c, 0x0e, // 6.F.....@9.4@F..
	0x00, 0x04, 0xc1, 0x20, 0x32, 0x85, 0x34, 0xd8, 0xd6, 0x60, 0x34, 0x21, 0x00, 0x46, 0x13, 0x84, // ... 2.4..`4!.F..
	0x60, 0x34, 0x61, 0x10, 0x46, 0x13, 0x18, 0x60, 0x34, 0xa1, 0x09, 0x46, 0x13, 0x1c, 0xc1, 0x8c, // `4a.F..`4..F....
	0x21, 0x3e, 0x66, 0x0c, 0xf1, 0x31, 0x63, 0x88, 0x8f, 0x0d, 0x8b, 0x7c, 0x6c, 0x60, 0xe4, 0x63, // !>f..1c....|l`.c
	0x43, 0x23, 0x1f, 0x1b, 0x12, 0xf8, 0xd8, 0x90, 0xc0, 0xc7, 0x86, 0x04, 0x3e, 0x23, 0x06, 0x07, // C#..........>#..
	0x00, 0x82, 0x60, 0x10, 0xd9, 0x42, 0x1e, 0xac, 0x01, 0x28, 0x8c, 0x26, 0x04, 0xc0, 0x68, 0x82, // ..`..B...(.&..h.
	0x34, 0x58, 0x15, 0xc8, 0xc7, 0x82, 0x41, 0x3e, 0x56, 0x07, 0x41, 0x7c, 0x2c, 0x09, 0xe4, 0x63, // 4X....A>V.A|,..c
	0x89, 0x20, 0x1f, 0x4b, 0x06, 0xf9, 0xcc, 0x12, 0x04, 0x03, 0x15, 0x83, 0x3a, 0x00, 0xe9, 0x40, // . .K........:..@
	0x0c, 0x54, 0x10, 0x7a, 0x01, 0xa4, 0x03, 0x31, 0x62, 0x70, 0x00, 0x20, 0x08, 0x06, 0x51, 0x38, // .T.z...1bp. ..Q8
	0x90, 0x82, 0x1d, 0x04, 0xa3, 0x09, 0xc1, 0x30, 0x1c, 0x11, 0xe8, 0x41, 0xf0, 0xcd, 0x32, 0x14, // .......0...A..2.
	0x42, 0x30, 0x9a, 0x30, 0x00, 0xa3, 0x09, 0x44, 0x30, 0x9a, 0x50, 0x08, 0x36, 0xdc, 0x41, 0x7c, // B0.0...D0.P.6.A|
	0x6c, 0xb8, 0x83, 0xf8, 0xd8, 0x70, 0x07, 0xf1, 0x19, 0x31, 0x58, 0x00, 0x10, 0x04, 0x03, 0x66, // l....p...1X....f
	0x1d, 0x6a, 0x61, 0x10, 0x82, 0x3b, 0xb0, 0x83, 0x3a, 0x30, 0x38, 0x80, 0x03, 0xf9, 0x98, 0x10, // .ja..;..:08.....
	0xd0, 0x67, 0x38, 0x22, 0x20, 0x05, 0xe1, 0x1b, 0x8e, 0x10, 0x48, 0x81, 0xf8, 0x4a, 0x08, 0x74, // .g8" .....H..J.t
	0x96, 0x61, 0x20, 0x02, 0x23, 0xfa, 0x40, 0x3e, 0x56, 0xf4, 0x81, 0x7c, 0xcc, 0xe8, 0x03, 0xf9, // .a .#.@>V..|....
	0x18, 0x33, 0xc4, 0xc7, 0x98, 0x21, 0x3e, 0xc6, 0x0c, 0xf1, 0xb1, 0x61, 0x90, 0x8f, 0x0d, 0x83, // .3...!>....a....
	0x7c, 0x4c, 0x08, 0xe0, 0x63, 0x04, 0x21, 0x1f, 0x13, 0x02, 0xf8, 0x8c, 0x18, 0x18, 0x00, 0x08, // |L..c.!.........
	0x82, 0x81, 0xd2, 0x0f, 0xbf, 0x10, 0x18, 0x44, 0x0b, 0xf2, 0x31, 0xcb, 0x92, 0x8f, 0x59, 0x96, // .......D..1...Y.
	0x7c, 0x4c, 0x08, 0xe0, 0x63, 0x9e, 0x27, 0x1f, 0x13, 0x02, 0xfa, 0x8c, 0x18, 0x18, 0x00, 0x08, // |L..c.'.........
	0x82, 0x81, 0x42, 0x12, 0xfa, 0x10, 0xd8, 0xc5, 0x0b, 0xf2, 0xb1, 0x5e, 0x08, 0xe2, 0x63, 0xbd, // ..B........^..c.
	0x30, 0x06, 0xf1, 0xb1, 0x40, 0x89, 0x8f, 0x05, 0x0c, 0x7c, 0x2c, 0x20, 0xe8, 0x33, 0x62, 0x60, // 0...@....|, .3b`
	0x00, 0x20, 0x08, 0x06, 0xca, 0x4a, 0x84, 0x44, 0x60, 0x41, 0x39, 0xc8, 0xc7, 0xce, 0x21, 0x88, // . ...J.D`A9...!.
	0x8f, 0x0d, 0x83, 0x7c, 0x2c, 0x50, 0x07, 0xf9, 0x58, 0x30, 0xc8, 0xc7, 0x82, 0x76, 0x80, 0x8f, // ...|,P..X0...v..
	0x05, 0x8e, 0x7c, 0x2c, 0x38, 0x07, 0xf8, 0x58, 0x30, 0x07, 0xf2, 0x99, 0x25, 0x20, 0x06, 0x2a, // ..|,8..X0...% .*
	0x06, 0x61, 0x40, 0x07, 0xc1, 0xe8, 0x40, 0x26, 0x60, 0x30, 0xdc, 0x10, 0xe8, 0x03, 0x1a, 0xcc, // .a@...@&`0......
	0x32, 0x04, 0x45, 0x30, 0x50, 0x31, 0xb8, 0x43, 0x60, 0x10, 0xb6, 0x07, 0x81, 0x7c, 0x6c, 0x0f, // 2.E0P1.C`....|l.
	0x04, 0xf9, 0xd8, 0x1e, 0x0c, 0xf2, 0x31, 0x78, 0x18, 0x05, 0xfa, 0x58, 0xa0, 0x0f, 0xf0, 0x19, // ......1x...X....
	0x31, 0x48, 0x00, 0x10, 0x04, 0x03, 0xe4, 0x27, 0xfc, 0x21, 0x27, 0x72, 0xe2, 0x25, 0x8a, 0x11, // 1H.....'.!'r.%..
	0x83, 0x04, 0x00, 0x41, 0x30, 0x40, 0x7e, 0xc2, 0x1f, 0x72, 0x22, 0x27, 0x50, 0x82, 0x18, 0x31, // ...A0@~..r"'P..1
	0x48, 0x00, 0x10, 0x04, 0x03, 0xe4, 0x27, 0xfc, 0x21, 0x27, 0x72, 0xc2, 0x25, 0x86, 0x11, 0x83, // H.....'.!'r.%...
	0x04, 0x00, 0x41, 0x30, 0x40, 0x7e, 0xc2, 0x1f, 0x72, 0x22, 0x27, 0x62, 0x22, 0xc0, 0x80, 0x18, // ..A0@~..r"'b"...
	0x02, 0x00, 0x00, 0x00, 0x5b, 0x06, 0x3d, 0x78, 0xdc, 0x00, 0x00, 0x00, 0x00, 0x00, 0x00, 0x00, // ....[.=x........
	0x00, 0x00, 0x00, 0x00, 0x00, 0x00, 0xc0, 0x00,                                                 // ........
};
static const uint8_t fs_light_ballshadow_noclip_spv[3600] =
{
	0x46, 0x53, 0x48, 0x0c, 0x5e, 0xda, 0xa3, 0x5f, 0x00, 0x00, 0x00, 0x00, 0x00, 0x00, 0x00, 0x00, // FSH.^.._........
	0x00, 0x00, 0x00, 0x00, 0x05, 0x00, 0x05, 0x62, 0x61, 0x6c, 0x6c, 0x73, 0x12, 0x08, 0x00, 0x00, // .......balls....
	0x08, 0x00, 0x00, 0x00, 0x00, 0x00, 0x14, 0x6c, 0x69, 0x67, 0x68, 0x74, 0x43, 0x65, 0x6e, 0x74, // .......lightCent
	0x65, 0x72, 0x5f, 0x6d, 0x61, 0x78, 0x52, 0x61, 0x6e, 0x67, 0x65, 0x12, 0x01, 0xa0, 0x00, 0x01, // er_maxRange.....
	0x00, 0x00, 0x00, 0x00, 0x00, 0x19, 0x6c, 0x69, 0x67, 0x68, 0x74, 0x43, 0x6f, 0x6c, 0x6f, 0x72, // ......lightColor
	0x32, 0x5f, 0x66, 0x61, 0x6c, 0x6c, 0x6f, 0x66, 0x66, 0x5f, 0x70, 0x6f, 0x77, 0x65, 0x72, 0x12, // 2_falloff_power.
	0x01, 0x90, 0x00, 0x01, 0x00, 0x00, 0x00, 0x00, 0x00, 0x14, 0x6c, 0x69, 0x67, 0x68, 0x74, 0x43, // ..........lightC
	0x6f, 0x6c, 0x6f, 0x72, 0x5f, 0x69, 0x6e, 0x74, 0x65, 0x6e, 0x73, 0x69, 0x74, 0x79, 0x12, 0x01, // olor_intensity..
	0x80, 0x00, 0x01, 0x00, 0x00, 0x00, 0x00, 0x00, 0x15, 0x62, 0x6c, 0x65, 0x6e, 0x64, 0x5f, 0x6d, // .........blend_m
	0x6f, 0x64, 0x75, 0x6c, 0x61, 0x74, 0x65, 0x5f, 0x76, 0x73, 0x5f, 0x61, 0x64, 0x64, 0x12, 0x01, // odulate_vs_add..
	0xb0, 0x00, 0x01, 0x00, 0x00, 0x00, 0x00, 0x00, 0x60, 0x0d, 0x00, 0x00, 0x03, 0x02, 0x23, 0x07, // ........`.....#.
	0x00, 0x00, 0x01, 0x00, 0x0b, 0x00, 0x08, 0x00, 0x09, 0x02, 0x00, 0x00, 0x00, 0x00, 0x00, 0x00, // ................
	0x11, 0x00, 0x02, 0x00, 0x01, 0x00, 0x00, 0x00, 0x0b, 0x00, 0x06, 0x00, 0x01, 0x00, 0x00, 0x00, // ................
	0x47, 0x4c, 0x53, 0x4c, 0x2e, 0x73, 0x74, 0x64, 0x2e, 0x34, 0x35, 0x30, 0x00, 0x00, 0x00, 0x00, // GLSL.std.450....
	0x0e, 0x00, 0x03, 0x00, 0x00, 0x00, 0x00, 0x00, 0x01, 0x00, 0x00, 0x00, 0x0f, 0x00, 0x07, 0x00, // ................
	0x04, 0x00, 0x00, 0x00, 0x04, 0x00, 0x00, 0x00, 0x6d, 0x61, 0x69, 0x6e, 0x00, 0x00, 0x00, 0x00, // ........main....
	0xfb, 0x00, 0x00, 0x00, 0x06, 0x01, 0x00, 0x00, 0x10, 0x00, 0x03, 0x00, 0x04, 0x00, 0x00, 0x00, // ................
	0x07, 0x00, 0x00, 0x00, 0x10, 0x00, 0x03, 0x00, 0x04, 0x00, 0x00, 0x00, 0x09, 0x00, 0x00, 0x00, // ................
	0x03, 0x00, 0x03, 0x00, 0x05, 0x00, 0x00, 0x00, 0xf4, 0x01, 0x00, 0x00, 0x05, 0x00, 0x04, 0x00, // ................
	0x04, 0x00, 0x00, 0x00, 0x6d, 0x61, 0x69, 0x6e, 0x00, 0x00, 0x00, 0x00, 0x05, 0x00, 0x06, 0x00, // ....main........
	0x3f, 0x00, 0x00, 0x00, 0x55, 0x6e, 0x69, 0x66, 0x6f, 0x72, 0x6d, 0x42, 0x6c, 0x6f, 0x63, 0x6b, // ?...UniformBlock
	0x00, 0x00, 0x00, 0x00, 0x06, 0x00, 0x05, 0x00, 0x3f, 0x00, 0x00, 0x00, 0x00, 0x00, 0x00, 0x00, // ........?.......
	0x62, 0x61, 0x6c, 0x6c, 0x73, 0x00, 0x00, 0x00, 0x06, 0x00, 0x09, 0x00, 0x3f, 0x00, 0x00, 0x00, // balls.......?...
	0x01, 0x00, 0x00, 0x00, 0x6c, 0x69, 0x67, 0x68, 0x74, 0x43, 0x6f, 0x6c, 0x6f, 0x72, 0x5f, 0x69, // ....lightColor_i
	0x6e, 0x74, 0x65, 0x6e, 0x73, 0x69, 0x74, 0x79, 0x00, 0x00, 0x00, 0x00, 0x06, 0x00, 0x0a, 0x00, // ntensity........
	0x3f, 0x00, 0x00, 0x00, 0x02, 0x00, 0x00, 0x00, 0x6c, 0x69, 0x67, 0x68, 0x74, 0x43, 0x6f, 0x6c, // ?.......lightCol
	0x6f, 0x72, 0x32, 0x5f, 0x66, 0x61, 0x6c, 0x6c, 0x6f, 0x66, 0x66, 0x5f, 0x70, 0x6f, 0x77, 0x65, // or2_falloff_powe
	0x72, 0x00, 0x00, 0x00, 0x06, 0x00, 0x09, 0x00, 0x3f, 0x00, 0x00, 0x00, 0x03, 0x00, 0x00, 0x00, // r.......?.......
	0x6c, 0x69, 0x67, 0x68, 0x74, 0x43, 0x65, 0x6e, 0x74, 0x65, 0x72, 0x5f, 0x6d, 0x61, 0x78, 0x52, // lightCenter_maxR
	0x61, 0x6e, 0x67, 0x65, 0x00, 0x00, 0x00, 0x00, 0x06, 0x00, 0x09, 0x00, 0x3f, 0x00, 0x00, 0x00, // ange........?...
	0x04, 0x00, 0x00, 0x00, 0x62, 0x6c, 0x65, 0x6e, 0x64, 0x5f, 0x6d, 0x6f, 0x64, 0x75, 0x6c, 0x61, // ....blend_modula
	0x74, 0x65, 0x5f, 0x76, 0x73, 0x5f, 0x61, 0x64, 0x64, 0x00, 0x00, 0x00, 0x05, 0x00, 0x03, 0x00, // te_vs_add.......
	0x41, 0x00, 0x00, 0x00, 0x00, 0x00, 0x00, 0x00, 0x05, 0x00, 0x05, 0x00, 0xfb, 0x00, 0x00, 0x00, // A...............
	0x76, 0x5f, 0x74, 0x61, 0x62, 0x6c, 0x65, 0x50, 0x6f, 0x73, 0x00, 0x00, 0x05, 0x00, 0x06, 0x00, // v_tablePos......
	0x06, 0x01, 0x00, 0x00, 0x62, 0x67, 0x66, 0x78, 0x5f, 0x46, 0x72, 0x61, 0x67, 0x44, 0x61, 0x74, // ....bgfx_FragDat
	0x61, 0x30, 0x00, 0x00, 0x47, 0x00, 0x04, 0x00, 0x3e, 0x00, 0x00, 0x00, 0x06, 0x00, 0x00, 0x00, // a0..G...>.......
	0x10, 0x00, 0x00, 0x00, 0x47, 0x00, 0x03, 0x00, 0x3f, 0x00, 0x00, 0x00, 0x02, 0x00, 0x00, 0x00, // ....G...?.......
	0x48, 0x00, 0x05, 0x00, 0x3f, 0x00, 0x00, 0x00, 0x00, 0x00, 0x00, 0x00, 0x23, 0x00, 0x00, 0x00, // H...?.......#...
	0x00, 0x00, 0x00, 0x00, 0x48, 0x00, 0x05, 0x00, 0x3f, 0x00, 0x00, 0x00, 0x01, 0x00, 0x00, 0x00, // ....H...?.......
	0x23, 0x00, 0x00, 0x00, 0x80, 0x00, 0x00, 0x00, 0x48, 0x00, 0x05, 0x00, 0x3f, 0x00, 0x00, 0x00, // #.......H...?...
	0x02, 0x00, 0x00, 0x00, 0x23, 0x00, 0x00, 0x00, 0x90, 0x00, 0x00, 0x00, 0x48, 0x00, 0x05, 0x00, // ....#.......H...
	0x3f, 0x00, 0x00, 0x00, 0x03, 0x00, 0x00, 0x00, 0x23, 0x00, 0x00, 0x00, 0xa0, 0x00, 0x00, 0x00, // ?.......#.......
	0x48, 0x00, 0x05, 0x00, 0x3f, 0x00, 0x00, 0x00, 0x04, 0x00, 0x00, 0x00, 0x23, 0x00, 0x00, 0x00, // H...?.......#...
	0xb0, 0x00, 0x00, 0x00, 0x47, 0x00, 0x04, 0x00, 0x41, 0x00, 0x00, 0x00, 0x21, 0x00, 0x00, 0x00, // ....G...A...!...
	0x01, 0x00, 0x00, 0x00, 0x47, 0x00, 0x04, 0x00, 0x41, 0x00, 0x00, 0x00, 0x22, 0x00, 0x00, 0x00, // ....G...A..."...
	0x00, 0x00, 0x00, 0x00, 0x47, 0x00, 0x04, 0x00, 0xfb, 0x00, 0x00, 0x00, 0x1e, 0x00, 0x00, 0x00, // ....G...........
	0x00, 0x00, 0x00, 0x00, 0x47, 0x00, 0x04, 0x00, 0x06, 0x01, 0x00, 0x00, 0x1e, 0x00, 0x00, 0x00, // ....G...........
	0x00, 0x00, 0x00, 0x00, 0x13, 0x00, 0x02, 0x00, 0x02, 0x00, 0x00, 0x00, 0x21, 0x00, 0x03, 0x00, // ............!...
	0x03, 0x00, 0x00, 0x00, 0x02, 0x00, 0x00, 0x00, 0x16, 0x00, 0x03, 0x00, 0x06, 0x00, 0x00, 0x00, // ................
	0x20, 0x00, 0x00, 0x00, 0x17, 0x00, 0x04, 0x00, 0x07, 0x00, 0x00, 0x00, 0x06, 0x00, 0x00, 0x00, //  ...............
	0x03, 0x00, 0x00, 0x00, 0x17, 0x00, 0x04, 0x00, 0x10, 0x00, 0x00, 0x00, 0x06, 0x00, 0x00, 0x00, // ................
	0x04, 0x00, 0x00, 0x00, 0x2b, 0x00, 0x04, 0x00, 0x06, 0x00, 0x00, 0x00, 0x2d, 0x00, 0x00, 0x00, // ....+.......-...
	0x00, 0x00, 0x80, 0x3f, 0x15, 0x00, 0x04, 0x00, 0x2e, 0x00, 0x00, 0x00, 0x20, 0x00, 0x00, 0x00, // ...?........ ...
	0x01, 0x00, 0x00, 0x00, 0x2b, 0x00, 0x04, 0x00, 0x2e, 0x00, 0x00, 0x00, 0x31, 0x00, 0x00, 0x00, // ....+.......1...
	0x00, 0x00, 0x00, 0x00, 0x2b, 0x00, 0x04, 0x00, 0x2e, 0x00, 0x00, 0x00, 0x38, 0x00, 0x00, 0x00, // ....+.......8...
	0x08, 0x00, 0x00, 0x00, 0x14, 0x00, 0x02, 0x00, 0x39, 0x00, 0x00, 0x00, 0x15, 0x00, 0x04, 0x00, // ........9.......
	0x3c, 0x00, 0x00, 0x00, 0x20, 0x00, 0x00, 0x00, 0x00, 0x00, 0x00, 0x00, 0x2b, 0x00, 0x04, 0x00, // <... .......+...
	0x3c, 0x00, 0x00, 0x00, 0x3d, 0x00, 0x00, 0x00, 0x08, 0x00, 0x00, 0x00, 0x1c, 0x00, 0x04, 0x00, // <...=...........
	0x3e, 0x00, 0x00, 0x00, 0x10, 0x00, 0x00, 0x00, 0x3d, 0x00, 0x00, 0x00, 0x1e, 0x00, 0x07, 0x00, // >.......=.......
	0x3f, 0x00, 0x00, 0x00, 0x3e, 0x00, 0x00, 0x00, 0x10, 0x00, 0x00, 0x00, 0x10, 0x00, 0x00, 0x00, // ?...>...........
	0x10, 0x00, 0x00, 0x00, 0x10, 0x00, 0x00, 0x00, 0x20, 0x00, 0x04, 0x00, 0x40, 0x00, 0x00, 0x00, // ........ ...@...
	0x02, 0x00, 0x00, 0x00, 0x3f, 0x00, 0x00, 0x00, 0x3b, 0x00, 0x04, 0x00, 0x40, 0x00, 0x00, 0x00, // ....?...;...@...
	0x41, 0x00, 0x00, 0x00, 0x02, 0x00, 0x00, 0x00, 0x2b, 0x00, 0x04, 0x00, 0x3c, 0x00, 0x00, 0x00, // A.......+...<...
	0x43, 0x00, 0x00, 0x00, 0x03, 0x00, 0x00, 0x00, 0x20, 0x00, 0x04, 0x00, 0x44, 0x00, 0x00, 0x00, // C....... ...D...
	0x02, 0x00, 0x00, 0x00, 0x06, 0x00, 0x00, 0x00, 0x2b, 0x00, 0x04, 0x00, 0x06, 0x00, 0x00, 0x00, // ........+.......
	0x48, 0x00, 0x00, 0x00, 0x00, 0x00, 0x00, 0x00, 0x20, 0x00, 0x04, 0x00, 0x50, 0x00, 0x00, 0x00, // H....... ...P...
	0x02, 0x00, 0x00, 0x00, 0x10, 0x00, 0x00, 0x00, 0x2b, 0x00, 0x04, 0x00, 0x06, 0x00, 0x00, 0x00, // ........+.......
	0x71, 0x00, 0x00, 0x00, 0x00, 0x00, 0xa0, 0x40, 0x2b, 0x00, 0x04, 0x00, 0x3c, 0x00, 0x00, 0x00, // q......@+...<...
	0x79, 0x00, 0x00, 0x00, 0x00, 0x00, 0x00, 0x00, 0x2b, 0x00, 0x04, 0x00, 0x06, 0x00, 0x00, 0x00, // y.......+.......
	0x8c, 0x00, 0x00, 0x00, 0x66, 0x66, 0x66, 0xbf, 0x2b, 0x00, 0x04, 0x00, 0x06, 0x00, 0x00, 0x00, // ....fff.+.......
	0x8d, 0x00, 0x00, 0x00, 0x66, 0x66, 0x66, 0x3f, 0x2b, 0x00, 0x04, 0x00, 0x2e, 0x00, 0x00, 0x00, // ....fff?+.......
	0x9d, 0x00, 0x00, 0x00, 0x01, 0x00, 0x00, 0x00, 0x2b, 0x00, 0x04, 0x00, 0x2e, 0x00, 0x00, 0x00, // ........+.......
	0xa7, 0x00, 0x00, 0x00, 0x03, 0x00, 0x00, 0x00, 0x2b, 0x00, 0x04, 0x00, 0x06, 0x00, 0x00, 0x00, // ........+.......
	0xb8, 0x00, 0x00, 0x00, 0x17, 0xb7, 0xd1, 0x38, 0x2b, 0x00, 0x04, 0x00, 0x2e, 0x00, 0x00, 0x00, // .......8+.......
	0xba, 0x00, 0x00, 0x00, 0x02, 0x00, 0x00, 0x00, 0x2b, 0x00, 0x04, 0x00, 0x2e, 0x00, 0x00, 0x00, // ........+.......
	0xcd, 0x00, 0x00, 0x00, 0x04, 0x00, 0x00, 0x00, 0x20, 0x00, 0x04, 0x00, 0xfa, 0x00, 0x00, 0x00, // ........ .......
	0x01, 0x00, 0x00, 0x00, 0x07, 0x00, 0x00, 0x00, 0x3b, 0x00, 0x04, 0x00, 0xfa, 0x00, 0x00, 0x00, // ........;.......
	0xfb, 0x00, 0x00, 0x00, 0x01, 0x00, 0x00, 0x00, 0x20, 0x00, 0x04, 0x00, 0x05, 0x01, 0x00, 0x00, // ........ .......
	0x03, 0x00, 0x00, 0x00, 0x10, 0x00, 0x00, 0x00, 0x3b, 0x00, 0x04, 0x00, 0x05, 0x01, 0x00, 0x00, // ........;.......
	0x06, 0x01, 0x00, 0x00, 0x03, 0x00, 0x00, 0x00, 0x2a, 0x00, 0x03, 0x00, 0x39, 0x00, 0x00, 0x00, // ........*...9...
	0x1e, 0x01, 0x00, 0x00, 0x29, 0x00, 0x03, 0x00, 0x39, 0x00, 0x00, 0x00, 0x21, 0x01, 0x00, 0x00, // ....)...9...!...
	0x01, 0x00, 0x03, 0x00, 0x06, 0x00, 0x00, 0x00, 0xed, 0x01, 0x00, 0x00, 0x01, 0x00, 0x03, 0x00, // ................
	0x10, 0x00, 0x00, 0x00, 0x08, 0x02, 0x00, 0x00, 0x36, 0x00, 0x05, 0x00, 0x02, 0x00, 0x00, 0x00, // ........6.......
	0x04, 0x00, 0x00, 0x00, 0x00, 0x00, 0x00, 0x00, 0x03, 0x00, 0x00, 0x00, 0xf8, 0x00, 0x02, 0x00, // ................
	0x05, 0x00, 0x00, 0x00, 0x3d, 0x00, 0x04, 0x00, 0x07, 0x00, 0x00, 0x00, 0xfc, 0x00, 0x00, 0x00, // ....=...........
	0xfb, 0x00, 0x00, 0x00, 0x41, 0x00, 0x05, 0x00, 0x50, 0x00, 0x00, 0x00, 0x34, 0x01, 0x00, 0x00, // ....A...P...4...
	0x41, 0x00, 0x00, 0x00, 0xa7, 0x00, 0x00, 0x00, 0x3d, 0x00, 0x04, 0x00, 0x10, 0x00, 0x00, 0x00, // A.......=.......
	0x35, 0x01, 0x00, 0x00, 0x34, 0x01, 0x00, 0x00, 0x4f, 0x00, 0x08, 0x00, 0x07, 0x00, 0x00, 0x00, // 5...4...O.......
	0x36, 0x01, 0x00, 0x00, 0x35, 0x01, 0x00, 0x00, 0x35, 0x01, 0x00, 0x00, 0x00, 0x00, 0x00, 0x00, // 6...5...5.......
	0x01, 0x00, 0x00, 0x00, 0x02, 0x00, 0x00, 0x00, 0x83, 0x00, 0x05, 0x00, 0x07, 0x00, 0x00, 0x00, // ................
	0x37, 0x01, 0x00, 0x00, 0xfc, 0x00, 0x00, 0x00, 0x36, 0x01, 0x00, 0x00, 0x0c, 0x00, 0x06, 0x00, // 7.......6.......
	0x06, 0x00, 0x00, 0x00, 0x39, 0x01, 0x00, 0x00, 0x01, 0x00, 0x00, 0x00, 0x42, 0x00, 0x00, 0x00, // ....9.......B...
	0x37, 0x01, 0x00, 0x00, 0x41, 0x00, 0x06, 0x00, 0x44, 0x00, 0x00, 0x00, 0x3b, 0x01, 0x00, 0x00, // 7...A...D...;...
	0x41, 0x00, 0x00, 0x00, 0xa7, 0x00, 0x00, 0x00, 0x43, 0x00, 0x00, 0x00, 0x3d, 0x00, 0x04, 0x00, // A.......C...=...
	0x06, 0x00, 0x00, 0x00, 0x3c, 0x01, 0x00, 0x00, 0x3b, 0x01, 0x00, 0x00, 0x85, 0x00, 0x05, 0x00, // ....<...;.......
	0x06, 0x00, 0x00, 0x00, 0x3d, 0x01, 0x00, 0x00, 0x39, 0x01, 0x00, 0x00, 0x3c, 0x01, 0x00, 0x00, // ....=...9...<...
	0x0c, 0x00, 0x08, 0x00, 0x06, 0x00, 0x00, 0x00, 0x3f, 0x01, 0x00, 0x00, 0x01, 0x00, 0x00, 0x00, // ........?.......
	0x2b, 0x00, 0x00, 0x00, 0x3d, 0x01, 0x00, 0x00, 0x48, 0x00, 0x00, 0x00, 0x2d, 0x00, 0x00, 0x00, // +...=...H...-...
	0x83, 0x00, 0x05, 0x00, 0x06, 0x00, 0x00, 0x00, 0x40, 0x01, 0x00, 0x00, 0x2d, 0x00, 0x00, 0x00, // ........@...-...
	0x3f, 0x01, 0x00, 0x00, 0x0c, 0x00, 0x07, 0x00, 0x06, 0x00, 0x00, 0x00, 0x41, 0x01, 0x00, 0x00, // ?...........A...
	0x01, 0x00, 0x00, 0x00, 0x28, 0x00, 0x00, 0x00, 0x40, 0x01, 0x00, 0x00, 0xb8, 0x00, 0x00, 0x00, // ....(...@.......
	0x41, 0x00, 0x06, 0x00, 0x44, 0x00, 0x00, 0x00, 0x42, 0x01, 0x00, 0x00, 0x41, 0x00, 0x00, 0x00, // A...D...B...A...
	0xba, 0x00, 0x00, 0x00, 0x43, 0x00, 0x00, 0x00, 0x3d, 0x00, 0x04, 0x00, 0x06, 0x00, 0x00, 0x00, // ....C...=.......
	0x43, 0x01, 0x00, 0x00, 0x42, 0x01, 0x00, 0x00, 0x0c, 0x00, 0x07, 0x00, 0x06, 0x00, 0x00, 0x00, // C...B...........
	0x44, 0x01, 0x00, 0x00, 0x01, 0x00, 0x00, 0x00, 0x1a, 0x00, 0x00, 0x00, 0x41, 0x01, 0x00, 0x00, // D...........A...
	0x43, 0x01, 0x00, 0x00, 0x0c, 0x00, 0x06, 0x00, 0x06, 0x00, 0x00, 0x00, 0x46, 0x01, 0x00, 0x00, // C...........F...
	0x01, 0x00, 0x00, 0x00, 0x1f, 0x00, 0x00, 0x00, 0x3d, 0x01, 0x00, 0x00, 0x50, 0x00, 0x06, 0x00, // ........=...P...
	0x07, 0x00, 0x00, 0x00, 0x47, 0x01, 0x00, 0x00, 0x46, 0x01, 0x00, 0x00, 0x46, 0x01, 0x00, 0x00, // ....G...F...F...
	0x46, 0x01, 0x00, 0x00, 0x41, 0x00, 0x05, 0x00, 0x50, 0x00, 0x00, 0x00, 0x48, 0x01, 0x00, 0x00, // F...A...P...H...
	0x41, 0x00, 0x00, 0x00, 0xba, 0x00, 0x00, 0x00, 0x3d, 0x00, 0x04, 0x00, 0x10, 0x00, 0x00, 0x00, // A.......=.......
	0x49, 0x01, 0x00, 0x00, 0x48, 0x01, 0x00, 0x00, 0x4f, 0x00, 0x08, 0x00, 0x07, 0x00, 0x00, 0x00, // I...H...O.......
	0x4a, 0x01, 0x00, 0x00, 0x49, 0x01, 0x00, 0x00, 0x49, 0x01, 0x00, 0x00, 0x00, 0x00, 0x00, 0x00, // J...I...I.......
	0x01, 0x00, 0x00, 0x00, 0x02, 0x00, 0x00, 0x00, 0x41, 0x00, 0x05, 0x00, 0x50, 0x00, 0x00, 0x00, // ........A...P...
	0x4b, 0x01, 0x00, 0x00, 0x41, 0x00, 0x00, 0x00, 0x9d, 0x00, 0x00, 0x00, 0x3d, 0x00, 0x04, 0x00, // K...A.......=...
	0x10, 0x00, 0x00, 0x00, 0x4c, 0x01, 0x00, 0x00, 0x4b, 0x01, 0x00, 0x00, 0x4f, 0x00, 0x08, 0x00, // ....L...K...O...
	0x07, 0x00, 0x00, 0x00, 0x4d, 0x01, 0x00, 0x00, 0x4c, 0x01, 0x00, 0x00, 0x4c, 0x01, 0x00, 0x00, // ....M...L...L...
	0x00, 0x00, 0x00, 0x00, 0x01, 0x00, 0x00, 0x00, 0x02, 0x00, 0x00, 0x00, 0x0c, 0x00, 0x08, 0x00, // ................
	0x07, 0x00, 0x00, 0x00, 0x7c, 0x01, 0x00, 0x00, 0x01, 0x00, 0x00, 0x00, 0x2e, 0x00, 0x00, 0x00, // ....|...........
	0x4a, 0x01, 0x00, 0x00, 0x4d, 0x01, 0x00, 0x00, 0x47, 0x01, 0x00, 0x00, 0x41, 0x00, 0x06, 0x00, // J...M...G...A...
	0x44, 0x00, 0x00, 0x00, 0x50, 0x01, 0x00, 0x00, 0x41, 0x00, 0x00, 0x00, 0xcd, 0x00, 0x00, 0x00, // D...P...A.......
	0x79, 0x00, 0x00, 0x00, 0x3d, 0x00, 0x04, 0x00, 0x06, 0x00, 0x00, 0x00, 0x51, 0x01, 0x00, 0x00, // y...=.......Q...
	0x50, 0x01, 0x00, 0x00, 0x7f, 0x00, 0x04, 0x00, 0x06, 0x00, 0x00, 0x00, 0x52, 0x01, 0x00, 0x00, // P...........R...
	0x51, 0x01, 0x00, 0x00, 0x85, 0x00, 0x05, 0x00, 0x06, 0x00, 0x00, 0x00, 0x54, 0x01, 0x00, 0x00, // Q...........T...
	0x52, 0x01, 0x00, 0x00, 0x44, 0x01, 0x00, 0x00, 0x41, 0x00, 0x06, 0x00, 0x44, 0x00, 0x00, 0x00, // R...D...A...D...
	0x55, 0x01, 0x00, 0x00, 0x41, 0x00, 0x00, 0x00, 0x9d, 0x00, 0x00, 0x00, 0x43, 0x00, 0x00, 0x00, // U...A.......C...
	0x3d, 0x00, 0x04, 0x00, 0x06, 0x00, 0x00, 0x00, 0x56, 0x01, 0x00, 0x00, 0x55, 0x01, 0x00, 0x00, // =.......V...U...
	0x85, 0x00, 0x05, 0x00, 0x06, 0x00, 0x00, 0x00, 0x57, 0x01, 0x00, 0x00, 0x54, 0x01, 0x00, 0x00, // ........W...T...
	0x56, 0x01, 0x00, 0x00, 0x8e, 0x00, 0x05, 0x00, 0x07, 0x00, 0x00, 0x00, 0x58, 0x01, 0x00, 0x00, // V...........X...
	0x7c, 0x01, 0x00, 0x00, 0x57, 0x01, 0x00, 0x00, 0x51, 0x00, 0x05, 0x00, 0x06, 0x00, 0x00, 0x00, // |...W...Q.......
	0x5a, 0x01, 0x00, 0x00, 0x58, 0x01, 0x00, 0x00, 0x00, 0x00, 0x00, 0x00, 0x52, 0x00, 0x06, 0x00, // Z...X.......R...
	0x10, 0x00, 0x00, 0x00, 0xf1, 0x01, 0x00, 0x00, 0x5a, 0x01, 0x00, 0x00, 0x08, 0x02, 0x00, 0x00, // ........Z.......
	0x00, 0x00, 0x00, 0x00, 0x51, 0x00, 0x05, 0x00, 0x06, 0x00, 0x00, 0x00, 0x5c, 0x01, 0x00, 0x00, // ....Q...........
	0x58, 0x01, 0x00, 0x00, 0x01, 0x00, 0x00, 0x00, 0x52, 0x00, 0x06, 0x00, 0x10, 0x00, 0x00, 0x00, // X.......R.......
	0xf3, 0x01, 0x00, 0x00, 0x5c, 0x01, 0x00, 0x00, 0xf1, 0x01, 0x00, 0x00, 0x01, 0x00, 0x00, 0x00, // ................
	0x51, 0x00, 0x05, 0x00, 0x06, 0x00, 0x00, 0x00, 0x5e, 0x01, 0x00, 0x00, 0x58, 0x01, 0x00, 0x00, // Q.......^...X...
	0x02, 0x00, 0x00, 0x00, 0x52, 0x00, 0x06, 0x00, 0x10, 0x00, 0x00, 0x00, 0xf5, 0x01, 0x00, 0x00, // ....R...........
	0x5e, 0x01, 0x00, 0x00, 0xf3, 0x01, 0x00, 0x00, 0x02, 0x00, 0x00, 0x00, 0xf7, 0x00, 0x03, 0x00, // ^...............
	0xe1, 0x01, 0x00, 0x00, 0x00, 0x00, 0x00, 0x00, 0xfb, 0x00, 0x03, 0x00, 0x79, 0x00, 0x00, 0x00, // ............y...
	0x8c, 0x01, 0x00, 0x00, 0xf8, 0x00, 0x02, 0x00, 0x8c, 0x01, 0x00, 0x00, 0xf9, 0x00, 0x02, 0x00, // ................
	0x8d, 0x01, 0x00, 0x00, 0xf8, 0x00, 0x02, 0x00, 0x8d, 0x01, 0x00, 0x00, 0xf5, 0x00, 0x07, 0x00, // ................
	0x06, 0x00, 0x00, 0x00, 0xe4, 0x01, 0x00, 0x00, 0x2d, 0x00, 0x00, 0x00, 0x8c, 0x01, 0x00, 0x00, // ........-.......
	0xef, 0x01, 0x00, 0x00, 0xda, 0x01, 0x00, 0x00, 0xf5, 0x00, 0x07, 0x00, 0x2e, 0x00, 0x00, 0x00, // ................
	0xe3, 0x01, 0x00, 0x00, 0x31, 0x00, 0x00, 0x00, 0x8c, 0x01, 0x00, 0x00, 0xdc, 0x01, 0x00, 0x00, // ....1...........
	0xda, 0x01, 0x00, 0x00, 0xb1, 0x00, 0x05, 0x00, 0x39, 0x00, 0x00, 0x00, 0x90, 0x01, 0x00, 0x00, // ........9.......
	0xe3, 0x01, 0x00, 0x00, 0x38, 0x00, 0x00, 0x00, 0xf6, 0x00, 0x04, 0x00, 0xdd, 0x01, 0x00, 0x00, // ....8...........
	0xda, 0x01, 0x00, 0x00, 0x00, 0x00, 0x00, 0x00, 0xfa, 0x00, 0x04, 0x00, 0x90, 0x01, 0x00, 0x00, // ................
	0x91, 0x01, 0x00, 0x00, 0xdd, 0x01, 0x00, 0x00, 0xf8, 0x00, 0x02, 0x00, 0x91, 0x01, 0x00, 0x00, // ................
	0x41, 0x00, 0x07, 0x00, 0x44, 0x00, 0x00, 0x00, 0x93, 0x01, 0x00, 0x00, 0x41, 0x00, 0x00, 0x00, // A...D.......A...
	0x31, 0x00, 0x00, 0x00, 0xe3, 0x01, 0x00, 0x00, 0x43, 0x00, 0x00, 0x00, 0x3d, 0x00, 0x04, 0x00, // 1.......C...=...
	0x06, 0x00, 0x00, 0x00, 0x94, 0x01, 0x00, 0x00, 0x93, 0x01, 0x00, 0x00, 0xb4, 0x00, 0x05, 0x00, // ................
	0x39, 0x00, 0x00, 0x00, 0x96, 0x01, 0x00, 0x00, 0x94, 0x01, 0x00, 0x00, 0x48, 0x00, 0x00, 0x00, // 9...........H...
	0xf7, 0x00, 0x03, 0x00, 0x99, 0x01, 0x00, 0x00, 0x02, 0x00, 0x00, 0x00, 0xfa, 0x00, 0x04, 0x00, // ................
	0x96, 0x01, 0x00, 0x00, 0x97, 0x01, 0x00, 0x00, 0x99, 0x01, 0x00, 0x00, 0xf8, 0x00, 0x02, 0x00, // ................
	0x97, 0x01, 0x00, 0x00, 0xf9, 0x00, 0x02, 0x00, 0xdd, 0x01, 0x00, 0x00, 0xf8, 0x00, 0x02, 0x00, // ................
	0x99, 0x01, 0x00, 0x00, 0x41, 0x00, 0x06, 0x00, 0x50, 0x00, 0x00, 0x00, 0x9b, 0x01, 0x00, 0x00, // ....A...P.......
	0x41, 0x00, 0x00, 0x00, 0x31, 0x00, 0x00, 0x00, 0xe3, 0x01, 0x00, 0x00, 0x3d, 0x00, 0x04, 0x00, // A...1.......=...
	0x10, 0x00, 0x00, 0x00, 0x9c, 0x01, 0x00, 0x00, 0x9b, 0x01, 0x00, 0x00, 0x4f, 0x00, 0x08, 0x00, // ............O...
	0x07, 0x00, 0x00, 0x00, 0x9d, 0x01, 0x00, 0x00, 0x9c, 0x01, 0x00, 0x00, 0x9c, 0x01, 0x00, 0x00, // ................
	0x00, 0x00, 0x00, 0x00, 0x01, 0x00, 0x00, 0x00, 0x02, 0x00, 0x00, 0x00, 0x83, 0x00, 0x05, 0x00, // ................
	0x07, 0x00, 0x00, 0x00, 0xa0, 0x01, 0x00, 0x00, 0x9d, 0x01, 0x00, 0x00, 0x36, 0x01, 0x00, 0x00, // ............6...
	0x94, 0x00, 0x05, 0x00, 0x06, 0x00, 0x00, 0x00, 0xa3, 0x01, 0x00, 0x00, 0xa0, 0x01, 0x00, 0x00, // ................
	0x37, 0x01, 0x00, 0x00, 0x85, 0x00, 0x05, 0x00, 0x06, 0x00, 0x00, 0x00, 0xa6, 0x01, 0x00, 0x00, // 7...............
	0x39, 0x01, 0x00, 0x00, 0x39, 0x01, 0x00, 0x00, 0x88, 0x00, 0x05, 0x00, 0x06, 0x00, 0x00, 0x00, // 9...9...........
	0xa7, 0x01, 0x00, 0x00, 0xa3, 0x01, 0x00, 0x00, 0xa6, 0x01, 0x00, 0x00, 0xba, 0x00, 0x05, 0x00, // ................
	0x39, 0x00, 0x00, 0x00, 0xa9, 0x01, 0x00, 0x00, 0xa7, 0x01, 0x00, 0x00, 0x48, 0x00, 0x00, 0x00, // 9...........H...
	0xb8, 0x00, 0x05, 0x00, 0x39, 0x00, 0x00, 0x00, 0xab, 0x01, 0x00, 0x00, 0xa7, 0x01, 0x00, 0x00, // ....9...........
	0x2d, 0x00, 0x00, 0x00, 0xa7, 0x00, 0x05, 0x00, 0x39, 0x00, 0x00, 0x00, 0xac, 0x01, 0x00, 0x00, // -.......9.......
	0xa9, 0x01, 0x00, 0x00, 0xab, 0x01, 0x00, 0x00, 0xf7, 0x00, 0x03, 0x00, 0xd9, 0x01, 0x00, 0x00, // ................
	0x02, 0x00, 0x00, 0x00, 0xfa, 0x00, 0x04, 0x00, 0xac, 0x01, 0x00, 0x00, 0xad, 0x01, 0x00, 0x00, // ................
	0xd9, 0x01, 0x00, 0x00, 0xf8, 0x00, 0x02, 0x00, 0xad, 0x01, 0x00, 0x00, 0x8e, 0x00, 0x05, 0x00, // ................
	0x07, 0x00, 0x00, 0x00, 0xb1, 0x01, 0x00, 0x00, 0x37, 0x01, 0x00, 0x00, 0xa7, 0x01, 0x00, 0x00, // ........7.......
	0x83, 0x00, 0x05, 0x00, 0x07, 0x00, 0x00, 0x00, 0xb2, 0x01, 0x00, 0x00, 0xa0, 0x01, 0x00, 0x00, // ................
	0xb1, 0x01, 0x00, 0x00, 0x0c, 0x00, 0x06, 0x00, 0x06, 0x00, 0x00, 0x00, 0xb4, 0x01, 0x00, 0x00, // ................
	0x01, 0x00, 0x00, 0x00, 0x42, 0x00, 0x00, 0x00, 0xb2, 0x01, 0x00, 0x00, 0x85, 0x00, 0x05, 0x00, // ....B...........
	0x06, 0x00, 0x00, 0x00, 0xb8, 0x01, 0x00, 0x00, 0x71, 0x00, 0x00, 0x00, 0xa7, 0x01, 0x00, 0x00, // ........q.......
	0x83, 0x00, 0x05, 0x00, 0x06, 0x00, 0x00, 0x00, 0xb9, 0x01, 0x00, 0x00, 0x71, 0x00, 0x00, 0x00, // ............q...
	0xb8, 0x01, 0x00, 0x00, 0x51, 0x00, 0x05, 0x00, 0x06, 0x00, 0x00, 0x00, 0xbb, 0x01, 0x00, 0x00, // ....Q...........
	0xa0, 0x01, 0x00, 0x00, 0x00, 0x00, 0x00, 0x00, 0x85, 0x00, 0x05, 0x00, 0x06, 0x00, 0x00, 0x00, // ................
	0xbe, 0x01, 0x00, 0x00, 0xbb, 0x01, 0x00, 0x00, 0xbb, 0x01, 0x00, 0x00, 0x51, 0x00, 0x05, 0x00, // ............Q...
	0x06, 0x00, 0x00, 0x00, 0xc0, 0x01, 0x00, 0x00, 0xa0, 0x01, 0x00, 0x00, 0x01, 0x00, 0x00, 0x00, // ................
	0x85, 0x00, 0x05, 0x00, 0x06, 0x00, 0x00, 0x00, 0xc3, 0x01, 0x00, 0x00, 0xc0, 0x01, 0x00, 0x00, // ................
	0xc0, 0x01, 0x00, 0x00, 0x81, 0x00, 0x05, 0x00, 0x06, 0x00, 0x00, 0x00, 0xc4, 0x01, 0x00, 0x00, // ................
	0xbe, 0x01, 0x00, 0x00, 0xc3, 0x01, 0x00, 0x00, 0x85, 0x00, 0x05, 0x00, 0x06, 0x00, 0x00, 0x00, // ................
	0xc7, 0x01, 0x00, 0x00, 0x94, 0x01, 0x00, 0x00, 0x94, 0x01, 0x00, 0x00, 0x88, 0x00, 0x05, 0x00, // ................
	0x06, 0x00, 0x00, 0x00, 0xc8, 0x01, 0x00, 0x00, 0xc4, 0x01, 0x00, 0x00, 0xc7, 0x01, 0x00, 0x00, // ................
	0x0c, 0x00, 0x08, 0x00, 0x06, 0x00, 0x00, 0x00, 0xc9, 0x01, 0x00, 0x00, 0x01, 0x00, 0x00, 0x00, // ................
	0x2b, 0x00, 0x00, 0x00, 0xc8, 0x01, 0x00, 0x00, 0x48, 0x00, 0x00, 0x00, 0x2d, 0x00, 0x00, 0x00, // +.......H...-...
	0x83, 0x00, 0x05, 0x00, 0x06, 0x00, 0x00, 0x00, 0xcd, 0x01, 0x00, 0x00, 0x94, 0x01, 0x00, 0x00, // ................
	0xb9, 0x01, 0x00, 0x00, 0x81, 0x00, 0x05, 0x00, 0x06, 0x00, 0x00, 0x00, 0xd0, 0x01, 0x00, 0x00, // ................
	0x94, 0x01, 0x00, 0x00, 0xb9, 0x01, 0x00, 0x00, 0x0c, 0x00, 0x08, 0x00, 0x06, 0x00, 0x00, 0x00, // ................
	0xd2, 0x01, 0x00, 0x00, 0x01, 0x00, 0x00, 0x00, 0x31, 0x00, 0x00, 0x00, 0xcd, 0x01, 0x00, 0x00, // ........1.......
	0xd0, 0x01, 0x00, 0x00, 0xb4, 0x01, 0x00, 0x00, 0x85, 0x00, 0x05, 0x00, 0x06, 0x00, 0x00, 0x00, // ................
	0xd3, 0x01, 0x00, 0x00, 0x8d, 0x00, 0x00, 0x00, 0xd2, 0x01, 0x00, 0x00, 0x81, 0x00, 0x05, 0x00, // ................
	0x06, 0x00, 0x00, 0x00, 0xd4, 0x01, 0x00, 0x00, 0x8c, 0x00, 0x00, 0x00, 0xd3, 0x01, 0x00, 0x00, // ................
	0x85, 0x00, 0x05, 0x00, 0x06, 0x00, 0x00, 0x00, 0xd5, 0x01, 0x00, 0x00, 0xc9, 0x01, 0x00, 0x00, // ................
	0xd4, 0x01, 0x00, 0x00, 0x81, 0x00, 0x05, 0x00, 0x06, 0x00, 0x00, 0x00, 0xd6, 0x01, 0x00, 0x00, // ................
	0x2d, 0x00, 0x00, 0x00, 0xd5, 0x01, 0x00, 0x00, 0x85, 0x00, 0x05, 0x00, 0x06, 0x00, 0x00, 0x00, // -...............
	0xd8, 0x01, 0x00, 0x00, 0xe4, 0x01, 0x00, 0x00, 0xd6, 0x01, 0x00, 0x00, 0xf9, 0x00, 0x02, 0x00, // ................
	0xd9, 0x01, 0x00, 0x00, 0xf8, 0x00, 0x02, 0x00, 0xd9, 0x01, 0x00, 0x00, 0xf5, 0x00, 0x07, 0x00, // ................
	0x06, 0x00, 0x00, 0x00, 0xef, 0x01, 0x00, 0x00, 0xe4, 0x01, 0x00, 0x00, 0x99, 0x01, 0x00, 0x00, // ................
	0xd8, 0x01, 0x00, 0x00, 0xad, 0x01, 0x00, 0x00, 0xf9, 0x00, 0x02, 0x00, 0xda, 0x01, 0x00, 0x00, // ................
	0xf8, 0x00, 0x02, 0x00, 0xda, 0x01, 0x00, 0x00, 0x80, 0x00, 0x05, 0x00, 0x2e, 0x00, 0x00, 0x00, // ................
	0xdc, 0x01, 0x00, 0x00, 0xe3, 0x01, 0x00, 0x00, 0x9d, 0x00, 0x00, 0x00, 0xf9, 0x00, 0x02, 0x00, // ................
	0x8d, 0x01, 0x00, 0x00, 0xf8, 0x00, 0x02, 0x00, 0xdd, 0x01, 0x00, 0x00, 0xf5, 0x00, 0x07, 0x00, // ................
	0x06, 0x00, 0x00, 0x00, 0xeb, 0x01, 0x00, 0x00, 0xed, 0x01, 0x00, 0x00, 0x8d, 0x01, 0x00, 0x00, // ................
	0xe4, 0x01, 0x00, 0x00, 0x97, 0x01, 0x00, 0x00, 0xf5, 0x00, 0x07, 0x00, 0x39, 0x00, 0x00, 0x00, // ............9...
	0xe6, 0x01, 0x00, 0x00, 0x1e, 0x01, 0x00, 0x00, 0x8d, 0x01, 0x00, 0x00, 0x21, 0x01, 0x00, 0x00, // ............!...
	0x97, 0x01, 0x00, 0x00, 0xf7, 0x00, 0x03, 0x00, 0xdf, 0x01, 0x00, 0x00, 0x00, 0x00, 0x00, 0x00, // ................
	0xfa, 0x00, 0x04, 0x00, 0xe6, 0x01, 0x00, 0x00, 0xe1, 0x01, 0x00, 0x00, 0xdf, 0x01, 0x00, 0x00, // ................
	0xf8, 0x00, 0x02, 0x00, 0xdf, 0x01, 0x00, 0x00, 0xf9, 0x00, 0x02, 0x00, 0xe1, 0x01, 0x00, 0x00, // ................
	0xf8, 0x00, 0x02, 0x00, 0xe1, 0x01, 0x00, 0x00, 0xf5, 0x00, 0x07, 0x00, 0x06, 0x00, 0x00, 0x00, // ................
	0xea, 0x01, 0x00, 0x00, 0xeb, 0x01, 0x00, 0x00, 0xdd, 0x01, 0x00, 0x00, 0xe4, 0x01, 0x00, 0x00, // ................
	0xdf, 0x01, 0x00, 0x00, 0x4f, 0x00, 0x08, 0x00, 0x07, 0x00, 0x00, 0x00, 0x66, 0x01, 0x00, 0x00, // ....O.......f...
	0xf5, 0x01, 0x00, 0x00, 0xf5, 0x01, 0x00, 0x00, 0x00, 0x00, 0x00, 0x00, 0x01, 0x00, 0x00, 0x00, // ................
	0x02, 0x00, 0x00, 0x00, 0x8e, 0x00, 0x05, 0x00, 0x07, 0x00, 0x00, 0x00, 0x67, 0x01, 0x00, 0x00, // ............g...
	0x66, 0x01, 0x00, 0x00, 0xea, 0x01, 0x00, 0x00, 0x51, 0x00, 0x05, 0x00, 0x06, 0x00, 0x00, 0x00, // f.......Q.......
	0x69, 0x01, 0x00, 0x00, 0x67, 0x01, 0x00, 0x00, 0x00, 0x00, 0x00, 0x00, 0x51, 0x00, 0x05, 0x00, // i...g.......Q...
	0x06, 0x00, 0x00, 0x00, 0x6b, 0x01, 0x00, 0x00, 0x67, 0x01, 0x00, 0x00, 0x01, 0x00, 0x00, 0x00, // ....k...g.......
	0x51, 0x00, 0x05, 0x00, 0x06, 0x00, 0x00, 0x00, 0x6d, 0x01, 0x00, 0x00, 0x67, 0x01, 0x00, 0x00, // Q.......m...g...
	0x02, 0x00, 0x00, 0x00, 0x88, 0x00, 0x05, 0x00, 0x06, 0x00, 0x00, 0x00, 0x70, 0x01, 0x00, 0x00, // ............p...
	0x2d, 0x00, 0x00, 0x00, 0x51, 0x01, 0x00, 0x00, 0x83, 0x00, 0x05, 0x00, 0x06, 0x00, 0x00, 0x00, // -...Q...........
	0x71, 0x01, 0x00, 0x00, 0x70, 0x01, 0x00, 0x00, 0x2d, 0x00, 0x00, 0x00, 0x50, 0x00, 0x07, 0x00, // q...p...-...P...
	0x10, 0x00, 0x00, 0x00, 0x07, 0x02, 0x00, 0x00, 0x69, 0x01, 0x00, 0x00, 0x6b, 0x01, 0x00, 0x00, // ........i...k...
	0x6d, 0x01, 0x00, 0x00, 0x71, 0x01, 0x00, 0x00, 0x3e, 0x00, 0x03, 0x00, 0x06, 0x01, 0x00, 0x00, // m...q...>.......
	0x07, 0x02, 0x00, 0x00, 0xfd, 0x00, 0x01, 0x00, 0x38, 0x00, 0x01, 0x00, 0x00, 0x00, 0xc0, 0x00, // ........8.......
};
static const bgfx::EmbeddedShader fs_light_ballshadow_noclip = BGFX_EMBEDDED_SHADER(fs_light_ballshadow_noclip);
