// Flasher Shaders

//////////////////////////////////////////////////////////////////////////////////////////////////////////////////////
// Build of vertex shader from vs_flasher.sc to vs_flasher_clip with options: CLIP
static const uint8_t vs_flasher_clip_mtl[1092] =
{
	0x56, 0x53, 0x48, 0x0c, 0x00, 0x00, 0x00, 0x00, 0x11, 0xe4, 0xa0, 0x91, 0x00, 0x00, 0x00, 0x00, // VSH.............
	0x00, 0x00, 0x00, 0x00, 0x03, 0x00, 0x0a, 0x63, 0x6c, 0x69, 0x70, 0x5f, 0x70, 0x6c, 0x61, 0x6e, // .......clip_plan
	0x65, 0x02, 0x01, 0x50, 0x00, 0x01, 0x00, 0x00, 0x00, 0x00, 0x00, 0x0e, 0x63, 0x61, 0x6d, 0x65, // e..P........came
	0x72, 0x61, 0x50, 0x6f, 0x73, 0x57, 0x6f, 0x72, 0x6c, 0x64, 0x02, 0x01, 0x40, 0x00, 0x01, 0x00, // raPosWorld..@...
	0x00, 0x00, 0x00, 0x00, 0x0e, 0x6d, 0x61, 0x74, 0x52, 0x6f, 0x74, 0x56, 0x69, 0x65, 0x77, 0x50, // .....matRotViewP
	0x72, 0x6f, 0x6a, 0x04, 0x01, 0x00, 0x00, 0x04, 0x00, 0x00, 0x00, 0x00, 0x00, 0xdb, 0x03, 0x00, // roj.............
	0x00, 0x23, 0x69, 0x6e, 0x63, 0x6c, 0x75, 0x64, 0x65, 0x20, 0x3c, 0x6d, 0x65, 0x74, 0x61, 0x6c, // .#include <metal
	0x5f, 0x73, 0x74, 0x64, 0x6c, 0x69, 0x62, 0x3e, 0x0a, 0x23, 0x69, 0x6e, 0x63, 0x6c, 0x75, 0x64, // _stdlib>.#includ
	0x65, 0x20, 0x3c, 0x73, 0x69, 0x6d, 0x64, 0x2f, 0x73, 0x69, 0x6d, 0x64, 0x2e, 0x68, 0x3e, 0x0a, // e <simd/simd.h>.
	0x0a, 0x75, 0x73, 0x69, 0x6e, 0x67, 0x20, 0x6e, 0x61, 0x6d, 0x65, 0x73, 0x70, 0x61, 0x63, 0x65, // .using namespace
	0x20, 0x6d, 0x65, 0x74, 0x61, 0x6c, 0x3b, 0x0a, 0x0a, 0x73, 0x74, 0x72, 0x75, 0x63, 0x74, 0x20, //  metal;..struct 
	0x5f, 0x47, 0x6c, 0x6f, 0x62, 0x61, 0x6c, 0x0a, 0x7b, 0x0a, 0x20, 0x20, 0x20, 0x20, 0x66, 0x6c, // _Global.{.    fl
	0x6f, 0x61, 0x74, 0x34, 0x78, 0x34, 0x20, 0x6d, 0x61, 0x74, 0x52, 0x6f, 0x74, 0x56, 0x69, 0x65, // oat4x4 matRotVie
	0x77, 0x50, 0x72, 0x6f, 0x6a, 0x3b, 0x0a, 0x20, 0x20, 0x20, 0x20, 0x66, 0x6c, 0x6f, 0x61, 0x74, // wProj;.    float
	0x34, 0x20, 0x63, 0x61, 0x6d, 0x65, 0x72, 0x61, 0x50, 0x6f, 0x73, 0x57, 0x6f, 0x72, 0x6c, 0x64, // 4 cameraPosWorld
	0x3b, 0x0a, 0x20, 0x20, 0x20, 0x20, 0x66, 0x6c, 0x6f, 0x61, 0x74, 0x34, 0x20, 0x63, 0x6c, 0x69, // ;.    float4 cli
	0x70, 0x5f, 0x70, 0x6c, 0x61, 0x6e, 0x65, 0x3b, 0x0a, 0x7d, 0x3b, 0x0a, 0x0a, 0x73, 0x74, 0x72, // p_plane;.};..str
	0x75, 0x63, 0x74, 0x20, 0x78, 0x6c, 0x61, 0x74, 0x4d, 0x74, 0x6c, 0x4d, 0x61, 0x69, 0x6e, 0x5f, // uct xlatMtlMain_
	0x6f, 0x75, 0x74, 0x0a, 0x7b, 0x0a, 0x20, 0x20, 0x20, 0x20, 0x66, 0x6c, 0x6f, 0x61, 0x74, 0x20, // out.{.    float 
	0x5f, 0x65, 0x6e, 0x74, 0x72, 0x79, 0x50, 0x6f, 0x69, 0x6e, 0x74, 0x4f, 0x75, 0x74, 0x70, 0x75, // _entryPointOutpu
	0x74, 0x5f, 0x76, 0x5f, 0x63, 0x6c, 0x69, 0x70, 0x44, 0x69, 0x73, 0x74, 0x61, 0x6e, 0x63, 0x65, // t_v_clipDistance
	0x20, 0x5b, 0x5b, 0x75, 0x73, 0x65, 0x72, 0x28, 0x6c, 0x6f, 0x63, 0x6e, 0x30, 0x29, 0x5d, 0x5d, //  [[user(locn0)]]
	0x3b, 0x0a, 0x20, 0x20, 0x20, 0x20, 0x66, 0x6c, 0x6f, 0x61, 0x74, 0x33, 0x20, 0x5f, 0x65, 0x6e, // ;.    float3 _en
	0x74, 0x72, 0x79, 0x50, 0x6f, 0x69, 0x6e, 0x74, 0x4f, 0x75, 0x74, 0x70, 0x75, 0x74, 0x5f, 0x76, // tryPointOutput_v
	0x5f, 0x74, 0x61, 0x62, 0x6c, 0x65, 0x50, 0x6f, 0x73, 0x20, 0x5b, 0x5b, 0x75, 0x73, 0x65, 0x72, // _tablePos [[user
	0x28, 0x6c, 0x6f, 0x63, 0x6e, 0x31, 0x29, 0x5d, 0x5d, 0x3b, 0x0a, 0x20, 0x20, 0x20, 0x20, 0x66, // (locn1)]];.    f
	0x6c, 0x6f, 0x61, 0x74, 0x32, 0x20, 0x5f, 0x65, 0x6e, 0x74, 0x72, 0x79, 0x50, 0x6f, 0x69, 0x6e, // loat2 _entryPoin
	0x74, 0x4f, 0x75, 0x74, 0x70, 0x75, 0x74, 0x5f, 0x76, 0x5f, 0x74, 0x65, 0x78, 0x63, 0x6f, 0x6f, // tOutput_v_texcoo
	0x72, 0x64, 0x30, 0x20, 0x5b, 0x5b, 0x75, 0x73, 0x65, 0x72, 0x28, 0x6c, 0x6f, 0x63, 0x6e, 0x32, // rd0 [[user(locn2
	0x29, 0x5d, 0x5d, 0x3b, 0x0a, 0x20, 0x20, 0x20, 0x20, 0x66, 0x6c, 0x6f, 0x61, 0x74, 0x34, 0x20, // )]];.    float4 
	0x67, 0x6c, 0x5f, 0x50, 0x6f, 0x73, 0x69, 0x74, 0x69, 0x6f, 0x6e, 0x20, 0x5b, 0x5b, 0x70, 0x6f, // gl_Position [[po
	0x73, 0x69, 0x74, 0x69, 0x6f, 0x6e, 0x5d, 0x5d, 0x3b, 0x0a, 0x7d, 0x3b, 0x0a, 0x0a, 0x73, 0x74, // sition]];.};..st
	0x72, 0x75, 0x63, 0x74, 0x20, 0x78, 0x6c, 0x61, 0x74, 0x4d, 0x74, 0x6c, 0x4d, 0x61, 0x69, 0x6e, // ruct xlatMtlMain
	0x5f, 0x69, 0x6e, 0x0a, 0x7b, 0x0a, 0x20, 0x20, 0x20, 0x20, 0x66, 0x6c, 0x6f, 0x61, 0x74, 0x33, // _in.{.    float3
	0x20, 0x61, 0x5f, 0x70, 0x6f, 0x73, 0x69, 0x74, 0x69, 0x6f, 0x6e, 0x20, 0x5b, 0x5b, 0x61, 0x74, //  a_position [[at
	0x74, 0x72, 0x69, 0x62, 0x75, 0x74, 0x65, 0x28, 0x30, 0x29, 0x5d, 0x5d, 0x3b, 0x0a, 0x20, 0x20, // tribute(0)]];.  
	0x20, 0x20, 0x66, 0x6c, 0x6f, 0x61, 0x74, 0x32, 0x20, 0x61, 0x5f, 0x74, 0x65, 0x78, 0x63, 0x6f, //   float2 a_texco
	0x6f, 0x72, 0x64, 0x30, 0x20, 0x5b, 0x5b, 0x61, 0x74, 0x74, 0x72, 0x69, 0x62, 0x75, 0x74, 0x65, // ord0 [[attribute
	0x28, 0x31, 0x29, 0x5d, 0x5d, 0x3b, 0x0a, 0x7d, 0x3b, 0x0a, 0x0a, 0x76, 0x65, 0x72, 0x74, 0x65, // (1)]];.};..verte
	0x78, 0x20, 0x78, 0x6c, 0x61, 0x74, 0x4d, 0x74, 0x6c, 0x4d, 0x61, 0x69, 0x6e, 0x5f, 0x6f, 0x75, // x xlatMtlMain_ou
	0x74, 0x20, 0x78, 0x6c, 0x61, 0x74, 0x4d, 0x74, 0x6c, 0x4d, 0x61, 0x69, 0x6e, 0x28, 0x78, 0x6c, // t xlatMtlMain(xl
	0x61, 0x74, 0x4d, 0x74, 0x6c, 0x4d, 0x61, 0x69, 0x6e, 0x5f, 0x69, 0x6e, 0x20, 0x69, 0x6e, 0x20, // atMtlMain_in in 
	0x5b, 0x5b, 0x73, 0x74, 0x61, 0x67, 0x65, 0x5f, 0x69, 0x6e, 0x5d, 0x5d, 0x2c, 0x20, 0x63, 0x6f, // [[stage_in]], co
	0x6e, 0x73, 0x74, 0x61, 0x6e, 0x74, 0x20, 0x5f, 0x47, 0x6c, 0x6f, 0x62, 0x61, 0x6c, 0x26, 0x20, // nstant _Global& 
	0x5f, 0x6d, 0x74, 0x6c, 0x5f, 0x75, 0x20, 0x5b, 0x5b, 0x62, 0x75, 0x66, 0x66, 0x65, 0x72, 0x28, // _mtl_u [[buffer(
	0x30, 0x29, 0x5d, 0x5d, 0x29, 0x0a, 0x7b, 0x0a, 0x20, 0x20, 0x20, 0x20, 0x78, 0x6c, 0x61, 0x74, // 0)]]).{.    xlat
	0x4d, 0x74, 0x6c, 0x4d, 0x61, 0x69, 0x6e, 0x5f, 0x6f, 0x75, 0x74, 0x20, 0x6f, 0x75, 0x74, 0x20, // MtlMain_out out 
	0x3d, 0x20, 0x7b, 0x7d, 0x3b, 0x0a, 0x20, 0x20, 0x20, 0x20, 0x6f, 0x75, 0x74, 0x2e, 0x67, 0x6c, // = {};.    out.gl
	0x5f, 0x50, 0x6f, 0x73, 0x69, 0x74, 0x69, 0x6f, 0x6e, 0x20, 0x3d, 0x20, 0x5f, 0x6d, 0x74, 0x6c, // _Position = _mtl
	0x5f, 0x75, 0x2e, 0x6d, 0x61, 0x74, 0x52, 0x6f, 0x74, 0x56, 0x69, 0x65, 0x77, 0x50, 0x72, 0x6f, // _u.matRotViewPro
	0x6a, 0x20, 0x2a, 0x20, 0x66, 0x6c, 0x6f, 0x61, 0x74, 0x34, 0x28, 0x69, 0x6e, 0x2e, 0x61, 0x5f, // j * float4(in.a_
	0x70, 0x6f, 0x73, 0x69, 0x74, 0x69, 0x6f, 0x6e, 0x20, 0x2d, 0x20, 0x5f, 0x6d, 0x74, 0x6c, 0x5f, // position - _mtl_
	0x75, 0x2e, 0x63, 0x61, 0x6d, 0x65, 0x72, 0x61, 0x50, 0x6f, 0x73, 0x57, 0x6f, 0x72, 0x6c, 0x64, // u.cameraPosWorld
	0x2e, 0x78, 0x79, 0x7a, 0x2c, 0x20, 0x31, 0x2e, 0x30, 0x29, 0x3b, 0x0a, 0x20, 0x20, 0x20, 0x20, // .xyz, 1.0);.    
	0x6f, 0x75, 0x74, 0x2e, 0x5f, 0x65, 0x6e, 0x74, 0x72, 0x79, 0x50, 0x6f, 0x69, 0x6e, 0x74, 0x4f, // out._entryPointO
	0x75, 0x74, 0x70, 0x75, 0x74, 0x5f, 0x76, 0x5f, 0x63, 0x6c, 0x69, 0x70, 0x44, 0x69, 0x73, 0x74, // utput_v_clipDist
	0x61, 0x6e, 0x63, 0x65, 0x20, 0x3d, 0x20, 0x64, 0x6f, 0x74, 0x28, 0x5f, 0x6d, 0x74, 0x6c, 0x5f, // ance = dot(_mtl_
	0x75, 0x2e, 0x63, 0x6c, 0x69, 0x70, 0x5f, 0x70, 0x6c, 0x61, 0x6e, 0x65, 0x2c, 0x20, 0x66, 0x6c, // u.clip_plane, fl
	0x6f, 0x61, 0x74, 0x34, 0x28, 0x69, 0x6e, 0x2e, 0x61, 0x5f, 0x70, 0x6f, 0x73, 0x69, 0x74, 0x69, // oat4(in.a_positi
	0x6f, 0x6e, 0x2c, 0x20, 0x31, 0x2e, 0x30, 0x29, 0x29, 0x3b, 0x0a, 0x20, 0x20, 0x20, 0x20, 0x6f, // on, 1.0));.    o
	0x75, 0x74, 0x2e, 0x5f, 0x65, 0x6e, 0x74, 0x72, 0x79, 0x50, 0x6f, 0x69, 0x6e, 0x74, 0x4f, 0x75, // ut._entryPointOu
	0x74, 0x70, 0x75, 0x74, 0x5f, 0x76, 0x5f, 0x74, 0x61, 0x62, 0x6c, 0x65, 0x50, 0x6f, 0x73, 0x20, // tput_v_tablePos 
	0x3d, 0x20, 0x69, 0x6e, 0x2e, 0x61, 0x5f, 0x70, 0x6f, 0x73, 0x69, 0x74, 0x69, 0x6f, 0x6e, 0x3b, // = in.a_position;
	0x0a, 0x20, 0x20, 0x20, 0x20, 0x6f, 0x75, 0x74, 0x2e, 0x5f, 0x65, 0x6e, 0x74, 0x72, 0x79, 0x50, // .    out._entryP
	0x6f, 0x69, 0x6e, 0x74, 0x4f, 0x75, 0x74, 0x70, 0x75, 0x74, 0x5f, 0x76, 0x5f, 0x74, 0x65, 0x78, // ointOutput_v_tex
	0x63, 0x6f, 0x6f, 0x72, 0x64, 0x30, 0x20, 0x3d, 0x20, 0x69, 0x6e, 0x2e, 0x61, 0x5f, 0x74, 0x65, // coord0 = in.a_te
	0x78, 0x63, 0x6f, 0x6f, 0x72, 0x64, 0x30, 0x3b, 0x0a, 0x20, 0x20, 0x20, 0x20, 0x72, 0x65, 0x74, // xcoord0;.    ret
	0x75, 0x72, 0x6e, 0x20, 0x6f, 0x75, 0x74, 0x3b, 0x0a, 0x7d, 0x0a, 0x0a, 0x00, 0x02, 0x01, 0x00, // urn out;.}......
	0x10, 0x00, 0x60, 0x00,                                                                         // ..`.
};
static const uint8_t vs_flasher_clip_essl[553] =
{
	0x56, 0x53, 0x48, 0x0c, 0x00, 0x00, 0x00, 0x00, 0x11, 0xe4, 0xa0, 0x91, 0x00, 0x00, 0x00, 0x00, // VSH.............
	0x00, 0x00, 0x00, 0x00, 0x03, 0x00, 0x0a, 0x63, 0x6c, 0x69, 0x70, 0x5f, 0x70, 0x6c, 0x61, 0x6e, // .......clip_plan
	0x65, 0x02, 0x01, 0x00, 0x00, 0x01, 0x00, 0x00, 0x00, 0x00, 0x00, 0x0e, 0x63, 0x61, 0x6d, 0x65, // e...........came
	0x72, 0x61, 0x50, 0x6f, 0x73, 0x57, 0x6f, 0x72, 0x6c, 0x64, 0x02, 0x01, 0x00, 0x00, 0x01, 0x00, // raPosWorld......
	0x00, 0x00, 0x00, 0x00, 0x0e, 0x6d, 0x61, 0x74, 0x52, 0x6f, 0x74, 0x56, 0x69, 0x65, 0x77, 0x50, // .....matRotViewP
	0x72, 0x6f, 0x6a, 0x04, 0x01, 0x00, 0x00, 0x04, 0x00, 0x00, 0x00, 0x00, 0x00, 0xc7, 0x01, 0x00, // roj.............
	0x00, 0x0a, 0x75, 0x6e, 0x69, 0x66, 0x6f, 0x72, 0x6d, 0x20, 0x76, 0x65, 0x63, 0x34, 0x20, 0x63, // ..uniform vec4 c
	0x6c, 0x69, 0x70, 0x5f, 0x70, 0x6c, 0x61, 0x6e, 0x65, 0x3b, 0x0a, 0x75, 0x6e, 0x69, 0x66, 0x6f, // lip_plane;.unifo
	0x72, 0x6d, 0x20, 0x76, 0x65, 0x63, 0x34, 0x20, 0x63, 0x61, 0x6d, 0x65, 0x72, 0x61, 0x50, 0x6f, // rm vec4 cameraPo
	0x73, 0x57, 0x6f, 0x72, 0x6c, 0x64, 0x3b, 0x0a, 0x75, 0x6e, 0x69, 0x66, 0x6f, 0x72, 0x6d, 0x20, // sWorld;.uniform 
	0x6d, 0x61, 0x74, 0x34, 0x20, 0x6d, 0x61, 0x74, 0x52, 0x6f, 0x74, 0x56, 0x69, 0x65, 0x77, 0x50, // mat4 matRotViewP
	0x72, 0x6f, 0x6a, 0x3b, 0x0a, 0x0a, 0x6c, 0x61, 0x79, 0x6f, 0x75, 0x74, 0x28, 0x6c, 0x6f, 0x63, // roj;..layout(loc
	0x61, 0x74, 0x69, 0x6f, 0x6e, 0x20, 0x3d, 0x20, 0x30, 0x29, 0x20, 0x69, 0x6e, 0x20, 0x76, 0x65, // ation = 0) in ve
	0x63, 0x33, 0x20, 0x61, 0x5f, 0x70, 0x6f, 0x73, 0x69, 0x74, 0x69, 0x6f, 0x6e, 0x3b, 0x0a, 0x6f, // c3 a_position;.o
	0x75, 0x74, 0x20, 0x76, 0x65, 0x63, 0x33, 0x20, 0x76, 0x5f, 0x74, 0x61, 0x62, 0x6c, 0x65, 0x50, // ut vec3 v_tableP
	0x6f, 0x73, 0x3b, 0x0a, 0x6f, 0x75, 0x74, 0x20, 0x76, 0x65, 0x63, 0x32, 0x20, 0x76, 0x5f, 0x74, // os;.out vec2 v_t
	0x65, 0x78, 0x63, 0x6f, 0x6f, 0x72, 0x64, 0x30, 0x3b, 0x0a, 0x6c, 0x61, 0x79, 0x6f, 0x75, 0x74, // excoord0;.layout
	0x28, 0x6c, 0x6f, 0x63, 0x61, 0x74, 0x69, 0x6f, 0x6e, 0x20, 0x3d, 0x20, 0x31, 0x29, 0x20, 0x69, // (location = 1) i
	0x6e, 0x20, 0x76, 0x65, 0x63, 0x32, 0x20, 0x61, 0x5f, 0x74, 0x65, 0x78, 0x63, 0x6f, 0x6f, 0x72, // n vec2 a_texcoor
	0x64, 0x30, 0x3b, 0x0a, 0x6f, 0x75, 0x74, 0x20, 0x66, 0x6c, 0x6f, 0x61, 0x74, 0x20, 0x76, 0x5f, // d0;.out float v_
	0x63, 0x6c, 0x69, 0x70, 0x44, 0x69, 0x73, 0x74, 0x61, 0x6e, 0x63, 0x65, 0x3b, 0x0a, 0x0a, 0x76, // clipDistance;..v
	0x6f, 0x69, 0x64, 0x20, 0x6d, 0x61, 0x69, 0x6e, 0x28, 0x29, 0x0a, 0x7b, 0x0a, 0x20, 0x20, 0x20, // oid main().{.   
	0x20, 0x76, 0x5f, 0x74, 0x61, 0x62, 0x6c, 0x65, 0x50, 0x6f, 0x73, 0x20, 0x3d, 0x20, 0x61, 0x5f, //  v_tablePos = a_
	0x70, 0x6f, 0x73, 0x69, 0x74, 0x69, 0x6f, 0x6e, 0x3b, 0x0a, 0x20, 0x20, 0x20, 0x20, 0x76, 0x5f, // position;.    v_
	0x74, 0x65, 0x78, 0x63, 0x6f, 0x6f, 0x72, 0x64, 0x30, 0x20, 0x3d, 0x20, 0x61, 0x5f, 0x74, 0x65, // texcoord0 = a_te
	0x78, 0x63, 0x6f, 0x6f, 0x72, 0x64, 0x30, 0x3b, 0x0a, 0x20, 0x20, 0x20, 0x20, 0x76, 0x5f, 0x63, // xcoord0;.    v_c
	0x6c, 0x69, 0x70, 0x44, 0x69, 0x73, 0x74, 0x61, 0x6e, 0x63, 0x65, 0x20, 0x3d, 0x20, 0x64, 0x6f, // lipDistance = do
	0x74, 0x28, 0x63, 0x6c, 0x69, 0x70, 0x5f, 0x70, 0x6c, 0x61, 0x6e, 0x65, 0x2c, 0x20, 0x76, 0x65, // t(clip_plane, ve
	0x63, 0x34, 0x28, 0x61, 0x5f, 0x70, 0x6f, 0x73, 0x69, 0x74, 0x69, 0x6f, 0x6e, 0x2c, 0x20, 0x31, // c4(a_position, 1
	0x2e, 0x30, 0x29, 0x29, 0x3b, 0x0a, 0x20, 0x20, 0x20, 0x20, 0x67, 0x6c, 0x5f, 0x50, 0x6f, 0x73, // .0));.    gl_Pos
	0x69, 0x74, 0x69, 0x6f, 0x6e, 0x20, 0x3d, 0x20, 0x6d, 0x61, 0x74, 0x52, 0x6f, 0x74, 0x56, 0x69, // ition = matRotVi
	0x65, 0x77, 0x50, 0x72, 0x6f, 0x6a, 0x20, 0x2a, 0x20, 0x76, 0x65, 0x63, 0x34, 0x28, 0x61, 0x5f, // ewProj * vec4(a_
	0x70, 0x6f, 0x73, 0x69, 0x74, 0x69, 0x6f, 0x6e, 0x20, 0x2d, 0x20, 0x63, 0x61, 0x6d, 0x65, 0x72, // position - camer
	0x61, 0x50, 0x6f, 0x73, 0x57, 0x6f, 0x72, 0x6c, 0x64, 0x2e, 0x78, 0x79, 0x7a, 0x2c, 0x20, 0x31, // aPosWorld.xyz, 1
	0x2e, 0x30, 0x29, 0x3b, 0x0a, 0x7d, 0x0a, 0x0a, 0x00,                                           // .0);.}...
};
static const uint8_t vs_flasher_clip_glsl[553] =
{
	0x56, 0x53, 0x48, 0x0c, 0x00, 0x00, 0x00, 0x00, 0x11, 0xe4, 0xa0, 0x91, 0x00, 0x00, 0x00, 0x00, // VSH.............
	0x00, 0x00, 0x00, 0x00, 0x03, 0x00, 0x0a, 0x63, 0x6c, 0x69, 0x70, 0x5f, 0x70, 0x6c, 0x61, 0x6e, // .......clip_plan
	0x65, 0x02, 0x01, 0x00, 0x00, 0x01, 0x00, 0x00, 0x00, 0x00, 0x00, 0x0e, 0x63, 0x61, 0x6d, 0x65, // e...........came
	0x72, 0x61, 0x50, 0x6f, 0x73, 0x57, 0x6f, 0x72, 0x6c, 0x64, 0x02, 0x01, 0x00, 0x00, 0x01, 0x00, // raPosWorld......
	0x00, 0x00, 0x00, 0x00, 0x0e, 0x6d, 0x61, 0x74, 0x52, 0x6f, 0x74, 0x56, 0x69, 0x65, 0x77, 0x50, // .....matRotViewP
	0x72, 0x6f, 0x6a, 0x04, 0x01, 0x00, 0x00, 0x04, 0x00, 0x00, 0x00, 0x00, 0x00, 0xc7, 0x01, 0x00, // roj.............
	0x00, 0x0a, 0x75, 0x6e, 0x69, 0x66, 0x6f, 0x72, 0x6d, 0x20, 0x76, 0x65, 0x63, 0x34, 0x20, 0x63, // ..uniform vec4 c
	0x6c, 0x69, 0x70, 0x5f, 0x70, 0x6c, 0x61, 0x6e, 0x65, 0x3b, 0x0a, 0x75, 0x6e, 0x69, 0x66, 0x6f, // lip_plane;.unifo
	0x72, 0x6d, 0x20, 0x76, 0x65, 0x63, 0x34, 0x20, 0x63, 0x61, 0x6d, 0x65, 0x72, 0x61, 0x50, 0x6f, // rm vec4 cameraPo
	0x73, 0x57, 0x6f, 0x72, 0x6c, 0x64, 0x3b, 0x0a, 0x75, 0x6e, 0x69, 0x66, 0x6f, 0x72, 0x6d, 0x20, // sWorld;.uniform 
	0x6d, 0x61, 0x74, 0x34, 0x20, 0x6d, 0x61, 0x74, 0x52, 0x6f, 0x74, 0x56, 0x69, 0x65, 0x77, 0x50, // mat4 matRotViewP
	0x72, 0x6f, 0x6a, 0x3b, 0x0a, 0x0a, 0x6c, 0x61, 0x79, 0x6f, 0x75, 0x74, 0x28, 0x6c, 0x6f, 0x63, // roj;..layout(loc
	0x61, 0x74, 0x69, 0x6f, 0x6e, 0x20, 0x3d, 0x20, 0x30, 0x29, 0x20, 0x69, 0x6e, 0x20, 0x76, 0x65, // ation = 0) in ve
	0x63, 0x33, 0x20, 0x61, 0x5f, 0x70, 0x6f, 0x73, 0x69, 0x74, 0x69, 0x6f, 0x6e, 0x3b, 0x0a, 0x6f, // c3 a_position;.o
	0x75, 0x74, 0x20, 0x76, 0x65, 0x63, 0x33, 0x20, 0x76, 0x5f, 0x74, 0x61, 0x62, 0x6c, 0x65, 0x50, // ut vec3 v_tableP
	0x6f, 0x73, 0x3b, 0x0a, 0x6f, 0x75, 0x74, 0x20, 0x76, 0x65, 0x63, 0x32, 0x20, 0x76, 0x5f, 0x74, // os;.out vec2 v_t
	0x65, 0x78, 0x63, 0x6f, 0x6f, 0x72, 0x64, 0x30, 0x3b, 0x0a, 0x6c, 0x61, 0x79, 0x6f, 0x75, 0x74, // excoord0;.layout
	0x28, 0x6c, 0x6f, 0x63, 0x61, 0x74, 0x69, 0x6f, 0x6e, 0x20, 0x3d, 0x20, 0x31, 0x29, 0x20, 0x69, // (location = 1) i
	0x6e, 0x20, 0x76, 0x65, 0x63, 0x32, 0x20, 0x61, 0x5f, 0x74, 0x65, 0x78, 0x63, 0x6f, 0x6f, 0x72, // n vec2 a_texcoor
	0x64, 0x30, 0x3b, 0x0a, 0x6f, 0x75, 0x74, 0x20, 0x66, 0x6c, 0x6f, 0x61, 0x74, 0x20, 0x76, 0x5f, // d0;.out float v_
	0x63, 0x6c, 0x69, 0x70, 0x44, 0x69, 0x73, 0x74, 0x61, 0x6e, 0x63, 0x65, 0x3b, 0x0a, 0x0a, 0x76, // clipDistance;..v
	0x6f, 0x69, 0x64, 0x20, 0x6d, 0x61, 0x69, 0x6e, 0x28, 0x29, 0x0a, 0x7b, 0x0a, 0x20, 0x20, 0x20, // oid main().{.   
	0x20, 0x76, 0x5f, 0x74, 0x61, 0x62, 0x6c, 0x65, 0x50, 0x6f, 0x73, 0x20, 0x3d, 0x20, 0x61, 0x5f, //  v_tablePos = a_
	0x70, 0x6f, 0x73, 0x69, 0x74, 0x69, 0x6f, 0x6e, 0x3b, 0x0a, 0x20, 0x20, 0x20, 0x20, 0x76, 0x5f, // position;.    v_
	0x74, 0x65, 0x78, 0x63, 0x6f, 0x6f, 0x72, 0x64, 0x30, 0x20, 0x3d, 0x20, 0x61, 0x5f, 0x74, 0x65, // texcoord0 = a_te
	0x78, 0x63, 0x6f, 0x6f, 0x72, 0x64, 0x30, 0x3b, 0x0a, 0x20, 0x20, 0x20, 0x20, 0x76, 0x5f, 0x63, // xcoord0;.    v_c
	0x6c, 0x69, 0x70, 0x44, 0x69, 0x73, 0x74, 0x61, 0x6e, 0x63, 0x65, 0x20, 0x3d, 0x20, 0x64, 0x6f, // lipDistance = do
	0x74, 0x28, 0x63, 0x6c, 0x69, 0x70, 0x5f, 0x70, 0x6c, 0x61, 0x6e, 0x65, 0x2c, 0x20, 0x76, 0x65, // t(clip_plane, ve
	0x63, 0x34, 0x28, 0x61, 0x5f, 0x70, 0x6f, 0x73, 0x69, 0x74, 0x69, 0x6f, 0x6e, 0x2c, 0x20, 0x31, // c4(a_position, 1
	0x2e, 0x30, 0x29, 0x29, 0x3b, 0x0a, 0x20, 0x20, 0x20, 0x20, 0x67, 0x6c, 0x5f, 0x50, 0x6f, 0x73, // .0));.    gl_Pos
	0x69, 0x74, 0x69, 0x6f, 0x6e, 0x20, 0x3d, 0x20, 0x6d, 0x61, 0x74, 0x52, 0x6f, 0x74, 0x56, 0x69, // ition = matRotVi
	0x65, 0x77, 0x50, 0x72, 0x6f, 0x6a, 0x20, 0x2a, 0x20, 0x76, 0x65, 0x63, 0x34, 0x28, 0x61, 0x5f, // ewProj * vec4(a_
	0x70, 0x6f, 0x73, 0x69, 0x74, 0x69, 0x6f, 0x6e, 0x20, 0x2d, 0x20, 0x63, 0x61, 0x6d, 0x65, 0x72, // position - camer
	0x61, 0x50, 0x6f, 0x73, 0x57, 0x6f, 0x72, 0x6c, 0x64, 0x2e, 0x78, 0x79, 0x7a, 0x2c, 0x20, 0x31, // aPosWorld.xyz, 1
	0x2e, 0x30, 0x29, 0x3b, 0x0a, 0x7d, 0x0a, 0x0a, 0x00,                                           // .0);.}...
};
static const uint8_t vs_flasher_clip_dxbc[785] =
{
	0x56, 0x53, 0x48, 0x0c, 0x00, 0x00, 0x00, 0x00, 0x11, 0xe4, 0xa0, 0x91, 0x00, 0x00, 0x00, 0x00, // VSH.............
	0x00, 0x00, 0x00, 0x00, 0x03, 0x00, 0x0e, 0x6d, 0x61, 0x74, 0x52, 0x6f, 0x74, 0x56, 0x69, 0x65, // .......matRotVie
	0x77, 0x50, 0x72, 0x6f, 0x6a, 0x04, 0x00, 0x00, 0x00, 0x04, 0x00, 0x00, 0x00, 0x00, 0x00, 0x0e, // wProj...........
	0x63, 0x61, 0x6d, 0x65, 0x72, 0x61, 0x50, 0x6f, 0x73, 0x57, 0x6f, 0x72, 0x6c, 0x64, 0x02, 0x00, // cameraPosWorld..
	0x40, 0x00, 0x01, 0x00, 0x00, 0x00, 0x00, 0x00, 0x0a, 0x63, 0x6c, 0x69, 0x70, 0x5f, 0x70, 0x6c, // @........clip_pl
	0x61, 0x6e, 0x65, 0x02, 0x00, 0x50, 0x00, 0x01, 0x00, 0x00, 0x00, 0x00, 0x00, 0xa8, 0x02, 0x00, // ane..P..........
	0x00, 0x44, 0x58, 0x42, 0x43, 0xd2, 0xd1, 0x5f, 0xb7, 0xf1, 0x55, 0x1c, 0x66, 0xe4, 0x24, 0xae, // .DXBC.._..U.f.$.
	0x14, 0x90, 0xa9, 0xa2, 0xa1, 0x01, 0x00, 0x00, 0x00, 0xa8, 0x02, 0x00, 0x00, 0x03, 0x00, 0x00, // ................
	0x00, 0x2c, 0x00, 0x00, 0x00, 0x80, 0x00, 0x00, 0x00, 0x08, 0x01, 0x00, 0x00, 0x49, 0x53, 0x47, // .,...........ISG
	0x4e, 0x4c, 0x00, 0x00, 0x00, 0x02, 0x00, 0x00, 0x00, 0x08, 0x00, 0x00, 0x00, 0x38, 0x00, 0x00, // NL...........8..
	0x00, 0x00, 0x00, 0x00, 0x00, 0x00, 0x00, 0x00, 0x00, 0x03, 0x00, 0x00, 0x00, 0x00, 0x00, 0x00, // ................
	0x00, 0x07, 0x07, 0x00, 0x00, 0x41, 0x00, 0x00, 0x00, 0x00, 0x00, 0x00, 0x00, 0x00, 0x00, 0x00, // .....A..........
	0x00, 0x03, 0x00, 0x00, 0x00, 0x01, 0x00, 0x00, 0x00, 0x03, 0x03, 0x00, 0x00, 0x50, 0x4f, 0x53, // .............POS
	0x49, 0x54, 0x49, 0x4f, 0x4e, 0x00, 0x54, 0x45, 0x58, 0x43, 0x4f, 0x4f, 0x52, 0x44, 0x00, 0xab, // ITION.TEXCOORD..
	0xab, 0x4f, 0x53, 0x47, 0x4e, 0x80, 0x00, 0x00, 0x00, 0x04, 0x00, 0x00, 0x00, 0x08, 0x00, 0x00, // .OSGN...........
	0x00, 0x68, 0x00, 0x00, 0x00, 0x00, 0x00, 0x00, 0x00, 0x01, 0x00, 0x00, 0x00, 0x03, 0x00, 0x00, // .h..............
	0x00, 0x00, 0x00, 0x00, 0x00, 0x0f, 0x00, 0x00, 0x00, 0x74, 0x00, 0x00, 0x00, 0x03, 0x00, 0x00, // .........t......
	0x00, 0x00, 0x00, 0x00, 0x00, 0x03, 0x00, 0x00, 0x00, 0x01, 0x00, 0x00, 0x00, 0x01, 0x0e, 0x00, // ................
	0x00, 0x74, 0x00, 0x00, 0x00, 0x01, 0x00, 0x00, 0x00, 0x00, 0x00, 0x00, 0x00, 0x03, 0x00, 0x00, // .t..............
	0x00, 0x01, 0x00, 0x00, 0x00, 0x0e, 0x01, 0x00, 0x00, 0x74, 0x00, 0x00, 0x00, 0x00, 0x00, 0x00, // .........t......
	0x00, 0x00, 0x00, 0x00, 0x00, 0x03, 0x00, 0x00, 0x00, 0x02, 0x00, 0x00, 0x00, 0x03, 0x0c, 0x00, // ................
	0x00, 0x53, 0x56, 0x5f, 0x50, 0x4f, 0x53, 0x49, 0x54, 0x49, 0x4f, 0x4e, 0x00, 0x54, 0x45, 0x58, // .SV_POSITION.TEX
	0x43, 0x4f, 0x4f, 0x52, 0x44, 0x00, 0xab, 0xab, 0xab, 0x53, 0x48, 0x45, 0x58, 0x98, 0x01, 0x00, // COORD....SHEX...
	0x00, 0x50, 0x00, 0x01, 0x00, 0x66, 0x00, 0x00, 0x00, 0x6a, 0x08, 0x00, 0x01, 0x59, 0x00, 0x00, // .P...f...j...Y..
	0x04, 0x46, 0x8e, 0x20, 0x00, 0x00, 0x00, 0x00, 0x00, 0x06, 0x00, 0x00, 0x00, 0x5f, 0x00, 0x00, // .F. ........._..
	0x03, 0x72, 0x10, 0x10, 0x00, 0x00, 0x00, 0x00, 0x00, 0x5f, 0x00, 0x00, 0x03, 0x32, 0x10, 0x10, // .r......._...2..
	0x00, 0x01, 0x00, 0x00, 0x00, 0x67, 0x00, 0x00, 0x04, 0xf2, 0x20, 0x10, 0x00, 0x00, 0x00, 0x00, // .....g.... .....
	0x00, 0x01, 0x00, 0x00, 0x00, 0x65, 0x00, 0x00, 0x03, 0x12, 0x20, 0x10, 0x00, 0x01, 0x00, 0x00, // .....e.... .....
	0x00, 0x65, 0x00, 0x00, 0x03, 0xe2, 0x20, 0x10, 0x00, 0x01, 0x00, 0x00, 0x00, 0x65, 0x00, 0x00, // .e.... ......e..
	0x03, 0x32, 0x20, 0x10, 0x00, 0x02, 0x00, 0x00, 0x00, 0x68, 0x00, 0x00, 0x02, 0x02, 0x00, 0x00, // .2 ......h......
	0x00, 0x00, 0x00, 0x00, 0x09, 0x72, 0x00, 0x10, 0x00, 0x00, 0x00, 0x00, 0x00, 0x46, 0x12, 0x10, // .....r.......F..
	0x00, 0x00, 0x00, 0x00, 0x00, 0x46, 0x82, 0x20, 0x80, 0x41, 0x00, 0x00, 0x00, 0x00, 0x00, 0x00, // .....F. .A......
	0x00, 0x04, 0x00, 0x00, 0x00, 0x38, 0x00, 0x00, 0x08, 0xf2, 0x00, 0x10, 0x00, 0x01, 0x00, 0x00, // .....8..........
	0x00, 0x56, 0x05, 0x10, 0x00, 0x00, 0x00, 0x00, 0x00, 0x46, 0x8e, 0x20, 0x00, 0x00, 0x00, 0x00, // .V.......F. ....
	0x00, 0x01, 0x00, 0x00, 0x00, 0x32, 0x00, 0x00, 0x0a, 0xf2, 0x00, 0x10, 0x00, 0x01, 0x00, 0x00, // .....2..........
	0x00, 0x46, 0x8e, 0x20, 0x00, 0x00, 0x00, 0x00, 0x00, 0x00, 0x00, 0x00, 0x00, 0x06, 0x00, 0x10, // .F. ............
	0x00, 0x00, 0x00, 0x00, 0x00, 0x46, 0x0e, 0x10, 0x00, 0x01, 0x00, 0x00, 0x00, 0x32, 0x00, 0x00, // .....F.......2..
	0x0a, 0xf2, 0x00, 0x10, 0x00, 0x00, 0x00, 0x00, 0x00, 0x46, 0x8e, 0x20, 0x00, 0x00, 0x00, 0x00, // .........F. ....
	0x00, 0x02, 0x00, 0x00, 0x00, 0xa6, 0x0a, 0x10, 0x00, 0x00, 0x00, 0x00, 0x00, 0x46, 0x0e, 0x10, // .............F..
	0x00, 0x01, 0x00, 0x00, 0x00, 0x00, 0x00, 0x00, 0x08, 0xf2, 0x20, 0x10, 0x00, 0x00, 0x00, 0x00, // .......... .....
	0x00, 0x46, 0x0e, 0x10, 0x00, 0x00, 0x00, 0x00, 0x00, 0x46, 0x8e, 0x20, 0x00, 0x00, 0x00, 0x00, // .F.......F. ....
	0x00, 0x03, 0x00, 0x00, 0x00, 0x36, 0x00, 0x00, 0x05, 0x72, 0x00, 0x10, 0x00, 0x00, 0x00, 0x00, // .....6...r......
	0x00, 0x46, 0x12, 0x10, 0x00, 0x00, 0x00, 0x00, 0x00, 0x36, 0x00, 0x00, 0x05, 0x82, 0x00, 0x10, // .F.......6......
	0x00, 0x00, 0x00, 0x00, 0x00, 0x01, 0x40, 0x00, 0x00, 0x00, 0x00, 0x80, 0x3f, 0x11, 0x00, 0x00, // ......@.....?...
	0x08, 0x12, 0x20, 0x10, 0x00, 0x01, 0x00, 0x00, 0x00, 0x46, 0x8e, 0x20, 0x00, 0x00, 0x00, 0x00, // .. ......F. ....
	0x00, 0x05, 0x00, 0x00, 0x00, 0x46, 0x0e, 0x10, 0x00, 0x00, 0x00, 0x00, 0x00, 0x36, 0x00, 0x00, // .....F.......6..
	0x05, 0xe2, 0x20, 0x10, 0x00, 0x01, 0x00, 0x00, 0x00, 0x06, 0x19, 0x10, 0x00, 0x00, 0x00, 0x00, // .. .............
	0x00, 0x36, 0x00, 0x00, 0x05, 0x32, 0x20, 0x10, 0x00, 0x02, 0x00, 0x00, 0x00, 0x46, 0x10, 0x10, // .6...2 ......F..
	0x00, 0x01, 0x00, 0x00, 0x00, 0x3e, 0x00, 0x00, 0x01, 0x00, 0x02, 0x01, 0x00, 0x10, 0x00, 0x60, // .....>.........`
	0x00,                                                                                           // .
};
static const uint8_t vs_flasher_clip_dxil[2933] =
{
	0x56, 0x53, 0x48, 0x0c, 0x00, 0x00, 0x00, 0x00, 0x11, 0xe4, 0xa0, 0x91, 0x00, 0x00, 0x00, 0x00, // VSH.............
	0x00, 0x00, 0x00, 0x00, 0x03, 0x00, 0x0e, 0x6d, 0x61, 0x74, 0x52, 0x6f, 0x74, 0x56, 0x69, 0x65, // .......matRotVie
	0x77, 0x50, 0x72, 0x6f, 0x6a, 0x04, 0x00, 0x00, 0x00, 0x04, 0x00, 0x00, 0x00, 0x00, 0x00, 0x0e, // wProj...........
	0x63, 0x61, 0x6d, 0x65, 0x72, 0x61, 0x50, 0x6f, 0x73, 0x57, 0x6f, 0x72, 0x6c, 0x64, 0x02, 0x00, // cameraPosWorld..
	0x40, 0x00, 0x01, 0x00, 0x00, 0x00, 0x00, 0x00, 0x0a, 0x63, 0x6c, 0x69, 0x70, 0x5f, 0x70, 0x6c, // @........clip_pl
	0x61, 0x6e, 0x65, 0x02, 0x00, 0x50, 0x00, 0x01, 0x00, 0x00, 0x00, 0x00, 0x00, 0x0c, 0x0b, 0x00, // ane..P..........
	0x00, 0x44, 0x58, 0x42, 0x43, 0x54, 0x27, 0xb5, 0x11, 0x37, 0x5f, 0x58, 0x0d, 0x08, 0xa0, 0xc9, // .DXBCT'..7_X....
	0x38, 0x35, 0x27, 0xc1, 0x5b, 0x01, 0x00, 0x00, 0x00, 0x0c, 0x0b, 0x00, 0x00, 0x07, 0x00, 0x00, // 85'.[...........
	0x00, 0x3c, 0x00, 0x00, 0x00, 0x4c, 0x00, 0x00, 0x00, 0xb0, 0x00, 0x00, 0x00, 0x58, 0x01, 0x00, // .<...L.......X..
	0x00, 0x84, 0x02, 0x00, 0x00, 0xb8, 0x02, 0x00, 0x00, 0xd4, 0x02, 0x00, 0x00, 0x53, 0x46, 0x49, // .............SFI
	0x30, 0x08, 0x00, 0x00, 0x00, 0x00, 0x00, 0x00, 0x00, 0x00, 0x00, 0x00, 0x00, 0x49, 0x53, 0x47, // 0............ISG
	0x31, 0x5c, 0x00, 0x00, 0x00, 0x02, 0x00, 0x00, 0x00, 0x08, 0x00, 0x00, 0x00, 0x00, 0x00, 0x00, // 1...............
	0x00, 0x48, 0x00, 0x00, 0x00, 0x00, 0x00, 0x00, 0x00, 0x00, 0x00, 0x00, 0x00, 0x03, 0x00, 0x00, // .H..............
	0x00, 0x00, 0x00, 0x00, 0x00, 0x07, 0x07, 0x00, 0x00, 0x00, 0x00, 0x00, 0x00, 0x00, 0x00, 0x00, // ................
	0x00, 0x51, 0x00, 0x00, 0x00, 0x00, 0x00, 0x00, 0x00, 0x00, 0x00, 0x00, 0x00, 0x03, 0x00, 0x00, // .Q..............
	0x00, 0x01, 0x00, 0x00, 0x00, 0x03, 0x03, 0x00, 0x00, 0x00, 0x00, 0x00, 0x00, 0x50, 0x4f, 0x53, // .............POS
	0x49, 0x54, 0x49, 0x4f, 0x4e, 0x00, 0x54, 0x45, 0x58, 0x43, 0x4f, 0x4f, 0x52, 0x44, 0x00, 0x00, // ITION.TEXCOORD..
	0x00, 0x4f, 0x53, 0x47, 0x31, 0xa0, 0x00, 0x00, 0x00, 0x04, 0x00, 0x00, 0x00, 0x08, 0x00, 0x00, // .OSG1...........
	0x00, 0x00, 0x00, 0x00, 0x00, 0x88, 0x00, 0x00, 0x00, 0x00, 0x00, 0x00, 0x00, 0x01, 0x00, 0x00, // ................
	0x00, 0x03, 0x00, 0x00, 0x00, 0x00, 0x00, 0x00, 0x00, 0x0f, 0x00, 0x00, 0x00, 0x00, 0x00, 0x00, // ................
	0x00, 0x00, 0x00, 0x00, 0x00, 0x94, 0x00, 0x00, 0x00, 0x03, 0x00, 0x00, 0x00, 0x00, 0x00, 0x00, // ................
	0x00, 0x03, 0x00, 0x00, 0x00, 0x01, 0x00, 0x00, 0x00, 0x01, 0x0e, 0x00, 0x00, 0x00, 0x00, 0x00, // ................
	0x00, 0x00, 0x00, 0x00, 0x00, 0x94, 0x00, 0x00, 0x00, 0x01, 0x00, 0x00, 0x00, 0x00, 0x00, 0x00, // ................
	0x00, 0x03, 0x00, 0x00, 0x00, 0x01, 0x00, 0x00, 0x00, 0x0e, 0x01, 0x00, 0x00, 0x00, 0x00, 0x00, // ................
	0x00, 0x00, 0x00, 0x00, 0x00, 0x94, 0x00, 0x00, 0x00, 0x00, 0x00, 0x00, 0x00, 0x00, 0x00, 0x00, // ................
	0x00, 0x03, 0x00, 0x00, 0x00, 0x02, 0x00, 0x00, 0x00, 0x03, 0x0c, 0x00, 0x00, 0x00, 0x00, 0x00, // ................
	0x00, 0x53, 0x56, 0x5f, 0x50, 0x6f, 0x73, 0x69, 0x74, 0x69, 0x6f, 0x6e, 0x00, 0x54, 0x45, 0x58, // .SV_Position.TEX
	0x43, 0x4f, 0x4f, 0x52, 0x44, 0x00, 0x00, 0x00, 0x00, 0x50, 0x53, 0x56, 0x30, 0x24, 0x01, 0x00, // COORD....PSV0$..
	0x00, 0x34, 0x00, 0x00, 0x00, 0x01, 0x00, 0x00, 0x00, 0x00, 0x00, 0x00, 0x00, 0x00, 0x00, 0x00, // .4..............
	0x00, 0x00, 0x00, 0x00, 0x00, 0x00, 0x00, 0x00, 0x00, 0xff, 0xff, 0xff, 0xff, 0x01, 0x00, 0x00, // ................
	0x00, 0x02, 0x04, 0x00, 0x02, 0x03, 0x00, 0x00, 0x00, 0x00, 0x00, 0x00, 0x00, 0x00, 0x00, 0x00, // ................
	0x00, 0x00, 0x00, 0x00, 0x00, 0x2e, 0x00, 0x00, 0x00, 0x01, 0x00, 0x00, 0x00, 0x18, 0x00, 0x00, // ................
	0x00, 0x02, 0x00, 0x00, 0x00, 0x00, 0x00, 0x00, 0x00, 0x00, 0x00, 0x00, 0x00, 0x00, 0x00, 0x00, // ................
	0x00, 0x0d, 0x00, 0x00, 0x00, 0x00, 0x00, 0x00, 0x00, 0x34, 0x00, 0x00, 0x00, 0x00, 0x50, 0x4f, // .........4....PO
	0x53, 0x49, 0x54, 0x49, 0x4f, 0x4e, 0x00, 0x54, 0x45, 0x58, 0x43, 0x4f, 0x4f, 0x52, 0x44, 0x00, // SITION.TEXCOORD.
	0x54, 0x45, 0x58, 0x43, 0x4f, 0x4f, 0x52, 0x44, 0x00, 0x54, 0x45, 0x58, 0x43, 0x4f, 0x4f, 0x52, // TEXCOORD.TEXCOOR
	0x44, 0x00, 0x54, 0x45, 0x58, 0x43, 0x4f, 0x4f, 0x52, 0x44, 0x00, 0x6d, 0x61, 0x69, 0x6e, 0x00, // D.TEXCOORD.main.
	0x00, 0x03, 0x00, 0x00, 0x00, 0x00, 0x00, 0x00, 0x00, 0x03, 0x00, 0x00, 0x00, 0x01, 0x00, 0x00, // ................
	0x00, 0x10, 0x00, 0x00, 0x00, 0x01, 0x00, 0x00, 0x00, 0x00, 0x00, 0x00, 0x00, 0x01, 0x00, 0x43, // ...............C
	0x00, 0x03, 0x00, 0x00, 0x00, 0x0a, 0x00, 0x00, 0x00, 0x00, 0x00, 0x00, 0x00, 0x01, 0x01, 0x42, // ...............B
	0x00, 0x03, 0x00, 0x00, 0x00, 0x00, 0x00, 0x00, 0x00, 0x00, 0x00, 0x00, 0x00, 0x01, 0x00, 0x44, // ...............D
	0x03, 0x03, 0x04, 0x00, 0x00, 0x13, 0x00, 0x00, 0x00, 0x01, 0x00, 0x00, 0x00, 0x01, 0x01, 0x41, // ...............A
	0x00, 0x03, 0x02, 0x00, 0x00, 0x1c, 0x00, 0x00, 0x00, 0x02, 0x00, 0x00, 0x00, 0x01, 0x01, 0x53, // ...............S
	0x00, 0x03, 0x02, 0x00, 0x00, 0x25, 0x00, 0x00, 0x00, 0x00, 0x00, 0x00, 0x00, 0x01, 0x02, 0x42, // .....%.........B
	0x00, 0x03, 0x02, 0x00, 0x00, 0x3f, 0x00, 0x00, 0x00, 0x5f, 0x00, 0x00, 0x00, 0x9f, 0x00, 0x00, // .....?..._......
	0x00, 0x00, 0x00, 0x00, 0x00, 0x00, 0x01, 0x00, 0x00, 0x00, 0x02, 0x00, 0x00, 0x00, 0x00, 0x00, // ................
	0x00, 0x00, 0x00, 0x00, 0x00, 0x49, 0x4c, 0x44, 0x4e, 0x2c, 0x00, 0x00, 0x00, 0x00, 0x00, 0x24, // .....ILDN,.....$
	0x00, 0x66, 0x62, 0x63, 0x31, 0x61, 0x62, 0x62, 0x35, 0x33, 0x38, 0x34, 0x32, 0x32, 0x62, 0x30, // .fbc1abb538422b0
	0x30, 0x66, 0x39, 0x36, 0x66, 0x34, 0x61, 0x33, 0x63, 0x62, 0x35, 0x64, 0x37, 0x63, 0x34, 0x36, // 0f96f4a3cb5d7c46
	0x63, 0x2e, 0x70, 0x64, 0x62, 0x00, 0x00, 0x00, 0x00, 0x48, 0x41, 0x53, 0x48, 0x14, 0x00, 0x00, // c.pdb....HASH...
	0x00, 0x00, 0x00, 0x00, 0x00, 0xfb, 0xc1, 0xab, 0xb5, 0x38, 0x42, 0x2b, 0x00, 0xf9, 0x6f, 0x4a, // .........8B+..oJ
	0x3c, 0xb5, 0xd7, 0xc4, 0x6c, 0x44, 0x58, 0x49, 0x4c, 0x30, 0x08, 0x00, 0x00, 0x60, 0x00, 0x01, // <...lDXIL0...`..
	0x00, 0x0c, 0x02, 0x00, 0x00, 0x44, 0x58, 0x49, 0x4c, 0x00, 0x01, 0x00, 0x00, 0x10, 0x00, 0x00, // .....DXIL.......
	0x00, 0x18, 0x08, 0x00, 0x00, 0x42, 0x43, 0xc0, 0xde, 0x21, 0x0c, 0x00, 0x00, 0x03, 0x02, 0x00, // .....BC..!......
	0x00, 0x0b, 0x82, 0x20, 0x00, 0x02, 0x00, 0x00, 0x00, 0x13, 0x00, 0x00, 0x00, 0x07, 0x81, 0x23, // ... ...........#
	0x91, 0x41, 0xc8, 0x04, 0x49, 0x06, 0x10, 0x32, 0x39, 0x92, 0x01, 0x84, 0x0c, 0x25, 0x05, 0x08, // .A..I..29....%..
	0x19, 0x1e, 0x04, 0x8b, 0x62, 0x80, 0x14, 0x45, 0x02, 0x42, 0x92, 0x0b, 0x42, 0xa4, 0x10, 0x32, // ....b..E.B..B..2
	0x14, 0x38, 0x08, 0x18, 0x4b, 0x0a, 0x32, 0x52, 0x88, 0x48, 0x90, 0x14, 0x20, 0x43, 0x46, 0x88, // .8..K.2R.H.. CF.
	0xa5, 0x00, 0x19, 0x32, 0x42, 0xe4, 0x48, 0x0e, 0x90, 0x91, 0x22, 0xc4, 0x50, 0x41, 0x51, 0x81, // ...2B.H...".PAQ.
	0x8c, 0xe1, 0x83, 0xe5, 0x8a, 0x04, 0x29, 0x46, 0x06, 0x51, 0x18, 0x00, 0x00, 0x08, 0x00, 0x00, // ......)F.Q......
	0x00, 0x1b, 0x8c, 0xe0, 0xff, 0xff, 0xff, 0xff, 0x07, 0x40, 0x02, 0xa8, 0x0d, 0x84, 0xf0, 0xff, // .........@......
	0xff, 0xff, 0xff, 0x03, 0x20, 0x6d, 0x30, 0x86, 0xff, 0xff, 0xff, 0xff, 0x1f, 0x00, 0x09, 0xa8, // .... m0.........
	0x00, 0x49, 0x18, 0x00, 0x00, 0x03, 0x00, 0x00, 0x00, 0x13, 0x82, 0x60, 0x42, 0x20, 0x4c, 0x08, // .I.........`B L.
	0x06, 0x00, 0x00, 0x00, 0x00, 0x89, 0x20, 0x00, 0x00, 0x2a, 0x00, 0x00, 0x00, 0x32, 0x22, 0x48, // ...... ..*...2"H
	0x09, 0x20, 0x64, 0x85, 0x04, 0x93, 0x22, 0xa4, 0x84, 0x04, 0x93, 0x22, 0xe3, 0x84, 0xa1, 0x90, // . d..."...."....
	0x14, 0x12, 0x4c, 0x8a, 0x8c, 0x0b, 0x84, 0xa4, 0x4c, 0x10, 0x70, 0x23, 0x00, 0x25, 0x00, 0x14, // ..L.....L.p#.%..
	0x66, 0x00, 0xe6, 0x08, 0xc0, 0x60, 0x8e, 0x00, 0x29, 0xc6, 0x20, 0x84, 0x14, 0x42, 0xa6, 0x18, // f....`..). ..B..
	0x80, 0x10, 0x52, 0x06, 0xa1, 0xa2, 0x0c, 0x32, 0xc6, 0x18, 0x63, 0x8c, 0x41, 0xea, 0xa8, 0xe1, // ..R....2..c.A...
	0xf2, 0x27, 0xec, 0x21, 0x24, 0x9f, 0xdb, 0xa8, 0x62, 0x25, 0x26, 0xbf, 0xb8, 0x6d, 0x44, 0x8c, // .'.!$...b%&..mD.
	0x31, 0x06, 0x95, 0x7b, 0x86, 0xcb, 0x9f, 0xb0, 0x87, 0x90, 0xfc, 0x10, 0x68, 0x86, 0x85, 0x40, // 1..{........h..@
	0x41, 0x2b, 0x04, 0x23, 0x8e, 0xd0, 0x2b, 0xc5, 0x20, 0x63, 0x0c, 0x8a, 0x73, 0x04, 0x41, 0x31, // A+.#..+. c..s.A1
	0x1c, 0x29, 0x84, 0x4c, 0xa2, 0x03, 0x01, 0xc3, 0x08, 0xc4, 0x90, 0x04, 0x77, 0xa6, 0x09, 0x1d, // .).L........w...
	0xde, 0x61, 0x1e, 0xe8, 0x81, 0x1d, 0xc2, 0x21, 0x1f, 0xde, 0xa1, 0x1e, 0xe8, 0xc1, 0x0d, 0xc8, // .a.....!........
	0xe0, 0x14, 0xd8, 0xe1, 0x1d, 0xc4, 0x21, 0x1c, 0xd8, 0x61, 0x1e, 0xd0, 0x80, 0xef, 0xa5, 0x9c, // ......!..a......
	0x08, 0x04, 0x00, 0x00, 0x00, 0x13, 0x14, 0x72, 0xc0, 0x87, 0x74, 0x60, 0x87, 0x36, 0x68, 0x87, // .......r..t`.6h.
	0x79, 0x68, 0x03, 0x72, 0xc0, 0x87, 0x0d, 0xaf, 0x50, 0x0e, 0x6d, 0xd0, 0x0e, 0x7a, 0x50, 0x0e, // yh.r....P.m..zP.
	0x6d, 0x00, 0x0f, 0x7a, 0x30, 0x07, 0x72, 0xa0, 0x07, 0x73, 0x20, 0x07, 0x6d, 0x90, 0x0e, 0x71, // m..z0.r..s .m..q
	0xa0, 0x07, 0x73, 0x20, 0x07, 0x6d, 0x90, 0x0e, 0x78, 0xa0, 0x07, 0x73, 0x20, 0x07, 0x6d, 0x90, // ..s .m..x..s .m.
	0x0e, 0x71, 0x60, 0x07, 0x7a, 0x30, 0x07, 0x72, 0xd0, 0x06, 0xe9, 0x30, 0x07, 0x72, 0xa0, 0x07, // .q`.z0.r...0.r..
	0x73, 0x20, 0x07, 0x6d, 0x90, 0x0e, 0x76, 0x40, 0x07, 0x7a, 0x60, 0x07, 0x74, 0xd0, 0x06, 0xe6, // s .m..v@.z`.t...
	0x10, 0x07, 0x76, 0xa0, 0x07, 0x73, 0x20, 0x07, 0x6d, 0x60, 0x0e, 0x73, 0x20, 0x07, 0x7a, 0x30, // ..v..s .m`.s .z0
	0x07, 0x72, 0xd0, 0x06, 0xe6, 0x60, 0x07, 0x74, 0xa0, 0x07, 0x76, 0x40, 0x07, 0x6d, 0xe0, 0x0e, // .r...`.t..v@.m..
	0x78, 0xa0, 0x07, 0x71, 0x60, 0x07, 0x7a, 0x30, 0x07, 0x72, 0xa0, 0x07, 0x76, 0x40, 0x07, 0x43, // x..q`.z0.r..v@.C
	0x9e, 0x00, 0x00, 0x00, 0x00, 0x00, 0x00, 0x00, 0x00, 0x00, 0x00, 0x00, 0x86, 0x3c, 0x06, 0x10, // .............<..
	0x00, 0x01, 0x00, 0x00, 0x00, 0x00, 0x00, 0x00, 0x00, 0x0c, 0x79, 0x10, 0x20, 0x00, 0x04, 0x00, // ..........y. ...
	0x00, 0x00, 0x00, 0x00, 0x00, 0x00, 0x18, 0xf2, 0x28, 0x40, 0x00, 0x04, 0x00, 0x00, 0x00, 0x00, // ........(@......
	0x00, 0x00, 0x00, 0x30, 0xe4, 0x79, 0x80, 0x00, 0x18, 0x00, 0x00, 0x00, 0x00, 0x00, 0x00, 0x00, // ...0.y..........
	0x60, 0xc8, 0x13, 0x01, 0x01, 0x10, 0x00, 0x00, 0x00, 0x00, 0x00, 0x00, 0x00, 0xc0, 0x90, 0x87, // `...............
	0x02, 0x02, 0x60, 0x00, 0x00, 0x00, 0x00, 0x00, 0x00, 0x00, 0x80, 0x2c, 0x10, 0x0f, 0x00, 0x00, // ..`........,....
	0x00, 0x32, 0x1e, 0x98, 0x14, 0x19, 0x11, 0x4c, 0x90, 0x8c, 0x09, 0x26, 0x47, 0xc6, 0x04, 0x43, // .2.....L...&G..C
	0x22, 0x25, 0x30, 0x02, 0x50, 0x12, 0xc5, 0x50, 0xc0, 0x01, 0x65, 0x50, 0x0e, 0xe5, 0x51, 0x04, // "%0.P..P..eP..Q.
	0x54, 0x4a, 0x62, 0x04, 0xa0, 0x0c, 0x8a, 0xa0, 0x10, 0x4a, 0x80, 0xf4, 0x0c, 0x00, 0xed, 0xb1, // TJb......J......
	0x10, 0x43, 0xf9, 0x83, 0x5f, 0xf8, 0x09, 0x00, 0x44, 0x40, 0x08, 0x00, 0x00, 0x79, 0x18, 0x00, // .C.._...D@...y..
	0x00, 0x67, 0x00, 0x00, 0x00, 0x1a, 0x03, 0x4c, 0x90, 0x46, 0x02, 0x13, 0xc4, 0x34, 0x20, 0xc3, // .g.....L.F...4 .
	0x1b, 0x43, 0x81, 0x93, 0x4b, 0xb3, 0x0b, 0xa3, 0x2b, 0x4b, 0x01, 0x89, 0x71, 0xc9, 0x71, 0x81, // .C..K...+K..q.q.
	0x71, 0xa9, 0xa1, 0x81, 0x91, 0x01, 0x41, 0x81, 0x21, 0x9b, 0x29, 0x2b, 0xb3, 0x11, 0xab, 0xa9, // q.....A.!.)+....
	0x69, 0x21, 0x4b, 0x93, 0xa3, 0xcb, 0x4b, 0xd9, 0x10, 0x04, 0x13, 0x04, 0xe2, 0x98, 0x20, 0x10, // i!K...K....... .
	0xc8, 0x06, 0x61, 0x20, 0x26, 0x08, 0x44, 0xb2, 0x41, 0x18, 0x0c, 0x0a, 0x76, 0x73, 0x13, 0x04, // ..a &.D.A...vs..
	0x42, 0xd9, 0x30, 0x20, 0x09, 0x31, 0x41, 0xd0, 0x2c, 0x02, 0x13, 0x04, 0x62, 0xd9, 0x80, 0x10, // B.0 .1A.,...b...
	0x0b, 0x43, 0x10, 0x43, 0x03, 0x6c, 0x08, 0x9c, 0x0d, 0x04, 0x00, 0x3c, 0xc0, 0x04, 0x61, 0xbb, // .C.C.l.....<..a.
	0x36, 0x04, 0xd1, 0x04, 0x41, 0x00, 0x48, 0xb4, 0x85, 0xa5, 0xb9, 0x11, 0x81, 0x7a, 0x9a, 0x4a, // 6...A.H......z.J
	0xa2, 0x4a, 0x7a, 0x72, 0x9a, 0x20, 0x14, 0xd0, 0x04, 0xa1, 0x88, 0x36, 0x04, 0xc4, 0x04, 0xa1, // .Jzr. .....6....
	0x90, 0x26, 0x08, 0x04, 0x33, 0x41, 0x20, 0x9a, 0x0d, 0x82, 0xb6, 0x6d, 0x58, 0x88, 0xca, 0xba, // .&..3A ....mX...
	0xb0, 0x6b, 0xc8, 0x88, 0x8b, 0x23, 0x42, 0x55, 0x84, 0x35, 0xf4, 0xf4, 0x24, 0x45, 0x34, 0x41, // .k...#BU.5..$E4A
	0x28, 0xa6, 0x0d, 0x82, 0xa6, 0x6d, 0x58, 0x06, 0xcf, 0xba, 0xb0, 0x6b, 0xf8, 0x86, 0x0b, 0x0c, // (....mX....k....
	0x36, 0x08, 0x5d, 0x18, 0x70, 0x99, 0xb2, 0xfa, 0x82, 0x7a, 0x9b, 0x4b, 0xa3, 0x4b, 0x7b, 0x73, // 6.].p....z.K.K{s
	0x9b, 0x20, 0x14, 0xd4, 0x04, 0x81, 0x70, 0x36, 0x08, 0x5a, 0x19, 0x6c, 0x58, 0x88, 0x31, 0xb0, // . ....p6.Z.lX.1.
	0x32, 0x8c, 0x0c, 0x06, 0x32, 0x20, 0x2e, 0x33, 0xd8, 0x10, 0x68, 0x13, 0x84, 0xa2, 0xda, 0x20, // 2...2 .3..h.... 
	0x68, 0xc3, 0x86, 0x65, 0xf0, 0xac, 0x0b, 0x0d, 0xbe, 0x21, 0x0d, 0x86, 0x4b, 0x0d, 0x26, 0x08, // h..e.....!..K.&.
	0xc4, 0xb3, 0x21, 0x18, 0x36, 0x2c, 0x6c, 0xe0, 0x59, 0x57, 0x1b, 0x7c, 0x43, 0x36, 0xa4, 0x01, // ..!.6,l.YW.|C6..
	0xb7, 0x61, 0xd1, 0x3c, 0xeb, 0xc2, 0xbe, 0xe1, 0x63, 0x83, 0x0b, 0x0c, 0x36, 0x10, 0x67, 0xb0, // .a.<....c...6.g.
	0x06, 0x6e, 0xf0, 0x06, 0x1b, 0x06, 0x31, 0x80, 0x03, 0x60, 0x43, 0x31, 0x51, 0x71, 0x00, 0x01, // .n....1..`C1Qq..
	0x55, 0xd8, 0xd8, 0xec, 0xda, 0x5c, 0xd2, 0xc8, 0xca, 0xdc, 0xe8, 0xa6, 0x04, 0x41, 0x15, 0x32, // U............A.2
	0x3c, 0x17, 0xbb, 0x32, 0xb9, 0xb9, 0xb4, 0x37, 0xb7, 0x29, 0x01, 0xd1, 0x84, 0x0c, 0xcf, 0xc5, // <..2...7.)......
	0x2e, 0x8c, 0xcd, 0xae, 0x4c, 0x6e, 0x4a, 0x60, 0xd4, 0x21, 0xc3, 0x73, 0x99, 0x43, 0x0b, 0x23, // ....LnJ`.!.s.C.#
	0x2b, 0x93, 0x6b, 0x7a, 0x23, 0x2b, 0x63, 0x9b, 0x12, 0x24, 0x65, 0xc8, 0xf0, 0x5c, 0xe4, 0xca, // +.kz#+c..$e.....
	0xe6, 0xde, 0xea, 0xe4, 0xc6, 0xca, 0xe6, 0xa6, 0x04, 0x4f, 0x1d, 0x32, 0x3c, 0x17, 0xbb, 0xb4, // .........O.2<...
	0xb2, 0xbb, 0x24, 0xb2, 0x29, 0xba, 0x30, 0xba, 0xb2, 0x29, 0x41, 0x54, 0x87, 0x0c, 0xcf, 0xa5, // ..$.).0..)AT....
	0xcc, 0x8d, 0x4e, 0x2e, 0x0f, 0xea, 0x2d, 0xcd, 0x8d, 0x6e, 0x6e, 0x4a, 0x10, 0x07, 0x00, 0x00, // ..N...-..nnJ....
	0x00, 0x79, 0x18, 0x00, 0x00, 0x4c, 0x00, 0x00, 0x00, 0x33, 0x08, 0x80, 0x1c, 0xc4, 0xe1, 0x1c, // .y...L...3......
	0x66, 0x14, 0x01, 0x3d, 0x88, 0x43, 0x38, 0x84, 0xc3, 0x8c, 0x42, 0x80, 0x07, 0x79, 0x78, 0x07, // f..=.C8...B..yx.
	0x73, 0x98, 0x71, 0x0c, 0xe6, 0x00, 0x0f, 0xed, 0x10, 0x0e, 0xf4, 0x80, 0x0e, 0x33, 0x0c, 0x42, // s.q..........3.B
	0x1e, 0xc2, 0xc1, 0x1d, 0xce, 0xa1, 0x1c, 0x66, 0x30, 0x05, 0x3d, 0x88, 0x43, 0x38, 0x84, 0x83, // .......f0.=.C8..
	0x1b, 0xcc, 0x03, 0x3d, 0xc8, 0x43, 0x3d, 0x8c, 0x03, 0x3d, 0xcc, 0x78, 0x8c, 0x74, 0x70, 0x07, // ...=.C=..=.x.tp.
	0x7b, 0x08, 0x07, 0x79, 0x48, 0x87, 0x70, 0x70, 0x07, 0x7a, 0x70, 0x03, 0x76, 0x78, 0x87, 0x70, // {..yH.pp.zp.vx.p
	0x20, 0x87, 0x19, 0xcc, 0x11, 0x0e, 0xec, 0x90, 0x0e, 0xe1, 0x30, 0x0f, 0x6e, 0x30, 0x0f, 0xe3, //  .........0.n0..
	0xf0, 0x0e, 0xf0, 0x50, 0x0e, 0x33, 0x10, 0xc4, 0x1d, 0xde, 0x21, 0x1c, 0xd8, 0x21, 0x1d, 0xc2, // ...P.3....!..!..
	0x61, 0x1e, 0x66, 0x30, 0x89, 0x3b, 0xbc, 0x83, 0x3b, 0xd0, 0x43, 0x39, 0xb4, 0x03, 0x3c, 0xbc, // a.f0.;..;.C9..<.
	0x83, 0x3c, 0x84, 0x03, 0x3b, 0xcc, 0xf0, 0x14, 0x76, 0x60, 0x07, 0x7b, 0x68, 0x07, 0x37, 0x68, // .<..;...v`.{h.7h
	0x87, 0x72, 0x68, 0x07, 0x37, 0x80, 0x87, 0x70, 0x90, 0x87, 0x70, 0x60, 0x07, 0x76, 0x28, 0x07, // .rh.7..p..p`.v(.
	0x76, 0xf8, 0x05, 0x76, 0x78, 0x87, 0x77, 0x80, 0x87, 0x5f, 0x08, 0x87, 0x71, 0x18, 0x87, 0x72, // v..vx.w.._..q..r
	0x98, 0x87, 0x79, 0x98, 0x81, 0x2c, 0xee, 0xf0, 0x0e, 0xee, 0xe0, 0x0e, 0xf5, 0xc0, 0x0e, 0xec, // ..y..,..........
	0x30, 0x03, 0x62, 0xc8, 0xa1, 0x1c, 0xe4, 0xa1, 0x1c, 0xcc, 0xa1, 0x1c, 0xe4, 0xa1, 0x1c, 0xdc, // 0.b.............
	0x61, 0x1c, 0xca, 0x21, 0x1c, 0xc4, 0x81, 0x1d, 0xca, 0x61, 0x06, 0xd6, 0x90, 0x43, 0x39, 0xc8, // a..!.....a...C9.
	0x43, 0x39, 0x98, 0x43, 0x39, 0xc8, 0x43, 0x39, 0xb8, 0xc3, 0x38, 0x94, 0x43, 0x38, 0x88, 0x03, // C9.C9.C9..8.C8..
	0x3b, 0x94, 0xc3, 0x2f, 0xbc, 0x83, 0x3c, 0xfc, 0x82, 0x3b, 0xd4, 0x03, 0x3b, 0xb0, 0xc3, 0x0c, // ;../..<..;..;...
	0xc4, 0x21, 0x07, 0x7c, 0x70, 0x03, 0x7a, 0x28, 0x87, 0x76, 0x80, 0x87, 0x19, 0xd1, 0x43, 0x0e, // .!.|p.z(.v....C.
	0xf8, 0xe0, 0x06, 0xe4, 0x20, 0x0e, 0xe7, 0xe0, 0x06, 0xf6, 0x10, 0x0e, 0xf2, 0xc0, 0x0e, 0xe1, // .... ...........
	0x90, 0x0f, 0xef, 0x50, 0x0f, 0xf4, 0x00, 0x00, 0x00, 0x71, 0x20, 0x00, 0x00, 0x1b, 0x00, 0x00, // ...P.....q .....
	0x00, 0x46, 0xb0, 0x0d, 0x97, 0xef, 0x3c, 0xbe, 0x10, 0x50, 0x45, 0x41, 0x44, 0xa5, 0x03, 0x0c, // .F....<..PEAD...
	0x25, 0x61, 0x00, 0x02, 0xe6, 0x17, 0xb7, 0x6d, 0x06, 0xd2, 0x70, 0xf9, 0xce, 0xe3, 0x0b, 0x11, // %a.....m..p.....
	0x01, 0x4c, 0x44, 0x08, 0x34, 0xc3, 0x42, 0xd8, 0x80, 0x33, 0x5c, 0xbe, 0xf3, 0xf8, 0x83, 0x33, // .LD.4.B..3.....3
	0xe1, 0x7e, 0x71, 0xdb, 0x16, 0x30, 0x0d, 0x97, 0xef, 0x3c, 0xfe, 0xe2, 0x00, 0x83, 0xd8, 0x3c, // .~q..0...<.....<
	0xd4, 0xe4, 0x17, 0xb7, 0x6d, 0x02, 0xd5, 0x70, 0xf9, 0xce, 0xe3, 0x4b, 0x93, 0x13, 0x11, 0x28, // ....m..p...K...(
	0x35, 0x3d, 0xd4, 0xe4, 0x17, 0xb7, 0x6d, 0x05, 0xd2, 0x70, 0xf9, 0xce, 0xe3, 0x4f, 0x44, 0x34, // 5=....m..p...OD4
	0x21, 0x40, 0x84, 0xf9, 0xc5, 0x6d, 0x1b, 0x00, 0xc1, 0x00, 0x48, 0x03, 0x00, 0x61, 0x20, 0x00, // !@...m....H..a .
	0x00, 0x91, 0x00, 0x00, 0x00, 0x13, 0x04, 0x41, 0x2c, 0x10, 0x00, 0x00, 0x00, 0x06, 0x00, 0x00, // .......A,.......
	0x00, 0x34, 0x47, 0x00, 0x88, 0x94, 0x42, 0x71, 0x15, 0x42, 0xd9, 0xcd, 0x00, 0x94, 0x5c, 0xc1, // .4G...Bq.B......
	0xd1, 0x18, 0x23, 0x00, 0x41, 0x10, 0xc4, 0x3f, 0x00, 0x23, 0x06, 0x09, 0x00, 0x82, 0x60, 0x40, // ..#.A..?.#....`@
	0x6d, 0x83, 0x93, 0x65, 0xc9, 0x88, 0x41, 0x02, 0x80, 0x20, 0x18, 0x18, 0x61, 0x70, 0x6c, 0x5a, // m..e..A.. ..aplZ
	0x54, 0x8c, 0x18, 0x24, 0x00, 0x08, 0x82, 0x81, 0x21, 0x06, 0x08, 0xb7, 0x39, 0xc6, 0x88, 0x41, // T..$....!...9..A
	0x02, 0x80, 0x20, 0x18, 0x18, 0x63, 0x90, 0x70, 0xdc, 0x74, 0x8c, 0x18, 0x24, 0x00, 0x08, 0x82, // .. ..c.p.t..$...
	0x81, 0x41, 0x06, 0x4a, 0xd7, 0x41, 0xc8, 0x88, 0x41, 0x02, 0x80, 0x20, 0x18, 0x18, 0x65, 0xb0, // .A.J.A..A.. ..e.
	0x78, 0xde, 0x94, 0x8c, 0x18, 0x1c, 0x00, 0x08, 0x82, 0xc1, 0x33, 0x06, 0x8b, 0xe1, 0x8c, 0x26, // x.........3....&
	0x04, 0xc0, 0x68, 0x82, 0x10, 0x8c, 0x26, 0x0c, 0xc2, 0x68, 0x02, 0x31, 0x8c, 0x18, 0x34, 0x00, // ..h...&..h.1..4.
	0x08, 0x82, 0x81, 0x92, 0x06, 0x0d, 0x31, 0x08, 0x01, 0x72, 0x18, 0xcc, 0x88, 0xc1, 0x01, 0x80, // ......1..r......
	0x20, 0x18, 0x3c, 0x69, 0x10, 0x31, 0xd2, 0x68, 0x42, 0x00, 0x8c, 0x26, 0x08, 0xc1, 0x68, 0xc2, //  .<i.1.hB..&..h.
	0x20, 0x58, 0x33, 0xc4, 0xc7, 0x9a, 0x21, 0x3e, 0xd6, 0x0c, 0xf1, 0x19, 0x31, 0x38, 0x00, 0x10, //  X3...!>....18..
	0x04, 0x83, 0x07, 0x0e, 0xb0, 0x89, 0x0d, 0x46, 0x13, 0x02, 0x60, 0x34, 0x41, 0x08, 0x46, 0x13, // .......F..`4A.F.
	0x06, 0x61, 0x34, 0x81, 0x18, 0x46, 0x0c, 0x0e, 0x00, 0x04, 0xc1, 0xe0, 0xa9, 0x83, 0x0e, 0x93, // .a4..F..........
	0x83, 0xd1, 0x84, 0x00, 0x18, 0x4d, 0x10, 0x82, 0xd1, 0x84, 0x41, 0x18, 0x4d, 0x20, 0x86, 0x11, // .....M....A.M ..
	0x83, 0x03, 0x00, 0x41, 0x30, 0x78, 0xf4, 0x40, 0x0c, 0xba, 0x37, 0x18, 0x4d, 0x08, 0x80, 0xd1, // ...A0x.@..7.M...
	0x04, 0x21, 0x18, 0x4d, 0x18, 0x84, 0xd1, 0x04, 0x62, 0x18, 0x31, 0x38, 0x00, 0x10, 0x04, 0x83, // .!.M....b.18....
	0xe7, 0x0f, 0xce, 0x40, 0x0c, 0xee, 0x60, 0x34, 0x21, 0x00, 0x46, 0x13, 0x84, 0x60, 0x34, 0x61, // ...@..`4!.F..`4a
	0x10, 0x46, 0x13, 0x88, 0xc1, 0xa6, 0x4b, 0x3e, 0x23, 0x06, 0x08, 0x00, 0x82, 0x60, 0x10, 0x91, // .F....K>#....`..
	0xc2, 0x1b, 0x3c, 0x57, 0x30, 0x62, 0x80, 0x00, 0x20, 0x08, 0x06, 0x51, 0x29, 0xc0, 0xc1, 0x72, // ..<W0b.. ..Q)..r
	0x05, 0x16, 0x1c, 0xd0, 0x31, 0x6b, 0x93, 0xcf, 0x88, 0x01, 0x02, 0x80, 0x20, 0x18, 0x44, 0xa8, // ....1k...... .D.
	0x30, 0x07, 0xd2, 0x16, 0x8c, 0x18, 0x20, 0x00, 0x08, 0x82, 0x41, 0x94, 0x0a, 0x74, 0xe0, 0x6c, // 0..... ...A..t.l
	0x81, 0x05, 0x0a, 0x74, 0x2c, 0xfb, 0xe4, 0x33, 0x62, 0x80, 0x00, 0x20, 0x08, 0x06, 0x11, 0x2b, // ...t,..3b.. ...+
	0xdc, 0x41, 0xf5, 0x05, 0x23, 0x06, 0x08, 0x00, 0x82, 0x60, 0x10, 0xb5, 0x02, 0x1e, 0x44, 0x5f, // .A..#....`....D_
	0x60, 0x41, 0x03, 0x1d, 0xe3, 0xc6, 0x40, 0x3e, 0x23, 0x06, 0x08, 0x00, 0x82, 0x60, 0x10, 0xc1, // `A....@>#....`..
	0xc2, 0x1e, 0x60, 0x63, 0x10, 0x8c, 0x18, 0x20, 0x00, 0x08, 0x82, 0x41, 0x14, 0x0b, 0x7c, 0x40, // ..`c... ...A..|@
	0x8d, 0x41, 0x60, 0x01, 0x04, 0x9d, 0x11, 0x83, 0x04, 0x00, 0x41, 0x30, 0x40, 0x6c, 0xe1, 0x0f, // .A`.......A0@l..
	0x60, 0x01, 0x16, 0x4e, 0xa1, 0x19, 0x31, 0x48, 0x00, 0x10, 0x04, 0x03, 0xc4, 0x16, 0xfe, 0x00, // `..N..1H........
	0x16, 0x60, 0x61, 0x14, 0x92, 0x11, 0x83, 0x04, 0x00, 0x41, 0x30, 0x40, 0x6c, 0xe1, 0x0f, 0x60, // .`a......A0@l..`
	0x01, 0x16, 0x4a, 0xa1, 0x18, 0x31, 0x48, 0x00, 0x10, 0x04, 0x03, 0xc4, 0x16, 0xfe, 0x00, 0x16, // ..J..1H.........
	0x60, 0xc1, 0x14, 0x82, 0x11, 0x83, 0x04, 0x00, 0x41, 0x30, 0x40, 0x6c, 0xe1, 0x0f, 0x62, 0x01, // `.......A0@l..b.
	0x16, 0x4e, 0x81, 0x0d, 0x46, 0x0c, 0x12, 0x00, 0x04, 0xc1, 0x00, 0xb1, 0x85, 0x3f, 0x48, 0x05, // .N..F........?H.
	0x58, 0x38, 0x05, 0x3a, 0x18, 0x31, 0x48, 0x00, 0x10, 0x04, 0x03, 0xc4, 0x16, 0xfe, 0x20, 0x15, // X8.:.1H....... .
	0x60, 0x61, 0x14, 0xe6, 0x60, 0xc4, 0x20, 0x01, 0x40, 0x10, 0x0c, 0x10, 0x5b, 0xf8, 0x83, 0x54, // `a..`. .@...[..T
	0x80, 0x85, 0x52, 0x90, 0x83, 0x11, 0x83, 0x04, 0x00, 0x41, 0x30, 0x40, 0x6c, 0xe1, 0x0f, 0x58, // ..R......A0@l..X
	0x01, 0x16, 0x4e, 0xc1, 0x0e, 0x46, 0x0c, 0x12, 0x00, 0x04, 0xc1, 0x00, 0xb1, 0x85, 0x3f, 0x60, // ..N..F........?`
	0x05, 0x58, 0x18, 0x85, 0x3a, 0x40, 0x00, 0x00, 0x00, 0x00, 0x00, 0x00, 0x00, 0x00, 0x02, 0x01, // .X..:@..........
	0x00, 0x10, 0x00, 0x60, 0x00,                                                                   // ...`.
};
static const uint8_t vs_flasher_clip_spv[1741] =
{
	0x56, 0x53, 0x48, 0x0c, 0x00, 0x00, 0x00, 0x00, 0x11, 0xe4, 0xa0, 0x91, 0x00, 0x00, 0x00, 0x00, // VSH.............
	0x00, 0x00, 0x00, 0x00, 0x03, 0x00, 0x0a, 0x63, 0x6c, 0x69, 0x70, 0x5f, 0x70, 0x6c, 0x61, 0x6e, // .......clip_plan
	0x65, 0x02, 0x01, 0x50, 0x00, 0x01, 0x00, 0x00, 0x00, 0x00, 0x00, 0x0e, 0x63, 0x61, 0x6d, 0x65, // e..P........came
	0x72, 0x61, 0x50, 0x6f, 0x73, 0x57, 0x6f, 0x72, 0x6c, 0x64, 0x02, 0x01, 0x40, 0x00, 0x01, 0x00, // raPosWorld..@...
	0x00, 0x00, 0x00, 0x00, 0x0e, 0x6d, 0x61, 0x74, 0x52, 0x6f, 0x74, 0x56, 0x69, 0x65, 0x77, 0x50, // .....matRotViewP
	0x72, 0x6f, 0x6a, 0x04, 0x01, 0x00, 0x00, 0x04, 0x00, 0x00, 0x00, 0x00, 0x00, 0x64, 0x06, 0x00, // roj..........d..
	0x00, 0x03, 0x02, 0x23, 0x07, 0x00, 0x00, 0x01, 0x00, 0x0b, 0x00, 0x08, 0x00, 0x9d, 0x00, 0x00, // ...#............
	0x00, 0x00, 0x00, 0x00, 0x00, 0x11, 0x00, 0x02, 0x00, 0x01, 0x00, 0x00, 0x00, 0x0b, 0x00, 0x06, // ................
	0x00, 0x01, 0x00, 0x00, 0x00, 0x47, 0x4c, 0x53, 0x4c, 0x2e, 0x73, 0x74, 0x64, 0x2e, 0x34, 0x35, // .....GLSL.std.45
	0x30, 0x00, 0x00, 0x00, 0x00, 0x0e, 0x00, 0x03, 0x00, 0x00, 0x00, 0x00, 0x00, 0x01, 0x00, 0x00, // 0...............
	0x00, 0x0f, 0x00, 0x0b, 0x00, 0x00, 0x00, 0x00, 0x00, 0x04, 0x00, 0x00, 0x00, 0x6d, 0x61, 0x69, // .............mai
	0x6e, 0x00, 0x00, 0x00, 0x00, 0x4b, 0x00, 0x00, 0x00, 0x4f, 0x00, 0x00, 0x00, 0x58, 0x00, 0x00, // n....K...O...X..
	0x00, 0x5c, 0x00, 0x00, 0x00, 0x60, 0x00, 0x00, 0x00, 0x64, 0x00, 0x00, 0x00, 0x03, 0x00, 0x03, // .....`...d......
	0x00, 0x05, 0x00, 0x00, 0x00, 0xf4, 0x01, 0x00, 0x00, 0x05, 0x00, 0x04, 0x00, 0x04, 0x00, 0x00, // ................
	0x00, 0x6d, 0x61, 0x69, 0x6e, 0x00, 0x00, 0x00, 0x00, 0x05, 0x00, 0x06, 0x00, 0x2c, 0x00, 0x00, // .main........,..
	0x00, 0x55, 0x6e, 0x69, 0x66, 0x6f, 0x72, 0x6d, 0x42, 0x6c, 0x6f, 0x63, 0x6b, 0x00, 0x00, 0x00, // .UniformBlock...
	0x00, 0x06, 0x00, 0x07, 0x00, 0x2c, 0x00, 0x00, 0x00, 0x00, 0x00, 0x00, 0x00, 0x6d, 0x61, 0x74, // .....,.......mat
	0x52, 0x6f, 0x74, 0x56, 0x69, 0x65, 0x77, 0x50, 0x72, 0x6f, 0x6a, 0x00, 0x00, 0x06, 0x00, 0x07, // RotViewProj.....
	0x00, 0x2c, 0x00, 0x00, 0x00, 0x01, 0x00, 0x00, 0x00, 0x63, 0x61, 0x6d, 0x65, 0x72, 0x61, 0x50, // .,.......cameraP
	0x6f, 0x73, 0x57, 0x6f, 0x72, 0x6c, 0x64, 0x00, 0x00, 0x06, 0x00, 0x06, 0x00, 0x2c, 0x00, 0x00, // osWorld......,..
	0x00, 0x02, 0x00, 0x00, 0x00, 0x63, 0x6c, 0x69, 0x70, 0x5f, 0x70, 0x6c, 0x61, 0x6e, 0x65, 0x00, // .....clip_plane.
	0x00, 0x05, 0x00, 0x03, 0x00, 0x2e, 0x00, 0x00, 0x00, 0x00, 0x00, 0x00, 0x00, 0x05, 0x00, 0x05, // ................
	0x00, 0x4b, 0x00, 0x00, 0x00, 0x61, 0x5f, 0x70, 0x6f, 0x73, 0x69, 0x74, 0x69, 0x6f, 0x6e, 0x00, // .K...a_position.
	0x00, 0x05, 0x00, 0x05, 0x00, 0x4f, 0x00, 0x00, 0x00, 0x61, 0x5f, 0x74, 0x65, 0x78, 0x63, 0x6f, // .....O...a_texco
	0x6f, 0x72, 0x64, 0x30, 0x00, 0x05, 0x00, 0x0a, 0x00, 0x58, 0x00, 0x00, 0x00, 0x40, 0x65, 0x6e, // ord0.....X...@en
	0x74, 0x72, 0x79, 0x50, 0x6f, 0x69, 0x6e, 0x74, 0x4f, 0x75, 0x74, 0x70, 0x75, 0x74, 0x2e, 0x67, // tryPointOutput.g
	0x6c, 0x5f, 0x50, 0x6f, 0x73, 0x69, 0x74, 0x69, 0x6f, 0x6e, 0x00, 0x00, 0x00, 0x05, 0x00, 0x0b, // l_Position......
	0x00, 0x5c, 0x00, 0x00, 0x00, 0x40, 0x65, 0x6e, 0x74, 0x72, 0x79, 0x50, 0x6f, 0x69, 0x6e, 0x74, // .....@entryPoint
	0x4f, 0x75, 0x74, 0x70, 0x75, 0x74, 0x2e, 0x76, 0x5f, 0x63, 0x6c, 0x69, 0x70, 0x44, 0x69, 0x73, // Output.v_clipDis
	0x74, 0x61, 0x6e, 0x63, 0x65, 0x00, 0x00, 0x00, 0x00, 0x05, 0x00, 0x0a, 0x00, 0x60, 0x00, 0x00, // tance........`..
	0x00, 0x40, 0x65, 0x6e, 0x74, 0x72, 0x79, 0x50, 0x6f, 0x69, 0x6e, 0x74, 0x4f, 0x75, 0x74, 0x70, // .@entryPointOutp
	0x75, 0x74, 0x2e, 0x76, 0x5f, 0x74, 0x61, 0x62, 0x6c, 0x65, 0x50, 0x6f, 0x73, 0x00, 0x00, 0x00, // ut.v_tablePos...
	0x00, 0x05, 0x00, 0x0a, 0x00, 0x64, 0x00, 0x00, 0x00, 0x40, 0x65, 0x6e, 0x74, 0x72, 0x79, 0x50, // .....d...@entryP
	0x6f, 0x69, 0x6e, 0x74, 0x4f, 0x75, 0x74, 0x70, 0x75, 0x74, 0x2e, 0x76, 0x5f, 0x74, 0x65, 0x78, // ointOutput.v_tex
	0x63, 0x6f, 0x6f, 0x72, 0x64, 0x30, 0x00, 0x00, 0x00, 0x47, 0x00, 0x03, 0x00, 0x2c, 0x00, 0x00, // coord0...G...,..
	0x00, 0x02, 0x00, 0x00, 0x00, 0x48, 0x00, 0x04, 0x00, 0x2c, 0x00, 0x00, 0x00, 0x00, 0x00, 0x00, // .....H...,......
	0x00, 0x04, 0x00, 0x00, 0x00, 0x48, 0x00, 0x05, 0x00, 0x2c, 0x00, 0x00, 0x00, 0x00, 0x00, 0x00, // .....H...,......
	0x00, 0x07, 0x00, 0x00, 0x00, 0x10, 0x00, 0x00, 0x00, 0x48, 0x00, 0x05, 0x00, 0x2c, 0x00, 0x00, // .........H...,..
	0x00, 0x00, 0x00, 0x00, 0x00, 0x23, 0x00, 0x00, 0x00, 0x00, 0x00, 0x00, 0x00, 0x48, 0x00, 0x05, // .....#.......H..
	0x00, 0x2c, 0x00, 0x00, 0x00, 0x01, 0x00, 0x00, 0x00, 0x23, 0x00, 0x00, 0x00, 0x40, 0x00, 0x00, // .,.......#...@..
	0x00, 0x48, 0x00, 0x05, 0x00, 0x2c, 0x00, 0x00, 0x00, 0x02, 0x00, 0x00, 0x00, 0x23, 0x00, 0x00, // .H...,.......#..
	0x00, 0x50, 0x00, 0x00, 0x00, 0x47, 0x00, 0x04, 0x00, 0x2e, 0x00, 0x00, 0x00, 0x21, 0x00, 0x00, // .P...G.......!..
	0x00, 0x00, 0x00, 0x00, 0x00, 0x47, 0x00, 0x04, 0x00, 0x2e, 0x00, 0x00, 0x00, 0x22, 0x00, 0x00, // .....G......."..
	0x00, 0x00, 0x00, 0x00, 0x00, 0x47, 0x00, 0x04, 0x00, 0x4b, 0x00, 0x00, 0x00, 0x1e, 0x00, 0x00, // .....G...K......
	0x00, 0x00, 0x00, 0x00, 0x00, 0x47, 0x00, 0x04, 0x00, 0x4f, 0x00, 0x00, 0x00, 0x1e, 0x00, 0x00, // .....G...O......
	0x00, 0x01, 0x00, 0x00, 0x00, 0x47, 0x00, 0x04, 0x00, 0x58, 0x00, 0x00, 0x00, 0x0b, 0x00, 0x00, // .....G...X......
	0x00, 0x00, 0x00, 0x00, 0x00, 0x47, 0x00, 0x04, 0x00, 0x5c, 0x00, 0x00, 0x00, 0x1e, 0x00, 0x00, // .....G..........
	0x00, 0x00, 0x00, 0x00, 0x00, 0x47, 0x00, 0x04, 0x00, 0x60, 0x00, 0x00, 0x00, 0x1e, 0x00, 0x00, // .....G...`......
	0x00, 0x01, 0x00, 0x00, 0x00, 0x47, 0x00, 0x04, 0x00, 0x64, 0x00, 0x00, 0x00, 0x1e, 0x00, 0x00, // .....G...d......
	0x00, 0x02, 0x00, 0x00, 0x00, 0x13, 0x00, 0x02, 0x00, 0x02, 0x00, 0x00, 0x00, 0x21, 0x00, 0x03, // .............!..
	0x00, 0x03, 0x00, 0x00, 0x00, 0x02, 0x00, 0x00, 0x00, 0x16, 0x00, 0x03, 0x00, 0x06, 0x00, 0x00, // ................
	0x00, 0x20, 0x00, 0x00, 0x00, 0x17, 0x00, 0x04, 0x00, 0x07, 0x00, 0x00, 0x00, 0x06, 0x00, 0x00, // . ..............
	0x00, 0x03, 0x00, 0x00, 0x00, 0x17, 0x00, 0x04, 0x00, 0x09, 0x00, 0x00, 0x00, 0x06, 0x00, 0x00, // ................
	0x00, 0x02, 0x00, 0x00, 0x00, 0x17, 0x00, 0x04, 0x00, 0x0b, 0x00, 0x00, 0x00, 0x06, 0x00, 0x00, // ................
	0x00, 0x04, 0x00, 0x00, 0x00, 0x15, 0x00, 0x04, 0x00, 0x14, 0x00, 0x00, 0x00, 0x20, 0x00, 0x00, // ............. ..
	0x00, 0x01, 0x00, 0x00, 0x00, 0x2b, 0x00, 0x04, 0x00, 0x14, 0x00, 0x00, 0x00, 0x15, 0x00, 0x00, // .....+..........
	0x00, 0x01, 0x00, 0x00, 0x00, 0x2b, 0x00, 0x04, 0x00, 0x14, 0x00, 0x00, 0x00, 0x19, 0x00, 0x00, // .....+..........
	0x00, 0x02, 0x00, 0x00, 0x00, 0x2b, 0x00, 0x04, 0x00, 0x06, 0x00, 0x00, 0x00, 0x22, 0x00, 0x00, // .....+......."..
	0x00, 0x00, 0x00, 0x80, 0x3f, 0x18, 0x00, 0x04, 0x00, 0x2b, 0x00, 0x00, 0x00, 0x0b, 0x00, 0x00, // ....?....+......
	0x00, 0x04, 0x00, 0x00, 0x00, 0x1e, 0x00, 0x05, 0x00, 0x2c, 0x00, 0x00, 0x00, 0x2b, 0x00, 0x00, // .........,...+..
	0x00, 0x0b, 0x00, 0x00, 0x00, 0x0b, 0x00, 0x00, 0x00, 0x20, 0x00, 0x04, 0x00, 0x2d, 0x00, 0x00, // ......... ...-..
	0x00, 0x02, 0x00, 0x00, 0x00, 0x2c, 0x00, 0x00, 0x00, 0x3b, 0x00, 0x04, 0x00, 0x2d, 0x00, 0x00, // .....,...;...-..
	0x00, 0x2e, 0x00, 0x00, 0x00, 0x02, 0x00, 0x00, 0x00, 0x20, 0x00, 0x04, 0x00, 0x2f, 0x00, 0x00, // ......... .../..
	0x00, 0x02, 0x00, 0x00, 0x00, 0x0b, 0x00, 0x00, 0x00, 0x2b, 0x00, 0x04, 0x00, 0x14, 0x00, 0x00, // .........+......
	0x00, 0x3b, 0x00, 0x00, 0x00, 0x00, 0x00, 0x00, 0x00, 0x20, 0x00, 0x04, 0x00, 0x41, 0x00, 0x00, // .;....... ...A..
	0x00, 0x02, 0x00, 0x00, 0x00, 0x2b, 0x00, 0x00, 0x00, 0x20, 0x00, 0x04, 0x00, 0x4a, 0x00, 0x00, // .....+... ...J..
	0x00, 0x01, 0x00, 0x00, 0x00, 0x07, 0x00, 0x00, 0x00, 0x3b, 0x00, 0x04, 0x00, 0x4a, 0x00, 0x00, // .........;...J..
	0x00, 0x4b, 0x00, 0x00, 0x00, 0x01, 0x00, 0x00, 0x00, 0x20, 0x00, 0x04, 0x00, 0x4e, 0x00, 0x00, // .K....... ...N..
	0x00, 0x01, 0x00, 0x00, 0x00, 0x09, 0x00, 0x00, 0x00, 0x3b, 0x00, 0x04, 0x00, 0x4e, 0x00, 0x00, // .........;...N..
	0x00, 0x4f, 0x00, 0x00, 0x00, 0x01, 0x00, 0x00, 0x00, 0x20, 0x00, 0x04, 0x00, 0x57, 0x00, 0x00, // .O....... ...W..
	0x00, 0x03, 0x00, 0x00, 0x00, 0x0b, 0x00, 0x00, 0x00, 0x3b, 0x00, 0x04, 0x00, 0x57, 0x00, 0x00, // .........;...W..
	0x00, 0x58, 0x00, 0x00, 0x00, 0x03, 0x00, 0x00, 0x00, 0x20, 0x00, 0x04, 0x00, 0x5b, 0x00, 0x00, // .X....... ...[..
	0x00, 0x03, 0x00, 0x00, 0x00, 0x06, 0x00, 0x00, 0x00, 0x3b, 0x00, 0x04, 0x00, 0x5b, 0x00, 0x00, // .........;...[..
	0x00, 0x5c, 0x00, 0x00, 0x00, 0x03, 0x00, 0x00, 0x00, 0x20, 0x00, 0x04, 0x00, 0x5f, 0x00, 0x00, // ......... ..._..
	0x00, 0x03, 0x00, 0x00, 0x00, 0x07, 0x00, 0x00, 0x00, 0x3b, 0x00, 0x04, 0x00, 0x5f, 0x00, 0x00, // .........;..._..
	0x00, 0x60, 0x00, 0x00, 0x00, 0x03, 0x00, 0x00, 0x00, 0x20, 0x00, 0x04, 0x00, 0x63, 0x00, 0x00, // .`....... ...c..
	0x00, 0x03, 0x00, 0x00, 0x00, 0x09, 0x00, 0x00, 0x00, 0x3b, 0x00, 0x04, 0x00, 0x63, 0x00, 0x00, // .........;...c..
	0x00, 0x64, 0x00, 0x00, 0x00, 0x03, 0x00, 0x00, 0x00, 0x36, 0x00, 0x05, 0x00, 0x02, 0x00, 0x00, // .d.......6......
	0x00, 0x04, 0x00, 0x00, 0x00, 0x00, 0x00, 0x00, 0x00, 0x03, 0x00, 0x00, 0x00, 0xf8, 0x00, 0x02, // ................
	0x00, 0x05, 0x00, 0x00, 0x00, 0x3d, 0x00, 0x04, 0x00, 0x07, 0x00, 0x00, 0x00, 0x4c, 0x00, 0x00, // .....=.......L..
	0x00, 0x4b, 0x00, 0x00, 0x00, 0x3d, 0x00, 0x04, 0x00, 0x09, 0x00, 0x00, 0x00, 0x50, 0x00, 0x00, // .K...=.......P..
	0x00, 0x4f, 0x00, 0x00, 0x00, 0x51, 0x00, 0x05, 0x00, 0x06, 0x00, 0x00, 0x00, 0x83, 0x00, 0x00, // .O...Q..........
	0x00, 0x4c, 0x00, 0x00, 0x00, 0x00, 0x00, 0x00, 0x00, 0x51, 0x00, 0x05, 0x00, 0x06, 0x00, 0x00, // .L.......Q......
	0x00, 0x84, 0x00, 0x00, 0x00, 0x4c, 0x00, 0x00, 0x00, 0x01, 0x00, 0x00, 0x00, 0x51, 0x00, 0x05, // .....L.......Q..
	0x00, 0x06, 0x00, 0x00, 0x00, 0x85, 0x00, 0x00, 0x00, 0x4c, 0x00, 0x00, 0x00, 0x02, 0x00, 0x00, // .........L......
	0x00, 0x50, 0x00, 0x07, 0x00, 0x0b, 0x00, 0x00, 0x00, 0x86, 0x00, 0x00, 0x00, 0x83, 0x00, 0x00, // .P..............
	0x00, 0x84, 0x00, 0x00, 0x00, 0x85, 0x00, 0x00, 0x00, 0x22, 0x00, 0x00, 0x00, 0x41, 0x00, 0x05, // ........."...A..
	0x00, 0x2f, 0x00, 0x00, 0x00, 0x8b, 0x00, 0x00, 0x00, 0x2e, 0x00, 0x00, 0x00, 0x19, 0x00, 0x00, // ./..............
	0x00, 0x3d, 0x00, 0x04, 0x00, 0x0b, 0x00, 0x00, 0x00, 0x8c, 0x00, 0x00, 0x00, 0x8b, 0x00, 0x00, // .=..............
	0x00, 0x94, 0x00, 0x05, 0x00, 0x06, 0x00, 0x00, 0x00, 0x8e, 0x00, 0x00, 0x00, 0x8c, 0x00, 0x00, // ................
	0x00, 0x86, 0x00, 0x00, 0x00, 0x41, 0x00, 0x05, 0x00, 0x2f, 0x00, 0x00, 0x00, 0x91, 0x00, 0x00, // .....A.../......
	0x00, 0x2e, 0x00, 0x00, 0x00, 0x15, 0x00, 0x00, 0x00, 0x3d, 0x00, 0x04, 0x00, 0x0b, 0x00, 0x00, // .........=......
	0x00, 0x92, 0x00, 0x00, 0x00, 0x91, 0x00, 0x00, 0x00, 0x4f, 0x00, 0x08, 0x00, 0x07, 0x00, 0x00, // .........O......
	0x00, 0x93, 0x00, 0x00, 0x00, 0x92, 0x00, 0x00, 0x00, 0x92, 0x00, 0x00, 0x00, 0x00, 0x00, 0x00, // ................
	0x00, 0x01, 0x00, 0x00, 0x00, 0x02, 0x00, 0x00, 0x00, 0x83, 0x00, 0x05, 0x00, 0x07, 0x00, 0x00, // ................
	0x00, 0x94, 0x00, 0x00, 0x00, 0x4c, 0x00, 0x00, 0x00, 0x93, 0x00, 0x00, 0x00, 0x51, 0x00, 0x05, // .....L.......Q..
	0x00, 0x06, 0x00, 0x00, 0x00, 0x96, 0x00, 0x00, 0x00, 0x94, 0x00, 0x00, 0x00, 0x00, 0x00, 0x00, // ................
	0x00, 0x51, 0x00, 0x05, 0x00, 0x06, 0x00, 0x00, 0x00, 0x97, 0x00, 0x00, 0x00, 0x94, 0x00, 0x00, // .Q..............
	0x00, 0x01, 0x00, 0x00, 0x00, 0x51, 0x00, 0x05, 0x00, 0x06, 0x00, 0x00, 0x00, 0x98, 0x00, 0x00, // .....Q..........
	0x00, 0x94, 0x00, 0x00, 0x00, 0x02, 0x00, 0x00, 0x00, 0x50, 0x00, 0x07, 0x00, 0x0b, 0x00, 0x00, // .........P......
	0x00, 0x99, 0x00, 0x00, 0x00, 0x96, 0x00, 0x00, 0x00, 0x97, 0x00, 0x00, 0x00, 0x98, 0x00, 0x00, // ................
	0x00, 0x22, 0x00, 0x00, 0x00, 0x41, 0x00, 0x05, 0x00, 0x41, 0x00, 0x00, 0x00, 0x9a, 0x00, 0x00, // ."...A...A......
	0x00, 0x2e, 0x00, 0x00, 0x00, 0x3b, 0x00, 0x00, 0x00, 0x3d, 0x00, 0x04, 0x00, 0x2b, 0x00, 0x00, // .....;...=...+..
	0x00, 0x9b, 0x00, 0x00, 0x00, 0x9a, 0x00, 0x00, 0x00, 0x90, 0x00, 0x05, 0x00, 0x0b, 0x00, 0x00, // ................
	0x00, 0x9c, 0x00, 0x00, 0x00, 0x99, 0x00, 0x00, 0x00, 0x9b, 0x00, 0x00, 0x00, 0x3e, 0x00, 0x03, // .............>..
	0x00, 0x58, 0x00, 0x00, 0x00, 0x9c, 0x00, 0x00, 0x00, 0x3e, 0x00, 0x03, 0x00, 0x5c, 0x00, 0x00, // .X.......>......
	0x00, 0x8e, 0x00, 0x00, 0x00, 0x3e, 0x00, 0x03, 0x00, 0x60, 0x00, 0x00, 0x00, 0x4c, 0x00, 0x00, // .....>...`...L..
	0x00, 0x3e, 0x00, 0x03, 0x00, 0x64, 0x00, 0x00, 0x00, 0x50, 0x00, 0x00, 0x00, 0xfd, 0x00, 0x01, // .>...d...P......
	0x00, 0x38, 0x00, 0x01, 0x00, 0x00, 0x02, 0x01, 0x00, 0x10, 0x00, 0x60, 0x00,                   // .8.........`.
};
static const bgfx::EmbeddedShader vs_flasher_clip = BGFX_EMBEDDED_SHADER(vs_flasher_clip);

//////////////////////////////////////////////////////////////////////////////////////////////////////////////////////
// Build of vertex shader from vs_flasher.sc to vs_flasher_clip_st with options: STEREO CLIP
static const uint8_t vs_flasher_clip_st_mtl[1261] =
{
	0x56, 0x53, 0x48, 0x0c, 0x00, 0x00, 0x00, 0x00, 0x11, 0xe4, 0xa0, 0x91, 0x00, 0x00, 0x00, 0x00, // VSH.............
	0x00, 0x00, 0x00, 0x00, 0x03, 0x00, 0x0a, 0x63, 0x6c, 0x69, 0x70, 0x5f, 0x70, 0x6c, 0x61, 0x6e, // .......clip_plan
	0x65, 0x02, 0x01, 0xa0, 0x00, 0x01, 0x00, 0x00, 0x00, 0x00, 0x00, 0x0e, 0x63, 0x61, 0x6d, 0x65, // e...........came
	0x72, 0x61, 0x50, 0x6f, 0x73, 0x57, 0x6f, 0x72, 0x6c, 0x64, 0x02, 0x02, 0x80, 0x00, 0x02, 0x00, // raPosWorld......
	0x00, 0x00, 0x00, 0x00, 0x0e, 0x6d, 0x61, 0x74, 0x52, 0x6f, 0x74, 0x56, 0x69, 0x65, 0x77, 0x50, // .....matRotViewP
	0x72, 0x6f, 0x6a, 0x04, 0x02, 0x00, 0x00, 0x08, 0x00, 0x00, 0x00, 0x00, 0x00, 0x82, 0x04, 0x00, // roj.............
	0x00, 0x23, 0x69, 0x6e, 0x63, 0x6c, 0x75, 0x64, 0x65, 0x20, 0x3c, 0x6d, 0x65, 0x74, 0x61, 0x6c, // .#include <metal
	0x5f, 0x73, 0x74, 0x64, 0x6c, 0x69, 0x62, 0x3e, 0x0a, 0x23, 0x69, 0x6e, 0x63, 0x6c, 0x75, 0x64, // _stdlib>.#includ
	0x65, 0x20, 0x3c, 0x73, 0x69, 0x6d, 0x64, 0x2f, 0x73, 0x69, 0x6d, 0x64, 0x2e, 0x68, 0x3e, 0x0a, // e <simd/simd.h>.
	0x0a, 0x75, 0x73, 0x69, 0x6e, 0x67, 0x20, 0x6e, 0x61, 0x6d, 0x65, 0x73, 0x70, 0x61, 0x63, 0x65, // .using namespace
	0x20, 0x6d, 0x65, 0x74, 0x61, 0x6c, 0x3b, 0x0a, 0x0a, 0x73, 0x74, 0x72, 0x75, 0x63, 0x74, 0x20, //  metal;..struct 
	0x5f, 0x47, 0x6c, 0x6f, 0x62, 0x61, 0x6c, 0x0a, 0x7b, 0x0a, 0x20, 0x20, 0x20, 0x20, 0x66, 0x6c, // _Global.{.    fl
	0x6f, 0x61, 0x74, 0x34, 0x78, 0x34, 0x20, 0x6d, 0x61, 0x74, 0x52, 0x6f, 0x74, 0x56, 0x69, 0x65, // oat4x4 matRotVie
	0x77, 0x50, 0x72, 0x6f, 0x6a, 0x5b, 0x32, 0x5d, 0x3b, 0x0a, 0x20, 0x20, 0x20, 0x20, 0x66, 0x6c, // wProj[2];.    fl
	0x6f, 0x61, 0x74, 0x34, 0x20, 0x63, 0x61, 0x6d, 0x65, 0x72, 0x61, 0x50, 0x6f, 0x73, 0x57, 0x6f, // oat4 cameraPosWo
	0x72, 0x6c, 0x64, 0x5b, 0x32, 0x5d, 0x3b, 0x0a, 0x20, 0x20, 0x20, 0x20, 0x66, 0x6c, 0x6f, 0x61, // rld[2];.    floa
	0x74, 0x34, 0x20, 0x63, 0x6c, 0x69, 0x70, 0x5f, 0x70, 0x6c, 0x61, 0x6e, 0x65, 0x3b, 0x0a, 0x7d, // t4 clip_plane;.}
	0x3b, 0x0a, 0x0a, 0x73, 0x74, 0x72, 0x75, 0x63, 0x74, 0x20, 0x78, 0x6c, 0x61, 0x74, 0x4d, 0x74, // ;..struct xlatMt
	0x6c, 0x4d, 0x61, 0x69, 0x6e, 0x5f, 0x6f, 0x75, 0x74, 0x0a, 0x7b, 0x0a, 0x20, 0x20, 0x20, 0x20, // lMain_out.{.    
	0x66, 0x6c, 0x6f, 0x61, 0x74, 0x20, 0x5f, 0x65, 0x6e, 0x74, 0x72, 0x79, 0x50, 0x6f, 0x69, 0x6e, // float _entryPoin
	0x74, 0x4f, 0x75, 0x74, 0x70, 0x75, 0x74, 0x5f, 0x76, 0x5f, 0x63, 0x6c, 0x69, 0x70, 0x44, 0x69, // tOutput_v_clipDi
	0x73, 0x74, 0x61, 0x6e, 0x63, 0x65, 0x20, 0x5b, 0x5b, 0x75, 0x73, 0x65, 0x72, 0x28, 0x6c, 0x6f, // stance [[user(lo
	0x63, 0x6e, 0x30, 0x29, 0x5d, 0x5d, 0x3b, 0x0a, 0x20, 0x20, 0x20, 0x20, 0x66, 0x6c, 0x6f, 0x61, // cn0)]];.    floa
	0x74, 0x33, 0x20, 0x5f, 0x65, 0x6e, 0x74, 0x72, 0x79, 0x50, 0x6f, 0x69, 0x6e, 0x74, 0x4f, 0x75, // t3 _entryPointOu
	0x74, 0x70, 0x75, 0x74, 0x5f, 0x76, 0x5f, 0x74, 0x61, 0x62, 0x6c, 0x65, 0x50, 0x6f, 0x73, 0x20, // tput_v_tablePos 
	0x5b, 0x5b, 0x75, 0x73, 0x65, 0x72, 0x28, 0x6c, 0x6f, 0x63, 0x6e, 0x31, 0x29, 0x5d, 0x5d, 0x3b, // [[user(locn1)]];
	0x0a, 0x20, 0x20, 0x20, 0x20, 0x66, 0x6c, 0x6f, 0x61, 0x74, 0x32, 0x20, 0x5f, 0x65, 0x6e, 0x74, // .    float2 _ent
	0x72, 0x79, 0x50, 0x6f, 0x69, 0x6e, 0x74, 0x4f, 0x75, 0x74, 0x70, 0x75, 0x74, 0x5f, 0x76, 0x5f, // ryPointOutput_v_
	0x74, 0x65, 0x78, 0x63, 0x6f, 0x6f, 0x72, 0x64, 0x30, 0x20, 0x5b, 0x5b, 0x75, 0x73, 0x65, 0x72, // texcoord0 [[user
	0x28, 0x6c, 0x6f, 0x63, 0x6e, 0x32, 0x29, 0x5d, 0x5d, 0x3b, 0x0a, 0x20, 0x20, 0x20, 0x20, 0x66, // (locn2)]];.    f
	0x6c, 0x6f, 0x61, 0x74, 0x34, 0x20, 0x67, 0x6c, 0x5f, 0x50, 0x6f, 0x73, 0x69, 0x74, 0x69, 0x6f, // loat4 gl_Positio
	0x6e, 0x20, 0x5b, 0x5b, 0x70, 0x6f, 0x73, 0x69, 0x74, 0x69, 0x6f, 0x6e, 0x5d, 0x5d, 0x3b, 0x0a, // n [[position]];.
	0x20, 0x20, 0x20, 0x20, 0x75, 0x69, 0x6e, 0x74, 0x20, 0x67, 0x6c, 0x5f, 0x4c, 0x61, 0x79, 0x65, //     uint gl_Laye
	0x72, 0x20, 0x5b, 0x5b, 0x72, 0x65, 0x6e, 0x64, 0x65, 0x72, 0x5f, 0x74, 0x61, 0x72, 0x67, 0x65, // r [[render_targe
	0x74, 0x5f, 0x61, 0x72, 0x72, 0x61, 0x79, 0x5f, 0x69, 0x6e, 0x64, 0x65, 0x78, 0x5d, 0x5d, 0x3b, // t_array_index]];
	0x0a, 0x7d, 0x3b, 0x0a, 0x0a, 0x73, 0x74, 0x72, 0x75, 0x63, 0x74, 0x20, 0x78, 0x6c, 0x61, 0x74, // .};..struct xlat
	0x4d, 0x74, 0x6c, 0x4d, 0x61, 0x69, 0x6e, 0x5f, 0x69, 0x6e, 0x0a, 0x7b, 0x0a, 0x20, 0x20, 0x20, // MtlMain_in.{.   
	0x20, 0x66, 0x6c, 0x6f, 0x61, 0x74, 0x33, 0x20, 0x61, 0x5f, 0x70, 0x6f, 0x73, 0x69, 0x74, 0x69, //  float3 a_positi
	0x6f, 0x6e, 0x20, 0x5b, 0x5b, 0x61, 0x74, 0x74, 0x72, 0x69, 0x62, 0x75, 0x74, 0x65, 0x28, 0x30, // on [[attribute(0
	0x29, 0x5d, 0x5d, 0x3b, 0x0a, 0x20, 0x20, 0x20, 0x20, 0x66, 0x6c, 0x6f, 0x61, 0x74, 0x32, 0x20, // )]];.    float2 
	0x61, 0x5f, 0x74, 0x65, 0x78, 0x63, 0x6f, 0x6f, 0x72, 0x64, 0x30, 0x20, 0x5b, 0x5b, 0x61, 0x74, // a_texcoord0 [[at
	0x74, 0x72, 0x69, 0x62, 0x75, 0x74, 0x65, 0x28, 0x31, 0x29, 0x5d, 0x5d, 0x3b, 0x0a, 0x7d, 0x3b, // tribute(1)]];.};
	0x0a, 0x0a, 0x76, 0x65, 0x72, 0x74, 0x65, 0x78, 0x20, 0x78, 0x6c, 0x61, 0x74, 0x4d, 0x74, 0x6c, // ..vertex xlatMtl
	0x4d, 0x61, 0x69, 0x6e, 0x5f, 0x6f, 0x75, 0x74, 0x20, 0x78, 0x6c, 0x61, 0x74, 0x4d, 0x74, 0x6c, // Main_out xlatMtl
	0x4d, 0x61, 0x69, 0x6e, 0x28, 0x78, 0x6c, 0x61, 0x74, 0x4d, 0x74, 0x6c, 0x4d, 0x61, 0x69, 0x6e, // Main(xlatMtlMain
	0x5f, 0x69, 0x6e, 0x20, 0x69, 0x6e, 0x20, 0x5b, 0x5b, 0x73, 0x74, 0x61, 0x67, 0x65, 0x5f, 0x69, // _in in [[stage_i
	0x6e, 0x5d, 0x5d, 0x2c, 0x20, 0x63, 0x6f, 0x6e, 0x73, 0x74, 0x61, 0x6e, 0x74, 0x20, 0x5f, 0x47, // n]], constant _G
	0x6c, 0x6f, 0x62, 0x61, 0x6c, 0x26, 0x20, 0x5f, 0x6d, 0x74, 0x6c, 0x5f, 0x75, 0x20, 0x5b, 0x5b, // lobal& _mtl_u [[
	0x62, 0x75, 0x66, 0x66, 0x65, 0x72, 0x28, 0x30, 0x29, 0x5d, 0x5d, 0x2c, 0x20, 0x75, 0x69, 0x6e, // buffer(0)]], uin
	0x74, 0x20, 0x67, 0x6c, 0x5f, 0x49, 0x6e, 0x73, 0x74, 0x61, 0x6e, 0x63, 0x65, 0x49, 0x6e, 0x64, // t gl_InstanceInd
	0x65, 0x78, 0x20, 0x5b, 0x5b, 0x69, 0x6e, 0x73, 0x74, 0x61, 0x6e, 0x63, 0x65, 0x5f, 0x69, 0x64, // ex [[instance_id
	0x5d, 0x5d, 0x29, 0x0a, 0x7b, 0x0a, 0x20, 0x20, 0x20, 0x20, 0x78, 0x6c, 0x61, 0x74, 0x4d, 0x74, // ]]).{.    xlatMt
	0x6c, 0x4d, 0x61, 0x69, 0x6e, 0x5f, 0x6f, 0x75, 0x74, 0x20, 0x6f, 0x75, 0x74, 0x20, 0x3d, 0x20, // lMain_out out = 
	0x7b, 0x7d, 0x3b, 0x0a, 0x20, 0x20, 0x20, 0x20, 0x6f, 0x75, 0x74, 0x2e, 0x67, 0x6c, 0x5f, 0x50, // {};.    out.gl_P
	0x6f, 0x73, 0x69, 0x74, 0x69, 0x6f, 0x6e, 0x20, 0x3d, 0x20, 0x5f, 0x6d, 0x74, 0x6c, 0x5f, 0x75, // osition = _mtl_u
	0x2e, 0x6d, 0x61, 0x74, 0x52, 0x6f, 0x74, 0x56, 0x69, 0x65, 0x77, 0x50, 0x72, 0x6f, 0x6a, 0x5b, // .matRotViewProj[
	0x67, 0x6c, 0x5f, 0x49, 0x6e, 0x73, 0x74, 0x61, 0x6e, 0x63, 0x65, 0x49, 0x6e, 0x64, 0x65, 0x78, // gl_InstanceIndex
	0x5d, 0x20, 0x2a, 0x20, 0x66, 0x6c, 0x6f, 0x61, 0x74, 0x34, 0x28, 0x69, 0x6e, 0x2e, 0x61, 0x5f, // ] * float4(in.a_
	0x70, 0x6f, 0x73, 0x69, 0x74, 0x69, 0x6f, 0x6e, 0x20, 0x2d, 0x20, 0x5f, 0x6d, 0x74, 0x6c, 0x5f, // position - _mtl_
	0x75, 0x2e, 0x63, 0x61, 0x6d, 0x65, 0x72, 0x61, 0x50, 0x6f, 0x73, 0x57, 0x6f, 0x72, 0x6c, 0x64, // u.cameraPosWorld
	0x5b, 0x67, 0x6c, 0x5f, 0x49, 0x6e, 0x73, 0x74, 0x61, 0x6e, 0x63, 0x65, 0x49, 0x6e, 0x64, 0x65, // [gl_InstanceInde
	0x78, 0x5d, 0x2e, 0x78, 0x79, 0x7a, 0x2c, 0x20, 0x31, 0x2e, 0x30, 0x29, 0x3b, 0x0a, 0x20, 0x20, // x].xyz, 1.0);.  
	0x20, 0x20, 0x6f, 0x75, 0x74, 0x2e, 0x5f, 0x65, 0x6e, 0x74, 0x72, 0x79, 0x50, 0x6f, 0x69, 0x6e, //   out._entryPoin
	0x74, 0x4f, 0x75, 0x74, 0x70, 0x75, 0x74, 0x5f, 0x76, 0x5f, 0x63, 0x6c, 0x69, 0x70, 0x44, 0x69, // tOutput_v_clipDi
	0x73, 0x74, 0x61, 0x6e, 0x63, 0x65, 0x20, 0x3d, 0x20, 0x64, 0x6f, 0x74, 0x28, 0x5f, 0x6d, 0x74, // stance = dot(_mt
	0x6c, 0x5f, 0x75, 0x2e, 0x63, 0x6c, 0x69, 0x70, 0x5f, 0x70, 0x6c, 0x61, 0x6e, 0x65, 0x2c, 0x20, // l_u.clip_plane, 
	0x66, 0x6c, 0x6f, 0x61, 0x74, 0x34, 0x28, 0x69, 0x6e, 0x2e, 0x61, 0x5f, 0x70, 0x6f, 0x73, 0x69, // float4(in.a_posi
	0x74, 0x69, 0x6f, 0x6e, 0x2c, 0x20, 0x31, 0x2e, 0x30, 0x29, 0x29, 0x3b, 0x0a, 0x20, 0x20, 0x20, // tion, 1.0));.   
	0x20, 0x6f, 0x75, 0x74, 0x2e, 0x5f, 0x65, 0x6e, 0x74, 0x72, 0x79, 0x50, 0x6f, 0x69, 0x6e, 0x74, //  out._entryPoint
	0x4f, 0x75, 0x74, 0x70, 0x75, 0x74, 0x5f, 0x76, 0x5f, 0x74, 0x61, 0x62, 0x6c, 0x65, 0x50, 0x6f, // Output_v_tablePo
	0x73, 0x20, 0x3d, 0x20, 0x69, 0x6e, 0x2e, 0x61, 0x5f, 0x70, 0x6f, 0x73, 0x69, 0x74, 0x69, 0x6f, // s = in.a_positio
	0x6e, 0x3b, 0x0a, 0x20, 0x20, 0x20, 0x20, 0x6f, 0x75, 0x74, 0x2e, 0x5f, 0x65, 0x6e, 0x74, 0x72, // n;.    out._entr
	0x79, 0x50, 0x6f, 0x69, 0x6e, 0x74, 0x4f, 0x75, 0x74, 0x70, 0x75, 0x74, 0x5f, 0x76, 0x5f, 0x74, // yPointOutput_v_t
	0x65, 0x78, 0x63, 0x6f, 0x6f, 0x72, 0x64, 0x30, 0x20, 0x3d, 0x20, 0x69, 0x6e, 0x2e, 0x61, 0x5f, // excoord0 = in.a_
	0x74, 0x65, 0x78, 0x63, 0x6f, 0x6f, 0x72, 0x64, 0x30, 0x3b, 0x0a, 0x20, 0x20, 0x20, 0x20, 0x6f, // texcoord0;.    o
	0x75, 0x74, 0x2e, 0x67, 0x6c, 0x5f, 0x4c, 0x61, 0x79, 0x65, 0x72, 0x20, 0x3d, 0x20, 0x67, 0x6c, // ut.gl_Layer = gl
	0x5f, 0x49, 0x6e, 0x73, 0x74, 0x61, 0x6e, 0x63, 0x65, 0x49, 0x6e, 0x64, 0x65, 0x78, 0x3b, 0x0a, // _InstanceIndex;.
	0x20, 0x20, 0x20, 0x20, 0x72, 0x65, 0x74, 0x75, 0x72, 0x6e, 0x20, 0x6f, 0x75, 0x74, 0x3b, 0x0a, //     return out;.
	0x7d, 0x0a, 0x0a, 0x00, 0x03, 0x01, 0x00, 0x10, 0x00, 0xff, 0xff, 0xb0, 0x00,                   // }............
};
static const uint8_t vs_flasher_clip_st_essl[662] =
{
	0x56, 0x53, 0x48, 0x0c, 0x00, 0x00, 0x00, 0x00, 0x11, 0xe4, 0xa0, 0x91, 0x00, 0x00, 0x00, 0x00, // VSH.............
	0x00, 0x00, 0x00, 0x00, 0x03, 0x00, 0x0a, 0x63, 0x6c, 0x69, 0x70, 0x5f, 0x70, 0x6c, 0x61, 0x6e, // .......clip_plan
	0x65, 0x02, 0x01, 0x00, 0x00, 0x01, 0x00, 0x00, 0x00, 0x00, 0x00, 0x0e, 0x63, 0x61, 0x6d, 0x65, // e...........came
	0x72, 0x61, 0x50, 0x6f, 0x73, 0x57, 0x6f, 0x72, 0x6c, 0x64, 0x02, 0x02, 0x00, 0x00, 0x02, 0x00, // raPosWorld......
	0x00, 0x00, 0x00, 0x00, 0x0e, 0x6d, 0x61, 0x74, 0x52, 0x6f, 0x74, 0x56, 0x69, 0x65, 0x77, 0x50, // .....matRotViewP
	0x72, 0x6f, 0x6a, 0x04, 0x02, 0x00, 0x00, 0x08, 0x00, 0x00, 0x00, 0x00, 0x00, 0x34, 0x02, 0x00, // roj..........4..
	0x00, 0x23, 0x65, 0x78, 0x74, 0x65, 0x6e, 0x73, 0x69, 0x6f, 0x6e, 0x20, 0x47, 0x4c, 0x5f, 0x4e, // .#extension GL_N
	0x56, 0x5f, 0x76, 0x69, 0x65, 0x77, 0x70, 0x6f, 0x72, 0x74, 0x5f, 0x61, 0x72, 0x72, 0x61, 0x79, // V_viewport_array
	0x32, 0x20, 0x3a, 0x20, 0x72, 0x65, 0x71, 0x75, 0x69, 0x72, 0x65, 0x0a, 0x0a, 0x75, 0x6e, 0x69, // 2 : require..uni
	0x66, 0x6f, 0x72, 0x6d, 0x20, 0x76, 0x65, 0x63, 0x34, 0x20, 0x63, 0x6c, 0x69, 0x70, 0x5f, 0x70, // form vec4 clip_p
	0x6c, 0x61, 0x6e, 0x65, 0x3b, 0x0a, 0x75, 0x6e, 0x69, 0x66, 0x6f, 0x72, 0x6d, 0x20, 0x76, 0x65, // lane;.uniform ve
	0x63, 0x34, 0x20, 0x63, 0x61, 0x6d, 0x65, 0x72, 0x61, 0x50, 0x6f, 0x73, 0x57, 0x6f, 0x72, 0x6c, // c4 cameraPosWorl
	0x64, 0x5b, 0x32, 0x5d, 0x3b, 0x0a, 0x75, 0x6e, 0x69, 0x66, 0x6f, 0x72, 0x6d, 0x20, 0x6d, 0x61, // d[2];.uniform ma
	0x74, 0x34, 0x20, 0x6d, 0x61, 0x74, 0x52, 0x6f, 0x74, 0x56, 0x69, 0x65, 0x77, 0x50, 0x72, 0x6f, // t4 matRotViewPro
	0x6a, 0x5b, 0x32, 0x5d, 0x3b, 0x0a, 0x0a, 0x6c, 0x61, 0x79, 0x6f, 0x75, 0x74, 0x28, 0x6c, 0x6f, // j[2];..layout(lo
	0x63, 0x61, 0x74, 0x69, 0x6f, 0x6e, 0x20, 0x3d, 0x20, 0x30, 0x29, 0x20, 0x69, 0x6e, 0x20, 0x76, // cation = 0) in v
	0x65, 0x63, 0x33, 0x20, 0x61, 0x5f, 0x70, 0x6f, 0x73, 0x69, 0x74, 0x69, 0x6f, 0x6e, 0x3b, 0x0a, // ec3 a_position;.
	0x6f, 0x75, 0x74, 0x20, 0x76, 0x65, 0x63, 0x33, 0x20, 0x76, 0x5f, 0x74, 0x61, 0x62, 0x6c, 0x65, // out vec3 v_table
	0x50, 0x6f, 0x73, 0x3b, 0x0a, 0x6f, 0x75, 0x74, 0x20, 0x76, 0x65, 0x63, 0x32, 0x20, 0x76, 0x5f, // Pos;.out vec2 v_
	0x74, 0x65, 0x78, 0x63, 0x6f, 0x6f, 0x72, 0x64, 0x30, 0x3b, 0x0a, 0x6c, 0x61, 0x79, 0x6f, 0x75, // texcoord0;.layou
	0x74, 0x28, 0x6c, 0x6f, 0x63, 0x61, 0x74, 0x69, 0x6f, 0x6e, 0x20, 0x3d, 0x20, 0x31, 0x29, 0x20, // t(location = 1) 
	0x69, 0x6e, 0x20, 0x76, 0x65, 0x63, 0x32, 0x20, 0x61, 0x5f, 0x74, 0x65, 0x78, 0x63, 0x6f, 0x6f, // in vec2 a_texcoo
	0x72, 0x64, 0x30, 0x3b, 0x0a, 0x6f, 0x75, 0x74, 0x20, 0x66, 0x6c, 0x6f, 0x61, 0x74, 0x20, 0x76, // rd0;.out float v
	0x5f, 0x63, 0x6c, 0x69, 0x70, 0x44, 0x69, 0x73, 0x74, 0x61, 0x6e, 0x63, 0x65, 0x3b, 0x0a, 0x0a, // _clipDistance;..
	0x76, 0x6f, 0x69, 0x64, 0x20, 0x6d, 0x61, 0x69, 0x6e, 0x28, 0x29, 0x0a, 0x7b, 0x0a, 0x20, 0x20, // void main().{.  
	0x20, 0x20, 0x76, 0x5f, 0x74, 0x61, 0x62, 0x6c, 0x65, 0x50, 0x6f, 0x73, 0x20, 0x3d, 0x20, 0x61, //   v_tablePos = a
	0x5f, 0x70, 0x6f, 0x73, 0x69, 0x74, 0x69, 0x6f, 0x6e, 0x3b, 0x0a, 0x20, 0x20, 0x20, 0x20, 0x76, // _position;.    v
	0x5f, 0x74, 0x65, 0x78, 0x63, 0x6f, 0x6f, 0x72, 0x64, 0x30, 0x20, 0x3d, 0x20, 0x61, 0x5f, 0x74, // _texcoord0 = a_t
	0x65, 0x78, 0x63, 0x6f, 0x6f, 0x72, 0x64, 0x30, 0x3b, 0x0a, 0x20, 0x20, 0x20, 0x20, 0x67, 0x6c, // excoord0;.    gl
	0x5f, 0x4c, 0x61, 0x79, 0x65, 0x72, 0x20, 0x3d, 0x20, 0x67, 0x6c, 0x5f, 0x49, 0x6e, 0x73, 0x74, // _Layer = gl_Inst
	0x61, 0x6e, 0x63, 0x65, 0x49, 0x44, 0x3b, 0x0a, 0x20, 0x20, 0x20, 0x20, 0x76, 0x5f, 0x63, 0x6c, // anceID;.    v_cl
	0x69, 0x70, 0x44, 0x69, 0x73, 0x74, 0x61, 0x6e, 0x63, 0x65, 0x20, 0x3d, 0x20, 0x64, 0x6f, 0x74, // ipDistance = dot
	0x28, 0x63, 0x6c, 0x69, 0x70, 0x5f, 0x70, 0x6c, 0x61, 0x6e, 0x65, 0x2c, 0x20, 0x76, 0x65, 0x63, // (clip_plane, vec
	0x34, 0x28, 0x61, 0x5f, 0x70, 0x6f, 0x73, 0x69, 0x74, 0x69, 0x6f, 0x6e, 0x2c, 0x20, 0x31, 0x2e, // 4(a_position, 1.
	0x30, 0x29, 0x29, 0x3b, 0x0a, 0x20, 0x20, 0x20, 0x20, 0x67, 0x6c, 0x5f, 0x50, 0x6f, 0x73, 0x69, // 0));.    gl_Posi
	0x74, 0x69, 0x6f, 0x6e, 0x20, 0x3d, 0x20, 0x6d, 0x61, 0x74, 0x52, 0x6f, 0x74, 0x56, 0x69, 0x65, // tion = matRotVie
	0x77, 0x50, 0x72, 0x6f, 0x6a, 0x5b, 0x67, 0x6c, 0x5f, 0x49, 0x6e, 0x73, 0x74, 0x61, 0x6e, 0x63, // wProj[gl_Instanc
	0x65, 0x49, 0x44, 0x5d, 0x20, 0x2a, 0x20, 0x76, 0x65, 0x63, 0x34, 0x28, 0x61, 0x5f, 0x70, 0x6f, // eID] * vec4(a_po
	0x73, 0x69, 0x74, 0x69, 0x6f, 0x6e, 0x20, 0x2d, 0x20, 0x63, 0x61, 0x6d, 0x65, 0x72, 0x61, 0x50, // sition - cameraP
	0x6f, 0x73, 0x57, 0x6f, 0x72, 0x6c, 0x64, 0x5b, 0x67, 0x6c, 0x5f, 0x49, 0x6e, 0x73, 0x74, 0x61, // osWorld[gl_Insta
	0x6e, 0x63, 0x65, 0x49, 0x44, 0x5d, 0x2e, 0x78, 0x79, 0x7a, 0x2c, 0x20, 0x31, 0x2e, 0x30, 0x29, // nceID].xyz, 1.0)
	0x3b, 0x0a, 0x7d, 0x0a, 0x0a, 0x00,                                                             // ;.}...
};
static const uint8_t vs_flasher_clip_st_glsl[675] =
{
	0x56, 0x53, 0x48, 0x0c, 0x00, 0x00, 0x00, 0x00, 0x11, 0xe4, 0xa0, 0x91, 0x00, 0x00, 0x00, 0x00, // VSH.............
	0x00, 0x00, 0x00, 0x00, 0x03, 0x00, 0x0a, 0x63, 0x6c, 0x69, 0x70, 0x5f, 0x70, 0x6c, 0x61, 0x6e, // .......clip_plan
	0x65, 0x02, 0x01, 0x00, 0x00, 0x01, 0x00, 0x00, 0x00, 0x00, 0x00, 0x0e, 0x63, 0x61, 0x6d, 0x65, // e...........came
	0x72, 0x61, 0x50, 0x6f, 0x73, 0x57, 0x6f, 0x72, 0x6c, 0x64, 0x02, 0x02, 0x00, 0x00, 0x02, 0x00, // raPosWorld......
	0x00, 0x00, 0x00, 0x00, 0x0e, 0x6d, 0x61, 0x74, 0x52, 0x6f, 0x74, 0x56, 0x69, 0x65, 0x77, 0x50, // .....matRotViewP
	0x72, 0x6f, 0x6a, 0x04, 0x02, 0x00, 0x00, 0x08, 0x00, 0x00, 0x00, 0x00, 0x00, 0x41, 0x02, 0x00, // roj..........A..
	0x00, 0x23, 0x65, 0x78, 0x74, 0x65, 0x6e, 0x73, 0x69, 0x6f, 0x6e, 0x20, 0x47, 0x4c, 0x5f, 0x41, // .#extension GL_A
	0x52, 0x42, 0x5f, 0x73, 0x68, 0x61, 0x64, 0x65, 0x72, 0x5f, 0x76, 0x69, 0x65, 0x77, 0x70, 0x6f, // RB_shader_viewpo
	0x72, 0x74, 0x5f, 0x6c, 0x61, 0x79, 0x65, 0x72, 0x5f, 0x61, 0x72, 0x72, 0x61, 0x79, 0x20, 0x3a, // rt_layer_array :
	0x20, 0x72, 0x65, 0x71, 0x75, 0x69, 0x72, 0x65, 0x0a, 0x0a, 0x75, 0x6e, 0x69, 0x66, 0x6f, 0x72, //  require..unifor
	0x6d, 0x20, 0x76, 0x65, 0x63, 0x34, 0x20, 0x63, 0x6c, 0x69, 0x70, 0x5f, 0x70, 0x6c, 0x61, 0x6e, // m vec4 clip_plan
	0x65, 0x3b, 0x0a, 0x75, 0x6e, 0x69, 0x66, 0x6f, 0x72, 0x6d, 0x20, 0x76, 0x65, 0x63, 0x34, 0x20, // e;.uniform vec4 
	0x63, 0x61, 0x6d, 0x65, 0x72, 0x61, 0x50, 0x6f, 0x73, 0x57, 0x6f, 0x72, 0x6c, 0x64, 0x5b, 0x32, // cameraPosWorld[2
	0x5d, 0x3b, 0x0a, 0x75, 0x6e, 0x69, 0x66, 0x6f, 0x72, 0x6d, 0x20, 0x6d, 0x61, 0x74, 0x34, 0x20, // ];.uniform mat4 
	0x6d, 0x61, 0x74, 0x52, 0x6f, 0x74, 0x56, 0x69, 0x65, 0x77, 0x50, 0x72, 0x6f, 0x6a, 0x5b, 0x32, // matRotViewProj[2
	0x5d, 0x3b, 0x0a, 0x0a, 0x6c, 0x61, 0x79, 0x6f, 0x75, 0x74, 0x28, 0x6c, 0x6f, 0x63, 0x61, 0x74, // ];..layout(locat
	0x69, 0x6f, 0x6e, 0x20, 0x3d, 0x20, 0x30, 0x29, 0x20, 0x69, 0x6e, 0x20, 0x76, 0x65, 0x63, 0x33, // ion = 0) in vec3
	0x20, 0x61, 0x5f, 0x70, 0x6f, 0x73, 0x69, 0x74, 0x69, 0x6f, 0x6e, 0x3b, 0x0a, 0x6f, 0x75, 0x74, //  a_position;.out
	0x20, 0x76, 0x65, 0x63, 0x33, 0x20, 0x76, 0x5f, 0x74, 0x61, 0x62, 0x6c, 0x65, 0x50, 0x6f, 0x73, //  vec3 v_tablePos
	0x3b, 0x0a, 0x6f, 0x75, 0x74, 0x20, 0x76, 0x65, 0x63, 0x32, 0x20, 0x76, 0x5f, 0x74, 0x65, 0x78, // ;.out vec2 v_tex
	0x63, 0x6f, 0x6f, 0x72, 0x64, 0x30, 0x3b, 0x0a, 0x6c, 0x61, 0x79, 0x6f, 0x75, 0x74, 0x28, 0x6c, // coord0;.layout(l
	0x6f, 0x63, 0x61, 0x74, 0x69, 0x6f, 0x6e, 0x20, 0x3d, 0x20, 0x31, 0x29, 0x20, 0x69, 0x6e, 0x20, // ocation = 1) in 
	0x76, 0x65, 0x63, 0x32, 0x20, 0x61, 0x5f, 0x74, 0x65, 0x78, 0x63, 0x6f, 0x6f, 0x72, 0x64, 0x30, // vec2 a_texcoord0
	0x3b, 0x0a, 0x6f, 0x75, 0x74, 0x20, 0x66, 0x6c, 0x6f, 0x61, 0x74, 0x20, 0x76, 0x5f, 0x63, 0x6c, // ;.out float v_cl
	0x69, 0x70, 0x44, 0x69, 0x73, 0x74, 0x61, 0x6e, 0x63, 0x65, 0x3b, 0x0a, 0x0a, 0x76, 0x6f, 0x69, // ipDistance;..voi
	0x64, 0x20, 0x6d, 0x61, 0x69, 0x6e, 0x28, 0x29, 0x0a, 0x7b, 0x0a, 0x20, 0x20, 0x20, 0x20, 0x76, // d main().{.    v
	0x5f, 0x74, 0x61, 0x62, 0x6c, 0x65, 0x50, 0x6f, 0x73, 0x20, 0x3d, 0x20, 0x61, 0x5f, 0x70, 0x6f, // _tablePos = a_po
	0x73, 0x69, 0x74, 0x69, 0x6f, 0x6e, 0x3b, 0x0a, 0x20, 0x20, 0x20, 0x20, 0x76, 0x5f, 0x74, 0x65, // sition;.    v_te
	0x78, 0x63, 0x6f, 0x6f, 0x72, 0x64, 0x30, 0x20, 0x3d, 0x20, 0x61, 0x5f, 0x74, 0x65, 0x78, 0x63, // xcoord0 = a_texc
	0x6f, 0x6f, 0x72, 0x64, 0x30, 0x3b, 0x0a, 0x20, 0x20, 0x20, 0x20, 0x67, 0x6c, 0x5f, 0x4c, 0x61, // oord0;.    gl_La
	0x79, 0x65, 0x72, 0x20, 0x3d, 0x20, 0x67, 0x6c, 0x5f, 0x49, 0x6e, 0x73, 0x74, 0x61, 0x6e, 0x63, // yer = gl_Instanc
	0x65, 0x49, 0x44, 0x3b, 0x0a, 0x20, 0x20, 0x20, 0x20, 0x76, 0x5f, 0x63, 0x6c, 0x69, 0x70, 0x44, // eID;.    v_clipD
	0x69, 0x73, 0x74, 0x61, 0x6e, 0x63, 0x65, 0x20, 0x3d, 0x20, 0x64, 0x6f, 0x74, 0x28, 0x63, 0x6c, // istance = dot(cl
	0x69, 0x70, 0x5f, 0x70, 0x6c, 0x61, 0x6e, 0x65, 0x2c, 0x20, 0x76, 0x65, 0x63, 0x34, 0x28, 0x61, // ip_plane, vec4(a
	0x5f, 0x70, 0x6f, 0x73, 0x69, 0x74, 0x69, 0x6f, 0x6e, 0x2c, 0x20, 0x31, 0x2e, 0x30, 0x29, 0x29, // _position, 1.0))
	0x3b, 0x0a, 0x20, 0x20, 0x20, 0x20, 0x67, 0x6c, 0x5f, 0x50, 0x6f, 0x73, 0x69, 0x74, 0x69, 0x6f, // ;.    gl_Positio
	0x6e, 0x20, 0x3d, 0x20, 0x6d, 0x61, 0x74, 0x52, 0x6f, 0x74, 0x56, 0x69, 0x65, 0x77, 0x50, 0x72, // n = matRotViewPr
	0x6f, 0x6a, 0x5b, 0x67, 0x6c, 0x5f, 0x49, 0x6e, 0x73, 0x74, 0x61, 0x6e, 0x63, 0x65, 0x49, 0x44, // oj[gl_InstanceID
	0x5d, 0x20, 0x2a, 0x20, 0x76, 0x65, 0x63, 0x34, 0x28, 0x61, 0x5f, 0x70, 0x6f, 0x73, 0x69, 0x74, // ] * vec4(a_posit
	0x69, 0x6f, 0x6e, 0x20, 0x2d, 0x20, 0x63, 0x61, 0x6d, 0x65, 0x72, 0x61, 0x50, 0x6f, 0x73, 0x57, // ion - cameraPosW
	0x6f, 0x72, 0x6c, 0x64, 0x5b, 0x67, 0x6c, 0x5f, 0x49, 0x6e, 0x73, 0x74, 0x61, 0x6e, 0x63, 0x65, // orld[gl_Instance
	0x49, 0x44, 0x5d, 0x2e, 0x78, 0x79, 0x7a, 0x2c, 0x20, 0x31, 0x2e, 0x30, 0x29, 0x3b, 0x0a, 0x7d, // ID].xyz, 1.0);.}
	0x0a, 0x0a, 0x00,                                                                               // ...
};
static const uint8_t vs_flasher_clip_st_dxbc[1025] =
{
	0x56, 0x53, 0x48, 0x0c, 0x00, 0x00, 0x00, 0x00, 0x11, 0xe4, 0xa0, 0x91, 0x00, 0x00, 0x00, 0x00, // VSH.............
	0x00, 0x00, 0x00, 0x00, 0x03, 0x00, 0x0e, 0x6d, 0x61, 0x74, 0x52, 0x6f, 0x74, 0x56, 0x69, 0x65, // .......matRotVie
	0x77, 0x50, 0x72, 0x6f, 0x6a, 0x04, 0x02, 0x00, 0x00, 0x08, 0x00, 0x00, 0x00, 0x00, 0x00, 0x0e, // wProj...........
	0x63, 0x61, 0x6d, 0x65, 0x72, 0x61, 0x50, 0x6f, 0x73, 0x57, 0x6f, 0x72, 0x6c, 0x64, 0x02, 0x02, // cameraPosWorld..
	0x80, 0x00, 0x02, 0x00, 0x00, 0x00, 0x00, 0x00, 0x0a, 0x63, 0x6c, 0x69, 0x70, 0x5f, 0x70, 0x6c, // .........clip_pl
	0x61, 0x6e, 0x65, 0x02, 0x00, 0xa0, 0x00, 0x01, 0x00, 0x00, 0x00, 0x00, 0x00, 0x98, 0x03, 0x00, // ane.............
	0x00, 0x44, 0x58, 0x42, 0x43, 0xd5, 0x9c, 0x47, 0x3d, 0x38, 0xf2, 0xda, 0xf0, 0x22, 0xfc, 0x8d, // .DXBC..G=8..."..
	0x68, 0x73, 0xf2, 0x7e, 0xed, 0x01, 0x00, 0x00, 0x00, 0x98, 0x03, 0x00, 0x00, 0x04, 0x00, 0x00, // hs.~............
	0x00, 0x30, 0x00, 0x00, 0x00, 0xa8, 0x00, 0x00, 0x00, 0x60, 0x01, 0x00, 0x00, 0x88, 0x03, 0x00, // .0.......`......
	0x00, 0x49, 0x53, 0x47, 0x4e, 0x70, 0x00, 0x00, 0x00, 0x03, 0x00, 0x00, 0x00, 0x08, 0x00, 0x00, // .ISGNp..........
	0x00, 0x50, 0x00, 0x00, 0x00, 0x00, 0x00, 0x00, 0x00, 0x00, 0x00, 0x00, 0x00, 0x03, 0x00, 0x00, // .P..............
	0x00, 0x00, 0x00, 0x00, 0x00, 0x07, 0x07, 0x00, 0x00, 0x59, 0x00, 0x00, 0x00, 0x00, 0x00, 0x00, // .........Y......
	0x00, 0x00, 0x00, 0x00, 0x00, 0x03, 0x00, 0x00, 0x00, 0x01, 0x00, 0x00, 0x00, 0x03, 0x03, 0x00, // ................
	0x00, 0x62, 0x00, 0x00, 0x00, 0x00, 0x00, 0x00, 0x00, 0x08, 0x00, 0x00, 0x00, 0x01, 0x00, 0x00, // .b..............
	0x00, 0x02, 0x00, 0x00, 0x00, 0x01, 0x01, 0x00, 0x00, 0x50, 0x4f, 0x53, 0x49, 0x54, 0x49, 0x4f, // .........POSITIO
	0x4e, 0x00, 0x54, 0x45, 0x58, 0x43, 0x4f, 0x4f, 0x52, 0x44, 0x00, 0x53, 0x56, 0x5f, 0x49, 0x6e, // N.TEXCOORD.SV_In
	0x73, 0x74, 0x61, 0x6e, 0x63, 0x65, 0x49, 0x44, 0x00, 0x4f, 0x53, 0x47, 0x4e, 0xb0, 0x00, 0x00, // stanceID.OSGN...
	0x00, 0x05, 0x00, 0x00, 0x00, 0x08, 0x00, 0x00, 0x00, 0x80, 0x00, 0x00, 0x00, 0x00, 0x00, 0x00, // ................
	0x00, 0x01, 0x00, 0x00, 0x00, 0x03, 0x00, 0x00, 0x00, 0x00, 0x00, 0x00, 0x00, 0x0f, 0x00, 0x00, // ................
	0x00, 0x8c, 0x00, 0x00, 0x00, 0x03, 0x00, 0x00, 0x00, 0x00, 0x00, 0x00, 0x00, 0x03, 0x00, 0x00, // ................
	0x00, 0x01, 0x00, 0x00, 0x00, 0x01, 0x0e, 0x00, 0x00, 0x8c, 0x00, 0x00, 0x00, 0x01, 0x00, 0x00, // ................
	0x00, 0x00, 0x00, 0x00, 0x00, 0x03, 0x00, 0x00, 0x00, 0x01, 0x00, 0x00, 0x00, 0x0e, 0x01, 0x00, // ................
	0x00, 0x8c, 0x00, 0x00, 0x00, 0x00, 0x00, 0x00, 0x00, 0x00, 0x00, 0x00, 0x00, 0x03, 0x00, 0x00, // ................
	0x00, 0x02, 0x00, 0x00, 0x00, 0x03, 0x0c, 0x00, 0x00, 0x95, 0x00, 0x00, 0x00, 0x00, 0x00, 0x00, // ................
	0x00, 0x04, 0x00, 0x00, 0x00, 0x01, 0x00, 0x00, 0x00, 0x03, 0x00, 0x00, 0x00, 0x01, 0x0e, 0x00, // ................
	0x00, 0x53, 0x56, 0x5f, 0x50, 0x4f, 0x53, 0x49, 0x54, 0x49, 0x4f, 0x4e, 0x00, 0x54, 0x45, 0x58, // .SV_POSITION.TEX
	0x43, 0x4f, 0x4f, 0x52, 0x44, 0x00, 0x53, 0x56, 0x5f, 0x52, 0x65, 0x6e, 0x64, 0x65, 0x72, 0x54, // COORD.SV_RenderT
	0x61, 0x72, 0x67, 0x65, 0x74, 0x41, 0x72, 0x72, 0x61, 0x79, 0x49, 0x6e, 0x64, 0x65, 0x78, 0x00, // argetArrayIndex.
	0xab, 0x53, 0x48, 0x45, 0x58, 0x20, 0x02, 0x00, 0x00, 0x50, 0x00, 0x01, 0x00, 0x88, 0x00, 0x00, // .SHEX ...P......
	0x00, 0x6a, 0x08, 0x00, 0x01, 0x59, 0x08, 0x00, 0x04, 0x46, 0x8e, 0x20, 0x00, 0x00, 0x00, 0x00, // .j...Y...F. ....
	0x00, 0x0b, 0x00, 0x00, 0x00, 0x5f, 0x00, 0x00, 0x03, 0x72, 0x10, 0x10, 0x00, 0x00, 0x00, 0x00, // ....._...r......
	0x00, 0x5f, 0x00, 0x00, 0x03, 0x32, 0x10, 0x10, 0x00, 0x01, 0x00, 0x00, 0x00, 0x60, 0x00, 0x00, // ._...2.......`..
	0x04, 0x12, 0x10, 0x10, 0x00, 0x02, 0x00, 0x00, 0x00, 0x08, 0x00, 0x00, 0x00, 0x67, 0x00, 0x00, // .............g..
	0x04, 0xf2, 0x20, 0x10, 0x00, 0x00, 0x00, 0x00, 0x00, 0x01, 0x00, 0x00, 0x00, 0x65, 0x00, 0x00, // .. ..........e..
	0x03, 0x12, 0x20, 0x10, 0x00, 0x01, 0x00, 0x00, 0x00, 0x65, 0x00, 0x00, 0x03, 0xe2, 0x20, 0x10, // .. ......e.... .
	0x00, 0x01, 0x00, 0x00, 0x00, 0x65, 0x00, 0x00, 0x03, 0x32, 0x20, 0x10, 0x00, 0x02, 0x00, 0x00, // .....e...2 .....
	0x00, 0x67, 0x00, 0x00, 0x04, 0x12, 0x20, 0x10, 0x00, 0x03, 0x00, 0x00, 0x00, 0x04, 0x00, 0x00, // .g.... .........
	0x00, 0x68, 0x00, 0x00, 0x02, 0x02, 0x00, 0x00, 0x00, 0x36, 0x00, 0x00, 0x05, 0x12, 0x00, 0x10, // .h.......6......
	0x00, 0x00, 0x00, 0x00, 0x00, 0x0a, 0x10, 0x10, 0x00, 0x02, 0x00, 0x00, 0x00, 0x00, 0x00, 0x00, // ................
	0x0b, 0x72, 0x00, 0x10, 0x00, 0x00, 0x00, 0x00, 0x00, 0x46, 0x12, 0x10, 0x00, 0x00, 0x00, 0x00, // .r.......F......
	0x00, 0x46, 0x82, 0x20, 0x86, 0x41, 0x00, 0x00, 0x00, 0x00, 0x00, 0x00, 0x00, 0x08, 0x00, 0x00, // .F. .A..........
	0x00, 0x0a, 0x00, 0x10, 0x00, 0x00, 0x00, 0x00, 0x00, 0x29, 0x00, 0x00, 0x07, 0x82, 0x00, 0x10, // .........)......
	0x00, 0x00, 0x00, 0x00, 0x00, 0x0a, 0x10, 0x10, 0x00, 0x02, 0x00, 0x00, 0x00, 0x01, 0x40, 0x00, // ..............@.
	0x00, 0x02, 0x00, 0x00, 0x00, 0x38, 0x00, 0x00, 0x0a, 0xf2, 0x00, 0x10, 0x00, 0x01, 0x00, 0x00, // .....8..........
	0x00, 0x56, 0x05, 0x10, 0x00, 0x00, 0x00, 0x00, 0x00, 0x46, 0x8e, 0x20, 0x06, 0x00, 0x00, 0x00, // .V.......F. ....
	0x00, 0x01, 0x00, 0x00, 0x00, 0x3a, 0x00, 0x10, 0x00, 0x00, 0x00, 0x00, 0x00, 0x32, 0x00, 0x00, // .....:.......2..
	0x0b, 0xf2, 0x00, 0x10, 0x00, 0x01, 0x00, 0x00, 0x00, 0x46, 0x8e, 0x20, 0x04, 0x00, 0x00, 0x00, // .........F. ....
	0x00, 0x3a, 0x00, 0x10, 0x00, 0x00, 0x00, 0x00, 0x00, 0x06, 0x00, 0x10, 0x00, 0x00, 0x00, 0x00, // .:..............
	0x00, 0x46, 0x0e, 0x10, 0x00, 0x01, 0x00, 0x00, 0x00, 0x32, 0x00, 0x00, 0x0c, 0xf2, 0x00, 0x10, // .F.......2......
	0x00, 0x01, 0x00, 0x00, 0x00, 0x46, 0x8e, 0x20, 0x06, 0x00, 0x00, 0x00, 0x00, 0x02, 0x00, 0x00, // .....F. ........
	0x00, 0x3a, 0x00, 0x10, 0x00, 0x00, 0x00, 0x00, 0x00, 0xa6, 0x0a, 0x10, 0x00, 0x00, 0x00, 0x00, // .:..............
	0x00, 0x46, 0x0e, 0x10, 0x00, 0x01, 0x00, 0x00, 0x00, 0x00, 0x00, 0x00, 0x0a, 0xf2, 0x20, 0x10, // .F............ .
	0x00, 0x00, 0x00, 0x00, 0x00, 0x46, 0x0e, 0x10, 0x00, 0x01, 0x00, 0x00, 0x00, 0x46, 0x8e, 0x20, // .....F.......F. 
	0x06, 0x00, 0x00, 0x00, 0x00, 0x03, 0x00, 0x00, 0x00, 0x3a, 0x00, 0x10, 0x00, 0x00, 0x00, 0x00, // .........:......
	0x00, 0x36, 0x00, 0x00, 0x05, 0x72, 0x00, 0x10, 0x00, 0x00, 0x00, 0x00, 0x00, 0x46, 0x12, 0x10, // .6...r.......F..
	0x00, 0x00, 0x00, 0x00, 0x00, 0x36, 0x00, 0x00, 0x05, 0x82, 0x00, 0x10, 0x00, 0x00, 0x00, 0x00, // .....6..........
	0x00, 0x01, 0x40, 0x00, 0x00, 0x00, 0x00, 0x80, 0x3f, 0x11, 0x00, 0x00, 0x08, 0x12, 0x20, 0x10, // ..@.....?..... .
	0x00, 0x01, 0x00, 0x00, 0x00, 0x46, 0x8e, 0x20, 0x00, 0x00, 0x00, 0x00, 0x00, 0x0a, 0x00, 0x00, // .....F. ........
	0x00, 0x46, 0x0e, 0x10, 0x00, 0x00, 0x00, 0x00, 0x00, 0x36, 0x00, 0x00, 0x05, 0xe2, 0x20, 0x10, // .F.......6.... .
	0x00, 0x01, 0x00, 0x00, 0x00, 0x06, 0x19, 0x10, 0x00, 0x00, 0x00, 0x00, 0x00, 0x36, 0x00, 0x00, // .............6..
	0x05, 0x32, 0x20, 0x10, 0x00, 0x02, 0x00, 0x00, 0x00, 0x46, 0x10, 0x10, 0x00, 0x01, 0x00, 0x00, // .2 ......F......
	0x00, 0x36, 0x00, 0x00, 0x05, 0x12, 0x20, 0x10, 0x00, 0x03, 0x00, 0x00, 0x00, 0x0a, 0x10, 0x10, // .6.... .........
	0x00, 0x02, 0x00, 0x00, 0x00, 0x3e, 0x00, 0x00, 0x01, 0x53, 0x46, 0x49, 0x30, 0x08, 0x00, 0x00, // .....>...SFI0...
	0x00, 0x00, 0x20, 0x00, 0x00, 0x00, 0x00, 0x00, 0x00, 0x00, 0x02, 0x01, 0x00, 0x10, 0x00, 0xb0, // .. .............
	0x00,                                                                                           // .
};
static const uint8_t vs_flasher_clip_st_dxil[3329] =
{
	0x56, 0x53, 0x48, 0x0c, 0x00, 0x00, 0x00, 0x00, 0x11, 0xe4, 0xa0, 0x91, 0x00, 0x00, 0x00, 0x00, // VSH.............
	0x00, 0x00, 0x00, 0x00, 0x03, 0x00, 0x0e, 0x6d, 0x61, 0x74, 0x52, 0x6f, 0x74, 0x56, 0x69, 0x65, // .......matRotVie
	0x77, 0x50, 0x72, 0x6f, 0x6a, 0x04, 0x02, 0x00, 0x00, 0x08, 0x00, 0x00, 0x00, 0x00, 0x00, 0x0e, // wProj...........
	0x63, 0x61, 0x6d, 0x65, 0x72, 0x61, 0x50, 0x6f, 0x73, 0x57, 0x6f, 0x72, 0x6c, 0x64, 0x02, 0x02, // cameraPosWorld..
	0x80, 0x00, 0x02, 0x00, 0x00, 0x00, 0x00, 0x00, 0x0a, 0x63, 0x6c, 0x69, 0x70, 0x5f, 0x70, 0x6c, // .........clip_pl
	0x61, 0x6e, 0x65, 0x02, 0x00, 0xa0, 0x00, 0x01, 0x00, 0x00, 0x00, 0x00, 0x00, 0x98, 0x0c, 0x00, // ane.............
	0x00, 0x44, 0x58, 0x42, 0x43, 0x55, 0xa6, 0xd1, 0x55, 0xd4, 0xf9, 0xe9, 0x1b, 0xb6, 0x91, 0xb9, // .DXBCU..U.......
	0x54, 0xa8, 0xbe, 0xe8, 0x01, 0x01, 0x00, 0x00, 0x00, 0x98, 0x0c, 0x00, 0x00, 0x07, 0x00, 0x00, // T...............
	0x00, 0x3c, 0x00, 0x00, 0x00, 0x4c, 0x00, 0x00, 0x00, 0xdc, 0x00, 0x00, 0x00, 0xbc, 0x01, 0x00, // .<...L..........
	0x00, 0x18, 0x03, 0x00, 0x00, 0x4c, 0x03, 0x00, 0x00, 0x68, 0x03, 0x00, 0x00, 0x53, 0x46, 0x49, // .....L...h...SFI
	0x30, 0x08, 0x00, 0x00, 0x00, 0x00, 0x20, 0x00, 0x00, 0x00, 0x00, 0x00, 0x00, 0x49, 0x53, 0x47, // 0..... ......ISG
	0x31, 0x88, 0x00, 0x00, 0x00, 0x03, 0x00, 0x00, 0x00, 0x08, 0x00, 0x00, 0x00, 0x00, 0x00, 0x00, // 1...............
	0x00, 0x68, 0x00, 0x00, 0x00, 0x00, 0x00, 0x00, 0x00, 0x00, 0x00, 0x00, 0x00, 0x03, 0x00, 0x00, // .h..............
	0x00, 0x00, 0x00, 0x00, 0x00, 0x07, 0x07, 0x00, 0x00, 0x00, 0x00, 0x00, 0x00, 0x00, 0x00, 0x00, // ................
	0x00, 0x71, 0x00, 0x00, 0x00, 0x00, 0x00, 0x00, 0x00, 0x00, 0x00, 0x00, 0x00, 0x03, 0x00, 0x00, // .q..............
	0x00, 0x01, 0x00, 0x00, 0x00, 0x03, 0x03, 0x00, 0x00, 0x00, 0x00, 0x00, 0x00, 0x00, 0x00, 0x00, // ................
	0x00, 0x7a, 0x00, 0x00, 0x00, 0x00, 0x00, 0x00, 0x00, 0x08, 0x00, 0x00, 0x00, 0x01, 0x00, 0x00, // .z..............
	0x00, 0x02, 0x00, 0x00, 0x00, 0x01, 0x01, 0x00, 0x00, 0x00, 0x00, 0x00, 0x00, 0x50, 0x4f, 0x53, // .............POS
	0x49, 0x54, 0x49, 0x4f, 0x4e, 0x00, 0x54, 0x45, 0x58, 0x43, 0x4f, 0x4f, 0x52, 0x44, 0x00, 0x53, // ITION.TEXCOORD.S
	0x56, 0x5f, 0x49, 0x6e, 0x73, 0x74, 0x61, 0x6e, 0x63, 0x65, 0x49, 0x44, 0x00, 0x4f, 0x53, 0x47, // V_InstanceID.OSG
	0x31, 0xd8, 0x00, 0x00, 0x00, 0x05, 0x00, 0x00, 0x00, 0x08, 0x00, 0x00, 0x00, 0x00, 0x00, 0x00, // 1...............
	0x00, 0xa8, 0x00, 0x00, 0x00, 0x00, 0x00, 0x00, 0x00, 0x01, 0x00, 0x00, 0x00, 0x03, 0x00, 0x00, // ................
	0x00, 0x00, 0x00, 0x00, 0x00, 0x0f, 0x00, 0x00, 0x00, 0x00, 0x00, 0x00, 0x00, 0x00, 0x00, 0x00, // ................
	0x00, 0xb4, 0x00, 0x00, 0x00, 0x03, 0x00, 0x00, 0x00, 0x00, 0x00, 0x00, 0x00, 0x03, 0x00, 0x00, // ................
	0x00, 0x01, 0x00, 0x00, 0x00, 0x01, 0x0e, 0x00, 0x00, 0x00, 0x00, 0x00, 0x00, 0x00, 0x00, 0x00, // ................
	0x00, 0xb4, 0x00, 0x00, 0x00, 0x01, 0x00, 0x00, 0x00, 0x00, 0x00, 0x00, 0x00, 0x03, 0x00, 0x00, // ................
	0x00, 0x01, 0x00, 0x00, 0x00, 0x0e, 0x01, 0x00, 0x00, 0x00, 0x00, 0x00, 0x00, 0x00, 0x00, 0x00, // ................
	0x00, 0xb4, 0x00, 0x00, 0x00, 0x00, 0x00, 0x00, 0x00, 0x00, 0x00, 0x00, 0x00, 0x03, 0x00, 0x00, // ................
	0x00, 0x02, 0x00, 0x00, 0x00, 0x03, 0x0c, 0x00, 0x00, 0x00, 0x00, 0x00, 0x00, 0x00, 0x00, 0x00, // ................
	0x00, 0xbd, 0x00, 0x00, 0x00, 0x00, 0x00, 0x00, 0x00, 0x04, 0x00, 0x00, 0x00, 0x01, 0x00, 0x00, // ................
	0x00, 0x03, 0x00, 0x00, 0x00, 0x01, 0x0e, 0x00, 0x00, 0x00, 0x00, 0x00, 0x00, 0x53, 0x56, 0x5f, // .............SV_
	0x50, 0x6f, 0x73, 0x69, 0x74, 0x69, 0x6f, 0x6e, 0x00, 0x54, 0x45, 0x58, 0x43, 0x4f, 0x4f, 0x52, // Position.TEXCOOR
	0x44, 0x00, 0x53, 0x56, 0x5f, 0x52, 0x65, 0x6e, 0x64, 0x65, 0x72, 0x54, 0x61, 0x72, 0x67, 0x65, // D.SV_RenderTarge
	0x74, 0x41, 0x72, 0x72, 0x61, 0x79, 0x49, 0x6e, 0x64, 0x65, 0x78, 0x00, 0x00, 0x50, 0x53, 0x56, // tArrayIndex..PSV
	0x30, 0x54, 0x01, 0x00, 0x00, 0x34, 0x00, 0x00, 0x00, 0x01, 0x00, 0x00, 0x00, 0x00, 0x00, 0x00, // 0T...4..........
	0x00, 0x00, 0x00, 0x00, 0x00, 0x00, 0x00, 0x00, 0x00, 0x00, 0x00, 0x00, 0x00, 0xff, 0xff, 0xff, // ................
	0xff, 0x01, 0x00, 0x00, 0x00, 0x03, 0x05, 0x00, 0x03, 0x04, 0x00, 0x00, 0x00, 0x00, 0x00, 0x00, // ................
	0x00, 0x00, 0x00, 0x00, 0x00, 0x00, 0x00, 0x00, 0x00, 0x2e, 0x00, 0x00, 0x00, 0x01, 0x00, 0x00, // ................
	0x00, 0x18, 0x00, 0x00, 0x00, 0x02, 0x00, 0x00, 0x00, 0x00, 0x00, 0x00, 0x00, 0x00, 0x00, 0x00, // ................
	0x00, 0x00, 0x00, 0x00, 0x00, 0x0d, 0x00, 0x00, 0x00, 0x00, 0x00, 0x00, 0x00, 0x34, 0x00, 0x00, // .............4..
	0x00, 0x00, 0x50, 0x4f, 0x53, 0x49, 0x54, 0x49, 0x4f, 0x4e, 0x00, 0x54, 0x45, 0x58, 0x43, 0x4f, // ..POSITION.TEXCO
	0x4f, 0x52, 0x44, 0x00, 0x54, 0x45, 0x58, 0x43, 0x4f, 0x4f, 0x52, 0x44, 0x00, 0x54, 0x45, 0x58, // ORD.TEXCOORD.TEX
	0x43, 0x4f, 0x4f, 0x52, 0x44, 0x00, 0x54, 0x45, 0x58, 0x43, 0x4f, 0x4f, 0x52, 0x44, 0x00, 0x6d, // COORD.TEXCOORD.m
	0x61, 0x69, 0x6e, 0x00, 0x00, 0x03, 0x00, 0x00, 0x00, 0x00, 0x00, 0x00, 0x00, 0x03, 0x00, 0x00, // ain.............
	0x00, 0x01, 0x00, 0x00, 0x00, 0x10, 0x00, 0x00, 0x00, 0x01, 0x00, 0x00, 0x00, 0x00, 0x00, 0x00, // ................
	0x00, 0x01, 0x00, 0x43, 0x00, 0x03, 0x00, 0x00, 0x00, 0x0a, 0x00, 0x00, 0x00, 0x00, 0x00, 0x00, // ...C............
	0x00, 0x01, 0x01, 0x42, 0x00, 0x03, 0x00, 0x00, 0x00, 0x00, 0x00, 0x00, 0x00, 0x00, 0x00, 0x00, // ...B............
	0x00, 0x01, 0x02, 0x41, 0x02, 0x01, 0x00, 0x00, 0x00, 0x00, 0x00, 0x00, 0x00, 0x00, 0x00, 0x00, // ...A............
	0x00, 0x01, 0x00, 0x44, 0x03, 0x03, 0x04, 0x00, 0x00, 0x13, 0x00, 0x00, 0x00, 0x01, 0x00, 0x00, // ...D............
	0x00, 0x01, 0x01, 0x41, 0x00, 0x03, 0x02, 0x00, 0x00, 0x1c, 0x00, 0x00, 0x00, 0x02, 0x00, 0x00, // ...A............
	0x00, 0x01, 0x01, 0x53, 0x00, 0x03, 0x02, 0x00, 0x00, 0x25, 0x00, 0x00, 0x00, 0x00, 0x00, 0x00, // ...S.....%......
	0x00, 0x01, 0x02, 0x42, 0x00, 0x03, 0x02, 0x00, 0x00, 0x00, 0x00, 0x00, 0x00, 0x00, 0x00, 0x00, // ...B............
	0x00, 0x01, 0x03, 0x41, 0x04, 0x01, 0x01, 0x00, 0x00, 0x3f, 0x00, 0x00, 0x00, 0x5f, 0x00, 0x00, // ...A.....?..._..
	0x00, 0x9f, 0x00, 0x00, 0x00, 0x00, 0x00, 0x00, 0x00, 0x00, 0x01, 0x00, 0x00, 0x00, 0x02, 0x00, // ................
	0x00, 0x00, 0x00, 0x00, 0x00, 0x00, 0x00, 0x00, 0x00, 0x0f, 0x10, 0x00, 0x00, 0x00, 0x00, 0x00, // ................
	0x00, 0x00, 0x00, 0x00, 0x00, 0x00, 0x00, 0x00, 0x00, 0x49, 0x4c, 0x44, 0x4e, 0x2c, 0x00, 0x00, // .........ILDN,..
	0x00, 0x00, 0x00, 0x24, 0x00, 0x38, 0x33, 0x36, 0x65, 0x34, 0x64, 0x36, 0x37, 0x39, 0x36, 0x34, // ...$.836e4d67964
	0x34, 0x38, 0x62, 0x32, 0x37, 0x32, 0x63, 0x35, 0x32, 0x62, 0x63, 0x39, 0x35, 0x63, 0x62, 0x32, // 48b272c52bc95cb2
	0x35, 0x66, 0x32, 0x30, 0x66, 0x2e, 0x70, 0x64, 0x62, 0x00, 0x00, 0x00, 0x00, 0x48, 0x41, 0x53, // 5f20f.pdb....HAS
	0x48, 0x14, 0x00, 0x00, 0x00, 0x00, 0x00, 0x00, 0x00, 0x83, 0x6e, 0x4d, 0x67, 0x96, 0x44, 0x8b, // H.........nMg.D.
	0x27, 0x2c, 0x52, 0xbc, 0x95, 0xcb, 0x25, 0xf2, 0x0f, 0x44, 0x58, 0x49, 0x4c, 0x28, 0x09, 0x00, // ',R...%..DXIL(..
	0x00, 0x60, 0x00, 0x01, 0x00, 0x4a, 0x02, 0x00, 0x00, 0x44, 0x58, 0x49, 0x4c, 0x00, 0x01, 0x00, // .`...J...DXIL...
	0x00, 0x10, 0x00, 0x00, 0x00, 0x10, 0x09, 0x00, 0x00, 0x42, 0x43, 0xc0, 0xde, 0x21, 0x0c, 0x00, // .........BC..!..
	0x00, 0x41, 0x02, 0x00, 0x00, 0x0b, 0x82, 0x20, 0x00, 0x02, 0x00, 0x00, 0x00, 0x13, 0x00, 0x00, // .A..... ........
	0x00, 0x07, 0x81, 0x23, 0x91, 0x41, 0xc8, 0x04, 0x49, 0x06, 0x10, 0x32, 0x39, 0x92, 0x01, 0x84, // ...#.A..I..29...
	0x0c, 0x25, 0x05, 0x08, 0x19, 0x1e, 0x04, 0x8b, 0x62, 0x80, 0x18, 0x45, 0x02, 0x42, 0x92, 0x0b, // .%......b..E.B..
	0x42, 0xc4, 0x10, 0x32, 0x14, 0x38, 0x08, 0x18, 0x4b, 0x0a, 0x32, 0x62, 0x88, 0x48, 0x90, 0x14, // B..2.8..K.2b.H..
	0x20, 0x43, 0x46, 0x88, 0xa5, 0x00, 0x19, 0x32, 0x42, 0xe4, 0x48, 0x0e, 0x90, 0x11, 0x23, 0xc4, //  CF....2B.H...#.
	0x50, 0x41, 0x51, 0x81, 0x8c, 0xe1, 0x83, 0xe5, 0x8a, 0x04, 0x31, 0x46, 0x06, 0x51, 0x18, 0x00, // PAQ.......1F.Q..
	0x00, 0x08, 0x00, 0x00, 0x00, 0x1b, 0x8c, 0xe0, 0xff, 0xff, 0xff, 0xff, 0x07, 0x40, 0x02, 0xa8, // .............@..
	0x0d, 0x84, 0xf0, 0xff, 0xff, 0xff, 0xff, 0x03, 0x20, 0x6d, 0x30, 0x86, 0xff, 0xff, 0xff, 0xff, // ........ m0.....
	0x1f, 0x00, 0x09, 0xa8, 0x00, 0x49, 0x18, 0x00, 0x00, 0x03, 0x00, 0x00, 0x00, 0x13, 0x82, 0x60, // .....I.........`
	0x42, 0x20, 0x4c, 0x08, 0x06, 0x00, 0x00, 0x00, 0x00, 0x89, 0x20, 0x00, 0x00, 0x31, 0x00, 0x00, // B L....... ..1..
	0x00, 0x32, 0x22, 0x88, 0x09, 0x20, 0x64, 0x85, 0x04, 0x13, 0x23, 0xa4, 0x84, 0x04, 0x13, 0x23, // .2".. d...#....#
	0xe3, 0x84, 0xa1, 0x90, 0x14, 0x12, 0x4c, 0x8c, 0x8c, 0x0b, 0x84, 0xc4, 0x4c, 0x10, 0x8c, 0xc1, // ......L.....L...
	0x08, 0x40, 0x09, 0x00, 0x0a, 0x66, 0x00, 0xe6, 0x08, 0xc0, 0x60, 0x8e, 0x00, 0x29, 0xc6, 0x40, // .@...f....`..).@
	0x10, 0x44, 0x41, 0x90, 0x51, 0x0c, 0x82, 0x20, 0x88, 0x82, 0x20, 0xa4, 0x18, 0x00, 0x41, 0x10, // .DA.Q.. .. ...A.
	0xc5, 0x40, 0x4a, 0x31, 0x00, 0x82, 0x20, 0x0a, 0x82, 0x98, 0xa2, 0x0c, 0xc4, 0x30, 0x0c, 0xc3, // .@J1.. ......0..
	0x30, 0x0c, 0x03, 0x39, 0x47, 0x0d, 0x97, 0x3f, 0x61, 0x0f, 0x21, 0xf9, 0xdc, 0x46, 0x15, 0x2b, // 0..9G..?a.!..F.+
	0x31, 0xf9, 0xc5, 0x6d, 0x23, 0x62, 0x18, 0x86, 0x81, 0x8a, 0x7b, 0x86, 0xcb, 0x9f, 0xb0, 0x87, // 1..m#b....{.....
	0x90, 0xfc, 0x10, 0x68, 0x86, 0x85, 0x40, 0x41, 0x54, 0x08, 0x88, 0x90, 0x08, 0x9a, 0x4a, 0x31, // ...h..@AT.....J1
	0x10, 0xc3, 0x30, 0x50, 0x35, 0x47, 0x10, 0x14, 0x43, 0x22, 0x0a, 0x82, 0xb8, 0x08, 0x1b, 0x08, // ..0P5G..C"......
	0x18, 0x46, 0x20, 0x86, 0x24, 0xd8, 0x52, 0x80, 0x4b, 0x81, 0x6d, 0xa6, 0x09, 0x1d, 0xde, 0x61, // .F .$.R.K.m....a
	0x1e, 0xe8, 0x81, 0x1d, 0xc2, 0x21, 0x1f, 0xde, 0xa1, 0x1e, 0xe8, 0xc1, 0x0d, 0xc8, 0xe0, 0x14, // .....!..........
	0xd8, 0xe1, 0x1d, 0xc4, 0x21, 0x1c, 0xd8, 0x61, 0x1e, 0xd0, 0xd0, 0x79, 0x1b, 0x7d, 0xb9, 0x40, // ....!..a...y.}.@
	0xcc, 0x11, 0x80, 0x02, 0x00, 0x13, 0x14, 0x72, 0xc0, 0x87, 0x74, 0x60, 0x87, 0x36, 0x68, 0x87, // .......r..t`.6h.
	0x79, 0x68, 0x03, 0x72, 0xc0, 0x87, 0x0d, 0xaf, 0x50, 0x0e, 0x6d, 0xd0, 0x0e, 0x7a, 0x50, 0x0e, // yh.r....P.m..zP.
	0x6d, 0x00, 0x0f, 0x7a, 0x30, 0x07, 0x72, 0xa0, 0x07, 0x73, 0x20, 0x07, 0x6d, 0x90, 0x0e, 0x71, // m..z0.r..s .m..q
	0xa0, 0x07, 0x73, 0x20, 0x07, 0x6d, 0x90, 0x0e, 0x78, 0xa0, 0x07, 0x73, 0x20, 0x07, 0x6d, 0x90, // ..s .m..x..s .m.
	0x0e, 0x71, 0x60, 0x07, 0x7a, 0x30, 0x07, 0x72, 0xd0, 0x06, 0xe9, 0x30, 0x07, 0x72, 0xa0, 0x07, // .q`.z0.r...0.r..
	0x73, 0x20, 0x07, 0x6d, 0x90, 0x0e, 0x76, 0x40, 0x07, 0x7a, 0x60, 0x07, 0x74, 0xd0, 0x06, 0xe6, // s .m..v@.z`.t...
	0x10, 0x07, 0x76, 0xa0, 0x07, 0x73, 0x20, 0x07, 0x6d, 0x60, 0x0e, 0x73, 0x20, 0x07, 0x7a, 0x30, // ..v..s .m`.s .z0
	0x07, 0x72, 0xd0, 0x06, 0xe6, 0x60, 0x07, 0x74, 0xa0, 0x07, 0x76, 0x40, 0x07, 0x6d, 0xe0, 0x0e, // .r...`.t..v@.m..
	0x78, 0xa0, 0x07, 0x71, 0x60, 0x07, 0x7a, 0x30, 0x07, 0x72, 0xa0, 0x07, 0x76, 0x40, 0x07, 0x43, // x..q`.z0.r..v@.C
	0x9e, 0x00, 0x00, 0x00, 0x00, 0x00, 0x00, 0x00, 0x00, 0x00, 0x00, 0x00, 0x86, 0x3c, 0x06, 0x10, // .............<..
	0x00, 0x01, 0x00, 0x00, 0x00, 0x00, 0x00, 0x00, 0x00, 0x0c, 0x79, 0x10, 0x20, 0x00, 0x02, 0x00, // ..........y. ...
	0x00, 0x00, 0x00, 0x00, 0x00, 0x00, 0x18, 0xf2, 0x28, 0x40, 0x00, 0x08, 0x00, 0x00, 0x00, 0x00, // ........(@......
	0x00, 0x00, 0x00, 0x30, 0xe4, 0x61, 0x80, 0x00, 0x10, 0x00, 0x00, 0x00, 0x00, 0x00, 0x00, 0x00, // ...0.a..........
	0x60, 0xc8, 0xe3, 0x00, 0x01, 0x10, 0x00, 0x00, 0x00, 0x00, 0x00, 0x00, 0x00, 0xc0, 0x90, 0x67, // `..............g
	0x02, 0x02, 0x60, 0x00, 0x00, 0x00, 0x00, 0x00, 0x00, 0x00, 0x80, 0x21, 0x4f, 0x05, 0x04, 0x40, // ..`........!O..@
	0x00, 0x00, 0x00, 0x00, 0x00, 0x00, 0x00, 0x00, 0x43, 0x1e, 0x0c, 0x08, 0x80, 0x01, 0x00, 0x00, // ........C.......
	0x00, 0x00, 0x00, 0x00, 0x00, 0xb2, 0x40, 0x00, 0x00, 0x12, 0x00, 0x00, 0x00, 0x32, 0x1e, 0x98, // ......@......2..
	0x14, 0x19, 0x11, 0x4c, 0x90, 0x8c, 0x09, 0x26, 0x47, 0xc6, 0x04, 0x43, 0x22, 0x4a, 0x60, 0x04, // ...L...&G..C"J`.
	0xa0, 0x24, 0x8a, 0xa1, 0xc0, 0x05, 0xca, 0xa0, 0x1c, 0x8a, 0xa0, 0x3c, 0x0a, 0x81, 0x8a, 0x92, // .$.........<....
	0x18, 0x01, 0x28, 0x83, 0x22, 0x28, 0x85, 0x12, 0x28, 0x04, 0x12, 0x0b, 0x10, 0x81, 0xc2, 0xb1, // ..(."(..(.......
	0x96, 0xa4, 0xf9, 0x83, 0x5f, 0xf8, 0x09, 0x00, 0x44, 0x40, 0x08, 0x00, 0x5e, 0x90, 0x20, 0x70, // ...._...D@..^. p
	0x06, 0x00, 0x00, 0x00, 0x00, 0x79, 0x18, 0x00, 0x00, 0x7d, 0x00, 0x00, 0x00, 0x1a, 0x03, 0x4c, // .....y...}.....L
	0x90, 0x46, 0x02, 0x13, 0xc4, 0x34, 0x20, 0xc3, 0x1b, 0x43, 0x81, 0x93, 0x4b, 0xb3, 0x0b, 0xa3, // .F...4 ..C..K...
	0x2b, 0x4b, 0x01, 0x89, 0x71, 0xc9, 0x71, 0x81, 0x71, 0xa9, 0xa1, 0x81, 0x91, 0x01, 0x41, 0x81, // +K..q.q.q.....A.
	0x21, 0x9b, 0x29, 0x2b, 0xb3, 0x11, 0xab, 0xa9, 0x69, 0x21, 0x4b, 0x93, 0xa3, 0xcb, 0x4b, 0xd9, // !.)+....i!K...K.
	0x10, 0x04, 0x13, 0x04, 0x22, 0x99, 0x20, 0x10, 0xca, 0x06, 0x61, 0x20, 0x26, 0x08, 0xc4, 0xb2, // ....". ...a &...
	0x41, 0x18, 0x0c, 0x0a, 0x76, 0x73, 0x13, 0x04, 0x82, 0xd9, 0x30, 0x20, 0x09, 0x31, 0x41, 0x00, // A...vs....0 .1A.
	0x03, 0x8e, 0xc0, 0x04, 0x81, 0x68, 0x36, 0x20, 0xc4, 0xc2, 0x10, 0xc4, 0xd0, 0x00, 0x1b, 0x02, // .....h6 ........
	0x67, 0x03, 0x01, 0x00, 0x0f, 0x30, 0x41, 0x08, 0x83, 0x6d, 0x43, 0x10, 0x4d, 0x10, 0x04, 0x80, // g....0A..mC.M...
	0x44, 0x5b, 0x58, 0x9a, 0x1b, 0x11, 0xa8, 0xa7, 0xa9, 0x24, 0xaa, 0xa4, 0x27, 0xa7, 0x09, 0x42, // D[X......$..'..B
	0x31, 0x4d, 0x10, 0x0a, 0x6a, 0x43, 0x40, 0x4c, 0x10, 0x8a, 0x6a, 0x82, 0x40, 0x38, 0x13, 0x04, // 1M..jC@L..j.@8..
	0xe2, 0xd9, 0x20, 0x68, 0xdb, 0x86, 0x85, 0xa8, 0xac, 0x0b, 0xbb, 0x86, 0x8c, 0xb8, 0x38, 0x22, // .. h..........8"
	0x54, 0x45, 0x58, 0x43, 0x4f, 0x4f, 0x52, 0x44, 0x13, 0x84, 0xc2, 0xda, 0x20, 0x68, 0xda, 0x86, // TEXCOORD.... h..
	0x65, 0xf0, 0xac, 0x0b, 0xbb, 0x86, 0x6f, 0xb8, 0xc0, 0x60, 0x82, 0x40, 0x40, 0x6c, 0xa6, 0xac, // e.....o..`.@@l..
	0xbe, 0x92, 0xdc, 0xe6, 0xe8, 0xc2, 0xdc, 0xc6, 0xca, 0x92, 0x88, 0x26, 0x08, 0xc5, 0x35, 0x41, // ...........&..5A
	0x28, 0xb0, 0x0d, 0x82, 0x36, 0x6c, 0x58, 0xc4, 0x60, 0x0c, 0xc8, 0xe0, 0xc3, 0xae, 0xa1, 0x0c, // (...6lX.`.......
	0xc4, 0xe0, 0x32, 0x83, 0x0d, 0x43, 0x17, 0x06, 0x67, 0xc0, 0x65, 0xca, 0xea, 0x0b, 0xea, 0x6d, // ..2..C..g.e....m
	0x2e, 0x8d, 0x2e, 0xed, 0xcd, 0x6d, 0x82, 0x50, 0x64, 0x13, 0x04, 0x22, 0xda, 0x20, 0x68, 0x6b, // .....m.Pd..". hk
	0xb0, 0x61, 0x21, 0xd2, 0xc0, 0xca, 0x30, 0x35, 0x18, 0xd4, 0x80, 0xb8, 0xd8, 0x60, 0x43, 0xa0, // .a!...05.....`C.
	0x6d, 0x58, 0x06, 0xcf, 0xba, 0xdc, 0xe0, 0x1b, 0xca, 0x60, 0xb8, 0xcc, 0x60, 0x43, 0x30, 0x6c, // mX.......`..`C0l
	0x58, 0xc4, 0xc0, 0xb3, 0x2e, 0x38, 0xf8, 0x86, 0x6c, 0x28, 0x03, 0x6e, 0xc3, 0xa2, 0x79, 0xd6, // X....8..l(.n..y.
	0x85, 0x7d, 0xc3, 0x27, 0x06, 0x17, 0x18, 0x4c, 0x10, 0x08, 0x89, 0xd9, 0x94, 0xd5, 0x97, 0x54, // .}.'...L.......T
	0x99, 0x1b, 0x59, 0x99, 0x1c, 0x55, 0x98, 0xdc, 0x59, 0x19, 0x5d, 0x90, 0x9c, 0x5c, 0x58, 0x5e, // ..Y..U..Y.]...X^
	0x92, 0x1b, 0x59, 0x19, 0xde, 0x86, 0x65, 0x0e, 0xe8, 0x80, 0x0c, 0xd4, 0x00, 0x2b, 0x83, 0xa1, // ..Y...e......+..
	0x0c, 0xb4, 0xcb, 0x0c, 0x36, 0x14, 0x6d, 0xf0, 0x06, 0x71, 0x20, 0x07, 0x75, 0xb0, 0x61, 0x40, // ....6.m..q .u.a@
	0x03, 0x3b, 0x00, 0x26, 0x08, 0x62, 0xa0, 0x6d, 0x10, 0x08, 0x3c, 0xd8, 0x50, 0x4c, 0xd4, 0x1d, // .;.&.b.m..<.PL..
	0x40, 0x79, 0x50, 0x85, 0x8d, 0xcd, 0xae, 0xcd, 0x25, 0x8d, 0xac, 0xcc, 0x8d, 0x6e, 0x4a, 0x10, // @yP.....%....nJ.
	0x54, 0x21, 0xc3, 0x73, 0xb1, 0x2b, 0x93, 0x9b, 0x4b, 0x7b, 0x73, 0x9b, 0x12, 0x10, 0x4d, 0xc8, // T!.s.+..K{s...M.
	0xf0, 0x5c, 0xec, 0xc2, 0xd8, 0xec, 0xca, 0xe4, 0xa6, 0x04, 0x46, 0x1d, 0x32, 0x3c, 0x97, 0x39, // ..........F.2<.9
	0xb4, 0x30, 0xb2, 0x32, 0xb9, 0xa6, 0x37, 0xb2, 0x32, 0xb6, 0x29, 0x41, 0x52, 0x86, 0x0c, 0xcf, // .0.2..7.2.)AR...
	0x45, 0xae, 0x6c, 0xee, 0xad, 0x4e, 0x6e, 0xac, 0x6c, 0x6e, 0x4a, 0xf0, 0xd4, 0x21, 0xc3, 0x73, // E.l..Nn.lnJ..!.s
	0xb1, 0x4b, 0x2b, 0xbb, 0x4b, 0x22, 0x9b, 0xa2, 0x0b, 0xa3, 0x2b, 0x9b, 0x12, 0x44, 0x75, 0xc8, // .K+.K"....+..Du.
	0xf0, 0x5c, 0xca, 0xdc, 0xe8, 0xe4, 0xf2, 0xa0, 0xde, 0xd2, 0xdc, 0xe8, 0xe6, 0xa6, 0x04, 0x79, // ...............y
	0x00, 0x79, 0x18, 0x00, 0x00, 0x4c, 0x00, 0x00, 0x00, 0x33, 0x08, 0x80, 0x1c, 0xc4, 0xe1, 0x1c, // .y...L...3......
	0x66, 0x14, 0x01, 0x3d, 0x88, 0x43, 0x38, 0x84, 0xc3, 0x8c, 0x42, 0x80, 0x07, 0x79, 0x78, 0x07, // f..=.C8...B..yx.
	0x73, 0x98, 0x71, 0x0c, 0xe6, 0x00, 0x0f, 0xed, 0x10, 0x0e, 0xf4, 0x80, 0x0e, 0x33, 0x0c, 0x42, // s.q..........3.B
	0x1e, 0xc2, 0xc1, 0x1d, 0xce, 0xa1, 0x1c, 0x66, 0x30, 0x05, 0x3d, 0x88, 0x43, 0x38, 0x84, 0x83, // .......f0.=.C8..
	0x1b, 0xcc, 0x03, 0x3d, 0xc8, 0x43, 0x3d, 0x8c, 0x03, 0x3d, 0xcc, 0x78, 0x8c, 0x74, 0x70, 0x07, // ...=.C=..=.x.tp.
	0x7b, 0x08, 0x07, 0x79, 0x48, 0x87, 0x70, 0x70, 0x07, 0x7a, 0x70, 0x03, 0x76, 0x78, 0x87, 0x70, // {..yH.pp.zp.vx.p
	0x20, 0x87, 0x19, 0xcc, 0x11, 0x0e, 0xec, 0x90, 0x0e, 0xe1, 0x30, 0x0f, 0x6e, 0x30, 0x0f, 0xe3, //  .........0.n0..
	0xf0, 0x0e, 0xf0, 0x50, 0x0e, 0x33, 0x10, 0xc4, 0x1d, 0xde, 0x21, 0x1c, 0xd8, 0x21, 0x1d, 0xc2, // ...P.3....!..!..
	0x61, 0x1e, 0x66, 0x30, 0x89, 0x3b, 0xbc, 0x83, 0x3b, 0xd0, 0x43, 0x39, 0xb4, 0x03, 0x3c, 0xbc, // a.f0.;..;.C9..<.
	0x83, 0x3c, 0x84, 0x03, 0x3b, 0xcc, 0xf0, 0x14, 0x76, 0x60, 0x07, 0x7b, 0x68, 0x07, 0x37, 0x68, // .<..;...v`.{h.7h
	0x87, 0x72, 0x68, 0x07, 0x37, 0x80, 0x87, 0x70, 0x90, 0x87, 0x70, 0x60, 0x07, 0x76, 0x28, 0x07, // .rh.7..p..p`.v(.
	0x76, 0xf8, 0x05, 0x76, 0x78, 0x87, 0x77, 0x80, 0x87, 0x5f, 0x08, 0x87, 0x71, 0x18, 0x87, 0x72, // v..vx.w.._..q..r
	0x98, 0x87, 0x79, 0x98, 0x81, 0x2c, 0xee, 0xf0, 0x0e, 0xee, 0xe0, 0x0e, 0xf5, 0xc0, 0x0e, 0xec, // ..y..,..........
	0x30, 0x03, 0x62, 0xc8, 0xa1, 0x1c, 0xe4, 0xa1, 0x1c, 0xcc, 0xa1, 0x1c, 0xe4, 0xa1, 0x1c, 0xdc, // 0.b.............
	0x61, 0x1c, 0xca, 0x21, 0x1c, 0xc4, 0x81, 0x1d, 0xca, 0x61, 0x06, 0xd6, 0x90, 0x43, 0x39, 0xc8, // a..!.....a...C9.
	0x43, 0x39, 0x98, 0x43, 0x39, 0xc8, 0x43, 0x39, 0xb8, 0xc3, 0x38, 0x94, 0x43, 0x38, 0x88, 0x03, // C9.C9.C9..8.C8..
	0x3b, 0x94, 0xc3, 0x2f, 0xbc, 0x83, 0x3c, 0xfc, 0x82, 0x3b, 0xd4, 0x03, 0x3b, 0xb0, 0xc3, 0x0c, // ;../..<..;..;...
	0xc4, 0x21, 0x07, 0x7c, 0x70, 0x03, 0x7a, 0x28, 0x87, 0x76, 0x80, 0x87, 0x19, 0xd1, 0x43, 0x0e, // .!.|p.z(.v....C.
	0xf8, 0xe0, 0x06, 0xe4, 0x20, 0x0e, 0xe7, 0xe0, 0x06, 0xf6, 0x10, 0x0e, 0xf2, 0xc0, 0x0e, 0xe1, // .... ...........
	0x90, 0x0f, 0xef, 0x50, 0x0f, 0xf4, 0x00, 0x00, 0x00, 0x71, 0x20, 0x00, 0x00, 0x24, 0x00, 0x00, // ...P.....q ..$..
	0x00, 0x66, 0xb0, 0x0d, 0x97, 0xef, 0x3c, 0xbe, 0x10, 0x50, 0x45, 0x41, 0x44, 0xa5, 0x03, 0x0c, // .f....<..PEAD...
	0x25, 0x61, 0x00, 0x02, 0xe6, 0x17, 0xb7, 0x6d, 0x08, 0xd2, 0x70, 0xf9, 0xce, 0xe3, 0x0b, 0x11, // %a.....m..p.....
	0x01, 0x4c, 0x44, 0x08, 0x34, 0xc3, 0x42, 0x58, 0x81, 0x33, 0x5c, 0xbe, 0xf3, 0xf8, 0x83, 0x33, // .LD.4.BX.3.....3
	0xe1, 0x7e, 0x71, 0xdb, 0x16, 0x30, 0x0d, 0x97, 0xef, 0x3c, 0xfe, 0xe2, 0x00, 0x83, 0xd8, 0x3c, // .~q..0...<.....<
	0xd4, 0xe4, 0x17, 0xb7, 0x6d, 0x02, 0xd3, 0x70, 0xf9, 0xce, 0xe3, 0x2f, 0x0e, 0x30, 0x88, 0xcd, // ....m..p.../.0..
	0x43, 0x4d, 0x3e, 0x72, 0xdb, 0x36, 0x50, 0x0d, 0x97, 0xef, 0x3c, 0xbe, 0x34, 0x39, 0x11, 0x81, // CM>r.6P...<.49..
	0x52, 0xd3, 0x43, 0x4d, 0x7e, 0x71, 0xdb, 0x46, 0x50, 0x0d, 0x97, 0xef, 0x3c, 0xbe, 0x34, 0x39, // R.CM~q.FP...<.49
	0x11, 0x81, 0x52, 0xd3, 0x43, 0x4d, 0x3e, 0x72, 0xdb, 0x76, 0x20, 0x0d, 0x97, 0xef, 0x3c, 0xfe, // ..R.CM>r.v ...<.
	0x44, 0x44, 0x13, 0x02, 0x44, 0x98, 0x5f, 0xdc, 0xb6, 0x01, 0x10, 0x0c, 0x80, 0x34, 0x00, 0x00, // DD..D._......4..
	0x00, 0x61, 0x20, 0x00, 0x00, 0x9f, 0x00, 0x00, 0x00, 0x13, 0x04, 0x41, 0x2c, 0x10, 0x00, 0x00, // .a ........A,...
	0x00, 0x07, 0x00, 0x00, 0x00, 0x74, 0x8d, 0x00, 0x10, 0x51, 0x0a, 0xc5, 0x35, 0x03, 0x50, 0x76, // .....t...Q..5.Pv
	0x25, 0x57, 0x14, 0x05, 0x57, 0x10, 0x34, 0x8c, 0x11, 0x80, 0x20, 0x08, 0xe2, 0x1f, 0x00, 0x00, // %W..W.4... .....
	0x00, 0x23, 0x06, 0x09, 0x00, 0x82, 0x60, 0x80, 0x7d, 0x45, 0xd4, 0x75, 0xca, 0x88, 0x41, 0x02, // .#....`.}E.u..A.
	0x80, 0x20, 0x18, 0x20, 0x66, 0x60, 0x61, 0x1e, 0x85, 0x8c, 0x18, 0x24, 0x00, 0x08, 0x82, 0x81, // . . f`a....$....
	0x81, 0x06, 0x17, 0x18, 0x7c, 0x55, 0x32, 0x62, 0x90, 0x00, 0x20, 0x08, 0x06, 0x46, 0x1a, 0x60, // ....|U2b.. ..F.`
	0x61, 0x00, 0x06, 0x92, 0x32, 0x62, 0x90, 0x00, 0x20, 0x08, 0x06, 0x86, 0x1a, 0x64, 0x61, 0x10, // a...2b.. ....da.
	0x06, 0xd7, 0x32, 0x62, 0x90, 0x00, 0x20, 0x08, 0x06, 0xc6, 0x1a, 0x68, 0x62, 0x20, 0x06, 0x14, // ..2b.. ....hb ..
	0x33, 0x62, 0x90, 0x00, 0x20, 0x08, 0x06, 0x06, 0x1b, 0x6c, 0x63, 0x30, 0x06, 0x57, 0x33, 0x62, // 3b.. ....lc0.W3b
	0x70, 0x00, 0x20, 0x08, 0x06, 0x13, 0x1a, 0x34, 0xc7, 0x32, 0x9a, 0x10, 0x00, 0xa3, 0x09, 0x42, // p. ....4.2.....B
	0x30, 0x9a, 0x30, 0x08, 0xa3, 0x09, 0xc4, 0x30, 0x62, 0xd0, 0x00, 0x20, 0x08, 0x06, 0x8e, 0x1b, // 0.0....0b.. ....
	0x3c, 0xc4, 0x20, 0x04, 0xc8, 0x61, 0x34, 0xc5, 0x3c, 0x30, 0x62, 0x70, 0x00, 0x20, 0x08, 0x06, // <. ..a4.<0bp. ..
	0xd3, 0x1b, 0x50, 0x4e, 0x30, 0x9a, 0x10, 0x00, 0xa3, 0x09, 0x42, 0x30, 0x9a, 0x30, 0x08, 0xe6, // ..PN0.....B0.0..
	0x0c, 0xf1, 0x31, 0x67, 0x88, 0x8f, 0x39, 0x43, 0x7c, 0x8a, 0x62, 0x83, 0x1b, 0x31, 0x38, 0x00, // ..1g..9C|.b..18.
	0x10, 0x04, 0x83, 0xe9, 0x0e, 0x38, 0x2b, 0x18, 0x4d, 0x08, 0x80, 0xd1, 0x04, 0x21, 0x18, 0x4d, // .....8+.M....!.M
	0x18, 0x84, 0xd1, 0x04, 0x62, 0x28, 0x23, 0x0f, 0x76, 0xc4, 0xe0, 0x00, 0x40, 0x10, 0x0c, 0xa6, // ....b(#.v...@...
	0x3e, 0x10, 0x03, 0x2e, 0x18, 0x4d, 0x08, 0x80, 0xd1, 0x04, 0x21, 0x18, 0x4d, 0x18, 0x84, 0xd1, // >....M....!.M...
	0x04, 0x62, 0x30, 0xe3, 0x0f, 0x40, 0x30, 0x62, 0x70, 0x00, 0x20, 0x08, 0x06, 0xd3, 0x28, 0xa0, // .b0..@0bp. ...(.
	0x81, 0x18, 0x04, 0xa3, 0x09, 0x01, 0x30, 0x9a, 0x20, 0x04, 0xa3, 0x09, 0x83, 0x30, 0x9a, 0x40, // ......0. ....0.@
	0x0c, 0x25, 0x81, 0xc2, 0x8e, 0x18, 0x1c, 0x00, 0x08, 0x82, 0xc1, 0x94, 0x0a, 0x6e, 0x80, 0x06, // .%...........n..
	0xc1, 0x68, 0x42, 0x00, 0x8c, 0x26, 0x08, 0xc1, 0x68, 0xc2, 0x20, 0x8c, 0x26, 0x10, 0x83, 0x59, // .hB..&..h. .&..Y
	0x9b, 0x7c, 0x46, 0x0c, 0x10, 0x00, 0x04, 0xc1, 0xa0, 0x72, 0x05, 0x3b, 0x88, 0xb6, 0x60, 0xc4, // .|F......r.;..`.
	0x00, 0x01, 0x40, 0x10, 0x0c, 0xaa, 0x57, 0xb8, 0x03, 0x66, 0x0b, 0x2c, 0x38, 0xa0, 0x63, 0xd9, // ..@...W..f.,8.c.
	0x27, 0x9f, 0x11, 0x03, 0x04, 0x00, 0x41, 0x30, 0xa8, 0x64, 0x41, 0x0f, 0xa8, 0x2f, 0x18, 0x31, // '.....A0.dA../.1
	0x40, 0x00, 0x10, 0x04, 0x83, 0x6a, 0x16, 0xf6, 0xe0, 0xf9, 0x02, 0x0b, 0x14, 0xe8, 0x18, 0x37, // @....j.........7
	0x06, 0xf2, 0x19, 0x31, 0x40, 0x00, 0x10, 0x04, 0x83, 0xca, 0x16, 0xfc, 0xe0, 0x1a, 0x83, 0x60, // ...1@..........`
	0xc4, 0x00, 0x01, 0x40, 0x10, 0x0c, 0xaa, 0x5b, 0xf8, 0x03, 0x69, 0x0c, 0x02, 0x0b, 0x1a, 0xe8, // ...@...[..i.....
	0xd8, 0x77, 0x06, 0xf2, 0x19, 0x31, 0x40, 0x00, 0x10, 0x04, 0x83, 0x4a, 0x17, 0x44, 0x41, 0x3b, // .w...1@....J.DA;
	0x83, 0x60, 0xc4, 0x00, 0x01, 0x40, 0x10, 0x0c, 0xaa, 0x5d, 0x18, 0x85, 0xea, 0x0c, 0x02, 0x0b, // .`...@...]......
	0x20, 0xe8, 0x8c, 0x18, 0x24, 0x00, 0x08, 0x82, 0x81, 0x12, 0x0e, 0xa6, 0xa0, 0x0b, 0xba, 0x00, //  ...$...........
	0x0b, 0xcd, 0x88, 0x41, 0x02, 0x80, 0x20, 0x18, 0x28, 0xe1, 0x60, 0x0a, 0xba, 0xa0, 0x0b, 0xac, // ...A.. .(.`.....
	0x90, 0x8c, 0x18, 0x24, 0x00, 0x08, 0x82, 0x81, 0x12, 0x0e, 0xa6, 0xa0, 0x0b, 0xba, 0xe0, 0x0a, // ...$............
	0xc5, 0x88, 0x41, 0x02, 0x80, 0x20, 0x18, 0x28, 0xe1, 0x60, 0x0a, 0xba, 0xa0, 0x0b, 0xaf, 0x10, // ..A.. .(.`......
	0x8c, 0x18, 0x24, 0x00, 0x08, 0x82, 0x81, 0x12, 0x0e, 0xa6, 0xb0, 0x0b, 0xba, 0x00, 0x0b, 0x71, // ..$............q
	0x30, 0x62, 0x90, 0x00, 0x20, 0x08, 0x06, 0x4a, 0x38, 0x98, 0x02, 0x2d, 0xe8, 0x02, 0x2c, 0xe4, // 0b.. ..J8..-..,.
	0xc1, 0x88, 0x41, 0x02, 0x80, 0x20, 0x18, 0x28, 0xe1, 0x60, 0x0a, 0xb4, 0xa0, 0x0b, 0xac, 0x80, // ..A.. .(.`......
	0x07, 0x23, 0x06, 0x09, 0x00, 0x82, 0x60, 0xa0, 0x84, 0x83, 0x29, 0xd0, 0x82, 0x2e, 0xb8, 0xc2, // .#....`...).....
	0x1d, 0x8c, 0x18, 0x24, 0x00, 0x08, 0x82, 0x81, 0x12, 0x0e, 0xa6, 0x60, 0x0b, 0xba, 0x00, 0x0b, // ...$.......`....
	0x7b, 0x30, 0x62, 0x90, 0x00, 0x20, 0x08, 0x06, 0x4a, 0x38, 0x98, 0x82, 0x2d, 0xe8, 0x02, 0x2b, // {0b.. ..J8..-..+
	0xe8, 0xc1, 0x88, 0x41, 0x02, 0x80, 0x20, 0x18, 0x30, 0xe0, 0x60, 0x0a, 0xb2, 0xa0, 0x0b, 0xb0, // ...A.. .0.`.....
	0xc0, 0x07, 0x08, 0x00, 0x00, 0x00, 0x00, 0x00, 0x00, 0x00, 0x02, 0x01, 0x00, 0x10, 0x00, 0xb0, // ................
	0x00,                                                                                           // .
};
static const uint8_t vs_flasher_clip_st_spv[2087] =
{
	0x56, 0x53, 0x48, 0x0c, 0x00, 0x00, 0x00, 0x00, 0x11, 0xe4, 0xa0, 0x91, 0x00, 0x00, 0x00, 0x00, // VSH.............
	0x00, 0x00, 0x00, 0x00, 0x03, 0x00, 0x0a, 0x63, 0x6c, 0x69, 0x70, 0x5f, 0x70, 0x6c, 0x61, 0x6e, // .......clip_plan
	0x65, 0x02, 0x01, 0xa0, 0x00, 0x01, 0x00, 0x00, 0x00, 0x00, 0x00, 0x0e, 0x63, 0x61, 0x6d, 0x65, // e...........came
	0x72, 0x61, 0x50, 0x6f, 0x73, 0x57, 0x6f, 0x72, 0x6c, 0x64, 0x02, 0x02, 0x80, 0x00, 0x02, 0x00, // raPosWorld......
	0x00, 0x00, 0x00, 0x00, 0x0e, 0x6d, 0x61, 0x74, 0x52, 0x6f, 0x74, 0x56, 0x69, 0x65, 0x77, 0x50, // .....matRotViewP
	0x72, 0x6f, 0x6a, 0x04, 0x02, 0x00, 0x00, 0x08, 0x00, 0x00, 0x00, 0x00, 0x00, 0xbc, 0x07, 0x00, // roj.............
	0x00, 0x03, 0x02, 0x23, 0x07, 0x00, 0x00, 0x01, 0x00, 0x0b, 0x00, 0x08, 0x00, 0xb5, 0x00, 0x00, // ...#............
	0x00, 0x00, 0x00, 0x00, 0x00, 0x11, 0x00, 0x02, 0x00, 0x01, 0x00, 0x00, 0x00, 0x11, 0x00, 0x02, // ................
	0x00, 0x86, 0x14, 0x00, 0x00, 0x0a, 0x00, 0x0a, 0x00, 0x53, 0x50, 0x56, 0x5f, 0x45, 0x58, 0x54, // .........SPV_EXT
	0x5f, 0x73, 0x68, 0x61, 0x64, 0x65, 0x72, 0x5f, 0x76, 0x69, 0x65, 0x77, 0x70, 0x6f, 0x72, 0x74, // _shader_viewport
	0x5f, 0x69, 0x6e, 0x64, 0x65, 0x78, 0x5f, 0x6c, 0x61, 0x79, 0x65, 0x72, 0x00, 0x0b, 0x00, 0x06, // _index_layer....
	0x00, 0x01, 0x00, 0x00, 0x00, 0x47, 0x4c, 0x53, 0x4c, 0x2e, 0x73, 0x74, 0x64, 0x2e, 0x34, 0x35, // .....GLSL.std.45
	0x30, 0x00, 0x00, 0x00, 0x00, 0x0e, 0x00, 0x03, 0x00, 0x00, 0x00, 0x00, 0x00, 0x01, 0x00, 0x00, // 0...............
	0x00, 0x0f, 0x00, 0x0d, 0x00, 0x00, 0x00, 0x00, 0x00, 0x04, 0x00, 0x00, 0x00, 0x6d, 0x61, 0x69, // .............mai
	0x6e, 0x00, 0x00, 0x00, 0x00, 0x56, 0x00, 0x00, 0x00, 0x5a, 0x00, 0x00, 0x00, 0x5e, 0x00, 0x00, // n....V...Z...^..
	0x00, 0x69, 0x00, 0x00, 0x00, 0x6d, 0x00, 0x00, 0x00, 0x71, 0x00, 0x00, 0x00, 0x75, 0x00, 0x00, // .i...m...q...u..
	0x00, 0x79, 0x00, 0x00, 0x00, 0x03, 0x00, 0x03, 0x00, 0x05, 0x00, 0x00, 0x00, 0xf4, 0x01, 0x00, // .y..............
	0x00, 0x05, 0x00, 0x04, 0x00, 0x04, 0x00, 0x00, 0x00, 0x6d, 0x61, 0x69, 0x6e, 0x00, 0x00, 0x00, // .........main...
	0x00, 0x05, 0x00, 0x06, 0x00, 0x35, 0x00, 0x00, 0x00, 0x55, 0x6e, 0x69, 0x66, 0x6f, 0x72, 0x6d, // .....5...Uniform
	0x42, 0x6c, 0x6f, 0x63, 0x6b, 0x00, 0x00, 0x00, 0x00, 0x06, 0x00, 0x07, 0x00, 0x35, 0x00, 0x00, // Block........5..
	0x00, 0x00, 0x00, 0x00, 0x00, 0x6d, 0x61, 0x74, 0x52, 0x6f, 0x74, 0x56, 0x69, 0x65, 0x77, 0x50, // .....matRotViewP
	0x72, 0x6f, 0x6a, 0x00, 0x00, 0x06, 0x00, 0x07, 0x00, 0x35, 0x00, 0x00, 0x00, 0x01, 0x00, 0x00, // roj......5......
	0x00, 0x63, 0x61, 0x6d, 0x65, 0x72, 0x61, 0x50, 0x6f, 0x73, 0x57, 0x6f, 0x72, 0x6c, 0x64, 0x00, // .cameraPosWorld.
	0x00, 0x06, 0x00, 0x06, 0x00, 0x35, 0x00, 0x00, 0x00, 0x02, 0x00, 0x00, 0x00, 0x63, 0x6c, 0x69, // .....5.......cli
	0x70, 0x5f, 0x70, 0x6c, 0x61, 0x6e, 0x65, 0x00, 0x00, 0x05, 0x00, 0x03, 0x00, 0x37, 0x00, 0x00, // p_plane......7..
	0x00, 0x00, 0x00, 0x00, 0x00, 0x05, 0x00, 0x05, 0x00, 0x56, 0x00, 0x00, 0x00, 0x61, 0x5f, 0x70, // .........V...a_p
	0x6f, 0x73, 0x69, 0x74, 0x69, 0x6f, 0x6e, 0x00, 0x00, 0x05, 0x00, 0x05, 0x00, 0x5a, 0x00, 0x00, // osition......Z..
	0x00, 0x61, 0x5f, 0x74, 0x65, 0x78, 0x63, 0x6f, 0x6f, 0x72, 0x64, 0x30, 0x00, 0x05, 0x00, 0x06, // .a_texcoord0....
	0x00, 0x5e, 0x00, 0x00, 0x00, 0x67, 0x6c, 0x5f, 0x49, 0x6e, 0x73, 0x74, 0x61, 0x6e, 0x63, 0x65, // .^...gl_Instance
	0x49, 0x44, 0x00, 0x00, 0x00, 0x05, 0x00, 0x0a, 0x00, 0x69, 0x00, 0x00, 0x00, 0x40, 0x65, 0x6e, // ID.......i...@en
	0x74, 0x72, 0x79, 0x50, 0x6f, 0x69, 0x6e, 0x74, 0x4f, 0x75, 0x74, 0x70, 0x75, 0x74, 0x2e, 0x67, // tryPointOutput.g
	0x6c, 0x5f, 0x50, 0x6f, 0x73, 0x69, 0x74, 0x69, 0x6f, 0x6e, 0x00, 0x00, 0x00, 0x05, 0x00, 0x0b, // l_Position......
	0x00, 0x6d, 0x00, 0x00, 0x00, 0x40, 0x65, 0x6e, 0x74, 0x72, 0x79, 0x50, 0x6f, 0x69, 0x6e, 0x74, // .m...@entryPoint
	0x4f, 0x75, 0x74, 0x70, 0x75, 0x74, 0x2e, 0x76, 0x5f, 0x63, 0x6c, 0x69, 0x70, 0x44, 0x69, 0x73, // Output.v_clipDis
	0x74, 0x61, 0x6e, 0x63, 0x65, 0x00, 0x00, 0x00, 0x00, 0x05, 0x00, 0x0a, 0x00, 0x71, 0x00, 0x00, // tance........q..
	0x00, 0x40, 0x65, 0x6e, 0x74, 0x72, 0x79, 0x50, 0x6f, 0x69, 0x6e, 0x74, 0x4f, 0x75, 0x74, 0x70, // .@entryPointOutp
	0x75, 0x74, 0x2e, 0x76, 0x5f, 0x74, 0x61, 0x62, 0x6c, 0x65, 0x50, 0x6f, 0x73, 0x00, 0x00, 0x00, // ut.v_tablePos...
	0x00, 0x05, 0x00, 0x0a, 0x00, 0x75, 0x00, 0x00, 0x00, 0x40, 0x65, 0x6e, 0x74, 0x72, 0x79, 0x50, // .....u...@entryP
	0x6f, 0x69, 0x6e, 0x74, 0x4f, 0x75, 0x74, 0x70, 0x75, 0x74, 0x2e, 0x76, 0x5f, 0x74, 0x65, 0x78, // ointOutput.v_tex
	0x63, 0x6f, 0x6f, 0x72, 0x64, 0x30, 0x00, 0x00, 0x00, 0x05, 0x00, 0x09, 0x00, 0x79, 0x00, 0x00, // coord0.......y..
	0x00, 0x40, 0x65, 0x6e, 0x74, 0x72, 0x79, 0x50, 0x6f, 0x69, 0x6e, 0x74, 0x4f, 0x75, 0x74, 0x70, // .@entryPointOutp
	0x75, 0x74, 0x2e, 0x67, 0x6c, 0x5f, 0x4c, 0x61, 0x79, 0x65, 0x72, 0x00, 0x00, 0x47, 0x00, 0x04, // ut.gl_Layer..G..
	0x00, 0x33, 0x00, 0x00, 0x00, 0x06, 0x00, 0x00, 0x00, 0x40, 0x00, 0x00, 0x00, 0x47, 0x00, 0x04, // .3.......@...G..
	0x00, 0x34, 0x00, 0x00, 0x00, 0x06, 0x00, 0x00, 0x00, 0x10, 0x00, 0x00, 0x00, 0x47, 0x00, 0x03, // .4...........G..
	0x00, 0x35, 0x00, 0x00, 0x00, 0x02, 0x00, 0x00, 0x00, 0x48, 0x00, 0x04, 0x00, 0x35, 0x00, 0x00, // .5.......H...5..
	0x00, 0x00, 0x00, 0x00, 0x00, 0x04, 0x00, 0x00, 0x00, 0x48, 0x00, 0x05, 0x00, 0x35, 0x00, 0x00, // .........H...5..
	0x00, 0x00, 0x00, 0x00, 0x00, 0x07, 0x00, 0x00, 0x00, 0x10, 0x00, 0x00, 0x00, 0x48, 0x00, 0x05, // .............H..
	0x00, 0x35, 0x00, 0x00, 0x00, 0x00, 0x00, 0x00, 0x00, 0x23, 0x00, 0x00, 0x00, 0x00, 0x00, 0x00, // .5.......#......
	0x00, 0x48, 0x00, 0x05, 0x00, 0x35, 0x00, 0x00, 0x00, 0x01, 0x00, 0x00, 0x00, 0x23, 0x00, 0x00, // .H...5.......#..
	0x00, 0x80, 0x00, 0x00, 0x00, 0x48, 0x00, 0x05, 0x00, 0x35, 0x00, 0x00, 0x00, 0x02, 0x00, 0x00, // .....H...5......
	0x00, 0x23, 0x00, 0x00, 0x00, 0xa0, 0x00, 0x00, 0x00, 0x47, 0x00, 0x04, 0x00, 0x37, 0x00, 0x00, // .#.......G...7..
	0x00, 0x21, 0x00, 0x00, 0x00, 0x00, 0x00, 0x00, 0x00, 0x47, 0x00, 0x04, 0x00, 0x37, 0x00, 0x00, // .!.......G...7..
	0x00, 0x22, 0x00, 0x00, 0x00, 0x00, 0x00, 0x00, 0x00, 0x47, 0x00, 0x04, 0x00, 0x56, 0x00, 0x00, // .".......G...V..
	0x00, 0x1e, 0x00, 0x00, 0x00, 0x00, 0x00, 0x00, 0x00, 0x47, 0x00, 0x04, 0x00, 0x5a, 0x00, 0x00, // .........G...Z..
	0x00, 0x1e, 0x00, 0x00, 0x00, 0x01, 0x00, 0x00, 0x00, 0x47, 0x00, 0x04, 0x00, 0x5e, 0x00, 0x00, // .........G...^..
	0x00, 0x0b, 0x00, 0x00, 0x00, 0x2b, 0x00, 0x00, 0x00, 0x47, 0x00, 0x04, 0x00, 0x69, 0x00, 0x00, // .....+...G...i..
	0x00, 0x0b, 0x00, 0x00, 0x00, 0x00, 0x00, 0x00, 0x00, 0x47, 0x00, 0x04, 0x00, 0x6d, 0x00, 0x00, // .........G...m..
	0x00, 0x1e, 0x00, 0x00, 0x00, 0x00, 0x00, 0x00, 0x00, 0x47, 0x00, 0x04, 0x00, 0x71, 0x00, 0x00, // .........G...q..
	0x00, 0x1e, 0x00, 0x00, 0x00, 0x01, 0x00, 0x00, 0x00, 0x47, 0x00, 0x04, 0x00, 0x75, 0x00, 0x00, // .........G...u..
	0x00, 0x1e, 0x00, 0x00, 0x00, 0x02, 0x00, 0x00, 0x00, 0x47, 0x00, 0x04, 0x00, 0x79, 0x00, 0x00, // .........G...y..
	0x00, 0x0b, 0x00, 0x00, 0x00, 0x09, 0x00, 0x00, 0x00, 0x13, 0x00, 0x02, 0x00, 0x02, 0x00, 0x00, // ................
	0x00, 0x21, 0x00, 0x03, 0x00, 0x03, 0x00, 0x00, 0x00, 0x02, 0x00, 0x00, 0x00, 0x16, 0x00, 0x03, // .!..............
	0x00, 0x06, 0x00, 0x00, 0x00, 0x20, 0x00, 0x00, 0x00, 0x17, 0x00, 0x04, 0x00, 0x07, 0x00, 0x00, // ..... ..........
	0x00, 0x06, 0x00, 0x00, 0x00, 0x03, 0x00, 0x00, 0x00, 0x17, 0x00, 0x04, 0x00, 0x09, 0x00, 0x00, // ................
	0x00, 0x06, 0x00, 0x00, 0x00, 0x02, 0x00, 0x00, 0x00, 0x15, 0x00, 0x04, 0x00, 0x0b, 0x00, 0x00, // ................
	0x00, 0x20, 0x00, 0x00, 0x00, 0x00, 0x00, 0x00, 0x00, 0x17, 0x00, 0x04, 0x00, 0x0d, 0x00, 0x00, // . ..............
	0x00, 0x06, 0x00, 0x00, 0x00, 0x04, 0x00, 0x00, 0x00, 0x15, 0x00, 0x04, 0x00, 0x17, 0x00, 0x00, // ................
	0x00, 0x20, 0x00, 0x00, 0x00, 0x01, 0x00, 0x00, 0x00, 0x2b, 0x00, 0x04, 0x00, 0x17, 0x00, 0x00, // . .......+......
	0x00, 0x18, 0x00, 0x00, 0x00, 0x01, 0x00, 0x00, 0x00, 0x2b, 0x00, 0x04, 0x00, 0x17, 0x00, 0x00, // .........+......
	0x00, 0x1c, 0x00, 0x00, 0x00, 0x02, 0x00, 0x00, 0x00, 0x2b, 0x00, 0x04, 0x00, 0x06, 0x00, 0x00, // .........+......
	0x00, 0x25, 0x00, 0x00, 0x00, 0x00, 0x00, 0x80, 0x3f, 0x18, 0x00, 0x04, 0x00, 0x31, 0x00, 0x00, // .%......?....1..
	0x00, 0x0d, 0x00, 0x00, 0x00, 0x04, 0x00, 0x00, 0x00, 0x2b, 0x00, 0x04, 0x00, 0x0b, 0x00, 0x00, // .........+......
	0x00, 0x32, 0x00, 0x00, 0x00, 0x02, 0x00, 0x00, 0x00, 0x1c, 0x00, 0x04, 0x00, 0x33, 0x00, 0x00, // .2...........3..
	0x00, 0x31, 0x00, 0x00, 0x00, 0x32, 0x00, 0x00, 0x00, 0x1c, 0x00, 0x04, 0x00, 0x34, 0x00, 0x00, // .1...2.......4..
	0x00, 0x0d, 0x00, 0x00, 0x00, 0x32, 0x00, 0x00, 0x00, 0x1e, 0x00, 0x05, 0x00, 0x35, 0x00, 0x00, // .....2.......5..
	0x00, 0x33, 0x00, 0x00, 0x00, 0x34, 0x00, 0x00, 0x00, 0x0d, 0x00, 0x00, 0x00, 0x20, 0x00, 0x04, // .3...4....... ..
	0x00, 0x36, 0x00, 0x00, 0x00, 0x02, 0x00, 0x00, 0x00, 0x35, 0x00, 0x00, 0x00, 0x3b, 0x00, 0x04, // .6.......5...;..
	0x00, 0x36, 0x00, 0x00, 0x00, 0x37, 0x00, 0x00, 0x00, 0x02, 0x00, 0x00, 0x00, 0x20, 0x00, 0x04, // .6...7....... ..
	0x00, 0x38, 0x00, 0x00, 0x00, 0x02, 0x00, 0x00, 0x00, 0x0d, 0x00, 0x00, 0x00, 0x2b, 0x00, 0x04, // .8...........+..
	0x00, 0x17, 0x00, 0x00, 0x00, 0x45, 0x00, 0x00, 0x00, 0x00, 0x00, 0x00, 0x00, 0x20, 0x00, 0x04, // .....E....... ..
	0x00, 0x4c, 0x00, 0x00, 0x00, 0x02, 0x00, 0x00, 0x00, 0x31, 0x00, 0x00, 0x00, 0x20, 0x00, 0x04, // .L.......1... ..
	0x00, 0x55, 0x00, 0x00, 0x00, 0x01, 0x00, 0x00, 0x00, 0x07, 0x00, 0x00, 0x00, 0x3b, 0x00, 0x04, // .U...........;..
	0x00, 0x55, 0x00, 0x00, 0x00, 0x56, 0x00, 0x00, 0x00, 0x01, 0x00, 0x00, 0x00, 0x20, 0x00, 0x04, // .U...V....... ..
	0x00, 0x59, 0x00, 0x00, 0x00, 0x01, 0x00, 0x00, 0x00, 0x09, 0x00, 0x00, 0x00, 0x3b, 0x00, 0x04, // .Y...........;..
	0x00, 0x59, 0x00, 0x00, 0x00, 0x5a, 0x00, 0x00, 0x00, 0x01, 0x00, 0x00, 0x00, 0x20, 0x00, 0x04, // .Y...Z....... ..
	0x00, 0x5d, 0x00, 0x00, 0x00, 0x01, 0x00, 0x00, 0x00, 0x0b, 0x00, 0x00, 0x00, 0x3b, 0x00, 0x04, // .]...........;..
	0x00, 0x5d, 0x00, 0x00, 0x00, 0x5e, 0x00, 0x00, 0x00, 0x01, 0x00, 0x00, 0x00, 0x20, 0x00, 0x04, // .]...^....... ..
	0x00, 0x68, 0x00, 0x00, 0x00, 0x03, 0x00, 0x00, 0x00, 0x0d, 0x00, 0x00, 0x00, 0x3b, 0x00, 0x04, // .h...........;..
	0x00, 0x68, 0x00, 0x00, 0x00, 0x69, 0x00, 0x00, 0x00, 0x03, 0x00, 0x00, 0x00, 0x20, 0x00, 0x04, // .h...i....... ..
	0x00, 0x6c, 0x00, 0x00, 0x00, 0x03, 0x00, 0x00, 0x00, 0x06, 0x00, 0x00, 0x00, 0x3b, 0x00, 0x04, // .l...........;..
	0x00, 0x6c, 0x00, 0x00, 0x00, 0x6d, 0x00, 0x00, 0x00, 0x03, 0x00, 0x00, 0x00, 0x20, 0x00, 0x04, // .l...m....... ..
	0x00, 0x70, 0x00, 0x00, 0x00, 0x03, 0x00, 0x00, 0x00, 0x07, 0x00, 0x00, 0x00, 0x3b, 0x00, 0x04, // .p...........;..
	0x00, 0x70, 0x00, 0x00, 0x00, 0x71, 0x00, 0x00, 0x00, 0x03, 0x00, 0x00, 0x00, 0x20, 0x00, 0x04, // .p...q....... ..
	0x00, 0x74, 0x00, 0x00, 0x00, 0x03, 0x00, 0x00, 0x00, 0x09, 0x00, 0x00, 0x00, 0x3b, 0x00, 0x04, // .t...........;..
	0x00, 0x74, 0x00, 0x00, 0x00, 0x75, 0x00, 0x00, 0x00, 0x03, 0x00, 0x00, 0x00, 0x20, 0x00, 0x04, // .t...u....... ..
	0x00, 0x78, 0x00, 0x00, 0x00, 0x03, 0x00, 0x00, 0x00, 0x0b, 0x00, 0x00, 0x00, 0x3b, 0x00, 0x04, // .x...........;..
	0x00, 0x78, 0x00, 0x00, 0x00, 0x79, 0x00, 0x00, 0x00, 0x03, 0x00, 0x00, 0x00, 0x36, 0x00, 0x05, // .x...y.......6..
	0x00, 0x02, 0x00, 0x00, 0x00, 0x04, 0x00, 0x00, 0x00, 0x00, 0x00, 0x00, 0x00, 0x03, 0x00, 0x00, // ................
	0x00, 0xf8, 0x00, 0x02, 0x00, 0x05, 0x00, 0x00, 0x00, 0x3d, 0x00, 0x04, 0x00, 0x07, 0x00, 0x00, // .........=......
	0x00, 0x57, 0x00, 0x00, 0x00, 0x56, 0x00, 0x00, 0x00, 0x3d, 0x00, 0x04, 0x00, 0x09, 0x00, 0x00, // .W...V...=......
	0x00, 0x5b, 0x00, 0x00, 0x00, 0x5a, 0x00, 0x00, 0x00, 0x3d, 0x00, 0x04, 0x00, 0x0b, 0x00, 0x00, // .[...Z...=......
	0x00, 0x5f, 0x00, 0x00, 0x00, 0x5e, 0x00, 0x00, 0x00, 0x51, 0x00, 0x05, 0x00, 0x06, 0x00, 0x00, // ._...^...Q......
	0x00, 0x97, 0x00, 0x00, 0x00, 0x57, 0x00, 0x00, 0x00, 0x00, 0x00, 0x00, 0x00, 0x51, 0x00, 0x05, // .....W.......Q..
	0x00, 0x06, 0x00, 0x00, 0x00, 0x98, 0x00, 0x00, 0x00, 0x57, 0x00, 0x00, 0x00, 0x01, 0x00, 0x00, // .........W......
	0x00, 0x51, 0x00, 0x05, 0x00, 0x06, 0x00, 0x00, 0x00, 0x99, 0x00, 0x00, 0x00, 0x57, 0x00, 0x00, // .Q...........W..
	0x00, 0x02, 0x00, 0x00, 0x00, 0x50, 0x00, 0x07, 0x00, 0x0d, 0x00, 0x00, 0x00, 0x9a, 0x00, 0x00, // .....P..........
	0x00, 0x97, 0x00, 0x00, 0x00, 0x98, 0x00, 0x00, 0x00, 0x99, 0x00, 0x00, 0x00, 0x25, 0x00, 0x00, // .............%..
	0x00, 0x41, 0x00, 0x05, 0x00, 0x38, 0x00, 0x00, 0x00, 0xa1, 0x00, 0x00, 0x00, 0x37, 0x00, 0x00, // .A...8.......7..
	0x00, 0x1c, 0x00, 0x00, 0x00, 0x3d, 0x00, 0x04, 0x00, 0x0d, 0x00, 0x00, 0x00, 0xa2, 0x00, 0x00, // .....=..........
	0x00, 0xa1, 0x00, 0x00, 0x00, 0x94, 0x00, 0x05, 0x00, 0x06, 0x00, 0x00, 0x00, 0xa4, 0x00, 0x00, // ................
	0x00, 0xa2, 0x00, 0x00, 0x00, 0x9a, 0x00, 0x00, 0x00, 0x41, 0x00, 0x06, 0x00, 0x38, 0x00, 0x00, // .........A...8..
	0x00, 0xa8, 0x00, 0x00, 0x00, 0x37, 0x00, 0x00, 0x00, 0x18, 0x00, 0x00, 0x00, 0x5f, 0x00, 0x00, // .....7......._..
	0x00, 0x3d, 0x00, 0x04, 0x00, 0x0d, 0x00, 0x00, 0x00, 0xa9, 0x00, 0x00, 0x00, 0xa8, 0x00, 0x00, // .=..............
	0x00, 0x4f, 0x00, 0x08, 0x00, 0x07, 0x00, 0x00, 0x00, 0xaa, 0x00, 0x00, 0x00, 0xa9, 0x00, 0x00, // .O..............
	0x00, 0xa9, 0x00, 0x00, 0x00, 0x00, 0x00, 0x00, 0x00, 0x01, 0x00, 0x00, 0x00, 0x02, 0x00, 0x00, // ................
	0x00, 0x83, 0x00, 0x05, 0x00, 0x07, 0x00, 0x00, 0x00, 0xab, 0x00, 0x00, 0x00, 0x57, 0x00, 0x00, // .............W..
	0x00, 0xaa, 0x00, 0x00, 0x00, 0x51, 0x00, 0x05, 0x00, 0x06, 0x00, 0x00, 0x00, 0xad, 0x00, 0x00, // .....Q..........
	0x00, 0xab, 0x00, 0x00, 0x00, 0x00, 0x00, 0x00, 0x00, 0x51, 0x00, 0x05, 0x00, 0x06, 0x00, 0x00, // .........Q......
	0x00, 0xae, 0x00, 0x00, 0x00, 0xab, 0x00, 0x00, 0x00, 0x01, 0x00, 0x00, 0x00, 0x51, 0x00, 0x05, // .............Q..
	0x00, 0x06, 0x00, 0x00, 0x00, 0xaf, 0x00, 0x00, 0x00, 0xab, 0x00, 0x00, 0x00, 0x02, 0x00, 0x00, // ................
	0x00, 0x50, 0x00, 0x07, 0x00, 0x0d, 0x00, 0x00, 0x00, 0xb0, 0x00, 0x00, 0x00, 0xad, 0x00, 0x00, // .P..............
	0x00, 0xae, 0x00, 0x00, 0x00, 0xaf, 0x00, 0x00, 0x00, 0x25, 0x00, 0x00, 0x00, 0x41, 0x00, 0x06, // .........%...A..
	0x00, 0x4c, 0x00, 0x00, 0x00, 0xb2, 0x00, 0x00, 0x00, 0x37, 0x00, 0x00, 0x00, 0x45, 0x00, 0x00, // .L.......7...E..
	0x00, 0x5f, 0x00, 0x00, 0x00, 0x3d, 0x00, 0x04, 0x00, 0x31, 0x00, 0x00, 0x00, 0xb3, 0x00, 0x00, // ._...=...1......
	0x00, 0xb2, 0x00, 0x00, 0x00, 0x90, 0x00, 0x05, 0x00, 0x0d, 0x00, 0x00, 0x00, 0xb4, 0x00, 0x00, // ................
	0x00, 0xb0, 0x00, 0x00, 0x00, 0xb3, 0x00, 0x00, 0x00, 0x3e, 0x00, 0x03, 0x00, 0x69, 0x00, 0x00, // .........>...i..
	0x00, 0xb4, 0x00, 0x00, 0x00, 0x3e, 0x00, 0x03, 0x00, 0x6d, 0x00, 0x00, 0x00, 0xa4, 0x00, 0x00, // .....>...m......
	0x00, 0x3e, 0x00, 0x03, 0x00, 0x71, 0x00, 0x00, 0x00, 0x57, 0x00, 0x00, 0x00, 0x3e, 0x00, 0x03, // .>...q...W...>..
	0x00, 0x75, 0x00, 0x00, 0x00, 0x5b, 0x00, 0x00, 0x00, 0x3e, 0x00, 0x03, 0x00, 0x79, 0x00, 0x00, // .u...[...>...y..
	0x00, 0x5f, 0x00, 0x00, 0x00, 0xfd, 0x00, 0x01, 0x00, 0x38, 0x00, 0x01, 0x00, 0x00, 0x03, 0x01, // ._.......8......
	0x00, 0x10, 0x00, 0xff, 0xff, 0xb0, 0x00,                                                       // .......
};
static const bgfx::EmbeddedShader vs_flasher_clip_st = BGFX_EMBEDDED_SHADER(vs_flasher_clip_st);

//////////////////////////////////////////////////////////////////////////////////////////////////////////////////////
// Build of fragment shader from fs_flasher.sc to fs_flasher_clip with options: CLIP
static const uint8_t fs_flasher_clip_mtl[7172] =
{
	0x46, 0x53, 0x48, 0x0c, 0x11, 0xe4, 0xa0, 0x91, 0x00, 0x00, 0x00, 0x00, 0x00, 0x00, 0x00, 0x00, // FSH.............
	0x00, 0x00, 0x00, 0x00, 0x0b, 0x00, 0x05, 0x62, 0x61, 0x6c, 0x6c, 0x73, 0x12, 0x08, 0x00, 0x00, // .......balls....
	0x08, 0x00, 0x00, 0x00, 0x00, 0x00, 0x14, 0x74, 0x65, 0x78, 0x5f, 0x66, 0x6c, 0x61, 0x73, 0x68, // .......tex_flash
	0x65, 0x72, 0x5f, 0x41, 0x53, 0x61, 0x6d, 0x70, 0x6c, 0x65, 0x72, 0x11, 0x01, 0xff, 0xff, 0x01, // er_ASampler.....
	0x00, 0x00, 0x00, 0x00, 0x00, 0x14, 0x74, 0x65, 0x78, 0x5f, 0x66, 0x6c, 0x61, 0x73, 0x68, 0x65, // ......tex_flashe
	0x72, 0x5f, 0x41, 0x54, 0x65, 0x78, 0x74, 0x75, 0x72, 0x65, 0x11, 0x01, 0xff, 0xff, 0x01, 0x00, // r_ATexture......
	0x00, 0x00, 0x00, 0x00, 0x14, 0x74, 0x65, 0x78, 0x5f, 0x66, 0x6c, 0x61, 0x73, 0x68, 0x65, 0x72, // .....tex_flasher
	0x5f, 0x42, 0x53, 0x61, 0x6d, 0x70, 0x6c, 0x65, 0x72, 0x11, 0x01, 0xff, 0xff, 0x01, 0x00, 0x00, // _BSampler.......
	0x00, 0x00, 0x00, 0x14, 0x74, 0x65, 0x78, 0x5f, 0x66, 0x6c, 0x61, 0x73, 0x68, 0x65, 0x72, 0x5f, // ....tex_flasher_
	0x42, 0x54, 0x65, 0x78, 0x74, 0x75, 0x72, 0x65, 0x11, 0x01, 0xff, 0xff, 0x01, 0x00, 0x00, 0x00, // BTexture........
	0x00, 0x00, 0x28, 0x61, 0x6d, 0x6f, 0x75, 0x6e, 0x74, 0x5f, 0x62, 0x6c, 0x65, 0x6e, 0x64, 0x5f, // ..(amount_blend_
	0x6d, 0x6f, 0x64, 0x75, 0x6c, 0x61, 0x74, 0x65, 0x5f, 0x76, 0x73, 0x5f, 0x61, 0x64, 0x64, 0x5f, // modulate_vs_add_
	0x66, 0x6c, 0x61, 0x73, 0x68, 0x65, 0x72, 0x4d, 0x6f, 0x64, 0x65, 0x12, 0x01, 0xa0, 0x00, 0x01, // flasherMode.....
	0x00, 0x00, 0x00, 0x00, 0x00, 0x24, 0x61, 0x6c, 0x70, 0x68, 0x61, 0x54, 0x65, 0x73, 0x74, 0x56, // .....$alphaTestV
	0x61, 0x6c, 0x75, 0x65, 0x41, 0x42, 0x5f, 0x66, 0x69, 0x6c, 0x74, 0x65, 0x72, 0x4d, 0x6f, 0x64, // alueAB_filterMod
	0x65, 0x5f, 0x61, 0x64, 0x64, 0x42, 0x6c, 0x65, 0x6e, 0x64, 0x12, 0x01, 0x90, 0x00, 0x01, 0x00, // e_addBlend......
	0x00, 0x00, 0x00, 0x00, 0x11, 0x73, 0x74, 0x61, 0x74, 0x69, 0x63, 0x43, 0x6f, 0x6c, 0x6f, 0x72, // .....staticColor
	0x5f, 0x41, 0x6c, 0x70, 0x68, 0x61, 0x12, 0x01, 0x80, 0x00, 0x01, 0x00, 0x00, 0x00, 0x00, 0x00, // _Alpha..........
	0x14, 0x6c, 0x69, 0x67, 0x68, 0x74, 0x43, 0x65, 0x6e, 0x74, 0x65, 0x72, 0x5f, 0x64, 0x6f, 0x53, // .lightCenter_doS
	0x68, 0x61, 0x64, 0x6f, 0x77, 0x12, 0x01, 0xb0, 0x00, 0x01, 0x00, 0x00, 0x00, 0x00, 0x00, 0x0d, // hadow...........
	0x74, 0x65, 0x78, 0x5f, 0x66, 0x6c, 0x61, 0x73, 0x68, 0x65, 0x72, 0x5f, 0x41, 0x10, 0x00, 0x00, // tex_flasher_A...
	0x00, 0x00, 0x00, 0x00, 0x02, 0x00, 0x00, 0x0d, 0x74, 0x65, 0x78, 0x5f, 0x66, 0x6c, 0x61, 0x73, // ........tex_flas
	0x68, 0x65, 0x72, 0x5f, 0x42, 0x10, 0x00, 0x00, 0x00, 0x00, 0x00, 0x00, 0x02, 0x00, 0x00, 0x8d, // her_B...........
	0x1a, 0x00, 0x00, 0x23, 0x69, 0x6e, 0x63, 0x6c, 0x75, 0x64, 0x65, 0x20, 0x3c, 0x6d, 0x65, 0x74, // ...#include <met
	0x61, 0x6c, 0x5f, 0x73, 0x74, 0x64, 0x6c, 0x69, 0x62, 0x3e, 0x0a, 0x23, 0x69, 0x6e, 0x63, 0x6c, // al_stdlib>.#incl
	0x75, 0x64, 0x65, 0x20, 0x3c, 0x73, 0x69, 0x6d, 0x64, 0x2f, 0x73, 0x69, 0x6d, 0x64, 0x2e, 0x68, // ude <simd/simd.h
	0x3e, 0x0a, 0x0a, 0x75, 0x73, 0x69, 0x6e, 0x67, 0x20, 0x6e, 0x61, 0x6d, 0x65, 0x73, 0x70, 0x61, // >..using namespa
	0x63, 0x65, 0x20, 0x6d, 0x65, 0x74, 0x61, 0x6c, 0x3b, 0x0a, 0x0a, 0x73, 0x74, 0x72, 0x75, 0x63, // ce metal;..struc
	0x74, 0x20, 0x5f, 0x47, 0x6c, 0x6f, 0x62, 0x61, 0x6c, 0x0a, 0x7b, 0x0a, 0x20, 0x20, 0x20, 0x20, // t _Global.{.    
	0x66, 0x6c, 0x6f, 0x61, 0x74, 0x34, 0x20, 0x62, 0x61, 0x6c, 0x6c, 0x73, 0x5b, 0x38, 0x5d, 0x3b, // float4 balls[8];
	0x0a, 0x20, 0x20, 0x20, 0x20, 0x66, 0x6c, 0x6f, 0x61, 0x74, 0x34, 0x20, 0x73, 0x74, 0x61, 0x74, // .    float4 stat
	0x69, 0x63, 0x43, 0x6f, 0x6c, 0x6f, 0x72, 0x5f, 0x41, 0x6c, 0x70, 0x68, 0x61, 0x3b, 0x0a, 0x20, // icColor_Alpha;. 
	0x20, 0x20, 0x20, 0x66, 0x6c, 0x6f, 0x61, 0x74, 0x34, 0x20, 0x61, 0x6c, 0x70, 0x68, 0x61, 0x54, //    float4 alphaT
	0x65, 0x73, 0x74, 0x56, 0x61, 0x6c, 0x75, 0x65, 0x41, 0x42, 0x5f, 0x66, 0x69, 0x6c, 0x74, 0x65, // estValueAB_filte
	0x72, 0x4d, 0x6f, 0x64, 0x65, 0x5f, 0x61, 0x64, 0x64, 0x42, 0x6c, 0x65, 0x6e, 0x64, 0x3b, 0x0a, // rMode_addBlend;.
	0x20, 0x20, 0x20, 0x20, 0x66, 0x6c, 0x6f, 0x61, 0x74, 0x34, 0x20, 0x61, 0x6d, 0x6f, 0x75, 0x6e, //     float4 amoun
	0x74, 0x5f, 0x62, 0x6c, 0x65, 0x6e, 0x64, 0x5f, 0x6d, 0x6f, 0x64, 0x75, 0x6c, 0x61, 0x74, 0x65, // t_blend_modulate
	0x5f, 0x76, 0x73, 0x5f, 0x61, 0x64, 0x64, 0x5f, 0x66, 0x6c, 0x61, 0x73, 0x68, 0x65, 0x72, 0x4d, // _vs_add_flasherM
	0x6f, 0x64, 0x65, 0x3b, 0x0a, 0x20, 0x20, 0x20, 0x20, 0x66, 0x6c, 0x6f, 0x61, 0x74, 0x34, 0x20, // ode;.    float4 
	0x6c, 0x69, 0x67, 0x68, 0x74, 0x43, 0x65, 0x6e, 0x74, 0x65, 0x72, 0x5f, 0x64, 0x6f, 0x53, 0x68, // lightCenter_doSh
	0x61, 0x64, 0x6f, 0x77, 0x3b, 0x0a, 0x7d, 0x3b, 0x0a, 0x0a, 0x63, 0x6f, 0x6e, 0x73, 0x74, 0x61, // adow;.};..consta
	0x6e, 0x74, 0x20, 0x66, 0x6c, 0x6f, 0x61, 0x74, 0x34, 0x20, 0x5f, 0x39, 0x31, 0x33, 0x20, 0x3d, // nt float4 _913 =
	0x20, 0x7b, 0x7d, 0x3b, 0x0a, 0x63, 0x6f, 0x6e, 0x73, 0x74, 0x61, 0x6e, 0x74, 0x20, 0x66, 0x6c, //  {};.constant fl
	0x6f, 0x61, 0x74, 0x20, 0x5f, 0x39, 0x34, 0x32, 0x20, 0x3d, 0x20, 0x7b, 0x7d, 0x3b, 0x0a, 0x0a, // oat _942 = {};..
	0x73, 0x74, 0x72, 0x75, 0x63, 0x74, 0x20, 0x78, 0x6c, 0x61, 0x74, 0x4d, 0x74, 0x6c, 0x4d, 0x61, // struct xlatMtlMa
	0x69, 0x6e, 0x5f, 0x6f, 0x75, 0x74, 0x0a, 0x7b, 0x0a, 0x20, 0x20, 0x20, 0x20, 0x66, 0x6c, 0x6f, // in_out.{.    flo
	0x61, 0x74, 0x34, 0x20, 0x62, 0x67, 0x66, 0x78, 0x5f, 0x46, 0x72, 0x61, 0x67, 0x44, 0x61, 0x74, // at4 bgfx_FragDat
	0x61, 0x30, 0x20, 0x5b, 0x5b, 0x63, 0x6f, 0x6c, 0x6f, 0x72, 0x28, 0x30, 0x29, 0x5d, 0x5d, 0x3b, // a0 [[color(0)]];
	0x0a, 0x7d, 0x3b, 0x0a, 0x0a, 0x73, 0x74, 0x72, 0x75, 0x63, 0x74, 0x20, 0x78, 0x6c, 0x61, 0x74, // .};..struct xlat
	0x4d, 0x74, 0x6c, 0x4d, 0x61, 0x69, 0x6e, 0x5f, 0x69, 0x6e, 0x0a, 0x7b, 0x0a, 0x20, 0x20, 0x20, // MtlMain_in.{.   
	0x20, 0x66, 0x6c, 0x6f, 0x61, 0x74, 0x20, 0x76, 0x5f, 0x63, 0x6c, 0x69, 0x70, 0x44, 0x69, 0x73, //  float v_clipDis
	0x74, 0x61, 0x6e, 0x63, 0x65, 0x20, 0x5b, 0x5b, 0x75, 0x73, 0x65, 0x72, 0x28, 0x6c, 0x6f, 0x63, // tance [[user(loc
	0x6e, 0x30, 0x29, 0x5d, 0x5d, 0x3b, 0x0a, 0x20, 0x20, 0x20, 0x20, 0x66, 0x6c, 0x6f, 0x61, 0x74, // n0)]];.    float
	0x33, 0x20, 0x76, 0x5f, 0x74, 0x61, 0x62, 0x6c, 0x65, 0x50, 0x6f, 0x73, 0x20, 0x5b, 0x5b, 0x75, // 3 v_tablePos [[u
	0x73, 0x65, 0x72, 0x28, 0x6c, 0x6f, 0x63, 0x6e, 0x31, 0x29, 0x5d, 0x5d, 0x3b, 0x0a, 0x20, 0x20, // ser(locn1)]];.  
	0x20, 0x20, 0x66, 0x6c, 0x6f, 0x61, 0x74, 0x32, 0x20, 0x76, 0x5f, 0x74, 0x65, 0x78, 0x63, 0x6f, //   float2 v_texco
	0x6f, 0x72, 0x64, 0x30, 0x20, 0x5b, 0x5b, 0x75, 0x73, 0x65, 0x72, 0x28, 0x6c, 0x6f, 0x63, 0x6e, // ord0 [[user(locn
	0x32, 0x29, 0x5d, 0x5d, 0x3b, 0x0a, 0x7d, 0x3b, 0x0a, 0x0a, 0x5b, 0x5b, 0x20, 0x65, 0x61, 0x72, // 2)]];.};..[[ ear
	0x6c, 0x79, 0x5f, 0x66, 0x72, 0x61, 0x67, 0x6d, 0x65, 0x6e, 0x74, 0x5f, 0x74, 0x65, 0x73, 0x74, // ly_fragment_test
	0x73, 0x20, 0x5d, 0x5d, 0x20, 0x66, 0x72, 0x61, 0x67, 0x6d, 0x65, 0x6e, 0x74, 0x20, 0x78, 0x6c, // s ]] fragment xl
	0x61, 0x74, 0x4d, 0x74, 0x6c, 0x4d, 0x61, 0x69, 0x6e, 0x5f, 0x6f, 0x75, 0x74, 0x20, 0x78, 0x6c, // atMtlMain_out xl
	0x61, 0x74, 0x4d, 0x74, 0x6c, 0x4d, 0x61, 0x69, 0x6e, 0x28, 0x78, 0x6c, 0x61, 0x74, 0x4d, 0x74, // atMtlMain(xlatMt
	0x6c, 0x4d, 0x61, 0x69, 0x6e, 0x5f, 0x69, 0x6e, 0x20, 0x69, 0x6e, 0x20, 0x5b, 0x5b, 0x73, 0x74, // lMain_in in [[st
	0x61, 0x67, 0x65, 0x5f, 0x69, 0x6e, 0x5d, 0x5d, 0x2c, 0x20, 0x63, 0x6f, 0x6e, 0x73, 0x74, 0x61, // age_in]], consta
	0x6e, 0x74, 0x20, 0x5f, 0x47, 0x6c, 0x6f, 0x62, 0x61, 0x6c, 0x26, 0x20, 0x5f, 0x6d, 0x74, 0x6c, // nt _Global& _mtl
	0x5f, 0x75, 0x20, 0x5b, 0x5b, 0x62, 0x75, 0x66, 0x66, 0x65, 0x72, 0x28, 0x30, 0x29, 0x5d, 0x5d, // _u [[buffer(0)]]
	0x2c, 0x20, 0x74, 0x65, 0x78, 0x74, 0x75, 0x72, 0x65, 0x32, 0x64, 0x3c, 0x66, 0x6c, 0x6f, 0x61, // , texture2d<floa
	0x74, 0x3e, 0x20, 0x74, 0x65, 0x78, 0x5f, 0x66, 0x6c, 0x61, 0x73, 0x68, 0x65, 0x72, 0x5f, 0x41, // t> tex_flasher_A
	0x20, 0x5b, 0x5b, 0x74, 0x65, 0x78, 0x74, 0x75, 0x72, 0x65, 0x28, 0x30, 0x29, 0x5d, 0x5d, 0x2c, //  [[texture(0)]],
	0x20, 0x74, 0x65, 0x78, 0x74, 0x75, 0x72, 0x65, 0x32, 0x64, 0x3c, 0x66, 0x6c, 0x6f, 0x61, 0x74, //  texture2d<float
	0x3e, 0x20, 0x74, 0x65, 0x78, 0x5f, 0x66, 0x6c, 0x61, 0x73, 0x68, 0x65, 0x72, 0x5f, 0x42, 0x20, // > tex_flasher_B 
	0x5b, 0x5b, 0x74, 0x65, 0x78, 0x74, 0x75, 0x72, 0x65, 0x28, 0x31, 0x29, 0x5d, 0x5d, 0x2c, 0x20, // [[texture(1)]], 
	0x73, 0x61, 0x6d, 0x70, 0x6c, 0x65, 0x72, 0x20, 0x74, 0x65, 0x78, 0x5f, 0x66, 0x6c, 0x61, 0x73, // sampler tex_flas
	0x68, 0x65, 0x72, 0x5f, 0x41, 0x53, 0x61, 0x6d, 0x70, 0x6c, 0x65, 0x72, 0x20, 0x5b, 0x5b, 0x73, // her_ASampler [[s
	0x61, 0x6d, 0x70, 0x6c, 0x65, 0x72, 0x28, 0x30, 0x29, 0x5d, 0x5d, 0x2c, 0x20, 0x73, 0x61, 0x6d, // ampler(0)]], sam
	0x70, 0x6c, 0x65, 0x72, 0x20, 0x74, 0x65, 0x78, 0x5f, 0x66, 0x6c, 0x61, 0x73, 0x68, 0x65, 0x72, // pler tex_flasher
	0x5f, 0x42, 0x53, 0x61, 0x6d, 0x70, 0x6c, 0x65, 0x72, 0x20, 0x5b, 0x5b, 0x73, 0x61, 0x6d, 0x70, // _BSampler [[samp
	0x6c, 0x65, 0x72, 0x28, 0x31, 0x29, 0x5d, 0x5d, 0x29, 0x0a, 0x7b, 0x0a, 0x20, 0x20, 0x20, 0x20, // ler(1)]]).{.    
	0x78, 0x6c, 0x61, 0x74, 0x4d, 0x74, 0x6c, 0x4d, 0x61, 0x69, 0x6e, 0x5f, 0x6f, 0x75, 0x74, 0x20, // xlatMtlMain_out 
	0x6f, 0x75, 0x74, 0x20, 0x3d, 0x20, 0x7b, 0x7d, 0x3b, 0x0a, 0x20, 0x20, 0x20, 0x20, 0x66, 0x6c, // out = {};.    fl
	0x6f, 0x61, 0x74, 0x34, 0x20, 0x5f, 0x39, 0x35, 0x35, 0x3b, 0x0a, 0x20, 0x20, 0x20, 0x20, 0x64, // oat4 _955;.    d
	0x6f, 0x0a, 0x20, 0x20, 0x20, 0x20, 0x7b, 0x0a, 0x20, 0x20, 0x20, 0x20, 0x20, 0x20, 0x20, 0x20, // o.    {.        
	0x69, 0x66, 0x20, 0x28, 0x69, 0x6e, 0x2e, 0x76, 0x5f, 0x63, 0x6c, 0x69, 0x70, 0x44, 0x69, 0x73, // if (in.v_clipDis
	0x74, 0x61, 0x6e, 0x63, 0x65, 0x20, 0x3c, 0x20, 0x30, 0x2e, 0x30, 0x29, 0x0a, 0x20, 0x20, 0x20, // tance < 0.0).   
	0x20, 0x20, 0x20, 0x20, 0x20, 0x7b, 0x0a, 0x20, 0x20, 0x20, 0x20, 0x20, 0x20, 0x20, 0x20, 0x20, //      {.         
	0x20, 0x20, 0x20, 0x64, 0x69, 0x73, 0x63, 0x61, 0x72, 0x64, 0x5f, 0x66, 0x72, 0x61, 0x67, 0x6d, //    discard_fragm
	0x65, 0x6e, 0x74, 0x28, 0x29, 0x3b, 0x0a, 0x20, 0x20, 0x20, 0x20, 0x20, 0x20, 0x20, 0x20, 0x7d, // ent();.        }
	0x0a, 0x20, 0x20, 0x20, 0x20, 0x20, 0x20, 0x20, 0x20, 0x66, 0x6c, 0x6f, 0x61, 0x74, 0x34, 0x20, // .        float4 
	0x5f, 0x39, 0x31, 0x32, 0x3b, 0x0a, 0x20, 0x20, 0x20, 0x20, 0x20, 0x20, 0x20, 0x20, 0x69, 0x66, // _912;.        if
	0x20, 0x28, 0x5f, 0x6d, 0x74, 0x6c, 0x5f, 0x75, 0x2e, 0x61, 0x6d, 0x6f, 0x75, 0x6e, 0x74, 0x5f, //  (_mtl_u.amount_
	0x62, 0x6c, 0x65, 0x6e, 0x64, 0x5f, 0x6d, 0x6f, 0x64, 0x75, 0x6c, 0x61, 0x74, 0x65, 0x5f, 0x76, // blend_modulate_v
	0x73, 0x5f, 0x61, 0x64, 0x64, 0x5f, 0x66, 0x6c, 0x61, 0x73, 0x68, 0x65, 0x72, 0x4d, 0x6f, 0x64, // s_add_flasherMod
	0x65, 0x2e, 0x7a, 0x20, 0x3c, 0x20, 0x32, 0x2e, 0x30, 0x29, 0x0a, 0x20, 0x20, 0x20, 0x20, 0x20, // e.z < 2.0).     
	0x20, 0x20, 0x20, 0x7b, 0x0a, 0x20, 0x20, 0x20, 0x20, 0x20, 0x20, 0x20, 0x20, 0x20, 0x20, 0x20, //    {.           
	0x20, 0x66, 0x6c, 0x6f, 0x61, 0x74, 0x34, 0x20, 0x5f, 0x37, 0x32, 0x39, 0x20, 0x3d, 0x20, 0x74, //  float4 _729 = t
	0x65, 0x78, 0x5f, 0x66, 0x6c, 0x61, 0x73, 0x68, 0x65, 0x72, 0x5f, 0x41, 0x2e, 0x73, 0x61, 0x6d, // ex_flasher_A.sam
	0x70, 0x6c, 0x65, 0x28, 0x74, 0x65, 0x78, 0x5f, 0x66, 0x6c, 0x61, 0x73, 0x68, 0x65, 0x72, 0x5f, // ple(tex_flasher_
	0x41, 0x53, 0x61, 0x6d, 0x70, 0x6c, 0x65, 0x72, 0x2c, 0x20, 0x69, 0x6e, 0x2e, 0x76, 0x5f, 0x74, // ASampler, in.v_t
	0x65, 0x78, 0x63, 0x6f, 0x6f, 0x72, 0x64, 0x30, 0x29, 0x3b, 0x0a, 0x20, 0x20, 0x20, 0x20, 0x20, // excoord0);.     
	0x20, 0x20, 0x20, 0x20, 0x20, 0x20, 0x20, 0x69, 0x66, 0x20, 0x28, 0x5f, 0x37, 0x32, 0x39, 0x2e, //        if (_729.
	0x77, 0x20, 0x3c, 0x3d, 0x20, 0x5f, 0x6d, 0x74, 0x6c, 0x5f, 0x75, 0x2e, 0x61, 0x6c, 0x70, 0x68, // w <= _mtl_u.alph
	0x61, 0x54, 0x65, 0x73, 0x74, 0x56, 0x61, 0x6c, 0x75, 0x65, 0x41, 0x42, 0x5f, 0x66, 0x69, 0x6c, // aTestValueAB_fil
	0x74, 0x65, 0x72, 0x4d, 0x6f, 0x64, 0x65, 0x5f, 0x61, 0x64, 0x64, 0x42, 0x6c, 0x65, 0x6e, 0x64, // terMode_addBlend
	0x2e, 0x78, 0x29, 0x0a, 0x20, 0x20, 0x20, 0x20, 0x20, 0x20, 0x20, 0x20, 0x20, 0x20, 0x20, 0x20, // .x).            
	0x7b, 0x0a, 0x20, 0x20, 0x20, 0x20, 0x20, 0x20, 0x20, 0x20, 0x20, 0x20, 0x20, 0x20, 0x20, 0x20, // {.              
	0x20, 0x20, 0x5f, 0x39, 0x35, 0x35, 0x20, 0x3d, 0x20, 0x66, 0x6c, 0x6f, 0x61, 0x74, 0x34, 0x28, //   _955 = float4(
	0x30, 0x2e, 0x30, 0x29, 0x3b, 0x0a, 0x20, 0x20, 0x20, 0x20, 0x20, 0x20, 0x20, 0x20, 0x20, 0x20, // 0.0);.          
	0x20, 0x20, 0x20, 0x20, 0x20, 0x20, 0x62, 0x72, 0x65, 0x61, 0x6b, 0x3b, 0x0a, 0x20, 0x20, 0x20, //       break;.   
	0x20, 0x20, 0x20, 0x20, 0x20, 0x20, 0x20, 0x20, 0x20, 0x7d, 0x0a, 0x20, 0x20, 0x20, 0x20, 0x20, //          }.     
	0x20, 0x20, 0x20, 0x20, 0x20, 0x20, 0x20, 0x5f, 0x39, 0x31, 0x32, 0x20, 0x3d, 0x20, 0x5f, 0x37, //        _912 = _7
	0x32, 0x39, 0x3b, 0x0a, 0x20, 0x20, 0x20, 0x20, 0x20, 0x20, 0x20, 0x20, 0x7d, 0x0a, 0x20, 0x20, // 29;.        }.  
	0x20, 0x20, 0x20, 0x20, 0x20, 0x20, 0x65, 0x6c, 0x73, 0x65, 0x0a, 0x20, 0x20, 0x20, 0x20, 0x20, //       else.     
	0x20, 0x20, 0x20, 0x7b, 0x0a, 0x20, 0x20, 0x20, 0x20, 0x20, 0x20, 0x20, 0x20, 0x20, 0x20, 0x20, //    {.           
	0x20, 0x5f, 0x39, 0x31, 0x32, 0x20, 0x3d, 0x20, 0x5f, 0x39, 0x31, 0x33, 0x3b, 0x0a, 0x20, 0x20, //  _912 = _913;.  
	0x20, 0x20, 0x20, 0x20, 0x20, 0x20, 0x7d, 0x0a, 0x20, 0x20, 0x20, 0x20, 0x20, 0x20, 0x20, 0x20, //       }.        
	0x62, 0x6f, 0x6f, 0x6c, 0x20, 0x5f, 0x35, 0x36, 0x30, 0x20, 0x3d, 0x20, 0x5f, 0x6d, 0x74, 0x6c, // bool _560 = _mtl
	0x5f, 0x75, 0x2e, 0x61, 0x6d, 0x6f, 0x75, 0x6e, 0x74, 0x5f, 0x62, 0x6c, 0x65, 0x6e, 0x64, 0x5f, // _u.amount_blend_
	0x6d, 0x6f, 0x64, 0x75, 0x6c, 0x61, 0x74, 0x65, 0x5f, 0x76, 0x73, 0x5f, 0x61, 0x64, 0x64, 0x5f, // modulate_vs_add_
	0x66, 0x6c, 0x61, 0x73, 0x68, 0x65, 0x72, 0x4d, 0x6f, 0x64, 0x65, 0x2e, 0x7a, 0x20, 0x3d, 0x3d, // flasherMode.z ==
	0x20, 0x31, 0x2e, 0x30, 0x3b, 0x0a, 0x20, 0x20, 0x20, 0x20, 0x20, 0x20, 0x20, 0x20, 0x66, 0x6c, //  1.0;.        fl
	0x6f, 0x61, 0x74, 0x34, 0x20, 0x5f, 0x39, 0x31, 0x36, 0x3b, 0x0a, 0x20, 0x20, 0x20, 0x20, 0x20, // oat4 _916;.     
	0x20, 0x20, 0x20, 0x69, 0x66, 0x20, 0x28, 0x5f, 0x35, 0x36, 0x30, 0x29, 0x0a, 0x20, 0x20, 0x20, //    if (_560).   
	0x20, 0x20, 0x20, 0x20, 0x20, 0x7b, 0x0a, 0x20, 0x20, 0x20, 0x20, 0x20, 0x20, 0x20, 0x20, 0x20, //      {.         
	0x20, 0x20, 0x20, 0x66, 0x6c, 0x6f, 0x61, 0x74, 0x34, 0x20, 0x5f, 0x37, 0x34, 0x32, 0x20, 0x3d, //    float4 _742 =
	0x20, 0x74, 0x65, 0x78, 0x5f, 0x66, 0x6c, 0x61, 0x73, 0x68, 0x65, 0x72, 0x5f, 0x42, 0x2e, 0x73, //  tex_flasher_B.s
	0x61, 0x6d, 0x70, 0x6c, 0x65, 0x28, 0x74, 0x65, 0x78, 0x5f, 0x66, 0x6c, 0x61, 0x73, 0x68, 0x65, // ample(tex_flashe
	0x72, 0x5f, 0x42, 0x53, 0x61, 0x6d, 0x70, 0x6c, 0x65, 0x72, 0x2c, 0x20, 0x69, 0x6e, 0x2e, 0x76, // r_BSampler, in.v
	0x5f, 0x74, 0x65, 0x78, 0x63, 0x6f, 0x6f, 0x72, 0x64, 0x30, 0x29, 0x3b, 0x0a, 0x20, 0x20, 0x20, // _texcoord0);.   
	0x20, 0x20, 0x20, 0x20, 0x20, 0x20, 0x20, 0x20, 0x20, 0x69, 0x66, 0x20, 0x28, 0x5f, 0x37, 0x34, //          if (_74
	0x32, 0x2e, 0x77, 0x20, 0x3c, 0x3d, 0x20, 0x5f, 0x6d, 0x74, 0x6c, 0x5f, 0x75, 0x2e, 0x61, 0x6c, // 2.w <= _mtl_u.al
	0x70, 0x68, 0x61, 0x54, 0x65, 0x73, 0x74, 0x56, 0x61, 0x6c, 0x75, 0x65, 0x41, 0x42, 0x5f, 0x66, // phaTestValueAB_f
	0x69, 0x6c, 0x74, 0x65, 0x72, 0x4d, 0x6f, 0x64, 0x65, 0x5f, 0x61, 0x64, 0x64, 0x42, 0x6c, 0x65, // ilterMode_addBle
	0x6e, 0x64, 0x2e, 0x79, 0x29, 0x0a, 0x20, 0x20, 0x20, 0x20, 0x20, 0x20, 0x20, 0x20, 0x20, 0x20, // nd.y).          
	0x20, 0x20, 0x7b, 0x0a, 0x20, 0x20, 0x20, 0x20, 0x20, 0x20, 0x20, 0x20, 0x20, 0x20, 0x20, 0x20, //   {.            
	0x20, 0x20, 0x20, 0x20, 0x5f, 0x39, 0x35, 0x35, 0x20, 0x3d, 0x20, 0x66, 0x6c, 0x6f, 0x61, 0x74, //     _955 = float
	0x34, 0x28, 0x30, 0x2e, 0x30, 0x29, 0x3b, 0x0a, 0x20, 0x20, 0x20, 0x20, 0x20, 0x20, 0x20, 0x20, // 4(0.0);.        
	0x20, 0x20, 0x20, 0x20, 0x20, 0x20, 0x20, 0x20, 0x62, 0x72, 0x65, 0x61, 0x6b, 0x3b, 0x0a, 0x20, //         break;. 
	0x20, 0x20, 0x20, 0x20, 0x20, 0x20, 0x20, 0x20, 0x20, 0x20, 0x20, 0x7d, 0x0a, 0x20, 0x20, 0x20, //            }.   
	0x20, 0x20, 0x20, 0x20, 0x20, 0x20, 0x20, 0x20, 0x20, 0x5f, 0x39, 0x31, 0x36, 0x20, 0x3d, 0x20, //          _916 = 
	0x5f, 0x37, 0x34, 0x32, 0x3b, 0x0a, 0x20, 0x20, 0x20, 0x20, 0x20, 0x20, 0x20, 0x20, 0x7d, 0x0a, // _742;.        }.
	0x20, 0x20, 0x20, 0x20, 0x20, 0x20, 0x20, 0x20, 0x65, 0x6c, 0x73, 0x65, 0x0a, 0x20, 0x20, 0x20, //         else.   
	0x20, 0x20, 0x20, 0x20, 0x20, 0x7b, 0x0a, 0x20, 0x20, 0x20, 0x20, 0x20, 0x20, 0x20, 0x20, 0x20, //      {.         
	0x20, 0x20, 0x20, 0x5f, 0x39, 0x31, 0x36, 0x20, 0x3d, 0x20, 0x5f, 0x39, 0x31, 0x33, 0x3b, 0x0a, //    _916 = _913;.
	0x20, 0x20, 0x20, 0x20, 0x20, 0x20, 0x20, 0x20, 0x7d, 0x0a, 0x20, 0x20, 0x20, 0x20, 0x20, 0x20, //         }.      
	0x20, 0x20, 0x66, 0x6c, 0x6f, 0x61, 0x74, 0x34, 0x20, 0x5f, 0x39, 0x31, 0x38, 0x3b, 0x0a, 0x20, //   float4 _918;. 
	0x20, 0x20, 0x20, 0x20, 0x20, 0x20, 0x20, 0x69, 0x66, 0x20, 0x28, 0x5f, 0x6d, 0x74, 0x6c, 0x5f, //        if (_mtl_
	0x75, 0x2e, 0x61, 0x6d, 0x6f, 0x75, 0x6e, 0x74, 0x5f, 0x62, 0x6c, 0x65, 0x6e, 0x64, 0x5f, 0x6d, // u.amount_blend_m
	0x6f, 0x64, 0x75, 0x6c, 0x61, 0x74, 0x65, 0x5f, 0x76, 0x73, 0x5f, 0x61, 0x64, 0x64, 0x5f, 0x66, // odulate_vs_add_f
	0x6c, 0x61, 0x73, 0x68, 0x65, 0x72, 0x4d, 0x6f, 0x64, 0x65, 0x2e, 0x7a, 0x20, 0x3d, 0x3d, 0x20, // lasherMode.z == 
	0x30, 0x2e, 0x30, 0x29, 0x0a, 0x20, 0x20, 0x20, 0x20, 0x20, 0x20, 0x20, 0x20, 0x7b, 0x0a, 0x20, // 0.0).        {. 
	0x20, 0x20, 0x20, 0x20, 0x20, 0x20, 0x20, 0x20, 0x20, 0x20, 0x20, 0x5f, 0x39, 0x31, 0x38, 0x20, //            _918 
	0x3d, 0x20, 0x5f, 0x6d, 0x74, 0x6c, 0x5f, 0x75, 0x2e, 0x73, 0x74, 0x61, 0x74, 0x69, 0x63, 0x43, // = _mtl_u.staticC
	0x6f, 0x6c, 0x6f, 0x72, 0x5f, 0x41, 0x6c, 0x70, 0x68, 0x61, 0x20, 0x2a, 0x20, 0x5f, 0x39, 0x31, // olor_Alpha * _91
	0x32, 0x3b, 0x0a, 0x20, 0x20, 0x20, 0x20, 0x20, 0x20, 0x20, 0x20, 0x7d, 0x0a, 0x20, 0x20, 0x20, // 2;.        }.   
	0x20, 0x20, 0x20, 0x20, 0x20, 0x65, 0x6c, 0x73, 0x65, 0x0a, 0x20, 0x20, 0x20, 0x20, 0x20, 0x20, //      else.      
	0x20, 0x20, 0x7b, 0x0a, 0x20, 0x20, 0x20, 0x20, 0x20, 0x20, 0x20, 0x20, 0x20, 0x20, 0x20, 0x20, //   {.            
	0x5f, 0x39, 0x31, 0x38, 0x20, 0x3d, 0x20, 0x5f, 0x6d, 0x74, 0x6c, 0x5f, 0x75, 0x2e, 0x73, 0x74, // _918 = _mtl_u.st
	0x61, 0x74, 0x69, 0x63, 0x43, 0x6f, 0x6c, 0x6f, 0x72, 0x5f, 0x41, 0x6c, 0x70, 0x68, 0x61, 0x3b, // aticColor_Alpha;
	0x0a, 0x20, 0x20, 0x20, 0x20, 0x20, 0x20, 0x20, 0x20, 0x7d, 0x0a, 0x20, 0x20, 0x20, 0x20, 0x20, // .        }.     
	0x20, 0x20, 0x20, 0x66, 0x6c, 0x6f, 0x61, 0x74, 0x34, 0x20, 0x5f, 0x39, 0x35, 0x31, 0x3b, 0x0a, //    float4 _951;.
	0x20, 0x20, 0x20, 0x20, 0x20, 0x20, 0x20, 0x20, 0x69, 0x66, 0x20, 0x28, 0x5f, 0x35, 0x36, 0x30, //         if (_560
	0x29, 0x0a, 0x20, 0x20, 0x20, 0x20, 0x20, 0x20, 0x20, 0x20, 0x7b, 0x0a, 0x20, 0x20, 0x20, 0x20, // ).        {.    
	0x20, 0x20, 0x20, 0x20, 0x20, 0x20, 0x20, 0x20, 0x66, 0x6c, 0x6f, 0x61, 0x74, 0x34, 0x20, 0x5f, //         float4 _
	0x39, 0x32, 0x31, 0x3b, 0x0a, 0x20, 0x20, 0x20, 0x20, 0x20, 0x20, 0x20, 0x20, 0x20, 0x20, 0x20, // 921;.           
	0x20, 0x69, 0x66, 0x20, 0x28, 0x5f, 0x6d, 0x74, 0x6c, 0x5f, 0x75, 0x2e, 0x61, 0x6c, 0x70, 0x68, //  if (_mtl_u.alph
	0x61, 0x54, 0x65, 0x73, 0x74, 0x56, 0x61, 0x6c, 0x75, 0x65, 0x41, 0x42, 0x5f, 0x66, 0x69, 0x6c, // aTestValueAB_fil
	0x74, 0x65, 0x72, 0x4d, 0x6f, 0x64, 0x65, 0x5f, 0x61, 0x64, 0x64, 0x42, 0x6c, 0x65, 0x6e, 0x64, // terMode_addBlend
	0x2e, 0x7a, 0x20, 0x3d, 0x3d, 0x20, 0x32, 0x2e, 0x30, 0x29, 0x0a, 0x20, 0x20, 0x20, 0x20, 0x20, // .z == 2.0).     
	0x20, 0x20, 0x20, 0x20, 0x20, 0x20, 0x20, 0x7b, 0x0a, 0x20, 0x20, 0x20, 0x20, 0x20, 0x20, 0x20, //        {.       
	0x20, 0x20, 0x20, 0x20, 0x20, 0x20, 0x20, 0x20, 0x20, 0x5f, 0x39, 0x32, 0x31, 0x20, 0x3d, 0x20, //          _921 = 
	0x5f, 0x39, 0x31, 0x38, 0x20, 0x2a, 0x20, 0x66, 0x61, 0x73, 0x74, 0x3a, 0x3a, 0x6d, 0x61, 0x78, // _918 * fast::max
	0x28, 0x6d, 0x69, 0x78, 0x28, 0x28, 0x5f, 0x39, 0x31, 0x32, 0x20, 0x2a, 0x20, 0x5f, 0x39, 0x31, // (mix((_912 * _91
	0x36, 0x29, 0x20, 0x2a, 0x20, 0x32, 0x2e, 0x30, 0x2c, 0x20, 0x66, 0x6c, 0x6f, 0x61, 0x74, 0x34, // 6) * 2.0, float4
	0x28, 0x31, 0x2e, 0x30, 0x29, 0x20, 0x2d, 0x20, 0x28, 0x28, 0x28, 0x66, 0x6c, 0x6f, 0x61, 0x74, // (1.0) - (((float
	0x34, 0x28, 0x31, 0x2e, 0x30, 0x29, 0x20, 0x2d, 0x20, 0x5f, 0x39, 0x31, 0x32, 0x29, 0x20, 0x2a, // 4(1.0) - _912) *
	0x20, 0x32, 0x2e, 0x30, 0x29, 0x20, 0x2a, 0x20, 0x28, 0x66, 0x6c, 0x6f, 0x61, 0x74, 0x34, 0x28, //  2.0) * (float4(
	0x31, 0x2e, 0x30, 0x29, 0x20, 0x2d, 0x20, 0x5f, 0x39, 0x31, 0x36, 0x29, 0x29, 0x2c, 0x20, 0x73, // 1.0) - _916)), s
	0x74, 0x65, 0x70, 0x28, 0x66, 0x6c, 0x6f, 0x61, 0x74, 0x34, 0x28, 0x30, 0x2e, 0x35, 0x29, 0x2c, // tep(float4(0.5),
	0x20, 0x5f, 0x39, 0x31, 0x32, 0x29, 0x29, 0x2c, 0x20, 0x66, 0x6c, 0x6f, 0x61, 0x74, 0x34, 0x28, //  _912)), float4(
	0x30, 0x2e, 0x30, 0x29, 0x29, 0x3b, 0x0a, 0x20, 0x20, 0x20, 0x20, 0x20, 0x20, 0x20, 0x20, 0x20, // 0.0));.         
	0x20, 0x20, 0x20, 0x7d, 0x0a, 0x20, 0x20, 0x20, 0x20, 0x20, 0x20, 0x20, 0x20, 0x20, 0x20, 0x20, //    }.           
	0x20, 0x65, 0x6c, 0x73, 0x65, 0x0a, 0x20, 0x20, 0x20, 0x20, 0x20, 0x20, 0x20, 0x20, 0x20, 0x20, //  else.          
	0x20, 0x20, 0x7b, 0x0a, 0x20, 0x20, 0x20, 0x20, 0x20, 0x20, 0x20, 0x20, 0x20, 0x20, 0x20, 0x20, //   {.            
	0x20, 0x20, 0x20, 0x20, 0x5f, 0x39, 0x32, 0x31, 0x20, 0x3d, 0x20, 0x5f, 0x39, 0x31, 0x38, 0x3b, //     _921 = _918;
	0x0a, 0x20, 0x20, 0x20, 0x20, 0x20, 0x20, 0x20, 0x20, 0x20, 0x20, 0x20, 0x20, 0x7d, 0x0a, 0x20, // .            }. 
	0x20, 0x20, 0x20, 0x20, 0x20, 0x20, 0x20, 0x20, 0x20, 0x20, 0x20, 0x66, 0x6c, 0x6f, 0x61, 0x74, //            float
	0x34, 0x20, 0x5f, 0x39, 0x32, 0x34, 0x3b, 0x0a, 0x20, 0x20, 0x20, 0x20, 0x20, 0x20, 0x20, 0x20, // 4 _924;.        
	0x20, 0x20, 0x20, 0x20, 0x69, 0x66, 0x20, 0x28, 0x5f, 0x6d, 0x74, 0x6c, 0x5f, 0x75, 0x2e, 0x61, //     if (_mtl_u.a
	0x6c, 0x70, 0x68, 0x61, 0x54, 0x65, 0x73, 0x74, 0x56, 0x61, 0x6c, 0x75, 0x65, 0x41, 0x42, 0x5f, // lphaTestValueAB_
	0x66, 0x69, 0x6c, 0x74, 0x65, 0x72, 0x4d, 0x6f, 0x64, 0x65, 0x5f, 0x61, 0x64, 0x64, 0x42, 0x6c, // filterMode_addBl
	0x65, 0x6e, 0x64, 0x2e, 0x7a, 0x20, 0x3d, 0x3d, 0x20, 0x33, 0x2e, 0x30, 0x29, 0x0a, 0x20, 0x20, // end.z == 3.0).  
	0x20, 0x20, 0x20, 0x20, 0x20, 0x20, 0x20, 0x20, 0x20, 0x20, 0x7b, 0x0a, 0x20, 0x20, 0x20, 0x20, //           {.    
	0x20, 0x20, 0x20, 0x20, 0x20, 0x20, 0x20, 0x20, 0x20, 0x20, 0x20, 0x20, 0x5f, 0x39, 0x32, 0x34, //             _924
	0x20, 0x3d, 0x20, 0x5f, 0x39, 0x32, 0x31, 0x20, 0x2a, 0x20, 0x28, 0x28, 0x5f, 0x39, 0x31, 0x32, //  = _921 * ((_912
	0x20, 0x2a, 0x20, 0x5f, 0x39, 0x31, 0x36, 0x29, 0x20, 0x2a, 0x20, 0x5f, 0x6d, 0x74, 0x6c, 0x5f, //  * _916) * _mtl_
	0x75, 0x2e, 0x61, 0x6d, 0x6f, 0x75, 0x6e, 0x74, 0x5f, 0x62, 0x6c, 0x65, 0x6e, 0x64, 0x5f, 0x6d, // u.amount_blend_m
	0x6f, 0x64, 0x75, 0x6c, 0x61, 0x74, 0x65, 0x5f, 0x76, 0x73, 0x5f, 0x61, 0x64, 0x64, 0x5f, 0x66, // odulate_vs_add_f
	0x6c, 0x61, 0x73, 0x68, 0x65, 0x72, 0x4d, 0x6f, 0x64, 0x65, 0x2e, 0x78, 0x29, 0x3b, 0x0a, 0x20, // lasherMode.x);. 
	0x20, 0x20, 0x20, 0x20, 0x20, 0x20, 0x20, 0x20, 0x20, 0x20, 0x20, 0x7d, 0x0a, 0x20, 0x20, 0x20, //            }.   
	0x20, 0x20, 0x20, 0x20, 0x20, 0x20, 0x20, 0x20, 0x20, 0x65, 0x6c, 0x73, 0x65, 0x0a, 0x20, 0x20, //          else.  
	0x20, 0x20, 0x20, 0x20, 0x20, 0x20, 0x20, 0x20, 0x20, 0x20, 0x7b, 0x0a, 0x20, 0x20, 0x20, 0x20, //           {.    
	0x20, 0x20, 0x20, 0x20, 0x20, 0x20, 0x20, 0x20, 0x20, 0x20, 0x20, 0x20, 0x5f, 0x39, 0x32, 0x34, //             _924
	0x20, 0x3d, 0x20, 0x5f, 0x39, 0x32, 0x31, 0x3b, 0x0a, 0x20, 0x20, 0x20, 0x20, 0x20, 0x20, 0x20, //  = _921;.       
	0x20, 0x20, 0x20, 0x20, 0x20, 0x7d, 0x0a, 0x20, 0x20, 0x20, 0x20, 0x20, 0x20, 0x20, 0x20, 0x20, //      }.         
	0x20, 0x20, 0x20, 0x66, 0x6c, 0x6f, 0x61, 0x74, 0x34, 0x20, 0x5f, 0x39, 0x32, 0x37, 0x3b, 0x0a, //    float4 _927;.
	0x20, 0x20, 0x20, 0x20, 0x20, 0x20, 0x20, 0x20, 0x20, 0x20, 0x20, 0x20, 0x69, 0x66, 0x20, 0x28, //             if (
	0x5f, 0x6d, 0x74, 0x6c, 0x5f, 0x75, 0x2e, 0x61, 0x6c, 0x70, 0x68, 0x61, 0x54, 0x65, 0x73, 0x74, // _mtl_u.alphaTest
	0x56, 0x61, 0x6c, 0x75, 0x65, 0x41, 0x42, 0x5f, 0x66, 0x69, 0x6c, 0x74, 0x65, 0x72, 0x4d, 0x6f, // ValueAB_filterMo
	0x64, 0x65, 0x5f, 0x61, 0x64, 0x64, 0x42, 0x6c, 0x65, 0x6e, 0x64, 0x2e, 0x7a, 0x20, 0x3d, 0x3d, // de_addBlend.z ==
	0x20, 0x31, 0x2e, 0x30, 0x29, 0x0a, 0x20, 0x20, 0x20, 0x20, 0x20, 0x20, 0x20, 0x20, 0x20, 0x20, //  1.0).          
	0x20, 0x20, 0x7b, 0x0a, 0x20, 0x20, 0x20, 0x20, 0x20, 0x20, 0x20, 0x20, 0x20, 0x20, 0x20, 0x20, //   {.            
	0x20, 0x20, 0x20, 0x20, 0x5f, 0x39, 0x32, 0x37, 0x20, 0x3d, 0x20, 0x5f, 0x39, 0x32, 0x34, 0x20, //     _927 = _924 
	0x2a, 0x20, 0x28, 0x5f, 0x39, 0x31, 0x32, 0x20, 0x2b, 0x20, 0x28, 0x5f, 0x39, 0x31, 0x36, 0x20, // * (_912 + (_916 
	0x2a, 0x20, 0x5f, 0x6d, 0x74, 0x6c, 0x5f, 0x75, 0x2e, 0x61, 0x6d, 0x6f, 0x75, 0x6e, 0x74, 0x5f, // * _mtl_u.amount_
	0x62, 0x6c, 0x65, 0x6e, 0x64, 0x5f, 0x6d, 0x6f, 0x64, 0x75, 0x6c, 0x61, 0x74, 0x65, 0x5f, 0x76, // blend_modulate_v
	0x73, 0x5f, 0x61, 0x64, 0x64, 0x5f, 0x66, 0x6c, 0x61, 0x73, 0x68, 0x65, 0x72, 0x4d, 0x6f, 0x64, // s_add_flasherMod
	0x65, 0x2e, 0x78, 0x29, 0x29, 0x3b, 0x0a, 0x20, 0x20, 0x20, 0x20, 0x20, 0x20, 0x20, 0x20, 0x20, // e.x));.         
	0x20, 0x20, 0x20, 0x7d, 0x0a, 0x20, 0x20, 0x20, 0x20, 0x20, 0x20, 0x20, 0x20, 0x20, 0x20, 0x20, //    }.           
	0x20, 0x65, 0x6c, 0x73, 0x65, 0x0a, 0x20, 0x20, 0x20, 0x20, 0x20, 0x20, 0x20, 0x20, 0x20, 0x20, //  else.          
	0x20, 0x20, 0x7b, 0x0a, 0x20, 0x20, 0x20, 0x20, 0x20, 0x20, 0x20, 0x20, 0x20, 0x20, 0x20, 0x20, //   {.            
	0x20, 0x20, 0x20, 0x20, 0x5f, 0x39, 0x32, 0x37, 0x20, 0x3d, 0x20, 0x5f, 0x39, 0x32, 0x34, 0x3b, //     _927 = _924;
	0x0a, 0x20, 0x20, 0x20, 0x20, 0x20, 0x20, 0x20, 0x20, 0x20, 0x20, 0x20, 0x20, 0x7d, 0x0a, 0x20, // .            }. 
	0x20, 0x20, 0x20, 0x20, 0x20, 0x20, 0x20, 0x20, 0x20, 0x20, 0x20, 0x66, 0x6c, 0x6f, 0x61, 0x74, //            float
	0x34, 0x20, 0x5f, 0x39, 0x35, 0x32, 0x3b, 0x0a, 0x20, 0x20, 0x20, 0x20, 0x20, 0x20, 0x20, 0x20, // 4 _952;.        
	0x20, 0x20, 0x20, 0x20, 0x69, 0x66, 0x20, 0x28, 0x5f, 0x6d, 0x74, 0x6c, 0x5f, 0x75, 0x2e, 0x61, //     if (_mtl_u.a
	0x6c, 0x70, 0x68, 0x61, 0x54, 0x65, 0x73, 0x74, 0x56, 0x61, 0x6c, 0x75, 0x65, 0x41, 0x42, 0x5f, // lphaTestValueAB_
	0x66, 0x69, 0x6c, 0x74, 0x65, 0x72, 0x4d, 0x6f, 0x64, 0x65, 0x5f, 0x61, 0x64, 0x64, 0x42, 0x6c, // filterMode_addBl
	0x65, 0x6e, 0x64, 0x2e, 0x7a, 0x20, 0x3d, 0x3d, 0x20, 0x34, 0x2e, 0x30, 0x29, 0x0a, 0x20, 0x20, // end.z == 4.0).  
	0x20, 0x20, 0x20, 0x20, 0x20, 0x20, 0x20, 0x20, 0x20, 0x20, 0x7b, 0x0a, 0x20, 0x20, 0x20, 0x20, //           {.    
	0x20, 0x20, 0x20, 0x20, 0x20, 0x20, 0x20, 0x20, 0x20, 0x20, 0x20, 0x20, 0x5f, 0x39, 0x35, 0x32, //             _952
	0x20, 0x3d, 0x20, 0x5f, 0x39, 0x32, 0x37, 0x20, 0x2a, 0x20, 0x66, 0x61, 0x73, 0x74, 0x3a, 0x3a, //  = _927 * fast::
	0x6d, 0x61, 0x78, 0x28, 0x66, 0x6c, 0x6f, 0x61, 0x74, 0x34, 0x28, 0x31, 0x2e, 0x30, 0x29, 0x20, // max(float4(1.0) 
	0x2d, 0x20, 0x28, 0x28, 0x66, 0x6c, 0x6f, 0x61, 0x74, 0x34, 0x28, 0x31, 0x2e, 0x30, 0x29, 0x20, // - ((float4(1.0) 
	0x2d, 0x20, 0x5f, 0x39, 0x31, 0x32, 0x29, 0x20, 0x2a, 0x20, 0x28, 0x66, 0x6c, 0x6f, 0x61, 0x74, // - _912) * (float
	0x34, 0x28, 0x31, 0x2e, 0x30, 0x29, 0x20, 0x2d, 0x20, 0x5f, 0x39, 0x31, 0x36, 0x29, 0x29, 0x2c, // 4(1.0) - _916)),
	0x20, 0x66, 0x6c, 0x6f, 0x61, 0x74, 0x34, 0x28, 0x30, 0x2e, 0x30, 0x29, 0x29, 0x3b, 0x0a, 0x20, //  float4(0.0));. 
	0x20, 0x20, 0x20, 0x20, 0x20, 0x20, 0x20, 0x20, 0x20, 0x20, 0x20, 0x7d, 0x0a, 0x20, 0x20, 0x20, //            }.   
	0x20, 0x20, 0x20, 0x20, 0x20, 0x20, 0x20, 0x20, 0x20, 0x65, 0x6c, 0x73, 0x65, 0x0a, 0x20, 0x20, //          else.  
	0x20, 0x20, 0x20, 0x20, 0x20, 0x20, 0x20, 0x20, 0x20, 0x20, 0x7b, 0x0a, 0x20, 0x20, 0x20, 0x20, //           {.    
	0x20, 0x20, 0x20, 0x20, 0x20, 0x20, 0x20, 0x20, 0x20, 0x20, 0x20, 0x20, 0x5f, 0x39, 0x35, 0x32, //             _952
	0x20, 0x3d, 0x20, 0x5f, 0x39, 0x32, 0x37, 0x3b, 0x0a, 0x20, 0x20, 0x20, 0x20, 0x20, 0x20, 0x20, //  = _927;.       
	0x20, 0x20, 0x20, 0x20, 0x20, 0x7d, 0x0a, 0x20, 0x20, 0x20, 0x20, 0x20, 0x20, 0x20, 0x20, 0x20, //      }.         
	0x20, 0x20, 0x20, 0x5f, 0x39, 0x35, 0x31, 0x20, 0x3d, 0x20, 0x5f, 0x39, 0x35, 0x32, 0x3b, 0x0a, //    _951 = _952;.
	0x20, 0x20, 0x20, 0x20, 0x20, 0x20, 0x20, 0x20, 0x7d, 0x0a, 0x20, 0x20, 0x20, 0x20, 0x20, 0x20, //         }.      
	0x20, 0x20, 0x65, 0x6c, 0x73, 0x65, 0x0a, 0x20, 0x20, 0x20, 0x20, 0x20, 0x20, 0x20, 0x20, 0x7b, //   else.        {
	0x0a, 0x20, 0x20, 0x20, 0x20, 0x20, 0x20, 0x20, 0x20, 0x20, 0x20, 0x20, 0x20, 0x5f, 0x39, 0x35, // .            _95
	0x31, 0x20, 0x3d, 0x20, 0x5f, 0x39, 0x31, 0x38, 0x3b, 0x0a, 0x20, 0x20, 0x20, 0x20, 0x20, 0x20, // 1 = _918;.      
	0x20, 0x20, 0x7d, 0x0a, 0x20, 0x20, 0x20, 0x20, 0x20, 0x20, 0x20, 0x20, 0x66, 0x6c, 0x6f, 0x61, //   }.        floa
	0x74, 0x34, 0x20, 0x5f, 0x39, 0x35, 0x34, 0x3b, 0x0a, 0x20, 0x20, 0x20, 0x20, 0x20, 0x20, 0x20, // t4 _954;.       
	0x20, 0x69, 0x66, 0x20, 0x28, 0x5f, 0x6d, 0x74, 0x6c, 0x5f, 0x75, 0x2e, 0x6c, 0x69, 0x67, 0x68, //  if (_mtl_u.ligh
	0x74, 0x43, 0x65, 0x6e, 0x74, 0x65, 0x72, 0x5f, 0x64, 0x6f, 0x53, 0x68, 0x61, 0x64, 0x6f, 0x77, // tCenter_doShadow
	0x2e, 0x77, 0x20, 0x21, 0x3d, 0x20, 0x30, 0x2e, 0x30, 0x29, 0x0a, 0x20, 0x20, 0x20, 0x20, 0x20, // .w != 0.0).     
	0x20, 0x20, 0x20, 0x7b, 0x0a, 0x20, 0x20, 0x20, 0x20, 0x20, 0x20, 0x20, 0x20, 0x20, 0x20, 0x20, //    {.           
	0x20, 0x66, 0x6c, 0x6f, 0x61, 0x74, 0x33, 0x20, 0x5f, 0x36, 0x34, 0x31, 0x20, 0x3d, 0x20, 0x69, //  float3 _641 = i
	0x6e, 0x2e, 0x76, 0x5f, 0x74, 0x61, 0x62, 0x6c, 0x65, 0x50, 0x6f, 0x73, 0x20, 0x2d, 0x20, 0x5f, // n.v_tablePos - _
	0x6d, 0x74, 0x6c, 0x5f, 0x75, 0x2e, 0x6c, 0x69, 0x67, 0x68, 0x74, 0x43, 0x65, 0x6e, 0x74, 0x65, // mtl_u.lightCente
	0x72, 0x5f, 0x64, 0x6f, 0x53, 0x68, 0x61, 0x64, 0x6f, 0x77, 0x2e, 0x78, 0x79, 0x7a, 0x3b, 0x0a, // r_doShadow.xyz;.
	0x20, 0x20, 0x20, 0x20, 0x20, 0x20, 0x20, 0x20, 0x20, 0x20, 0x20, 0x20, 0x66, 0x6c, 0x6f, 0x61, //             floa
	0x74, 0x20, 0x5f, 0x36, 0x34, 0x33, 0x20, 0x3d, 0x20, 0x6c, 0x65, 0x6e, 0x67, 0x74, 0x68, 0x28, // t _643 = length(
	0x5f, 0x36, 0x34, 0x31, 0x29, 0x3b, 0x0a, 0x20, 0x20, 0x20, 0x20, 0x20, 0x20, 0x20, 0x20, 0x20, // _641);.         
	0x20, 0x20, 0x20, 0x66, 0x6c, 0x6f, 0x61, 0x74, 0x20, 0x5f, 0x39, 0x33, 0x35, 0x3b, 0x0a, 0x20, //    float _935;. 
	0x20, 0x20, 0x20, 0x20, 0x20, 0x20, 0x20, 0x20, 0x20, 0x20, 0x20, 0x64, 0x6f, 0x0a, 0x20, 0x20, //            do.  
	0x20, 0x20, 0x20, 0x20, 0x20, 0x20, 0x20, 0x20, 0x20, 0x20, 0x7b, 0x0a, 0x20, 0x20, 0x20, 0x20, //           {.    
	0x20, 0x20, 0x20, 0x20, 0x20, 0x20, 0x20, 0x20, 0x20, 0x20, 0x20, 0x20, 0x66, 0x6c, 0x6f, 0x61, //             floa
	0x74, 0x20, 0x5f, 0x39, 0x32, 0x39, 0x3b, 0x0a, 0x20, 0x20, 0x20, 0x20, 0x20, 0x20, 0x20, 0x20, // t _929;.        
	0x20, 0x20, 0x20, 0x20, 0x20, 0x20, 0x20, 0x20, 0x5f, 0x39, 0x32, 0x39, 0x20, 0x3d, 0x20, 0x31, //         _929 = 1
	0x2e, 0x30, 0x3b, 0x0a, 0x20, 0x20, 0x20, 0x20, 0x20, 0x20, 0x20, 0x20, 0x20, 0x20, 0x20, 0x20, // .0;.            
	0x20, 0x20, 0x20, 0x20, 0x62, 0x6f, 0x6f, 0x6c, 0x20, 0x5f, 0x39, 0x33, 0x31, 0x3b, 0x0a, 0x20, //     bool _931;. 
	0x20, 0x20, 0x20, 0x20, 0x20, 0x20, 0x20, 0x20, 0x20, 0x20, 0x20, 0x20, 0x20, 0x20, 0x20, 0x66, //                f
	0x6c, 0x6f, 0x61, 0x74, 0x20, 0x5f, 0x39, 0x33, 0x36, 0x3b, 0x0a, 0x20, 0x20, 0x20, 0x20, 0x20, // loat _936;.     
	0x20, 0x20, 0x20, 0x20, 0x20, 0x20, 0x20, 0x20, 0x20, 0x20, 0x20, 0x66, 0x6c, 0x6f, 0x61, 0x74, //            float
	0x20, 0x5f, 0x39, 0x35, 0x38, 0x3b, 0x0a, 0x20, 0x20, 0x20, 0x20, 0x20, 0x20, 0x20, 0x20, 0x20, //  _958;.         
	0x20, 0x20, 0x20, 0x20, 0x20, 0x20, 0x20, 0x69, 0x6e, 0x74, 0x20, 0x5f, 0x39, 0x32, 0x38, 0x20, //        int _928 
	0x3d, 0x20, 0x30, 0x3b, 0x0a, 0x20, 0x20, 0x20, 0x20, 0x20, 0x20, 0x20, 0x20, 0x20, 0x20, 0x20, // = 0;.           
	0x20, 0x20, 0x20, 0x20, 0x20, 0x66, 0x6f, 0x72, 0x20, 0x28, 0x3b, 0x3b, 0x29, 0x0a, 0x20, 0x20, //      for (;;).  
	0x20, 0x20, 0x20, 0x20, 0x20, 0x20, 0x20, 0x20, 0x20, 0x20, 0x20, 0x20, 0x20, 0x20, 0x7b, 0x0a, //               {.
	0x20, 0x20, 0x20, 0x20, 0x20, 0x20, 0x20, 0x20, 0x20, 0x20, 0x20, 0x20, 0x20, 0x20, 0x20, 0x20, //                 
	0x20, 0x20, 0x20, 0x20, 0x69, 0x66, 0x20, 0x28, 0x5f, 0x39, 0x32, 0x38, 0x20, 0x3c, 0x20, 0x38, //     if (_928 < 8
	0x29, 0x0a, 0x20, 0x20, 0x20, 0x20, 0x20, 0x20, 0x20, 0x20, 0x20, 0x20, 0x20, 0x20, 0x20, 0x20, // ).              
	0x20, 0x20, 0x20, 0x20, 0x20, 0x20, 0x7b, 0x0a, 0x20, 0x20, 0x20, 0x20, 0x20, 0x20, 0x20, 0x20, //       {.        
	0x20, 0x20, 0x20, 0x20, 0x20, 0x20, 0x20, 0x20, 0x20, 0x20, 0x20, 0x20, 0x20, 0x20, 0x20, 0x20, //                 
	0x69, 0x66, 0x20, 0x28, 0x5f, 0x6d, 0x74, 0x6c, 0x5f, 0x75, 0x2e, 0x62, 0x61, 0x6c, 0x6c, 0x73, // if (_mtl_u.balls
	0x5b, 0x5f, 0x39, 0x32, 0x38, 0x5d, 0x2e, 0x77, 0x20, 0x3d, 0x3d, 0x20, 0x30, 0x2e, 0x30, 0x29, // [_928].w == 0.0)
	0x0a, 0x20, 0x20, 0x20, 0x20, 0x20, 0x20, 0x20, 0x20, 0x20, 0x20, 0x20, 0x20, 0x20, 0x20, 0x20, // .               
	0x20, 0x20, 0x20, 0x20, 0x20, 0x20, 0x20, 0x20, 0x20, 0x7b, 0x0a, 0x20, 0x20, 0x20, 0x20, 0x20, //          {.     
	0x20, 0x20, 0x20, 0x20, 0x20, 0x20, 0x20, 0x20, 0x20, 0x20, 0x20, 0x20, 0x20, 0x20, 0x20, 0x20, //                 
	0x20, 0x20, 0x20, 0x20, 0x20, 0x20, 0x20, 0x5f, 0x39, 0x33, 0x36, 0x20, 0x3d, 0x20, 0x5f, 0x39, //        _936 = _9
	0x32, 0x39, 0x3b, 0x0a, 0x20, 0x20, 0x20, 0x20, 0x20, 0x20, 0x20, 0x20, 0x20, 0x20, 0x20, 0x20, // 29;.            
	0x20, 0x20, 0x20, 0x20, 0x20, 0x20, 0x20, 0x20, 0x20, 0x20, 0x20, 0x20, 0x20, 0x20, 0x20, 0x20, //                 
	0x5f, 0x39, 0x33, 0x31, 0x20, 0x3d, 0x20, 0x74, 0x72, 0x75, 0x65, 0x3b, 0x0a, 0x20, 0x20, 0x20, // _931 = true;.   
	0x20, 0x20, 0x20, 0x20, 0x20, 0x20, 0x20, 0x20, 0x20, 0x20, 0x20, 0x20, 0x20, 0x20, 0x20, 0x20, //                 
	0x20, 0x20, 0x20, 0x20, 0x20, 0x20, 0x20, 0x20, 0x20, 0x62, 0x72, 0x65, 0x61, 0x6b, 0x3b, 0x0a, //          break;.
	0x20, 0x20, 0x20, 0x20, 0x20, 0x20, 0x20, 0x20, 0x20, 0x20, 0x20, 0x20, 0x20, 0x20, 0x20, 0x20, //                 
	0x20, 0x20, 0x20, 0x20, 0x20, 0x20, 0x20, 0x20, 0x7d, 0x0a, 0x20, 0x20, 0x20, 0x20, 0x20, 0x20, //         }.      
	0x20, 0x20, 0x20, 0x20, 0x20, 0x20, 0x20, 0x20, 0x20, 0x20, 0x20, 0x20, 0x20, 0x20, 0x20, 0x20, //                 
	0x20, 0x20, 0x66, 0x6c, 0x6f, 0x61, 0x74, 0x33, 0x20, 0x5f, 0x38, 0x32, 0x35, 0x20, 0x3d, 0x20, //   float3 _825 = 
	0x5f, 0x6d, 0x74, 0x6c, 0x5f, 0x75, 0x2e, 0x62, 0x61, 0x6c, 0x6c, 0x73, 0x5b, 0x5f, 0x39, 0x32, // _mtl_u.balls[_92
	0x38, 0x5d, 0x2e, 0x78, 0x79, 0x7a, 0x20, 0x2d, 0x20, 0x5f, 0x6d, 0x74, 0x6c, 0x5f, 0x75, 0x2e, // 8].xyz - _mtl_u.
	0x6c, 0x69, 0x67, 0x68, 0x74, 0x43, 0x65, 0x6e, 0x74, 0x65, 0x72, 0x5f, 0x64, 0x6f, 0x53, 0x68, // lightCenter_doSh
	0x61, 0x64, 0x6f, 0x77, 0x2e, 0x78, 0x79, 0x7a, 0x3b, 0x0a, 0x20, 0x20, 0x20, 0x20, 0x20, 0x20, // adow.xyz;.      
	0x20, 0x20, 0x20, 0x20, 0x20, 0x20, 0x20, 0x20, 0x20, 0x20, 0x20, 0x20, 0x20, 0x20, 0x20, 0x20, //                 
	0x20, 0x20, 0x66, 0x6c, 0x6f, 0x61, 0x74, 0x20, 0x5f, 0x38, 0x32, 0x39, 0x20, 0x3d, 0x20, 0x64, //   float _829 = d
	0x6f, 0x74, 0x28, 0x5f, 0x38, 0x32, 0x35, 0x2c, 0x20, 0x5f, 0x36, 0x34, 0x31, 0x29, 0x20, 0x2f, // ot(_825, _641) /
	0x20, 0x28, 0x5f, 0x36, 0x34, 0x33, 0x20, 0x2a, 0x20, 0x5f, 0x36, 0x34, 0x33, 0x29, 0x3b, 0x0a, //  (_643 * _643);.
	0x20, 0x20, 0x20, 0x20, 0x20, 0x20, 0x20, 0x20, 0x20, 0x20, 0x20, 0x20, 0x20, 0x20, 0x20, 0x20, //                 
	0x20, 0x20, 0x20, 0x20, 0x20, 0x20, 0x20, 0x20, 0x69, 0x66, 0x20, 0x28, 0x28, 0x5f, 0x38, 0x32, //         if ((_82
	0x39, 0x20, 0x3e, 0x20, 0x30, 0x2e, 0x30, 0x29, 0x20, 0x26, 0x26, 0x20, 0x28, 0x5f, 0x38, 0x32, // 9 > 0.0) && (_82
	0x39, 0x20, 0x3c, 0x20, 0x31, 0x2e, 0x30, 0x29, 0x29, 0x0a, 0x20, 0x20, 0x20, 0x20, 0x20, 0x20, // 9 < 1.0)).      
	0x20, 0x20, 0x20, 0x20, 0x20, 0x20, 0x20, 0x20, 0x20, 0x20, 0x20, 0x20, 0x20, 0x20, 0x20, 0x20, //                 
	0x20, 0x20, 0x7b, 0x0a, 0x20, 0x20, 0x20, 0x20, 0x20, 0x20, 0x20, 0x20, 0x20, 0x20, 0x20, 0x20, //   {.            
	0x20, 0x20, 0x20, 0x20, 0x20, 0x20, 0x20, 0x20, 0x20, 0x20, 0x20, 0x20, 0x20, 0x20, 0x20, 0x20, //                 
	0x66, 0x6c, 0x6f, 0x61, 0x74, 0x20, 0x5f, 0x38, 0x34, 0x34, 0x20, 0x3d, 0x20, 0x35, 0x2e, 0x30, // float _844 = 5.0
	0x20, 0x2d, 0x20, 0x28, 0x35, 0x2e, 0x30, 0x20, 0x2a, 0x20, 0x5f, 0x38, 0x32, 0x39, 0x29, 0x3b, //  - (5.0 * _829);
	0x0a, 0x20, 0x20, 0x20, 0x20, 0x20, 0x20, 0x20, 0x20, 0x20, 0x20, 0x20, 0x20, 0x20, 0x20, 0x20, // .               
	0x20, 0x20, 0x20, 0x20, 0x20, 0x20, 0x20, 0x20, 0x20, 0x20, 0x20, 0x20, 0x20, 0x66, 0x6c, 0x6f, //              flo
	0x61, 0x74, 0x20, 0x5f, 0x38, 0x34, 0x36, 0x20, 0x3d, 0x20, 0x5f, 0x38, 0x32, 0x35, 0x2e, 0x78, // at _846 = _825.x
	0x3b, 0x0a, 0x20, 0x20, 0x20, 0x20, 0x20, 0x20, 0x20, 0x20, 0x20, 0x20, 0x20, 0x20, 0x20, 0x20, // ;.              
	0x20, 0x20, 0x20, 0x20, 0x20, 0x20, 0x20, 0x20, 0x20, 0x20, 0x20, 0x20, 0x20, 0x20, 0x66, 0x6c, //               fl
	0x6f, 0x61, 0x74, 0x20, 0x5f, 0x38, 0x35, 0x31, 0x20, 0x3d, 0x20, 0x5f, 0x38, 0x32, 0x35, 0x2e, // oat _851 = _825.
	0x79, 0x3b, 0x0a, 0x20, 0x20, 0x20, 0x20, 0x20, 0x20, 0x20, 0x20, 0x20, 0x20, 0x20, 0x20, 0x20, // y;.             
	0x20, 0x20, 0x20, 0x20, 0x20, 0x20, 0x20, 0x20, 0x20, 0x20, 0x20, 0x20, 0x20, 0x20, 0x20, 0x5f, //                _
	0x39, 0x35, 0x38, 0x20, 0x3d, 0x20, 0x5f, 0x39, 0x32, 0x39, 0x20, 0x2a, 0x20, 0x28, 0x31, 0x2e, // 958 = _929 * (1.
	0x30, 0x20, 0x2b, 0x20, 0x28, 0x66, 0x61, 0x73, 0x74, 0x3a, 0x3a, 0x63, 0x6c, 0x61, 0x6d, 0x70, // 0 + (fast::clamp
	0x28, 0x28, 0x28, 0x5f, 0x38, 0x34, 0x36, 0x20, 0x2a, 0x20, 0x5f, 0x38, 0x34, 0x36, 0x29, 0x20, // (((_846 * _846) 
	0x2b, 0x20, 0x28, 0x5f, 0x38, 0x35, 0x31, 0x20, 0x2a, 0x20, 0x5f, 0x38, 0x35, 0x31, 0x29, 0x29, // + (_851 * _851))
	0x20, 0x2f, 0x20, 0x28, 0x5f, 0x6d, 0x74, 0x6c, 0x5f, 0x75, 0x2e, 0x62, 0x61, 0x6c, 0x6c, 0x73, //  / (_mtl_u.balls
	0x5b, 0x5f, 0x39, 0x32, 0x38, 0x5d, 0x2e, 0x77, 0x20, 0x2a, 0x20, 0x5f, 0x6d, 0x74, 0x6c, 0x5f, // [_928].w * _mtl_
	0x75, 0x2e, 0x62, 0x61, 0x6c, 0x6c, 0x73, 0x5b, 0x5f, 0x39, 0x32, 0x38, 0x5d, 0x2e, 0x77, 0x29, // u.balls[_928].w)
	0x2c, 0x20, 0x30, 0x2e, 0x30, 0x2c, 0x20, 0x31, 0x2e, 0x30, 0x29, 0x20, 0x2a, 0x20, 0x28, 0x28, // , 0.0, 1.0) * ((
	0x2d, 0x30, 0x2e, 0x38, 0x39, 0x39, 0x39, 0x39, 0x39, 0x39, 0x37, 0x36, 0x31, 0x35, 0x38, 0x31, // -0.8999999761581
	0x34, 0x32, 0x30, 0x38, 0x39, 0x38, 0x34, 0x33, 0x37, 0x35, 0x29, 0x20, 0x2b, 0x20, 0x28, 0x30, // 4208984375) + (0
	0x2e, 0x38, 0x39, 0x39, 0x39, 0x39, 0x39, 0x39, 0x37, 0x36, 0x31, 0x35, 0x38, 0x31, 0x34, 0x32, // .899999976158142
	0x30, 0x38, 0x39, 0x38, 0x34, 0x33, 0x37, 0x35, 0x20, 0x2a, 0x20, 0x73, 0x6d, 0x6f, 0x6f, 0x74, // 08984375 * smoot
	0x68, 0x73, 0x74, 0x65, 0x70, 0x28, 0x5f, 0x6d, 0x74, 0x6c, 0x5f, 0x75, 0x2e, 0x62, 0x61, 0x6c, // hstep(_mtl_u.bal
	0x6c, 0x73, 0x5b, 0x5f, 0x39, 0x32, 0x38, 0x5d, 0x2e, 0x77, 0x20, 0x2d, 0x20, 0x5f, 0x38, 0x34, // ls[_928].w - _84
	0x34, 0x2c, 0x20, 0x5f, 0x6d, 0x74, 0x6c, 0x5f, 0x75, 0x2e, 0x62, 0x61, 0x6c, 0x6c, 0x73, 0x5b, // 4, _mtl_u.balls[
	0x5f, 0x39, 0x32, 0x38, 0x5d, 0x2e, 0x77, 0x20, 0x2b, 0x20, 0x5f, 0x38, 0x34, 0x34, 0x2c, 0x20, // _928].w + _844, 
	0x6c, 0x65, 0x6e, 0x67, 0x74, 0x68, 0x28, 0x5f, 0x38, 0x32, 0x35, 0x20, 0x2d, 0x20, 0x28, 0x5f, // length(_825 - (_
	0x36, 0x34, 0x31, 0x20, 0x2a, 0x20, 0x5f, 0x38, 0x32, 0x39, 0x29, 0x29, 0x29, 0x29, 0x29, 0x29, // 641 * _829))))))
	0x29, 0x3b, 0x0a, 0x20, 0x20, 0x20, 0x20, 0x20, 0x20, 0x20, 0x20, 0x20, 0x20, 0x20, 0x20, 0x20, // );.             
	0x20, 0x20, 0x20, 0x20, 0x20, 0x20, 0x20, 0x20, 0x20, 0x20, 0x20, 0x7d, 0x0a, 0x20, 0x20, 0x20, //            }.   
	0x20, 0x20, 0x20, 0x20, 0x20, 0x20, 0x20, 0x20, 0x20, 0x20, 0x20, 0x20, 0x20, 0x20, 0x20, 0x20, //                 
	0x20, 0x20, 0x20, 0x20, 0x20, 0x65, 0x6c, 0x73, 0x65, 0x0a, 0x20, 0x20, 0x20, 0x20, 0x20, 0x20, //      else.      
	0x20, 0x20, 0x20, 0x20, 0x20, 0x20, 0x20, 0x20, 0x20, 0x20, 0x20, 0x20, 0x20, 0x20, 0x20, 0x20, //                 
	0x20, 0x20, 0x7b, 0x0a, 0x20, 0x20, 0x20, 0x20, 0x20, 0x20, 0x20, 0x20, 0x20, 0x20, 0x20, 0x20, //   {.            
	0x20, 0x20, 0x20, 0x20, 0x20, 0x20, 0x20, 0x20, 0x20, 0x20, 0x20, 0x20, 0x20, 0x20, 0x20, 0x20, //                 
	0x5f, 0x39, 0x35, 0x38, 0x20, 0x3d, 0x20, 0x5f, 0x39, 0x32, 0x39, 0x3b, 0x0a, 0x20, 0x20, 0x20, // _958 = _929;.   
	0x20, 0x20, 0x20, 0x20, 0x20, 0x20, 0x20, 0x20, 0x20, 0x20, 0x20, 0x20, 0x20, 0x20, 0x20, 0x20, //                 
	0x20, 0x20, 0x20, 0x20, 0x20, 0x7d, 0x0a, 0x20, 0x20, 0x20, 0x20, 0x20, 0x20, 0x20, 0x20, 0x20, //      }.         
	0x20, 0x20, 0x20, 0x20, 0x20, 0x20, 0x20, 0x20, 0x20, 0x20, 0x20, 0x20, 0x20, 0x20, 0x20, 0x5f, //                _
	0x39, 0x32, 0x39, 0x20, 0x3d, 0x20, 0x5f, 0x39, 0x35, 0x38, 0x3b, 0x0a, 0x20, 0x20, 0x20, 0x20, // 929 = _958;.    
	0x20, 0x20, 0x20, 0x20, 0x20, 0x20, 0x20, 0x20, 0x20, 0x20, 0x20, 0x20, 0x20, 0x20, 0x20, 0x20, //                 
	0x20, 0x20, 0x20, 0x20, 0x5f, 0x39, 0x32, 0x38, 0x2b, 0x2b, 0x3b, 0x0a, 0x20, 0x20, 0x20, 0x20, //     _928++;.    
	0x20, 0x20, 0x20, 0x20, 0x20, 0x20, 0x20, 0x20, 0x20, 0x20, 0x20, 0x20, 0x20, 0x20, 0x20, 0x20, //                 
	0x20, 0x20, 0x20, 0x20, 0x63, 0x6f, 0x6e, 0x74, 0x69, 0x6e, 0x75, 0x65, 0x3b, 0x0a, 0x20, 0x20, //     continue;.  
	0x20, 0x20, 0x20, 0x20, 0x20, 0x20, 0x20, 0x20, 0x20, 0x20, 0x20, 0x20, 0x20, 0x20, 0x20, 0x20, //                 
	0x20, 0x20, 0x7d, 0x0a, 0x20, 0x20, 0x20, 0x20, 0x20, 0x20, 0x20, 0x20, 0x20, 0x20, 0x20, 0x20, //   }.            
	0x20, 0x20, 0x20, 0x20, 0x20, 0x20, 0x20, 0x20, 0x65, 0x6c, 0x73, 0x65, 0x0a, 0x20, 0x20, 0x20, //         else.   
	0x20, 0x20, 0x20, 0x20, 0x20, 0x20, 0x20, 0x20, 0x20, 0x20, 0x20, 0x20, 0x20, 0x20, 0x20, 0x20, //                 
	0x20, 0x7b, 0x0a, 0x20, 0x20, 0x20, 0x20, 0x20, 0x20, 0x20, 0x20, 0x20, 0x20, 0x20, 0x20, 0x20, //  {.             
	0x20, 0x20, 0x20, 0x20, 0x20, 0x20, 0x20, 0x20, 0x20, 0x20, 0x20, 0x5f, 0x39, 0x33, 0x36, 0x20, //            _936 
	0x3d, 0x20, 0x5f, 0x39, 0x34, 0x32, 0x3b, 0x0a, 0x20, 0x20, 0x20, 0x20, 0x20, 0x20, 0x20, 0x20, // = _942;.        
	0x20, 0x20, 0x20, 0x20, 0x20, 0x20, 0x20, 0x20, 0x20, 0x20, 0x20, 0x20, 0x20, 0x20, 0x20, 0x20, //                 
	0x5f, 0x39, 0x33, 0x31, 0x20, 0x3d, 0x20, 0x66, 0x61, 0x6c, 0x73, 0x65, 0x3b, 0x0a, 0x20, 0x20, // _931 = false;.  
	0x20, 0x20, 0x20, 0x20, 0x20, 0x20, 0x20, 0x20, 0x20, 0x20, 0x20, 0x20, 0x20, 0x20, 0x20, 0x20, //                 
	0x20, 0x20, 0x20, 0x20, 0x20, 0x20, 0x62, 0x72, 0x65, 0x61, 0x6b, 0x3b, 0x0a, 0x20, 0x20, 0x20, //       break;.   
	0x20, 0x20, 0x20, 0x20, 0x20, 0x20, 0x20, 0x20, 0x20, 0x20, 0x20, 0x20, 0x20, 0x20, 0x20, 0x20, //                 
	0x20, 0x7d, 0x0a, 0x20, 0x20, 0x20, 0x20, 0x20, 0x20, 0x20, 0x20, 0x20, 0x20, 0x20, 0x20, 0x20, //  }.             
	0x20, 0x20, 0x20, 0x7d, 0x0a, 0x20, 0x20, 0x20, 0x20, 0x20, 0x20, 0x20, 0x20, 0x20, 0x20, 0x20, //    }.           
	0x20, 0x20, 0x20, 0x20, 0x20, 0x69, 0x66, 0x20, 0x28, 0x5f, 0x39, 0x33, 0x31, 0x29, 0x0a, 0x20, //      if (_931). 
	0x20, 0x20, 0x20, 0x20, 0x20, 0x20, 0x20, 0x20, 0x20, 0x20, 0x20, 0x20, 0x20, 0x20, 0x20, 0x7b, //                {
	0x0a, 0x20, 0x20, 0x20, 0x20, 0x20, 0x20, 0x20, 0x20, 0x20, 0x20, 0x20, 0x20, 0x20, 0x20, 0x20, // .               
	0x20, 0x20, 0x20, 0x20, 0x20, 0x5f, 0x39, 0x33, 0x35, 0x20, 0x3d, 0x20, 0x5f, 0x39, 0x33, 0x36, //      _935 = _936
	0x3b, 0x0a, 0x20, 0x20, 0x20, 0x20, 0x20, 0x20, 0x20, 0x20, 0x20, 0x20, 0x20, 0x20, 0x20, 0x20, // ;.              
	0x20, 0x20, 0x20, 0x20, 0x20, 0x20, 0x62, 0x72, 0x65, 0x61, 0x6b, 0x3b, 0x0a, 0x20, 0x20, 0x20, //       break;.   
	0x20, 0x20, 0x20, 0x20, 0x20, 0x20, 0x20, 0x20, 0x20, 0x20, 0x20, 0x20, 0x20, 0x7d, 0x0a, 0x20, //              }. 
	0x20, 0x20, 0x20, 0x20, 0x20, 0x20, 0x20, 0x20, 0x20, 0x20, 0x20, 0x20, 0x20, 0x20, 0x20, 0x5f, //                _
	0x39, 0x33, 0x35, 0x20, 0x3d, 0x20, 0x5f, 0x39, 0x32, 0x39, 0x3b, 0x0a, 0x20, 0x20, 0x20, 0x20, // 935 = _929;.    
	0x20, 0x20, 0x20, 0x20, 0x20, 0x20, 0x20, 0x20, 0x20, 0x20, 0x20, 0x20, 0x62, 0x72, 0x65, 0x61, //             brea
	0x6b, 0x3b, 0x0a, 0x20, 0x20, 0x20, 0x20, 0x20, 0x20, 0x20, 0x20, 0x20, 0x20, 0x20, 0x20, 0x7d, // k;.            }
	0x20, 0x77, 0x68, 0x69, 0x6c, 0x65, 0x28, 0x66, 0x61, 0x6c, 0x73, 0x65, 0x29, 0x3b, 0x0a, 0x20, //  while(false);. 
	0x20, 0x20, 0x20, 0x20, 0x20, 0x20, 0x20, 0x20, 0x20, 0x20, 0x20, 0x66, 0x6c, 0x6f, 0x61, 0x74, //            float
	0x33, 0x20, 0x5f, 0x36, 0x35, 0x33, 0x20, 0x3d, 0x20, 0x5f, 0x39, 0x35, 0x31, 0x2e, 0x78, 0x79, // 3 _653 = _951.xy
	0x7a, 0x20, 0x2a, 0x20, 0x5f, 0x39, 0x33, 0x35, 0x3b, 0x0a, 0x20, 0x20, 0x20, 0x20, 0x20, 0x20, // z * _935;.      
	0x20, 0x20, 0x20, 0x20, 0x20, 0x20, 0x66, 0x6c, 0x6f, 0x61, 0x74, 0x34, 0x20, 0x5f, 0x39, 0x30, //       float4 _90
	0x31, 0x20, 0x3d, 0x20, 0x5f, 0x39, 0x35, 0x31, 0x3b, 0x0a, 0x20, 0x20, 0x20, 0x20, 0x20, 0x20, // 1 = _951;.      
	0x20, 0x20, 0x20, 0x20, 0x20, 0x20, 0x5f, 0x39, 0x30, 0x31, 0x2e, 0x78, 0x20, 0x3d, 0x20, 0x5f, //       _901.x = _
	0x36, 0x35, 0x33, 0x2e, 0x78, 0x3b, 0x0a, 0x20, 0x20, 0x20, 0x20, 0x20, 0x20, 0x20, 0x20, 0x20, // 653.x;.         
	0x20, 0x20, 0x20, 0x5f, 0x39, 0x30, 0x31, 0x2e, 0x79, 0x20, 0x3d, 0x20, 0x5f, 0x36, 0x35, 0x33, //    _901.y = _653
	0x2e, 0x79, 0x3b, 0x0a, 0x20, 0x20, 0x20, 0x20, 0x20, 0x20, 0x20, 0x20, 0x20, 0x20, 0x20, 0x20, // .y;.            
	0x5f, 0x39, 0x30, 0x31, 0x2e, 0x7a, 0x20, 0x3d, 0x20, 0x5f, 0x36, 0x35, 0x33, 0x2e, 0x7a, 0x3b, // _901.z = _653.z;
	0x0a, 0x20, 0x20, 0x20, 0x20, 0x20, 0x20, 0x20, 0x20, 0x20, 0x20, 0x20, 0x20, 0x5f, 0x39, 0x35, // .            _95
	0x34, 0x20, 0x3d, 0x20, 0x5f, 0x39, 0x30, 0x31, 0x3b, 0x0a, 0x20, 0x20, 0x20, 0x20, 0x20, 0x20, // 4 = _901;.      
	0x20, 0x20, 0x7d, 0x0a, 0x20, 0x20, 0x20, 0x20, 0x20, 0x20, 0x20, 0x20, 0x65, 0x6c, 0x73, 0x65, //   }.        else
	0x0a, 0x20, 0x20, 0x20, 0x20, 0x20, 0x20, 0x20, 0x20, 0x7b, 0x0a, 0x20, 0x20, 0x20, 0x20, 0x20, // .        {.     
	0x20, 0x20, 0x20, 0x20, 0x20, 0x20, 0x20, 0x5f, 0x39, 0x35, 0x34, 0x20, 0x3d, 0x20, 0x5f, 0x39, //        _954 = _9
	0x35, 0x31, 0x3b, 0x0a, 0x20, 0x20, 0x20, 0x20, 0x20, 0x20, 0x20, 0x20, 0x7d, 0x0a, 0x20, 0x20, // 51;.        }.  
	0x20, 0x20, 0x20, 0x20, 0x20, 0x20, 0x66, 0x6c, 0x6f, 0x61, 0x74, 0x34, 0x20, 0x5f, 0x39, 0x35, //       float4 _95
	0x36, 0x3b, 0x0a, 0x20, 0x20, 0x20, 0x20, 0x20, 0x20, 0x20, 0x20, 0x69, 0x66, 0x20, 0x28, 0x5f, // 6;.        if (_
	0x6d, 0x74, 0x6c, 0x5f, 0x75, 0x2e, 0x61, 0x6c, 0x70, 0x68, 0x61, 0x54, 0x65, 0x73, 0x74, 0x56, // mtl_u.alphaTestV
	0x61, 0x6c, 0x75, 0x65, 0x41, 0x42, 0x5f, 0x66, 0x69, 0x6c, 0x74, 0x65, 0x72, 0x4d, 0x6f, 0x64, // alueAB_filterMod
	0x65, 0x5f, 0x61, 0x64, 0x64, 0x42, 0x6c, 0x65, 0x6e, 0x64, 0x2e, 0x77, 0x20, 0x3d, 0x3d, 0x20, // e_addBlend.w == 
	0x30, 0x2e, 0x30, 0x29, 0x0a, 0x20, 0x20, 0x20, 0x20, 0x20, 0x20, 0x20, 0x20, 0x7b, 0x0a, 0x20, // 0.0).        {. 
	0x20, 0x20, 0x20, 0x20, 0x20, 0x20, 0x20, 0x20, 0x20, 0x20, 0x20, 0x5f, 0x39, 0x35, 0x36, 0x20, //            _956 
	0x3d, 0x20, 0x66, 0x6c, 0x6f, 0x61, 0x74, 0x34, 0x28, 0x5f, 0x39, 0x35, 0x34, 0x2e, 0x78, 0x79, // = float4(_954.xy
	0x7a, 0x2c, 0x20, 0x66, 0x61, 0x73, 0x74, 0x3a, 0x3a, 0x63, 0x6c, 0x61, 0x6d, 0x70, 0x28, 0x5f, // z, fast::clamp(_
	0x39, 0x35, 0x34, 0x2e, 0x77, 0x2c, 0x20, 0x30, 0x2e, 0x30, 0x2c, 0x20, 0x31, 0x2e, 0x30, 0x29, // 954.w, 0.0, 1.0)
	0x29, 0x3b, 0x0a, 0x20, 0x20, 0x20, 0x20, 0x20, 0x20, 0x20, 0x20, 0x7d, 0x0a, 0x20, 0x20, 0x20, // );.        }.   
	0x20, 0x20, 0x20, 0x20, 0x20, 0x65, 0x6c, 0x73, 0x65, 0x0a, 0x20, 0x20, 0x20, 0x20, 0x20, 0x20, //      else.      
	0x20, 0x20, 0x7b, 0x0a, 0x20, 0x20, 0x20, 0x20, 0x20, 0x20, 0x20, 0x20, 0x20, 0x20, 0x20, 0x20, //   {.            
	0x66, 0x6c, 0x6f, 0x61, 0x74, 0x34, 0x20, 0x5f, 0x39, 0x35, 0x37, 0x3b, 0x0a, 0x20, 0x20, 0x20, // float4 _957;.   
	0x20, 0x20, 0x20, 0x20, 0x20, 0x20, 0x20, 0x20, 0x20, 0x69, 0x66, 0x20, 0x28, 0x5f, 0x6d, 0x74, //          if (_mt
	0x6c, 0x5f, 0x75, 0x2e, 0x61, 0x6d, 0x6f, 0x75, 0x6e, 0x74, 0x5f, 0x62, 0x6c, 0x65, 0x6e, 0x64, // l_u.amount_blend
	0x5f, 0x6d, 0x6f, 0x64, 0x75, 0x6c, 0x61, 0x74, 0x65, 0x5f, 0x76, 0x73, 0x5f, 0x61, 0x64, 0x64, // _modulate_vs_add
	0x5f, 0x66, 0x6c, 0x61, 0x73, 0x68, 0x65, 0x72, 0x4d, 0x6f, 0x64, 0x65, 0x2e, 0x79, 0x20, 0x3e, // _flasherMode.y >
	0x20, 0x30, 0x2e, 0x30, 0x29, 0x0a, 0x20, 0x20, 0x20, 0x20, 0x20, 0x20, 0x20, 0x20, 0x20, 0x20, //  0.0).          
	0x20, 0x20, 0x7b, 0x0a, 0x20, 0x20, 0x20, 0x20, 0x20, 0x20, 0x20, 0x20, 0x20, 0x20, 0x20, 0x20, //   {.            
	0x20, 0x20, 0x20, 0x20, 0x5f, 0x39, 0x35, 0x37, 0x20, 0x3d, 0x20, 0x66, 0x6c, 0x6f, 0x61, 0x74, //     _957 = float
	0x34, 0x28, 0x5f, 0x39, 0x35, 0x34, 0x2e, 0x78, 0x79, 0x7a, 0x20, 0x2a, 0x20, 0x28, 0x28, 0x2d, // 4(_954.xyz * ((-
	0x5f, 0x6d, 0x74, 0x6c, 0x5f, 0x75, 0x2e, 0x61, 0x6d, 0x6f, 0x75, 0x6e, 0x74, 0x5f, 0x62, 0x6c, // _mtl_u.amount_bl
	0x65, 0x6e, 0x64, 0x5f, 0x6d, 0x6f, 0x64, 0x75, 0x6c, 0x61, 0x74, 0x65, 0x5f, 0x76, 0x73, 0x5f, // end_modulate_vs_
	0x61, 0x64, 0x64, 0x5f, 0x66, 0x6c, 0x61, 0x73, 0x68, 0x65, 0x72, 0x4d, 0x6f, 0x64, 0x65, 0x2e, // add_flasherMode.
	0x79, 0x29, 0x20, 0x2a, 0x20, 0x5f, 0x39, 0x35, 0x34, 0x2e, 0x77, 0x29, 0x2c, 0x20, 0x28, 0x31, // y) * _954.w), (1
	0x2e, 0x30, 0x20, 0x2f, 0x20, 0x5f, 0x6d, 0x74, 0x6c, 0x5f, 0x75, 0x2e, 0x61, 0x6d, 0x6f, 0x75, // .0 / _mtl_u.amou
	0x6e, 0x74, 0x5f, 0x62, 0x6c, 0x65, 0x6e, 0x64, 0x5f, 0x6d, 0x6f, 0x64, 0x75, 0x6c, 0x61, 0x74, // nt_blend_modulat
	0x65, 0x5f, 0x76, 0x73, 0x5f, 0x61, 0x64, 0x64, 0x5f, 0x66, 0x6c, 0x61, 0x73, 0x68, 0x65, 0x72, // e_vs_add_flasher
	0x4d, 0x6f, 0x64, 0x65, 0x2e, 0x79, 0x29, 0x20, 0x2d, 0x20, 0x31, 0x2e, 0x30, 0x29, 0x3b, 0x0a, // Mode.y) - 1.0);.
	0x20, 0x20, 0x20, 0x20, 0x20, 0x20, 0x20, 0x20, 0x20, 0x20, 0x20, 0x20, 0x7d, 0x0a, 0x20, 0x20, //             }.  
	0x20, 0x20, 0x20, 0x20, 0x20, 0x20, 0x20, 0x20, 0x20, 0x20, 0x65, 0x6c, 0x73, 0x65, 0x0a, 0x20, //           else. 
	0x20, 0x20, 0x20, 0x20, 0x20, 0x20, 0x20, 0x20, 0x20, 0x20, 0x20, 0x7b, 0x0a, 0x20, 0x20, 0x20, //            {.   
	0x20, 0x20, 0x20, 0x20, 0x20, 0x20, 0x20, 0x20, 0x20, 0x20, 0x20, 0x20, 0x20, 0x5f, 0x39, 0x35, //              _95
	0x37, 0x20, 0x3d, 0x20, 0x66, 0x6c, 0x6f, 0x61, 0x74, 0x34, 0x28, 0x5f, 0x39, 0x35, 0x34, 0x2e, // 7 = float4(_954.
	0x78, 0x79, 0x7a, 0x20, 0x2a, 0x20, 0x5f, 0x39, 0x35, 0x34, 0x2e, 0x77, 0x2c, 0x20, 0x66, 0x61, // xyz * _954.w, fa
	0x73, 0x74, 0x3a, 0x3a, 0x63, 0x6c, 0x61, 0x6d, 0x70, 0x28, 0x28, 0x2d, 0x5f, 0x6d, 0x74, 0x6c, // st::clamp((-_mtl
	0x5f, 0x75, 0x2e, 0x61, 0x6d, 0x6f, 0x75, 0x6e, 0x74, 0x5f, 0x62, 0x6c, 0x65, 0x6e, 0x64, 0x5f, // _u.amount_blend_
	0x6d, 0x6f, 0x64, 0x75, 0x6c, 0x61, 0x74, 0x65, 0x5f, 0x76, 0x73, 0x5f, 0x61, 0x64, 0x64, 0x5f, // modulate_vs_add_
	0x66, 0x6c, 0x61, 0x73, 0x68, 0x65, 0x72, 0x4d, 0x6f, 0x64, 0x65, 0x2e, 0x79, 0x29, 0x20, 0x2a, // flasherMode.y) *
	0x20, 0x5f, 0x39, 0x35, 0x34, 0x2e, 0x77, 0x2c, 0x20, 0x30, 0x2e, 0x30, 0x2c, 0x20, 0x31, 0x2e, //  _954.w, 0.0, 1.
	0x30, 0x29, 0x29, 0x3b, 0x0a, 0x20, 0x20, 0x20, 0x20, 0x20, 0x20, 0x20, 0x20, 0x20, 0x20, 0x20, // 0));.           
	0x20, 0x7d, 0x0a, 0x20, 0x20, 0x20, 0x20, 0x20, 0x20, 0x20, 0x20, 0x20, 0x20, 0x20, 0x20, 0x5f, //  }.            _
	0x39, 0x35, 0x36, 0x20, 0x3d, 0x20, 0x5f, 0x39, 0x35, 0x37, 0x3b, 0x0a, 0x20, 0x20, 0x20, 0x20, // 956 = _957;.    
	0x20, 0x20, 0x20, 0x20, 0x7d, 0x0a, 0x20, 0x20, 0x20, 0x20, 0x20, 0x20, 0x20, 0x20, 0x5f, 0x39, //     }.        _9
	0x35, 0x35, 0x20, 0x3d, 0x20, 0x5f, 0x39, 0x35, 0x36, 0x3b, 0x0a, 0x20, 0x20, 0x20, 0x20, 0x20, // 55 = _956;.     
	0x20, 0x20, 0x20, 0x62, 0x72, 0x65, 0x61, 0x6b, 0x3b, 0x0a, 0x20, 0x20, 0x20, 0x20, 0x7d, 0x20, //    break;.    } 
	0x77, 0x68, 0x69, 0x6c, 0x65, 0x28, 0x66, 0x61, 0x6c, 0x73, 0x65, 0x29, 0x3b, 0x0a, 0x20, 0x20, // while(false);.  
	0x20, 0x20, 0x6f, 0x75, 0x74, 0x2e, 0x62, 0x67, 0x66, 0x78, 0x5f, 0x46, 0x72, 0x61, 0x67, 0x44, //   out.bgfx_FragD
	0x61, 0x74, 0x61, 0x30, 0x20, 0x3d, 0x20, 0x5f, 0x39, 0x35, 0x35, 0x3b, 0x0a, 0x20, 0x20, 0x20, // ata0 = _955;.   
	0x20, 0x72, 0x65, 0x74, 0x75, 0x72, 0x6e, 0x20, 0x6f, 0x75, 0x74, 0x3b, 0x0a, 0x7d, 0x0a, 0x0a, //  return out;.}..
	0x00, 0x00, 0x00, 0x01,                                                                         // ....
};
static const uint8_t fs_flasher_clip_essl[6367] =
{
	0x46, 0x53, 0x48, 0x0c, 0x11, 0xe4, 0xa0, 0x91, 0x00, 0x00, 0x00, 0x00, 0x00, 0x00, 0x00, 0x00, // FSH.............
	0x00, 0x00, 0x00, 0x00, 0x07, 0x00, 0x05, 0x62, 0x61, 0x6c, 0x6c, 0x73, 0x02, 0x08, 0x00, 0x00, // .......balls....
	0x08, 0x00, 0x00, 0x00, 0x00, 0x00, 0x28, 0x61, 0x6d, 0x6f, 0x75, 0x6e, 0x74, 0x5f, 0x62, 0x6c, // ......(amount_bl
	0x65, 0x6e, 0x64, 0x5f, 0x6d, 0x6f, 0x64, 0x75, 0x6c, 0x61, 0x74, 0x65, 0x5f, 0x76, 0x73, 0x5f, // end_modulate_vs_
	0x61, 0x64, 0x64, 0x5f, 0x66, 0x6c, 0x61, 0x73, 0x68, 0x65, 0x72, 0x4d, 0x6f, 0x64, 0x65, 0x02, // add_flasherMode.
	0x01, 0x00, 0x00, 0x01, 0x00, 0x00, 0x00, 0x00, 0x00, 0x24, 0x61, 0x6c, 0x70, 0x68, 0x61, 0x54, // .........$alphaT
	0x65, 0x73, 0x74, 0x56, 0x61, 0x6c, 0x75, 0x65, 0x41, 0x42, 0x5f, 0x66, 0x69, 0x6c, 0x74, 0x65, // estValueAB_filte
	0x72, 0x4d, 0x6f, 0x64, 0x65, 0x5f, 0x61, 0x64, 0x64, 0x42, 0x6c, 0x65, 0x6e, 0x64, 0x02, 0x01, // rMode_addBlend..
	0x00, 0x00, 0x01, 0x00, 0x00, 0x00, 0x00, 0x00, 0x11, 0x73, 0x74, 0x61, 0x74, 0x69, 0x63, 0x43, // .........staticC
	0x6f, 0x6c, 0x6f, 0x72, 0x5f, 0x41, 0x6c, 0x70, 0x68, 0x61, 0x02, 0x01, 0x00, 0x00, 0x01, 0x00, // olor_Alpha......
	0x00, 0x00, 0x00, 0x00, 0x14, 0x6c, 0x69, 0x67, 0x68, 0x74, 0x43, 0x65, 0x6e, 0x74, 0x65, 0x72, // .....lightCenter
	0x5f, 0x64, 0x6f, 0x53, 0x68, 0x61, 0x64, 0x6f, 0x77, 0x02, 0x01, 0x00, 0x00, 0x01, 0x00, 0x00, // _doShadow.......
	0x00, 0x00, 0x00, 0x0d, 0x74, 0x65, 0x78, 0x5f, 0x66, 0x6c, 0x61, 0x73, 0x68, 0x65, 0x72, 0x5f, // ....tex_flasher_
	0x41, 0x00, 0x01, 0x00, 0x00, 0x01, 0x00, 0x00, 0x02, 0x00, 0x00, 0x0d, 0x74, 0x65, 0x78, 0x5f, // A...........tex_
	0x66, 0x6c, 0x61, 0x73, 0x68, 0x65, 0x72, 0x5f, 0x42, 0x00, 0x01, 0x00, 0x00, 0x01, 0x00, 0x00, // flasher_B.......
	0x02, 0x00, 0x00, 0xe7, 0x17, 0x00, 0x00, 0x70, 0x72, 0x65, 0x63, 0x69, 0x73, 0x69, 0x6f, 0x6e, // .......precision
	0x20, 0x6d, 0x65, 0x64, 0x69, 0x75, 0x6d, 0x70, 0x20, 0x66, 0x6c, 0x6f, 0x61, 0x74, 0x3b, 0x0a, //  mediump float;.
	0x70, 0x72, 0x65, 0x63, 0x69, 0x73, 0x69, 0x6f, 0x6e, 0x20, 0x68, 0x69, 0x67, 0x68, 0x70, 0x20, // precision highp 
	0x69, 0x6e, 0x74, 0x3b, 0x0a, 0x0a, 0x76, 0x65, 0x63, 0x34, 0x20, 0x5f, 0x36, 0x34, 0x34, 0x3b, // int;..vec4 _644;
	0x0a, 0x66, 0x6c, 0x6f, 0x61, 0x74, 0x20, 0x5f, 0x36, 0x37, 0x33, 0x3b, 0x0a, 0x0a, 0x75, 0x6e, // .float _673;..un
	0x69, 0x66, 0x6f, 0x72, 0x6d, 0x20, 0x68, 0x69, 0x67, 0x68, 0x70, 0x20, 0x76, 0x65, 0x63, 0x34, // iform highp vec4
	0x20, 0x62, 0x61, 0x6c, 0x6c, 0x73, 0x5b, 0x38, 0x5d, 0x3b, 0x0a, 0x75, 0x6e, 0x69, 0x66, 0x6f, //  balls[8];.unifo
	0x72, 0x6d, 0x20, 0x68, 0x69, 0x67, 0x68, 0x70, 0x20, 0x76, 0x65, 0x63, 0x34, 0x20, 0x61, 0x6d, // rm highp vec4 am
	0x6f, 0x75, 0x6e, 0x74, 0x5f, 0x62, 0x6c, 0x65, 0x6e, 0x64, 0x5f, 0x6d, 0x6f, 0x64, 0x75, 0x6c, // ount_blend_modul
	0x61, 0x74, 0x65, 0x5f, 0x76, 0x73, 0x5f, 0x61, 0x64, 0x64, 0x5f, 0x66, 0x6c, 0x61, 0x73, 0x68, // ate_vs_add_flash
	0x65, 0x72, 0x4d, 0x6f, 0x64, 0x65, 0x3b, 0x0a, 0x75, 0x6e, 0x69, 0x66, 0x6f, 0x72, 0x6d, 0x20, // erMode;.uniform 
	0x68, 0x69, 0x67, 0x68, 0x70, 0x20, 0x73, 0x61, 0x6d, 0x70, 0x6c, 0x65, 0x72, 0x32, 0x44, 0x20, // highp sampler2D 
	0x74, 0x65, 0x78, 0x5f, 0x66, 0x6c, 0x61, 0x73, 0x68, 0x65, 0x72, 0x5f, 0x41, 0x3b, 0x0a, 0x75, // tex_flasher_A;.u
	0x6e, 0x69, 0x66, 0x6f, 0x72, 0x6d, 0x20, 0x68, 0x69, 0x67, 0x68, 0x70, 0x20, 0x76, 0x65, 0x63, // niform highp vec
	0x34, 0x20, 0x61, 0x6c, 0x70, 0x68, 0x61, 0x54, 0x65, 0x73, 0x74, 0x56, 0x61, 0x6c, 0x75, 0x65, // 4 alphaTestValue
	0x41, 0x42, 0x5f, 0x66, 0x69, 0x6c, 0x74, 0x65, 0x72, 0x4d, 0x6f, 0x64, 0x65, 0x5f, 0x61, 0x64, // AB_filterMode_ad
	0x64, 0x42, 0x6c, 0x65, 0x6e, 0x64, 0x3b, 0x0a, 0x75, 0x6e, 0x69, 0x66, 0x6f, 0x72, 0x6d, 0x20, // dBlend;.uniform 
	0x68, 0x69, 0x67, 0x68, 0x70, 0x20, 0x73, 0x61, 0x6d, 0x70, 0x6c, 0x65, 0x72, 0x32, 0x44, 0x20, // highp sampler2D 
	0x74, 0x65, 0x78, 0x5f, 0x66, 0x6c, 0x61, 0x73, 0x68, 0x65, 0x72, 0x5f, 0x42, 0x3b, 0x0a, 0x75, // tex_flasher_B;.u
	0x6e, 0x69, 0x66, 0x6f, 0x72, 0x6d, 0x20, 0x68, 0x69, 0x67, 0x68, 0x70, 0x20, 0x76, 0x65, 0x63, // niform highp vec
	0x34, 0x20, 0x73, 0x74, 0x61, 0x74, 0x69, 0x63, 0x43, 0x6f, 0x6c, 0x6f, 0x72, 0x5f, 0x41, 0x6c, // 4 staticColor_Al
	0x70, 0x68, 0x61, 0x3b, 0x0a, 0x75, 0x6e, 0x69, 0x66, 0x6f, 0x72, 0x6d, 0x20, 0x68, 0x69, 0x67, // pha;.uniform hig
	0x68, 0x70, 0x20, 0x76, 0x65, 0x63, 0x34, 0x20, 0x6c, 0x69, 0x67, 0x68, 0x74, 0x43, 0x65, 0x6e, // hp vec4 lightCen
	0x74, 0x65, 0x72, 0x5f, 0x64, 0x6f, 0x53, 0x68, 0x61, 0x64, 0x6f, 0x77, 0x3b, 0x0a, 0x0a, 0x69, // ter_doShadow;..i
	0x6e, 0x20, 0x68, 0x69, 0x67, 0x68, 0x70, 0x20, 0x66, 0x6c, 0x6f, 0x61, 0x74, 0x20, 0x76, 0x5f, // n highp float v_
	0x63, 0x6c, 0x69, 0x70, 0x44, 0x69, 0x73, 0x74, 0x61, 0x6e, 0x63, 0x65, 0x3b, 0x0a, 0x69, 0x6e, // clipDistance;.in
	0x20, 0x68, 0x69, 0x67, 0x68, 0x70, 0x20, 0x76, 0x65, 0x63, 0x32, 0x20, 0x76, 0x5f, 0x74, 0x65, //  highp vec2 v_te
	0x78, 0x63, 0x6f, 0x6f, 0x72, 0x64, 0x30, 0x3b, 0x0a, 0x6c, 0x61, 0x79, 0x6f, 0x75, 0x74, 0x28, // xcoord0;.layout(
	0x6c, 0x6f, 0x63, 0x61, 0x74, 0x69, 0x6f, 0x6e, 0x20, 0x3d, 0x20, 0x30, 0x29, 0x20, 0x6f, 0x75, // location = 0) ou
	0x74, 0x20, 0x68, 0x69, 0x67, 0x68, 0x70, 0x20, 0x76, 0x65, 0x63, 0x34, 0x20, 0x62, 0x67, 0x66, // t highp vec4 bgf
	0x78, 0x5f, 0x46, 0x72, 0x61, 0x67, 0x43, 0x6f, 0x6c, 0x6f, 0x72, 0x3b, 0x0a, 0x69, 0x6e, 0x20, // x_FragColor;.in 
	0x68, 0x69, 0x67, 0x68, 0x70, 0x20, 0x76, 0x65, 0x63, 0x33, 0x20, 0x76, 0x5f, 0x74, 0x61, 0x62, // highp vec3 v_tab
	0x6c, 0x65, 0x50, 0x6f, 0x73, 0x3b, 0x0a, 0x0a, 0x76, 0x6f, 0x69, 0x64, 0x20, 0x6d, 0x61, 0x69, // lePos;..void mai
	0x6e, 0x28, 0x29, 0x0a, 0x7b, 0x0a, 0x20, 0x20, 0x20, 0x20, 0x64, 0x6f, 0x0a, 0x20, 0x20, 0x20, // n().{.    do.   
	0x20, 0x7b, 0x0a, 0x20, 0x20, 0x20, 0x20, 0x20, 0x20, 0x20, 0x20, 0x69, 0x66, 0x20, 0x28, 0x76, //  {.        if (v
	0x5f, 0x63, 0x6c, 0x69, 0x70, 0x44, 0x69, 0x73, 0x74, 0x61, 0x6e, 0x63, 0x65, 0x20, 0x3c, 0x20, // _clipDistance < 
	0x30, 0x2e, 0x30, 0x29, 0x0a, 0x20, 0x20, 0x20, 0x20, 0x20, 0x20, 0x20, 0x20, 0x7b, 0x0a, 0x20, // 0.0).        {. 
	0x20, 0x20, 0x20, 0x20, 0x20, 0x20, 0x20, 0x20, 0x20, 0x20, 0x20, 0x64, 0x69, 0x73, 0x63, 0x61, //            disca
	0x72, 0x64, 0x3b, 0x0a, 0x20, 0x20, 0x20, 0x20, 0x20, 0x20, 0x20, 0x20, 0x7d, 0x0a, 0x20, 0x20, // rd;.        }.  
	0x20, 0x20, 0x20, 0x20, 0x20, 0x20, 0x68, 0x69, 0x67, 0x68, 0x70, 0x20, 0x76, 0x65, 0x63, 0x34, //       highp vec4
	0x20, 0x5f, 0x36, 0x34, 0x33, 0x3b, 0x0a, 0x20, 0x20, 0x20, 0x20, 0x20, 0x20, 0x20, 0x20, 0x69, //  _643;.        i
	0x66, 0x20, 0x28, 0x61, 0x6d, 0x6f, 0x75, 0x6e, 0x74, 0x5f, 0x62, 0x6c, 0x65, 0x6e, 0x64, 0x5f, // f (amount_blend_
	0x6d, 0x6f, 0x64, 0x75, 0x6c, 0x61, 0x74, 0x65, 0x5f, 0x76, 0x73, 0x5f, 0x61, 0x64, 0x64, 0x5f, // modulate_vs_add_
	0x66, 0x6c, 0x61, 0x73, 0x68, 0x65, 0x72, 0x4d, 0x6f, 0x64, 0x65, 0x2e, 0x7a, 0x20, 0x3c, 0x20, // flasherMode.z < 
	0x32, 0x2e, 0x30, 0x29, 0x0a, 0x20, 0x20, 0x20, 0x20, 0x20, 0x20, 0x20, 0x20, 0x7b, 0x0a, 0x20, // 2.0).        {. 
	0x20, 0x20, 0x20, 0x20, 0x20, 0x20, 0x20, 0x20, 0x20, 0x20, 0x20, 0x68, 0x69, 0x67, 0x68, 0x70, //            highp
	0x20, 0x76, 0x65, 0x63, 0x34, 0x20, 0x5f, 0x32, 0x34, 0x30, 0x20, 0x3d, 0x20, 0x74, 0x65, 0x78, //  vec4 _240 = tex
	0x74, 0x75, 0x72, 0x65, 0x28, 0x74, 0x65, 0x78, 0x5f, 0x66, 0x6c, 0x61, 0x73, 0x68, 0x65, 0x72, // ture(tex_flasher
	0x5f, 0x41, 0x2c, 0x20, 0x76, 0x5f, 0x74, 0x65, 0x78, 0x63, 0x6f, 0x6f, 0x72, 0x64, 0x30, 0x29, // _A, v_texcoord0)
	0x3b, 0x0a, 0x20, 0x20, 0x20, 0x20, 0x20, 0x20, 0x20, 0x20, 0x20, 0x20, 0x20, 0x20, 0x69, 0x66, // ;.            if
	0x20, 0x28, 0x5f, 0x32, 0x34, 0x30, 0x2e, 0x77, 0x20, 0x3c, 0x3d, 0x20, 0x61, 0x6c, 0x70, 0x68, //  (_240.w <= alph
	0x61, 0x54, 0x65, 0x73, 0x74, 0x56, 0x61, 0x6c, 0x75, 0x65, 0x41, 0x42, 0x5f, 0x66, 0x69, 0x6c, // aTestValueAB_fil
	0x74, 0x65, 0x72, 0x4d, 0x6f, 0x64, 0x65, 0x5f, 0x61, 0x64, 0x64, 0x42, 0x6c, 0x65, 0x6e, 0x64, // terMode_addBlend
	0x2e, 0x78, 0x29, 0x0a, 0x20, 0x20, 0x20, 0x20, 0x20, 0x20, 0x20, 0x20, 0x20, 0x20, 0x20, 0x20, // .x).            
	0x7b, 0x0a, 0x20, 0x20, 0x20, 0x20, 0x20, 0x20, 0x20, 0x20, 0x20, 0x20, 0x20, 0x20, 0x20, 0x20, // {.              
	0x20, 0x20, 0x62, 0x67, 0x66, 0x78, 0x5f, 0x46, 0x72, 0x61, 0x67, 0x43, 0x6f, 0x6c, 0x6f, 0x72, //   bgfx_FragColor
	0x20, 0x3d, 0x20, 0x76, 0x65, 0x63, 0x34, 0x28, 0x30, 0x2e, 0x30, 0x29, 0x3b, 0x0a, 0x20, 0x20, //  = vec4(0.0);.  
	0x20, 0x20, 0x20, 0x20, 0x20, 0x20, 0x20, 0x20, 0x20, 0x20, 0x20, 0x20, 0x20, 0x20, 0x62, 0x72, //               br
	0x65, 0x61, 0x6b, 0x3b, 0x0a, 0x20, 0x20, 0x20, 0x20, 0x20, 0x20, 0x20, 0x20, 0x20, 0x20, 0x20, // eak;.           
	0x20, 0x7d, 0x0a, 0x20, 0x20, 0x20, 0x20, 0x20, 0x20, 0x20, 0x20, 0x20, 0x20, 0x20, 0x20, 0x5f, //  }.            _
	0x36, 0x34, 0x33, 0x20, 0x3d, 0x20, 0x5f, 0x32, 0x34, 0x30, 0x3b, 0x0a, 0x20, 0x20, 0x20, 0x20, // 643 = _240;.    
	0x20, 0x20, 0x20, 0x20, 0x7d, 0x0a, 0x20, 0x20, 0x20, 0x20, 0x20, 0x20, 0x20, 0x20, 0x65, 0x6c, //     }.        el
	0x73, 0x65, 0x0a, 0x20, 0x20, 0x20, 0x20, 0x20, 0x20, 0x20, 0x20, 0x7b, 0x0a, 0x20, 0x20, 0x20, // se.        {.   
	0x20, 0x20, 0x20, 0x20, 0x20, 0x20, 0x20, 0x20, 0x20, 0x5f, 0x36, 0x34, 0x33, 0x20, 0x3d, 0x20, //          _643 = 
	0x5f, 0x36, 0x34, 0x34, 0x3b, 0x0a, 0x20, 0x20, 0x20, 0x20, 0x20, 0x20, 0x20, 0x20, 0x7d, 0x0a, // _644;.        }.
	0x20, 0x20, 0x20, 0x20, 0x20, 0x20, 0x20, 0x20, 0x62, 0x6f, 0x6f, 0x6c, 0x20, 0x5f, 0x32, 0x35, //         bool _25
	0x36, 0x20, 0x3d, 0x20, 0x61, 0x6d, 0x6f, 0x75, 0x6e, 0x74, 0x5f, 0x62, 0x6c, 0x65, 0x6e, 0x64, // 6 = amount_blend
	0x5f, 0x6d, 0x6f, 0x64, 0x75, 0x6c, 0x61, 0x74, 0x65, 0x5f, 0x76, 0x73, 0x5f, 0x61, 0x64, 0x64, // _modulate_vs_add
	0x5f, 0x66, 0x6c, 0x61, 0x73, 0x68, 0x65, 0x72, 0x4d, 0x6f, 0x64, 0x65, 0x2e, 0x7a, 0x20, 0x3d, // _flasherMode.z =
	0x3d, 0x20, 0x31, 0x2e, 0x30, 0x3b, 0x0a, 0x20, 0x20, 0x20, 0x20, 0x20, 0x20, 0x20, 0x20, 0x68, // = 1.0;.        h
	0x69, 0x67, 0x68, 0x70, 0x20, 0x76, 0x65, 0x63, 0x34, 0x20, 0x5f, 0x36, 0x34, 0x37, 0x3b, 0x0a, // ighp vec4 _647;.
	0x20, 0x20, 0x20, 0x20, 0x20, 0x20, 0x20, 0x20, 0x69, 0x66, 0x20, 0x28, 0x5f, 0x32, 0x35, 0x36, //         if (_256
	0x29, 0x0a, 0x20, 0x20, 0x20, 0x20, 0x20, 0x20, 0x20, 0x20, 0x7b, 0x0a, 0x20, 0x20, 0x20, 0x20, // ).        {.    
	0x20, 0x20, 0x20, 0x20, 0x20, 0x20, 0x20, 0x20, 0x68, 0x69, 0x67, 0x68, 0x70, 0x20, 0x76, 0x65, //         highp ve
	0x63, 0x34, 0x20, 0x5f, 0x32, 0x36, 0x33, 0x20, 0x3d, 0x20, 0x74, 0x65, 0x78, 0x74, 0x75, 0x72, // c4 _263 = textur
	0x65, 0x28, 0x74, 0x65, 0x78, 0x5f, 0x66, 0x6c, 0x61, 0x73, 0x68, 0x65, 0x72, 0x5f, 0x42, 0x2c, // e(tex_flasher_B,
	0x20, 0x76, 0x5f, 0x74, 0x65, 0x78, 0x63, 0x6f, 0x6f, 0x72, 0x64, 0x30, 0x29, 0x3b, 0x0a, 0x20, //  v_texcoord0);. 
	0x20, 0x20, 0x20, 0x20, 0x20, 0x20, 0x20, 0x20, 0x20, 0x20, 0x20, 0x69, 0x66, 0x20, 0x28, 0x5f, //            if (_
	0x32, 0x36, 0x33, 0x2e, 0x77, 0x20, 0x3c, 0x3d, 0x20, 0x61, 0x6c, 0x70, 0x68, 0x61, 0x54, 0x65, // 263.w <= alphaTe
	0x73, 0x74, 0x56, 0x61, 0x6c, 0x75, 0x65, 0x41, 0x42, 0x5f, 0x66, 0x69, 0x6c, 0x74, 0x65, 0x72, // stValueAB_filter
	0x4d, 0x6f, 0x64, 0x65, 0x5f, 0x61, 0x64, 0x64, 0x42, 0x6c, 0x65, 0x6e, 0x64, 0x2e, 0x79, 0x29, // Mode_addBlend.y)
	0x0a, 0x20, 0x20, 0x20, 0x20, 0x20, 0x20, 0x20, 0x20, 0x20, 0x20, 0x20, 0x20, 0x7b, 0x0a, 0x20, // .            {. 
	0x20, 0x20, 0x20, 0x20, 0x20, 0x20, 0x20, 0x20, 0x20, 0x20, 0x20, 0x20, 0x20, 0x20, 0x20, 0x62, //                b
	0x67, 0x66, 0x78, 0x5f, 0x46, 0x72, 0x61, 0x67, 0x43, 0x6f, 0x6c, 0x6f, 0x72, 0x20, 0x3d, 0x20, // gfx_FragColor = 
	0x76, 0x65, 0x63, 0x34, 0x28, 0x30, 0x2e, 0x30, 0x29, 0x3b, 0x0a, 0x20, 0x20, 0x20, 0x20, 0x20, // vec4(0.0);.     
	0x20, 0x20, 0x20, 0x20, 0x20, 0x20, 0x20, 0x20, 0x20, 0x20, 0x20, 0x62, 0x72, 0x65, 0x61, 0x6b, //            break
	0x3b, 0x0a, 0x20, 0x20, 0x20, 0x20, 0x20, 0x20, 0x20, 0x20, 0x20, 0x20, 0x20, 0x20, 0x7d, 0x0a, // ;.            }.
	0x20, 0x20, 0x20, 0x20, 0x20, 0x20, 0x20, 0x20, 0x20, 0x20, 0x20, 0x20, 0x5f, 0x36, 0x34, 0x37, //             _647
	0x20, 0x3d, 0x20, 0x5f, 0x32, 0x36, 0x33, 0x3b, 0x0a, 0x20, 0x20, 0x20, 0x20, 0x20, 0x20, 0x20, //  = _263;.       
	0x20, 0x7d, 0x0a, 0x20, 0x20, 0x20, 0x20, 0x20, 0x20, 0x20, 0x20, 0x65, 0x6c, 0x73, 0x65, 0x0a, //  }.        else.
	0x20, 0x20, 0x20, 0x20, 0x20, 0x20, 0x20, 0x20, 0x7b, 0x0a, 0x20, 0x20, 0x20, 0x20, 0x20, 0x20, //         {.      
	0x20, 0x20, 0x20, 0x20, 0x20, 0x20, 0x5f, 0x36, 0x34, 0x37, 0x20, 0x3d, 0x20, 0x5f, 0x36, 0x34, //       _647 = _64
	0x34, 0x3b, 0x0a, 0x20, 0x20, 0x20, 0x20, 0x20, 0x20, 0x20, 0x20, 0x7d, 0x0a, 0x20, 0x20, 0x20, // 4;.        }.   
	0x20, 0x20, 0x20, 0x20, 0x20, 0x68, 0x69, 0x67, 0x68, 0x70, 0x20, 0x76, 0x65, 0x63, 0x34, 0x20, //      highp vec4 
	0x5f, 0x36, 0x34, 0x39, 0x3b, 0x0a, 0x20, 0x20, 0x20, 0x20, 0x20, 0x20, 0x20, 0x20, 0x69, 0x66, // _649;.        if
	0x20, 0x28, 0x61, 0x6d, 0x6f, 0x75, 0x6e, 0x74, 0x5f, 0x62, 0x6c, 0x65, 0x6e, 0x64, 0x5f, 0x6d, //  (amount_blend_m
	0x6f, 0x64, 0x75, 0x6c, 0x61, 0x74, 0x65, 0x5f, 0x76, 0x73, 0x5f, 0x61, 0x64, 0x64, 0x5f, 0x66, // odulate_vs_add_f
	0x6c, 0x61, 0x73, 0x68, 0x65, 0x72, 0x4d, 0x6f, 0x64, 0x65, 0x2e, 0x7a, 0x20, 0x3d, 0x3d, 0x20, // lasherMode.z == 
	0x30, 0x2e, 0x30, 0x29, 0x0a, 0x20, 0x20, 0x20, 0x20, 0x20, 0x20, 0x20, 0x20, 0x7b, 0x0a, 0x20, // 0.0).        {. 
	0x20, 0x20, 0x20, 0x20, 0x20, 0x20, 0x20, 0x20, 0x20, 0x20, 0x20, 0x5f, 0x36, 0x34, 0x39, 0x20, //            _649 
	0x3d, 0x20, 0x73, 0x74, 0x61, 0x74, 0x69, 0x63, 0x43, 0x6f, 0x6c, 0x6f, 0x72, 0x5f, 0x41, 0x6c, // = staticColor_Al
	0x70, 0x68, 0x61, 0x20, 0x2a, 0x20, 0x5f, 0x36, 0x34, 0x33, 0x3b, 0x0a, 0x20, 0x20, 0x20, 0x20, // pha * _643;.    
	0x20, 0x20, 0x20, 0x20, 0x7d, 0x0a, 0x20, 0x20, 0x20, 0x20, 0x20, 0x20, 0x20, 0x20, 0x65, 0x6c, //     }.        el
	0x73, 0x65, 0x0a, 0x20, 0x20, 0x20, 0x20, 0x20, 0x20, 0x20, 0x20, 0x7b, 0x0a, 0x20, 0x20, 0x20, // se.        {.   
	0x20, 0x20, 0x20, 0x20, 0x20, 0x20, 0x20, 0x20, 0x20, 0x5f, 0x36, 0x34, 0x39, 0x20, 0x3d, 0x20, //          _649 = 
	0x73, 0x74, 0x61, 0x74, 0x69, 0x63, 0x43, 0x6f, 0x6c, 0x6f, 0x72, 0x5f, 0x41, 0x6c, 0x70, 0x68, // staticColor_Alph
	0x61, 0x3b, 0x0a, 0x20, 0x20, 0x20, 0x20, 0x20, 0x20, 0x20, 0x20, 0x7d, 0x0a, 0x20, 0x20, 0x20, // a;.        }.   
	0x20, 0x20, 0x20, 0x20, 0x20, 0x68, 0x69, 0x67, 0x68, 0x70, 0x20, 0x76, 0x65, 0x63, 0x34, 0x20, //      highp vec4 
	0x5f, 0x36, 0x38, 0x32, 0x3b, 0x0a, 0x20, 0x20, 0x20, 0x20, 0x20, 0x20, 0x20, 0x20, 0x69, 0x66, // _682;.        if
	0x20, 0x28, 0x5f, 0x32, 0x35, 0x36, 0x29, 0x0a, 0x20, 0x20, 0x20, 0x20, 0x20, 0x20, 0x20, 0x20, //  (_256).        
	0x7b, 0x0a, 0x20, 0x20, 0x20, 0x20, 0x20, 0x20, 0x20, 0x20, 0x20, 0x20, 0x20, 0x20, 0x68, 0x69, // {.            hi
	0x67, 0x68, 0x70, 0x20, 0x76, 0x65, 0x63, 0x34, 0x20, 0x5f, 0x36, 0x35, 0x32, 0x3b, 0x0a, 0x20, // ghp vec4 _652;. 
	0x20, 0x20, 0x20, 0x20, 0x20, 0x20, 0x20, 0x20, 0x20, 0x20, 0x20, 0x69, 0x66, 0x20, 0x28, 0x61, //            if (a
	0x6c, 0x70, 0x68, 0x61, 0x54, 0x65, 0x73, 0x74, 0x56, 0x61, 0x6c, 0x75, 0x65, 0x41, 0x42, 0x5f, // lphaTestValueAB_
	0x66, 0x69, 0x6c, 0x74, 0x65, 0x72, 0x4d, 0x6f, 0x64, 0x65, 0x5f, 0x61, 0x64, 0x64, 0x42, 0x6c, // filterMode_addBl
	0x65, 0x6e, 0x64, 0x2e, 0x7a, 0x20, 0x3d, 0x3d, 0x20, 0x32, 0x2e, 0x30, 0x29, 0x0a, 0x20, 0x20, // end.z == 2.0).  
	0x20, 0x20, 0x20, 0x20, 0x20, 0x20, 0x20, 0x20, 0x20, 0x20, 0x7b, 0x0a, 0x20, 0x20, 0x20, 0x20, //           {.    
	0x20, 0x20, 0x20, 0x20, 0x20, 0x20, 0x20, 0x20, 0x20, 0x20, 0x20, 0x20, 0x5f, 0x36, 0x35, 0x32, //             _652
	0x20, 0x3d, 0x20, 0x5f, 0x36, 0x34, 0x39, 0x20, 0x2a, 0x20, 0x6d, 0x61, 0x78, 0x28, 0x6d, 0x69, //  = _649 * max(mi
	0x78, 0x28, 0x28, 0x5f, 0x36, 0x34, 0x33, 0x20, 0x2a, 0x20, 0x5f, 0x36, 0x34, 0x37, 0x29, 0x20, // x((_643 * _647) 
	0x2a, 0x20, 0x32, 0x2e, 0x30, 0x2c, 0x20, 0x76, 0x65, 0x63, 0x34, 0x28, 0x31, 0x2e, 0x30, 0x29, // * 2.0, vec4(1.0)
	0x20, 0x2d, 0x20, 0x28, 0x28, 0x28, 0x76, 0x65, 0x63, 0x34, 0x28, 0x31, 0x2e, 0x30, 0x29, 0x20, //  - (((vec4(1.0) 
	0x2d, 0x20, 0x5f, 0x36, 0x34, 0x33, 0x29, 0x20, 0x2a, 0x20, 0x32, 0x2e, 0x30, 0x29, 0x20, 0x2a, // - _643) * 2.0) *
	0x20, 0x28, 0x76, 0x65, 0x63, 0x34, 0x28, 0x31, 0x2e, 0x30, 0x29, 0x20, 0x2d, 0x20, 0x5f, 0x36, //  (vec4(1.0) - _6
	0x34, 0x37, 0x29, 0x29, 0x2c, 0x20, 0x73, 0x74, 0x65, 0x70, 0x28, 0x76, 0x65, 0x63, 0x34, 0x28, // 47)), step(vec4(
	0x30, 0x2e, 0x35, 0x29, 0x2c, 0x20, 0x5f, 0x36, 0x34, 0x33, 0x29, 0x29, 0x2c, 0x20, 0x76, 0x65, // 0.5), _643)), ve
	0x63, 0x34, 0x28, 0x30, 0x2e, 0x30, 0x29, 0x29, 0x3b, 0x0a, 0x20, 0x20, 0x20, 0x20, 0x20, 0x20, // c4(0.0));.      
	0x20, 0x20, 0x20, 0x20, 0x20, 0x20, 0x7d, 0x0a, 0x20, 0x20, 0x20, 0x20, 0x20, 0x20, 0x20, 0x20, //       }.        
	0x20, 0x20, 0x20, 0x20, 0x65, 0x6c, 0x73, 0x65, 0x0a, 0x20, 0x20, 0x20, 0x20, 0x20, 0x20, 0x20, //     else.       
	0x20, 0x20, 0x20, 0x20, 0x20, 0x7b, 0x0a, 0x20, 0x20, 0x20, 0x20, 0x20, 0x20, 0x20, 0x20, 0x20, //      {.         
	0x20, 0x20, 0x20, 0x20, 0x20, 0x20, 0x20, 0x5f, 0x36, 0x35, 0x32, 0x20, 0x3d, 0x20, 0x5f, 0x36, //        _652 = _6
	0x34, 0x39, 0x3b, 0x0a, 0x20, 0x20, 0x20, 0x20, 0x20, 0x20, 0x20, 0x20, 0x20, 0x20, 0x20, 0x20, // 49;.            
	0x7d, 0x0a, 0x20, 0x20, 0x20, 0x20, 0x20, 0x20, 0x20, 0x20, 0x20, 0x20, 0x20, 0x20, 0x68, 0x69, // }.            hi
	0x67, 0x68, 0x70, 0x20, 0x76, 0x65, 0x63, 0x34, 0x20, 0x5f, 0x36, 0x35, 0x35, 0x3b, 0x0a, 0x20, // ghp vec4 _655;. 
	0x20, 0x20, 0x20, 0x20, 0x20, 0x20, 0x20, 0x20, 0x20, 0x20, 0x20, 0x69, 0x66, 0x20, 0x28, 0x61, //            if (a
	0x6c, 0x70, 0x68, 0x61, 0x54, 0x65, 0x73, 0x74, 0x56, 0x61, 0x6c, 0x75, 0x65, 0x41, 0x42, 0x5f, // lphaTestValueAB_
	0x66, 0x69, 0x6c, 0x74, 0x65, 0x72, 0x4d, 0x6f, 0x64, 0x65, 0x5f, 0x61, 0x64, 0x64, 0x42, 0x6c, // filterMode_addBl
	0x65, 0x6e, 0x64, 0x2e, 0x7a, 0x20, 0x3d, 0x3d, 0x20, 0x33, 0x2e, 0x30, 0x29, 0x0a, 0x20, 0x20, // end.z == 3.0).  
	0x20, 0x20, 0x20, 0x20, 0x20, 0x20, 0x20, 0x20, 0x20, 0x20, 0x7b, 0x0a, 0x20, 0x20, 0x20, 0x20, //           {.    
	0x20, 0x20, 0x20, 0x20, 0x20, 0x20, 0x20, 0x20, 0x20, 0x20, 0x20, 0x20, 0x5f, 0x36, 0x35, 0x35, //             _655
	0x20, 0x3d, 0x20, 0x5f, 0x36, 0x35, 0x32, 0x20, 0x2a, 0x20, 0x28, 0x28, 0x5f, 0x36, 0x34, 0x33, //  = _652 * ((_643
	0x20, 0x2a, 0x20, 0x5f, 0x36, 0x34, 0x37, 0x29, 0x20, 0x2a, 0x20, 0x61, 0x6d, 0x6f, 0x75, 0x6e, //  * _647) * amoun
	0x74, 0x5f, 0x62, 0x6c, 0x65, 0x6e, 0x64, 0x5f, 0x6d, 0x6f, 0x64, 0x75, 0x6c, 0x61, 0x74, 0x65, // t_blend_modulate
	0x5f, 0x76, 0x73, 0x5f, 0x61, 0x64, 0x64, 0x5f, 0x66, 0x6c, 0x61, 0x73, 0x68, 0x65, 0x72, 0x4d, // _vs_add_flasherM
	0x6f, 0x64, 0x65, 0x2e, 0x78, 0x29, 0x3b, 0x0a, 0x20, 0x20, 0x20, 0x20, 0x20, 0x20, 0x20, 0x20, // ode.x);.        
	0x20, 0x20, 0x20, 0x20, 0x7d, 0x0a, 0x20, 0x20, 0x20, 0x20, 0x20, 0x20, 0x20, 0x20, 0x20, 0x20, //     }.          
	0x20, 0x20, 0x65, 0x6c, 0x73, 0x65, 0x0a, 0x20, 0x20, 0x20, 0x20, 0x20, 0x20, 0x20, 0x20, 0x20, //   else.         
	0x20, 0x20, 0x20, 0x7b, 0x0a, 0x20, 0x20, 0x20, 0x20, 0x20, 0x20, 0x20, 0x20, 0x20, 0x20, 0x20, //    {.           
	0x20, 0x20, 0x20, 0x20, 0x20, 0x5f, 0x36, 0x35, 0x35, 0x20, 0x3d, 0x20, 0x5f, 0x36, 0x35, 0x32, //      _655 = _652
	0x3b, 0x0a, 0x20, 0x20, 0x20, 0x20, 0x20, 0x20, 0x20, 0x20, 0x20, 0x20, 0x20, 0x20, 0x7d, 0x0a, // ;.            }.
	0x20, 0x20, 0x20, 0x20, 0x20, 0x20, 0x20, 0x20, 0x20, 0x20, 0x20, 0x20, 0x68, 0x69, 0x67, 0x68, //             high
	0x70, 0x20, 0x76, 0x65, 0x63, 0x34, 0x20, 0x5f, 0x36, 0x35, 0x38, 0x3b, 0x0a, 0x20, 0x20, 0x20, // p vec4 _658;.   
	0x20, 0x20, 0x20, 0x20, 0x20, 0x20, 0x20, 0x20, 0x20, 0x69, 0x66, 0x20, 0x28, 0x61, 0x6c, 0x70, //          if (alp
	0x68, 0x61, 0x54, 0x65, 0x73, 0x74, 0x56, 0x61, 0x6c, 0x75, 0x65, 0x41, 0x42, 0x5f, 0x66, 0x69, // haTestValueAB_fi
	0x6c, 0x74, 0x65, 0x72, 0x4d, 0x6f, 0x64, 0x65, 0x5f, 0x61, 0x64, 0x64, 0x42, 0x6c, 0x65, 0x6e, // lterMode_addBlen
	0x64, 0x2e, 0x7a, 0x20, 0x3d, 0x3d, 0x20, 0x31, 0x2e, 0x30, 0x29, 0x0a, 0x20, 0x20, 0x20, 0x20, // d.z == 1.0).    
	0x20, 0x20, 0x20, 0x20, 0x20, 0x20, 0x20, 0x20, 0x7b, 0x0a, 0x20, 0x20, 0x20, 0x20, 0x20, 0x20, //         {.      
	0x20, 0x20, 0x20, 0x20, 0x20, 0x20, 0x20, 0x20, 0x20, 0x20, 0x5f, 0x36, 0x35, 0x38, 0x20, 0x3d, //           _658 =
	0x20, 0x5f, 0x36, 0x35, 0x35, 0x20, 0x2a, 0x20, 0x28, 0x5f, 0x36, 0x34, 0x33, 0x20, 0x2b, 0x20, //  _655 * (_643 + 
	0x28, 0x5f, 0x36, 0x34, 0x37, 0x20, 0x2a, 0x20, 0x61, 0x6d, 0x6f, 0x75, 0x6e, 0x74, 0x5f, 0x62, // (_647 * amount_b
	0x6c, 0x65, 0x6e, 0x64, 0x5f, 0x6d, 0x6f, 0x64, 0x75, 0x6c, 0x61, 0x74, 0x65, 0x5f, 0x76, 0x73, // lend_modulate_vs
	0x5f, 0x61, 0x64, 0x64, 0x5f, 0x66, 0x6c, 0x61, 0x73, 0x68, 0x65, 0x72, 0x4d, 0x6f, 0x64, 0x65, // _add_flasherMode
	0x2e, 0x78, 0x29, 0x29, 0x3b, 0x0a, 0x20, 0x20, 0x20, 0x20, 0x20, 0x20, 0x20, 0x20, 0x20, 0x20, // .x));.          
	0x20, 0x20, 0x7d, 0x0a, 0x20, 0x20, 0x20, 0x20, 0x20, 0x20, 0x20, 0x20, 0x20, 0x20, 0x20, 0x20, //   }.            
	0x65, 0x6c, 0x73, 0x65, 0x0a, 0x20, 0x20, 0x20, 0x20, 0x20, 0x20, 0x20, 0x20, 0x20, 0x20, 0x20, // else.           
	0x20, 0x7b, 0x0a, 0x20, 0x20, 0x20, 0x20, 0x20, 0x20, 0x20, 0x20, 0x20, 0x20, 0x20, 0x20, 0x20, //  {.             
	0x20, 0x20, 0x20, 0x5f, 0x36, 0x35, 0x38, 0x20, 0x3d, 0x20, 0x5f, 0x36, 0x35, 0x35, 0x3b, 0x0a, //    _658 = _655;.
	0x20, 0x20, 0x20, 0x20, 0x20, 0x20, 0x20, 0x20, 0x20, 0x20, 0x20, 0x20, 0x7d, 0x0a, 0x20, 0x20, //             }.  
	0x20, 0x20, 0x20, 0x20, 0x20, 0x20, 0x20, 0x20, 0x20, 0x20, 0x68, 0x69, 0x67, 0x68, 0x70, 0x20, //           highp 
	0x76, 0x65, 0x63, 0x34, 0x20, 0x5f, 0x36, 0x38, 0x33, 0x3b, 0x0a, 0x20, 0x20, 0x20, 0x20, 0x20, // vec4 _683;.     
	0x20, 0x20, 0x20, 0x20, 0x20, 0x20, 0x20, 0x69, 0x66, 0x20, 0x28, 0x61, 0x6c, 0x70, 0x68, 0x61, //        if (alpha
	0x54, 0x65, 0x73, 0x74, 0x56, 0x61, 0x6c, 0x75, 0x65, 0x41, 0x42, 0x5f, 0x66, 0x69, 0x6c, 0x74, // TestValueAB_filt
	0x65, 0x72, 0x4d, 0x6f, 0x64, 0x65, 0x5f, 0x61, 0x64, 0x64, 0x42, 0x6c, 0x65, 0x6e, 0x64, 0x2e, // erMode_addBlend.
	0x7a, 0x20, 0x3d, 0x3d, 0x20, 0x34, 0x2e, 0x30, 0x29, 0x0a, 0x20, 0x20, 0x20, 0x20, 0x20, 0x20, // z == 4.0).      
	0x20, 0x20, 0x20, 0x20, 0x20, 0x20, 0x7b, 0x0a, 0x20, 0x20, 0x20, 0x20, 0x20, 0x20, 0x20, 0x20, //       {.        
	0x20, 0x20, 0x20, 0x20, 0x20, 0x20, 0x20, 0x20, 0x5f, 0x36, 0x38, 0x33, 0x20, 0x3d, 0x20, 0x5f, //         _683 = _
	0x36, 0x35, 0x38, 0x20, 0x2a, 0x20, 0x6d, 0x61, 0x78, 0x28, 0x76, 0x65, 0x63, 0x34, 0x28, 0x31, // 658 * max(vec4(1
	0x2e, 0x30, 0x29, 0x20, 0x2d, 0x20, 0x28, 0x28, 0x76, 0x65, 0x63, 0x34, 0x28, 0x31, 0x2e, 0x30, // .0) - ((vec4(1.0
	0x29, 0x20, 0x2d, 0x20, 0x5f, 0x36, 0x34, 0x33, 0x29, 0x20, 0x2a, 0x20, 0x28, 0x76, 0x65, 0x63, // ) - _643) * (vec
	0x34, 0x28, 0x31, 0x2e, 0x30, 0x29, 0x20, 0x2d, 0x20, 0x5f, 0x36, 0x34, 0x37, 0x29, 0x29, 0x2c, // 4(1.0) - _647)),
	0x20, 0x76, 0x65, 0x63, 0x34, 0x28, 0x30, 0x2e, 0x30, 0x29, 0x29, 0x3b, 0x0a, 0x20, 0x20, 0x20, //  vec4(0.0));.   
	0x20, 0x20, 0x20, 0x20, 0x20, 0x20, 0x20, 0x20, 0x20, 0x7d, 0x0a, 0x20, 0x20, 0x20, 0x20, 0x20, //          }.     
	0x20, 0x20, 0x20, 0x20, 0x20, 0x20, 0x20, 0x65, 0x6c, 0x73, 0x65, 0x0a, 0x20, 0x20, 0x20, 0x20, //        else.    
	0x20, 0x20, 0x20, 0x20, 0x20, 0x20, 0x20, 0x20, 0x7b, 0x0a, 0x20, 0x20, 0x20, 0x20, 0x20, 0x20, //         {.      
	0x20, 0x20, 0x20, 0x20, 0x20, 0x20, 0x20, 0x20, 0x20, 0x20, 0x5f, 0x36, 0x38, 0x33, 0x20, 0x3d, //           _683 =
	0x20, 0x5f, 0x36, 0x35, 0x38, 0x3b, 0x0a, 0x20, 0x20, 0x20, 0x20, 0x20, 0x20, 0x20, 0x20, 0x20, //  _658;.         
	0x20, 0x20, 0x20, 0x7d, 0x0a, 0x20, 0x20, 0x20, 0x20, 0x20, 0x20, 0x20, 0x20, 0x20, 0x20, 0x20, //    }.           
	0x20, 0x5f, 0x36, 0x38, 0x32, 0x20, 0x3d, 0x20, 0x5f, 0x36, 0x38, 0x33, 0x3b, 0x0a, 0x20, 0x20, //  _682 = _683;.  
	0x20, 0x20, 0x20, 0x20, 0x20, 0x20, 0x7d, 0x0a, 0x20, 0x20, 0x20, 0x20, 0x20, 0x20, 0x20, 0x20, //       }.        
	0x65, 0x6c, 0x73, 0x65, 0x0a, 0x20, 0x20, 0x20, 0x20, 0x20, 0x20, 0x20, 0x20, 0x7b, 0x0a, 0x20, // else.        {. 
	0x20, 0x20, 0x20, 0x20, 0x20, 0x20, 0x20, 0x20, 0x20, 0x20, 0x20, 0x5f, 0x36, 0x38, 0x32, 0x20, //            _682 
	0x3d, 0x20, 0x5f, 0x36, 0x34, 0x39, 0x3b, 0x0a, 0x20, 0x20, 0x20, 0x20, 0x20, 0x20, 0x20, 0x20, // = _649;.        
	0x7d, 0x0a, 0x20, 0x20, 0x20, 0x20, 0x20, 0x20, 0x20, 0x20, 0x68, 0x69, 0x67, 0x68, 0x70, 0x20, // }.        highp 
	0x76, 0x65, 0x63, 0x34, 0x20, 0x5f, 0x36, 0x38, 0x35, 0x3b, 0x0a, 0x20, 0x20, 0x20, 0x20, 0x20, // vec4 _685;.     
	0x20, 0x20, 0x20, 0x69, 0x66, 0x20, 0x28, 0x6c, 0x69, 0x67, 0x68, 0x74, 0x43, 0x65, 0x6e, 0x74, //    if (lightCent
	0x65, 0x72, 0x5f, 0x64, 0x6f, 0x53, 0x68, 0x61, 0x64, 0x6f, 0x77, 0x2e, 0x77, 0x20, 0x21, 0x3d, // er_doShadow.w !=
	0x20, 0x30, 0x2e, 0x30, 0x29, 0x0a, 0x20, 0x20, 0x20, 0x20, 0x20, 0x20, 0x20, 0x20, 0x7b, 0x0a, //  0.0).        {.
	0x20, 0x20, 0x20, 0x20, 0x20, 0x20, 0x20, 0x20, 0x20, 0x20, 0x20, 0x20, 0x68, 0x69, 0x67, 0x68, //             high
	0x70, 0x20, 0x76, 0x65, 0x63, 0x33, 0x20, 0x5f, 0x33, 0x35, 0x38, 0x20, 0x3d, 0x20, 0x76, 0x5f, // p vec3 _358 = v_
	0x74, 0x61, 0x62, 0x6c, 0x65, 0x50, 0x6f, 0x73, 0x20, 0x2d, 0x20, 0x6c, 0x69, 0x67, 0x68, 0x74, // tablePos - light
	0x43, 0x65, 0x6e, 0x74, 0x65, 0x72, 0x5f, 0x64, 0x6f, 0x53, 0x68, 0x61, 0x64, 0x6f, 0x77, 0x2e, // Center_doShadow.
	0x78, 0x79, 0x7a, 0x3b, 0x0a, 0x20, 0x20, 0x20, 0x20, 0x20, 0x20, 0x20, 0x20, 0x20, 0x20, 0x20, // xyz;.           
	0x20, 0x68, 0x69, 0x67, 0x68, 0x70, 0x20, 0x66, 0x6c, 0x6f, 0x61, 0x74, 0x20, 0x5f, 0x33, 0x36, //  highp float _36
	0x31, 0x20, 0x3d, 0x20, 0x6c, 0x65, 0x6e, 0x67, 0x74, 0x68, 0x28, 0x5f, 0x33, 0x35, 0x38, 0x29, // 1 = length(_358)
	0x3b, 0x0a, 0x20, 0x20, 0x20, 0x20, 0x20, 0x20, 0x20, 0x20, 0x20, 0x20, 0x20, 0x20, 0x68, 0x69, // ;.            hi
	0x67, 0x68, 0x70, 0x20, 0x66, 0x6c, 0x6f, 0x61, 0x74, 0x20, 0x5f, 0x36, 0x36, 0x36, 0x3b, 0x0a, // ghp float _666;.
	0x20, 0x20, 0x20, 0x20, 0x20, 0x20, 0x20, 0x20, 0x20, 0x20, 0x20, 0x20, 0x64, 0x6f, 0x0a, 0x20, //             do. 
	0x20, 0x20, 0x20, 0x20, 0x20, 0x20, 0x20, 0x20, 0x20, 0x20, 0x20, 0x7b, 0x0a, 0x20, 0x20, 0x20, //            {.   
	0x20, 0x20, 0x20, 0x20, 0x20, 0x20, 0x20, 0x20, 0x20, 0x20, 0x20, 0x20, 0x20, 0x68, 0x69, 0x67, //              hig
	0x68, 0x70, 0x20, 0x66, 0x6c, 0x6f, 0x61, 0x74, 0x20, 0x5f, 0x36, 0x36, 0x30, 0x3b, 0x0a, 0x20, // hp float _660;. 
	0x20, 0x20, 0x20, 0x20, 0x20, 0x20, 0x20, 0x20, 0x20, 0x20, 0x20, 0x20, 0x20, 0x20, 0x20, 0x5f, //                _
	0x36, 0x36, 0x30, 0x20, 0x3d, 0x20, 0x31, 0x2e, 0x30, 0x3b, 0x0a, 0x20, 0x20, 0x20, 0x20, 0x20, // 660 = 1.0;.     
	0x20, 0x20, 0x20, 0x20, 0x20, 0x20, 0x20, 0x20, 0x20, 0x20, 0x20, 0x62, 0x6f, 0x6f, 0x6c, 0x20, //            bool 
	0x5f, 0x36, 0x36, 0x32, 0x3b, 0x0a, 0x20, 0x20, 0x20, 0x20, 0x20, 0x20, 0x20, 0x20, 0x20, 0x20, // _662;.          
	0x20, 0x20, 0x20, 0x20, 0x20, 0x20, 0x68, 0x69, 0x67, 0x68, 0x70, 0x20, 0x66, 0x6c, 0x6f, 0x61, //       highp floa
	0x74, 0x20, 0x5f, 0x36, 0x36, 0x37, 0x3b, 0x0a, 0x20, 0x20, 0x20, 0x20, 0x20, 0x20, 0x20, 0x20, // t _667;.        
	0x20, 0x20, 0x20, 0x20, 0x20, 0x20, 0x20, 0x20, 0x68, 0x69, 0x67, 0x68, 0x70, 0x20, 0x66, 0x6c, //         highp fl
	0x6f, 0x61, 0x74, 0x20, 0x5f, 0x36, 0x38, 0x36, 0x3b, 0x0a, 0x20, 0x20, 0x20, 0x20, 0x20, 0x20, // oat _686;.      
	0x20, 0x20, 0x20, 0x20, 0x20, 0x20, 0x20, 0x20, 0x20, 0x20, 0x69, 0x6e, 0x74, 0x20, 0x5f, 0x36, //           int _6
	0x35, 0x39, 0x20, 0x3d, 0x20, 0x30, 0x3b, 0x0a, 0x20, 0x20, 0x20, 0x20, 0x20, 0x20, 0x20, 0x20, // 59 = 0;.        
	0x20, 0x20, 0x20, 0x20, 0x20, 0x20, 0x20, 0x20, 0x66, 0x6f, 0x72, 0x20, 0x28, 0x3b, 0x3b, 0x29, //         for (;;)
	0x0a, 0x20, 0x20, 0x20, 0x20, 0x20, 0x20, 0x20, 0x20, 0x20, 0x20, 0x20, 0x20, 0x20, 0x20, 0x20, // .               
	0x20, 0x7b, 0x0a, 0x20, 0x20, 0x20, 0x20, 0x20, 0x20, 0x20, 0x20, 0x20, 0x20, 0x20, 0x20, 0x20, //  {.             
	0x20, 0x20, 0x20, 0x20, 0x20, 0x20, 0x20, 0x69, 0x66, 0x20, 0x28, 0x5f, 0x36, 0x35, 0x39, 0x20, //        if (_659 
	0x3c, 0x20, 0x38, 0x29, 0x0a, 0x20, 0x20, 0x20, 0x20, 0x20, 0x20, 0x20, 0x20, 0x20, 0x20, 0x20, // < 8).           
	0x20, 0x20, 0x20, 0x20, 0x20, 0x20, 0x20, 0x20, 0x20, 0x7b, 0x0a, 0x20, 0x20, 0x20, 0x20, 0x20, //          {.     
	0x20, 0x20, 0x20, 0x20, 0x20, 0x20, 0x20, 0x20, 0x20, 0x20, 0x20, 0x20, 0x20, 0x20, 0x20, 0x20, //                 
	0x20, 0x20, 0x20, 0x69, 0x66, 0x20, 0x28, 0x62, 0x61, 0x6c, 0x6c, 0x73, 0x5b, 0x5f, 0x36, 0x35, //    if (balls[_65
	0x39, 0x5d, 0x2e, 0x77, 0x20, 0x3d, 0x3d, 0x20, 0x30, 0x2e, 0x30, 0x29, 0x0a, 0x20, 0x20, 0x20, // 9].w == 0.0).   
	0x20, 0x20, 0x20, 0x20, 0x20, 0x20, 0x20, 0x20, 0x20, 0x20, 0x20, 0x20, 0x20, 0x20, 0x20, 0x20, //                 
	0x20, 0x20, 0x20, 0x20, 0x20, 0x7b, 0x0a, 0x20, 0x20, 0x20, 0x20, 0x20, 0x20, 0x20, 0x20, 0x20, //      {.         
	0x20, 0x20, 0x20, 0x20, 0x20, 0x20, 0x20, 0x20, 0x20, 0x20, 0x20, 0x20, 0x20, 0x20, 0x20, 0x20, //                 
	0x20, 0x20, 0x20, 0x5f, 0x36, 0x36, 0x37, 0x20, 0x3d, 0x20, 0x5f, 0x36, 0x36, 0x30, 0x3b, 0x0a, //    _667 = _660;.
	0x20, 0x20, 0x20, 0x20, 0x20, 0x20, 0x20, 0x20, 0x20, 0x20, 0x20, 0x20, 0x20, 0x20, 0x20, 0x20, //                 
	0x20, 0x20, 0x20, 0x20, 0x20, 0x20, 0x20, 0x20, 0x20, 0x20, 0x20, 0x20, 0x5f, 0x36, 0x36, 0x32, //             _662
	0x20, 0x3d, 0x20, 0x74, 0x72, 0x75, 0x65, 0x3b, 0x0a, 0x20, 0x20, 0x20, 0x20, 0x20, 0x20, 0x20, //  = true;.       
	0x20, 0x20, 0x20, 0x20, 0x20, 0x20, 0x20, 0x20, 0x20, 0x20, 0x20, 0x20, 0x20, 0x20, 0x20, 0x20, //                 
	0x20, 0x20, 0x20, 0x20, 0x20, 0x62, 0x72, 0x65, 0x61, 0x6b, 0x3b, 0x0a, 0x20, 0x20, 0x20, 0x20, //      break;.    
	0x20, 0x20, 0x20, 0x20, 0x20, 0x20, 0x20, 0x20, 0x20, 0x20, 0x20, 0x20, 0x20, 0x20, 0x20, 0x20, //                 
	0x20, 0x20, 0x20, 0x20, 0x7d, 0x0a, 0x20, 0x20, 0x20, 0x20, 0x20, 0x20, 0x20, 0x20, 0x20, 0x20, //     }.          
	0x20, 0x20, 0x20, 0x20, 0x20, 0x20, 0x20, 0x20, 0x20, 0x20, 0x20, 0x20, 0x20, 0x20, 0x68, 0x69, //               hi
	0x67, 0x68, 0x70, 0x20, 0x76, 0x65, 0x63, 0x33, 0x20, 0x5f, 0x35, 0x35, 0x39, 0x20, 0x3d, 0x20, // ghp vec3 _559 = 
	0x62, 0x61, 0x6c, 0x6c, 0x73, 0x5b, 0x5f, 0x36, 0x35, 0x39, 0x5d, 0x2e, 0x78, 0x79, 0x7a, 0x20, // balls[_659].xyz 
	0x2d, 0x20, 0x6c, 0x69, 0x67, 0x68, 0x74, 0x43, 0x65, 0x6e, 0x74, 0x65, 0x72, 0x5f, 0x64, 0x6f, // - lightCenter_do
	0x53, 0x68, 0x61, 0x64, 0x6f, 0x77, 0x2e, 0x78, 0x79, 0x7a, 0x3b, 0x0a, 0x20, 0x20, 0x20, 0x20, // Shadow.xyz;.    
	0x20, 0x20, 0x20, 0x20, 0x20, 0x20, 0x20, 0x20, 0x20, 0x20, 0x20, 0x20, 0x20, 0x20, 0x20, 0x20, //                 
	0x20, 0x20, 0x20, 0x20, 0x68, 0x69, 0x67, 0x68, 0x70, 0x20, 0x66, 0x6c, 0x6f, 0x61, 0x74, 0x20, //     highp float 
	0x5f, 0x35, 0x36, 0x36, 0x20, 0x3d, 0x20, 0x64, 0x6f, 0x74, 0x28, 0x5f, 0x35, 0x35, 0x39, 0x2c, // _566 = dot(_559,
	0x20, 0x5f, 0x33, 0x35, 0x38, 0x29, 0x20, 0x2f, 0x20, 0x28, 0x5f, 0x33, 0x36, 0x31, 0x20, 0x2a, //  _358) / (_361 *
	0x20, 0x5f, 0x33, 0x36, 0x31, 0x29, 0x3b, 0x0a, 0x20, 0x20, 0x20, 0x20, 0x20, 0x20, 0x20, 0x20, //  _361);.        
	0x20, 0x20, 0x20, 0x20, 0x20, 0x20, 0x20, 0x20, 0x20, 0x20, 0x20, 0x20, 0x20, 0x20, 0x20, 0x20, //                 
	0x69, 0x66, 0x20, 0x28, 0x28, 0x5f, 0x35, 0x36, 0x36, 0x20, 0x3e, 0x20, 0x30, 0x2e, 0x30, 0x29, // if ((_566 > 0.0)
	0x20, 0x26, 0x26, 0x20, 0x28, 0x5f, 0x35, 0x36, 0x36, 0x20, 0x3c, 0x20, 0x31, 0x2e, 0x30, 0x29, //  && (_566 < 1.0)
	0x29, 0x0a, 0x20, 0x20, 0x20, 0x20, 0x20, 0x20, 0x20, 0x20, 0x20, 0x20, 0x20, 0x20, 0x20, 0x20, // ).              
	0x20, 0x20, 0x20, 0x20, 0x20, 0x20, 0x20, 0x20, 0x20, 0x20, 0x7b, 0x0a, 0x20, 0x20, 0x20, 0x20, //           {.    
	0x20, 0x20, 0x20, 0x20, 0x20, 0x20, 0x20, 0x20, 0x20, 0x20, 0x20, 0x20, 0x20, 0x20, 0x20, 0x20, //                 
	0x20, 0x20, 0x20, 0x20, 0x20, 0x20, 0x20, 0x20, 0x68, 0x69, 0x67, 0x68, 0x70, 0x20, 0x66, 0x6c, //         highp fl
	0x6f, 0x61, 0x74, 0x20, 0x5f, 0x35, 0x38, 0x34, 0x20, 0x3d, 0x20, 0x35, 0x2e, 0x30, 0x20, 0x2d, // oat _584 = 5.0 -
	0x20, 0x28, 0x35, 0x2e, 0x30, 0x20, 0x2a, 0x20, 0x5f, 0x35, 0x36, 0x36, 0x29, 0x3b, 0x0a, 0x20, //  (5.0 * _566);. 
	0x20, 0x20, 0x20, 0x20, 0x20, 0x20, 0x20, 0x20, 0x20, 0x20, 0x20, 0x20, 0x20, 0x20, 0x20, 0x20, //                 
	0x20, 0x20, 0x20, 0x20, 0x20, 0x20, 0x20, 0x20, 0x20, 0x20, 0x20, 0x68, 0x69, 0x67, 0x68, 0x70, //            highp
	0x20, 0x66, 0x6c, 0x6f, 0x61, 0x74, 0x20, 0x5f, 0x35, 0x38, 0x36, 0x20, 0x3d, 0x20, 0x5f, 0x35, //  float _586 = _5
	0x35, 0x39, 0x2e, 0x78, 0x3b, 0x0a, 0x20, 0x20, 0x20, 0x20, 0x20, 0x20, 0x20, 0x20, 0x20, 0x20, // 59.x;.          
	0x20, 0x20, 0x20, 0x20, 0x20, 0x20, 0x20, 0x20, 0x20, 0x20, 0x20, 0x20, 0x20, 0x20, 0x20, 0x20, //                 
	0x20, 0x20, 0x68, 0x69, 0x67, 0x68, 0x70, 0x20, 0x66, 0x6c, 0x6f, 0x61, 0x74, 0x20, 0x5f, 0x35, //   highp float _5
	0x39, 0x31, 0x20, 0x3d, 0x20, 0x5f, 0x35, 0x35, 0x39, 0x2e, 0x79, 0x3b, 0x0a, 0x20, 0x20, 0x20, // 91 = _559.y;.   
	0x20, 0x20, 0x20, 0x20, 0x20, 0x20, 0x20, 0x20, 0x20, 0x20, 0x20, 0x20, 0x20, 0x20, 0x20, 0x20, //                 
	0x20, 0x20, 0x20, 0x20, 0x20, 0x20, 0x20, 0x20, 0x20, 0x5f, 0x36, 0x38, 0x36, 0x20, 0x3d, 0x20, //          _686 = 
	0x5f, 0x36, 0x36, 0x30, 0x20, 0x2a, 0x20, 0x28, 0x31, 0x2e, 0x30, 0x20, 0x2b, 0x20, 0x28, 0x63, // _660 * (1.0 + (c
	0x6c, 0x61, 0x6d, 0x70, 0x28, 0x28, 0x28, 0x5f, 0x35, 0x38, 0x36, 0x20, 0x2a, 0x20, 0x5f, 0x35, // lamp(((_586 * _5
	0x38, 0x36, 0x29, 0x20, 0x2b, 0x20, 0x28, 0x5f, 0x35, 0x39, 0x31, 0x20, 0x2a, 0x20, 0x5f, 0x35, // 86) + (_591 * _5
	0x39, 0x31, 0x29, 0x29, 0x20, 0x2f, 0x20, 0x28, 0x62, 0x61, 0x6c, 0x6c, 0x73, 0x5b, 0x5f, 0x36, // 91)) / (balls[_6
	0x35, 0x39, 0x5d, 0x2e, 0x77, 0x20, 0x2a, 0x20, 0x62, 0x61, 0x6c, 0x6c, 0x73, 0x5b, 0x5f, 0x36, // 59].w * balls[_6
	0x35, 0x39, 0x5d, 0x2e, 0x77, 0x29, 0x2c, 0x20, 0x30, 0x2e, 0x30, 0x2c, 0x20, 0x31, 0x2e, 0x30, // 59].w), 0.0, 1.0
	0x29, 0x20, 0x2a, 0x20, 0x28, 0x28, 0x2d, 0x30, 0x2e, 0x38, 0x39, 0x39, 0x39, 0x39, 0x39, 0x39, // ) * ((-0.8999999
	0x37, 0x36, 0x31, 0x35, 0x38, 0x31, 0x34, 0x32, 0x30, 0x38, 0x39, 0x38, 0x34, 0x33, 0x37, 0x35, // 7615814208984375
	0x29, 0x20, 0x2b, 0x20, 0x28, 0x30, 0x2e, 0x38, 0x39, 0x39, 0x39, 0x39, 0x39, 0x39, 0x37, 0x36, // ) + (0.899999976
	0x31, 0x35, 0x38, 0x31, 0x34, 0x32, 0x30, 0x38, 0x39, 0x38, 0x34, 0x33, 0x37, 0x35, 0x20, 0x2a, // 15814208984375 *
	0x20, 0x73, 0x6d, 0x6f, 0x6f, 0x74, 0x68, 0x73, 0x74, 0x65, 0x70, 0x28, 0x62, 0x61, 0x6c, 0x6c, //  smoothstep(ball
	0x73, 0x5b, 0x5f, 0x36, 0x35, 0x39, 0x5d, 0x2e, 0x77, 0x20, 0x2d, 0x20, 0x5f, 0x35, 0x38, 0x34, // s[_659].w - _584
	0x2c, 0x20, 0x62, 0x61, 0x6c, 0x6c, 0x73, 0x5b, 0x5f, 0x36, 0x35, 0x39, 0x5d, 0x2e, 0x77, 0x20, // , balls[_659].w 
	0x2b, 0x20, 0x5f, 0x35, 0x38, 0x34, 0x2c, 0x20, 0x6c, 0x65, 0x6e, 0x67, 0x74, 0x68, 0x28, 0x5f, // + _584, length(_
	0x35, 0x35, 0x39, 0x20, 0x2d, 0x20, 0x28, 0x5f, 0x33, 0x35, 0x38, 0x20, 0x2a, 0x20, 0x5f, 0x35, // 559 - (_358 * _5
	0x36, 0x36, 0x29, 0x29, 0x29, 0x29, 0x29, 0x29, 0x29, 0x3b, 0x0a, 0x20, 0x20, 0x20, 0x20, 0x20, // 66)))))));.     
	0x20, 0x20, 0x20, 0x20, 0x20, 0x20, 0x20, 0x20, 0x20, 0x20, 0x20, 0x20, 0x20, 0x20, 0x20, 0x20, //                 
	0x20, 0x20, 0x20, 0x7d, 0x0a, 0x20, 0x20, 0x20, 0x20, 0x20, 0x20, 0x20, 0x20, 0x20, 0x20, 0x20, //    }.           
	0x20, 0x20, 0x20, 0x20, 0x20, 0x20, 0x20, 0x20, 0x20, 0x20, 0x20, 0x20, 0x20, 0x65, 0x6c, 0x73, //              els
	0x65, 0x0a, 0x20, 0x20, 0x20, 0x20, 0x20, 0x20, 0x20, 0x20, 0x20, 0x20, 0x20, 0x20, 0x20, 0x20, // e.              
	0x20, 0x20, 0x20, 0x20, 0x20, 0x20, 0x20, 0x20, 0x20, 0x20, 0x7b, 0x0a, 0x20, 0x20, 0x20, 0x20, //           {.    
	0x20, 0x20, 0x20, 0x20, 0x20, 0x20, 0x20, 0x20, 0x20, 0x20, 0x20, 0x20, 0x20, 0x20, 0x20, 0x20, //                 
	0x20, 0x20, 0x20, 0x20, 0x20, 0x20, 0x20, 0x20, 0x5f, 0x36, 0x38, 0x36, 0x20, 0x3d, 0x20, 0x5f, //         _686 = _
	0x36, 0x36, 0x30, 0x3b, 0x0a, 0x20, 0x20, 0x20, 0x20, 0x20, 0x20, 0x20, 0x20, 0x20, 0x20, 0x20, // 660;.           
	0x20, 0x20, 0x20, 0x20, 0x20, 0x20, 0x20, 0x20, 0x20, 0x20, 0x20, 0x20, 0x20, 0x7d, 0x0a, 0x20, //              }. 
	0x20, 0x20, 0x20, 0x20, 0x20, 0x20, 0x20, 0x20, 0x20, 0x20, 0x20, 0x20, 0x20, 0x20, 0x20, 0x20, //                 
	0x20, 0x20, 0x20, 0x20, 0x20, 0x20, 0x20, 0x5f, 0x36, 0x36, 0x30, 0x20, 0x3d, 0x20, 0x5f, 0x36, //        _660 = _6
	0x38, 0x36, 0x3b, 0x0a, 0x20, 0x20, 0x20, 0x20, 0x20, 0x20, 0x20, 0x20, 0x20, 0x20, 0x20, 0x20, // 86;.            
	0x20, 0x20, 0x20, 0x20, 0x20, 0x20, 0x20, 0x20, 0x20, 0x20, 0x20, 0x20, 0x5f, 0x36, 0x35, 0x39, //             _659
	0x2b, 0x2b, 0x3b, 0x0a, 0x20, 0x20, 0x20, 0x20, 0x20, 0x20, 0x20, 0x20, 0x20, 0x20, 0x20, 0x20, // ++;.            
	0x20, 0x20, 0x20, 0x20, 0x20, 0x20, 0x20, 0x20, 0x20, 0x20, 0x20, 0x20, 0x63, 0x6f, 0x6e, 0x74, //             cont
	0x69, 0x6e, 0x75, 0x65, 0x3b, 0x0a, 0x20, 0x20, 0x20, 0x20, 0x20, 0x20, 0x20, 0x20, 0x20, 0x20, // inue;.          
	0x20, 0x20, 0x20, 0x20, 0x20, 0x20, 0x20, 0x20, 0x20, 0x20, 0x7d, 0x0a, 0x20, 0x20, 0x20, 0x20, //           }.    
	0x20, 0x20, 0x20, 0x20, 0x20, 0x20, 0x20, 0x20, 0x20, 0x20, 0x20, 0x20, 0x20, 0x20, 0x20, 0x20, //                 
	0x65, 0x6c, 0x73, 0x65, 0x0a, 0x20, 0x20, 0x20, 0x20, 0x20, 0x20, 0x20, 0x20, 0x20, 0x20, 0x20, // else.           
	0x20, 0x20, 0x20, 0x20, 0x20, 0x20, 0x20, 0x20, 0x20, 0x7b, 0x0a, 0x20, 0x20, 0x20, 0x20, 0x20, //          {.     
	0x20, 0x20, 0x20, 0x20, 0x20, 0x20, 0x20, 0x20, 0x20, 0x20, 0x20, 0x20, 0x20, 0x20, 0x20, 0x20, //                 
	0x20, 0x20, 0x20, 0x5f, 0x36, 0x36, 0x37, 0x20, 0x3d, 0x20, 0x5f, 0x36, 0x37, 0x33, 0x3b, 0x0a, //    _667 = _673;.
	0x20, 0x20, 0x20, 0x20, 0x20, 0x20, 0x20, 0x20, 0x20, 0x20, 0x20, 0x20, 0x20, 0x20, 0x20, 0x20, //                 
	0x20, 0x20, 0x20, 0x20, 0x20, 0x20, 0x20, 0x20, 0x5f, 0x36, 0x36, 0x32, 0x20, 0x3d, 0x20, 0x66, //         _662 = f
	0x61, 0x6c, 0x73, 0x65, 0x3b, 0x0a, 0x20, 0x20, 0x20, 0x20, 0x20, 0x20, 0x20, 0x20, 0x20, 0x20, // alse;.          
	0x20, 0x20, 0x20, 0x20, 0x20, 0x20, 0x20, 0x20, 0x20, 0x20, 0x20, 0x20, 0x20, 0x20, 0x62, 0x72, //               br
	0x65, 0x61, 0x6b, 0x3b, 0x0a, 0x20, 0x20, 0x20, 0x20, 0x20, 0x20, 0x20, 0x20, 0x20, 0x20, 0x20, // eak;.           
	0x20, 0x20, 0x20, 0x20, 0x20, 0x20, 0x20, 0x20, 0x20, 0x7d, 0x0a, 0x20, 0x20, 0x20, 0x20, 0x20, //          }.     
	0x20, 0x20, 0x20, 0x20, 0x20, 0x20, 0x20, 0x20, 0x20, 0x20, 0x20, 0x7d, 0x0a, 0x20, 0x20, 0x20, //            }.   
	0x20, 0x20, 0x20, 0x20, 0x20, 0x20, 0x20, 0x20, 0x20, 0x20, 0x20, 0x20, 0x20, 0x69, 0x66, 0x20, //              if 
	0x28, 0x5f, 0x36, 0x36, 0x32, 0x29, 0x0a, 0x20, 0x20, 0x20, 0x20, 0x20, 0x20, 0x20, 0x20, 0x20, // (_662).         
	0x20, 0x20, 0x20, 0x20, 0x20, 0x20, 0x20, 0x7b, 0x0a, 0x20, 0x20, 0x20, 0x20, 0x20, 0x20, 0x20, //        {.       
	0x20, 0x20, 0x20, 0x20, 0x20, 0x20, 0x20, 0x20, 0x20, 0x20, 0x20, 0x20, 0x20, 0x5f, 0x36, 0x36, //              _66
	0x36, 0x20, 0x3d, 0x20, 0x5f, 0x36, 0x36, 0x37, 0x3b, 0x0a, 0x20, 0x20, 0x20, 0x20, 0x20, 0x20, // 6 = _667;.      
	0x20, 0x20, 0x20, 0x20, 0x20, 0x20, 0x20, 0x20, 0x20, 0x20, 0x20, 0x20, 0x20, 0x20, 0x62, 0x72, //               br
	0x65, 0x61, 0x6b, 0x3b, 0x0a, 0x20, 0x20, 0x20, 0x20, 0x20, 0x20, 0x20, 0x20, 0x20, 0x20, 0x20, // eak;.           
	0x20, 0x20, 0x20, 0x20, 0x20, 0x7d, 0x0a, 0x20, 0x20, 0x20, 0x20, 0x20, 0x20, 0x20, 0x20, 0x20, //      }.         
	0x20, 0x20, 0x20, 0x20, 0x20, 0x20, 0x20, 0x5f, 0x36, 0x36, 0x36, 0x20, 0x3d, 0x20, 0x5f, 0x36, //        _666 = _6
	0x36, 0x30, 0x3b, 0x0a, 0x20, 0x20, 0x20, 0x20, 0x20, 0x20, 0x20, 0x20, 0x20, 0x20, 0x20, 0x20, // 60;.            
	0x20, 0x20, 0x20, 0x20, 0x62, 0x72, 0x65, 0x61, 0x6b, 0x3b, 0x0a, 0x20, 0x20, 0x20, 0x20, 0x20, //     break;.     
	0x20, 0x20, 0x20, 0x20, 0x20, 0x20, 0x20, 0x7d, 0x20, 0x77, 0x68, 0x69, 0x6c, 0x65, 0x28, 0x66, //        } while(f
	0x61, 0x6c, 0x73, 0x65, 0x29, 0x3b, 0x0a, 0x20, 0x20, 0x20, 0x20, 0x20, 0x20, 0x20, 0x20, 0x20, // alse);.         
	0x20, 0x20, 0x20, 0x68, 0x69, 0x67, 0x68, 0x70, 0x20, 0x76, 0x65, 0x63, 0x33, 0x20, 0x5f, 0x33, //    highp vec3 _3
	0x37, 0x34, 0x20, 0x3d, 0x20, 0x5f, 0x36, 0x38, 0x32, 0x2e, 0x78, 0x79, 0x7a, 0x20, 0x2a, 0x20, // 74 = _682.xyz * 
	0x5f, 0x36, 0x36, 0x36, 0x3b, 0x0a, 0x20, 0x20, 0x20, 0x20, 0x20, 0x20, 0x20, 0x20, 0x20, 0x20, // _666;.          
	0x20, 0x20, 0x68, 0x69, 0x67, 0x68, 0x70, 0x20, 0x76, 0x65, 0x63, 0x34, 0x20, 0x5f, 0x36, 0x33, //   highp vec4 _63
	0x33, 0x20, 0x3d, 0x20, 0x5f, 0x36, 0x38, 0x32, 0x3b, 0x0a, 0x20, 0x20, 0x20, 0x20, 0x20, 0x20, // 3 = _682;.      
	0x20, 0x20, 0x20, 0x20, 0x20, 0x20, 0x5f, 0x36, 0x33, 0x33, 0x2e, 0x78, 0x20, 0x3d, 0x20, 0x5f, //       _633.x = _
	0x33, 0x37, 0x34, 0x2e, 0x78, 0x3b, 0x0a, 0x20, 0x20, 0x20, 0x20, 0x20, 0x20, 0x20, 0x20, 0x20, // 374.x;.         
	0x20, 0x20, 0x20, 0x5f, 0x36, 0x33, 0x33, 0x2e, 0x79, 0x20, 0x3d, 0x20, 0x5f, 0x33, 0x37, 0x34, //    _633.y = _374
	0x2e, 0x79, 0x3b, 0x0a, 0x20, 0x20, 0x20, 0x20, 0x20, 0x20, 0x20, 0x20, 0x20, 0x20, 0x20, 0x20, // .y;.            
	0x5f, 0x36, 0x33, 0x33, 0x2e, 0x7a, 0x20, 0x3d, 0x20, 0x5f, 0x33, 0x37, 0x34, 0x2e, 0x7a, 0x3b, // _633.z = _374.z;
	0x0a, 0x20, 0x20, 0x20, 0x20, 0x20, 0x20, 0x20, 0x20, 0x20, 0x20, 0x20, 0x20, 0x5f, 0x36, 0x38, // .            _68
	0x35, 0x20, 0x3d, 0x20, 0x5f, 0x36, 0x33, 0x33, 0x3b, 0x0a, 0x20, 0x20, 0x20, 0x20, 0x20, 0x20, // 5 = _633;.      
	0x20, 0x20, 0x7d, 0x0a, 0x20, 0x20, 0x20, 0x20, 0x20, 0x20, 0x20, 0x20, 0x65, 0x6c, 0x73, 0x65, //   }.        else
	0x0a, 0x20, 0x20, 0x20, 0x20, 0x20, 0x20, 0x20, 0x20, 0x7b, 0x0a, 0x20, 0x20, 0x20, 0x20, 0x20, // .        {.     
	0x20, 0x20, 0x20, 0x20, 0x20, 0x20, 0x20, 0x5f, 0x36, 0x38, 0x35, 0x20, 0x3d, 0x20, 0x5f, 0x36, //        _685 = _6
	0x38, 0x32, 0x3b, 0x0a, 0x20, 0x20, 0x20, 0x20, 0x20, 0x20, 0x20, 0x20, 0x7d, 0x0a, 0x20, 0x20, // 82;.        }.  
	0x20, 0x20, 0x20, 0x20, 0x20, 0x20, 0x69, 0x66, 0x20, 0x28, 0x61, 0x6c, 0x70, 0x68, 0x61, 0x54, //       if (alphaT
	0x65, 0x73, 0x74, 0x56, 0x61, 0x6c, 0x75, 0x65, 0x41, 0x42, 0x5f, 0x66, 0x69, 0x6c, 0x74, 0x65, // estValueAB_filte
	0x72, 0x4d, 0x6f, 0x64, 0x65, 0x5f, 0x61, 0x64, 0x64, 0x42, 0x6c, 0x65, 0x6e, 0x64, 0x2e, 0x77, // rMode_addBlend.w
	0x20, 0x3d, 0x3d, 0x20, 0x30, 0x2e, 0x30, 0x29, 0x0a, 0x20, 0x20, 0x20, 0x20, 0x20, 0x20, 0x20, //  == 0.0).       
	0x20, 0x7b, 0x0a, 0x20, 0x20, 0x20, 0x20, 0x20, 0x20, 0x20, 0x20, 0x20, 0x20, 0x20, 0x20, 0x62, //  {.            b
	0x67, 0x66, 0x78, 0x5f, 0x46, 0x72, 0x61, 0x67, 0x43, 0x6f, 0x6c, 0x6f, 0x72, 0x20, 0x3d, 0x20, // gfx_FragColor = 
	0x76, 0x65, 0x63, 0x34, 0x28, 0x5f, 0x36, 0x38, 0x35, 0x2e, 0x78, 0x79, 0x7a, 0x2c, 0x20, 0x63, // vec4(_685.xyz, c
	0x6c, 0x61, 0x6d, 0x70, 0x28, 0x5f, 0x36, 0x38, 0x35, 0x2e, 0x77, 0x2c, 0x20, 0x30, 0x2e, 0x30, // lamp(_685.w, 0.0
	0x2c, 0x20, 0x31, 0x2e, 0x30, 0x29, 0x29, 0x3b, 0x0a, 0x20, 0x20, 0x20, 0x20, 0x20, 0x20, 0x20, // , 1.0));.       
	0x20, 0x7d, 0x0a, 0x20, 0x20, 0x20, 0x20, 0x20, 0x20, 0x20, 0x20, 0x65, 0x6c, 0x73, 0x65, 0x0a, //  }.        else.
	0x20, 0x20, 0x20, 0x20, 0x20, 0x20, 0x20, 0x20, 0x7b, 0x0a, 0x20, 0x20, 0x20, 0x20, 0x20, 0x20, //         {.      
	0x20, 0x20, 0x20, 0x20, 0x20, 0x20, 0x69, 0x66, 0x20, 0x28, 0x61, 0x6d, 0x6f, 0x75, 0x6e, 0x74, //       if (amount
	0x5f, 0x62, 0x6c, 0x65, 0x6e, 0x64, 0x5f, 0x6d, 0x6f, 0x64, 0x75, 0x6c, 0x61, 0x74, 0x65, 0x5f, // _blend_modulate_
	0x76, 0x73, 0x5f, 0x61, 0x64, 0x64, 0x5f, 0x66, 0x6c, 0x61, 0x73, 0x68, 0x65, 0x72, 0x4d, 0x6f, // vs_add_flasherMo
	0x64, 0x65, 0x2e, 0x79, 0x20, 0x3e, 0x20, 0x30, 0x2e, 0x30, 0x29, 0x0a, 0x20, 0x20, 0x20, 0x20, // de.y > 0.0).    
	0x20, 0x20, 0x20, 0x20, 0x20, 0x20, 0x20, 0x20, 0x7b, 0x0a, 0x20, 0x20, 0x20, 0x20, 0x20, 0x20, //         {.      
	0x20, 0x20, 0x20, 0x20, 0x20, 0x20, 0x20, 0x20, 0x20, 0x20, 0x62, 0x67, 0x66, 0x78, 0x5f, 0x46, //           bgfx_F
	0x72, 0x61, 0x67, 0x43, 0x6f, 0x6c, 0x6f, 0x72, 0x20, 0x3d, 0x20, 0x76, 0x65, 0x63, 0x34, 0x28, // ragColor = vec4(
	0x5f, 0x36, 0x38, 0x35, 0x2e, 0x78, 0x79, 0x7a, 0x20, 0x2a, 0x20, 0x28, 0x28, 0x2d, 0x61, 0x6d, // _685.xyz * ((-am
	0x6f, 0x75, 0x6e, 0x74, 0x5f, 0x62, 0x6c, 0x65, 0x6e, 0x64, 0x5f, 0x6d, 0x6f, 0x64, 0x75, 0x6c, // ount_blend_modul
	0x61, 0x74, 0x65, 0x5f, 0x76, 0x73, 0x5f, 0x61, 0x64, 0x64, 0x5f, 0x66, 0x6c, 0x61, 0x73, 0x68, // ate_vs_add_flash
	0x65, 0x72, 0x4d, 0x6f, 0x64, 0x65, 0x2e, 0x79, 0x29, 0x20, 0x2a, 0x20, 0x5f, 0x36, 0x38, 0x35, // erMode.y) * _685
	0x2e, 0x77, 0x29, 0x2c, 0x20, 0x28, 0x31, 0x2e, 0x30, 0x20, 0x2f, 0x20, 0x61, 0x6d, 0x6f, 0x75, // .w), (1.0 / amou
	0x6e, 0x74, 0x5f, 0x62, 0x6c, 0x65, 0x6e, 0x64, 0x5f, 0x6d, 0x6f, 0x64, 0x75, 0x6c, 0x61, 0x74, // nt_blend_modulat
	0x65, 0x5f, 0x76, 0x73, 0x5f, 0x61, 0x64, 0x64, 0x5f, 0x66, 0x6c, 0x61, 0x73, 0x68, 0x65, 0x72, // e_vs_add_flasher
	0x4d, 0x6f, 0x64, 0x65, 0x2e, 0x79, 0x29, 0x20, 0x2d, 0x20, 0x31, 0x2e, 0x30, 0x29, 0x3b, 0x0a, // Mode.y) - 1.0);.
	0x20, 0x20, 0x20, 0x20, 0x20, 0x20, 0x20, 0x20, 0x20, 0x20, 0x20, 0x20, 0x7d, 0x0a, 0x20, 0x20, //             }.  
	0x20, 0x20, 0x20, 0x20, 0x20, 0x20, 0x20, 0x20, 0x20, 0x20, 0x65, 0x6c, 0x73, 0x65, 0x0a, 0x20, //           else. 
	0x20, 0x20, 0x20, 0x20, 0x20, 0x20, 0x20, 0x20, 0x20, 0x20, 0x20, 0x7b, 0x0a, 0x20, 0x20, 0x20, //            {.   
	0x20, 0x20, 0x20, 0x20, 0x20, 0x20, 0x20, 0x20, 0x20, 0x20, 0x20, 0x20, 0x20, 0x62, 0x67, 0x66, //              bgf
	0x78, 0x5f, 0x46, 0x72, 0x61, 0x67, 0x43, 0x6f, 0x6c, 0x6f, 0x72, 0x20, 0x3d, 0x20, 0x76, 0x65, // x_FragColor = ve
	0x63, 0x34, 0x28, 0x5f, 0x36, 0x38, 0x35, 0x2e, 0x78, 0x79, 0x7a, 0x20, 0x2a, 0x20, 0x5f, 0x36, // c4(_685.xyz * _6
	0x38, 0x35, 0x2e, 0x77, 0x2c, 0x20, 0x63, 0x6c, 0x61, 0x6d, 0x70, 0x28, 0x28, 0x2d, 0x61, 0x6d, // 85.w, clamp((-am
	0x6f, 0x75, 0x6e, 0x74, 0x5f, 0x62, 0x6c, 0x65, 0x6e, 0x64, 0x5f, 0x6d, 0x6f, 0x64, 0x75, 0x6c, // ount_blend_modul
	0x61, 0x74, 0x65, 0x5f, 0x76, 0x73, 0x5f, 0x61, 0x64, 0x64, 0x5f, 0x66, 0x6c, 0x61, 0x73, 0x68, // ate_vs_add_flash
	0x65, 0x72, 0x4d, 0x6f, 0x64, 0x65, 0x2e, 0x79, 0x29, 0x20, 0x2a, 0x20, 0x5f, 0x36, 0x38, 0x35, // erMode.y) * _685
	0x2e, 0x77, 0x2c, 0x20, 0x30, 0x2e, 0x30, 0x2c, 0x20, 0x31, 0x2e, 0x30, 0x29, 0x29, 0x3b, 0x0a, // .w, 0.0, 1.0));.
	0x20, 0x20, 0x20, 0x20, 0x20, 0x20, 0x20, 0x20, 0x20, 0x20, 0x20, 0x20, 0x7d, 0x0a, 0x20, 0x20, //             }.  
	0x20, 0x20, 0x20, 0x20, 0x20, 0x20, 0x7d, 0x0a, 0x20, 0x20, 0x20, 0x20, 0x20, 0x20, 0x20, 0x20, //       }.        
	0x62, 0x72, 0x65, 0x61, 0x6b, 0x3b, 0x0a, 0x20, 0x20, 0x20, 0x20, 0x7d, 0x20, 0x77, 0x68, 0x69, // break;.    } whi
	0x6c, 0x65, 0x28, 0x66, 0x61, 0x6c, 0x73, 0x65, 0x29, 0x3b, 0x0a, 0x7d, 0x0a, 0x0a, 0x00,       // le(false);.}...
};
static const uint8_t fs_flasher_clip_glsl[6111] =
{
	0x46, 0x53, 0x48, 0x0c, 0x11, 0xe4, 0xa0, 0x91, 0x00, 0x00, 0x00, 0x00, 0x00, 0x00, 0x00, 0x00, // FSH.............
	0x00, 0x00, 0x00, 0x00, 0x07, 0x00, 0x05, 0x62, 0x61, 0x6c, 0x6c, 0x73, 0x02, 0x08, 0x00, 0x00, // .......balls....
	0x08, 0x00, 0x00, 0x00, 0x00, 0x00, 0x28, 0x61, 0x6d, 0x6f, 0x75, 0x6e, 0x74, 0x5f, 0x62, 0x6c, // ......(amount_bl
	0x65, 0x6e, 0x64, 0x5f, 0x6d, 0x6f, 0x64, 0x75, 0x6c, 0x61, 0x74, 0x65, 0x5f, 0x76, 0x73, 0x5f, // end_modulate_vs_
	0x61, 0x64, 0x64, 0x5f, 0x66, 0x6c, 0x61, 0x73, 0x68, 0x65, 0x72, 0x4d, 0x6f, 0x64, 0x65, 0x02, // add_flasherMode.
	0x01, 0x00, 0x00, 0x01, 0x00, 0x00, 0x00, 0x00, 0x00, 0x24, 0x61, 0x6c, 0x70, 0x68, 0x61, 0x54, // .........$alphaT
	0x65, 0x73, 0x74, 0x56, 0x61, 0x6c, 0x75, 0x65, 0x41, 0x42, 0x5f, 0x66, 0x69, 0x6c, 0x74, 0x65, // estValueAB_filte
	0x72, 0x4d, 0x6f, 0x64, 0x65, 0x5f, 0x61, 0x64, 0x64, 0x42, 0x6c, 0x65, 0x6e, 0x64, 0x02, 0x01, // rMode_addBlend..
	0x00, 0x00, 0x01, 0x00, 0x00, 0x00, 0x00, 0x00, 0x11, 0x73, 0x74, 0x61, 0x74, 0x69, 0x63, 0x43, // .........staticC
	0x6f, 0x6c, 0x6f, 0x72, 0x5f, 0x41, 0x6c, 0x70, 0x68, 0x61, 0x02, 0x01, 0x00, 0x00, 0x01, 0x00, // olor_Alpha......
	0x00, 0x00, 0x00, 0x00, 0x14, 0x6c, 0x69, 0x67, 0x68, 0x74, 0x43, 0x65, 0x6e, 0x74, 0x65, 0x72, // .....lightCenter
	0x5f, 0x64, 0x6f, 0x53, 0x68, 0x61, 0x64, 0x6f, 0x77, 0x02, 0x01, 0x00, 0x00, 0x01, 0x00, 0x00, // _doShadow.......
	0x00, 0x00, 0x00, 0x0d, 0x74, 0x65, 0x78, 0x5f, 0x66, 0x6c, 0x61, 0x73, 0x68, 0x65, 0x72, 0x5f, // ....tex_flasher_
	0x41, 0x00, 0x01, 0x00, 0x00, 0x01, 0x00, 0x00, 0x02, 0x00, 0x00, 0x0d, 0x74, 0x65, 0x78, 0x5f, // A...........tex_
	0x66, 0x6c, 0x61, 0x73, 0x68, 0x65, 0x72, 0x5f, 0x42, 0x00, 0x01, 0x00, 0x00, 0x01, 0x00, 0x00, // flasher_B.......
	0x02, 0x00, 0x00, 0xe7, 0x16, 0x00, 0x00, 0x0a, 0x76, 0x65, 0x63, 0x34, 0x20, 0x5f, 0x36, 0x34, // ........vec4 _64
	0x34, 0x3b, 0x0a, 0x66, 0x6c, 0x6f, 0x61, 0x74, 0x20, 0x5f, 0x36, 0x37, 0x33, 0x3b, 0x0a, 0x0a, // 4;.float _673;..
	0x75, 0x6e, 0x69, 0x66, 0x6f, 0x72, 0x6d, 0x20, 0x76, 0x65, 0x63, 0x34, 0x20, 0x62, 0x61, 0x6c, // uniform vec4 bal
	0x6c, 0x73, 0x5b, 0x38, 0x5d, 0x3b, 0x0a, 0x75, 0x6e, 0x69, 0x66, 0x6f, 0x72, 0x6d, 0x20, 0x76, // ls[8];.uniform v
	0x65, 0x63, 0x34, 0x20, 0x61, 0x6d, 0x6f, 0x75, 0x6e, 0x74, 0x5f, 0x62, 0x6c, 0x65, 0x6e, 0x64, // ec4 amount_blend
	0x5f, 0x6d, 0x6f, 0x64, 0x75, 0x6c, 0x61, 0x74, 0x65, 0x5f, 0x76, 0x73, 0x5f, 0x61, 0x64, 0x64, // _modulate_vs_add
	0x5f, 0x66, 0x6c, 0x61, 0x73, 0x68, 0x65, 0x72, 0x4d, 0x6f, 0x64, 0x65, 0x3b, 0x0a, 0x75, 0x6e, // _flasherMode;.un
	0x69, 0x66, 0x6f, 0x72, 0x6d, 0x20, 0x73, 0x61, 0x6d, 0x70, 0x6c, 0x65, 0x72, 0x32, 0x44, 0x20, // iform sampler2D 
	0x74, 0x65, 0x78, 0x5f, 0x66, 0x6c, 0x61, 0x73, 0x68, 0x65, 0x72, 0x5f, 0x41, 0x3b, 0x0a, 0x75, // tex_flasher_A;.u
	0x6e, 0x69, 0x66, 0x6f, 0x72, 0x6d, 0x20, 0x76, 0x65, 0x63, 0x34, 0x20, 0x61, 0x6c, 0x70, 0x68, // niform vec4 alph
	0x61, 0x54, 0x65, 0x73, 0x74, 0x56, 0x61, 0x6c, 0x75, 0x65, 0x41, 0x42, 0x5f, 0x66, 0x69, 0x6c, // aTestValueAB_fil
	0x74, 0x65, 0x72, 0x4d, 0x6f, 0x64, 0x65, 0x5f, 0x61, 0x64, 0x64, 0x42, 0x6c, 0x65, 0x6e, 0x64, // terMode_addBlend
	0x3b, 0x0a, 0x75, 0x6e, 0x69, 0x66, 0x6f, 0x72, 0x6d, 0x20, 0x73, 0x61, 0x6d, 0x70, 0x6c, 0x65, // ;.uniform sample
	0x72, 0x32, 0x44, 0x20, 0x74, 0x65, 0x78, 0x5f, 0x66, 0x6c, 0x61, 0x73, 0x68, 0x65, 0x72, 0x5f, // r2D tex_flasher_
	0x42, 0x3b, 0x0a, 0x75, 0x6e, 0x69, 0x66, 0x6f, 0x72, 0x6d, 0x20, 0x76, 0x65, 0x63, 0x34, 0x20, // B;.uniform vec4 
	0x73, 0x74, 0x61, 0x74, 0x69, 0x63, 0x43, 0x6f, 0x6c, 0x6f, 0x72, 0x5f, 0x41, 0x6c, 0x70, 0x68, // staticColor_Alph
	0x61, 0x3b, 0x0a, 0x75, 0x6e, 0x69, 0x66, 0x6f, 0x72, 0x6d, 0x20, 0x76, 0x65, 0x63, 0x34, 0x20, // a;.uniform vec4 
	0x6c, 0x69, 0x67, 0x68, 0x74, 0x43, 0x65, 0x6e, 0x74, 0x65, 0x72, 0x5f, 0x64, 0x6f, 0x53, 0x68, // lightCenter_doSh
	0x61, 0x64, 0x6f, 0x77, 0x3b, 0x0a, 0x0a, 0x69, 0x6e, 0x20, 0x66, 0x6c, 0x6f, 0x61, 0x74, 0x20, // adow;..in float 
	0x76, 0x5f, 0x63, 0x6c, 0x69, 0x70, 0x44, 0x69, 0x73, 0x74, 0x61, 0x6e, 0x63, 0x65, 0x3b, 0x0a, // v_clipDistance;.
	0x69, 0x6e, 0x20, 0x76, 0x65, 0x63, 0x32, 0x20, 0x76, 0x5f, 0x74, 0x65, 0x78, 0x63, 0x6f, 0x6f, // in vec2 v_texcoo
	0x72, 0x64, 0x30, 0x3b, 0x0a, 0x6c, 0x61, 0x79, 0x6f, 0x75, 0x74, 0x28, 0x6c, 0x6f, 0x63, 0x61, // rd0;.layout(loca
	0x74, 0x69, 0x6f, 0x6e, 0x20, 0x3d, 0x20, 0x30, 0x29, 0x20, 0x6f, 0x75, 0x74, 0x20, 0x76, 0x65, // tion = 0) out ve
	0x63, 0x34, 0x20, 0x62, 0x67, 0x66, 0x78, 0x5f, 0x46, 0x72, 0x61, 0x67, 0x43, 0x6f, 0x6c, 0x6f, // c4 bgfx_FragColo
	0x72, 0x3b, 0x0a, 0x69, 0x6e, 0x20, 0x76, 0x65, 0x63, 0x33, 0x20, 0x76, 0x5f, 0x74, 0x61, 0x62, // r;.in vec3 v_tab
	0x6c, 0x65, 0x50, 0x6f, 0x73, 0x3b, 0x0a, 0x0a, 0x76, 0x6f, 0x69, 0x64, 0x20, 0x6d, 0x61, 0x69, // lePos;..void mai
	0x6e, 0x28, 0x29, 0x0a, 0x7b, 0x0a, 0x20, 0x20, 0x20, 0x20, 0x64, 0x6f, 0x0a, 0x20, 0x20, 0x20, // n().{.    do.   
	0x20, 0x7b, 0x0a, 0x20, 0x20, 0x20, 0x20, 0x20, 0x20, 0x20, 0x20, 0x69, 0x66, 0x20, 0x28, 0x76, //  {.        if (v
	0x5f, 0x63, 0x6c, 0x69, 0x70, 0x44, 0x69, 0x73, 0x74, 0x61, 0x6e, 0x63, 0x65, 0x20, 0x3c, 0x20, // _clipDistance < 
	0x30, 0x2e, 0x30, 0x29, 0x0a, 0x20, 0x20, 0x20, 0x20, 0x20, 0x20, 0x20, 0x20, 0x7b, 0x0a, 0x20, // 0.0).        {. 
	0x20, 0x20, 0x20, 0x20, 0x20, 0x20, 0x20, 0x20, 0x20, 0x20, 0x20, 0x64, 0x69, 0x73, 0x63, 0x61, //            disca
	0x72, 0x64, 0x3b, 0x0a, 0x20, 0x20, 0x20, 0x20, 0x20, 0x20, 0x20, 0x20, 0x7d, 0x0a, 0x20, 0x20, // rd;.        }.  
	0x20, 0x20, 0x20, 0x20, 0x20, 0x20, 0x76, 0x65, 0x63, 0x34, 0x20, 0x5f, 0x36, 0x34, 0x33, 0x3b, //       vec4 _643;
	0x0a, 0x20, 0x20, 0x20, 0x20, 0x20, 0x20, 0x20, 0x20, 0x69, 0x66, 0x20, 0x28, 0x61, 0x6d, 0x6f, // .        if (amo
	0x75, 0x6e, 0x74, 0x5f, 0x62, 0x6c, 0x65, 0x6e, 0x64, 0x5f, 0x6d, 0x6f, 0x64, 0x75, 0x6c, 0x61, // unt_blend_modula
	0x74, 0x65, 0x5f, 0x76, 0x73, 0x5f, 0x61, 0x64, 0x64, 0x5f, 0x66, 0x6c, 0x61, 0x73, 0x68, 0x65, // te_vs_add_flashe
	0x72, 0x4d, 0x6f, 0x64, 0x65, 0x2e, 0x7a, 0x20, 0x3c, 0x20, 0x32, 0x2e, 0x30, 0x29, 0x0a, 0x20, // rMode.z < 2.0). 
	0x20, 0x20, 0x20, 0x20, 0x20, 0x20, 0x20, 0x7b, 0x0a, 0x20, 0x20, 0x20, 0x20, 0x20, 0x20, 0x20, //        {.       
	0x20, 0x20, 0x20, 0x20, 0x20, 0x76, 0x65, 0x63, 0x34, 0x20, 0x5f, 0x32, 0x34, 0x30, 0x20, 0x3d, //      vec4 _240 =
	0x20, 0x74, 0x65, 0x78, 0x74, 0x75, 0x72, 0x65, 0x28, 0x74, 0x65, 0x78, 0x5f, 0x66, 0x6c, 0x61, //  texture(tex_fla
	0x73, 0x68, 0x65, 0x72, 0x5f, 0x41, 0x2c, 0x20, 0x76, 0x5f, 0x74, 0x65, 0x78, 0x63, 0x6f, 0x6f, // sher_A, v_texcoo
	0x72, 0x64, 0x30, 0x29, 0x3b, 0x0a, 0x20, 0x20, 0x20, 0x20, 0x20, 0x20, 0x20, 0x20, 0x20, 0x20, // rd0);.          
	0x20, 0x20, 0x69, 0x66, 0x20, 0x28, 0x5f, 0x32, 0x34, 0x30, 0x2e, 0x77, 0x20, 0x3c, 0x3d, 0x20, //   if (_240.w <= 
	0x61, 0x6c, 0x70, 0x68, 0x61, 0x54, 0x65, 0x73, 0x74, 0x56, 0x61, 0x6c, 0x75, 0x65, 0x41, 0x42, // alphaTestValueAB
	0x5f, 0x66, 0x69, 0x6c, 0x74, 0x65, 0x72, 0x4d, 0x6f, 0x64, 0x65, 0x5f, 0x61, 0x64, 0x64, 0x42, // _filterMode_addB
	0x6c, 0x65, 0x6e, 0x64, 0x2e, 0x78, 0x29, 0x0a, 0x20, 0x20, 0x20, 0x20, 0x20, 0x20, 0x20, 0x20, // lend.x).        
	0x20, 0x20, 0x20, 0x20, 0x7b, 0x0a, 0x20, 0x20, 0x20, 0x20, 0x20, 0x20, 0x20, 0x20, 0x20, 0x20, //     {.          
	0x20, 0x20, 0x20, 0x20, 0x20, 0x20, 0x62, 0x67, 0x66, 0x78, 0x5f, 0x46, 0x72, 0x61, 0x67, 0x43, //       bgfx_FragC
	0x6f, 0x6c, 0x6f, 0x72, 0x20, 0x3d, 0x20, 0x76, 0x65, 0x63, 0x34, 0x28, 0x30, 0x2e, 0x30, 0x29, // olor = vec4(0.0)
	0x3b, 0x0a, 0x20, 0x20, 0x20, 0x20, 0x20, 0x20, 0x20, 0x20, 0x20, 0x20, 0x20, 0x20, 0x20, 0x20, // ;.              
	0x20, 0x20, 0x62, 0x72, 0x65, 0x61, 0x6b, 0x3b, 0x0a, 0x20, 0x20, 0x20, 0x20, 0x20, 0x20, 0x20, //   break;.       
	0x20, 0x20, 0x20, 0x20, 0x20, 0x7d, 0x0a, 0x20, 0x20, 0x20, 0x20, 0x20, 0x20, 0x20, 0x20, 0x20, //      }.         
	0x20, 0x20, 0x20, 0x5f, 0x36, 0x34, 0x33, 0x20, 0x3d, 0x20, 0x5f, 0x32, 0x34, 0x30, 0x3b, 0x0a, //    _643 = _240;.
	0x20, 0x20, 0x20, 0x20, 0x20, 0x20, 0x20, 0x20, 0x7d, 0x0a, 0x20, 0x20, 0x20, 0x20, 0x20, 0x20, //         }.      
	0x20, 0x20, 0x65, 0x6c, 0x73, 0x65, 0x0a, 0x20, 0x20, 0x20, 0x20, 0x20, 0x20, 0x20, 0x20, 0x7b, //   else.        {
	0x0a, 0x20, 0x20, 0x20, 0x20, 0x20, 0x20, 0x20, 0x20, 0x20, 0x20, 0x20, 0x20, 0x5f, 0x36, 0x34, // .            _64
	0x33, 0x20, 0x3d, 0x20, 0x5f, 0x36, 0x34, 0x34, 0x3b, 0x0a, 0x20, 0x20, 0x20, 0x20, 0x20, 0x20, // 3 = _644;.      
	0x20, 0x20, 0x7d, 0x0a, 0x20, 0x20, 0x20, 0x20, 0x20, 0x20, 0x20, 0x20, 0x62, 0x6f, 0x6f, 0x6c, //   }.        bool
	0x20, 0x5f, 0x32, 0x35, 0x36, 0x20, 0x3d, 0x20, 0x61, 0x6d, 0x6f, 0x75, 0x6e, 0x74, 0x5f, 0x62, //  _256 = amount_b
	0x6c, 0x65, 0x6e, 0x64, 0x5f, 0x6d, 0x6f, 0x64, 0x75, 0x6c, 0x61, 0x74, 0x65, 0x5f, 0x76, 0x73, // lend_modulate_vs
	0x5f, 0x61, 0x64, 0x64, 0x5f, 0x66, 0x6c, 0x61, 0x73, 0x68, 0x65, 0x72, 0x4d, 0x6f, 0x64, 0x65, // _add_flasherMode
	0x2e, 0x7a, 0x20, 0x3d, 0x3d, 0x20, 0x31, 0x2e, 0x30, 0x3b, 0x0a, 0x20, 0x20, 0x20, 0x20, 0x20, // .z == 1.0;.     
	0x20, 0x20, 0x20, 0x76, 0x65, 0x63, 0x34, 0x20, 0x5f, 0x36, 0x34, 0x37, 0x3b, 0x0a, 0x20, 0x20, //    vec4 _647;.  
	0x20, 0x20, 0x20, 0x20, 0x20, 0x20, 0x69, 0x66, 0x20, 0x28, 0x5f, 0x32, 0x35, 0x36, 0x29, 0x0a, //       if (_256).
	0x20, 0x20, 0x20, 0x20, 0x20, 0x20, 0x20, 0x20, 0x7b, 0x0a, 0x20, 0x20, 0x20, 0x20, 0x20, 0x20, //         {.      
	0x20, 0x20, 0x20, 0x20, 0x20, 0x20, 0x76, 0x65, 0x63, 0x34, 0x20, 0x5f, 0x32, 0x36, 0x33, 0x20, //       vec4 _263 
	0x3d, 0x20, 0x74, 0x65, 0x78, 0x74, 0x75, 0x72, 0x65, 0x28, 0x74, 0x65, 0x78, 0x5f, 0x66, 0x6c, // = texture(tex_fl
	0x61, 0x73, 0x68, 0x65, 0x72, 0x5f, 0x42, 0x2c, 0x20, 0x76, 0x5f, 0x74, 0x65, 0x78, 0x63, 0x6f, // asher_B, v_texco
	0x6f, 0x72, 0x64, 0x30, 0x29, 0x3b, 0x0a, 0x20, 0x20, 0x20, 0x20, 0x20, 0x20, 0x20, 0x20, 0x20, // ord0);.         
	0x20, 0x20, 0x20, 0x69, 0x66, 0x20, 0x28, 0x5f, 0x32, 0x36, 0x33, 0x2e, 0x77, 0x20, 0x3c, 0x3d, //    if (_263.w <=
	0x20, 0x61, 0x6c, 0x70, 0x68, 0x61, 0x54, 0x65, 0x73, 0x74, 0x56, 0x61, 0x6c, 0x75, 0x65, 0x41, //  alphaTestValueA
	0x42, 0x5f, 0x66, 0x69, 0x6c, 0x74, 0x65, 0x72, 0x4d, 0x6f, 0x64, 0x65, 0x5f, 0x61, 0x64, 0x64, // B_filterMode_add
	0x42, 0x6c, 0x65, 0x6e, 0x64, 0x2e, 0x79, 0x29, 0x0a, 0x20, 0x20, 0x20, 0x20, 0x20, 0x20, 0x20, // Blend.y).       
	0x20, 0x20, 0x20, 0x20, 0x20, 0x7b, 0x0a, 0x20, 0x20, 0x20, 0x20, 0x20, 0x20, 0x20, 0x20, 0x20, //      {.         
	0x20, 0x20, 0x20, 0x20, 0x20, 0x20, 0x20, 0x62, 0x67, 0x66, 0x78, 0x5f, 0x46, 0x72, 0x61, 0x67, //        bgfx_Frag
	0x43, 0x6f, 0x6c, 0x6f, 0x72, 0x20, 0x3d, 0x20, 0x76, 0x65, 0x63, 0x34, 0x28, 0x30, 0x2e, 0x30, // Color = vec4(0.0
	0x29, 0x3b, 0x0a, 0x20, 0x20, 0x20, 0x20, 0x20, 0x20, 0x20, 0x20, 0x20, 0x20, 0x20, 0x20, 0x20, // );.             
	0x20, 0x20, 0x20, 0x62, 0x72, 0x65, 0x61, 0x6b, 0x3b, 0x0a, 0x20, 0x20, 0x20, 0x20, 0x20, 0x20, //    break;.      
	0x20, 0x20, 0x20, 0x20, 0x20, 0x20, 0x7d, 0x0a, 0x20, 0x20, 0x20, 0x20, 0x20, 0x20, 0x20, 0x20, //       }.        
	0x20, 0x20, 0x20, 0x20, 0x5f, 0x36, 0x34, 0x37, 0x20, 0x3d, 0x20, 0x5f, 0x32, 0x36, 0x33, 0x3b, //     _647 = _263;
	0x0a, 0x20, 0x20, 0x20, 0x20, 0x20, 0x20, 0x20, 0x20, 0x7d, 0x0a, 0x20, 0x20, 0x20, 0x20, 0x20, // .        }.     
	0x20, 0x20, 0x20, 0x65, 0x6c, 0x73, 0x65, 0x0a, 0x20, 0x20, 0x20, 0x20, 0x20, 0x20, 0x20, 0x20, //    else.        
	0x7b, 0x0a, 0x20, 0x20, 0x20, 0x20, 0x20, 0x20, 0x20, 0x20, 0x20, 0x20, 0x20, 0x20, 0x5f, 0x36, // {.            _6
	0x34, 0x37, 0x20, 0x3d, 0x20, 0x5f, 0x36, 0x34, 0x34, 0x3b, 0x0a, 0x20, 0x20, 0x20, 0x20, 0x20, // 47 = _644;.     
	0x20, 0x20, 0x20, 0x7d, 0x0a, 0x20, 0x20, 0x20, 0x20, 0x20, 0x20, 0x20, 0x20, 0x76, 0x65, 0x63, //    }.        vec
	0x34, 0x20, 0x5f, 0x36, 0x34, 0x39, 0x3b, 0x0a, 0x20, 0x20, 0x20, 0x20, 0x20, 0x20, 0x20, 0x20, // 4 _649;.        
	0x69, 0x66, 0x20, 0x28, 0x61, 0x6d, 0x6f, 0x75, 0x6e, 0x74, 0x5f, 0x62, 0x6c, 0x65, 0x6e, 0x64, // if (amount_blend
	0x5f, 0x6d, 0x6f, 0x64, 0x75, 0x6c, 0x61, 0x74, 0x65, 0x5f, 0x76, 0x73, 0x5f, 0x61, 0x64, 0x64, // _modulate_vs_add
	0x5f, 0x66, 0x6c, 0x61, 0x73, 0x68, 0x65, 0x72, 0x4d, 0x6f, 0x64, 0x65, 0x2e, 0x7a, 0x20, 0x3d, // _flasherMode.z =
	0x3d, 0x20, 0x30, 0x2e, 0x30, 0x29, 0x0a, 0x20, 0x20, 0x20, 0x20, 0x20, 0x20, 0x20, 0x20, 0x7b, // = 0.0).        {
	0x0a, 0x20, 0x20, 0x20, 0x20, 0x20, 0x20, 0x20, 0x20, 0x20, 0x20, 0x20, 0x20, 0x5f, 0x36, 0x34, // .            _64
	0x39, 0x20, 0x3d, 0x20, 0x73, 0x74, 0x61, 0x74, 0x69, 0x63, 0x43, 0x6f, 0x6c, 0x6f, 0x72, 0x5f, // 9 = staticColor_
	0x41, 0x6c, 0x70, 0x68, 0x61, 0x20, 0x2a, 0x20, 0x5f, 0x36, 0x34, 0x33, 0x3b, 0x0a, 0x20, 0x20, // Alpha * _643;.  
	0x20, 0x20, 0x20, 0x20, 0x20, 0x20, 0x7d, 0x0a, 0x20, 0x20, 0x20, 0x20, 0x20, 0x20, 0x20, 0x20, //       }.        
	0x65, 0x6c, 0x73, 0x65, 0x0a, 0x20, 0x20, 0x20, 0x20, 0x20, 0x20, 0x20, 0x20, 0x7b, 0x0a, 0x20, // else.        {. 
	0x20, 0x20, 0x20, 0x20, 0x20, 0x20, 0x20, 0x20, 0x20, 0x20, 0x20, 0x5f, 0x36, 0x34, 0x39, 0x20, //            _649 
	0x3d, 0x20, 0x73, 0x74, 0x61, 0x74, 0x69, 0x63, 0x43, 0x6f, 0x6c, 0x6f, 0x72, 0x5f, 0x41, 0x6c, // = staticColor_Al
	0x70, 0x68, 0x61, 0x3b, 0x0a, 0x20, 0x20, 0x20, 0x20, 0x20, 0x20, 0x20, 0x20, 0x7d, 0x0a, 0x20, // pha;.        }. 
	0x20, 0x20, 0x20, 0x20, 0x20, 0x20, 0x20, 0x76, 0x65, 0x63, 0x34, 0x20, 0x5f, 0x36, 0x38, 0x32, //        vec4 _682
	0x3b, 0x0a, 0x20, 0x20, 0x20, 0x20, 0x20, 0x20, 0x20, 0x20, 0x69, 0x66, 0x20, 0x28, 0x5f, 0x32, // ;.        if (_2
	0x35, 0x36, 0x29, 0x0a, 0x20, 0x20, 0x20, 0x20, 0x20, 0x20, 0x20, 0x20, 0x7b, 0x0a, 0x20, 0x20, // 56).        {.  
	0x20, 0x20, 0x20, 0x20, 0x20, 0x20, 0x20, 0x20, 0x20, 0x20, 0x76, 0x65, 0x63, 0x34, 0x20, 0x5f, //           vec4 _
	0x36, 0x35, 0x32, 0x3b, 0x0a, 0x20, 0x20, 0x20, 0x20, 0x20, 0x20, 0x20, 0x20, 0x20, 0x20, 0x20, // 652;.           
	0x20, 0x69, 0x66, 0x20, 0x28, 0x61, 0x6c, 0x70, 0x68, 0x61, 0x54, 0x65, 0x73, 0x74, 0x56, 0x61, //  if (alphaTestVa
	0x6c, 0x75, 0x65, 0x41, 0x42, 0x5f, 0x66, 0x69, 0x6c, 0x74, 0x65, 0x72, 0x4d, 0x6f, 0x64, 0x65, // lueAB_filterMode
	0x5f, 0x61, 0x64, 0x64, 0x42, 0x6c, 0x65, 0x6e, 0x64, 0x2e, 0x7a, 0x20, 0x3d, 0x3d, 0x20, 0x32, // _addBlend.z == 2
	0x2e, 0x30, 0x29, 0x0a, 0x20, 0x20, 0x20, 0x20, 0x20, 0x20, 0x20, 0x20, 0x20, 0x20, 0x20, 0x20, // .0).            
	0x7b, 0x0a, 0x20, 0x20, 0x20, 0x20, 0x20, 0x20, 0x20, 0x20, 0x20, 0x20, 0x20, 0x20, 0x20, 0x20, // {.              
	0x20, 0x20, 0x5f, 0x36, 0x35, 0x32, 0x20, 0x3d, 0x20, 0x5f, 0x36, 0x34, 0x39, 0x20, 0x2a, 0x20, //   _652 = _649 * 
	0x6d, 0x61, 0x78, 0x28, 0x6d, 0x69, 0x78, 0x28, 0x28, 0x5f, 0x36, 0x34, 0x33, 0x20, 0x2a, 0x20, // max(mix((_643 * 
	0x5f, 0x36, 0x34, 0x37, 0x29, 0x20, 0x2a, 0x20, 0x32, 0x2e, 0x30, 0x2c, 0x20, 0x76, 0x65, 0x63, // _647) * 2.0, vec
	0x34, 0x28, 0x31, 0x2e, 0x30, 0x29, 0x20, 0x2d, 0x20, 0x28, 0x28, 0x28, 0x76, 0x65, 0x63, 0x34, // 4(1.0) - (((vec4
	0x28, 0x31, 0x2e, 0x30, 0x29, 0x20, 0x2d, 0x20, 0x5f, 0x36, 0x34, 0x33, 0x29, 0x20, 0x2a, 0x20, // (1.0) - _643) * 
	0x32, 0x2e, 0x30, 0x29, 0x20, 0x2a, 0x20, 0x28, 0x76, 0x65, 0x63, 0x34, 0x28, 0x31, 0x2e, 0x30, // 2.0) * (vec4(1.0
	0x29, 0x20, 0x2d, 0x20, 0x5f, 0x36, 0x34, 0x37, 0x29, 0x29, 0x2c, 0x20, 0x73, 0x74, 0x65, 0x70, // ) - _647)), step
	0x28, 0x76, 0x65, 0x63, 0x34, 0x28, 0x30, 0x2e, 0x35, 0x29, 0x2c, 0x20, 0x5f, 0x36, 0x34, 0x33, // (vec4(0.5), _643
	0x29, 0x29, 0x2c, 0x20, 0x76, 0x65, 0x63, 0x34, 0x28, 0x30, 0x2e, 0x30, 0x29, 0x29, 0x3b, 0x0a, // )), vec4(0.0));.
	0x20, 0x20, 0x20, 0x20, 0x20, 0x20, 0x20, 0x20, 0x20, 0x20, 0x20, 0x20, 0x7d, 0x0a, 0x20, 0x20, //             }.  
	0x20, 0x20, 0x20, 0x20, 0x20, 0x20, 0x20, 0x20, 0x20, 0x20, 0x65, 0x6c, 0x73, 0x65, 0x0a, 0x20, //           else. 
	0x20, 0x20, 0x20, 0x20, 0x20, 0x20, 0x20, 0x20, 0x20, 0x20, 0x20, 0x7b, 0x0a, 0x20, 0x20, 0x20, //            {.   
	0x20, 0x20, 0x20, 0x20, 0x20, 0x20, 0x20, 0x20, 0x20, 0x20, 0x20, 0x20, 0x20, 0x5f, 0x36, 0x35, //              _65
	0x32, 0x20, 0x3d, 0x20, 0x5f, 0x36, 0x34, 0x39, 0x3b, 0x0a, 0x20, 0x20, 0x20, 0x20, 0x20, 0x20, // 2 = _649;.      
	0x20, 0x20, 0x20, 0x20, 0x20, 0x20, 0x7d, 0x0a, 0x20, 0x20, 0x20, 0x20, 0x20, 0x20, 0x20, 0x20, //       }.        
	0x20, 0x20, 0x20, 0x20, 0x76, 0x65, 0x63, 0x34, 0x20, 0x5f, 0x36, 0x35, 0x35, 0x3b, 0x0a, 0x20, //     vec4 _655;. 
	0x20, 0x20, 0x20, 0x20, 0x20, 0x20, 0x20, 0x20, 0x20, 0x20, 0x20, 0x69, 0x66, 0x20, 0x28, 0x61, //            if (a
	0x6c, 0x70, 0x68, 0x61, 0x54, 0x65, 0x73, 0x74, 0x56, 0x61, 0x6c, 0x75, 0x65, 0x41, 0x42, 0x5f, // lphaTestValueAB_
	0x66, 0x69, 0x6c, 0x74, 0x65, 0x72, 0x4d, 0x6f, 0x64, 0x65, 0x5f, 0x61, 0x64, 0x64, 0x42, 0x6c, // filterMode_addBl
	0x65, 0x6e, 0x64, 0x2e, 0x7a, 0x20, 0x3d, 0x3d, 0x20, 0x33, 0x2e, 0x30, 0x29, 0x0a, 0x20, 0x20, // end.z == 3.0).  
	0x20, 0x20, 0x20, 0x20, 0x20, 0x20, 0x20, 0x20, 0x20, 0x20, 0x7b, 0x0a, 0x20, 0x20, 0x20, 0x20, //           {.    
	0x20, 0x20, 0x20, 0x20, 0x20, 0x20, 0x20, 0x20, 0x20, 0x20, 0x20, 0x20, 0x5f, 0x36, 0x35, 0x35, //             _655
	0x20, 0x3d, 0x20, 0x5f, 0x36, 0x35, 0x32, 0x20, 0x2a, 0x20, 0x28, 0x28, 0x5f, 0x36, 0x34, 0x33, //  = _652 * ((_643
	0x20, 0x2a, 0x20, 0x5f, 0x36, 0x34, 0x37, 0x29, 0x20, 0x2a, 0x20, 0x61, 0x6d, 0x6f, 0x75, 0x6e, //  * _647) * amoun
	0x74, 0x5f, 0x62, 0x6c, 0x65, 0x6e, 0x64, 0x5f, 0x6d, 0x6f, 0x64, 0x75, 0x6c, 0x61, 0x74, 0x65, // t_blend_modulate
	0x5f, 0x76, 0x73, 0x5f, 0x61, 0x64, 0x64, 0x5f, 0x66, 0x6c, 0x61, 0x73, 0x68, 0x65, 0x72, 0x4d, // _vs_add_flasherM
	0x6f, 0x64, 0x65, 0x2e, 0x78, 0x29, 0x3b, 0x0a, 0x20, 0x20, 0x20, 0x20, 0x20, 0x20, 0x20, 0x20, // ode.x);.        
	0x20, 0x20, 0x20, 0x20, 0x7d, 0x0a, 0x20, 0x20, 0x20, 0x20, 0x20, 0x20, 0x20, 0x20, 0x20, 0x20, //     }.          
	0x20, 0x20, 0x65, 0x6c, 0x73, 0x65, 0x0a, 0x20, 0x20, 0x20, 0x20, 0x20, 0x20, 0x20, 0x20, 0x20, //   else.         
	0x20, 0x20, 0x20, 0x7b, 0x0a, 0x20, 0x20, 0x20, 0x20, 0x20, 0x20, 0x20, 0x20, 0x20, 0x20, 0x20, //    {.           
	0x20, 0x20, 0x20, 0x20, 0x20, 0x5f, 0x36, 0x35, 0x35, 0x20, 0x3d, 0x20, 0x5f, 0x36, 0x35, 0x32, //      _655 = _652
	0x3b, 0x0a, 0x20, 0x20, 0x20, 0x20, 0x20, 0x20, 0x20, 0x20, 0x20, 0x20, 0x20, 0x20, 0x7d, 0x0a, // ;.            }.
	0x20, 0x20, 0x20, 0x20, 0x20, 0x20, 0x20, 0x20, 0x20, 0x20, 0x20, 0x20, 0x76, 0x65, 0x63, 0x34, //             vec4
	0x20, 0x5f, 0x36, 0x35, 0x38, 0x3b, 0x0a, 0x20, 0x20, 0x20, 0x20, 0x20, 0x20, 0x20, 0x20, 0x20, //  _658;.         
	0x20, 0x20, 0x20, 0x69, 0x66, 0x20, 0x28, 0x61, 0x6c, 0x70, 0x68, 0x61, 0x54, 0x65, 0x73, 0x74, //    if (alphaTest
	0x56, 0x61, 0x6c, 0x75, 0x65, 0x41, 0x42, 0x5f, 0x66, 0x69, 0x6c, 0x74, 0x65, 0x72, 0x4d, 0x6f, // ValueAB_filterMo
	0x64, 0x65, 0x5f, 0x61, 0x64, 0x64, 0x42, 0x6c, 0x65, 0x6e, 0x64, 0x2e, 0x7a, 0x20, 0x3d, 0x3d, // de_addBlend.z ==
	0x20, 0x31, 0x2e, 0x30, 0x29, 0x0a, 0x20, 0x20, 0x20, 0x20, 0x20, 0x20, 0x20, 0x20, 0x20, 0x20, //  1.0).          
	0x20, 0x20, 0x7b, 0x0a, 0x20, 0x20, 0x20, 0x20, 0x20, 0x20, 0x20, 0x20, 0x20, 0x20, 0x20, 0x20, //   {.            
	0x20, 0x20, 0x20, 0x20, 0x5f, 0x36, 0x35, 0x38, 0x20, 0x3d, 0x20, 0x5f, 0x36, 0x35, 0x35, 0x20, //     _658 = _655 
	0x2a, 0x20, 0x28, 0x5f, 0x36, 0x34, 0x33, 0x20, 0x2b, 0x20, 0x28, 0x5f, 0x36, 0x34, 0x37, 0x20, // * (_643 + (_647 
	0x2a, 0x20, 0x61, 0x6d, 0x6f, 0x75, 0x6e, 0x74, 0x5f, 0x62, 0x6c, 0x65, 0x6e, 0x64, 0x5f, 0x6d, // * amount_blend_m
	0x6f, 0x64, 0x75, 0x6c, 0x61, 0x74, 0x65, 0x5f, 0x76, 0x73, 0x5f, 0x61, 0x64, 0x64, 0x5f, 0x66, // odulate_vs_add_f
	0x6c, 0x61, 0x73, 0x68, 0x65, 0x72, 0x4d, 0x6f, 0x64, 0x65, 0x2e, 0x78, 0x29, 0x29, 0x3b, 0x0a, // lasherMode.x));.
	0x20, 0x20, 0x20, 0x20, 0x20, 0x20, 0x20, 0x20, 0x20, 0x20, 0x20, 0x20, 0x7d, 0x0a, 0x20, 0x20, //             }.  
	0x20, 0x20, 0x20, 0x20, 0x20, 0x20, 0x20, 0x20, 0x20, 0x20, 0x65, 0x6c, 0x73, 0x65, 0x0a, 0x20, //           else. 
	0x20, 0x20, 0x20, 0x20, 0x20, 0x20, 0x20, 0x20, 0x20, 0x20, 0x20, 0x7b, 0x0a, 0x20, 0x20, 0x20, //            {.   
	0x20, 0x20, 0x20, 0x20, 0x20, 0x20, 0x20, 0x20, 0x20, 0x20, 0x20, 0x20, 0x20, 0x5f, 0x36, 0x35, //              _65
	0x38, 0x20, 0x3d, 0x20, 0x5f, 0x36, 0x35, 0x35, 0x3b, 0x0a, 0x20, 0x20, 0x20, 0x20, 0x20, 0x20, // 8 = _655;.      
	0x20, 0x20, 0x20, 0x20, 0x20, 0x20, 0x7d, 0x0a, 0x20, 0x20, 0x20, 0x20, 0x20, 0x20, 0x20, 0x20, //       }.        
	0x20, 0x20, 0x20, 0x20, 0x76, 0x65, 0x63, 0x34, 0x20, 0x5f, 0x36, 0x38, 0x33, 0x3b, 0x0a, 0x20, //     vec4 _683;. 
	0x20, 0x20, 0x20, 0x20, 0x20, 0x20, 0x20, 0x20, 0x20, 0x20, 0x20, 0x69, 0x66, 0x20, 0x28, 0x61, //            if (a
	0x6c, 0x70, 0x68, 0x61, 0x54, 0x65, 0x73, 0x74, 0x56, 0x61, 0x6c, 0x75, 0x65, 0x41, 0x42, 0x5f, // lphaTestValueAB_
	0x66, 0x69, 0x6c, 0x74, 0x65, 0x72, 0x4d, 0x6f, 0x64, 0x65, 0x5f, 0x61, 0x64, 0x64, 0x42, 0x6c, // filterMode_addBl
	0x65, 0x6e, 0x64, 0x2e, 0x7a, 0x20, 0x3d, 0x3d, 0x20, 0x34, 0x2e, 0x30, 0x29, 0x0a, 0x20, 0x20, // end.z == 4.0).  
	0x20, 0x20, 0x20, 0x20, 0x20, 0x20, 0x20, 0x20, 0x20, 0x20, 0x7b, 0x0a, 0x20, 0x20, 0x20, 0x20, //           {.    
	0x20, 0x20, 0x20, 0x20, 0x20, 0x20, 0x20, 0x20, 0x20, 0x20, 0x20, 0x20, 0x5f, 0x36, 0x38, 0x33, //             _683
	0x20, 0x3d, 0x20, 0x5f, 0x36, 0x35, 0x38, 0x20, 0x2a, 0x20, 0x6d, 0x61, 0x78, 0x28, 0x76, 0x65, //  = _658 * max(ve
	0x63, 0x34, 0x28, 0x31, 0x2e, 0x30, 0x29, 0x20, 0x2d, 0x20, 0x28, 0x28, 0x76, 0x65, 0x63, 0x34, // c4(1.0) - ((vec4
	0x28, 0x31, 0x2e, 0x30, 0x29, 0x20, 0x2d, 0x20, 0x5f, 0x36, 0x34, 0x33, 0x29, 0x20, 0x2a, 0x20, // (1.0) - _643) * 
	0x28, 0x76, 0x65, 0x63, 0x34, 0x28, 0x31, 0x2e, 0x30, 0x29, 0x20, 0x2d, 0x20, 0x5f, 0x36, 0x34, // (vec4(1.0) - _64
	0x37, 0x29, 0x29, 0x2c, 0x20, 0x76, 0x65, 0x63, 0x34, 0x28, 0x30, 0x2e, 0x30, 0x29, 0x29, 0x3b, // 7)), vec4(0.0));
	0x0a, 0x20, 0x20, 0x20, 0x20, 0x20, 0x20, 0x20, 0x20, 0x20, 0x20, 0x20, 0x20, 0x7d, 0x0a, 0x20, // .            }. 
	0x20, 0x20, 0x20, 0x20, 0x20, 0x20, 0x20, 0x20, 0x20, 0x20, 0x20, 0x65, 0x6c, 0x73, 0x65, 0x0a, //            else.
	0x20, 0x20, 0x20, 0x20, 0x20, 0x20, 0x20, 0x20, 0x20, 0x20, 0x20, 0x20, 0x7b, 0x0a, 0x20, 0x20, //             {.  
	0x20, 0x20, 0x20, 0x20, 0x20, 0x20, 0x20, 0x20, 0x20, 0x20, 0x20, 0x20, 0x20, 0x20, 0x5f, 0x36, //               _6
	0x38, 0x33, 0x20, 0x3d, 0x20, 0x5f, 0x36, 0x35, 0x38, 0x3b, 0x0a, 0x20, 0x20, 0x20, 0x20, 0x20, // 83 = _658;.     
	0x20, 0x20, 0x20, 0x20, 0x20, 0x20, 0x20, 0x7d, 0x0a, 0x20, 0x20, 0x20, 0x20, 0x20, 0x20, 0x20, //        }.       
	0x20, 0x20, 0x20, 0x20, 0x20, 0x5f, 0x36, 0x38, 0x32, 0x20, 0x3d, 0x20, 0x5f, 0x36, 0x38, 0x33, //      _682 = _683
	0x3b, 0x0a, 0x20, 0x20, 0x20, 0x20, 0x20, 0x20, 0x20, 0x20, 0x7d, 0x0a, 0x20, 0x20, 0x20, 0x20, // ;.        }.    
	0x20, 0x20, 0x20, 0x20, 0x65, 0x6c, 0x73, 0x65, 0x0a, 0x20, 0x20, 0x20, 0x20, 0x20, 0x20, 0x20, //     else.       
	0x20, 0x7b, 0x0a, 0x20, 0x20, 0x20, 0x20, 0x20, 0x20, 0x20, 0x20, 0x20, 0x20, 0x20, 0x20, 0x5f, //  {.            _
	0x36, 0x38, 0x32, 0x20, 0x3d, 0x20, 0x5f, 0x36, 0x34, 0x39, 0x3b, 0x0a, 0x20, 0x20, 0x20, 0x20, // 682 = _649;.    
	0x20, 0x20, 0x20, 0x20, 0x7d, 0x0a, 0x20, 0x20, 0x20, 0x20, 0x20, 0x20, 0x20, 0x20, 0x76, 0x65, //     }.        ve
	0x63, 0x34, 0x20, 0x5f, 0x36, 0x38, 0x35, 0x3b, 0x0a, 0x20, 0x20, 0x20, 0x20, 0x20, 0x20, 0x20, // c4 _685;.       
	0x20, 0x69, 0x66, 0x20, 0x28, 0x6c, 0x69, 0x67, 0x68, 0x74, 0x43, 0x65, 0x6e, 0x74, 0x65, 0x72, //  if (lightCenter
	0x5f, 0x64, 0x6f, 0x53, 0x68, 0x61, 0x64, 0x6f, 0x77, 0x2e, 0x77, 0x20, 0x21, 0x3d, 0x20, 0x30, // _doShadow.w != 0
	0x2e, 0x30, 0x29, 0x0a, 0x20, 0x20, 0x20, 0x20, 0x20, 0x20, 0x20, 0x20, 0x7b, 0x0a, 0x20, 0x20, // .0).        {.  
	0x20, 0x20, 0x20, 0x20, 0x20, 0x20, 0x20, 0x20, 0x20, 0x20, 0x76, 0x65, 0x63, 0x33, 0x20, 0x5f, //           vec3 _
	0x33, 0x35, 0x38, 0x20, 0x3d, 0x20, 0x76, 0x5f, 0x74, 0x61, 0x62, 0x6c, 0x65, 0x50, 0x6f, 0x73, // 358 = v_tablePos
	0x20, 0x2d, 0x20, 0x6c, 0x69, 0x67, 0x68, 0x74, 0x43, 0x65, 0x6e, 0x74, 0x65, 0x72, 0x5f, 0x64, //  - lightCenter_d
	0x6f, 0x53, 0x68, 0x61, 0x64, 0x6f, 0x77, 0x2e, 0x78, 0x79, 0x7a, 0x3b, 0x0a, 0x20, 0x20, 0x20, // oShadow.xyz;.   
	0x20, 0x20, 0x20, 0x20, 0x20, 0x20, 0x20, 0x20, 0x20, 0x66, 0x6c, 0x6f, 0x61, 0x74, 0x20, 0x5f, //          float _
	0x33, 0x36, 0x31, 0x20, 0x3d, 0x20, 0x6c, 0x65, 0x6e, 0x67, 0x74, 0x68, 0x28, 0x5f, 0x33, 0x35, // 361 = length(_35
	0x38, 0x29, 0x3b, 0x0a, 0x20, 0x20, 0x20, 0x20, 0x20, 0x20, 0x20, 0x20, 0x20, 0x20, 0x20, 0x20, // 8);.            
	0x66, 0x6c, 0x6f, 0x61, 0x74, 0x20, 0x5f, 0x36, 0x36, 0x36, 0x3b, 0x0a, 0x20, 0x20, 0x20, 0x20, // float _666;.    
	0x20, 0x20, 0x20, 0x20, 0x20, 0x20, 0x20, 0x20, 0x64, 0x6f, 0x0a, 0x20, 0x20, 0x20, 0x20, 0x20, //         do.     
	0x20, 0x20, 0x20, 0x20, 0x20, 0x20, 0x20, 0x7b, 0x0a, 0x20, 0x20, 0x20, 0x20, 0x20, 0x20, 0x20, //        {.       
	0x20, 0x20, 0x20, 0x20, 0x20, 0x20, 0x20, 0x20, 0x20, 0x66, 0x6c, 0x6f, 0x61, 0x74, 0x20, 0x5f, //          float _
	0x36, 0x36, 0x30, 0x3b, 0x0a, 0x20, 0x20, 0x20, 0x20, 0x20, 0x20, 0x20, 0x20, 0x20, 0x20, 0x20, // 660;.           
	0x20, 0x20, 0x20, 0x20, 0x20, 0x5f, 0x36, 0x36, 0x30, 0x20, 0x3d, 0x20, 0x31, 0x2e, 0x30, 0x3b, //      _660 = 1.0;
	0x0a, 0x20, 0x20, 0x20, 0x20, 0x20, 0x20, 0x20, 0x20, 0x20, 0x20, 0x20, 0x20, 0x20, 0x20, 0x20, // .               
	0x20, 0x62, 0x6f, 0x6f, 0x6c, 0x20, 0x5f, 0x36, 0x36, 0x32, 0x3b, 0x0a, 0x20, 0x20, 0x20, 0x20, //  bool _662;.    
	0x20, 0x20, 0x20, 0x20, 0x20, 0x20, 0x20, 0x20, 0x20, 0x20, 0x20, 0x20, 0x66, 0x6c, 0x6f, 0x61, //             floa
	0x74, 0x20, 0x5f, 0x36, 0x36, 0x37, 0x3b, 0x0a, 0x20, 0x20, 0x20, 0x20, 0x20, 0x20, 0x20, 0x20, // t _667;.        
	0x20, 0x20, 0x20, 0x20, 0x20, 0x20, 0x20, 0x20, 0x66, 0x6c, 0x6f, 0x61, 0x74, 0x20, 0x5f, 0x36, //         float _6
	0x38, 0x36, 0x3b, 0x0a, 0x20, 0x20, 0x20, 0x20, 0x20, 0x20, 0x20, 0x20, 0x20, 0x20, 0x20, 0x20, // 86;.            
	0x20, 0x20, 0x20, 0x20, 0x69, 0x6e, 0x74, 0x20, 0x5f, 0x36, 0x35, 0x39, 0x20, 0x3d, 0x20, 0x30, //     int _659 = 0
	0x3b, 0x0a, 0x20, 0x20, 0x20, 0x20, 0x20, 0x20, 0x20, 0x20, 0x20, 0x20, 0x20, 0x20, 0x20, 0x20, // ;.              
	0x20, 0x20, 0x66, 0x6f, 0x72, 0x20, 0x28, 0x3b, 0x3b, 0x29, 0x0a, 0x20, 0x20, 0x20, 0x20, 0x20, //   for (;;).     
	0x20, 0x20, 0x20, 0x20, 0x20, 0x20, 0x20, 0x20, 0x20, 0x20, 0x20, 0x7b, 0x0a, 0x20, 0x20, 0x20, //            {.   
	0x20, 0x20, 0x20, 0x20, 0x20, 0x20, 0x20, 0x20, 0x20, 0x20, 0x20, 0x20, 0x20, 0x20, 0x20, 0x20, //                 
	0x20, 0x69, 0x66, 0x20, 0x28, 0x5f, 0x36, 0x35, 0x39, 0x20, 0x3c, 0x20, 0x38, 0x29, 0x0a, 0x20, //  if (_659 < 8). 
	0x20, 0x20, 0x20, 0x20, 0x20, 0x20, 0x20, 0x20, 0x20, 0x20, 0x20, 0x20, 0x20, 0x20, 0x20, 0x20, //                 
	0x20, 0x20, 0x20, 0x7b, 0x0a, 0x20, 0x20, 0x20, 0x20, 0x20, 0x20, 0x20, 0x20, 0x20, 0x20, 0x20, //    {.           
	0x20, 0x20, 0x20, 0x20, 0x20, 0x20, 0x20, 0x20, 0x20, 0x20, 0x20, 0x20, 0x20, 0x69, 0x66, 0x20, //              if 
	0x28, 0x62, 0x61, 0x6c, 0x6c, 0x73, 0x5b, 0x5f, 0x36, 0x35, 0x39, 0x5d, 0x2e, 0x77, 0x20, 0x3d, // (balls[_659].w =
	0x3d, 0x20, 0x30, 0x2e, 0x30, 0x29, 0x0a, 0x20, 0x20, 0x20, 0x20, 0x20, 0x20, 0x20, 0x20, 0x20, // = 0.0).         
	0x20, 0x20, 0x20, 0x20, 0x20, 0x20, 0x20, 0x20, 0x20, 0x20, 0x20, 0x20, 0x20, 0x20, 0x20, 0x7b, //                {
	0x0a, 0x20, 0x20, 0x20, 0x20, 0x20, 0x20, 0x20, 0x20, 0x20, 0x20, 0x20, 0x20, 0x20, 0x20, 0x20, // .               
	0x20, 0x20, 0x20, 0x20, 0x20, 0x20, 0x20, 0x20, 0x20, 0x20, 0x20, 0x20, 0x20, 0x5f, 0x36, 0x36, //              _66
	0x37, 0x20, 0x3d, 0x20, 0x5f, 0x36, 0x36, 0x30, 0x3b, 0x0a, 0x20, 0x20, 0x20, 0x20, 0x20, 0x20, // 7 = _660;.      
	0x20, 0x20, 0x20, 0x20, 0x20, 0x20, 0x20, 0x20, 0x20, 0x20, 0x20, 0x20, 0x20, 0x20, 0x20, 0x20, //                 
	0x20, 0x20, 0x20, 0x20, 0x20, 0x20, 0x5f, 0x36, 0x36, 0x32, 0x20, 0x3d, 0x20, 0x74, 0x72, 0x75, //       _662 = tru
	0x65, 0x3b, 0x0a, 0x20, 0x20, 0x20, 0x20, 0x20, 0x20, 0x20, 0x20, 0x20, 0x20, 0x20, 0x20, 0x20, // e;.             
	0x20, 0x20, 0x20, 0x20, 0x20, 0x20, 0x20, 0x20, 0x20, 0x20, 0x20, 0x20, 0x20, 0x20, 0x20, 0x62, //                b
	0x72, 0x65, 0x61, 0x6b, 0x3b, 0x0a, 0x20, 0x20, 0x20, 0x20, 0x20, 0x20, 0x20, 0x20, 0x20, 0x20, // reak;.          
	0x20, 0x20, 0x20, 0x20, 0x20, 0x20, 0x20, 0x20, 0x20, 0x20, 0x20, 0x20, 0x20, 0x20, 0x7d, 0x0a, //               }.
	0x20, 0x20, 0x20, 0x20, 0x20, 0x20, 0x20, 0x20, 0x20, 0x20, 0x20, 0x20, 0x20, 0x20, 0x20, 0x20, //                 
	0x20, 0x20, 0x20, 0x20, 0x20, 0x20, 0x20, 0x20, 0x76, 0x65, 0x63, 0x33, 0x20, 0x5f, 0x35, 0x35, //         vec3 _55
	0x39, 0x20, 0x3d, 0x20, 0x62, 0x61, 0x6c, 0x6c, 0x73, 0x5b, 0x5f, 0x36, 0x35, 0x39, 0x5d, 0x2e, // 9 = balls[_659].
	0x78, 0x79, 0x7a, 0x20, 0x2d, 0x20, 0x6c, 0x69, 0x67, 0x68, 0x74, 0x43, 0x65, 0x6e, 0x74, 0x65, // xyz - lightCente
	0x72, 0x5f, 0x64, 0x6f, 0x53, 0x68, 0x61, 0x64, 0x6f, 0x77, 0x2e, 0x78, 0x79, 0x7a, 0x3b, 0x0a, // r_doShadow.xyz;.
	0x20, 0x20, 0x20, 0x20, 0x20, 0x20, 0x20, 0x20, 0x20, 0x20, 0x20, 0x20, 0x20, 0x20, 0x20, 0x20, //                 
	0x20, 0x20, 0x20, 0x20, 0x20, 0x20, 0x20, 0x20, 0x66, 0x6c, 0x6f, 0x61, 0x74, 0x20, 0x5f, 0x35, //         float _5
	0x36, 0x36, 0x20, 0x3d, 0x20, 0x64, 0x6f, 0x74, 0x28, 0x5f, 0x35, 0x35, 0x39, 0x2c, 0x20, 0x5f, // 66 = dot(_559, _
	0x33, 0x35, 0x38, 0x29, 0x20, 0x2f, 0x20, 0x28, 0x5f, 0x33, 0x36, 0x31, 0x20, 0x2a, 0x20, 0x5f, // 358) / (_361 * _
	0x33, 0x36, 0x31, 0x29, 0x3b, 0x0a, 0x20, 0x20, 0x20, 0x20, 0x20, 0x20, 0x20, 0x20, 0x20, 0x20, // 361);.          
	0x20, 0x20, 0x20, 0x20, 0x20, 0x20, 0x20, 0x20, 0x20, 0x20, 0x20, 0x20, 0x20, 0x20, 0x69, 0x66, //               if
	0x20, 0x28, 0x28, 0x5f, 0x35, 0x36, 0x36, 0x20, 0x3e, 0x20, 0x30, 0x2e, 0x30, 0x29, 0x20, 0x26, //  ((_566 > 0.0) &
	0x26, 0x20, 0x28, 0x5f, 0x35, 0x36, 0x36, 0x20, 0x3c, 0x20, 0x31, 0x2e, 0x30, 0x29, 0x29, 0x0a, // & (_566 < 1.0)).
	0x20, 0x20, 0x20, 0x20, 0x20, 0x20, 0x20, 0x20, 0x20, 0x20, 0x20, 0x20, 0x20, 0x20, 0x20, 0x20, //                 
	0x20, 0x20, 0x20, 0x20, 0x20, 0x20, 0x20, 0x20, 0x7b, 0x0a, 0x20, 0x20, 0x20, 0x20, 0x20, 0x20, //         {.      
	0x20, 0x20, 0x20, 0x20, 0x20, 0x20, 0x20, 0x20, 0x20, 0x20, 0x20, 0x20, 0x20, 0x20, 0x20, 0x20, //                 
	0x20, 0x20, 0x20, 0x20, 0x20, 0x20, 0x66, 0x6c, 0x6f, 0x61, 0x74, 0x20, 0x5f, 0x35, 0x38, 0x34, //       float _584
	0x20, 0x3d, 0x20, 0x35, 0x2e, 0x30, 0x20, 0x2d, 0x20, 0x28, 0x35, 0x2e, 0x30, 0x20, 0x2a, 0x20, //  = 5.0 - (5.0 * 
	0x5f, 0x35, 0x36, 0x36, 0x29, 0x3b, 0x0a, 0x20, 0x20, 0x20, 0x20, 0x20, 0x20, 0x20, 0x20, 0x20, // _566);.         
	0x20, 0x20, 0x20, 0x20, 0x20, 0x20, 0x20, 0x20, 0x20, 0x20, 0x20, 0x20, 0x20, 0x20, 0x20, 0x20, //                 
	0x20, 0x20, 0x20, 0x66, 0x6c, 0x6f, 0x61, 0x74, 0x20, 0x5f, 0x35, 0x38, 0x36, 0x20, 0x3d, 0x20, //    float _586 = 
	0x5f, 0x35, 0x35, 0x39, 0x2e, 0x78, 0x3b, 0x0a, 0x20, 0x20, 0x20, 0x20, 0x20, 0x20, 0x20, 0x20, // _559.x;.        
	0x20, 0x20, 0x20, 0x20, 0x20, 0x20, 0x20, 0x20, 0x20, 0x20, 0x20, 0x20, 0x20, 0x20, 0x20, 0x20, //                 
	0x20, 0x20, 0x20, 0x20, 0x66, 0x6c, 0x6f, 0x61, 0x74, 0x20, 0x5f, 0x35, 0x39, 0x31, 0x20, 0x3d, //     float _591 =
	0x20, 0x5f, 0x35, 0x35, 0x39, 0x2e, 0x79, 0x3b, 0x0a, 0x20, 0x20, 0x20, 0x20, 0x20, 0x20, 0x20, //  _559.y;.       
	0x20, 0x20, 0x20, 0x20, 0x20, 0x20, 0x20, 0x20, 0x20, 0x20, 0x20, 0x20, 0x20, 0x20, 0x20, 0x20, //                 
	0x20, 0x20, 0x20, 0x20, 0x20, 0x5f, 0x36, 0x38, 0x36, 0x20, 0x3d, 0x20, 0x5f, 0x36, 0x36, 0x30, //      _686 = _660
	0x20, 0x2a, 0x20, 0x28, 0x31, 0x2e, 0x30, 0x20, 0x2b, 0x20, 0x28, 0x63, 0x6c, 0x61, 0x6d, 0x70, //  * (1.0 + (clamp
	0x28, 0x28, 0x28, 0x5f, 0x35, 0x38, 0x36, 0x20, 0x2a, 0x20, 0x5f, 0x35, 0x38, 0x36, 0x29, 0x20, // (((_586 * _586) 
	0x2b, 0x20, 0x28, 0x5f, 0x35, 0x39, 0x31, 0x20, 0x2a, 0x20, 0x5f, 0x35, 0x39, 0x31, 0x29, 0x29, // + (_591 * _591))
	0x20, 0x2f, 0x20, 0x28, 0x62, 0x61, 0x6c, 0x6c, 0x73, 0x5b, 0x5f, 0x36, 0x35, 0x39, 0x5d, 0x2e, //  / (balls[_659].
	0x77, 0x20, 0x2a, 0x20, 0x62, 0x61, 0x6c, 0x6c, 0x73, 0x5b, 0x5f, 0x36, 0x35, 0x39, 0x5d, 0x2e, // w * balls[_659].
	0x77, 0x29, 0x2c, 0x20, 0x30, 0x2e, 0x30, 0x2c, 0x20, 0x31, 0x2e, 0x30, 0x29, 0x20, 0x2a, 0x20, // w), 0.0, 1.0) * 
	0x28, 0x28, 0x2d, 0x30, 0x2e, 0x38, 0x39, 0x39, 0x39, 0x39, 0x39, 0x39, 0x37, 0x36, 0x31, 0x35, // ((-0.89999997615
	0x38, 0x31, 0x34, 0x32, 0x30, 0x38, 0x39, 0x38, 0x34, 0x33, 0x37, 0x35, 0x29, 0x20, 0x2b, 0x20, // 814208984375) + 
	0x28, 0x30, 0x2e, 0x38, 0x39, 0x39, 0x39, 0x39, 0x39, 0x39, 0x37, 0x36, 0x31, 0x35, 0x38, 0x31, // (0.8999999761581
	0x34, 0x32, 0x30, 0x38, 0x39, 0x38, 0x34, 0x33, 0x37, 0x35, 0x20, 0x2a, 0x20, 0x73, 0x6d, 0x6f, // 4208984375 * smo
	0x6f, 0x74, 0x68, 0x73, 0x74, 0x65, 0x70, 0x28, 0x62, 0x61, 0x6c, 0x6c, 0x73, 0x5b, 0x5f, 0x36, // othstep(balls[_6
	0x35, 0x39, 0x5d, 0x2e, 0x77, 0x20, 0x2d, 0x20, 0x5f, 0x35, 0x38, 0x34, 0x2c, 0x20, 0x62, 0x61, // 59].w - _584, ba
	0x6c, 0x6c, 0x73, 0x5b, 0x5f, 0x36, 0x35, 0x39, 0x5d, 0x2e, 0x77, 0x20, 0x2b, 0x20, 0x5f, 0x35, // lls[_659].w + _5
	0x38, 0x34, 0x2c, 0x20, 0x6c, 0x65, 0x6e, 0x67, 0x74, 0x68, 0x28, 0x5f, 0x35, 0x35, 0x39, 0x20, // 84, length(_559 
	0x2d, 0x20, 0x28, 0x5f, 0x33, 0x35, 0x38, 0x20, 0x2a, 0x20, 0x5f, 0x35, 0x36, 0x36, 0x29, 0x29, // - (_358 * _566))
	0x29, 0x29, 0x29, 0x29, 0x29, 0x3b, 0x0a, 0x20, 0x20, 0x20, 0x20, 0x20, 0x20, 0x20, 0x20, 0x20, // )))));.         
	0x20, 0x20, 0x20, 0x20, 0x20, 0x20, 0x20, 0x20, 0x20, 0x20, 0x20, 0x20, 0x20, 0x20, 0x20, 0x7d, //                }
	0x0a, 0x20, 0x20, 0x20, 0x20, 0x20, 0x20, 0x20, 0x20, 0x20, 0x20, 0x20, 0x20, 0x20, 0x20, 0x20, // .               
	0x20, 0x20, 0x20, 0x20, 0x20, 0x20, 0x20, 0x20, 0x20, 0x65, 0x6c, 0x73, 0x65, 0x0a, 0x20, 0x20, //          else.  
	0x20, 0x20, 0x20, 0x20, 0x20, 0x20, 0x20, 0x20, 0x20, 0x20, 0x20, 0x20, 0x20, 0x20, 0x20, 0x20, //                 
	0x20, 0x20, 0x20, 0x20, 0x20, 0x20, 0x7b, 0x0a, 0x20, 0x20, 0x20, 0x20, 0x20, 0x20, 0x20, 0x20, //       {.        
	0x20, 0x20, 0x20, 0x20, 0x20, 0x20, 0x20, 0x20, 0x20, 0x20, 0x20, 0x20, 0x20, 0x20, 0x20, 0x20, //                 
	0x20, 0x20, 0x20, 0x20, 0x5f, 0x36, 0x38, 0x36, 0x20, 0x3d, 0x20, 0x5f, 0x36, 0x36, 0x30, 0x3b, //     _686 = _660;
	0x0a, 0x20, 0x20, 0x20, 0x20, 0x20, 0x20, 0x20, 0x20, 0x20, 0x20, 0x20, 0x20, 0x20, 0x20, 0x20, // .               
	0x20, 0x20, 0x20, 0x20, 0x20, 0x20, 0x20, 0x20, 0x20, 0x7d, 0x0a, 0x20, 0x20, 0x20, 0x20, 0x20, //          }.     
	0x20, 0x20, 0x20, 0x20, 0x20, 0x20, 0x20, 0x20, 0x20, 0x20, 0x20, 0x20, 0x20, 0x20, 0x20, 0x20, //                 
	0x20, 0x20, 0x20, 0x5f, 0x36, 0x36, 0x30, 0x20, 0x3d, 0x20, 0x5f, 0x36, 0x38, 0x36, 0x3b, 0x0a, //    _660 = _686;.
	0x20, 0x20, 0x20, 0x20, 0x20, 0x20, 0x20, 0x20, 0x20, 0x20, 0x20, 0x20, 0x20, 0x20, 0x20, 0x20, //                 
	0x20, 0x20, 0x20, 0x20, 0x20, 0x20, 0x20, 0x20, 0x5f, 0x36, 0x35, 0x39, 0x2b, 0x2b, 0x3b, 0x0a, //         _659++;.
	0x20, 0x20, 0x20, 0x20, 0x20, 0x20, 0x20, 0x20, 0x20, 0x20, 0x20, 0x20, 0x20, 0x20, 0x20, 0x20, //                 
	0x20, 0x20, 0x20, 0x20, 0x20, 0x20, 0x20, 0x20, 0x63, 0x6f, 0x6e, 0x74, 0x69, 0x6e, 0x75, 0x65, //         continue
	0x3b, 0x0a, 0x20, 0x20, 0x20, 0x20, 0x20, 0x20, 0x20, 0x20, 0x20, 0x20, 0x20, 0x20, 0x20, 0x20, // ;.              
	0x20, 0x20, 0x20, 0x20, 0x20, 0x20, 0x7d, 0x0a, 0x20, 0x20, 0x20, 0x20, 0x20, 0x20, 0x20, 0x20, //       }.        
	0x20, 0x20, 0x20, 0x20, 0x20, 0x20, 0x20, 0x20, 0x20, 0x20, 0x20, 0x20, 0x65, 0x6c, 0x73, 0x65, //             else
	0x0a, 0x20, 0x20, 0x20, 0x20, 0x20, 0x20, 0x20, 0x20, 0x20, 0x20, 0x20, 0x20, 0x20, 0x20, 0x20, // .               
	0x20, 0x20, 0x20, 0x20, 0x20, 0x7b, 0x0a, 0x20, 0x20, 0x20, 0x20, 0x20, 0x20, 0x20, 0x20, 0x20, //      {.         
	0x20, 0x20, 0x20, 0x20, 0x20, 0x20, 0x20, 0x20, 0x20, 0x20, 0x20, 0x20, 0x20, 0x20, 0x20, 0x5f, //                _
	0x36, 0x36, 0x37, 0x20, 0x3d, 0x20, 0x5f, 0x36, 0x37, 0x33, 0x3b, 0x0a, 0x20, 0x20, 0x20, 0x20, // 667 = _673;.    
	0x20, 0x20, 0x20, 0x20, 0x20, 0x20, 0x20, 0x20, 0x20, 0x20, 0x20, 0x20, 0x20, 0x20, 0x20, 0x20, //                 
	0x20, 0x20, 0x20, 0x20, 0x5f, 0x36, 0x36, 0x32, 0x20, 0x3d, 0x20, 0x66, 0x61, 0x6c, 0x73, 0x65, //     _662 = false
	0x3b, 0x0a, 0x20, 0x20, 0x20, 0x20, 0x20, 0x20, 0x20, 0x20, 0x20, 0x20, 0x20, 0x20, 0x20, 0x20, // ;.              
	0x20, 0x20, 0x20, 0x20, 0x20, 0x20, 0x20, 0x20, 0x20, 0x20, 0x62, 0x72, 0x65, 0x61, 0x6b, 0x3b, //           break;
	0x0a, 0x20, 0x20, 0x20, 0x20, 0x20, 0x20, 0x20, 0x20, 0x20, 0x20, 0x20, 0x20, 0x20, 0x20, 0x20, // .               
	0x20, 0x20, 0x20, 0x20, 0x20, 0x7d, 0x0a, 0x20, 0x20, 0x20, 0x20, 0x20, 0x20, 0x20, 0x20, 0x20, //      }.         
	0x20, 0x20, 0x20, 0x20, 0x20, 0x20, 0x20, 0x7d, 0x0a, 0x20, 0x20, 0x20, 0x20, 0x20, 0x20, 0x20, //        }.       
	0x20, 0x20, 0x20, 0x20, 0x20, 0x20, 0x20, 0x20, 0x20, 0x69, 0x66, 0x20, 0x28, 0x5f, 0x36, 0x36, //          if (_66
	0x32, 0x29, 0x0a, 0x20, 0x20, 0x20, 0x20, 0x20, 0x20, 0x20, 0x20, 0x20, 0x20, 0x20, 0x20, 0x20, // 2).             
	0x20, 0x20, 0x20, 0x7b, 0x0a, 0x20, 0x20, 0x20, 0x20, 0x20, 0x20, 0x20, 0x20, 0x20, 0x20, 0x20, //    {.           
	0x20, 0x20, 0x20, 0x20, 0x20, 0x20, 0x20, 0x20, 0x20, 0x5f, 0x36, 0x36, 0x36, 0x20, 0x3d, 0x20, //          _666 = 
	0x5f, 0x36, 0x36, 0x37, 0x3b, 0x0a, 0x20, 0x20, 0x20, 0x20, 0x20, 0x20, 0x20, 0x20, 0x20, 0x20, // _667;.          
	0x20, 0x20, 0x20, 0x20, 0x20, 0x20, 0x20, 0x20, 0x20, 0x20, 0x62, 0x72, 0x65, 0x61, 0x6b, 0x3b, //           break;
	0x0a, 0x20, 0x20, 0x20, 0x20, 0x20, 0x20, 0x20, 0x20, 0x20, 0x20, 0x20, 0x20, 0x20, 0x20, 0x20, // .               
	0x20, 0x7d, 0x0a, 0x20, 0x20, 0x20, 0x20, 0x20, 0x20, 0x20, 0x20, 0x20, 0x20, 0x20, 0x20, 0x20, //  }.             
	0x20, 0x20, 0x20, 0x5f, 0x36, 0x36, 0x36, 0x20, 0x3d, 0x20, 0x5f, 0x36, 0x36, 0x30, 0x3b, 0x0a, //    _666 = _660;.
	0x20, 0x20, 0x20, 0x20, 0x20, 0x20, 0x20, 0x20, 0x20, 0x20, 0x20, 0x20, 0x20, 0x20, 0x20, 0x20, //                 
	0x62, 0x72, 0x65, 0x61, 0x6b, 0x3b, 0x0a, 0x20, 0x20, 0x20, 0x20, 0x20, 0x20, 0x20, 0x20, 0x20, // break;.         
	0x20, 0x20, 0x20, 0x7d, 0x20, 0x77, 0x68, 0x69, 0x6c, 0x65, 0x28, 0x66, 0x61, 0x6c, 0x73, 0x65, //    } while(false
	0x29, 0x3b, 0x0a, 0x20, 0x20, 0x20, 0x20, 0x20, 0x20, 0x20, 0x20, 0x20, 0x20, 0x20, 0x20, 0x76, // );.            v
	0x65, 0x63, 0x33, 0x20, 0x5f, 0x33, 0x37, 0x34, 0x20, 0x3d, 0x20, 0x5f, 0x36, 0x38, 0x32, 0x2e, // ec3 _374 = _682.
	0x78, 0x79, 0x7a, 0x20, 0x2a, 0x20, 0x5f, 0x36, 0x36, 0x36, 0x3b, 0x0a, 0x20, 0x20, 0x20, 0x20, // xyz * _666;.    
	0x20, 0x20, 0x20, 0x20, 0x20, 0x20, 0x20, 0x20, 0x76, 0x65, 0x63, 0x34, 0x20, 0x5f, 0x36, 0x33, //         vec4 _63
	0x33, 0x20, 0x3d, 0x20, 0x5f, 0x36, 0x38, 0x32, 0x3b, 0x0a, 0x20, 0x20, 0x20, 0x20, 0x20, 0x20, // 3 = _682;.      
	0x20, 0x20, 0x20, 0x20, 0x20, 0x20, 0x5f, 0x36, 0x33, 0x33, 0x2e, 0x78, 0x20, 0x3d, 0x20, 0x5f, //       _633.x = _
	0x33, 0x37, 0x34, 0x2e, 0x78, 0x3b, 0x0a, 0x20, 0x20, 0x20, 0x20, 0x20, 0x20, 0x20, 0x20, 0x20, // 374.x;.         
	0x20, 0x20, 0x20, 0x5f, 0x36, 0x33, 0x33, 0x2e, 0x79, 0x20, 0x3d, 0x20, 0x5f, 0x33, 0x37, 0x34, //    _633.y = _374
	0x2e, 0x79, 0x3b, 0x0a, 0x20, 0x20, 0x20, 0x20, 0x20, 0x20, 0x20, 0x20, 0x20, 0x20, 0x20, 0x20, // .y;.            
	0x5f, 0x36, 0x33, 0x33, 0x2e, 0x7a, 0x20, 0x3d, 0x20, 0x5f, 0x33, 0x37, 0x34, 0x2e, 0x7a, 0x3b, // _633.z = _374.z;
	0x0a, 0x20, 0x20, 0x20, 0x20, 0x20, 0x20, 0x20, 0x20, 0x20, 0x20, 0x20, 0x20, 0x5f, 0x36, 0x38, // .            _68
	0x35, 0x20, 0x3d, 0x20, 0x5f, 0x36, 0x33, 0x33, 0x3b, 0x0a, 0x20, 0x20, 0x20, 0x20, 0x20, 0x20, // 5 = _633;.      
	0x20, 0x20, 0x7d, 0x0a, 0x20, 0x20, 0x20, 0x20, 0x20, 0x20, 0x20, 0x20, 0x65, 0x6c, 0x73, 0x65, //   }.        else
	0x0a, 0x20, 0x20, 0x20, 0x20, 0x20, 0x20, 0x20, 0x20, 0x7b, 0x0a, 0x20, 0x20, 0x20, 0x20, 0x20, // .        {.     
	0x20, 0x20, 0x20, 0x20, 0x20, 0x20, 0x20, 0x5f, 0x36, 0x38, 0x35, 0x20, 0x3d, 0x20, 0x5f, 0x36, //        _685 = _6
	0x38, 0x32, 0x3b, 0x0a, 0x20, 0x20, 0x20, 0x20, 0x20, 0x20, 0x20, 0x20, 0x7d, 0x0a, 0x20, 0x20, // 82;.        }.  
	0x20, 0x20, 0x20, 0x20, 0x20, 0x20, 0x69, 0x66, 0x20, 0x28, 0x61, 0x6c, 0x70, 0x68, 0x61, 0x54, //       if (alphaT
	0x65, 0x73, 0x74, 0x56, 0x61, 0x6c, 0x75, 0x65, 0x41, 0x42, 0x5f, 0x66, 0x69, 0x6c, 0x74, 0x65, // estValueAB_filte
	0x72, 0x4d, 0x6f, 0x64, 0x65, 0x5f, 0x61, 0x64, 0x64, 0x42, 0x6c, 0x65, 0x6e, 0x64, 0x2e, 0x77, // rMode_addBlend.w
	0x20, 0x3d, 0x3d, 0x20, 0x30, 0x2e, 0x30, 0x29, 0x0a, 0x20, 0x20, 0x20, 0x20, 0x20, 0x20, 0x20, //  == 0.0).       
	0x20, 0x7b, 0x0a, 0x20, 0x20, 0x20, 0x20, 0x20, 0x20, 0x20, 0x20, 0x20, 0x20, 0x20, 0x20, 0x62, //  {.            b
	0x67, 0x66, 0x78, 0x5f, 0x46, 0x72, 0x61, 0x67, 0x43, 0x6f, 0x6c, 0x6f, 0x72, 0x20, 0x3d, 0x20, // gfx_FragColor = 
	0x76, 0x65, 0x63, 0x34, 0x28, 0x5f, 0x36, 0x38, 0x35, 0x2e, 0x78, 0x79, 0x7a, 0x2c, 0x20, 0x63, // vec4(_685.xyz, c
	0x6c, 0x61, 0x6d, 0x70, 0x28, 0x5f, 0x36, 0x38, 0x35, 0x2e, 0x77, 0x2c, 0x20, 0x30, 0x2e, 0x30, // lamp(_685.w, 0.0
	0x2c, 0x20, 0x31, 0x2e, 0x30, 0x29, 0x29, 0x3b, 0x0a, 0x20, 0x20, 0x20, 0x20, 0x20, 0x20, 0x20, // , 1.0));.       
	0x20, 0x7d, 0x0a, 0x20, 0x20, 0x20, 0x20, 0x20, 0x20, 0x20, 0x20, 0x65, 0x6c, 0x73, 0x65, 0x0a, //  }.        else.
	0x20, 0x20, 0x20, 0x20, 0x20, 0x20, 0x20, 0x20, 0x7b, 0x0a, 0x20, 0x20, 0x20, 0x20, 0x20, 0x20, //         {.      
	0x20, 0x20, 0x20, 0x20, 0x20, 0x20, 0x69, 0x66, 0x20, 0x28, 0x61, 0x6d, 0x6f, 0x75, 0x6e, 0x74, //       if (amount
	0x5f, 0x62, 0x6c, 0x65, 0x6e, 0x64, 0x5f, 0x6d, 0x6f, 0x64, 0x75, 0x6c, 0x61, 0x74, 0x65, 0x5f, // _blend_modulate_
	0x76, 0x73, 0x5f, 0x61, 0x64, 0x64, 0x5f, 0x66, 0x6c, 0x61, 0x73, 0x68, 0x65, 0x72, 0x4d, 0x6f, // vs_add_flasherMo
	0x64, 0x65, 0x2e, 0x79, 0x20, 0x3e, 0x20, 0x30, 0x2e, 0x30, 0x29, 0x0a, 0x20, 0x20, 0x20, 0x20, // de.y > 0.0).    
	0x20, 0x20, 0x20, 0x20, 0x20, 0x20, 0x20, 0x20, 0x7b, 0x0a, 0x20, 0x20, 0x20, 0x20, 0x20, 0x20, //         {.      
	0x20, 0x20, 0x20, 0x20, 0x20, 0x20, 0x20, 0x20, 0x20, 0x20, 0x62, 0x67, 0x66, 0x78, 0x5f, 0x46, //           bgfx_F
	0x72, 0x61, 0x67, 0x43, 0x6f, 0x6c, 0x6f, 0x72, 0x20, 0x3d, 0x20, 0x76, 0x65, 0x63, 0x34, 0x28, // ragColor = vec4(
	0x5f, 0x36, 0x38, 0x35, 0x2e, 0x78, 0x79, 0x7a, 0x20, 0x2a, 0x20, 0x28, 0x28, 0x2d, 0x61, 0x6d, // _685.xyz * ((-am
	0x6f, 0x75, 0x6e, 0x74, 0x5f, 0x62, 0x6c, 0x65, 0x6e, 0x64, 0x5f, 0x6d, 0x6f, 0x64, 0x75, 0x6c, // ount_blend_modul
	0x61, 0x74, 0x65, 0x5f, 0x76, 0x73, 0x5f, 0x61, 0x64, 0x64, 0x5f, 0x66, 0x6c, 0x61, 0x73, 0x68, // ate_vs_add_flash
	0x65, 0x72, 0x4d, 0x6f, 0x64, 0x65, 0x2e, 0x79, 0x29, 0x20, 0x2a, 0x20, 0x5f, 0x36, 0x38, 0x35, // erMode.y) * _685
	0x2e, 0x77, 0x29, 0x2c, 0x20, 0x28, 0x31, 0x2e, 0x30, 0x20, 0x2f, 0x20, 0x61, 0x6d, 0x6f, 0x75, // .w), (1.0 / amou
	0x6e, 0x74, 0x5f, 0x62, 0x6c, 0x65, 0x6e, 0x64, 0x5f, 0x6d, 0x6f, 0x64, 0x75, 0x6c, 0x61, 0x74, // nt_blend_modulat
	0x65, 0x5f, 0x76, 0x73, 0x5f, 0x61, 0x64, 0x64, 0x5f, 0x66, 0x6c, 0x61, 0x73, 0x68, 0x65, 0x72, // e_vs_add_flasher
	0x4d, 0x6f, 0x64, 0x65, 0x2e, 0x79, 0x29, 0x20, 0x2d, 0x20, 0x31, 0x2e, 0x30, 0x29, 0x3b, 0x0a, // Mode.y) - 1.0);.
	0x20, 0x20, 0x20, 0x20, 0x20, 0x20, 0x20, 0x20, 0x20, 0x20, 0x20, 0x20, 0x7d, 0x0a, 0x20, 0x20, //             }.  
	0x20, 0x20, 0x20, 0x20, 0x20, 0x20, 0x20, 0x20, 0x20, 0x20, 0x65, 0x6c, 0x73, 0x65, 0x0a, 0x20, //           else. 
	0x20, 0x20, 0x20, 0x20, 0x20, 0x20, 0x20, 0x20, 0x20, 0x20, 0x20, 0x7b, 0x0a, 0x20, 0x20, 0x20, //            {.   
	0x20, 0x20, 0x20, 0x20, 0x20, 0x20, 0x20, 0x20, 0x20, 0x20, 0x20, 0x20, 0x20, 0x62, 0x67, 0x66, //              bgf
	0x78, 0x5f, 0x46, 0x72, 0x61, 0x67, 0x43, 0x6f, 0x6c, 0x6f, 0x72, 0x20, 0x3d, 0x20, 0x76, 0x65, // x_FragColor = ve
	0x63, 0x34, 0x28, 0x5f, 0x36, 0x38, 0x35, 0x2e, 0x78, 0x79, 0x7a, 0x20, 0x2a, 0x20, 0x5f, 0x36, // c4(_685.xyz * _6
	0x38, 0x35, 0x2e, 0x77, 0x2c, 0x20, 0x63, 0x6c, 0x61, 0x6d, 0x70, 0x28, 0x28, 0x2d, 0x61, 0x6d, // 85.w, clamp((-am
	0x6f, 0x75, 0x6e, 0x74, 0x5f, 0x62, 0x6c, 0x65, 0x6e, 0x64, 0x5f, 0x6d, 0x6f, 0x64, 0x75, 0x6c, // ount_blend_modul
	0x61, 0x74, 0x65, 0x5f, 0x76, 0x73, 0x5f, 0x61, 0x64, 0x64, 0x5f, 0x66, 0x6c, 0x61, 0x73, 0x68, // ate_vs_add_flash
	0x65, 0x72, 0x4d, 0x6f, 0x64, 0x65, 0x2e, 0x79, 0x29, 0x20, 0x2a, 0x20, 0x5f, 0x36, 0x38, 0x35, // erMode.y) * _685
	0x2e, 0x77, 0x2c, 0x20, 0x30, 0x2e, 0x30, 0x2c, 0x20, 0x31, 0x2e, 0x30, 0x29, 0x29, 0x3b, 0x0a, // .w, 0.0, 1.0));.
	0x20, 0x20, 0x20, 0x20, 0x20, 0x20, 0x20, 0x20, 0x20, 0x20, 0x20, 0x20, 0x7d, 0x0a, 0x20, 0x20, //             }.  
	0x20, 0x20, 0x20, 0x20, 0x20, 0x20, 0x7d, 0x0a, 0x20, 0x20, 0x20, 0x20, 0x20, 0x20, 0x20, 0x20, //       }.        
	0x62, 0x72, 0x65, 0x61, 0x6b, 0x3b, 0x0a, 0x20, 0x20, 0x20, 0x20, 0x7d, 0x20, 0x77, 0x68, 0x69, // break;.    } whi
	0x6c, 0x65, 0x28, 0x66, 0x61, 0x6c, 0x73, 0x65, 0x29, 0x3b, 0x0a, 0x7d, 0x0a, 0x0a, 0x00,       // le(false);.}...
};
static const uint8_t fs_flasher_clip_dxbc[3883] =
{
	0x46, 0x53, 0x48, 0x0c, 0x11, 0xe4, 0xa0, 0x91, 0x00, 0x00, 0x00, 0x00, 0x00, 0x00, 0x00, 0x00, // FSH.............
	0x00, 0x00, 0x00, 0x00, 0x07, 0x00, 0x05, 0x62, 0x61, 0x6c, 0x6c, 0x73, 0x12, 0x08, 0x00, 0x00, // .......balls....
	0x08, 0x00, 0x00, 0x00, 0x00, 0x00, 0x11, 0x73, 0x74, 0x61, 0x74, 0x69, 0x63, 0x43, 0x6f, 0x6c, // .......staticCol
	0x6f, 0x72, 0x5f, 0x41, 0x6c, 0x70, 0x68, 0x61, 0x12, 0x00, 0x80, 0x00, 0x01, 0x00, 0x00, 0x00, // or_Alpha........
	0x00, 0x00, 0x24, 0x61, 0x6c, 0x70, 0x68, 0x61, 0x54, 0x65, 0x73, 0x74, 0x56, 0x61, 0x6c, 0x75, // ..$alphaTestValu
	0x65, 0x41, 0x42, 0x5f, 0x66, 0x69, 0x6c, 0x74, 0x65, 0x72, 0x4d, 0x6f, 0x64, 0x65, 0x5f, 0x61, // eAB_filterMode_a
	0x64, 0x64, 0x42, 0x6c, 0x65, 0x6e, 0x64, 0x12, 0x00, 0x90, 0x00, 0x01, 0x00, 0x00, 0x00, 0x00, // ddBlend.........
	0x00, 0x28, 0x61, 0x6d, 0x6f, 0x75, 0x6e, 0x74, 0x5f, 0x62, 0x6c, 0x65, 0x6e, 0x64, 0x5f, 0x6d, // .(amount_blend_m
	0x6f, 0x64, 0x75, 0x6c, 0x61, 0x74, 0x65, 0x5f, 0x76, 0x73, 0x5f, 0x61, 0x64, 0x64, 0x5f, 0x66, // odulate_vs_add_f
	0x6c, 0x61, 0x73, 0x68, 0x65, 0x72, 0x4d, 0x6f, 0x64, 0x65, 0x12, 0x00, 0xa0, 0x00, 0x01, 0x00, // lasherMode......
	0x00, 0x00, 0x00, 0x00, 0x14, 0x6c, 0x69, 0x67, 0x68, 0x74, 0x43, 0x65, 0x6e, 0x74, 0x65, 0x72, // .....lightCenter
	0x5f, 0x64, 0x6f, 0x53, 0x68, 0x61, 0x64, 0x6f, 0x77, 0x12, 0x00, 0xb0, 0x00, 0x01, 0x00, 0x00, // _doShadow.......
	0x00, 0x00, 0x00, 0x0d, 0x74, 0x65, 0x78, 0x5f, 0x66, 0x6c, 0x61, 0x73, 0x68, 0x65, 0x72, 0x5f, // ....tex_flasher_
	0x41, 0x30, 0x01, 0x00, 0x00, 0x01, 0x00, 0x00, 0x02, 0x00, 0x00, 0x0d, 0x74, 0x65, 0x78, 0x5f, // A0..........tex_
	0x66, 0x6c, 0x61, 0x73, 0x68, 0x65, 0x72, 0x5f, 0x42, 0x30, 0x01, 0x01, 0x00, 0x01, 0x00, 0x00, // flasher_B0......
	0x02, 0x00, 0x00, 0x30, 0x0e, 0x00, 0x00, 0x44, 0x58, 0x42, 0x43, 0x3f, 0x78, 0x34, 0x08, 0xbf, // ...0...DXBC?x4..
	0x23, 0xff, 0x53, 0x73, 0xb8, 0x9b, 0x2e, 0x48, 0x74, 0xfe, 0xa4, 0x01, 0x00, 0x00, 0x00, 0x30, // #.Ss...Ht......0
	0x0e, 0x00, 0x00, 0x03, 0x00, 0x00, 0x00, 0x2c, 0x00, 0x00, 0x00, 0xb4, 0x00, 0x00, 0x00, 0xe8, // .......,........
	0x00, 0x00, 0x00, 0x49, 0x53, 0x47, 0x4e, 0x80, 0x00, 0x00, 0x00, 0x04, 0x00, 0x00, 0x00, 0x08, // ...ISGN.........
	0x00, 0x00, 0x00, 0x68, 0x00, 0x00, 0x00, 0x00, 0x00, 0x00, 0x00, 0x01, 0x00, 0x00, 0x00, 0x03, // ...h............
	0x00, 0x00, 0x00, 0x00, 0x00, 0x00, 0x00, 0x0f, 0x00, 0x00, 0x00, 0x74, 0x00, 0x00, 0x00, 0x03, // ...........t....
	0x00, 0x00, 0x00, 0x00, 0x00, 0x00, 0x00, 0x03, 0x00, 0x00, 0x00, 0x01, 0x00, 0x00, 0x00, 0x01, // ................
	0x01, 0x00, 0x00, 0x74, 0x00, 0x00, 0x00, 0x01, 0x00, 0x00, 0x00, 0x00, 0x00, 0x00, 0x00, 0x03, // ...t............
	0x00, 0x00, 0x00, 0x01, 0x00, 0x00, 0x00, 0x0e, 0x0e, 0x00, 0x00, 0x74, 0x00, 0x00, 0x00, 0x00, // ...........t....
	0x00, 0x00, 0x00, 0x00, 0x00, 0x00, 0x00, 0x03, 0x00, 0x00, 0x00, 0x02, 0x00, 0x00, 0x00, 0x03, // ................
	0x03, 0x00, 0x00, 0x53, 0x56, 0x5f, 0x50, 0x4f, 0x53, 0x49, 0x54, 0x49, 0x4f, 0x4e, 0x00, 0x54, // ...SV_POSITION.T
	0x45, 0x58, 0x43, 0x4f, 0x4f, 0x52, 0x44, 0x00, 0xab, 0xab, 0xab, 0x4f, 0x53, 0x47, 0x4e, 0x2c, // EXCOORD....OSGN,
	0x00, 0x00, 0x00, 0x01, 0x00, 0x00, 0x00, 0x08, 0x00, 0x00, 0x00, 0x20, 0x00, 0x00, 0x00, 0x00, // ........... ....
	0x00, 0x00, 0x00, 0x00, 0x00, 0x00, 0x00, 0x03, 0x00, 0x00, 0x00, 0x00, 0x00, 0x00, 0x00, 0x0f, // ................
	0x00, 0x00, 0x00, 0x53, 0x56, 0x5f, 0x54, 0x41, 0x52, 0x47, 0x45, 0x54, 0x00, 0xab, 0xab, 0x53, // ...SV_TARGET...S
	0x48, 0x45, 0x58, 0x40, 0x0d, 0x00, 0x00, 0x50, 0x00, 0x00, 0x00, 0x50, 0x03, 0x00, 0x00, 0x6a, // HEX@...P...P...j
	0x28, 0x00, 0x01, 0x59, 0x08, 0x00, 0x04, 0x46, 0x8e, 0x20, 0x00, 0x00, 0x00, 0x00, 0x00, 0x0c, // (..Y...F. ......
	0x00, 0x00, 0x00, 0x5a, 0x00, 0x00, 0x03, 0x00, 0x60, 0x10, 0x00, 0x00, 0x00, 0x00, 0x00, 0x5a, // ...Z....`......Z
	0x00, 0x00, 0x03, 0x00, 0x60, 0x10, 0x00, 0x01, 0x00, 0x00, 0x00, 0x58, 0x18, 0x00, 0x04, 0x00, // ....`......X....
	0x70, 0x10, 0x00, 0x00, 0x00, 0x00, 0x00, 0x55, 0x55, 0x00, 0x00, 0x58, 0x18, 0x00, 0x04, 0x00, // p......UU..X....
	0x70, 0x10, 0x00, 0x01, 0x00, 0x00, 0x00, 0x55, 0x55, 0x00, 0x00, 0x62, 0x10, 0x00, 0x03, 0x12, // p......UU..b....
	0x10, 0x10, 0x00, 0x01, 0x00, 0x00, 0x00, 0x62, 0x10, 0x00, 0x03, 0xe2, 0x10, 0x10, 0x00, 0x01, // .......b........
	0x00, 0x00, 0x00, 0x62, 0x10, 0x00, 0x03, 0x32, 0x10, 0x10, 0x00, 0x02, 0x00, 0x00, 0x00, 0x65, // ...b...2.......e
	0x00, 0x00, 0x03, 0xf2, 0x20, 0x10, 0x00, 0x00, 0x00, 0x00, 0x00, 0x68, 0x00, 0x00, 0x02, 0x09, // .... ......h....
	0x00, 0x00, 0x00, 0x31, 0x00, 0x00, 0x07, 0x12, 0x00, 0x10, 0x00, 0x00, 0x00, 0x00, 0x00, 0x0a, // ...1............
	0x10, 0x10, 0x00, 0x01, 0x00, 0x00, 0x00, 0x01, 0x40, 0x00, 0x00, 0x00, 0x00, 0x00, 0x00, 0x0d, // ........@.......
	0x00, 0x04, 0x03, 0x0a, 0x00, 0x10, 0x00, 0x00, 0x00, 0x00, 0x00, 0x31, 0x00, 0x00, 0x08, 0x12, // ...........1....
	0x00, 0x10, 0x00, 0x00, 0x00, 0x00, 0x00, 0x2a, 0x80, 0x20, 0x00, 0x00, 0x00, 0x00, 0x00, 0x0a, // .......*. ......
	0x00, 0x00, 0x00, 0x01, 0x40, 0x00, 0x00, 0x00, 0x00, 0x00, 0x40, 0x1f, 0x00, 0x04, 0x03, 0x0a, // ....@.....@.....
	0x00, 0x10, 0x00, 0x00, 0x00, 0x00, 0x00, 0x45, 0x00, 0x00, 0x8b, 0xc2, 0x00, 0x00, 0x80, 0x43, // .......E.......C
	0x55, 0x15, 0x00, 0xf2, 0x00, 0x10, 0x00, 0x00, 0x00, 0x00, 0x00, 0x46, 0x10, 0x10, 0x00, 0x02, // U..........F....
	0x00, 0x00, 0x00, 0x46, 0x7e, 0x10, 0x00, 0x00, 0x00, 0x00, 0x00, 0x00, 0x60, 0x10, 0x00, 0x00, // ...F~.......`...
	0x00, 0x00, 0x00, 0x1d, 0x00, 0x00, 0x08, 0x12, 0x00, 0x10, 0x00, 0x01, 0x00, 0x00, 0x00, 0x0a, // ................
	0x80, 0x20, 0x00, 0x00, 0x00, 0x00, 0x00, 0x09, 0x00, 0x00, 0x00, 0x3a, 0x00, 0x10, 0x00, 0x00, // . .........:....
	0x00, 0x00, 0x00, 0x1f, 0x00, 0x04, 0x03, 0x0a, 0x00, 0x10, 0x00, 0x01, 0x00, 0x00, 0x00, 0x36, // ...............6
	0x00, 0x00, 0x08, 0xf2, 0x20, 0x10, 0x00, 0x00, 0x00, 0x00, 0x00, 0x02, 0x40, 0x00, 0x00, 0x00, // .... .......@...
	0x00, 0x00, 0x00, 0x00, 0x00, 0x00, 0x00, 0x00, 0x00, 0x00, 0x00, 0x00, 0x00, 0x00, 0x00, 0x3e, // ...............>
	0x00, 0x00, 0x01, 0x15, 0x00, 0x00, 0x01, 0x15, 0x00, 0x00, 0x01, 0x18, 0x00, 0x00, 0x08, 0x12, // ................
	0x00, 0x10, 0x00, 0x01, 0x00, 0x00, 0x00, 0x2a, 0x80, 0x20, 0x00, 0x00, 0x00, 0x00, 0x00, 0x0a, // .......*. ......
	0x00, 0x00, 0x00, 0x01, 0x40, 0x00, 0x00, 0x00, 0x00, 0x80, 0x3f, 0x1f, 0x00, 0x04, 0x03, 0x0a, // ....@.....?.....
	0x00, 0x10, 0x00, 0x01, 0x00, 0x00, 0x00, 0x45, 0x00, 0x00, 0x8b, 0xc2, 0x00, 0x00, 0x80, 0x43, // .......E.......C
	0x55, 0x15, 0x00, 0xf2, 0x00, 0x10, 0x00, 0x02, 0x00, 0x00, 0x00, 0x46, 0x10, 0x10, 0x00, 0x02, // U..........F....
	0x00, 0x00, 0x00, 0x46, 0x7e, 0x10, 0x00, 0x01, 0x00, 0x00, 0x00, 0x00, 0x60, 0x10, 0x00, 0x01, // ...F~.......`...
	0x00, 0x00, 0x00, 0x1d, 0x00, 0x00, 0x08, 0x22, 0x00, 0x10, 0x00, 0x01, 0x00, 0x00, 0x00, 0x1a, // ......."........
	0x80, 0x20, 0x00, 0x00, 0x00, 0x00, 0x00, 0x09, 0x00, 0x00, 0x00, 0x3a, 0x00, 0x10, 0x00, 0x02, // . .........:....
	0x00, 0x00, 0x00, 0x1f, 0x00, 0x04, 0x03, 0x1a, 0x00, 0x10, 0x00, 0x01, 0x00, 0x00, 0x00, 0x36, // ...............6
	0x00, 0x00, 0x08, 0xf2, 0x20, 0x10, 0x00, 0x00, 0x00, 0x00, 0x00, 0x02, 0x40, 0x00, 0x00, 0x00, // .... .......@...
	0x00, 0x00, 0x00, 0x00, 0x00, 0x00, 0x00, 0x00, 0x00, 0x00, 0x00, 0x00, 0x00, 0x00, 0x00, 0x3e, // ...............>
	0x00, 0x00, 0x01, 0x15, 0x00, 0x00, 0x01, 0x15, 0x00, 0x00, 0x01, 0x18, 0x00, 0x00, 0x08, 0x22, // ..............."
	0x00, 0x10, 0x00, 0x01, 0x00, 0x00, 0x00, 0x2a, 0x80, 0x20, 0x00, 0x00, 0x00, 0x00, 0x00, 0x0a, // .......*. ......
	0x00, 0x00, 0x00, 0x01, 0x40, 0x00, 0x00, 0x00, 0x00, 0x00, 0x00, 0x38, 0x00, 0x00, 0x08, 0xf2, // ....@......8....
	0x00, 0x10, 0x00, 0x03, 0x00, 0x00, 0x00, 0x46, 0x0e, 0x10, 0x00, 0x00, 0x00, 0x00, 0x00, 0x46, // .......F.......F
	0x8e, 0x20, 0x00, 0x00, 0x00, 0x00, 0x00, 0x08, 0x00, 0x00, 0x00, 0x37, 0x00, 0x00, 0x0a, 0xf2, // . .........7....
	0x00, 0x10, 0x00, 0x03, 0x00, 0x00, 0x00, 0x56, 0x05, 0x10, 0x00, 0x01, 0x00, 0x00, 0x00, 0x46, // .......V.......F
	0x0e, 0x10, 0x00, 0x03, 0x00, 0x00, 0x00, 0x46, 0x8e, 0x20, 0x00, 0x00, 0x00, 0x00, 0x00, 0x08, // .......F. ......
	0x00, 0x00, 0x00, 0x1f, 0x00, 0x04, 0x03, 0x0a, 0x00, 0x10, 0x00, 0x01, 0x00, 0x00, 0x00, 0x18, // ................
	0x00, 0x00, 0x0b, 0xf2, 0x00, 0x10, 0x00, 0x01, 0x00, 0x00, 0x00, 0xa6, 0x8a, 0x20, 0x00, 0x00, // ............. ..
	0x00, 0x00, 0x00, 0x09, 0x00, 0x00, 0x00, 0x02, 0x40, 0x00, 0x00, 0x00, 0x00, 0x00, 0x40, 0x00, // ........@.....@.
	0x00, 0x40, 0x40, 0x00, 0x00, 0x80, 0x3f, 0x00, 0x00, 0x80, 0x40, 0x1f, 0x00, 0x04, 0x03, 0x0a, // .@@...?...@.....
	0x00, 0x10, 0x00, 0x01, 0x00, 0x00, 0x00, 0x1d, 0x00, 0x00, 0x0a, 0xf2, 0x00, 0x10, 0x00, 0x04, // ................
	0x00, 0x00, 0x00, 0x46, 0x0e, 0x10, 0x00, 0x00, 0x00, 0x00, 0x00, 0x02, 0x40, 0x00, 0x00, 0x00, // ...F........@...
	0x00, 0x00, 0x3f, 0x00, 0x00, 0x00, 0x3f, 0x00, 0x00, 0x00, 0x3f, 0x00, 0x00, 0x00, 0x3f, 0x01, // ..?...?...?...?.
	0x00, 0x00, 0x0a, 0xf2, 0x00, 0x10, 0x00, 0x04, 0x00, 0x00, 0x00, 0x46, 0x0e, 0x10, 0x00, 0x04, // ...........F....
	0x00, 0x00, 0x00, 0x02, 0x40, 0x00, 0x00, 0x00, 0x00, 0x80, 0x3f, 0x00, 0x00, 0x80, 0x3f, 0x00, // ....@.....?...?.
	0x00, 0x80, 0x3f, 0x00, 0x00, 0x80, 0x3f, 0x38, 0x00, 0x00, 0x07, 0xf2, 0x00, 0x10, 0x00, 0x05, // ..?...?8........
	0x00, 0x00, 0x00, 0x46, 0x0e, 0x10, 0x00, 0x00, 0x00, 0x00, 0x00, 0x46, 0x0e, 0x10, 0x00, 0x02, // ...F.......F....
	0x00, 0x00, 0x00, 0x00, 0x00, 0x00, 0x07, 0xf2, 0x00, 0x10, 0x00, 0x06, 0x00, 0x00, 0x00, 0x46, // ...............F
	0x0e, 0x10, 0x00, 0x05, 0x00, 0x00, 0x00, 0x46, 0x0e, 0x10, 0x00, 0x05, 0x00, 0x00, 0x00, 0x00, // .......F........
	0x00, 0x00, 0x0b, 0xf2, 0x00, 0x10, 0x00, 0x07, 0x00, 0x00, 0x00, 0x46, 0x0e, 0x10, 0x80, 0x41, // ...........F...A
	0x00, 0x00, 0x00, 0x00, 0x00, 0x00, 0x00, 0x02, 0x40, 0x00, 0x00, 0x00, 0x00, 0x80, 0x3f, 0x00, // ........@.....?.
	0x00, 0x80, 0x3f, 0x00, 0x00, 0x80, 0x3f, 0x00, 0x00, 0x80, 0x3f, 0x00, 0x00, 0x00, 0x07, 0xf2, // ..?...?...?.....
	0x00, 0x10, 0x00, 0x07, 0x00, 0x00, 0x00, 0x46, 0x0e, 0x10, 0x00, 0x07, 0x00, 0x00, 0x00, 0x46, // .......F.......F
	0x0e, 0x10, 0x00, 0x07, 0x00, 0x00, 0x00, 0x00, 0x00, 0x00, 0x0b, 0xf2, 0x00, 0x10, 0x00, 0x08, // ................
	0x00, 0x00, 0x00, 0x46, 0x0e, 0x10, 0x80, 0x41, 0x00, 0x00, 0x00, 0x02, 0x00, 0x00, 0x00, 0x02, // ...F...A........
	0x40, 0x00, 0x00, 0x00, 0x00, 0x80, 0x3f, 0x00, 0x00, 0x80, 0x3f, 0x00, 0x00, 0x80, 0x3f, 0x00, // @.....?...?...?.
	0x00, 0x80, 0x3f, 0x32, 0x00, 0x00, 0x0d, 0xf2, 0x00, 0x10, 0x00, 0x07, 0x00, 0x00, 0x00, 0x46, // ..?2...........F
	0x0e, 0x10, 0x80, 0x41, 0x00, 0x00, 0x00, 0x07, 0x00, 0x00, 0x00, 0x46, 0x0e, 0x10, 0x00, 0x08, // ...A.......F....
	0x00, 0x00, 0x00, 0x02, 0x40, 0x00, 0x00, 0x00, 0x00, 0x80, 0x3f, 0x00, 0x00, 0x80, 0x3f, 0x00, // ....@.....?...?.
	0x00, 0x80, 0x3f, 0x00, 0x00, 0x80, 0x3f, 0x32, 0x00, 0x00, 0x0d, 0xf2, 0x00, 0x10, 0x00, 0x05, // ..?...?2........
	0x00, 0x00, 0x00, 0x46, 0x0e, 0x10, 0x80, 0x41, 0x00, 0x00, 0x00, 0x05, 0x00, 0x00, 0x00, 0x02, // ...F...A........
	0x40, 0x00, 0x00, 0x00, 0x00, 0x00, 0x40, 0x00, 0x00, 0x00, 0x40, 0x00, 0x00, 0x00, 0x40, 0x00, // @.....@...@...@.
	0x00, 0x00, 0x40, 0x46, 0x0e, 0x10, 0x00, 0x07, 0x00, 0x00, 0x00, 0x32, 0x00, 0x00, 0x09, 0xf2, // ..@F.......2....
	0x00, 0x10, 0x00, 0x04, 0x00, 0x00, 0x00, 0x46, 0x0e, 0x10, 0x00, 0x04, 0x00, 0x00, 0x00, 0x46, // .......F.......F
	0x0e, 0x10, 0x00, 0x05, 0x00, 0x00, 0x00, 0x46, 0x0e, 0x10, 0x00, 0x06, 0x00, 0x00, 0x00, 0x34, // .......F.......4
	0x00, 0x00, 0x0a, 0xf2, 0x00, 0x10, 0x00, 0x04, 0x00, 0x00, 0x00, 0x46, 0x0e, 0x10, 0x00, 0x04, // ...........F....
	0x00, 0x00, 0x00, 0x02, 0x40, 0x00, 0x00, 0x00, 0x00, 0x00, 0x00, 0x00, 0x00, 0x00, 0x00, 0x00, // ....@...........
	0x00, 0x00, 0x00, 0x00, 0x00, 0x00, 0x00, 0x38, 0x00, 0x00, 0x07, 0xf2, 0x00, 0x10, 0x00, 0x03, // .......8........
	0x00, 0x00, 0x00, 0x46, 0x0e, 0x10, 0x00, 0x03, 0x00, 0x00, 0x00, 0x46, 0x0e, 0x10, 0x00, 0x04, // ...F.......F....
	0x00, 0x00, 0x00, 0x15, 0x00, 0x00, 0x01, 0x38, 0x00, 0x00, 0x07, 0xf2, 0x00, 0x10, 0x00, 0x04, // .......8........
	0x00, 0x00, 0x00, 0x46, 0x0e, 0x10, 0x00, 0x00, 0x00, 0x00, 0x00, 0x46, 0x0e, 0x10, 0x00, 0x02, // ...F.......F....
	0x00, 0x00, 0x00, 0x38, 0x00, 0x00, 0x08, 0xf2, 0x00, 0x10, 0x00, 0x04, 0x00, 0x00, 0x00, 0x46, // ...8...........F
	0x0e, 0x10, 0x00, 0x04, 0x00, 0x00, 0x00, 0x06, 0x80, 0x20, 0x00, 0x00, 0x00, 0x00, 0x00, 0x0a, // ......... ......
	0x00, 0x00, 0x00, 0x38, 0x00, 0x00, 0x07, 0xf2, 0x00, 0x10, 0x00, 0x04, 0x00, 0x00, 0x00, 0x46, // ...8...........F
	0x0e, 0x10, 0x00, 0x03, 0x00, 0x00, 0x00, 0x46, 0x0e, 0x10, 0x00, 0x04, 0x00, 0x00, 0x00, 0x37, // .......F.......7
	0x00, 0x00, 0x09, 0xf2, 0x00, 0x10, 0x00, 0x04, 0x00, 0x00, 0x00, 0x56, 0x05, 0x10, 0x00, 0x01, // ...........V....
	0x00, 0x00, 0x00, 0x46, 0x0e, 0x10, 0x00, 0x04, 0x00, 0x00, 0x00, 0x46, 0x0e, 0x10, 0x00, 0x03, // ...F.......F....
	0x00, 0x00, 0x00, 0x32, 0x00, 0x00, 0x0a, 0xf2, 0x00, 0x10, 0x00, 0x05, 0x00, 0x00, 0x00, 0x46, // ...2...........F
	0x0e, 0x10, 0x00, 0x02, 0x00, 0x00, 0x00, 0x06, 0x80, 0x20, 0x00, 0x00, 0x00, 0x00, 0x00, 0x0a, // ......... ......
	0x00, 0x00, 0x00, 0x46, 0x0e, 0x10, 0x00, 0x00, 0x00, 0x00, 0x00, 0x38, 0x00, 0x00, 0x07, 0xf2, // ...F.......8....
	0x00, 0x10, 0x00, 0x05, 0x00, 0x00, 0x00, 0x46, 0x0e, 0x10, 0x00, 0x04, 0x00, 0x00, 0x00, 0x46, // .......F.......F
	0x0e, 0x10, 0x00, 0x05, 0x00, 0x00, 0x00, 0x37, 0x00, 0x00, 0x09, 0xf2, 0x00, 0x10, 0x00, 0x04, // .......7........
	0x00, 0x00, 0x00, 0xa6, 0x0a, 0x10, 0x00, 0x01, 0x00, 0x00, 0x00, 0x46, 0x0e, 0x10, 0x00, 0x05, // ...........F....
	0x00, 0x00, 0x00, 0x46, 0x0e, 0x10, 0x00, 0x04, 0x00, 0x00, 0x00, 0x00, 0x00, 0x00, 0x0b, 0xf2, // ...F............
	0x00, 0x10, 0x00, 0x00, 0x00, 0x00, 0x00, 0x46, 0x0e, 0x10, 0x80, 0x41, 0x00, 0x00, 0x00, 0x00, // .......F...A....
	0x00, 0x00, 0x00, 0x02, 0x40, 0x00, 0x00, 0x00, 0x00, 0x80, 0x3f, 0x00, 0x00, 0x80, 0x3f, 0x00, // ....@.....?...?.
	0x00, 0x80, 0x3f, 0x00, 0x00, 0x80, 0x3f, 0x00, 0x00, 0x00, 0x0b, 0xf2, 0x00, 0x10, 0x00, 0x02, // ..?...?.........
	0x00, 0x00, 0x00, 0x46, 0x0e, 0x10, 0x80, 0x41, 0x00, 0x00, 0x00, 0x02, 0x00, 0x00, 0x00, 0x02, // ...F...A........
	0x40, 0x00, 0x00, 0x00, 0x00, 0x80, 0x3f, 0x00, 0x00, 0x80, 0x3f, 0x00, 0x00, 0x80, 0x3f, 0x00, // @.....?...?...?.
	0x00, 0x80, 0x3f, 0x32, 0x00, 0x00, 0x0d, 0xf2, 0x00, 0x10, 0x00, 0x00, 0x00, 0x00, 0x00, 0x46, // ..?2...........F
	0x0e, 0x10, 0x80, 0x41, 0x00, 0x00, 0x00, 0x00, 0x00, 0x00, 0x00, 0x46, 0x0e, 0x10, 0x00, 0x02, // ...A.......F....
	0x00, 0x00, 0x00, 0x02, 0x40, 0x00, 0x00, 0x00, 0x00, 0x80, 0x3f, 0x00, 0x00, 0x80, 0x3f, 0x00, // ....@.....?...?.
	0x00, 0x80, 0x3f, 0x00, 0x00, 0x80, 0x3f, 0x34, 0x00, 0x00, 0x0a, 0xf2, 0x00, 0x10, 0x00, 0x00, // ..?...?4........
	0x00, 0x00, 0x00, 0x46, 0x0e, 0x10, 0x00, 0x00, 0x00, 0x00, 0x00, 0x02, 0x40, 0x00, 0x00, 0x00, // ...F........@...
	0x00, 0x00, 0x00, 0x00, 0x00, 0x00, 0x00, 0x00, 0x00, 0x00, 0x00, 0x00, 0x00, 0x00, 0x00, 0x38, // ...............8
	0x00, 0x00, 0x07, 0xf2, 0x00, 0x10, 0x00, 0x00, 0x00, 0x00, 0x00, 0x46, 0x0e, 0x10, 0x00, 0x00, // ...........F....
	0x00, 0x00, 0x00, 0x46, 0x0e, 0x10, 0x00, 0x04, 0x00, 0x00, 0x00, 0x37, 0x00, 0x00, 0x09, 0xf2, // ...F.......7....
	0x00, 0x10, 0x00, 0x03, 0x00, 0x00, 0x00, 0xf6, 0x0f, 0x10, 0x00, 0x01, 0x00, 0x00, 0x00, 0x46, // ...............F
	0x0e, 0x10, 0x00, 0x00, 0x00, 0x00, 0x00, 0x46, 0x0e, 0x10, 0x00, 0x04, 0x00, 0x00, 0x00, 0x36, // .......F.......6
	0x00, 0x00, 0x05, 0x72, 0x00, 0x10, 0x00, 0x00, 0x00, 0x00, 0x00, 0x46, 0x02, 0x10, 0x00, 0x03, // ...r.......F....
	0x00, 0x00, 0x00, 0x12, 0x00, 0x00, 0x01, 0x36, 0x00, 0x00, 0x05, 0x72, 0x00, 0x10, 0x00, 0x00, // .......6...r....
	0x00, 0x00, 0x00, 0x46, 0x02, 0x10, 0x00, 0x03, 0x00, 0x00, 0x00, 0x15, 0x00, 0x00, 0x01, 0x39, // ...F...........9
	0x00, 0x00, 0x08, 0x12, 0x00, 0x10, 0x00, 0x01, 0x00, 0x00, 0x00, 0x3a, 0x80, 0x20, 0x00, 0x00, // ...........:. ..
	0x00, 0x00, 0x00, 0x0b, 0x00, 0x00, 0x00, 0x01, 0x40, 0x00, 0x00, 0x00, 0x00, 0x00, 0x00, 0x1f, // ........@.......
	0x00, 0x04, 0x03, 0x0a, 0x00, 0x10, 0x00, 0x01, 0x00, 0x00, 0x00, 0x00, 0x00, 0x00, 0x09, 0x72, // ...............r
	0x00, 0x10, 0x00, 0x01, 0x00, 0x00, 0x00, 0x96, 0x17, 0x10, 0x00, 0x01, 0x00, 0x00, 0x00, 0x46, // ...............F
	0x82, 0x20, 0x80, 0x41, 0x00, 0x00, 0x00, 0x00, 0x00, 0x00, 0x00, 0x0b, 0x00, 0x00, 0x00, 0x10, // . .A............
	0x00, 0x00, 0x07, 0x82, 0x00, 0x10, 0x00, 0x01, 0x00, 0x00, 0x00, 0x46, 0x02, 0x10, 0x00, 0x01, // ...........F....
	0x00, 0x00, 0x00, 0x46, 0x02, 0x10, 0x00, 0x01, 0x00, 0x00, 0x00, 0x36, 0x00, 0x00, 0x05, 0x42, // ...F.......6...B
	0x00, 0x10, 0x00, 0x02, 0x00, 0x00, 0x00, 0x01, 0x40, 0x00, 0x00, 0x00, 0x00, 0x00, 0x00, 0x36, // ........@......6
	0x00, 0x00, 0x08, 0x72, 0x00, 0x10, 0x00, 0x03, 0x00, 0x00, 0x00, 0x02, 0x40, 0x00, 0x00, 0x00, // ...r........@...
	0x00, 0x00, 0x00, 0x00, 0x00, 0x80, 0x3f, 0x00, 0x00, 0x00, 0x00, 0x00, 0x00, 0x00, 0x00, 0x36, // ......?........6
	0x00, 0x00, 0x05, 0x82, 0x00, 0x10, 0x00, 0x02, 0x00, 0x00, 0x00, 0x01, 0x40, 0x00, 0x00, 0x00, // ............@...
	0x00, 0x00, 0x00, 0x30, 0x00, 0x00, 0x01, 0x21, 0x00, 0x00, 0x07, 0x12, 0x00, 0x10, 0x00, 0x04, // ...0...!........
	0x00, 0x00, 0x00, 0x2a, 0x00, 0x10, 0x00, 0x03, 0x00, 0x00, 0x00, 0x01, 0x40, 0x00, 0x00, 0x08, // ...*........@...
	0x00, 0x00, 0x00, 0x36, 0x00, 0x00, 0x05, 0x82, 0x00, 0x10, 0x00, 0x02, 0x00, 0x00, 0x00, 0x01, // ...6............
	0x40, 0x00, 0x00, 0x00, 0x00, 0x00, 0x00, 0x03, 0x00, 0x04, 0x03, 0x0a, 0x00, 0x10, 0x00, 0x04, // @...............
	0x00, 0x00, 0x00, 0x18, 0x00, 0x00, 0x09, 0x12, 0x00, 0x10, 0x00, 0x04, 0x00, 0x00, 0x00, 0x01, // ................
	0x40, 0x00, 0x00, 0x00, 0x00, 0x00, 0x00, 0x3a, 0x80, 0x20, 0x04, 0x00, 0x00, 0x00, 0x00, 0x2a, // @......:. .....*
	0x00, 0x10, 0x00, 0x03, 0x00, 0x00, 0x00, 0x1f, 0x00, 0x04, 0x03, 0x0a, 0x00, 0x10, 0x00, 0x04, // ................
	0x00, 0x00, 0x00, 0x36, 0x00, 0x00, 0x05, 0x32, 0x00, 0x10, 0x00, 0x03, 0x00, 0x00, 0x00, 0x56, // ...6...2.......V
	0x05, 0x10, 0x00, 0x03, 0x00, 0x00, 0x00, 0x36, 0x00, 0x00, 0x05, 0x82, 0x00, 0x10, 0x00, 0x02, // .......6........
	0x00, 0x00, 0x00, 0x01, 0x40, 0x00, 0x00, 0xff, 0xff, 0xff, 0xff, 0x02, 0x00, 0x00, 0x01, 0x15, // ....@...........
	0x00, 0x00, 0x01, 0x00, 0x00, 0x00, 0x0b, 0xe2, 0x00, 0x10, 0x00, 0x04, 0x00, 0x00, 0x00, 0x06, // ................
	0x89, 0x20, 0x80, 0x41, 0x00, 0x00, 0x00, 0x00, 0x00, 0x00, 0x00, 0x0b, 0x00, 0x00, 0x00, 0x06, // . .A............
	0x89, 0x20, 0x04, 0x00, 0x00, 0x00, 0x00, 0x2a, 0x00, 0x10, 0x00, 0x03, 0x00, 0x00, 0x00, 0x10, // . .....*........
	0x00, 0x00, 0x07, 0x12, 0x00, 0x10, 0x00, 0x05, 0x00, 0x00, 0x00, 0x96, 0x07, 0x10, 0x00, 0x04, // ................
	0x00, 0x00, 0x00, 0x46, 0x02, 0x10, 0x00, 0x01, 0x00, 0x00, 0x00, 0x0e, 0x00, 0x00, 0x07, 0x12, // ...F............
	0x00, 0x10, 0x00, 0x05, 0x00, 0x00, 0x00, 0x0a, 0x00, 0x10, 0x00, 0x05, 0x00, 0x00, 0x00, 0x3a, // ...............:
	0x00, 0x10, 0x00, 0x01, 0x00, 0x00, 0x00, 0x31, 0x00, 0x00, 0x07, 0x22, 0x00, 0x10, 0x00, 0x05, // .......1..."....
	0x00, 0x00, 0x00, 0x01, 0x40, 0x00, 0x00, 0x00, 0x00, 0x00, 0x00, 0x0a, 0x00, 0x10, 0x00, 0x05, // ....@...........
	0x00, 0x00, 0x00, 0x31, 0x00, 0x00, 0x07, 0x42, 0x00, 0x10, 0x00, 0x05, 0x00, 0x00, 0x00, 0x0a, // ...1...B........
	0x00, 0x10, 0x00, 0x05, 0x00, 0x00, 0x00, 0x01, 0x40, 0x00, 0x00, 0x00, 0x00, 0x80, 0x3f, 0x01, // ........@.....?.
	0x00, 0x00, 0x07, 0x22, 0x00, 0x10, 0x00, 0x05, 0x00, 0x00, 0x00, 0x2a, 0x00, 0x10, 0x00, 0x05, // ...".......*....
	0x00, 0x00, 0x00, 0x1a, 0x00, 0x10, 0x00, 0x05, 0x00, 0x00, 0x00, 0x1f, 0x00, 0x04, 0x03, 0x1a, // ................
	0x00, 0x10, 0x00, 0x05, 0x00, 0x00, 0x00, 0x32, 0x00, 0x00, 0x0a, 0xe2, 0x00, 0x10, 0x00, 0x05, // .......2........
	0x00, 0x00, 0x00, 0x06, 0x00, 0x10, 0x80, 0x41, 0x00, 0x00, 0x00, 0x05, 0x00, 0x00, 0x00, 0x06, // .......A........
	0x09, 0x10, 0x00, 0x01, 0x00, 0x00, 0x00, 0x56, 0x0e, 0x10, 0x00, 0x04, 0x00, 0x00, 0x00, 0x10, // .......V........
	0x00, 0x00, 0x07, 0x82, 0x00, 0x10, 0x00, 0x04, 0x00, 0x00, 0x00, 0x96, 0x07, 0x10, 0x00, 0x05, // ................
	0x00, 0x00, 0x00, 0x96, 0x07, 0x10, 0x00, 0x05, 0x00, 0x00, 0x00, 0x4b, 0x00, 0x00, 0x05, 0x82, // ...........K....
	0x00, 0x10, 0x00, 0x04, 0x00, 0x00, 0x00, 0x3a, 0x00, 0x10, 0x00, 0x04, 0x00, 0x00, 0x00, 0x32, // .......:.......2
	0x00, 0x00, 0x0a, 0x12, 0x00, 0x10, 0x00, 0x05, 0x00, 0x00, 0x00, 0x0a, 0x00, 0x10, 0x80, 0x41, // ...............A
	0x00, 0x00, 0x00, 0x05, 0x00, 0x00, 0x00, 0x01, 0x40, 0x00, 0x00, 0x00, 0x00, 0xa0, 0x40, 0x01, // ........@.....@.
	0x40, 0x00, 0x00, 0x00, 0x00, 0xa0, 0x40, 0x0f, 0x00, 0x00, 0x07, 0x22, 0x00, 0x10, 0x00, 0x04, // @.....@...."....
	0x00, 0x00, 0x00, 0x96, 0x05, 0x10, 0x00, 0x04, 0x00, 0x00, 0x00, 0x96, 0x05, 0x10, 0x00, 0x04, // ................
	0x00, 0x00, 0x00, 0x38, 0x00, 0x00, 0x0b, 0x42, 0x00, 0x10, 0x00, 0x04, 0x00, 0x00, 0x00, 0x3a, // ...8...B.......:
	0x80, 0x20, 0x04, 0x00, 0x00, 0x00, 0x00, 0x2a, 0x00, 0x10, 0x00, 0x03, 0x00, 0x00, 0x00, 0x3a, // . .....*.......:
	0x80, 0x20, 0x04, 0x00, 0x00, 0x00, 0x00, 0x2a, 0x00, 0x10, 0x00, 0x03, 0x00, 0x00, 0x00, 0x0e, // . .....*........
	0x00, 0x00, 0x07, 0x22, 0x00, 0x10, 0x00, 0x04, 0x00, 0x00, 0x00, 0x1a, 0x00, 0x10, 0x00, 0x04, // ..."............
	0x00, 0x00, 0x00, 0x2a, 0x00, 0x10, 0x00, 0x04, 0x00, 0x00, 0x00, 0x33, 0x00, 0x00, 0x07, 0x22, // ...*.......3..."
	0x00, 0x10, 0x00, 0x04, 0x00, 0x00, 0x00, 0x1a, 0x00, 0x10, 0x00, 0x04, 0x00, 0x00, 0x00, 0x01, // ................
	0x40, 0x00, 0x00, 0x00, 0x00, 0x80, 0x3f, 0x00, 0x00, 0x00, 0x0a, 0x42, 0x00, 0x10, 0x00, 0x04, // @.....?....B....
	0x00, 0x00, 0x00, 0x0a, 0x00, 0x10, 0x80, 0x41, 0x00, 0x00, 0x00, 0x05, 0x00, 0x00, 0x00, 0x3a, // .......A.......:
	0x80, 0x20, 0x04, 0x00, 0x00, 0x00, 0x00, 0x2a, 0x00, 0x10, 0x00, 0x03, 0x00, 0x00, 0x00, 0x00, // . .....*........
	0x00, 0x00, 0x09, 0x12, 0x00, 0x10, 0x00, 0x05, 0x00, 0x00, 0x00, 0x0a, 0x00, 0x10, 0x00, 0x05, // ................
	0x00, 0x00, 0x00, 0x3a, 0x80, 0x20, 0x04, 0x00, 0x00, 0x00, 0x00, 0x2a, 0x00, 0x10, 0x00, 0x03, // ...:. .....*....
	0x00, 0x00, 0x00, 0x00, 0x00, 0x00, 0x08, 0x12, 0x00, 0x10, 0x00, 0x05, 0x00, 0x00, 0x00, 0x2a, // ...............*
	0x00, 0x10, 0x80, 0x41, 0x00, 0x00, 0x00, 0x04, 0x00, 0x00, 0x00, 0x0a, 0x00, 0x10, 0x00, 0x05, // ...A............
	0x00, 0x00, 0x00, 0x00, 0x00, 0x00, 0x08, 0x42, 0x00, 0x10, 0x00, 0x04, 0x00, 0x00, 0x00, 0x2a, // .......B.......*
	0x00, 0x10, 0x80, 0x41, 0x00, 0x00, 0x00, 0x04, 0x00, 0x00, 0x00, 0x3a, 0x00, 0x10, 0x00, 0x04, // ...A.......:....
	0x00, 0x00, 0x00, 0x0e, 0x00, 0x00, 0x0a, 0x82, 0x00, 0x10, 0x00, 0x04, 0x00, 0x00, 0x00, 0x02, // ................
	0x40, 0x00, 0x00, 0x00, 0x00, 0x80, 0x3f, 0x00, 0x00, 0x80, 0x3f, 0x00, 0x00, 0x80, 0x3f, 0x00, // @.....?...?...?.
	0x00, 0x80, 0x3f, 0x0a, 0x00, 0x10, 0x00, 0x05, 0x00, 0x00, 0x00, 0x38, 0x20, 0x00, 0x07, 0x42, // ..?........8 ..B
	0x00, 0x10, 0x00, 0x04, 0x00, 0x00, 0x00, 0x3a, 0x00, 0x10, 0x00, 0x04, 0x00, 0x00, 0x00, 0x2a, // .......:.......*
	0x00, 0x10, 0x00, 0x04, 0x00, 0x00, 0x00, 0x32, 0x00, 0x00, 0x09, 0x82, 0x00, 0x10, 0x00, 0x04, // .......2........
	0x00, 0x00, 0x00, 0x2a, 0x00, 0x10, 0x00, 0x04, 0x00, 0x00, 0x00, 0x01, 0x40, 0x00, 0x00, 0x00, // ...*........@...
	0x00, 0x00, 0xc0, 0x01, 0x40, 0x00, 0x00, 0x00, 0x00, 0x40, 0x40, 0x38, 0x00, 0x00, 0x07, 0x42, // ....@....@@8...B
	0x00, 0x10, 0x00, 0x04, 0x00, 0x00, 0x00, 0x2a, 0x00, 0x10, 0x00, 0x04, 0x00, 0x00, 0x00, 0x2a, // .......*.......*
	0x00, 0x10, 0x00, 0x04, 0x00, 0x00, 0x00, 0x38, 0x00, 0x00, 0x07, 0x42, 0x00, 0x10, 0x00, 0x04, // .......8...B....
	0x00, 0x00, 0x00, 0x2a, 0x00, 0x10, 0x00, 0x04, 0x00, 0x00, 0x00, 0x3a, 0x00, 0x10, 0x00, 0x04, // ...*.......:....
	0x00, 0x00, 0x00, 0x32, 0x00, 0x00, 0x09, 0x42, 0x00, 0x10, 0x00, 0x04, 0x00, 0x00, 0x00, 0x2a, // ...2...B.......*
	0x00, 0x10, 0x00, 0x04, 0x00, 0x00, 0x00, 0x01, 0x40, 0x00, 0x00, 0x66, 0x66, 0x66, 0x3f, 0x01, // ........@..fff?.
	0x40, 0x00, 0x00, 0x66, 0x66, 0x66, 0xbf, 0x32, 0x00, 0x00, 0x09, 0x22, 0x00, 0x10, 0x00, 0x04, // @..fff.2..."....
	0x00, 0x00, 0x00, 0x1a, 0x00, 0x10, 0x00, 0x04, 0x00, 0x00, 0x00, 0x2a, 0x00, 0x10, 0x00, 0x04, // ...........*....
	0x00, 0x00, 0x00, 0x01, 0x40, 0x00, 0x00, 0x00, 0x00, 0x80, 0x3f, 0x38, 0x00, 0x00, 0x07, 0x12, // ....@.....?8....
	0x00, 0x10, 0x00, 0x02, 0x00, 0x00, 0x00, 0x1a, 0x00, 0x10, 0x00, 0x03, 0x00, 0x00, 0x00, 0x1a, // ................
	0x00, 0x10, 0x00, 0x04, 0x00, 0x00, 0x00, 0x12, 0x00, 0x00, 0x01, 0x36, 0x00, 0x00, 0x05, 0x12, // ...........6....
	0x00, 0x10, 0x00, 0x02, 0x00, 0x00, 0x00, 0x1a, 0x00, 0x10, 0x00, 0x03, 0x00, 0x00, 0x00, 0x15, // ................
	0x00, 0x00, 0x01, 0x1e, 0x00, 0x00, 0x07, 0x22, 0x00, 0x10, 0x00, 0x02, 0x00, 0x00, 0x00, 0x2a, // .......".......*
	0x00, 0x10, 0x00, 0x03, 0x00, 0x00, 0x00, 0x01, 0x40, 0x00, 0x00, 0x01, 0x00, 0x00, 0x00, 0x36, // ........@......6
	0x00, 0x00, 0x05, 0x72, 0x00, 0x10, 0x00, 0x03, 0x00, 0x00, 0x00, 0x26, 0x09, 0x10, 0x00, 0x02, // ...r.......&....
	0x00, 0x00, 0x00, 0x36, 0x00, 0x00, 0x05, 0x82, 0x00, 0x10, 0x00, 0x02, 0x00, 0x00, 0x00, 0x0a, // ...6............
	0x00, 0x10, 0x00, 0x04, 0x00, 0x00, 0x00, 0x16, 0x00, 0x00, 0x01, 0x37, 0x00, 0x00, 0x09, 0x12, // ...........7....
	0x00, 0x10, 0x00, 0x01, 0x00, 0x00, 0x00, 0x3a, 0x00, 0x10, 0x00, 0x02, 0x00, 0x00, 0x00, 0x0a, // .......:........
	0x00, 0x10, 0x00, 0x03, 0x00, 0x00, 0x00, 0x1a, 0x00, 0x10, 0x00, 0x03, 0x00, 0x00, 0x00, 0x38, // ...............8
	0x00, 0x00, 0x07, 0x72, 0x00, 0x10, 0x00, 0x00, 0x00, 0x00, 0x00, 0x46, 0x02, 0x10, 0x00, 0x00, // ...r.......F....
	0x00, 0x00, 0x00, 0x06, 0x00, 0x10, 0x00, 0x01, 0x00, 0x00, 0x00, 0x15, 0x00, 0x00, 0x01, 0x18, // ................
	0x00, 0x00, 0x08, 0x12, 0x00, 0x10, 0x00, 0x01, 0x00, 0x00, 0x00, 0x3a, 0x80, 0x20, 0x00, 0x00, // ...........:. ..
	0x00, 0x00, 0x00, 0x09, 0x00, 0x00, 0x00, 0x01, 0x40, 0x00, 0x00, 0x00, 0x00, 0x00, 0x00, 0x36, // ........@......6
	0x20, 0x00, 0x05, 0x82, 0x00, 0x10, 0x00, 0x00, 0x00, 0x00, 0x00, 0x3a, 0x00, 0x10, 0x00, 0x03, //  ..........:....
	0x00, 0x00, 0x00, 0x31, 0x00, 0x00, 0x08, 0x22, 0x00, 0x10, 0x00, 0x01, 0x00, 0x00, 0x00, 0x01, // ...1..."........
	0x40, 0x00, 0x00, 0x00, 0x00, 0x00, 0x00, 0x1a, 0x80, 0x20, 0x00, 0x00, 0x00, 0x00, 0x00, 0x0a, // @........ ......
	0x00, 0x00, 0x00, 0x38, 0x00, 0x00, 0x09, 0x82, 0x00, 0x10, 0x00, 0x02, 0x00, 0x00, 0x00, 0x3a, // ...8...........:
	0x00, 0x10, 0x00, 0x03, 0x00, 0x00, 0x00, 0x1a, 0x80, 0x20, 0x80, 0x41, 0x00, 0x00, 0x00, 0x00, // ......... .A....
	0x00, 0x00, 0x00, 0x0a, 0x00, 0x00, 0x00, 0x38, 0x00, 0x00, 0x07, 0x72, 0x00, 0x10, 0x00, 0x04, // .......8...r....
	0x00, 0x00, 0x00, 0x46, 0x02, 0x10, 0x00, 0x00, 0x00, 0x00, 0x00, 0xf6, 0x0f, 0x10, 0x00, 0x02, // ...F............
	0x00, 0x00, 0x00, 0x0e, 0x00, 0x00, 0x0b, 0x42, 0x00, 0x10, 0x00, 0x01, 0x00, 0x00, 0x00, 0x02, // .......B........
	0x40, 0x00, 0x00, 0x00, 0x00, 0x80, 0x3f, 0x00, 0x00, 0x80, 0x3f, 0x00, 0x00, 0x80, 0x3f, 0x00, // @.....?...?...?.
	0x00, 0x80, 0x3f, 0x1a, 0x80, 0x20, 0x00, 0x00, 0x00, 0x00, 0x00, 0x0a, 0x00, 0x00, 0x00, 0x00, // ..?.. ..........
	0x00, 0x00, 0x07, 0x82, 0x00, 0x10, 0x00, 0x04, 0x00, 0x00, 0x00, 0x2a, 0x00, 0x10, 0x00, 0x01, // ...........*....
	0x00, 0x00, 0x00, 0x01, 0x40, 0x00, 0x00, 0x00, 0x00, 0x80, 0xbf, 0x38, 0x00, 0x00, 0x07, 0x72, // ....@......8...r
	0x00, 0x10, 0x00, 0x02, 0x00, 0x00, 0x00, 0xf6, 0x0f, 0x10, 0x00, 0x03, 0x00, 0x00, 0x00, 0x46, // ...............F
	0x02, 0x10, 0x00, 0x00, 0x00, 0x00, 0x00, 0x36, 0x20, 0x00, 0x05, 0x82, 0x00, 0x10, 0x00, 0x02, // .......6 .......
	0x00, 0x00, 0x00, 0x3a, 0x00, 0x10, 0x00, 0x02, 0x00, 0x00, 0x00, 0x37, 0x00, 0x00, 0x09, 0xf2, // ...:.......7....
	0x00, 0x10, 0x00, 0x02, 0x00, 0x00, 0x00, 0x56, 0x05, 0x10, 0x00, 0x01, 0x00, 0x00, 0x00, 0x46, // .......V.......F
	0x0e, 0x10, 0x00, 0x04, 0x00, 0x00, 0x00, 0x46, 0x0e, 0x10, 0x00, 0x02, 0x00, 0x00, 0x00, 0x37, // .......F.......7
	0x00, 0x00, 0x09, 0xf2, 0x20, 0x10, 0x00, 0x00, 0x00, 0x00, 0x00, 0x06, 0x00, 0x10, 0x00, 0x01, // .... ...........
	0x00, 0x00, 0x00, 0x46, 0x0e, 0x10, 0x00, 0x00, 0x00, 0x00, 0x00, 0x46, 0x0e, 0x10, 0x00, 0x02, // ...F.......F....
	0x00, 0x00, 0x00, 0x3e, 0x00, 0x00, 0x01, 0x00, 0x00, 0xc0, 0x00,                               // ...>.......
};
static const uint8_t fs_flasher_clip_dxil[5159] =
{
	0x46, 0x53, 0x48, 0x0c, 0x11, 0xe4, 0xa0, 0x91, 0x00, 0x00, 0x00, 0x00, 0x00, 0x00, 0x00, 0x00, // FSH.............
	0x00, 0x00, 0x00, 0x00, 0x07, 0x00, 0x05, 0x62, 0x61, 0x6c, 0x6c, 0x73, 0x12, 0x08, 0x00, 0x00, // .......balls....
	0x08, 0x00, 0x00, 0x00, 0x00, 0x00, 0x11, 0x73, 0x74, 0x61, 0x74, 0x69, 0x63, 0x43, 0x6f, 0x6c, // .......staticCol
	0x6f, 0x72, 0x5f, 0x41, 0x6c, 0x70, 0x68, 0x61, 0x12, 0x00, 0x80, 0x00, 0x01, 0x00, 0x00, 0x00, // or_Alpha........
	0x00, 0x00, 0x24, 0x61, 0x6c, 0x70, 0x68, 0x61, 0x54, 0x65, 0x73, 0x74, 0x56, 0x61, 0x6c, 0x75, // ..$alphaTestValu
	0x65, 0x41, 0x42, 0x5f, 0x66, 0x69, 0x6c, 0x74, 0x65, 0x72, 0x4d, 0x6f, 0x64, 0x65, 0x5f, 0x61, // eAB_filterMode_a
	0x64, 0x64, 0x42, 0x6c, 0x65, 0x6e, 0x64, 0x12, 0x00, 0x90, 0x00, 0x01, 0x00, 0x00, 0x00, 0x00, // ddBlend.........
	0x00, 0x28, 0x61, 0x6d, 0x6f, 0x75, 0x6e, 0x74, 0x5f, 0x62, 0x6c, 0x65, 0x6e, 0x64, 0x5f, 0x6d, // .(amount_blend_m
	0x6f, 0x64, 0x75, 0x6c, 0x61, 0x74, 0x65, 0x5f, 0x76, 0x73, 0x5f, 0x61, 0x64, 0x64, 0x5f, 0x66, // odulate_vs_add_f
	0x6c, 0x61, 0x73, 0x68, 0x65, 0x72, 0x4d, 0x6f, 0x64, 0x65, 0x12, 0x00, 0xa0, 0x00, 0x01, 0x00, // lasherMode......
	0x00, 0x00, 0x00, 0x00, 0x14, 0x6c, 0x69, 0x67, 0x68, 0x74, 0x43, 0x65, 0x6e, 0x74, 0x65, 0x72, // .....lightCenter
	0x5f, 0x64, 0x6f, 0x53, 0x68, 0x61, 0x64, 0x6f, 0x77, 0x12, 0x00, 0xb0, 0x00, 0x01, 0x00, 0x00, // _doShadow.......
	0x00, 0x00, 0x00, 0x0d, 0x74, 0x65, 0x78, 0x5f, 0x66, 0x6c, 0x61, 0x73, 0x68, 0x65, 0x72, 0x5f, // ....tex_flasher_
	0x41, 0x30, 0x01, 0x00, 0x00, 0x01, 0x00, 0x00, 0x02, 0x00, 0x00, 0x0d, 0x74, 0x65, 0x78, 0x5f, // A0..........tex_
	0x66, 0x6c, 0x61, 0x73, 0x68, 0x65, 0x72, 0x5f, 0x42, 0x30, 0x01, 0x01, 0x00, 0x01, 0x00, 0x00, // flasher_B0......
	0x02, 0x00, 0x00, 0x2c, 0x13, 0x00, 0x00, 0x44, 0x58, 0x42, 0x43, 0x1b, 0xe9, 0xf4, 0x5a, 0x18, // ...,...DXBC...Z.
	0xb6, 0x45, 0x38, 0x5e, 0xf1, 0x18, 0x66, 0x02, 0x7e, 0xdc, 0xbd, 0x01, 0x00, 0x00, 0x00, 0x2c, // .E8^..f.~......,
	0x13, 0x00, 0x00, 0x07, 0x00, 0x00, 0x00, 0x3c, 0x00, 0x00, 0x00, 0x4c, 0x00, 0x00, 0x00, 0xf4, // .......<...L....
	0x00, 0x00, 0x00, 0x30, 0x01, 0x00, 0x00, 0xac, 0x02, 0x00, 0x00, 0xe0, 0x02, 0x00, 0x00, 0xfc, // ...0............
	0x02, 0x00, 0x00, 0x53, 0x46, 0x49, 0x30, 0x08, 0x00, 0x00, 0x00, 0x00, 0x00, 0x00, 0x00, 0x00, // ...SFI0.........
	0x00, 0x00, 0x00, 0x49, 0x53, 0x47, 0x31, 0xa0, 0x00, 0x00, 0x00, 0x04, 0x00, 0x00, 0x00, 0x08, // ...ISG1.........
	0x00, 0x00, 0x00, 0x00, 0x00, 0x00, 0x00, 0x88, 0x00, 0x00, 0x00, 0x00, 0x00, 0x00, 0x00, 0x01, // ................
	0x00, 0x00, 0x00, 0x03, 0x00, 0x00, 0x00, 0x00, 0x00, 0x00, 0x00, 0x0f, 0x00, 0x00, 0x00, 0x00, // ................
	0x00, 0x00, 0x00, 0x00, 0x00, 0x00, 0x00, 0x94, 0x00, 0x00, 0x00, 0x03, 0x00, 0x00, 0x00, 0x00, // ................
	0x00, 0x00, 0x00, 0x03, 0x00, 0x00, 0x00, 0x01, 0x00, 0x00, 0x00, 0x01, 0x01, 0x00, 0x00, 0x00, // ................
	0x00, 0x00, 0x00, 0x00, 0x00, 0x00, 0x00, 0x94, 0x00, 0x00, 0x00, 0x01, 0x00, 0x00, 0x00, 0x00, // ................
	0x00, 0x00, 0x00, 0x03, 0x00, 0x00, 0x00, 0x01, 0x00, 0x00, 0x00, 0x0e, 0x0e, 0x00, 0x00, 0x00, // ................
	0x00, 0x00, 0x00, 0x00, 0x00, 0x00, 0x00, 0x94, 0x00, 0x00, 0x00, 0x00, 0x00, 0x00, 0x00, 0x00, // ................
	0x00, 0x00, 0x00, 0x03, 0x00, 0x00, 0x00, 0x02, 0x00, 0x00, 0x00, 0x03, 0x03, 0x00, 0x00, 0x00, // ................
	0x00, 0x00, 0x00, 0x53, 0x56, 0x5f, 0x50, 0x6f, 0x73, 0x69, 0x74, 0x69, 0x6f, 0x6e, 0x00, 0x54, // ...SV_Position.T
	0x45, 0x58, 0x43, 0x4f, 0x4f, 0x52, 0x44, 0x00, 0x00, 0x00, 0x00, 0x4f, 0x53, 0x47, 0x31, 0x34, // EXCOORD....OSG14
	0x00, 0x00, 0x00, 0x01, 0x00, 0x00, 0x00, 0x08, 0x00, 0x00, 0x00, 0x00, 0x00, 0x00, 0x00, 0x28, // ...............(
	0x00, 0x00, 0x00, 0x00, 0x00, 0x00, 0x00, 0x40, 0x00, 0x00, 0x00, 0x03, 0x00, 0x00, 0x00, 0x00, // .......@........
	0x00, 0x00, 0x00, 0x0f, 0x00, 0x00, 0x00, 0x00, 0x00, 0x00, 0x00, 0x53, 0x56, 0x5f, 0x54, 0x61, // ...........SV_Ta
	0x72, 0x67, 0x65, 0x74, 0x00, 0x00, 0x00, 0x50, 0x53, 0x56, 0x30, 0x74, 0x01, 0x00, 0x00, 0x34, // rget...PSV0t...4
	0x00, 0x00, 0x00, 0x00, 0x00, 0x00, 0x00, 0x00, 0x00, 0x00, 0x00, 0x00, 0x00, 0x00, 0x00, 0x00, // ................
	0x00, 0x00, 0x00, 0x00, 0x00, 0x00, 0x00, 0xff, 0xff, 0xff, 0xff, 0x00, 0x00, 0x00, 0x00, 0x04, // ................
	0x01, 0x00, 0x03, 0x01, 0x00, 0x00, 0x00, 0x00, 0x00, 0x00, 0x00, 0x00, 0x00, 0x00, 0x00, 0x00, // ................
	0x00, 0x00, 0x00, 0x1c, 0x00, 0x00, 0x00, 0x05, 0x00, 0x00, 0x00, 0x18, 0x00, 0x00, 0x00, 0x02, // ................
	0x00, 0x00, 0x00, 0x00, 0x00, 0x00, 0x00, 0x00, 0x00, 0x00, 0x00, 0x00, 0x00, 0x00, 0x00, 0x0d, // ................
	0x00, 0x00, 0x00, 0x00, 0x00, 0x00, 0x00, 0x01, 0x00, 0x00, 0x00, 0x00, 0x00, 0x00, 0x00, 0x00, // ................
	0x00, 0x00, 0x00, 0x00, 0x00, 0x00, 0x00, 0x0e, 0x00, 0x00, 0x00, 0x00, 0x00, 0x00, 0x00, 0x01, // ................
	0x00, 0x00, 0x00, 0x00, 0x00, 0x00, 0x00, 0x01, 0x00, 0x00, 0x00, 0x01, 0x00, 0x00, 0x00, 0x0e, // ................
	0x00, 0x00, 0x00, 0x00, 0x00, 0x00, 0x00, 0x03, 0x00, 0x00, 0x00, 0x00, 0x00, 0x00, 0x00, 0x00, // ................
	0x00, 0x00, 0x00, 0x00, 0x00, 0x00, 0x00, 0x02, 0x00, 0x00, 0x00, 0x00, 0x00, 0x00, 0x00, 0x03, // ................
	0x00, 0x00, 0x00, 0x00, 0x00, 0x00, 0x00, 0x01, 0x00, 0x00, 0x00, 0x01, 0x00, 0x00, 0x00, 0x02, // ................
	0x00, 0x00, 0x00, 0x00, 0x00, 0x00, 0x00, 0x24, 0x00, 0x00, 0x00, 0x00, 0x54, 0x45, 0x58, 0x43, // .......$....TEXC
	0x4f, 0x4f, 0x52, 0x44, 0x00, 0x54, 0x45, 0x58, 0x43, 0x4f, 0x4f, 0x52, 0x44, 0x00, 0x54, 0x45, // OORD.TEXCOORD.TE
	0x58, 0x43, 0x4f, 0x4f, 0x52, 0x44, 0x00, 0x6d, 0x61, 0x69, 0x6e, 0x00, 0x00, 0x00, 0x00, 0x03, // XCOORD.main.....
	0x00, 0x00, 0x00, 0x00, 0x00, 0x00, 0x00, 0x03, 0x00, 0x00, 0x00, 0x01, 0x00, 0x00, 0x00, 0x10, // ................
	0x00, 0x00, 0x00, 0x00, 0x00, 0x00, 0x00, 0x00, 0x00, 0x00, 0x00, 0x01, 0x00, 0x44, 0x03, 0x03, // .............D..
	0x04, 0x00, 0x00, 0x01, 0x00, 0x00, 0x00, 0x01, 0x00, 0x00, 0x00, 0x01, 0x01, 0x41, 0x00, 0x03, // .............A..
	0x02, 0x00, 0x00, 0x0a, 0x00, 0x00, 0x00, 0x02, 0x00, 0x00, 0x00, 0x01, 0x01, 0x53, 0x00, 0x03, // .............S..
	0x02, 0x00, 0x00, 0x13, 0x00, 0x00, 0x00, 0x00, 0x00, 0x00, 0x00, 0x01, 0x02, 0x42, 0x00, 0x03, // .............B..
	0x02, 0x00, 0x00, 0x00, 0x00, 0x00, 0x00, 0x00, 0x00, 0x00, 0x00, 0x01, 0x00, 0x44, 0x10, 0x03, // .............D..
	0x00, 0x00, 0x00, 0x00, 0x00, 0x00, 0x00, 0x00, 0x00, 0x00, 0x00, 0x00, 0x00, 0x00, 0x00, 0x00, // ................
	0x00, 0x00, 0x00, 0x00, 0x00, 0x00, 0x00, 0x07, 0x00, 0x00, 0x00, 0x07, 0x00, 0x00, 0x00, 0x07, // ................
	0x00, 0x00, 0x00, 0x0f, 0x00, 0x00, 0x00, 0x0f, 0x00, 0x00, 0x00, 0x00, 0x00, 0x00, 0x00, 0x00, // ................
	0x00, 0x00, 0x00, 0x49, 0x4c, 0x44, 0x4e, 0x2c, 0x00, 0x00, 0x00, 0x00, 0x00, 0x24, 0x00, 0x65, // ...ILDN,.....$.e
	0x61, 0x32, 0x66, 0x61, 0x32, 0x32, 0x63, 0x39, 0x34, 0x31, 0x31, 0x37, 0x32, 0x30, 0x66, 0x35, // a2fa22c9411720f5
	0x32, 0x33, 0x30, 0x39, 0x66, 0x38, 0x33, 0x36, 0x32, 0x66, 0x64, 0x35, 0x39, 0x32, 0x31, 0x2e, // 2309f8362fd5921.
	0x70, 0x64, 0x62, 0x00, 0x00, 0x00, 0x00, 0x48, 0x41, 0x53, 0x48, 0x14, 0x00, 0x00, 0x00, 0x00, // pdb....HASH.....
	0x00, 0x00, 0x00, 0xea, 0x2f, 0xa2, 0x2c, 0x94, 0x11, 0x72, 0x0f, 0x52, 0x30, 0x9f, 0x83, 0x62, // ..../.,..r.R0..b
	0xfd, 0x59, 0x21, 0x44, 0x58, 0x49, 0x4c, 0x28, 0x10, 0x00, 0x00, 0x60, 0x00, 0x00, 0x00, 0x0a, // .Y!DXIL(...`....
	0x04, 0x00, 0x00, 0x44, 0x58, 0x49, 0x4c, 0x00, 0x01, 0x00, 0x00, 0x10, 0x00, 0x00, 0x00, 0x10, // ...DXIL.........
	0x10, 0x00, 0x00, 0x42, 0x43, 0xc0, 0xde, 0x21, 0x0c, 0x00, 0x00, 0x01, 0x04, 0x00, 0x00, 0x0b, // ...BC..!........
	0x82, 0x20, 0x00, 0x02, 0x00, 0x00, 0x00, 0x13, 0x00, 0x00, 0x00, 0x07, 0x81, 0x23, 0x91, 0x41, // . ...........#.A
	0xc8, 0x04, 0x49, 0x06, 0x10, 0x32, 0x39, 0x92, 0x01, 0x84, 0x0c, 0x25, 0x05, 0x08, 0x19, 0x1e, // ..I..29....%....
	0x04, 0x8b, 0x62, 0x80, 0x18, 0x45, 0x02, 0x42, 0x92, 0x0b, 0x42, 0xc4, 0x10, 0x32, 0x14, 0x38, // ..b..E.B..B..2.8
	0x08, 0x18, 0x4b, 0x0a, 0x32, 0x62, 0x88, 0x48, 0x90, 0x14, 0x20, 0x43, 0x46, 0x88, 0xa5, 0x00, // ..K.2b.H.. CF...
	0x19, 0x32, 0x42, 0xe4, 0x48, 0x0e, 0x90, 0x11, 0x23, 0xc4, 0x50, 0x41, 0x51, 0x81, 0x8c, 0xe1, // .2B.H...#.PAQ...
	0x83, 0xe5, 0x8a, 0x04, 0x31, 0x46, 0x06, 0x51, 0x18, 0x00, 0x00, 0x08, 0x00, 0x00, 0x00, 0x1b, // ....1F.Q........
	0x8c, 0xe0, 0xff, 0xff, 0xff, 0xff, 0x07, 0x40, 0x02, 0xa8, 0x0d, 0x84, 0xf0, 0xff, 0xff, 0xff, // .......@........
	0xff, 0x03, 0x20, 0x6d, 0x30, 0x86, 0xff, 0xff, 0xff, 0xff, 0x1f, 0x00, 0x09, 0xa8, 0x00, 0x49, // .. m0..........I
	0x18, 0x00, 0x00, 0x03, 0x00, 0x00, 0x00, 0x13, 0x82, 0x60, 0x42, 0x20, 0x4c, 0x08, 0x06, 0x00, // .........`B L...
	0x00, 0x00, 0x00, 0x89, 0x20, 0x00, 0x00, 0x59, 0x00, 0x00, 0x00, 0x32, 0x22, 0x88, 0x09, 0x20, // .... ..Y...2".. 
	0x64, 0x85, 0x04, 0x13, 0x23, 0xa4, 0x84, 0x04, 0x13, 0x23, 0xe3, 0x84, 0xa1, 0x90, 0x14, 0x12, // d...#....#......
	0x4c, 0x8c, 0x8c, 0x0b, 0x84, 0xc4, 0x4c, 0x10, 0xa8, 0xc1, 0x08, 0x40, 0x09, 0x00, 0x0a, 0x66, // L.....L....@...f
	0x00, 0xe6, 0x08, 0xc0, 0x60, 0x8e, 0x00, 0x29, 0xc6, 0x40, 0x10, 0x44, 0x41, 0x90, 0x51, 0x0c, // ....`..).@.DA.Q.
	0x80, 0x20, 0x88, 0x62, 0x20, 0x64, 0x8e, 0x20, 0x28, 0x03, 0x40, 0x28, 0xb4, 0x94, 0x61, 0x20, // . .b d. (.@(..a 
	0x06, 0x6a, 0x6e, 0x1a, 0x2e, 0x7f, 0xc2, 0x1e, 0x42, 0xf2, 0x57, 0x42, 0x5a, 0x89, 0xc9, 0x2f, // .jn.....B.WBZ../
	0x6e, 0x1b, 0x15, 0xc3, 0x30, 0x0c, 0x04, 0x15, 0xf7, 0x0c, 0x97, 0x3f, 0x61, 0x0f, 0x21, 0xf9, // n...0......?a.!.
	0x21, 0xd0, 0x0c, 0x0b, 0x81, 0x02, 0xa8, 0x30, 0x0f, 0x11, 0x45, 0xc3, 0x30, 0x0c, 0x04, 0x41, // !......0..E.0..A
	0x0c, 0x24, 0x15, 0x62, 0x20, 0x86, 0x81, 0xa8, 0x82, 0x0c, 0xc4, 0x30, 0x0c, 0xc3, 0x30, 0x90, // .$.b ......0..0.
	0x75, 0xd4, 0x70, 0xf9, 0x13, 0xf6, 0x10, 0x92, 0xcf, 0x6d, 0x54, 0xb1, 0x12, 0x93, 0x5f, 0xdc, // u.p......mT..._.
	0x36, 0x22, 0x86, 0x61, 0x18, 0x0a, 0x81, 0x11, 0x11, 0x41, 0x59, 0x31, 0x22, 0xa2, 0x20, 0x08, // 6".a.....AY1". .
	0x85, 0xb6, 0x81, 0x80, 0x61, 0x04, 0x62, 0x98, 0xa9, 0x0d, 0xc6, 0x81, 0x1d, 0xc2, 0x61, 0x1e, // ....a.b.......a.
	0xe6, 0xc1, 0x0d, 0x68, 0xa1, 0x1c, 0xf0, 0x81, 0x1e, 0xea, 0x41, 0x1e, 0xca, 0x41, 0x0e, 0x48, // ...h......A..A.H
	0x81, 0x0f, 0xec, 0xa1, 0x1c, 0xc6, 0x81, 0x1e, 0xde, 0x41, 0x1e, 0xf8, 0xc0, 0x1c, 0xd8, 0xe1, // .........A......
	0x1d, 0xc2, 0x81, 0x1e, 0xd8, 0x00, 0x0c, 0xe8, 0xc0, 0x0f, 0xc0, 0xc0, 0x0f, 0xf4, 0x40, 0x0f, // ..............@.
	0xda, 0x21, 0x1d, 0xe0, 0x61, 0x1e, 0x7e, 0x81, 0x1e, 0xf2, 0x01, 0x1e, 0xca, 0x01, 0x05, 0xc4, // .!..a.~.........
	0x4c, 0x62, 0x30, 0x0e, 0xec, 0x10, 0x0e, 0xf3, 0x30, 0x0f, 0x6e, 0x40, 0x0b, 0xe5, 0x80, 0x0f, // Lb0.....0.n@....
	0xf4, 0x50, 0x0f, 0xf2, 0x50, 0x0e, 0x72, 0x40, 0x0a, 0x7c, 0x60, 0x0f, 0xe5, 0x30, 0x0e, 0xf4, // .P..P.r@.|`..0..
	0xf0, 0x0e, 0xf2, 0xc0, 0x07, 0xe6, 0xc0, 0x0e, 0xef, 0x10, 0x0e, 0xf4, 0xc0, 0x06, 0x60, 0x40, // ..............`@
	0x07, 0x7e, 0x00, 0x06, 0x7e, 0x80, 0x04, 0xef, 0x23, 0x30, 0x11, 0xbc, 0x99, 0x10, 0x32, 0x38, // .~..~...#0....28
	0x05, 0x76, 0x78, 0x07, 0x71, 0x08, 0x07, 0x76, 0x98, 0x07, 0x54, 0x88, 0x9e, 0xe7, 0x79, 0x34, // .vx.q..v..T...y4
	0xde, 0x24, 0x4d, 0x11, 0x25, 0x4c, 0x3e, 0x0b, 0x30, 0xcf, 0x42, 0x44, 0xec, 0x04, 0x4c, 0x04, // .$M.%L>.0.BD..L.
	0x0a, 0x08, 0x2a, 0x93, 0x81, 0x98, 0x23, 0x00, 0x85, 0x29, 0x00, 0x00, 0x00, 0x00, 0x00, 0x13, // ..*...#..)......
	0x14, 0x72, 0xc0, 0x87, 0x74, 0x60, 0x87, 0x36, 0x68, 0x87, 0x79, 0x68, 0x03, 0x72, 0xc0, 0x87, // .r..t`.6h.yh.r..
	0x0d, 0xaf, 0x50, 0x0e, 0x6d, 0xd0, 0x0e, 0x7a, 0x50, 0x0e, 0x6d, 0x00, 0x0f, 0x7a, 0x30, 0x07, // ..P.m..zP.m..z0.
	0x72, 0xa0, 0x07, 0x73, 0x20, 0x07, 0x6d, 0x90, 0x0e, 0x71, 0xa0, 0x07, 0x73, 0x20, 0x07, 0x6d, // r..s .m..q..s .m
	0x90, 0x0e, 0x78, 0xa0, 0x07, 0x73, 0x20, 0x07, 0x6d, 0x90, 0x0e, 0x71, 0x60, 0x07, 0x7a, 0x30, // ..x..s .m..q`.z0
	0x07, 0x72, 0xd0, 0x06, 0xe9, 0x30, 0x07, 0x72, 0xa0, 0x07, 0x73, 0x20, 0x07, 0x6d, 0x90, 0x0e, // .r...0.r..s .m..
	0x76, 0x40, 0x07, 0x7a, 0x60, 0x07, 0x74, 0xd0, 0x06, 0xe6, 0x10, 0x07, 0x76, 0xa0, 0x07, 0x73, // v@.z`.t.....v..s
	0x20, 0x07, 0x6d, 0x60, 0x0e, 0x73, 0x20, 0x07, 0x7a, 0x30, 0x07, 0x72, 0xd0, 0x06, 0xe6, 0x60, //  .m`.s .z0.r...`
	0x07, 0x74, 0xa0, 0x07, 0x76, 0x40, 0x07, 0x6d, 0xe0, 0x0e, 0x78, 0xa0, 0x07, 0x71, 0x60, 0x07, // .t..v@.m..x..q`.
	0x7a, 0x30, 0x07, 0x72, 0xa0, 0x07, 0x76, 0x40, 0x07, 0x43, 0x9e, 0x00, 0x00, 0x00, 0x00, 0x00, // z0.r..v@.C......
	0x00, 0x00, 0x00, 0x00, 0x00, 0x00, 0x86, 0x3c, 0x06, 0x10, 0x00, 0x01, 0x00, 0x00, 0x00, 0x00, // .......<........
	0x00, 0x00, 0x00, 0x0c, 0x79, 0x10, 0x20, 0x00, 0x04, 0x00, 0x00, 0x00, 0x00, 0x00, 0x00, 0x00, // ....y. .........
	0x18, 0xf2, 0x2c, 0x40, 0x00, 0x08, 0x00, 0x00, 0x00, 0x00, 0x00, 0x00, 0x00, 0x30, 0xe4, 0x69, // ..,@.........0.i
	0x80, 0x00, 0x08, 0x00, 0x00, 0x00, 0x00, 0x00, 0x00, 0x00, 0x60, 0xc8, 0x23, 0x01, 0x01, 0x30, // ..........`.#..0
	0x00, 0x00, 0x00, 0x00, 0x00, 0x00, 0x00, 0xc0, 0x90, 0x87, 0x02, 0x02, 0x20, 0x00, 0x00, 0x00, // ............ ...
	0x00, 0x00, 0x00, 0x00, 0x80, 0x21, 0x8f, 0x05, 0x04, 0x40, 0x00, 0x00, 0x00, 0x00, 0x00, 0x00, // .....!...@......
	0x00, 0x00, 0x43, 0x9e, 0x0c, 0x08, 0x80, 0x01, 0x00, 0x00, 0x00, 0x00, 0x00, 0x00, 0x00, 0x86, // ..C.............
	0x3c, 0x1b, 0x10, 0x00, 0x03, 0x00, 0x00, 0x00, 0x00, 0x00, 0x00, 0x00, 0x64, 0x81, 0x00, 0x12, // <...........d...
	0x00, 0x00, 0x00, 0x32, 0x1e, 0x98, 0x14, 0x19, 0x11, 0x4c, 0x90, 0x8c, 0x09, 0x26, 0x47, 0xc6, // ...2.....L...&G.
	0x04, 0x43, 0x22, 0x4a, 0x60, 0x04, 0xa0, 0x24, 0x8a, 0xa1, 0x08, 0x0a, 0x70, 0xa0, 0x0c, 0xca, // .C"J`..$....p...
	0xa1, 0x3c, 0xa8, 0x28, 0x89, 0x32, 0x28, 0x84, 0x11, 0x80, 0x22, 0x28, 0x81, 0x02, 0x21, 0xb4, // .<.(.2(..."(..!.
	0x20, 0x88, 0x9c, 0x01, 0x20, 0x73, 0x06, 0x80, 0xce, 0xb1, 0x18, 0x85, 0x00, 0x00, 0x00, 0x00, //  ... s..........
	0x8e, 0xe3, 0x78, 0x1e, 0x0a, 0x67, 0x00, 0x00, 0x00, 0x00, 0x00, 0x79, 0x18, 0x00, 0x00, 0x89, // ..x..g.....y....
	0x00, 0x00, 0x00, 0x1a, 0x03, 0x4c, 0x90, 0x46, 0x02, 0x13, 0xc4, 0x34, 0x20, 0xc3, 0x1b, 0x43, // .....L.F...4 ..C
	0x81, 0x93, 0x4b, 0xb3, 0x0b, 0xa3, 0x2b, 0x4b, 0x01, 0x89, 0x71, 0xc9, 0x71, 0x81, 0x71, 0xa9, // ..K...+K..q.q.q.
	0xa1, 0x81, 0x91, 0x01, 0x41, 0x81, 0x21, 0x9b, 0x29, 0x2b, 0xb3, 0x11, 0xab, 0xa9, 0x69, 0x21, // ....A.!.)+....i!
	0x4b, 0x93, 0xa3, 0xcb, 0x4b, 0xd9, 0x10, 0x04, 0x13, 0x04, 0x42, 0x99, 0x20, 0x10, 0xcb, 0x06, // K...K.....B. ...
	0x61, 0x20, 0x26, 0x08, 0x04, 0xb3, 0x41, 0x18, 0x0c, 0x0a, 0x70, 0x73, 0x13, 0x04, 0xa2, 0xd9, // a &...A...ps....
	0x30, 0x20, 0x09, 0x31, 0x41, 0x08, 0x03, 0x8f, 0xc0, 0x04, 0x81, 0x70, 0x36, 0x08, 0x84, 0xb1, // 0 .1A......p6...
	0x21, 0x21, 0x16, 0x86, 0x20, 0x86, 0x86, 0x70, 0x36, 0x24, 0xc3, 0xc2, 0x10, 0xc3, 0xd0, 0x10, // !!.. ..p6$......
	0xce, 0x06, 0xe1, 0x81, 0x26, 0x08, 0x64, 0xb0, 0x4d, 0x10, 0x88, 0x67, 0x03, 0x42, 0x48, 0x0c, // ....&.d.M..g.BH.
	0x41, 0x0c, 0x13, 0xb0, 0x21, 0xa0, 0x26, 0x08, 0x66, 0xc0, 0x6d, 0x40, 0x08, 0x8b, 0x21, 0x88, // A...!.&.f.m@..!.
	0x81, 0x00, 0x36, 0x20, 0x83, 0xc5, 0x10, 0xc3, 0x40, 0x00, 0x1b, 0x84, 0x0b, 0xdb, 0x40, 0x44, // ..6 ....@.....@D
	0x40, 0x95, 0x4d, 0x10, 0xce, 0xa0, 0xdb, 0x10, 0x6c, 0x13, 0x04, 0x01, 0x20, 0xd1, 0x16, 0x96, // @.M.....l... ...
	0xe6, 0xc6, 0x65, 0xca, 0xea, 0x0b, 0xea, 0x6d, 0x2e, 0x8d, 0x2e, 0xed, 0xcd, 0x6d, 0x82, 0x50, // ..e....m.....m.P
	0x4c, 0x13, 0x84, 0x82, 0xda, 0x10, 0x10, 0x13, 0x84, 0xa2, 0x9a, 0x20, 0x14, 0xd6, 0x86, 0x85, // L.......... ....
	0xf8, 0xc0, 0x20, 0x0c, 0xc4, 0x60, 0x0c, 0x86, 0x31, 0x20, 0xc8, 0x00, 0x20, 0x42, 0x55, 0x84, // .. ..`..1 .. BU.
	0x35, 0xf4, 0xf4, 0x24, 0x45, 0x34, 0x41, 0x20, 0xa0, 0x0d, 0xc1, 0x19, 0x4c, 0x10, 0x8a, 0x6b, // 5..$E4A ....L..k
	0x82, 0x50, 0x60, 0x1b, 0x84, 0x33, 0x18, 0x36, 0x2c, 0x83, 0x19, 0x80, 0x01, 0x19, 0xa0, 0x41, // .P`..3.6,......A
	0x1a, 0x0c, 0x6a, 0x30, 0x90, 0xc1, 0x1a, 0x6c, 0x08, 0x86, 0x09, 0x02, 0x11, 0x6d, 0x10, 0xce, // ..j0...l.....m..
	0xc0, 0x0d, 0x36, 0x2c, 0x8d, 0x19, 0x80, 0x01, 0x19, 0xb4, 0x41, 0x1a, 0x0c, 0x61, 0x30, 0xa8, // ..6,......A..a0.
	0xc1, 0x1b, 0x6c, 0x10, 0xce, 0xe0, 0x0c, 0x36, 0x2c, 0x67, 0x60, 0x06, 0x60, 0x40, 0x06, 0x62, // ..l....6,g`.`@.b
	0x90, 0x06, 0x43, 0x1a, 0x34, 0x64, 0x10, 0x07, 0x1b, 0x88, 0x32, 0x60, 0x03, 0x38, 0x90, 0x03, // ..C.4d....2`.8..
	0x26, 0x53, 0x56, 0x5f, 0x54, 0x61, 0x72, 0x67, 0x65, 0x74, 0x13, 0x84, 0x22, 0x9b, 0x20, 0x10, // &SV_Target..". .
	0xd2, 0x06, 0xe1, 0x0c, 0xec, 0x60, 0xc3, 0x42, 0xd0, 0x01, 0x18, 0xd4, 0x81, 0x18, 0x90, 0xc1, // .....`.B........
	0x30, 0x06, 0x04, 0x19, 0xdc, 0xc1, 0x86, 0x00, 0x0f, 0x36, 0x0c, 0x73, 0x90, 0x07, 0xc0, 0x04, // 0........6.s....
	0x01, 0x0d, 0xb4, 0x0d, 0x02, 0xb1, 0x07, 0x1b, 0x8a, 0xce, 0xd3, 0x03, 0x8d, 0x0f, 0x48, 0x91, // ..............H.
	0xe1, 0xb9, 0x8c, 0xbd, 0xb9, 0xd1, 0xc9, 0xbd, 0xb1, 0x99, 0xb1, 0xbd, 0xdd, 0xb9, 0xa0, 0xa5, // ................
	0xb9, 0xd1, 0xcd, 0xad, 0x18, 0xfe, 0xc0, 0x0f, 0x86, 0x15, 0x03, 0x28, 0xf8, 0xc1, 0xb0, 0x62, // ...........(...b
	0x08, 0x05, 0x3f, 0x18, 0x56, 0x0c, 0xa2, 0xe0, 0x07, 0xc3, 0x8a, 0x61, 0x14, 0xfc, 0x60, 0x58, // ..?.V......a..`X
	0x31, 0x90, 0x82, 0x1f, 0x0c, 0x55, 0xd8, 0xd8, 0xec, 0xda, 0x5c, 0xd2, 0xc8, 0xca, 0xdc, 0xe8, // 1....U..........
	0xa6, 0x04, 0x41, 0x15, 0x32, 0x3c, 0x17, 0xbb, 0x32, 0xb9, 0xb9, 0xb4, 0x37, 0xb7, 0x29, 0x01, // ..A.2<..2...7.).
	0xd1, 0x84, 0x0c, 0xcf, 0xc5, 0x2e, 0x8c, 0xcd, 0xae, 0x4c, 0x6e, 0x4a, 0x60, 0xd4, 0x21, 0xc3, // .........LnJ`.!.
	0x73, 0x99, 0x43, 0x0b, 0x23, 0x2b, 0x93, 0x6b, 0x7a, 0x23, 0x2b, 0x63, 0x9b, 0x12, 0x24, 0x65, // s.C.#+.kz#+c..$e
	0xc8, 0xf0, 0x5c, 0xe4, 0xca, 0xe6, 0xde, 0xea, 0xe4, 0xc6, 0xca, 0xe6, 0xa6, 0x04, 0x59, 0x1d, // ..............Y.
	0x32, 0x3c, 0x17, 0xbb, 0xb4, 0xb2, 0xbb, 0x24, 0xb2, 0x29, 0xba, 0x30, 0xba, 0xb2, 0x29, 0xc1, // 2<.....$.).0..).
	0x56, 0x87, 0x0c, 0xcf, 0xa5, 0xcc, 0x8d, 0x4e, 0x2e, 0x0f, 0xea, 0x2d, 0xcd, 0x8d, 0x6e, 0x6e, // V......N...-..nn
	0x4a, 0xc0, 0x07, 0x00, 0x00, 0x00, 0x00, 0x79, 0x18, 0x00, 0x00, 0x59, 0x00, 0x00, 0x00, 0x33, // J......y...Y...3
	0x08, 0x80, 0x1c, 0xc4, 0xe1, 0x1c, 0x66, 0x14, 0x01, 0x3d, 0x88, 0x43, 0x38, 0x84, 0xc3, 0x8c, // ......f..=.C8...
	0x42, 0x80, 0x07, 0x79, 0x78, 0x07, 0x73, 0x98, 0x71, 0x0c, 0xe6, 0x00, 0x0f, 0xed, 0x10, 0x0e, // B..yx.s.q.......
	0xf4, 0x80, 0x0e, 0x33, 0x0c, 0x42, 0x1e, 0xc2, 0xc1, 0x1d, 0xce, 0xa1, 0x1c, 0x66, 0x30, 0x05, // ...3.B.......f0.
	0x3d, 0x88, 0x43, 0x38, 0x84, 0x83, 0x1b, 0xcc, 0x03, 0x3d, 0xc8, 0x43, 0x3d, 0x8c, 0x03, 0x3d, // =.C8.....=.C=..=
	0xcc, 0x78, 0x8c, 0x74, 0x70, 0x07, 0x7b, 0x08, 0x07, 0x79, 0x48, 0x87, 0x70, 0x70, 0x07, 0x7a, // .x.tp.{..yH.pp.z
	0x70, 0x03, 0x76, 0x78, 0x87, 0x70, 0x20, 0x87, 0x19, 0xcc, 0x11, 0x0e, 0xec, 0x90, 0x0e, 0xe1, // p.vx.p .........
	0x30, 0x0f, 0x6e, 0x30, 0x0f, 0xe3, 0xf0, 0x0e, 0xf0, 0x50, 0x0e, 0x33, 0x10, 0xc4, 0x1d, 0xde, // 0.n0.....P.3....
	0x21, 0x1c, 0xd8, 0x21, 0x1d, 0xc2, 0x61, 0x1e, 0x66, 0x30, 0x89, 0x3b, 0xbc, 0x83, 0x3b, 0xd0, // !..!..a.f0.;..;.
	0x43, 0x39, 0xb4, 0x03, 0x3c, 0xbc, 0x83, 0x3c, 0x84, 0x03, 0x3b, 0xcc, 0xf0, 0x14, 0x76, 0x60, // C9..<..<..;...v`
	0x07, 0x7b, 0x68, 0x07, 0x37, 0x68, 0x87, 0x72, 0x68, 0x07, 0x37, 0x80, 0x87, 0x70, 0x90, 0x87, // .{h.7h.rh.7..p..
	0x70, 0x60, 0x07, 0x76, 0x28, 0x07, 0x76, 0xf8, 0x05, 0x76, 0x78, 0x87, 0x77, 0x80, 0x87, 0x5f, // p`.v(.v..vx.w.._
	0x08, 0x87, 0x71, 0x18, 0x87, 0x72, 0x98, 0x87, 0x79, 0x98, 0x81, 0x2c, 0xee, 0xf0, 0x0e, 0xee, // ..q..r..y..,....
	0xe0, 0x0e, 0xf5, 0xc0, 0x0e, 0xec, 0x30, 0x03, 0x62, 0xc8, 0xa1, 0x1c, 0xe4, 0xa1, 0x1c, 0xcc, // ......0.b.......
	0xa1, 0x1c, 0xe4, 0xa1, 0x1c, 0xdc, 0x61, 0x1c, 0xca, 0x21, 0x1c, 0xc4, 0x81, 0x1d, 0xca, 0x61, // ......a..!.....a
	0x06, 0xd6, 0x90, 0x43, 0x39, 0xc8, 0x43, 0x39, 0x98, 0x43, 0x39, 0xc8, 0x43, 0x39, 0xb8, 0xc3, // ...C9.C9.C9.C9..
	0x38, 0x94, 0x43, 0x38, 0x88, 0x03, 0x3b, 0x94, 0xc3, 0x2f, 0xbc, 0x83, 0x3c, 0xfc, 0x82, 0x3b, // 8.C8..;../..<..;
	0xd4, 0x03, 0x3b, 0xb0, 0xc3, 0x0c, 0xc4, 0x21, 0x07, 0x7c, 0x70, 0x03, 0x7a, 0x28, 0x87, 0x76, // ..;....!.|p.z(.v
	0x80, 0x87, 0x19, 0xd5, 0x43, 0x0e, 0xf8, 0xe0, 0x06, 0xe3, 0xf0, 0x0e, 0xee, 0x40, 0x0f, 0xf2, // ....C........@..
	0xf0, 0x0e, 0xec, 0x60, 0x0e, 0xec, 0xf0, 0x0e, 0xf7, 0xe0, 0x06, 0xe8, 0x90, 0x0e, 0xee, 0x40, // ...`...........@
	0x0f, 0xf3, 0x30, 0x23, 0x82, 0xc8, 0x01, 0x1f, 0xdc, 0x80, 0x1c, 0xc4, 0xe1, 0x1c, 0xdc, 0xc0, // ..0#............
	0x1e, 0xc2, 0x41, 0x1e, 0xd8, 0x21, 0x1c, 0xf2, 0xe1, 0x1d, 0xea, 0x81, 0x1e, 0x66, 0x30, 0x11, // ..A..!.......f0.
	0x39, 0xe0, 0x83, 0x1b, 0x88, 0x83, 0x3c, 0x94, 0x43, 0x38, 0xac, 0x83, 0x1b, 0x88, 0x83, 0x3c, // 9.....<.C8.....<
	0x00, 0x00, 0x00, 0x71, 0x20, 0x00, 0x00, 0x25, 0x00, 0x00, 0x00, 0x66, 0x00, 0x0d, 0x97, 0xef, // ...q ..%...f....
	0x3c, 0x7e, 0x80, 0x34, 0x40, 0x84, 0xf9, 0xc5, 0x6d, 0x1b, 0xc2, 0x36, 0x5c, 0xbe, 0xf3, 0xf8, // <~.4@...m..6....
	0x42, 0x40, 0x15, 0x05, 0x11, 0x95, 0x0e, 0x30, 0x94, 0x84, 0x01, 0x08, 0x98, 0x5f, 0xdc, 0xb6, // B@.....0....._..
	0x25, 0x48, 0xc3, 0xe5, 0x3b, 0x8f, 0x2f, 0x44, 0x04, 0x30, 0x11, 0x21, 0xd0, 0x0c, 0x0b, 0x61, // %H..;./D.0.!...a
	0x03, 0xcd, 0x70, 0xf9, 0xce, 0xe3, 0x0f, 0x88, 0x24, 0x00, 0xd1, 0x60, 0x07, 0xce, 0x70, 0xf9, // ..p.....$..`..p.
	0xce, 0xe3, 0x0f, 0xce, 0x74, 0xfb, 0xc5, 0x6d, 0x5b, 0xc0, 0x34, 0x5c, 0xbe, 0xf3, 0xf8, 0x8b, // ....t..m[.4.....
	0x03, 0x0c, 0x62, 0xf3, 0x50, 0x93, 0x5f, 0xdc, 0xb6, 0x15, 0x40, 0xc3, 0xe5, 0x3b, 0x8f, 0x2f, // ..b.P._...@..;./
	0x01, 0xcc, 0xb3, 0x10, 0x7e, 0x71, 0xdb, 0x26, 0x50, 0x0d, 0x97, 0xef, 0x3c, 0xbe, 0x34, 0x39, // ....~q.&P...<.49
	0x11, 0x81, 0x52, 0xd3, 0x43, 0x4d, 0x7e, 0x71, 0xdb, 0x46, 0xf0, 0x0c, 0x97, 0xef, 0x3c, 0x3e, // ..R.CM~q.F....<>
	0xd5, 0x00, 0x11, 0xe6, 0x17, 0xb7, 0x6d, 0x00, 0x04, 0x03, 0x20, 0x0d, 0x00, 0x00, 0x00, 0x61, // ......m... ....a
	0x20, 0x00, 0x00, 0x1a, 0x02, 0x00, 0x00, 0x13, 0x04, 0x5e, 0x2c, 0x10, 0x00, 0x00, 0x00, 0x1c, //  ........^,.....
	0x00, 0x00, 0x00, 0xa4, 0xd4, 0xc0, 0x08, 0x00, 0x11, 0xe5, 0x56, 0x16, 0x45, 0x51, 0xa4, 0x01, // ..........V.EQ..
	0x05, 0x53, 0x10, 0x85, 0x57, 0x72, 0x85, 0x50, 0x46, 0x65, 0x57, 0x0a, 0x33, 0x00, 0x34, 0x8c, // .S..Wr.PFeW.3.4.
	0x11, 0x80, 0x20, 0x08, 0xe2, 0xbf, 0x30, 0x46, 0x00, 0x82, 0x20, 0x08, 0x82, 0xc2, 0x18, 0x81, // .. ...0F.. .....
	0x39, 0xe7, 0xac, 0xfd, 0x0b, 0x63, 0x04, 0xe6, 0x9c, 0xb3, 0xf6, 0x37, 0x46, 0x00, 0x82, 0x20, // 9....c.....7F.. 
	0x88, 0x82, 0xc1, 0x18, 0x01, 0x08, 0x82, 0xa0, 0x0c, 0x06, 0x63, 0x04, 0x20, 0x08, 0x82, 0x2a, // ..........c. ..*
	0x18, 0x8c, 0x11, 0x80, 0x20, 0x08, 0x92, 0x60, 0x30, 0x46, 0x00, 0x82, 0x20, 0x08, 0x7f, 0x63, // .... ..`0F.. ..c
	0x04, 0x20, 0x08, 0x82, 0x20, 0x18, 0xcc, 0x00, 0x8c, 0x00, 0x8c, 0x11, 0x80, 0x20, 0x08, 0xe2, // . .. ........ ..
	0x1f, 0x00, 0x00, 0x23, 0x06, 0x09, 0x00, 0x82, 0x60, 0xb0, 0xc9, 0xc1, 0x54, 0x06, 0x71, 0x10, // ...#....`...T.q.
	0x07, 0xdb, 0x88, 0x41, 0x02, 0x80, 0x20, 0x18, 0x6c, 0x73, 0x40, 0x99, 0x41, 0x1c, 0xc4, 0x01, // ...A.. .ls@.A...
	0x37, 0x62, 0x90, 0x00, 0x20, 0x08, 0x06, 0x1b, 0x1d, 0x54, 0x69, 0x30, 0x07, 0x73, 0xd0, 0x8d, // 7b.. ....Ti0.s..
	0x18, 0x24, 0x00, 0x08, 0x82, 0xc1, 0x56, 0x07, 0x96, 0x1a, 0xcc, 0xc1, 0x1c, 0x78, 0x23, 0x06, // .$....V......x#.
	0x09, 0x00, 0x82, 0x60, 0xb0, 0xd9, 0xc1, 0x85, 0x06, 0x74, 0x40, 0x07, 0xdf, 0x88, 0x41, 0x02, // ...`.....t@...A.
	0x80, 0x20, 0x18, 0x18, 0x7f, 0x70, 0xc1, 0x41, 0x1d, 0xa8, 0xc1, 0x34, 0x62, 0x90, 0x00, 0x20, // . ...p.A...4b.. 
	0x08, 0x06, 0x06, 0x28, 0x60, 0x71, 0x60, 0x07, 0x69, 0x40, 0x8d, 0x18, 0x24, 0x00, 0x08, 0x82, // ...(`q`.i@..$...
	0x81, 0x11, 0x0a, 0x19, 0x1d, 0xdc, 0x01, 0x1b, 0x54, 0x23, 0x06, 0x09, 0x00, 0x82, 0x60, 0x60, // ........T#....``
	0x88, 0x82, 0x56, 0x07, 0x78, 0xb0, 0x06, 0xd6, 0x88, 0x41, 0x02, 0x80, 0x20, 0x18, 0x18, 0xa3, // ..V.x....A.. ...
	0xb0, 0xd9, 0x41, 0x1e, 0xb4, 0xc1, 0x35, 0x62, 0x90, 0x00, 0x20, 0x08, 0x06, 0x06, 0x29, 0x70, // ..A...5b.. ...)p
	0x7b, 0xa0, 0x07, 0x6f, 0x80, 0x0d, 0x47, 0x04, 0x0d, 0xf1, 0xcd, 0x32, 0x04, 0x42, 0x30, 0x62, // {..o..G....2.B0b
	0x60, 0x00, 0x20, 0x08, 0x06, 0x0b, 0x29, 0x8c, 0x01, 0x1a, 0xcc, 0x12, 0x08, 0x23, 0x06, 0x07, // `. ...)......#..
	0x00, 0x82, 0x60, 0x90, 0xfd, 0x01, 0x87, 0x90, 0xc1, 0x68, 0x42, 0x20, 0x0c, 0x47, 0x04, 0x12, // ..`......hB .G..
	0xf1, 0xcd, 0x32, 0x0c, 0x45, 0x30, 0x62, 0xf0, 0x00, 0x20, 0x08, 0x06, 0x52, 0x29, 0x8c, 0x81, // ..2.E0b.. ..R)..
	0xc3, 0x28, 0x89, 0x24, 0xfd, 0xc1, 0x1f, 0x74, 0xd2, 0x68, 0x42, 0x00, 0x8c, 0x26, 0x08, 0xc1, // .(.$...t.hB..&..
	0x68, 0xc2, 0x20, 0x8c, 0x26, 0x10, 0xc3, 0x88, 0xc1, 0x01, 0x80, 0x20, 0x18, 0x64, 0xa7, 0x40, // h. .&...... .d.@
	0x06, 0xd0, 0x28, 0x8c, 0x26, 0x04, 0xc0, 0x70, 0xc4, 0x10, 0x28, 0xdf, 0x2c, 0x43, 0x41, 0x04, // ..(.&..p..(.,CA.
	0x23, 0x06, 0x09, 0x00, 0x82, 0x60, 0x80, 0xc0, 0x82, 0x19, 0x9c, 0xc2, 0x29, 0xf0, 0x41, 0x36, // #....`......).A6
	0x62, 0x90, 0x00, 0x20, 0x08, 0x06, 0x08, 0x2c, 0x98, 0xc1, 0x29, 0x9c, 0x82, 0x1e, 0x64, 0x23, // b.. ...,..)...d#
	0x06, 0x09, 0x00, 0x82, 0x60, 0x80, 0xc0, 0x82, 0x19, 0x9c, 0xc2, 0x29, 0xec, 0x41, 0x36, 0x62, // ....`......).A6b
	0x90, 0x00, 0x20, 0x08, 0x06, 0x08, 0x2c, 0x98, 0xc1, 0x29, 0x9c, 0x82, 0x1f, 0x64, 0xb3, 0x04, // .. ...,..)...d..
	0xdd, 0x40, 0xc5, 0xe0, 0x0c, 0x74, 0x20, 0x0c, 0x54, 0x0c, 0xce, 0x60, 0x07, 0xc2, 0x40, 0xc5, // .@...t .T..`..@.
	0xe0, 0x0c, 0x78, 0x20, 0x0c, 0x54, 0x0c, 0xce, 0xa0, 0x07, 0xc2, 0x70, 0x84, 0xc3, 0x05, 0xdf, // ..x .T.....p....
	0x2c, 0x83, 0x81, 0x04, 0x23, 0x06, 0x0f, 0x00, 0x82, 0x60, 0x20, 0xc9, 0x02, 0x1c, 0x70, 0xda, // ,...#....` ...p.
	0x65, 0x7d, 0x1f, 0x2b, 0xb0, 0x82, 0x1a, 0x7c, 0xa3, 0x09, 0x01, 0x30, 0x9a, 0x20, 0x04, 0xa3, // e}.+...|...0. ..
	0x09, 0x83, 0x30, 0x9a, 0x40, 0x0c, 0x23, 0x06, 0x07, 0x00, 0x82, 0x60, 0x90, 0xd1, 0x42, 0x1c, // ..0.@.#....`..B.
	0x74, 0xb0, 0x30, 0x9a, 0x10, 0x04, 0xc3, 0x11, 0x43, 0xa0, 0x7c, 0xb3, 0x0c, 0xc8, 0x11, 0x8c, // t.0.....C.|.....
	0x18, 0x24, 0x00, 0x08, 0x82, 0x01, 0xd2, 0x0b, 0x73, 0x40, 0x0b, 0xb4, 0x90, 0x0a, 0x66, 0x30, // .$......s@....f0
	0x62, 0x90, 0x00, 0x20, 0x08, 0x06, 0x48, 0x2f, 0xcc, 0x01, 0x2d, 0xd0, 0xc2, 0x29, 0x98, 0xc1, // b.. ..H/..-..)..
	0x88, 0x41, 0x02, 0x80, 0x20, 0x18, 0x20, 0xbd, 0x30, 0x07, 0xb4, 0x40, 0x0b, 0xa8, 0x60, 0x06, // .A.. . .0..@..`.
	0x23, 0x06, 0x09, 0x00, 0x82, 0x60, 0x80, 0xf4, 0xc2, 0x1c, 0xd0, 0x02, 0x2d, 0xac, 0x82, 0x19, // #....`......-...
	0xcc, 0x12, 0x74, 0x03, 0x15, 0x83, 0x63, 0xb8, 0x42, 0x31, 0x50, 0x31, 0x38, 0x06, 0x2c, 0x14, // ..t...c.B1P18.,.
	0x03, 0x15, 0x83, 0x63, 0xc8, 0x42, 0x31, 0x50, 0x31, 0x38, 0x06, 0x2d, 0x14, 0x23, 0x06, 0x07, // ...c.B1P18.-.#..
	0x00, 0x82, 0x60, 0x90, 0xed, 0x02, 0x1e, 0x90, 0x41, 0x1f, 0x8c, 0x26, 0x04, 0xc0, 0x68, 0x82, // ..`.....A..&..h.
	0x10, 0x8c, 0x26, 0x0c, 0xc2, 0x68, 0x02, 0x31, 0x0c, 0x47, 0x80, 0xc1, 0x1b, 0x04, 0x9f, 0x15, // ..&..h.1.G......
	0x97, 0x7c, 0xac, 0xb8, 0xe4, 0x63, 0xc5, 0x25, 0x1f, 0x2b, 0x2e, 0xf9, 0x4c, 0x37, 0x10, 0x49, // .|...c.%.+..L7.I
	0x31, 0xdd, 0x40, 0x24, 0xc6, 0x74, 0x03, 0x91, 0x1c, 0xd3, 0x0d, 0x44, 0x82, 0xcc, 0x32, 0x24, // 1.@$.t.....D..2$
	0xd1, 0x36, 0x62, 0x70, 0x00, 0x20, 0x08, 0x06, 0x59, 0x3a, 0x98, 0x82, 0x1c, 0x94, 0xc3, 0x68, // .6bp. ..Y:.....h
	0x42, 0x20, 0x0c, 0x47, 0x04, 0x7c, 0x10, 0x7c, 0xb3, 0x0c, 0xca, 0x12, 0x0c, 0x47, 0x88, 0x81, // B .G.|.|.....G..
	0x1f, 0x10, 0xdf, 0x70, 0x84, 0x18, 0xfc, 0x01, 0xf1, 0x0d, 0x47, 0x88, 0x01, 0x28, 0x10, 0xdf, // ...p......G..(..
	0x70, 0x84, 0x18, 0x84, 0x02, 0xf1, 0x4d, 0x37, 0xfc, 0x81, 0x1f, 0x10, 0xd3, 0x0d, 0xa0, 0xf0, // p.....M7........
	0x07, 0xc4, 0x74, 0x43, 0x28, 0x80, 0x02, 0x31, 0xdd, 0x20, 0x0a, 0xa1, 0x40, 0x98, 0x28, 0xa8, // ..tC(..1. ..@.(.
	0x41, 0x7c, 0x6c, 0x14, 0xd4, 0x20, 0x3e, 0x46, 0x0a, 0x6a, 0x10, 0x1f, 0x2b, 0x05, 0x35, 0x88, // A|l.. >F.j..+.5.
	0x8f, 0x11, 0xa9, 0x20, 0x1f, 0x23, 0x54, 0x41, 0x3e, 0x46, 0xac, 0x82, 0x7c, 0x8c, 0x60, 0x05, // ... .#TA>F..|.`.
	0xf9, 0x98, 0x2a, 0x94, 0x41, 0x7c, 0x6c, 0x15, 0xca, 0x20, 0x3e, 0xc6, 0x0a, 0x65, 0x10, 0x1f, // ..*.A|l.. >..e..
	0x6b, 0x85, 0x32, 0x88, 0x8f, 0x21, 0x84, 0x7c, 0x0c, 0x21, 0xe4, 0x63, 0x08, 0x21, 0x1f, 0x43, // k.2..!.|.!.c.!.C
	0x08, 0xf9, 0x98, 0x2c, 0x10, 0xf1, 0xb1, 0x59, 0x20, 0xe2, 0x63, 0xb4, 0x40, 0xc4, 0xc7, 0x6a, // ...,...Y .c.@..j
	0x81, 0x88, 0x8f, 0xc5, 0x81, 0x1f, 0xc8, 0xc7, 0xe2, 0xc0, 0x0f, 0xe4, 0x63, 0x71, 0xe0, 0x07, // ............cq..
	0xf2, 0xb1, 0x38, 0xf0, 0x03, 0xf9, 0x18, 0xd1, 0x0b, 0xf2, 0x31, 0xc2, 0x17, 0xe4, 0x63, 0xc4, // ..8.......1...c.
	0x2f, 0xc8, 0xc7, 0x08, 0x70, 0x90, 0x8f, 0x31, 0x44, 0x7c, 0x8c, 0x21, 0xe2, 0x63, 0x0c, 0x11, // /...p..1D|.!.c..
	0x1f, 0x63, 0x88, 0xf8, 0x18, 0x41, 0x06, 0xf2, 0x31, 0x82, 0x0c, 0xe4, 0x63, 0x04, 0x19, 0xc8, // .c...A..1...c...
	0xc7, 0x08, 0x32, 0x90, 0x8f, 0x11, 0x0c, 0x7c, 0x8c, 0x60, 0xe0, 0x63, 0x04, 0x03, 0x1f, 0x23, // ..2....|.`.c...#
	0x18, 0xf8, 0x8c, 0x18, 0x1c, 0x00, 0x08, 0x82, 0x01, 0xe5, 0x13, 0xfa, 0x40, 0xac, 0xc3, 0x88, // ............@...
	0xc1, 0x01, 0x80, 0x20, 0x18, 0x50, 0x3f, 0xb1, 0x0f, 0x04, 0x3b, 0x8c, 0x18, 0x1c, 0x00, 0x08, // ... .P?...;.....
	0x82, 0x01, 0x05, 0x16, 0xfc, 0x40, 0xb4, 0xc3, 0x88, 0xc1, 0x01, 0x80, 0x20, 0x18, 0x50, 0x61, // .....@...... .Pa
	0xd1, 0x0f, 0x84, 0x3b, 0x18, 0xb1, 0x07, 0xf2, 0x31, 0x62, 0x0f, 0xe4, 0x63, 0xc4, 0x1e, 0xc8, // ...;....1b..c...
	0xc7, 0x88, 0x3d, 0x90, 0xcf, 0x2c, 0xc1, 0x32, 0x50, 0x31, 0x20, 0x8a, 0x3f, 0x24, 0x03, 0x15, // ..=..,.2P1 .?$..
	0x03, 0xa2, 0xf8, 0x43, 0x32, 0x50, 0x31, 0x20, 0x8a, 0x3f, 0x24, 0x03, 0x15, 0x03, 0xa2, 0xf8, // ...C2P1 .?$.....
	0x43, 0x32, 0x1c, 0xe1, 0x07, 0xfb, 0x10, 0x7c, 0xb3, 0x0c, 0x4c, 0x13, 0x8c, 0x26, 0xa8, 0x03, // C2.....|..L..&..
	0x60, 0xb3, 0x00, 0x0e, 0xf2, 0xb1, 0x59, 0x00, 0x07, 0xf9, 0xd8, 0x2c, 0x80, 0x83, 0x7c, 0x6c, // `.....Y....,..|l
	0x16, 0xc0, 0x41, 0x3e, 0x46, 0x14, 0xf2, 0xb1, 0x60, 0x91, 0x8f, 0x15, 0x87, 0x7c, 0x2c, 0x60, // ..A>F...`....|,`
	0xe4, 0x63, 0x46, 0x22, 0x1f, 0x0b, 0x1a, 0xf9, 0xd8, 0xb1, 0xc8, 0xc7, 0x02, 0x47, 0x3e, 0xb3, // .cF".........G>.
	0x04, 0xcd, 0x40, 0xc5, 0xe0, 0x30, 0x64, 0xb0, 0x0c, 0x54, 0x0c, 0x0c, 0x43, 0x06, 0xcb, 0x40, // ..@..0d..T..C..@
	0xc5, 0xa0, 0x30, 0x64, 0xb0, 0x0c, 0x54, 0x0c, 0x08, 0x43, 0x06, 0xcb, 0x70, 0x04, 0x2c, 0xa0, // ..0d..T..C..p.,.
	0x44, 0xf0, 0xcd, 0x32, 0x38, 0x4f, 0x30, 0x9a, 0xc0, 0x0f, 0x80, 0x95, 0x43, 0x20, 0x1f, 0x2b, // D..28O0.....C .+
	0x07, 0x41, 0x3e, 0x56, 0x0e, 0x83, 0x7c, 0xac, 0x1c, 0x08, 0xf9, 0x18, 0x61, 0x0f, 0xf0, 0x31, // .A>V..|.....a..1
	0xc2, 0x1e, 0xe0, 0x63, 0x84, 0x3d, 0xc0, 0xc7, 0x08, 0x7b, 0x80, 0x8f, 0x39, 0x84, 0x7c, 0xcc, // ...c.=...{..9.|.
	0x21, 0xe4, 0x63, 0x0e, 0x21, 0x1f, 0x73, 0x08, 0xf9, 0xcc, 0x12, 0x3c, 0x03, 0x15, 0x03, 0xe2, // !.c.!.s....<....
	0x90, 0x41, 0x33, 0x50, 0x31, 0x20, 0x0e, 0x19, 0x34, 0x03, 0x15, 0x03, 0xe2, 0x90, 0x41, 0x33, // .A3P1 ..4.....A3
	0x50, 0x31, 0x20, 0x0e, 0x19, 0x34, 0xc3, 0x11, 0xe2, 0x20, 0x16, 0xc1, 0x37, 0xcb, 0x00, 0x45, // P1 ..4... ..7..E
	0x81, 0xed, 0xc4, 0x48, 0xc4, 0xc7, 0x78, 0x62, 0x24, 0xe2, 0x63, 0x3d, 0x31, 0x12, 0xf1, 0x31, // ...H..xb$.c=1..1
	0x9f, 0x18, 0x89, 0xf8, 0xd8, 0x4f, 0xe8, 0x43, 0x7c, 0x0c, 0x2c, 0xf4, 0x21, 0x3e, 0x16, 0x16, // .....O.C|.,.!>..
	0xfa, 0x10, 0x1f, 0x13, 0x0b, 0x7d, 0x88, 0x8f, 0x11, 0x88, 0x7c, 0x8c, 0x40, 0xe4, 0x63, 0x04, // .....}....|.@.c.
	0x22, 0x1f, 0x23, 0x10, 0xf9, 0xd8, 0x59, 0x10, 0xf1, 0x31, 0xb4, 0x20, 0xe2, 0x63, 0x69, 0x41, // ".#...Y..1. .ciA
	0xc4, 0xc7, 0xd4, 0x82, 0x88, 0xcf, 0x88, 0xc1, 0x01, 0x80, 0x20, 0x18, 0x50, 0xbf, 0xb1, 0x17, // .......... .P...
	0x04, 0x5b, 0x8c, 0x18, 0x1c, 0x00, 0x08, 0x82, 0x01, 0x05, 0x1e, 0x7c, 0x41, 0xb4, 0xc5, 0x88, // .[.........|A...
	0xc1, 0x01, 0x80, 0x20, 0x18, 0x50, 0xe1, 0xd1, 0x17, 0x84, 0x5b, 0x8c, 0x18, 0x1c, 0x00, 0x08, // ... .P....[.....
	0x82, 0x01, 0x25, 0x1e, 0x7e, 0x41, 0xbc, 0x85, 0x11, 0x99, 0x7c, 0x8c, 0xc8, 0xe4, 0x63, 0x44, // ..%.~A....|...cD
	0x26, 0x1f, 0x23, 0x32, 0xf9, 0xcc, 0x12, 0x44, 0x03, 0x1d, 0x03, 0x02, 0xe9, 0xc1, 0x03, 0x22, // &.#2...D......."
	0xc8, 0x40, 0xc7, 0x80, 0x40, 0x7a, 0xf0, 0x80, 0x08, 0x32, 0xd0, 0x31, 0x20, 0x90, 0x1e, 0x3c, // .@..@z...2.1 ..<
	0x20, 0x82, 0x0c, 0x74, 0x0c, 0x08, 0xa4, 0x07, 0x0f, 0x88, 0x20, 0x23, 0x06, 0x07, 0x00, 0x82, //  ..t...... #....
	0x60, 0x90, 0xa5, 0x87, 0x69, 0xc8, 0xc5, 0x6b, 0x8c, 0x26, 0x04, 0xc3, 0x70, 0x44, 0xa0, 0x17, // `...i..k.&..pD..
	0xce, 0x37, 0xcb, 0x20, 0x61, 0xc1, 0x68, 0xc2, 0x00, 0x8c, 0x26, 0x10, 0xc1, 0x68, 0x42, 0x21, // .7. a.h...&..hB!
	0x58, 0x5d, 0x0c, 0xf1, 0xb1, 0xba, 0x18, 0xe2, 0x63, 0x75, 0x31, 0xc4, 0xc7, 0x86, 0x41, 0x3e, // X]......cu1...A>
	0x36, 0x0c, 0xf2, 0x31, 0x21, 0x80, 0x8f, 0x11, 0x84, 0x7c, 0x4c, 0x08, 0xe0, 0x33, 0x62, 0x60, // 6..1!....|L..3b`
	0x00, 0x20, 0x08, 0x06, 0xcd, 0x7e, 0xe8, 0x46, 0x30, 0x4b, 0x30, 0x0d, 0x54, 0x0c, 0x2c, 0x23, // . ...~.F0K0.T.,#
	0xa5, 0x83, 0x35, 0x50, 0x41, 0xb0, 0x8f, 0x94, 0x0e, 0xd6, 0x88, 0xc1, 0x01, 0x80, 0x20, 0x18, // ..5PA......... .
	0x64, 0xfa, 0x71, 0x1b, 0xa3, 0x11, 0x8c, 0x26, 0x04, 0xc3, 0x70, 0x44, 0xb0, 0x1a, 0xc1, 0x37, // d.q....&..pD...7
	0xcb, 0x70, 0x51, 0xc1, 0x68, 0xc2, 0x00, 0x8c, 0x26, 0x10, 0xc1, 0x68, 0x42, 0x21, 0xd8, 0x40, // .pQ.h...&..hB!.@
	0xc5, 0xc7, 0x06, 0x2a, 0x3e, 0x36, 0x50, 0xf1, 0x19, 0x31, 0x58, 0x00, 0x10, 0x04, 0x03, 0x8b, // ...*>6P..1X.....
	0x44, 0xd4, 0x63, 0x10, 0x02, 0x6a, 0x92, 0xac, 0x69, 0xe4, 0x63, 0x42, 0x40, 0x9f, 0xe1, 0x88, // D.c..j..i.cB@...
	0xa0, 0x36, 0x84, 0x6f, 0x38, 0x42, 0xa8, 0x0d, 0xe2, 0x2b, 0x21, 0xd0, 0x59, 0x86, 0xca, 0x0a, // .6.o8B...+!.Y...
	0x8c, 0xd0, 0xe4, 0x63, 0x85, 0x26, 0x1f, 0x33, 0x34, 0xf9, 0x18, 0x33, 0xc4, 0xc7, 0x98, 0x21, // ...c.&.34..3...!
	0x3e, 0xc6, 0x0c, 0xf1, 0xb1, 0x61, 0x90, 0x8f, 0x0d, 0x83, 0x7c, 0x4c, 0x08, 0xe0, 0x63, 0x04, // >....a....|L..c.
	0x21, 0x1f, 0x13, 0x02, 0xf8, 0x8c, 0x18, 0x18, 0x00, 0x08, 0x82, 0x41, 0x83, 0x23, 0xf7, 0x11, // !..........A.#..
	0x18, 0x94, 0x1e, 0xf2, 0x31, 0xcb, 0x92, 0x8f, 0x59, 0x96, 0x7c, 0x4c, 0x08, 0xe0, 0x63, 0x9e, // ....1...Y.|L..c.
	0x27, 0x1f, 0x13, 0x02, 0xfa, 0x8c, 0x18, 0x18, 0x00, 0x08, 0x82, 0x41, 0xf3, 0x23, 0x32, 0x12, // '..........A.#2.
	0xd8, 0x15, 0x1f, 0xf2, 0x31, 0xf9, 0x08, 0xe2, 0x63, 0xf2, 0x31, 0x06, 0xf1, 0xb1, 0x40, 0x89, // ....1...c.1...@.
	0x8f, 0x05, 0x0c, 0x7c, 0x2c, 0x20, 0xe8, 0x33, 0x62, 0x60, 0x00, 0x20, 0x08, 0x06, 0x8d, 0x99, // ...|, .3b`. ....
	0xe4, 0x48, 0x60, 0x01, 0x7d, 0xc8, 0xc7, 0xee, 0x23, 0x88, 0x8f, 0x0d, 0x83, 0x7c, 0x2c, 0xe8, // .H`.}...#....|,.
	0x0f, 0xf9, 0x58, 0x30, 0xc8, 0xc7, 0x02, 0x10, 0x81, 0x8f, 0x05, 0x8e, 0x7c, 0x2c, 0xc0, 0x0f, // ..X0........|,..
	0xf8, 0x58, 0x30, 0x07, 0xf2, 0x99, 0x25, 0xb0, 0x06, 0x2a, 0x06, 0xa1, 0x42, 0x07, 0xca, 0xe8, // .X0...%..*..B...
	0x60, 0x4d, 0x60, 0x30, 0xdc, 0x10, 0xc0, 0x08, 0x1a, 0xcc, 0x32, 0x4c, 0x57, 0x30, 0x50, 0x31, // `M`0......2LW0P1
	0xb8, 0xc3, 0x64, 0x58, 0x16, 0xac, 0x82, 0x7c, 0x4c, 0x58, 0x05, 0xf9, 0xd8, 0xb0, 0x0a, 0xf2, // ..dX...|LX......
	0x99, 0x25, 0xc0, 0x06, 0x2a, 0x06, 0xe3, 0xe2, 0x89, 0x68, 0xa0, 0x62, 0x30, 0x2e, 0x9e, 0x88, // .%..*....h.b0...
	0x06, 0x2a, 0x06, 0xe3, 0xe2, 0x89, 0x68, 0xc4, 0xe0, 0x00, 0x40, 0x10, 0x0c, 0x32, 0x3b, 0x99, // .*....h...@..2;.
	0x91, 0xff, 0x90, 0x93, 0xd1, 0x84, 0x60, 0x18, 0x8e, 0x08, 0x4e, 0x24, 0xf8, 0x66, 0x19, 0x32, // ......`...N$.f.2
	0x2d, 0x18, 0x31, 0x30, 0x00, 0x10, 0x04, 0x83, 0xa6, 0x4f, 0xe0, 0x24, 0x16, 0x46, 0x0c, 0x12, // -.10.....O.$.F..
	0x00, 0x04, 0xc1, 0x00, 0x01, 0x15, 0x1b, 0xb9, 0x93, 0x3b, 0x61, 0x93, 0x63, 0xc4, 0x20, 0x01, // .........;a.c. .
	0x40, 0x10, 0x0c, 0x10, 0x50, 0xb1, 0x91, 0x3b, 0xb9, 0x13, 0x35, 0x31, 0x46, 0x0c, 0x12, 0x00, // @...P..;..51F...
	0x04, 0xc1, 0x00, 0x01, 0x15, 0x1b, 0xb9, 0x93, 0x3b, 0x59, 0x93, 0x62, 0xc4, 0x20, 0x01, 0x40, // ........;Y.b. .@
	0x10, 0x0c, 0x10, 0x50, 0xb1, 0x91, 0x3b, 0xb9, 0x13, 0x37, 0x09, 0x66, 0x09, 0xba, 0xd1, 0x84, // ...P..;..7.f....
	0xfd, 0x08, 0x86, 0x23, 0x02, 0x15, 0x11, 0x3e, 0x13, 0x68, 0x41, 0x3e, 0x66, 0x23, 0x41, 0x7c, // ...#...>.hA>f#A|
	0x66, 0x19, 0x36, 0x6e, 0xb0, 0x25, 0x90, 0x8f, 0x2d, 0x82, 0x7c, 0x6c, 0x19, 0xe4, 0x63, 0x2f, // f.6n.%..-.|l..c/
	0x72, 0xd0, 0xc7, 0x02, 0x1e, 0x81, 0xcf, 0x88, 0x41, 0x02, 0x80, 0x20, 0x18, 0x20, 0xa9, 0xf2, // r.......A.. . ..
	0x23, 0xa0, 0x02, 0x2a, 0x75, 0x52, 0x8c, 0x18, 0x24, 0x00, 0x08, 0x82, 0x01, 0x92, 0x2a, 0x3f, // #..*uR..$.....*?
	0x02, 0x2a, 0xa0, 0x32, 0x27, 0xc4, 0x88, 0x41, 0x02, 0x80, 0x20, 0x18, 0x20, 0xa9, 0xf2, 0x23, // .*.2'..A.. . ..#
	0xa0, 0x02, 0x2a, 0x74, 0x32, 0x8c, 0x18, 0x24, 0x00, 0x08, 0x82, 0x01, 0x92, 0x2a, 0x3f, 0x02, // ..*t2..$.....*?.
	0x2a, 0xa0, 0x72, 0x27, 0xc1, 0x2c, 0x41, 0x67, 0xd0, 0x2e, 0xc8, 0xc7, 0x20, 0x5e, 0x90, 0x8f, // *.r'.,Ag.... ^..
	0x41, 0xbd, 0x20, 0x9f, 0x11, 0x03, 0x03, 0x00, 0x41, 0x30, 0x68, 0x54, 0xa5, 0x4f, 0x92, 0x11, // A. .....A0hT.O..
	0x83, 0x04, 0x00, 0x41, 0x30, 0x40, 0x5a, 0x65, 0x4c, 0x48, 0x85, 0x54, 0xf2, 0x84, 0x18, 0x31, // ...A0@ZeLH.T...1
	0x48, 0x00, 0x10, 0x04, 0x03, 0xa4, 0x55, 0xc6, 0x84, 0x54, 0x48, 0xe5, 0x4e, 0x86, 0x11, 0x83, // H.....U..TH.N...
	0x04, 0x00, 0x41, 0x30, 0x40, 0x5a, 0x65, 0x4c, 0x48, 0x85, 0x54, 0xf0, 0x44, 0x18, 0x31, 0x48, // ..A0@ZeLH.T.D.1H
	0x00, 0x10, 0x04, 0x03, 0xa4, 0x55, 0xc6, 0x84, 0x54, 0x48, 0x65, 0x4f, 0x82, 0x59, 0x82, 0x0e, // .....U..THeO.Y..
	0x03, 0x62, 0x00, 0x09, 0x00, 0x00, 0x00, 0x5b, 0x06, 0xe9, 0xf1, 0x83, 0x2d, 0x83, 0x19, 0x3c, // .b.....[....-..<
	0x7f, 0xb0, 0x65, 0x38, 0x85, 0x07, 0x14, 0xb6, 0x0c, 0xab, 0xf0, 0x84, 0xc2, 0x96, 0x61, 0x36, // ..e8..........a6
	0x1e, 0x51, 0xd8, 0x32, 0x98, 0xc7, 0x33, 0x0a, 0x00, 0x00, 0x00, 0x00, 0x00, 0x00, 0x00, 0x00, // .Q.2..3.........
	0x00, 0x00, 0x00, 0x00, 0x00, 0xc0, 0x00,                                                       // .......
};
static const uint8_t fs_flasher_clip_spv[6871] =
{
	0x46, 0x53, 0x48, 0x0c, 0x11, 0xe4, 0xa0, 0x91, 0x00, 0x00, 0x00, 0x00, 0x00, 0x00, 0x00, 0x00, // FSH.............
	0x00, 0x00, 0x00, 0x00, 0x07, 0x00, 0x05, 0x62, 0x61, 0x6c, 0x6c, 0x73, 0x12, 0x08, 0x00, 0x00, // .......balls....
	0x08, 0x00, 0x00, 0x00, 0x00, 0x00, 0x28, 0x61, 0x6d, 0x6f, 0x75, 0x6e, 0x74, 0x5f, 0x62, 0x6c, // ......(amount_bl
	0x65, 0x6e, 0x64, 0x5f, 0x6d, 0x6f, 0x64, 0x75, 0x6c, 0x61, 0x74, 0x65, 0x5f, 0x76, 0x73, 0x5f, // end_modulate_vs_
	0x61, 0x64, 0x64, 0x5f, 0x66, 0x6c, 0x61, 0x73, 0x68, 0x65, 0x72, 0x4d, 0x6f, 0x64, 0x65, 0x12, // add_flasherMode.
	0x01, 0xa0, 0x00, 0x01, 0x00, 0x00, 0x00, 0x00, 0x00, 0x24, 0x61, 0x6c, 0x70, 0x68, 0x61, 0x54, // .........$alphaT
	0x65, 0x73, 0x74, 0x56, 0x61, 0x6c, 0x75, 0x65, 0x41, 0x42, 0x5f, 0x66, 0x69, 0x6c, 0x74, 0x65, // estValueAB_filte
	0x72, 0x4d, 0x6f, 0x64, 0x65, 0x5f, 0x61, 0x64, 0x64, 0x42, 0x6c, 0x65, 0x6e, 0x64, 0x12, 0x01, // rMode_addBlend..
	0x90, 0x00, 0x01, 0x00, 0x00, 0x00, 0x00, 0x00, 0x11, 0x73, 0x74, 0x61, 0x74, 0x69, 0x63, 0x43, // .........staticC
	0x6f, 0x6c, 0x6f, 0x72, 0x5f, 0x41, 0x6c, 0x70, 0x68, 0x61, 0x12, 0x01, 0x80, 0x00, 0x01, 0x00, // olor_Alpha......
	0x00, 0x00, 0x00, 0x00, 0x14, 0x6c, 0x69, 0x67, 0x68, 0x74, 0x43, 0x65, 0x6e, 0x74, 0x65, 0x72, // .....lightCenter
	0x5f, 0x64, 0x6f, 0x53, 0x68, 0x61, 0x64, 0x6f, 0x77, 0x12, 0x01, 0xb0, 0x00, 0x01, 0x00, 0x00, // _doShadow.......
	0x00, 0x00, 0x00, 0x0d, 0x74, 0x65, 0x78, 0x5f, 0x66, 0x6c, 0x61, 0x73, 0x68, 0x65, 0x72, 0x5f, // ....tex_flasher_
	0x41, 0x30, 0x00, 0x02, 0x00, 0x00, 0x00, 0x00, 0x02, 0x29, 0x00, 0x0d, 0x74, 0x65, 0x78, 0x5f, // A0.......)..tex_
	0x66, 0x6c, 0x61, 0x73, 0x68, 0x65, 0x72, 0x5f, 0x42, 0x30, 0x00, 0x03, 0x00, 0x00, 0x00, 0x00, // flasher_B0......
	0x02, 0x29, 0x00, 0xdc, 0x19, 0x00, 0x00, 0x03, 0x02, 0x23, 0x07, 0x00, 0x00, 0x01, 0x00, 0x0b, // .).......#......
	0x00, 0x08, 0x00, 0x03, 0x04, 0x00, 0x00, 0x00, 0x00, 0x00, 0x00, 0x11, 0x00, 0x02, 0x00, 0x01, // ................
	0x00, 0x00, 0x00, 0x0b, 0x00, 0x06, 0x00, 0x01, 0x00, 0x00, 0x00, 0x47, 0x4c, 0x53, 0x4c, 0x2e, // ...........GLSL.
	0x73, 0x74, 0x64, 0x2e, 0x34, 0x35, 0x30, 0x00, 0x00, 0x00, 0x00, 0x0e, 0x00, 0x03, 0x00, 0x00, // std.450.........
	0x00, 0x00, 0x00, 0x01, 0x00, 0x00, 0x00, 0x0f, 0x00, 0x09, 0x00, 0x04, 0x00, 0x00, 0x00, 0x04, // ................
	0x00, 0x00, 0x00, 0x6d, 0x61, 0x69, 0x6e, 0x00, 0x00, 0x00, 0x00, 0xf2, 0x01, 0x00, 0x00, 0xf6, // ...main.........
	0x01, 0x00, 0x00, 0xfa, 0x01, 0x00, 0x00, 0x09, 0x02, 0x00, 0x00, 0x10, 0x00, 0x03, 0x00, 0x04, // ................
	0x00, 0x00, 0x00, 0x07, 0x00, 0x00, 0x00, 0x10, 0x00, 0x03, 0x00, 0x04, 0x00, 0x00, 0x00, 0x09, // ................
	0x00, 0x00, 0x00, 0x03, 0x00, 0x03, 0x00, 0x05, 0x00, 0x00, 0x00, 0xf4, 0x01, 0x00, 0x00, 0x05, // ................
	0x00, 0x04, 0x00, 0x04, 0x00, 0x00, 0x00, 0x6d, 0x61, 0x69, 0x6e, 0x00, 0x00, 0x00, 0x00, 0x05, // .......main.....
	0x00, 0x08, 0x00, 0x46, 0x00, 0x00, 0x00, 0x74, 0x65, 0x78, 0x5f, 0x66, 0x6c, 0x61, 0x73, 0x68, // ...F...tex_flash
	0x65, 0x72, 0x5f, 0x41, 0x53, 0x61, 0x6d, 0x70, 0x6c, 0x65, 0x72, 0x00, 0x00, 0x00, 0x00, 0x05, // er_ASampler.....
	0x00, 0x08, 0x00, 0x49, 0x00, 0x00, 0x00, 0x74, 0x65, 0x78, 0x5f, 0x66, 0x6c, 0x61, 0x73, 0x68, // ...I...tex_flash
	0x65, 0x72, 0x5f, 0x41, 0x54, 0x65, 0x78, 0x74, 0x75, 0x72, 0x65, 0x00, 0x00, 0x00, 0x00, 0x05, // er_ATexture.....
	0x00, 0x08, 0x00, 0x4d, 0x00, 0x00, 0x00, 0x74, 0x65, 0x78, 0x5f, 0x66, 0x6c, 0x61, 0x73, 0x68, // ...M...tex_flash
	0x65, 0x72, 0x5f, 0x42, 0x53, 0x61, 0x6d, 0x70, 0x6c, 0x65, 0x72, 0x00, 0x00, 0x00, 0x00, 0x05, // er_BSampler.....
	0x00, 0x08, 0x00, 0x4f, 0x00, 0x00, 0x00, 0x74, 0x65, 0x78, 0x5f, 0x66, 0x6c, 0x61, 0x73, 0x68, // ...O...tex_flash
	0x65, 0x72, 0x5f, 0x42, 0x54, 0x65, 0x78, 0x74, 0x75, 0x72, 0x65, 0x00, 0x00, 0x00, 0x00, 0x05, // er_BTexture.....
	0x00, 0x06, 0x00, 0xb5, 0x00, 0x00, 0x00, 0x55, 0x6e, 0x69, 0x66, 0x6f, 0x72, 0x6d, 0x42, 0x6c, // .......UniformBl
	0x6f, 0x63, 0x6b, 0x00, 0x00, 0x00, 0x00, 0x06, 0x00, 0x05, 0x00, 0xb5, 0x00, 0x00, 0x00, 0x00, // ock.............
	0x00, 0x00, 0x00, 0x62, 0x61, 0x6c, 0x6c, 0x73, 0x00, 0x00, 0x00, 0x06, 0x00, 0x08, 0x00, 0xb5, // ...balls........
	0x00, 0x00, 0x00, 0x01, 0x00, 0x00, 0x00, 0x73, 0x74, 0x61, 0x74, 0x69, 0x63, 0x43, 0x6f, 0x6c, // .......staticCol
	0x6f, 0x72, 0x5f, 0x41, 0x6c, 0x70, 0x68, 0x61, 0x00, 0x00, 0x00, 0x06, 0x00, 0x0d, 0x00, 0xb5, // or_Alpha........
	0x00, 0x00, 0x00, 0x02, 0x00, 0x00, 0x00, 0x61, 0x6c, 0x70, 0x68, 0x61, 0x54, 0x65, 0x73, 0x74, // .......alphaTest
	0x56, 0x61, 0x6c, 0x75, 0x65, 0x41, 0x42, 0x5f, 0x66, 0x69, 0x6c, 0x74, 0x65, 0x72, 0x4d, 0x6f, // ValueAB_filterMo
	0x64, 0x65, 0x5f, 0x61, 0x64, 0x64, 0x42, 0x6c, 0x65, 0x6e, 0x64, 0x00, 0x00, 0x00, 0x00, 0x06, // de_addBlend.....
	0x00, 0x0e, 0x00, 0xb5, 0x00, 0x00, 0x00, 0x03, 0x00, 0x00, 0x00, 0x61, 0x6d, 0x6f, 0x75, 0x6e, // ...........amoun
	0x74, 0x5f, 0x62, 0x6c, 0x65, 0x6e, 0x64, 0x5f, 0x6d, 0x6f, 0x64, 0x75, 0x6c, 0x61, 0x74, 0x65, // t_blend_modulate
	0x5f, 0x76, 0x73, 0x5f, 0x61, 0x64, 0x64, 0x5f, 0x66, 0x6c, 0x61, 0x73, 0x68, 0x65, 0x72, 0x4d, // _vs_add_flasherM
	0x6f, 0x64, 0x65, 0x00, 0x00, 0x00, 0x00, 0x06, 0x00, 0x09, 0x00, 0xb5, 0x00, 0x00, 0x00, 0x04, // ode.............
	0x00, 0x00, 0x00, 0x6c, 0x69, 0x67, 0x68, 0x74, 0x43, 0x65, 0x6e, 0x74, 0x65, 0x72, 0x5f, 0x64, // ...lightCenter_d
	0x6f, 0x53, 0x68, 0x61, 0x64, 0x6f, 0x77, 0x00, 0x00, 0x00, 0x00, 0x05, 0x00, 0x03, 0x00, 0xb7, // oShadow.........
	0x00, 0x00, 0x00, 0x00, 0x00, 0x00, 0x00, 0x05, 0x00, 0x06, 0x00, 0xf2, 0x01, 0x00, 0x00, 0x76, // ...............v
	0x5f, 0x63, 0x6c, 0x69, 0x70, 0x44, 0x69, 0x73, 0x74, 0x61, 0x6e, 0x63, 0x65, 0x00, 0x00, 0x05, // _clipDistance...
	0x00, 0x05, 0x00, 0xf6, 0x01, 0x00, 0x00, 0x76, 0x5f, 0x74, 0x61, 0x62, 0x6c, 0x65, 0x50, 0x6f, // .......v_tablePo
	0x73, 0x00, 0x00, 0x05, 0x00, 0x05, 0x00, 0xfa, 0x01, 0x00, 0x00, 0x76, 0x5f, 0x74, 0x65, 0x78, // s..........v_tex
	0x63, 0x6f, 0x6f, 0x72, 0x64, 0x30, 0x00, 0x05, 0x00, 0x06, 0x00, 0x09, 0x02, 0x00, 0x00, 0x62, // coord0.........b
	0x67, 0x66, 0x78, 0x5f, 0x46, 0x72, 0x61, 0x67, 0x44, 0x61, 0x74, 0x61, 0x30, 0x00, 0x00, 0x47, // gfx_FragData0..G
	0x00, 0x04, 0x00, 0x46, 0x00, 0x00, 0x00, 0x21, 0x00, 0x00, 0x00, 0x12, 0x00, 0x00, 0x00, 0x47, // ...F...!.......G
	0x00, 0x04, 0x00, 0x46, 0x00, 0x00, 0x00, 0x22, 0x00, 0x00, 0x00, 0x00, 0x00, 0x00, 0x00, 0x47, // ...F...".......G
	0x00, 0x04, 0x00, 0x49, 0x00, 0x00, 0x00, 0x21, 0x00, 0x00, 0x00, 0x02, 0x00, 0x00, 0x00, 0x47, // ...I...!.......G
	0x00, 0x04, 0x00, 0x49, 0x00, 0x00, 0x00, 0x22, 0x00, 0x00, 0x00, 0x00, 0x00, 0x00, 0x00, 0x47, // ...I...".......G
	0x00, 0x04, 0x00, 0x4d, 0x00, 0x00, 0x00, 0x21, 0x00, 0x00, 0x00, 0x13, 0x00, 0x00, 0x00, 0x47, // ...M...!.......G
	0x00, 0x04, 0x00, 0x4d, 0x00, 0x00, 0x00, 0x22, 0x00, 0x00, 0x00, 0x00, 0x00, 0x00, 0x00, 0x47, // ...M...".......G
	0x00, 0x04, 0x00, 0x4f, 0x00, 0x00, 0x00, 0x21, 0x00, 0x00, 0x00, 0x03, 0x00, 0x00, 0x00, 0x47, // ...O...!.......G
	0x00, 0x04, 0x00, 0x4f, 0x00, 0x00, 0x00, 0x22, 0x00, 0x00, 0x00, 0x00, 0x00, 0x00, 0x00, 0x47, // ...O...".......G
	0x00, 0x04, 0x00, 0xb4, 0x00, 0x00, 0x00, 0x06, 0x00, 0x00, 0x00, 0x10, 0x00, 0x00, 0x00, 0x47, // ...............G
	0x00, 0x03, 0x00, 0xb5, 0x00, 0x00, 0x00, 0x02, 0x00, 0x00, 0x00, 0x48, 0x00, 0x05, 0x00, 0xb5, // ...........H....
	0x00, 0x00, 0x00, 0x00, 0x00, 0x00, 0x00, 0x23, 0x00, 0x00, 0x00, 0x00, 0x00, 0x00, 0x00, 0x48, // .......#.......H
	0x00, 0x05, 0x00, 0xb5, 0x00, 0x00, 0x00, 0x01, 0x00, 0x00, 0x00, 0x23, 0x00, 0x00, 0x00, 0x80, // ...........#....
	0x00, 0x00, 0x00, 0x48, 0x00, 0x05, 0x00, 0xb5, 0x00, 0x00, 0x00, 0x02, 0x00, 0x00, 0x00, 0x23, // ...H...........#
	0x00, 0x00, 0x00, 0x90, 0x00, 0x00, 0x00, 0x48, 0x00, 0x05, 0x00, 0xb5, 0x00, 0x00, 0x00, 0x03, // .......H........
	0x00, 0x00, 0x00, 0x23, 0x00, 0x00, 0x00, 0xa0, 0x00, 0x00, 0x00, 0x48, 0x00, 0x05, 0x00, 0xb5, // ...#.......H....
	0x00, 0x00, 0x00, 0x04, 0x00, 0x00, 0x00, 0x23, 0x00, 0x00, 0x00, 0xb0, 0x00, 0x00, 0x00, 0x47, // .......#.......G
	0x00, 0x04, 0x00, 0xb7, 0x00, 0x00, 0x00, 0x21, 0x00, 0x00, 0x00, 0x01, 0x00, 0x00, 0x00, 0x47, // .......!.......G
	0x00, 0x04, 0x00, 0xb7, 0x00, 0x00, 0x00, 0x22, 0x00, 0x00, 0x00, 0x00, 0x00, 0x00, 0x00, 0x47, // .......".......G
	0x00, 0x04, 0x00, 0xf2, 0x01, 0x00, 0x00, 0x1e, 0x00, 0x00, 0x00, 0x00, 0x00, 0x00, 0x00, 0x47, // ...............G
	0x00, 0x04, 0x00, 0xf6, 0x01, 0x00, 0x00, 0x1e, 0x00, 0x00, 0x00, 0x01, 0x00, 0x00, 0x00, 0x47, // ...............G
	0x00, 0x04, 0x00, 0xfa, 0x01, 0x00, 0x00, 0x1e, 0x00, 0x00, 0x00, 0x02, 0x00, 0x00, 0x00, 0x47, // ...............G
	0x00, 0x04, 0x00, 0x09, 0x02, 0x00, 0x00, 0x1e, 0x00, 0x00, 0x00, 0x00, 0x00, 0x00, 0x00, 0x13, // ................
	0x00, 0x02, 0x00, 0x02, 0x00, 0x00, 0x00, 0x21, 0x00, 0x03, 0x00, 0x03, 0x00, 0x00, 0x00, 0x02, // .......!........
	0x00, 0x00, 0x00, 0x1a, 0x00, 0x02, 0x00, 0x06, 0x00, 0x00, 0x00, 0x16, 0x00, 0x03, 0x00, 0x07, // ................
	0x00, 0x00, 0x00, 0x20, 0x00, 0x00, 0x00, 0x19, 0x00, 0x09, 0x00, 0x08, 0x00, 0x00, 0x00, 0x07, // ... ............
	0x00, 0x00, 0x00, 0x01, 0x00, 0x00, 0x00, 0x00, 0x00, 0x00, 0x00, 0x00, 0x00, 0x00, 0x00, 0x00, // ................
	0x00, 0x00, 0x00, 0x01, 0x00, 0x00, 0x00, 0x00, 0x00, 0x00, 0x00, 0x17, 0x00, 0x04, 0x00, 0x0b, // ................
	0x00, 0x00, 0x00, 0x07, 0x00, 0x00, 0x00, 0x02, 0x00, 0x00, 0x00, 0x17, 0x00, 0x04, 0x00, 0x0d, // ................
	0x00, 0x00, 0x00, 0x07, 0x00, 0x00, 0x00, 0x04, 0x00, 0x00, 0x00, 0x17, 0x00, 0x04, 0x00, 0x33, // ...............3
	0x00, 0x00, 0x00, 0x07, 0x00, 0x00, 0x00, 0x03, 0x00, 0x00, 0x00, 0x20, 0x00, 0x04, 0x00, 0x45, // ........... ...E
	0x00, 0x00, 0x00, 0x00, 0x00, 0x00, 0x00, 0x06, 0x00, 0x00, 0x00, 0x3b, 0x00, 0x04, 0x00, 0x45, // ...........;...E
	0x00, 0x00, 0x00, 0x46, 0x00, 0x00, 0x00, 0x00, 0x00, 0x00, 0x00, 0x20, 0x00, 0x04, 0x00, 0x48, // ...F....... ...H
	0x00, 0x00, 0x00, 0x00, 0x00, 0x00, 0x00, 0x08, 0x00, 0x00, 0x00, 0x3b, 0x00, 0x04, 0x00, 0x48, // ...........;...H
	0x00, 0x00, 0x00, 0x49, 0x00, 0x00, 0x00, 0x00, 0x00, 0x00, 0x00, 0x3b, 0x00, 0x04, 0x00, 0x45, // ...I.......;...E
	0x00, 0x00, 0x00, 0x4d, 0x00, 0x00, 0x00, 0x00, 0x00, 0x00, 0x00, 0x3b, 0x00, 0x04, 0x00, 0x48, // ...M.......;...H
	0x00, 0x00, 0x00, 0x4f, 0x00, 0x00, 0x00, 0x00, 0x00, 0x00, 0x00, 0x15, 0x00, 0x04, 0x00, 0x52, // ...O...........R
	0x00, 0x00, 0x00, 0x20, 0x00, 0x00, 0x00, 0x01, 0x00, 0x00, 0x00, 0x2b, 0x00, 0x04, 0x00, 0x52, // ... .......+...R
	0x00, 0x00, 0x00, 0x53, 0x00, 0x00, 0x00, 0x01, 0x00, 0x00, 0x00, 0x2b, 0x00, 0x04, 0x00, 0x52, // ...S.......+...R
	0x00, 0x00, 0x00, 0x57, 0x00, 0x00, 0x00, 0x00, 0x00, 0x00, 0x00, 0x1b, 0x00, 0x03, 0x00, 0x5b, // ...W...........[
	0x00, 0x00, 0x00, 0x08, 0x00, 0x00, 0x00, 0x2b, 0x00, 0x04, 0x00, 0x07, 0x00, 0x00, 0x00, 0x72, // .......+.......r
	0x00, 0x00, 0x00, 0x00, 0x00, 0x80, 0x3f, 0x2b, 0x00, 0x04, 0x00, 0x07, 0x00, 0x00, 0x00, 0x7c, // ......?+.......|
	0x00, 0x00, 0x00, 0x00, 0x00, 0x00, 0x00, 0x2c, 0x00, 0x07, 0x00, 0x0d, 0x00, 0x00, 0x00, 0x7d, // .......,.......}
	0x00, 0x00, 0x00, 0x7c, 0x00, 0x00, 0x00, 0x7c, 0x00, 0x00, 0x00, 0x7c, 0x00, 0x00, 0x00, 0x7c, // ...|...|...|...|
	0x00, 0x00, 0x00, 0x2b, 0x00, 0x04, 0x00, 0x07, 0x00, 0x00, 0x00, 0x89, 0x00, 0x00, 0x00, 0x00, // ...+............
	0x00, 0x00, 0x3f, 0x2c, 0x00, 0x07, 0x00, 0x0d, 0x00, 0x00, 0x00, 0x8a, 0x00, 0x00, 0x00, 0x89, // ..?,............
	0x00, 0x00, 0x00, 0x89, 0x00, 0x00, 0x00, 0x89, 0x00, 0x00, 0x00, 0x89, 0x00, 0x00, 0x00, 0x2b, // ...............+
	0x00, 0x04, 0x00, 0x07, 0x00, 0x00, 0x00, 0x90, 0x00, 0x00, 0x00, 0x00, 0x00, 0x00, 0x40, 0x2b, // ..............@+
	0x00, 0x04, 0x00, 0x52, 0x00, 0x00, 0x00, 0xae, 0x00, 0x00, 0x00, 0x08, 0x00, 0x00, 0x00, 0x14, // ...R............
	0x00, 0x02, 0x00, 0xaf, 0x00, 0x00, 0x00, 0x15, 0x00, 0x04, 0x00, 0xb2, 0x00, 0x00, 0x00, 0x20, // ............... 
	0x00, 0x00, 0x00, 0x00, 0x00, 0x00, 0x00, 0x2b, 0x00, 0x04, 0x00, 0xb2, 0x00, 0x00, 0x00, 0xb3, // .......+........
	0x00, 0x00, 0x00, 0x08, 0x00, 0x00, 0x00, 0x1c, 0x00, 0x04, 0x00, 0xb4, 0x00, 0x00, 0x00, 0x0d, // ................
	0x00, 0x00, 0x00, 0xb3, 0x00, 0x00, 0x00, 0x1e, 0x00, 0x07, 0x00, 0xb5, 0x00, 0x00, 0x00, 0xb4, // ................
	0x00, 0x00, 0x00, 0x0d, 0x00, 0x00, 0x00, 0x0d, 0x00, 0x00, 0x00, 0x0d, 0x00, 0x00, 0x00, 0x0d, // ................
	0x00, 0x00, 0x00, 0x20, 0x00, 0x04, 0x00, 0xb6, 0x00, 0x00, 0x00, 0x02, 0x00, 0x00, 0x00, 0xb5, // ... ............
	0x00, 0x00, 0x00, 0x3b, 0x00, 0x04, 0x00, 0xb6, 0x00, 0x00, 0x00, 0xb7, 0x00, 0x00, 0x00, 0x02, // ...;............
	0x00, 0x00, 0x00, 0x2b, 0x00, 0x04, 0x00, 0xb2, 0x00, 0x00, 0x00, 0xb9, 0x00, 0x00, 0x00, 0x03, // ...+............
	0x00, 0x00, 0x00, 0x20, 0x00, 0x04, 0x00, 0xba, 0x00, 0x00, 0x00, 0x02, 0x00, 0x00, 0x00, 0x07, // ... ............
	0x00, 0x00, 0x00, 0x20, 0x00, 0x04, 0x00, 0xc5, 0x00, 0x00, 0x00, 0x02, 0x00, 0x00, 0x00, 0x0d, // ... ............
	0x00, 0x00, 0x00, 0x2b, 0x00, 0x04, 0x00, 0x07, 0x00, 0x00, 0x00, 0xe6, 0x00, 0x00, 0x00, 0x00, // ...+............
	0x00, 0xa0, 0x40, 0x2b, 0x00, 0x04, 0x00, 0xb2, 0x00, 0x00, 0x00, 0xee, 0x00, 0x00, 0x00, 0x00, // ..@+............
	0x00, 0x00, 0x00, 0x2b, 0x00, 0x04, 0x00, 0xb2, 0x00, 0x00, 0x00, 0xf4, 0x00, 0x00, 0x00, 0x01, // ...+............
	0x00, 0x00, 0x00, 0x2b, 0x00, 0x04, 0x00, 0x07, 0x00, 0x00, 0x00, 0x01, 0x01, 0x00, 0x00, 0x66, // ...+...........f
	0x66, 0x66, 0xbf, 0x2b, 0x00, 0x04, 0x00, 0x07, 0x00, 0x00, 0x00, 0x02, 0x01, 0x00, 0x00, 0x66, // ff.+...........f
	0x66, 0x66, 0x3f, 0x2b, 0x00, 0x04, 0x00, 0x52, 0x00, 0x00, 0x00, 0x1e, 0x01, 0x00, 0x00, 0x03, // ff?+...R........
	0x00, 0x00, 0x00, 0x2b, 0x00, 0x04, 0x00, 0xb2, 0x00, 0x00, 0x00, 0x1f, 0x01, 0x00, 0x00, 0x02, // ...+............
	0x00, 0x00, 0x00, 0x2b, 0x00, 0x04, 0x00, 0x52, 0x00, 0x00, 0x00, 0x2d, 0x01, 0x00, 0x00, 0x02, // ...+...R...-....
	0x00, 0x00, 0x00, 0x2b, 0x00, 0x04, 0x00, 0x07, 0x00, 0x00, 0x00, 0x69, 0x01, 0x00, 0x00, 0x00, // ...+.......i....
	0x00, 0x40, 0x40, 0x2b, 0x00, 0x04, 0x00, 0x07, 0x00, 0x00, 0x00, 0x88, 0x01, 0x00, 0x00, 0x00, // .@@+............
	0x00, 0x80, 0x40, 0x2b, 0x00, 0x04, 0x00, 0x52, 0x00, 0x00, 0x00, 0x93, 0x01, 0x00, 0x00, 0x04, // ..@+...R........
	0x00, 0x00, 0x00, 0x20, 0x00, 0x04, 0x00, 0xf1, 0x01, 0x00, 0x00, 0x01, 0x00, 0x00, 0x00, 0x07, // ... ............
	0x00, 0x00, 0x00, 0x3b, 0x00, 0x04, 0x00, 0xf1, 0x01, 0x00, 0x00, 0xf2, 0x01, 0x00, 0x00, 0x01, // ...;............
	0x00, 0x00, 0x00, 0x20, 0x00, 0x04, 0x00, 0xf5, 0x01, 0x00, 0x00, 0x01, 0x00, 0x00, 0x00, 0x33, // ... ...........3
	0x00, 0x00, 0x00, 0x3b, 0x00, 0x04, 0x00, 0xf5, 0x01, 0x00, 0x00, 0xf6, 0x01, 0x00, 0x00, 0x01, // ...;............
	0x00, 0x00, 0x00, 0x20, 0x00, 0x04, 0x00, 0xf9, 0x01, 0x00, 0x00, 0x01, 0x00, 0x00, 0x00, 0x0b, // ... ............
	0x00, 0x00, 0x00, 0x3b, 0x00, 0x04, 0x00, 0xf9, 0x01, 0x00, 0x00, 0xfa, 0x01, 0x00, 0x00, 0x01, // ...;............
	0x00, 0x00, 0x00, 0x20, 0x00, 0x04, 0x00, 0x08, 0x02, 0x00, 0x00, 0x03, 0x00, 0x00, 0x00, 0x0d, // ... ............
	0x00, 0x00, 0x00, 0x3b, 0x00, 0x04, 0x00, 0x08, 0x02, 0x00, 0x00, 0x09, 0x02, 0x00, 0x00, 0x03, // ...;............
	0x00, 0x00, 0x00, 0x2a, 0x00, 0x03, 0x00, 0xaf, 0x00, 0x00, 0x00, 0x1f, 0x02, 0x00, 0x00, 0x29, // ...*...........)
	0x00, 0x03, 0x00, 0xaf, 0x00, 0x00, 0x00, 0x22, 0x02, 0x00, 0x00, 0x2c, 0x00, 0x07, 0x00, 0x0d, // ......."...,....
	0x00, 0x00, 0x00, 0xd2, 0x03, 0x00, 0x00, 0x72, 0x00, 0x00, 0x00, 0x72, 0x00, 0x00, 0x00, 0x72, // .......r...r...r
	0x00, 0x00, 0x00, 0x72, 0x00, 0x00, 0x00, 0x01, 0x00, 0x03, 0x00, 0x0d, 0x00, 0x00, 0x00, 0xd5, // ...r............
	0x03, 0x00, 0x00, 0x01, 0x00, 0x03, 0x00, 0x07, 0x00, 0x00, 0x00, 0xf2, 0x03, 0x00, 0x00, 0x36, // ...............6
	0x00, 0x05, 0x00, 0x02, 0x00, 0x00, 0x00, 0x04, 0x00, 0x00, 0x00, 0x00, 0x00, 0x00, 0x00, 0x03, // ................
	0x00, 0x00, 0x00, 0xf8, 0x00, 0x02, 0x00, 0x05, 0x00, 0x00, 0x00, 0x3d, 0x00, 0x04, 0x00, 0x06, // ...........=....
	0x00, 0x00, 0x00, 0x47, 0x00, 0x00, 0x00, 0x46, 0x00, 0x00, 0x00, 0x3d, 0x00, 0x04, 0x00, 0x08, // ...G...F...=....
	0x00, 0x00, 0x00, 0x4a, 0x00, 0x00, 0x00, 0x49, 0x00, 0x00, 0x00, 0x3d, 0x00, 0x04, 0x00, 0x06, // ...J...I...=....
	0x00, 0x00, 0x00, 0x4e, 0x00, 0x00, 0x00, 0x4d, 0x00, 0x00, 0x00, 0x3d, 0x00, 0x04, 0x00, 0x08, // ...N...M...=....
	0x00, 0x00, 0x00, 0x50, 0x00, 0x00, 0x00, 0x4f, 0x00, 0x00, 0x00, 0x3d, 0x00, 0x04, 0x00, 0x07, // ...P...O...=....
	0x00, 0x00, 0x00, 0xf3, 0x01, 0x00, 0x00, 0xf2, 0x01, 0x00, 0x00, 0x3d, 0x00, 0x04, 0x00, 0x33, // ...........=...3
	0x00, 0x00, 0x00, 0xf7, 0x01, 0x00, 0x00, 0xf6, 0x01, 0x00, 0x00, 0x3d, 0x00, 0x04, 0x00, 0x0b, // ...........=....
	0x00, 0x00, 0x00, 0xfb, 0x01, 0x00, 0x00, 0xfa, 0x01, 0x00, 0x00, 0xf7, 0x00, 0x03, 0x00, 0xfa, // ................
	0x02, 0x00, 0x00, 0x00, 0x00, 0x00, 0x00, 0xfb, 0x00, 0x03, 0x00, 0xee, 0x00, 0x00, 0x00, 0x47, // ...............G
	0x02, 0x00, 0x00, 0xf8, 0x00, 0x02, 0x00, 0x47, 0x02, 0x00, 0x00, 0xb8, 0x00, 0x05, 0x00, 0xaf, // .......G........
	0x00, 0x00, 0x00, 0x4a, 0x02, 0x00, 0x00, 0xf3, 0x01, 0x00, 0x00, 0x7c, 0x00, 0x00, 0x00, 0xf7, // ...J.......|....
	0x00, 0x03, 0x00, 0x4c, 0x02, 0x00, 0x00, 0x00, 0x00, 0x00, 0x00, 0xfa, 0x00, 0x04, 0x00, 0x4a, // ...L...........J
	0x02, 0x00, 0x00, 0x4b, 0x02, 0x00, 0x00, 0x4c, 0x02, 0x00, 0x00, 0xf8, 0x00, 0x02, 0x00, 0x4b, // ...K...L.......K
	0x02, 0x00, 0x00, 0xfc, 0x00, 0x01, 0x00, 0xf8, 0x00, 0x02, 0x00, 0x4c, 0x02, 0x00, 0x00, 0x41, // ...........L...A
	0x00, 0x06, 0x00, 0xba, 0x00, 0x00, 0x00, 0x4d, 0x02, 0x00, 0x00, 0xb7, 0x00, 0x00, 0x00, 0x1e, // .......M........
	0x01, 0x00, 0x00, 0x1f, 0x01, 0x00, 0x00, 0x3d, 0x00, 0x04, 0x00, 0x07, 0x00, 0x00, 0x00, 0x4e, // .......=.......N
	0x02, 0x00, 0x00, 0x4d, 0x02, 0x00, 0x00, 0xb8, 0x00, 0x05, 0x00, 0xaf, 0x00, 0x00, 0x00, 0x4f, // ...M...........O
	0x02, 0x00, 0x00, 0x4e, 0x02, 0x00, 0x00, 0x90, 0x00, 0x00, 0x00, 0xf7, 0x00, 0x03, 0x00, 0x5c, // ...N............
	0x02, 0x00, 0x00, 0x02, 0x00, 0x00, 0x00, 0xfa, 0x00, 0x04, 0x00, 0x4f, 0x02, 0x00, 0x00, 0x50, // ...........O...P
	0x02, 0x00, 0x00, 0x5c, 0x02, 0x00, 0x00, 0xf8, 0x00, 0x02, 0x00, 0x50, 0x02, 0x00, 0x00, 0x56, // ...........P...V
	0x00, 0x05, 0x00, 0x5b, 0x00, 0x00, 0x00, 0x06, 0x03, 0x00, 0x00, 0x4a, 0x00, 0x00, 0x00, 0x47, // ...[.......J...G
	0x00, 0x00, 0x00, 0x57, 0x00, 0x05, 0x00, 0x0d, 0x00, 0x00, 0x00, 0x08, 0x03, 0x00, 0x00, 0x06, // ...W............
	0x03, 0x00, 0x00, 0xfb, 0x01, 0x00, 0x00, 0x51, 0x00, 0x05, 0x00, 0x07, 0x00, 0x00, 0x00, 0x55, // .......Q.......U
	0x02, 0x00, 0x00, 0x08, 0x03, 0x00, 0x00, 0x03, 0x00, 0x00, 0x00, 0x41, 0x00, 0x06, 0x00, 0xba, // ...........A....
	0x00, 0x00, 0x00, 0x56, 0x02, 0x00, 0x00, 0xb7, 0x00, 0x00, 0x00, 0x2d, 0x01, 0x00, 0x00, 0xee, // ...V.......-....
	0x00, 0x00, 0x00, 0x3d, 0x00, 0x04, 0x00, 0x07, 0x00, 0x00, 0x00, 0x57, 0x02, 0x00, 0x00, 0x56, // ...=.......W...V
	0x02, 0x00, 0x00, 0xbc, 0x00, 0x05, 0x00, 0xaf, 0x00, 0x00, 0x00, 0x58, 0x02, 0x00, 0x00, 0x55, // ...........X...U
	0x02, 0x00, 0x00, 0x57, 0x02, 0x00, 0x00, 0xf7, 0x00, 0x03, 0x00, 0x5b, 0x02, 0x00, 0x00, 0x00, // ...W.......[....
	0x00, 0x00, 0x00, 0xfa, 0x00, 0x04, 0x00, 0x58, 0x02, 0x00, 0x00, 0x59, 0x02, 0x00, 0x00, 0x5b, // .......X...Y...[
	0x02, 0x00, 0x00, 0xf8, 0x00, 0x02, 0x00, 0x59, 0x02, 0x00, 0x00, 0xf9, 0x00, 0x02, 0x00, 0xfa, // .......Y........
	0x02, 0x00, 0x00, 0xf8, 0x00, 0x02, 0x00, 0x5b, 0x02, 0x00, 0x00, 0xf9, 0x00, 0x02, 0x00, 0x5c, // .......[........
	0x02, 0x00, 0x00, 0xf8, 0x00, 0x02, 0x00, 0x5c, 0x02, 0x00, 0x00, 0xf5, 0x00, 0x07, 0x00, 0x0d, // ................
	0x00, 0x00, 0x00, 0xd4, 0x03, 0x00, 0x00, 0xd5, 0x03, 0x00, 0x00, 0x4c, 0x02, 0x00, 0x00, 0x08, // ...........L....
	0x03, 0x00, 0x00, 0x5b, 0x02, 0x00, 0x00, 0xb4, 0x00, 0x05, 0x00, 0xaf, 0x00, 0x00, 0x00, 0x5f, // ...[..........._
	0x02, 0x00, 0x00, 0x4e, 0x02, 0x00, 0x00, 0x72, 0x00, 0x00, 0x00, 0xf7, 0x00, 0x03, 0x00, 0x6c, // ...N...r.......l
	0x02, 0x00, 0x00, 0x02, 0x00, 0x00, 0x00, 0xfa, 0x00, 0x04, 0x00, 0x5f, 0x02, 0x00, 0x00, 0x60, // ..........._...`
	0x02, 0x00, 0x00, 0x6c, 0x02, 0x00, 0x00, 0xf8, 0x00, 0x02, 0x00, 0x60, 0x02, 0x00, 0x00, 0x56, // ...l.......`...V
	0x00, 0x05, 0x00, 0x5b, 0x00, 0x00, 0x00, 0x13, 0x03, 0x00, 0x00, 0x50, 0x00, 0x00, 0x00, 0x4e, // ...[.......P...N
	0x00, 0x00, 0x00, 0x57, 0x00, 0x05, 0x00, 0x0d, 0x00, 0x00, 0x00, 0x15, 0x03, 0x00, 0x00, 0x13, // ...W............
	0x03, 0x00, 0x00, 0xfb, 0x01, 0x00, 0x00, 0x51, 0x00, 0x05, 0x00, 0x07, 0x00, 0x00, 0x00, 0x65, // .......Q.......e
	0x02, 0x00, 0x00, 0x15, 0x03, 0x00, 0x00, 0x03, 0x00, 0x00, 0x00, 0x41, 0x00, 0x06, 0x00, 0xba, // ...........A....
	0x00, 0x00, 0x00, 0x66, 0x02, 0x00, 0x00, 0xb7, 0x00, 0x00, 0x00, 0x2d, 0x01, 0x00, 0x00, 0xf4, // ...f.......-....
	0x00, 0x00, 0x00, 0x3d, 0x00, 0x04, 0x00, 0x07, 0x00, 0x00, 0x00, 0x67, 0x02, 0x00, 0x00, 0x66, // ...=.......g...f
	0x02, 0x00, 0x00, 0xbc, 0x00, 0x05, 0x00, 0xaf, 0x00, 0x00, 0x00, 0x68, 0x02, 0x00, 0x00, 0x65, // ...........h...e
	0x02, 0x00, 0x00, 0x67, 0x02, 0x00, 0x00, 0xf7, 0x00, 0x03, 0x00, 0x6b, 0x02, 0x00, 0x00, 0x00, // ...g.......k....
	0x00, 0x00, 0x00, 0xfa, 0x00, 0x04, 0x00, 0x68, 0x02, 0x00, 0x00, 0x69, 0x02, 0x00, 0x00, 0x6b, // .......h...i...k
	0x02, 0x00, 0x00, 0xf8, 0x00, 0x02, 0x00, 0x69, 0x02, 0x00, 0x00, 0xf9, 0x00, 0x02, 0x00, 0xfa, // .......i........
	0x02, 0x00, 0x00, 0xf8, 0x00, 0x02, 0x00, 0x6b, 0x02, 0x00, 0x00, 0xf9, 0x00, 0x02, 0x00, 0x6c, // .......k.......l
	0x02, 0x00, 0x00, 0xf8, 0x00, 0x02, 0x00, 0x6c, 0x02, 0x00, 0x00, 0xf5, 0x00, 0x07, 0x00, 0x0d, // .......l........
	0x00, 0x00, 0x00, 0xd8, 0x03, 0x00, 0x00, 0xd5, 0x03, 0x00, 0x00, 0x5c, 0x02, 0x00, 0x00, 0x15, // ................
	0x03, 0x00, 0x00, 0x6b, 0x02, 0x00, 0x00, 0x41, 0x00, 0x05, 0x00, 0xc5, 0x00, 0x00, 0x00, 0x6d, // ...k...A.......m
	0x02, 0x00, 0x00, 0xb7, 0x00, 0x00, 0x00, 0x53, 0x00, 0x00, 0x00, 0x3d, 0x00, 0x04, 0x00, 0x0d, // .......S...=....
	0x00, 0x00, 0x00, 0x6e, 0x02, 0x00, 0x00, 0x6d, 0x02, 0x00, 0x00, 0xb4, 0x00, 0x05, 0x00, 0xaf, // ...n...m........
	0x00, 0x00, 0x00, 0x71, 0x02, 0x00, 0x00, 0x4e, 0x02, 0x00, 0x00, 0x7c, 0x00, 0x00, 0x00, 0xf7, // ...q...N...|....
	0x00, 0x03, 0x00, 0x76, 0x02, 0x00, 0x00, 0x00, 0x00, 0x00, 0x00, 0xfa, 0x00, 0x04, 0x00, 0x71, // ...v...........q
	0x02, 0x00, 0x00, 0x72, 0x02, 0x00, 0x00, 0x76, 0x02, 0x00, 0x00, 0xf8, 0x00, 0x02, 0x00, 0x72, // ...r...v.......r
	0x02, 0x00, 0x00, 0x85, 0x00, 0x05, 0x00, 0x0d, 0x00, 0x00, 0x00, 0x75, 0x02, 0x00, 0x00, 0x6e, // ...........u...n
	0x02, 0x00, 0x00, 0xd4, 0x03, 0x00, 0x00, 0xf9, 0x00, 0x02, 0x00, 0x76, 0x02, 0x00, 0x00, 0xf8, // ...........v....
	0x00, 0x02, 0x00, 0x76, 0x02, 0x00, 0x00, 0xf5, 0x00, 0x07, 0x00, 0x0d, 0x00, 0x00, 0x00, 0xda, // ...v............
	0x03, 0x00, 0x00, 0x6e, 0x02, 0x00, 0x00, 0x6c, 0x02, 0x00, 0x00, 0x75, 0x02, 0x00, 0x00, 0x72, // ...n...l...u...r
	0x02, 0x00, 0x00, 0xf7, 0x00, 0x03, 0x00, 0xa7, 0x02, 0x00, 0x00, 0x02, 0x00, 0x00, 0x00, 0xfa, // ................
	0x00, 0x04, 0x00, 0x5f, 0x02, 0x00, 0x00, 0x7a, 0x02, 0x00, 0x00, 0xa7, 0x02, 0x00, 0x00, 0xf8, // ..._...z........
	0x00, 0x02, 0x00, 0x7a, 0x02, 0x00, 0x00, 0x41, 0x00, 0x06, 0x00, 0xba, 0x00, 0x00, 0x00, 0x7b, // ...z...A.......{
	0x02, 0x00, 0x00, 0xb7, 0x00, 0x00, 0x00, 0x2d, 0x01, 0x00, 0x00, 0x1f, 0x01, 0x00, 0x00, 0x3d, // .......-.......=
	0x00, 0x04, 0x00, 0x07, 0x00, 0x00, 0x00, 0x7c, 0x02, 0x00, 0x00, 0x7b, 0x02, 0x00, 0x00, 0xb4, // .......|...{....
	0x00, 0x05, 0x00, 0xaf, 0x00, 0x00, 0x00, 0x7d, 0x02, 0x00, 0x00, 0x7c, 0x02, 0x00, 0x00, 0x90, // .......}...|....
	0x00, 0x00, 0x00, 0xf7, 0x00, 0x03, 0x00, 0x84, 0x02, 0x00, 0x00, 0x02, 0x00, 0x00, 0x00, 0xfa, // ................
	0x00, 0x04, 0x00, 0x7d, 0x02, 0x00, 0x00, 0x7e, 0x02, 0x00, 0x00, 0x84, 0x02, 0x00, 0x00, 0xf8, // ...}...~........
	0x00, 0x02, 0x00, 0x7e, 0x02, 0x00, 0x00, 0x0c, 0x00, 0x07, 0x00, 0x0d, 0x00, 0x00, 0x00, 0x21, // ...~...........!
	0x03, 0x00, 0x00, 0x01, 0x00, 0x00, 0x00, 0x30, 0x00, 0x00, 0x00, 0x8a, 0x00, 0x00, 0x00, 0xd4, // .......0........
	0x03, 0x00, 0x00, 0x85, 0x00, 0x05, 0x00, 0x0d, 0x00, 0x00, 0x00, 0x24, 0x03, 0x00, 0x00, 0xd4, // ...........$....
	0x03, 0x00, 0x00, 0xd8, 0x03, 0x00, 0x00, 0x8e, 0x00, 0x05, 0x00, 0x0d, 0x00, 0x00, 0x00, 0x25, // ...............%
	0x03, 0x00, 0x00, 0x24, 0x03, 0x00, 0x00, 0x90, 0x00, 0x00, 0x00, 0x83, 0x00, 0x05, 0x00, 0x0d, // ...$............
	0x00, 0x00, 0x00, 0x28, 0x03, 0x00, 0x00, 0xd2, 0x03, 0x00, 0x00, 0xd4, 0x03, 0x00, 0x00, 0x8e, // ...(............
	0x00, 0x05, 0x00, 0x0d, 0x00, 0x00, 0x00, 0x29, 0x03, 0x00, 0x00, 0x28, 0x03, 0x00, 0x00, 0x90, // .......)...(....
	0x00, 0x00, 0x00, 0x83, 0x00, 0x05, 0x00, 0x0d, 0x00, 0x00, 0x00, 0x2c, 0x03, 0x00, 0x00, 0xd2, // ...........,....
	0x03, 0x00, 0x00, 0xd8, 0x03, 0x00, 0x00, 0x85, 0x00, 0x05, 0x00, 0x0d, 0x00, 0x00, 0x00, 0x2d, // ...............-
	0x03, 0x00, 0x00, 0x29, 0x03, 0x00, 0x00, 0x2c, 0x03, 0x00, 0x00, 0x83, 0x00, 0x05, 0x00, 0x0d, // ...)...,........
	0x00, 0x00, 0x00, 0x2f, 0x03, 0x00, 0x00, 0xd2, 0x03, 0x00, 0x00, 0x2d, 0x03, 0x00, 0x00, 0x0c, // .../.......-....
	0x00, 0x08, 0x00, 0x0d, 0x00, 0x00, 0x00, 0x39, 0x03, 0x00, 0x00, 0x01, 0x00, 0x00, 0x00, 0x2e, // .......9........
	0x00, 0x00, 0x00, 0x25, 0x03, 0x00, 0x00, 0x2f, 0x03, 0x00, 0x00, 0x21, 0x03, 0x00, 0x00, 0x0c, // ...%.../...!....
	0x00, 0x07, 0x00, 0x0d, 0x00, 0x00, 0x00, 0x32, 0x03, 0x00, 0x00, 0x01, 0x00, 0x00, 0x00, 0x28, // .......2.......(
	0x00, 0x00, 0x00, 0x39, 0x03, 0x00, 0x00, 0x7d, 0x00, 0x00, 0x00, 0x85, 0x00, 0x05, 0x00, 0x0d, // ...9...}........
	0x00, 0x00, 0x00, 0x83, 0x02, 0x00, 0x00, 0xda, 0x03, 0x00, 0x00, 0x32, 0x03, 0x00, 0x00, 0xf9, // ...........2....
	0x00, 0x02, 0x00, 0x84, 0x02, 0x00, 0x00, 0xf8, 0x00, 0x02, 0x00, 0x84, 0x02, 0x00, 0x00, 0xf5, // ................
	0x00, 0x07, 0x00, 0x0d, 0x00, 0x00, 0x00, 0xdd, 0x03, 0x00, 0x00, 0xda, 0x03, 0x00, 0x00, 0x7a, // ...............z
	0x02, 0x00, 0x00, 0x83, 0x02, 0x00, 0x00, 0x7e, 0x02, 0x00, 0x00, 0xb4, 0x00, 0x05, 0x00, 0xaf, // .......~........
	0x00, 0x00, 0x00, 0x87, 0x02, 0x00, 0x00, 0x7c, 0x02, 0x00, 0x00, 0x69, 0x01, 0x00, 0x00, 0xf7, // .......|...i....
	0x00, 0x03, 0x00, 0x90, 0x02, 0x00, 0x00, 0x00, 0x00, 0x00, 0x00, 0xfa, 0x00, 0x04, 0x00, 0x87, // ................
	0x02, 0x00, 0x00, 0x88, 0x02, 0x00, 0x00, 0x90, 0x02, 0x00, 0x00, 0xf8, 0x00, 0x02, 0x00, 0x88, // ................
	0x02, 0x00, 0x00, 0x41, 0x00, 0x06, 0x00, 0xba, 0x00, 0x00, 0x00, 0x8b, 0x02, 0x00, 0x00, 0xb7, // ...A............
	0x00, 0x00, 0x00, 0x1e, 0x01, 0x00, 0x00, 0xee, 0x00, 0x00, 0x00, 0x3d, 0x00, 0x04, 0x00, 0x07, // ...........=....
	0x00, 0x00, 0x00, 0x8c, 0x02, 0x00, 0x00, 0x8b, 0x02, 0x00, 0x00, 0x85, 0x00, 0x05, 0x00, 0x0d, // ................
	0x00, 0x00, 0x00, 0x3e, 0x03, 0x00, 0x00, 0xd4, 0x03, 0x00, 0x00, 0xd8, 0x03, 0x00, 0x00, 0x8e, // ...>............
	0x00, 0x05, 0x00, 0x0d, 0x00, 0x00, 0x00, 0x40, 0x03, 0x00, 0x00, 0x3e, 0x03, 0x00, 0x00, 0x8c, // .......@...>....
	0x02, 0x00, 0x00, 0x85, 0x00, 0x05, 0x00, 0x0d, 0x00, 0x00, 0x00, 0x8f, 0x02, 0x00, 0x00, 0xdd, // ................
	0x03, 0x00, 0x00, 0x40, 0x03, 0x00, 0x00, 0xf9, 0x00, 0x02, 0x00, 0x90, 0x02, 0x00, 0x00, 0xf8, // ...@............
	0x00, 0x02, 0x00, 0x90, 0x02, 0x00, 0x00, 0xf5, 0x00, 0x07, 0x00, 0x0d, 0x00, 0x00, 0x00, 0xe0, // ................
	0x03, 0x00, 0x00, 0xdd, 0x03, 0x00, 0x00, 0x84, 0x02, 0x00, 0x00, 0x8f, 0x02, 0x00, 0x00, 0x88, // ................
	0x02, 0x00, 0x00, 0xb4, 0x00, 0x05, 0x00, 0xaf, 0x00, 0x00, 0x00, 0x93, 0x02, 0x00, 0x00, 0x7c, // ...............|
	0x02, 0x00, 0x00, 0x72, 0x00, 0x00, 0x00, 0xf7, 0x00, 0x03, 0x00, 0x9c, 0x02, 0x00, 0x00, 0x00, // ...r............
	0x00, 0x00, 0x00, 0xfa, 0x00, 0x04, 0x00, 0x93, 0x02, 0x00, 0x00, 0x94, 0x02, 0x00, 0x00, 0x9c, // ................
	0x02, 0x00, 0x00, 0xf8, 0x00, 0x02, 0x00, 0x94, 0x02, 0x00, 0x00, 0x41, 0x00, 0x06, 0x00, 0xba, // ...........A....
	0x00, 0x00, 0x00, 0x97, 0x02, 0x00, 0x00, 0xb7, 0x00, 0x00, 0x00, 0x1e, 0x01, 0x00, 0x00, 0xee, // ................
	0x00, 0x00, 0x00, 0x3d, 0x00, 0x04, 0x00, 0x07, 0x00, 0x00, 0x00, 0x98, 0x02, 0x00, 0x00, 0x97, // ...=............
	0x02, 0x00, 0x00, 0x8e, 0x00, 0x05, 0x00, 0x0d, 0x00, 0x00, 0x00, 0x46, 0x03, 0x00, 0x00, 0xd8, // ...........F....
	0x03, 0x00, 0x00, 0x98, 0x02, 0x00, 0x00, 0x81, 0x00, 0x05, 0x00, 0x0d, 0x00, 0x00, 0x00, 0x47, // ...............G
	0x03, 0x00, 0x00, 0xd4, 0x03, 0x00, 0x00, 0x46, 0x03, 0x00, 0x00, 0x85, 0x00, 0x05, 0x00, 0x0d, // .......F........
	0x00, 0x00, 0x00, 0x9b, 0x02, 0x00, 0x00, 0xe0, 0x03, 0x00, 0x00, 0x47, 0x03, 0x00, 0x00, 0xf9, // ...........G....
	0x00, 0x02, 0x00, 0x9c, 0x02, 0x00, 0x00, 0xf8, 0x00, 0x02, 0x00, 0x9c, 0x02, 0x00, 0x00, 0xf5, // ................
	0x00, 0x07, 0x00, 0x0d, 0x00, 0x00, 0x00, 0xe3, 0x03, 0x00, 0x00, 0xe0, 0x03, 0x00, 0x00, 0x90, // ................
	0x02, 0x00, 0x00, 0x9b, 0x02, 0x00, 0x00, 0x94, 0x02, 0x00, 0x00, 0xb4, 0x00, 0x05, 0x00, 0xaf, // ................
	0x00, 0x00, 0x00, 0x9f, 0x02, 0x00, 0x00, 0x7c, 0x02, 0x00, 0x00, 0x88, 0x01, 0x00, 0x00, 0xf7, // .......|........
	0x00, 0x03, 0x00, 0xa6, 0x02, 0x00, 0x00, 0x00, 0x00, 0x00, 0x00, 0xfa, 0x00, 0x04, 0x00, 0x9f, // ................
	0x02, 0x00, 0x00, 0xa0, 0x02, 0x00, 0x00, 0xa6, 0x02, 0x00, 0x00, 0xf8, 0x00, 0x02, 0x00, 0xa0, // ................
	0x02, 0x00, 0x00, 0x83, 0x00, 0x05, 0x00, 0x0d, 0x00, 0x00, 0x00, 0x4c, 0x03, 0x00, 0x00, 0xd2, // ...........L....
	0x03, 0x00, 0x00, 0xd4, 0x03, 0x00, 0x00, 0x83, 0x00, 0x05, 0x00, 0x0d, 0x00, 0x00, 0x00, 0x4f, // ...............O
	0x03, 0x00, 0x00, 0xd2, 0x03, 0x00, 0x00, 0xd8, 0x03, 0x00, 0x00, 0x85, 0x00, 0x05, 0x00, 0x0d, // ................
	0x00, 0x00, 0x00, 0x50, 0x03, 0x00, 0x00, 0x4c, 0x03, 0x00, 0x00, 0x4f, 0x03, 0x00, 0x00, 0x83, // ...P...L...O....
	0x00, 0x05, 0x00, 0x0d, 0x00, 0x00, 0x00, 0x52, 0x03, 0x00, 0x00, 0xd2, 0x03, 0x00, 0x00, 0x50, // .......R.......P
	0x03, 0x00, 0x00, 0x0c, 0x00, 0x07, 0x00, 0x0d, 0x00, 0x00, 0x00, 0x53, 0x03, 0x00, 0x00, 0x01, // ...........S....
	0x00, 0x00, 0x00, 0x28, 0x00, 0x00, 0x00, 0x52, 0x03, 0x00, 0x00, 0x7d, 0x00, 0x00, 0x00, 0x85, // ...(...R...}....
	0x00, 0x05, 0x00, 0x0d, 0x00, 0x00, 0x00, 0xa5, 0x02, 0x00, 0x00, 0xe3, 0x03, 0x00, 0x00, 0x53, // ...............S
	0x03, 0x00, 0x00, 0xf9, 0x00, 0x02, 0x00, 0xa6, 0x02, 0x00, 0x00, 0xf8, 0x00, 0x02, 0x00, 0xa6, // ................
	0x02, 0x00, 0x00, 0xf5, 0x00, 0x07, 0x00, 0x0d, 0x00, 0x00, 0x00, 0xfc, 0x03, 0x00, 0x00, 0xe3, // ................
	0x03, 0x00, 0x00, 0x9c, 0x02, 0x00, 0x00, 0xa5, 0x02, 0x00, 0x00, 0xa0, 0x02, 0x00, 0x00, 0xf9, // ................
	0x00, 0x02, 0x00, 0xa7, 0x02, 0x00, 0x00, 0xf8, 0x00, 0x02, 0x00, 0xa7, 0x02, 0x00, 0x00, 0xf5, // ................
	0x00, 0x07, 0x00, 0x0d, 0x00, 0x00, 0x00, 0xfb, 0x03, 0x00, 0x00, 0xda, 0x03, 0x00, 0x00, 0x76, // ...............v
	0x02, 0x00, 0x00, 0xfc, 0x03, 0x00, 0x00, 0xa6, 0x02, 0x00, 0x00, 0x41, 0x00, 0x06, 0x00, 0xba, // ...........A....
	0x00, 0x00, 0x00, 0xa8, 0x02, 0x00, 0x00, 0xb7, 0x00, 0x00, 0x00, 0x93, 0x01, 0x00, 0x00, 0xb9, // ................
	0x00, 0x00, 0x00, 0x3d, 0x00, 0x04, 0x00, 0x07, 0x00, 0x00, 0x00, 0xa9, 0x02, 0x00, 0x00, 0xa8, // ...=............
	0x02, 0x00, 0x00, 0xb7, 0x00, 0x05, 0x00, 0xaf, 0x00, 0x00, 0x00, 0xaa, 0x02, 0x00, 0x00, 0xa9, // ................
	0x02, 0x00, 0x00, 0x7c, 0x00, 0x00, 0x00, 0xf7, 0x00, 0x03, 0x00, 0xc3, 0x02, 0x00, 0x00, 0x02, // ...|............
	0x00, 0x00, 0x00, 0xfa, 0x00, 0x04, 0x00, 0xaa, 0x02, 0x00, 0x00, 0xab, 0x02, 0x00, 0x00, 0xc3, // ................
	0x02, 0x00, 0x00, 0xf8, 0x00, 0x02, 0x00, 0xab, 0x02, 0x00, 0x00, 0x41, 0x00, 0x05, 0x00, 0xc5, // ...........A....
	0x00, 0x00, 0x00, 0xad, 0x02, 0x00, 0x00, 0xb7, 0x00, 0x00, 0x00, 0x93, 0x01, 0x00, 0x00, 0x3d, // ...............=
	0x00, 0x04, 0x00, 0x0d, 0x00, 0x00, 0x00, 0xae, 0x02, 0x00, 0x00, 0xad, 0x02, 0x00, 0x00, 0x4f, // ...............O
	0x00, 0x08, 0x00, 0x33, 0x00, 0x00, 0x00, 0xaf, 0x02, 0x00, 0x00, 0xae, 0x02, 0x00, 0x00, 0xae, // ...3............
	0x02, 0x00, 0x00, 0x00, 0x00, 0x00, 0x00, 0x01, 0x00, 0x00, 0x00, 0x02, 0x00, 0x00, 0x00, 0x83, // ................
	0x00, 0x05, 0x00, 0x33, 0x00, 0x00, 0x00, 0xb0, 0x02, 0x00, 0x00, 0xf7, 0x01, 0x00, 0x00, 0xaf, // ...3............
	0x02, 0x00, 0x00, 0x0c, 0x00, 0x06, 0x00, 0x07, 0x00, 0x00, 0x00, 0xb2, 0x02, 0x00, 0x00, 0x01, // ................
	0x00, 0x00, 0x00, 0x42, 0x00, 0x00, 0x00, 0xb0, 0x02, 0x00, 0x00, 0xf7, 0x00, 0x03, 0x00, 0xb8, // ...B............
	0x03, 0x00, 0x00, 0x00, 0x00, 0x00, 0x00, 0xfb, 0x00, 0x03, 0x00, 0xee, 0x00, 0x00, 0x00, 0x63, // ...............c
	0x03, 0x00, 0x00, 0xf8, 0x00, 0x02, 0x00, 0x63, 0x03, 0x00, 0x00, 0xf9, 0x00, 0x02, 0x00, 0x64, // .......c.......d
	0x03, 0x00, 0x00, 0xf8, 0x00, 0x02, 0x00, 0x64, 0x03, 0x00, 0x00, 0xf5, 0x00, 0x07, 0x00, 0x07, // .......d........
	0x00, 0x00, 0x00, 0xe5, 0x03, 0x00, 0x00, 0x72, 0x00, 0x00, 0x00, 0x63, 0x03, 0x00, 0x00, 0x02, // .......r...c....
	0x04, 0x00, 0x00, 0xb1, 0x03, 0x00, 0x00, 0xf5, 0x00, 0x07, 0x00, 0x52, 0x00, 0x00, 0x00, 0xe4, // ...........R....
	0x03, 0x00, 0x00, 0x57, 0x00, 0x00, 0x00, 0x63, 0x03, 0x00, 0x00, 0xb3, 0x03, 0x00, 0x00, 0xb1, // ...W...c........
	0x03, 0x00, 0x00, 0xb1, 0x00, 0x05, 0x00, 0xaf, 0x00, 0x00, 0x00, 0x67, 0x03, 0x00, 0x00, 0xe4, // ...........g....
	0x03, 0x00, 0x00, 0xae, 0x00, 0x00, 0x00, 0xf6, 0x00, 0x04, 0x00, 0xb4, 0x03, 0x00, 0x00, 0xb1, // ................
	0x03, 0x00, 0x00, 0x00, 0x00, 0x00, 0x00, 0xfa, 0x00, 0x04, 0x00, 0x67, 0x03, 0x00, 0x00, 0x68, // ...........g...h
	0x03, 0x00, 0x00, 0xb4, 0x03, 0x00, 0x00, 0xf8, 0x00, 0x02, 0x00, 0x68, 0x03, 0x00, 0x00, 0x41, // ...........h...A
	0x00, 0x07, 0x00, 0xba, 0x00, 0x00, 0x00, 0x6a, 0x03, 0x00, 0x00, 0xb7, 0x00, 0x00, 0x00, 0x57, // .......j.......W
	0x00, 0x00, 0x00, 0xe4, 0x03, 0x00, 0x00, 0xb9, 0x00, 0x00, 0x00, 0x3d, 0x00, 0x04, 0x00, 0x07, // ...........=....
	0x00, 0x00, 0x00, 0x6b, 0x03, 0x00, 0x00, 0x6a, 0x03, 0x00, 0x00, 0xb4, 0x00, 0x05, 0x00, 0xaf, // ...k...j........
	0x00, 0x00, 0x00, 0x6d, 0x03, 0x00, 0x00, 0x6b, 0x03, 0x00, 0x00, 0x7c, 0x00, 0x00, 0x00, 0xf7, // ...m...k...|....
	0x00, 0x03, 0x00, 0x70, 0x03, 0x00, 0x00, 0x02, 0x00, 0x00, 0x00, 0xfa, 0x00, 0x04, 0x00, 0x6d, // ...p...........m
	0x03, 0x00, 0x00, 0x6e, 0x03, 0x00, 0x00, 0x70, 0x03, 0x00, 0x00, 0xf8, 0x00, 0x02, 0x00, 0x6e, // ...n...p.......n
	0x03, 0x00, 0x00, 0xf9, 0x00, 0x02, 0x00, 0xb4, 0x03, 0x00, 0x00, 0xf8, 0x00, 0x02, 0x00, 0x70, // ...............p
	0x03, 0x00, 0x00, 0x41, 0x00, 0x06, 0x00, 0xc5, 0x00, 0x00, 0x00, 0x72, 0x03, 0x00, 0x00, 0xb7, // ...A.......r....
	0x00, 0x00, 0x00, 0x57, 0x00, 0x00, 0x00, 0xe4, 0x03, 0x00, 0x00, 0x3d, 0x00, 0x04, 0x00, 0x0d, // ...W.......=....
	0x00, 0x00, 0x00, 0x73, 0x03, 0x00, 0x00, 0x72, 0x03, 0x00, 0x00, 0x4f, 0x00, 0x08, 0x00, 0x33, // ...s...r...O...3
	0x00, 0x00, 0x00, 0x74, 0x03, 0x00, 0x00, 0x73, 0x03, 0x00, 0x00, 0x73, 0x03, 0x00, 0x00, 0x00, // ...t...s...s....
	0x00, 0x00, 0x00, 0x01, 0x00, 0x00, 0x00, 0x02, 0x00, 0x00, 0x00, 0x83, 0x00, 0x05, 0x00, 0x33, // ...............3
	0x00, 0x00, 0x00, 0x77, 0x03, 0x00, 0x00, 0x74, 0x03, 0x00, 0x00, 0xaf, 0x02, 0x00, 0x00, 0x94, // ...w...t........
	0x00, 0x05, 0x00, 0x07, 0x00, 0x00, 0x00, 0x7a, 0x03, 0x00, 0x00, 0x77, 0x03, 0x00, 0x00, 0xb0, // .......z...w....
	0x02, 0x00, 0x00, 0x85, 0x00, 0x05, 0x00, 0x07, 0x00, 0x00, 0x00, 0x7d, 0x03, 0x00, 0x00, 0xb2, // ...........}....
	0x02, 0x00, 0x00, 0xb2, 0x02, 0x00, 0x00, 0x88, 0x00, 0x05, 0x00, 0x07, 0x00, 0x00, 0x00, 0x7e, // ...............~
	0x03, 0x00, 0x00, 0x7a, 0x03, 0x00, 0x00, 0x7d, 0x03, 0x00, 0x00, 0xba, 0x00, 0x05, 0x00, 0xaf, // ...z...}........
	0x00, 0x00, 0x00, 0x80, 0x03, 0x00, 0x00, 0x7e, 0x03, 0x00, 0x00, 0x7c, 0x00, 0x00, 0x00, 0xb8, // .......~...|....
	0x00, 0x05, 0x00, 0xaf, 0x00, 0x00, 0x00, 0x82, 0x03, 0x00, 0x00, 0x7e, 0x03, 0x00, 0x00, 0x72, // ...........~...r
	0x00, 0x00, 0x00, 0xa7, 0x00, 0x05, 0x00, 0xaf, 0x00, 0x00, 0x00, 0x83, 0x03, 0x00, 0x00, 0x80, // ................
	0x03, 0x00, 0x00, 0x82, 0x03, 0x00, 0x00, 0xf7, 0x00, 0x03, 0x00, 0xb0, 0x03, 0x00, 0x00, 0x02, // ................
	0x00, 0x00, 0x00, 0xfa, 0x00, 0x04, 0x00, 0x83, 0x03, 0x00, 0x00, 0x84, 0x03, 0x00, 0x00, 0xb0, // ................
	0x03, 0x00, 0x00, 0xf8, 0x00, 0x02, 0x00, 0x84, 0x03, 0x00, 0x00, 0x8e, 0x00, 0x05, 0x00, 0x33, // ...............3
	0x00, 0x00, 0x00, 0x88, 0x03, 0x00, 0x00, 0xb0, 0x02, 0x00, 0x00, 0x7e, 0x03, 0x00, 0x00, 0x83, // ...........~....
	0x00, 0x05, 0x00, 0x33, 0x00, 0x00, 0x00, 0x89, 0x03, 0x00, 0x00, 0x77, 0x03, 0x00, 0x00, 0x88, // ...3.......w....
	0x03, 0x00, 0x00, 0x0c, 0x00, 0x06, 0x00, 0x07, 0x00, 0x00, 0x00, 0x8b, 0x03, 0x00, 0x00, 0x01, // ................
	0x00, 0x00, 0x00, 0x42, 0x00, 0x00, 0x00, 0x89, 0x03, 0x00, 0x00, 0x85, 0x00, 0x05, 0x00, 0x07, // ...B............
	0x00, 0x00, 0x00, 0x8f, 0x03, 0x00, 0x00, 0xe6, 0x00, 0x00, 0x00, 0x7e, 0x03, 0x00, 0x00, 0x83, // ...........~....
	0x00, 0x05, 0x00, 0x07, 0x00, 0x00, 0x00, 0x90, 0x03, 0x00, 0x00, 0xe6, 0x00, 0x00, 0x00, 0x8f, // ................
	0x03, 0x00, 0x00, 0x51, 0x00, 0x05, 0x00, 0x07, 0x00, 0x00, 0x00, 0x92, 0x03, 0x00, 0x00, 0x77, // ...Q...........w
	0x03, 0x00, 0x00, 0x00, 0x00, 0x00, 0x00, 0x85, 0x00, 0x05, 0x00, 0x07, 0x00, 0x00, 0x00, 0x95, // ................
	0x03, 0x00, 0x00, 0x92, 0x03, 0x00, 0x00, 0x92, 0x03, 0x00, 0x00, 0x51, 0x00, 0x05, 0x00, 0x07, // ...........Q....
	0x00, 0x00, 0x00, 0x97, 0x03, 0x00, 0x00, 0x77, 0x03, 0x00, 0x00, 0x01, 0x00, 0x00, 0x00, 0x85, // .......w........
	0x00, 0x05, 0x00, 0x07, 0x00, 0x00, 0x00, 0x9a, 0x03, 0x00, 0x00, 0x97, 0x03, 0x00, 0x00, 0x97, // ................
	0x03, 0x00, 0x00, 0x81, 0x00, 0x05, 0x00, 0x07, 0x00, 0x00, 0x00, 0x9b, 0x03, 0x00, 0x00, 0x95, // ................
	0x03, 0x00, 0x00, 0x9a, 0x03, 0x00, 0x00, 0x85, 0x00, 0x05, 0x00, 0x07, 0x00, 0x00, 0x00, 0x9e, // ................
	0x03, 0x00, 0x00, 0x6b, 0x03, 0x00, 0x00, 0x6b, 0x03, 0x00, 0x00, 0x88, 0x00, 0x05, 0x00, 0x07, // ...k...k........
	0x00, 0x00, 0x00, 0x9f, 0x03, 0x00, 0x00, 0x9b, 0x03, 0x00, 0x00, 0x9e, 0x03, 0x00, 0x00, 0x0c, // ................
	0x00, 0x08, 0x00, 0x07, 0x00, 0x00, 0x00, 0xa0, 0x03, 0x00, 0x00, 0x01, 0x00, 0x00, 0x00, 0x2b, // ...............+
	0x00, 0x00, 0x00, 0x9f, 0x03, 0x00, 0x00, 0x7c, 0x00, 0x00, 0x00, 0x72, 0x00, 0x00, 0x00, 0x83, // .......|...r....
	0x00, 0x05, 0x00, 0x07, 0x00, 0x00, 0x00, 0xa4, 0x03, 0x00, 0x00, 0x6b, 0x03, 0x00, 0x00, 0x90, // ...........k....
	0x03, 0x00, 0x00, 0x81, 0x00, 0x05, 0x00, 0x07, 0x00, 0x00, 0x00, 0xa7, 0x03, 0x00, 0x00, 0x6b, // ...............k
	0x03, 0x00, 0x00, 0x90, 0x03, 0x00, 0x00, 0x0c, 0x00, 0x08, 0x00, 0x07, 0x00, 0x00, 0x00, 0xa9, // ................
	0x03, 0x00, 0x00, 0x01, 0x00, 0x00, 0x00, 0x31, 0x00, 0x00, 0x00, 0xa4, 0x03, 0x00, 0x00, 0xa7, // .......1........
	0x03, 0x00, 0x00, 0x8b, 0x03, 0x00, 0x00, 0x85, 0x00, 0x05, 0x00, 0x07, 0x00, 0x00, 0x00, 0xaa, // ................
	0x03, 0x00, 0x00, 0x02, 0x01, 0x00, 0x00, 0xa9, 0x03, 0x00, 0x00, 0x81, 0x00, 0x05, 0x00, 0x07, // ................
	0x00, 0x00, 0x00, 0xab, 0x03, 0x00, 0x00, 0x01, 0x01, 0x00, 0x00, 0xaa, 0x03, 0x00, 0x00, 0x85, // ................
	0x00, 0x05, 0x00, 0x07, 0x00, 0x00, 0x00, 0xac, 0x03, 0x00, 0x00, 0xa0, 0x03, 0x00, 0x00, 0xab, // ................
	0x03, 0x00, 0x00, 0x81, 0x00, 0x05, 0x00, 0x07, 0x00, 0x00, 0x00, 0xad, 0x03, 0x00, 0x00, 0x72, // ...............r
	0x00, 0x00, 0x00, 0xac, 0x03, 0x00, 0x00, 0x85, 0x00, 0x05, 0x00, 0x07, 0x00, 0x00, 0x00, 0xaf, // ................
	0x03, 0x00, 0x00, 0xe5, 0x03, 0x00, 0x00, 0xad, 0x03, 0x00, 0x00, 0xf9, 0x00, 0x02, 0x00, 0xb0, // ................
	0x03, 0x00, 0x00, 0xf8, 0x00, 0x02, 0x00, 0xb0, 0x03, 0x00, 0x00, 0xf5, 0x00, 0x07, 0x00, 0x07, // ................
	0x00, 0x00, 0x00, 0x02, 0x04, 0x00, 0x00, 0xe5, 0x03, 0x00, 0x00, 0x70, 0x03, 0x00, 0x00, 0xaf, // ...........p....
	0x03, 0x00, 0x00, 0x84, 0x03, 0x00, 0x00, 0xf9, 0x00, 0x02, 0x00, 0xb1, 0x03, 0x00, 0x00, 0xf8, // ................
	0x00, 0x02, 0x00, 0xb1, 0x03, 0x00, 0x00, 0x80, 0x00, 0x05, 0x00, 0x52, 0x00, 0x00, 0x00, 0xb3, // ...........R....
	0x03, 0x00, 0x00, 0xe4, 0x03, 0x00, 0x00, 0x53, 0x00, 0x00, 0x00, 0xf9, 0x00, 0x02, 0x00, 0x64, // .......S.......d
	0x03, 0x00, 0x00, 0xf8, 0x00, 0x02, 0x00, 0xb4, 0x03, 0x00, 0x00, 0xf5, 0x00, 0x07, 0x00, 0x07, // ................
	0x00, 0x00, 0x00, 0xec, 0x03, 0x00, 0x00, 0xf2, 0x03, 0x00, 0x00, 0x64, 0x03, 0x00, 0x00, 0xe5, // ...........d....
	0x03, 0x00, 0x00, 0x6e, 0x03, 0x00, 0x00, 0xf5, 0x00, 0x07, 0x00, 0xaf, 0x00, 0x00, 0x00, 0xe7, // ...n............
	0x03, 0x00, 0x00, 0x1f, 0x02, 0x00, 0x00, 0x64, 0x03, 0x00, 0x00, 0x22, 0x02, 0x00, 0x00, 0x6e, // .......d..."...n
	0x03, 0x00, 0x00, 0xf7, 0x00, 0x03, 0x00, 0xb6, 0x03, 0x00, 0x00, 0x00, 0x00, 0x00, 0x00, 0xfa, // ................
	0x00, 0x04, 0x00, 0xe7, 0x03, 0x00, 0x00, 0xb8, 0x03, 0x00, 0x00, 0xb6, 0x03, 0x00, 0x00, 0xf8, // ................
	0x00, 0x02, 0x00, 0xb6, 0x03, 0x00, 0x00, 0xf9, 0x00, 0x02, 0x00, 0xb8, 0x03, 0x00, 0x00, 0xf8, // ................
	0x00, 0x02, 0x00, 0xb8, 0x03, 0x00, 0x00, 0xf5, 0x00, 0x07, 0x00, 0x07, 0x00, 0x00, 0x00, 0xeb, // ................
	0x03, 0x00, 0x00, 0xec, 0x03, 0x00, 0x00, 0xb4, 0x03, 0x00, 0x00, 0xe5, 0x03, 0x00, 0x00, 0xb6, // ................
	0x03, 0x00, 0x00, 0x4f, 0x00, 0x08, 0x00, 0x33, 0x00, 0x00, 0x00, 0xbb, 0x02, 0x00, 0x00, 0xfb, // ...O...3........
	0x03, 0x00, 0x00, 0xfb, 0x03, 0x00, 0x00, 0x00, 0x00, 0x00, 0x00, 0x01, 0x00, 0x00, 0x00, 0x02, // ................
	0x00, 0x00, 0x00, 0x8e, 0x00, 0x05, 0x00, 0x33, 0x00, 0x00, 0x00, 0xbc, 0x02, 0x00, 0x00, 0xbb, // .......3........
	0x02, 0x00, 0x00, 0xeb, 0x03, 0x00, 0x00, 0x51, 0x00, 0x05, 0x00, 0x07, 0x00, 0x00, 0x00, 0xbe, // .......Q........
	0x02, 0x00, 0x00, 0xbc, 0x02, 0x00, 0x00, 0x00, 0x00, 0x00, 0x00, 0x52, 0x00, 0x06, 0x00, 0x0d, // ...........R....
	0x00, 0x00, 0x00, 0xc9, 0x03, 0x00, 0x00, 0xbe, 0x02, 0x00, 0x00, 0xfb, 0x03, 0x00, 0x00, 0x00, // ................
	0x00, 0x00, 0x00, 0x51, 0x00, 0x05, 0x00, 0x07, 0x00, 0x00, 0x00, 0xc0, 0x02, 0x00, 0x00, 0xbc, // ...Q............
	0x02, 0x00, 0x00, 0x01, 0x00, 0x00, 0x00, 0x52, 0x00, 0x06, 0x00, 0x0d, 0x00, 0x00, 0x00, 0xcb, // .......R........
	0x03, 0x00, 0x00, 0xc0, 0x02, 0x00, 0x00, 0xc9, 0x03, 0x00, 0x00, 0x01, 0x00, 0x00, 0x00, 0x51, // ...............Q
	0x00, 0x05, 0x00, 0x07, 0x00, 0x00, 0x00, 0xc2, 0x02, 0x00, 0x00, 0xbc, 0x02, 0x00, 0x00, 0x02, // ................
	0x00, 0x00, 0x00, 0x52, 0x00, 0x06, 0x00, 0x0d, 0x00, 0x00, 0x00, 0xcd, 0x03, 0x00, 0x00, 0xc2, // ...R............
	0x02, 0x00, 0x00, 0xcb, 0x03, 0x00, 0x00, 0x02, 0x00, 0x00, 0x00, 0xf9, 0x00, 0x02, 0x00, 0xc3, // ................
	0x02, 0x00, 0x00, 0xf8, 0x00, 0x02, 0x00, 0xc3, 0x02, 0x00, 0x00, 0xf5, 0x00, 0x07, 0x00, 0x0d, // ................
	0x00, 0x00, 0x00, 0xfe, 0x03, 0x00, 0x00, 0xfb, 0x03, 0x00, 0x00, 0xa7, 0x02, 0x00, 0x00, 0xcd, // ................
	0x03, 0x00, 0x00, 0xb8, 0x03, 0x00, 0x00, 0x41, 0x00, 0x06, 0x00, 0xba, 0x00, 0x00, 0x00, 0xc4, // .......A........
	0x02, 0x00, 0x00, 0xb7, 0x00, 0x00, 0x00, 0x2d, 0x01, 0x00, 0x00, 0xb9, 0x00, 0x00, 0x00, 0x3d, // .......-.......=
	0x00, 0x04, 0x00, 0x07, 0x00, 0x00, 0x00, 0xc5, 0x02, 0x00, 0x00, 0xc4, 0x02, 0x00, 0x00, 0xb4, // ................
	0x00, 0x05, 0x00, 0xaf, 0x00, 0x00, 0x00, 0xc6, 0x02, 0x00, 0x00, 0xc5, 0x02, 0x00, 0x00, 0x7c, // ...............|
	0x00, 0x00, 0x00, 0xf7, 0x00, 0x03, 0x00, 0xf9, 0x02, 0x00, 0x00, 0x00, 0x00, 0x00, 0x00, 0xfa, // ................
	0x00, 0x04, 0x00, 0xc6, 0x02, 0x00, 0x00, 0xc7, 0x02, 0x00, 0x00, 0xd1, 0x02, 0x00, 0x00, 0xf8, // ................
	0x00, 0x02, 0x00, 0xc7, 0x02, 0x00, 0x00, 0x51, 0x00, 0x05, 0x00, 0x07, 0x00, 0x00, 0x00, 0xcb, // .......Q........
	0x02, 0x00, 0x00, 0xfe, 0x03, 0x00, 0x00, 0x03, 0x00, 0x00, 0x00, 0x0c, 0x00, 0x08, 0x00, 0x07, // ................
	0x00, 0x00, 0x00, 0xcc, 0x02, 0x00, 0x00, 0x01, 0x00, 0x00, 0x00, 0x2b, 0x00, 0x00, 0x00, 0xcb, // ...........+....
	0x02, 0x00, 0x00, 0x7c, 0x00, 0x00, 0x00, 0x72, 0x00, 0x00, 0x00, 0x51, 0x00, 0x05, 0x00, 0x07, // ...|...r...Q....
	0x00, 0x00, 0x00, 0xcd, 0x02, 0x00, 0x00, 0xfe, 0x03, 0x00, 0x00, 0x00, 0x00, 0x00, 0x00, 0x51, // ...............Q
	0x00, 0x05, 0x00, 0x07, 0x00, 0x00, 0x00, 0xce, 0x02, 0x00, 0x00, 0xfe, 0x03, 0x00, 0x00, 0x01, // ................
	0x00, 0x00, 0x00, 0x51, 0x00, 0x05, 0x00, 0x07, 0x00, 0x00, 0x00, 0xcf, 0x02, 0x00, 0x00, 0xfe, // ...Q............
	0x03, 0x00, 0x00, 0x02, 0x00, 0x00, 0x00, 0x50, 0x00, 0x07, 0x00, 0x0d, 0x00, 0x00, 0x00, 0xd0, // .......P........
	0x02, 0x00, 0x00, 0xcd, 0x02, 0x00, 0x00, 0xce, 0x02, 0x00, 0x00, 0xcf, 0x02, 0x00, 0x00, 0xcc, // ................
	0x02, 0x00, 0x00, 0xf9, 0x00, 0x02, 0x00, 0xf9, 0x02, 0x00, 0x00, 0xf8, 0x00, 0x02, 0x00, 0xd1, // ................
	0x02, 0x00, 0x00, 0x41, 0x00, 0x06, 0x00, 0xba, 0x00, 0x00, 0x00, 0xd2, 0x02, 0x00, 0x00, 0xb7, // ...A............
	0x00, 0x00, 0x00, 0x1e, 0x01, 0x00, 0x00, 0xf4, 0x00, 0x00, 0x00, 0x3d, 0x00, 0x04, 0x00, 0x07, // ...........=....
	0x00, 0x00, 0x00, 0xd3, 0x02, 0x00, 0x00, 0xd2, 0x02, 0x00, 0x00, 0xba, 0x00, 0x05, 0x00, 0xaf, // ................
	0x00, 0x00, 0x00, 0xd4, 0x02, 0x00, 0x00, 0xd3, 0x02, 0x00, 0x00, 0x7c, 0x00, 0x00, 0x00, 0xf7, // ...........|....
	0x00, 0x03, 0x00, 0xf8, 0x02, 0x00, 0x00, 0x00, 0x00, 0x00, 0x00, 0xfa, 0x00, 0x04, 0x00, 0xd4, // ................
	0x02, 0x00, 0x00, 0xd5, 0x02, 0x00, 0x00, 0xe7, 0x02, 0x00, 0x00, 0xf8, 0x00, 0x02, 0x00, 0xd5, // ................
	0x02, 0x00, 0x00, 0x4f, 0x00, 0x08, 0x00, 0x33, 0x00, 0x00, 0x00, 0xd7, 0x02, 0x00, 0x00, 0xfe, // ...O...3........
	0x03, 0x00, 0x00, 0xfe, 0x03, 0x00, 0x00, 0x00, 0x00, 0x00, 0x00, 0x01, 0x00, 0x00, 0x00, 0x02, // ................
	0x00, 0x00, 0x00, 0x7f, 0x00, 0x04, 0x00, 0x07, 0x00, 0x00, 0x00, 0xda, 0x02, 0x00, 0x00, 0xd3, // ................
	0x02, 0x00, 0x00, 0x51, 0x00, 0x05, 0x00, 0x07, 0x00, 0x00, 0x00, 0xdc, 0x02, 0x00, 0x00, 0xfe, // ...Q............
	0x03, 0x00, 0x00, 0x03, 0x00, 0x00, 0x00, 0x85, 0x00, 0x05, 0x00, 0x07, 0x00, 0x00, 0x00, 0xdd, // ................
	0x02, 0x00, 0x00, 0xda, 0x02, 0x00, 0x00, 0xdc, 0x02, 0x00, 0x00, 0x8e, 0x00, 0x05, 0x00, 0x33, // ...............3
	0x00, 0x00, 0x00, 0xde, 0x02, 0x00, 0x00, 0xd7, 0x02, 0x00, 0x00, 0xdd, 0x02, 0x00, 0x00, 0x88, // ................
	0x00, 0x05, 0x00, 0x07, 0x00, 0x00, 0x00, 0xe1, 0x02, 0x00, 0x00, 0x72, 0x00, 0x00, 0x00, 0xd3, // ...........r....
	0x02, 0x00, 0x00, 0x83, 0x00, 0x05, 0x00, 0x07, 0x00, 0x00, 0x00, 0xe2, 0x02, 0x00, 0x00, 0xe1, // ................
	0x02, 0x00, 0x00, 0x72, 0x00, 0x00, 0x00, 0x51, 0x00, 0x05, 0x00, 0x07, 0x00, 0x00, 0x00, 0xe3, // ...r...Q........
	0x02, 0x00, 0x00, 0xde, 0x02, 0x00, 0x00, 0x00, 0x00, 0x00, 0x00, 0x51, 0x00, 0x05, 0x00, 0x07, // ...........Q....
	0x00, 0x00, 0x00, 0xe4, 0x02, 0x00, 0x00, 0xde, 0x02, 0x00, 0x00, 0x01, 0x00, 0x00, 0x00, 0x51, // ...............Q
	0x00, 0x05, 0x00, 0x07, 0x00, 0x00, 0x00, 0xe5, 0x02, 0x00, 0x00, 0xde, 0x02, 0x00, 0x00, 0x02, // ................
	0x00, 0x00, 0x00, 0x50, 0x00, 0x07, 0x00, 0x0d, 0x00, 0x00, 0x00, 0xe6, 0x02, 0x00, 0x00, 0xe3, // ...P............
	0x02, 0x00, 0x00, 0xe4, 0x02, 0x00, 0x00, 0xe5, 0x02, 0x00, 0x00, 0xe2, 0x02, 0x00, 0x00, 0xf9, // ................
	0x00, 0x02, 0x00, 0xf8, 0x02, 0x00, 0x00, 0xf8, 0x00, 0x02, 0x00, 0xe7, 0x02, 0x00, 0x00, 0x4f, // ...............O
	0x00, 0x08, 0x00, 0x33, 0x00, 0x00, 0x00, 0xe9, 0x02, 0x00, 0x00, 0xfe, 0x03, 0x00, 0x00, 0xfe, // ...3............
	0x03, 0x00, 0x00, 0x00, 0x00, 0x00, 0x00, 0x01, 0x00, 0x00, 0x00, 0x02, 0x00, 0x00, 0x00, 0x51, // ...............Q
	0x00, 0x05, 0x00, 0x07, 0x00, 0x00, 0x00, 0xeb, 0x02, 0x00, 0x00, 0xfe, 0x03, 0x00, 0x00, 0x03, // ................
	0x00, 0x00, 0x00, 0x8e, 0x00, 0x05, 0x00, 0x33, 0x00, 0x00, 0x00, 0xec, 0x02, 0x00, 0x00, 0xe9, // .......3........
	0x02, 0x00, 0x00, 0xeb, 0x02, 0x00, 0x00, 0x7f, 0x00, 0x04, 0x00, 0x07, 0x00, 0x00, 0x00, 0xef, // ................
	0x02, 0x00, 0x00, 0xd3, 0x02, 0x00, 0x00, 0x85, 0x00, 0x05, 0x00, 0x07, 0x00, 0x00, 0x00, 0xf2, // ................
	0x02, 0x00, 0x00, 0xef, 0x02, 0x00, 0x00, 0xeb, 0x02, 0x00, 0x00, 0x0c, 0x00, 0x08, 0x00, 0x07, // ................
	0x00, 0x00, 0x00, 0xf3, 0x02, 0x00, 0x00, 0x01, 0x00, 0x00, 0x00, 0x2b, 0x00, 0x00, 0x00, 0xf2, // ...........+....
	0x02, 0x00, 0x00, 0x7c, 0x00, 0x00, 0x00, 0x72, 0x00, 0x00, 0x00, 0x51, 0x00, 0x05, 0x00, 0x07, // ...|...r...Q....
	0x00, 0x00, 0x00, 0xf4, 0x02, 0x00, 0x00, 0xec, 0x02, 0x00, 0x00, 0x00, 0x00, 0x00, 0x00, 0x51, // ...............Q
	0x00, 0x05, 0x00, 0x07, 0x00, 0x00, 0x00, 0xf5, 0x02, 0x00, 0x00, 0xec, 0x02, 0x00, 0x00, 0x01, // ................
	0x00, 0x00, 0x00, 0x51, 0x00, 0x05, 0x00, 0x07, 0x00, 0x00, 0x00, 0xf6, 0x02, 0x00, 0x00, 0xec, // ...Q............
	0x02, 0x00, 0x00, 0x02, 0x00, 0x00, 0x00, 0x50, 0x00, 0x07, 0x00, 0x0d, 0x00, 0x00, 0x00, 0xf7, // .......P........
	0x02, 0x00, 0x00, 0xf4, 0x02, 0x00, 0x00, 0xf5, 0x02, 0x00, 0x00, 0xf6, 0x02, 0x00, 0x00, 0xf3, // ................
	0x02, 0x00, 0x00, 0xf9, 0x00, 0x02, 0x00, 0xf8, 0x02, 0x00, 0x00, 0xf8, 0x00, 0x02, 0x00, 0xf8, // ................
	0x02, 0x00, 0x00, 0xf5, 0x00, 0x07, 0x00, 0x0d, 0x00, 0x00, 0x00, 0x01, 0x04, 0x00, 0x00, 0xe6, // ................
	0x02, 0x00, 0x00, 0xd5, 0x02, 0x00, 0x00, 0xf7, 0x02, 0x00, 0x00, 0xe7, 0x02, 0x00, 0x00, 0xf9, // ................
	0x00, 0x02, 0x00, 0xf9, 0x02, 0x00, 0x00, 0xf8, 0x00, 0x02, 0x00, 0xf9, 0x02, 0x00, 0x00, 0xf5, // ................
	0x00, 0x07, 0x00, 0x0d, 0x00, 0x00, 0x00, 0x00, 0x04, 0x00, 0x00, 0xd0, 0x02, 0x00, 0x00, 0xc7, // ................
	0x02, 0x00, 0x00, 0x01, 0x04, 0x00, 0x00, 0xf8, 0x02, 0x00, 0x00, 0xf9, 0x00, 0x02, 0x00, 0xfa, // ................
	0x02, 0x00, 0x00, 0xf8, 0x00, 0x02, 0x00, 0xfa, 0x02, 0x00, 0x00, 0xf5, 0x00, 0x09, 0x00, 0x0d, // ................
	0x00, 0x00, 0x00, 0xff, 0x03, 0x00, 0x00, 0x7d, 0x00, 0x00, 0x00, 0x59, 0x02, 0x00, 0x00, 0x7d, // .......}...Y...}
	0x00, 0x00, 0x00, 0x69, 0x02, 0x00, 0x00, 0x00, 0x04, 0x00, 0x00, 0xf9, 0x02, 0x00, 0x00, 0x3e, // ...i...........>
	0x00, 0x03, 0x00, 0x09, 0x02, 0x00, 0x00, 0xff, 0x03, 0x00, 0x00, 0xfd, 0x00, 0x01, 0x00, 0x38, // ...............8
	0x00, 0x01, 0x00, 0x00, 0x00, 0xc0, 0x00,                                                       // .......
};
static const bgfx::EmbeddedShader fs_flasher_clip = BGFX_EMBEDDED_SHADER(fs_flasher_clip);

//////////////////////////////////////////////////////////////////////////////////////////////////////////////////////
// Build of vertex shader from vs_flasher.sc to vs_flasher_noclip with options: NOCLIP
static const uint8_t vs_flasher_noclip_mtl[893] =
{
	0x56, 0x53, 0x48, 0x0c, 0x00, 0x00, 0x00, 0x00, 0xe2, 0xbc, 0x2a, 0x7e, 0x00, 0x00, 0x00, 0x00, // VSH.......*~....
	0x00, 0x00, 0x00, 0x00, 0x02, 0x00, 0x0e, 0x63, 0x61, 0x6d, 0x65, 0x72, 0x61, 0x50, 0x6f, 0x73, // .......cameraPos
	0x57, 0x6f, 0x72, 0x6c, 0x64, 0x02, 0x01, 0x40, 0x00, 0x01, 0x00, 0x00, 0x00, 0x00, 0x00, 0x0e, // World..@........
	0x6d, 0x61, 0x74, 0x52, 0x6f, 0x74, 0x56, 0x69, 0x65, 0x77, 0x50, 0x72, 0x6f, 0x6a, 0x04, 0x01, // matRotViewProj..
	0x00, 0x00, 0x04, 0x00, 0x00, 0x00, 0x00, 0x00, 0x29, 0x03, 0x00, 0x00, 0x23, 0x69, 0x6e, 0x63, // ........)...#inc
	0x6c, 0x75, 0x64, 0x65, 0x20, 0x3c, 0x6d, 0x65, 0x74, 0x61, 0x6c, 0x5f, 0x73, 0x74, 0x64, 0x6c, // lude <metal_stdl
	0x69, 0x62, 0x3e, 0x0a, 0x23, 0x69, 0x6e, 0x63, 0x6c, 0x75, 0x64, 0x65, 0x20, 0x3c, 0x73, 0x69, // ib>.#include <si
	0x6d, 0x64, 0x2f, 0x73, 0x69, 0x6d, 0x64, 0x2e, 0x68, 0x3e, 0x0a, 0x0a, 0x75, 0x73, 0x69, 0x6e, // md/simd.h>..usin
	0x67, 0x20, 0x6e, 0x61, 0x6d, 0x65, 0x73, 0x70, 0x61, 0x63, 0x65, 0x20, 0x6d, 0x65, 0x74, 0x61, // g namespace meta
	0x6c, 0x3b, 0x0a, 0x0a, 0x73, 0x74, 0x72, 0x75, 0x63, 0x74, 0x20, 0x5f, 0x47, 0x6c, 0x6f, 0x62, // l;..struct _Glob
	0x61, 0x6c, 0x0a, 0x7b, 0x0a, 0x20, 0x20, 0x20, 0x20, 0x66, 0x6c, 0x6f, 0x61, 0x74, 0x34, 0x78, // al.{.    float4x
	0x34, 0x20, 0x6d, 0x61, 0x74, 0x52, 0x6f, 0x74, 0x56, 0x69, 0x65, 0x77, 0x50, 0x72, 0x6f, 0x6a, // 4 matRotViewProj
	0x3b, 0x0a, 0x20, 0x20, 0x20, 0x20, 0x66, 0x6c, 0x6f, 0x61, 0x74, 0x34, 0x20, 0x63, 0x61, 0x6d, // ;.    float4 cam
	0x65, 0x72, 0x61, 0x50, 0x6f, 0x73, 0x57, 0x6f, 0x72, 0x6c, 0x64, 0x3b, 0x0a, 0x7d, 0x3b, 0x0a, // eraPosWorld;.};.
	0x0a, 0x73, 0x74, 0x72, 0x75, 0x63, 0x74, 0x20, 0x78, 0x6c, 0x61, 0x74, 0x4d, 0x74, 0x6c, 0x4d, // .struct xlatMtlM
	0x61, 0x69, 0x6e, 0x5f, 0x6f, 0x75, 0x74, 0x0a, 0x7b, 0x0a, 0x20, 0x20, 0x20, 0x20, 0x66, 0x6c, // ain_out.{.    fl
	0x6f, 0x61, 0x74, 0x33, 0x20, 0x5f, 0x65, 0x6e, 0x74, 0x72, 0x79, 0x50, 0x6f, 0x69, 0x6e, 0x74, // oat3 _entryPoint
	0x4f, 0x75, 0x74, 0x70, 0x75, 0x74, 0x5f, 0x76, 0x5f, 0x74, 0x61, 0x62, 0x6c, 0x65, 0x50, 0x6f, // Output_v_tablePo
	0x73, 0x20, 0x5b, 0x5b, 0x75, 0x73, 0x65, 0x72, 0x28, 0x6c, 0x6f, 0x63, 0x6e, 0x30, 0x29, 0x5d, // s [[user(locn0)]
	0x5d, 0x3b, 0x0a, 0x20, 0x20, 0x20, 0x20, 0x66, 0x6c, 0x6f, 0x61, 0x74, 0x32, 0x20, 0x5f, 0x65, // ];.    float2 _e
	0x6e, 0x74, 0x72, 0x79, 0x50, 0x6f, 0x69, 0x6e, 0x74, 0x4f, 0x75, 0x74, 0x70, 0x75, 0x74, 0x5f, // ntryPointOutput_
	0x76, 0x5f, 0x74, 0x65, 0x78, 0x63, 0x6f, 0x6f, 0x72, 0x64, 0x30, 0x20, 0x5b, 0x5b, 0x75, 0x73, // v_texcoord0 [[us
	0x65, 0x72, 0x28, 0x6c, 0x6f, 0x63, 0x6e, 0x31, 0x29, 0x5d, 0x5d, 0x3b, 0x0a, 0x20, 0x20, 0x20, // er(locn1)]];.   
	0x20, 0x66, 0x6c, 0x6f, 0x61, 0x74, 0x34, 0x20, 0x67, 0x6c, 0x5f, 0x50, 0x6f, 0x73, 0x69, 0x74, //  float4 gl_Posit
	0x69, 0x6f, 0x6e, 0x20, 0x5b, 0x5b, 0x70, 0x6f, 0x73, 0x69, 0x74, 0x69, 0x6f, 0x6e, 0x5d, 0x5d, // ion [[position]]
	0x3b, 0x0a, 0x7d, 0x3b, 0x0a, 0x0a, 0x73, 0x74, 0x72, 0x75, 0x63, 0x74, 0x20, 0x78, 0x6c, 0x61, // ;.};..struct xla
	0x74, 0x4d, 0x74, 0x6c, 0x4d, 0x61, 0x69, 0x6e, 0x5f, 0x69, 0x6e, 0x0a, 0x7b, 0x0a, 0x20, 0x20, // tMtlMain_in.{.  
	0x20, 0x20, 0x66, 0x6c, 0x6f, 0x61, 0x74, 0x33, 0x20, 0x61, 0x5f, 0x70, 0x6f, 0x73, 0x69, 0x74, //   float3 a_posit
	0x69, 0x6f, 0x6e, 0x20, 0x5b, 0x5b, 0x61, 0x74, 0x74, 0x72, 0x69, 0x62, 0x75, 0x74, 0x65, 0x28, // ion [[attribute(
	0x30, 0x29, 0x5d, 0x5d, 0x3b, 0x0a, 0x20, 0x20, 0x20, 0x20, 0x66, 0x6c, 0x6f, 0x61, 0x74, 0x32, // 0)]];.    float2
	0x20, 0x61, 0x5f, 0x74, 0x65, 0x78, 0x63, 0x6f, 0x6f, 0x72, 0x64, 0x30, 0x20, 0x5b, 0x5b, 0x61, //  a_texcoord0 [[a
	0x74, 0x74, 0x72, 0x69, 0x62, 0x75, 0x74, 0x65, 0x28, 0x31, 0x29, 0x5d, 0x5d, 0x3b, 0x0a, 0x7d, // ttribute(1)]];.}
	0x3b, 0x0a, 0x0a, 0x76, 0x65, 0x72, 0x74, 0x65, 0x78, 0x20, 0x78, 0x6c, 0x61, 0x74, 0x4d, 0x74, // ;..vertex xlatMt
	0x6c, 0x4d, 0x61, 0x69, 0x6e, 0x5f, 0x6f, 0x75, 0x74, 0x20, 0x78, 0x6c, 0x61, 0x74, 0x4d, 0x74, // lMain_out xlatMt
	0x6c, 0x4d, 0x61, 0x69, 0x6e, 0x28, 0x78, 0x6c, 0x61, 0x74, 0x4d, 0x74, 0x6c, 0x4d, 0x61, 0x69, // lMain(xlatMtlMai
	0x6e, 0x5f, 0x69, 0x6e, 0x20, 0x69, 0x6e, 0x20, 0x5b, 0x5b, 0x73, 0x74, 0x61, 0x67, 0x65, 0x5f, // n_in in [[stage_
	0x69, 0x6e, 0x5d, 0x5d, 0x2c, 0x20, 0x63, 0x6f, 0x6e, 0x73, 0x74, 0x61, 0x6e, 0x74, 0x20, 0x5f, // in]], constant _
	0x47, 0x6c, 0x6f, 0x62, 0x61, 0x6c, 0x26, 0x20, 0x5f, 0x6d, 0x74, 0x6c, 0x5f, 0x75, 0x20, 0x5b, // Global& _mtl_u [
	0x5b, 0x62, 0x75, 0x66, 0x66, 0x65, 0x72, 0x28, 0x30, 0x29, 0x5d, 0x5d, 0x29, 0x0a, 0x7b, 0x0a, // [buffer(0)]]).{.
	0x20, 0x20, 0x20, 0x20, 0x78, 0x6c, 0x61, 0x74, 0x4d, 0x74, 0x6c, 0x4d, 0x61, 0x69, 0x6e, 0x5f, //     xlatMtlMain_
	0x6f, 0x75, 0x74, 0x20, 0x6f, 0x75, 0x74, 0x20, 0x3d, 0x20, 0x7b, 0x7d, 0x3b, 0x0a, 0x20, 0x20, // out out = {};.  
	0x20, 0x20, 0x6f, 0x75, 0x74, 0x2e, 0x67, 0x6c, 0x5f, 0x50, 0x6f, 0x73, 0x69, 0x74, 0x69, 0x6f, //   out.gl_Positio
	0x6e, 0x20, 0x3d, 0x20, 0x5f, 0x6d, 0x74, 0x6c, 0x5f, 0x75, 0x2e, 0x6d, 0x61, 0x74, 0x52, 0x6f, // n = _mtl_u.matRo
	0x74, 0x56, 0x69, 0x65, 0x77, 0x50, 0x72, 0x6f, 0x6a, 0x20, 0x2a, 0x20, 0x66, 0x6c, 0x6f, 0x61, // tViewProj * floa
	0x74, 0x34, 0x28, 0x69, 0x6e, 0x2e, 0x61, 0x5f, 0x70, 0x6f, 0x73, 0x69, 0x74, 0x69, 0x6f, 0x6e, // t4(in.a_position
	0x20, 0x2d, 0x20, 0x5f, 0x6d, 0x74, 0x6c, 0x5f, 0x75, 0x2e, 0x63, 0x61, 0x6d, 0x65, 0x72, 0x61, //  - _mtl_u.camera
	0x50, 0x6f, 0x73, 0x57, 0x6f, 0x72, 0x6c, 0x64, 0x2e, 0x78, 0x79, 0x7a, 0x2c, 0x20, 0x31, 0x2e, // PosWorld.xyz, 1.
	0x30, 0x29, 0x3b, 0x0a, 0x20, 0x20, 0x20, 0x20, 0x6f, 0x75, 0x74, 0x2e, 0x5f, 0x65, 0x6e, 0x74, // 0);.    out._ent
	0x72, 0x79, 0x50, 0x6f, 0x69, 0x6e, 0x74, 0x4f, 0x75, 0x74, 0x70, 0x75, 0x74, 0x5f, 0x76, 0x5f, // ryPointOutput_v_
	0x74, 0x61, 0x62, 0x6c, 0x65, 0x50, 0x6f, 0x73, 0x20, 0x3d, 0x20, 0x69, 0x6e, 0x2e, 0x61, 0x5f, // tablePos = in.a_
	0x70, 0x6f, 0x73, 0x69, 0x74, 0x69, 0x6f, 0x6e, 0x3b, 0x0a, 0x20, 0x20, 0x20, 0x20, 0x6f, 0x75, // position;.    ou
	0x74, 0x2e, 0x5f, 0x65, 0x6e, 0x74, 0x72, 0x79, 0x50, 0x6f, 0x69, 0x6e, 0x74, 0x4f, 0x75, 0x74, // t._entryPointOut
	0x70, 0x75, 0x74, 0x5f, 0x76, 0x5f, 0x74, 0x65, 0x78, 0x63, 0x6f, 0x6f, 0x72, 0x64, 0x30, 0x20, // put_v_texcoord0 
	0x3d, 0x20, 0x69, 0x6e, 0x2e, 0x61, 0x5f, 0x74, 0x65, 0x78, 0x63, 0x6f, 0x6f, 0x72, 0x64, 0x30, // = in.a_texcoord0
	0x3b, 0x0a, 0x20, 0x20, 0x20, 0x20, 0x72, 0x65, 0x74, 0x75, 0x72, 0x6e, 0x20, 0x6f, 0x75, 0x74, // ;.    return out
	0x3b, 0x0a, 0x7d, 0x0a, 0x0a, 0x00, 0x02, 0x01, 0x00, 0x10, 0x00, 0x50, 0x00,                   // ;.}........P.
};
static const uint8_t vs_flasher_noclip_essl[420] =
{
	0x56, 0x53, 0x48, 0x0c, 0x00, 0x00, 0x00, 0x00, 0xe2, 0xbc, 0x2a, 0x7e, 0x00, 0x00, 0x00, 0x00, // VSH.......*~....
	0x00, 0x00, 0x00, 0x00, 0x02, 0x00, 0x0e, 0x63, 0x61, 0x6d, 0x65, 0x72, 0x61, 0x50, 0x6f, 0x73, // .......cameraPos
	0x57, 0x6f, 0x72, 0x6c, 0x64, 0x02, 0x01, 0x00, 0x00, 0x01, 0x00, 0x00, 0x00, 0x00, 0x00, 0x0e, // World...........
	0x6d, 0x61, 0x74, 0x52, 0x6f, 0x74, 0x56, 0x69, 0x65, 0x77, 0x50, 0x72, 0x6f, 0x6a, 0x04, 0x01, // matRotViewProj..
	0x00, 0x00, 0x04, 0x00, 0x00, 0x00, 0x00, 0x00, 0x57, 0x01, 0x00, 0x00, 0x0a, 0x75, 0x6e, 0x69, // ........W....uni
	0x66, 0x6f, 0x72, 0x6d, 0x20, 0x76, 0x65, 0x63, 0x34, 0x20, 0x63, 0x61, 0x6d, 0x65, 0x72, 0x61, // form vec4 camera
	0x50, 0x6f, 0x73, 0x57, 0x6f, 0x72, 0x6c, 0x64, 0x3b, 0x0a, 0x75, 0x6e, 0x69, 0x66, 0x6f, 0x72, // PosWorld;.unifor
	0x6d, 0x20, 0x6d, 0x61, 0x74, 0x34, 0x20, 0x6d, 0x61, 0x74, 0x52, 0x6f, 0x74, 0x56, 0x69, 0x65, // m mat4 matRotVie
	0x77, 0x50, 0x72, 0x6f, 0x6a, 0x3b, 0x0a, 0x0a, 0x6c, 0x61, 0x79, 0x6f, 0x75, 0x74, 0x28, 0x6c, // wProj;..layout(l
	0x6f, 0x63, 0x61, 0x74, 0x69, 0x6f, 0x6e, 0x20, 0x3d, 0x20, 0x30, 0x29, 0x20, 0x69, 0x6e, 0x20, // ocation = 0) in 
	0x76, 0x65, 0x63, 0x33, 0x20, 0x61, 0x5f, 0x70, 0x6f, 0x73, 0x69, 0x74, 0x69, 0x6f, 0x6e, 0x3b, // vec3 a_position;
	0x0a, 0x6f, 0x75, 0x74, 0x20, 0x76, 0x65, 0x63, 0x33, 0x20, 0x76, 0x5f, 0x74, 0x61, 0x62, 0x6c, // .out vec3 v_tabl
	0x65, 0x50, 0x6f, 0x73, 0x3b, 0x0a, 0x6f, 0x75, 0x74, 0x20, 0x76, 0x65, 0x63, 0x32, 0x20, 0x76, // ePos;.out vec2 v
	0x5f, 0x74, 0x65, 0x78, 0x63, 0x6f, 0x6f, 0x72, 0x64, 0x30, 0x3b, 0x0a, 0x6c, 0x61, 0x79, 0x6f, // _texcoord0;.layo
	0x75, 0x74, 0x28, 0x6c, 0x6f, 0x63, 0x61, 0x74, 0x69, 0x6f, 0x6e, 0x20, 0x3d, 0x20, 0x31, 0x29, // ut(location = 1)
	0x20, 0x69, 0x6e, 0x20, 0x76, 0x65, 0x63, 0x32, 0x20, 0x61, 0x5f, 0x74, 0x65, 0x78, 0x63, 0x6f, //  in vec2 a_texco
	0x6f, 0x72, 0x64, 0x30, 0x3b, 0x0a, 0x0a, 0x76, 0x6f, 0x69, 0x64, 0x20, 0x6d, 0x61, 0x69, 0x6e, // ord0;..void main
	0x28, 0x29, 0x0a, 0x7b, 0x0a, 0x20, 0x20, 0x20, 0x20, 0x76, 0x5f, 0x74, 0x61, 0x62, 0x6c, 0x65, // ().{.    v_table
	0x50, 0x6f, 0x73, 0x20, 0x3d, 0x20, 0x61, 0x5f, 0x70, 0x6f, 0x73, 0x69, 0x74, 0x69, 0x6f, 0x6e, // Pos = a_position
	0x3b, 0x0a, 0x20, 0x20, 0x20, 0x20, 0x76, 0x5f, 0x74, 0x65, 0x78, 0x63, 0x6f, 0x6f, 0x72, 0x64, // ;.    v_texcoord
	0x30, 0x20, 0x3d, 0x20, 0x61, 0x5f, 0x74, 0x65, 0x78, 0x63, 0x6f, 0x6f, 0x72, 0x64, 0x30, 0x3b, // 0 = a_texcoord0;
	0x0a, 0x20, 0x20, 0x20, 0x20, 0x67, 0x6c, 0x5f, 0x50, 0x6f, 0x73, 0x69, 0x74, 0x69, 0x6f, 0x6e, // .    gl_Position
	0x20, 0x3d, 0x20, 0x6d, 0x61, 0x74, 0x52, 0x6f, 0x74, 0x56, 0x69, 0x65, 0x77, 0x50, 0x72, 0x6f, //  = matRotViewPro
	0x6a, 0x20, 0x2a, 0x20, 0x76, 0x65, 0x63, 0x34, 0x28, 0x61, 0x5f, 0x70, 0x6f, 0x73, 0x69, 0x74, // j * vec4(a_posit
	0x69, 0x6f, 0x6e, 0x20, 0x2d, 0x20, 0x63, 0x61, 0x6d, 0x65, 0x72, 0x61, 0x50, 0x6f, 0x73, 0x57, // ion - cameraPosW
	0x6f, 0x72, 0x6c, 0x64, 0x2e, 0x78, 0x79, 0x7a, 0x2c, 0x20, 0x31, 0x2e, 0x30, 0x29, 0x3b, 0x0a, // orld.xyz, 1.0);.
	0x7d, 0x0a, 0x0a, 0x00,                                                                         // }...
};
static const uint8_t vs_flasher_noclip_glsl[420] =
{
	0x56, 0x53, 0x48, 0x0c, 0x00, 0x00, 0x00, 0x00, 0xe2, 0xbc, 0x2a, 0x7e, 0x00, 0x00, 0x00, 0x00, // VSH.......*~....
	0x00, 0x00, 0x00, 0x00, 0x02, 0x00, 0x0e, 0x63, 0x61, 0x6d, 0x65, 0x72, 0x61, 0x50, 0x6f, 0x73, // .......cameraPos
	0x57, 0x6f, 0x72, 0x6c, 0x64, 0x02, 0x01, 0x00, 0x00, 0x01, 0x00, 0x00, 0x00, 0x00, 0x00, 0x0e, // World...........
	0x6d, 0x61, 0x74, 0x52, 0x6f, 0x74, 0x56, 0x69, 0x65, 0x77, 0x50, 0x72, 0x6f, 0x6a, 0x04, 0x01, // matRotViewProj..
	0x00, 0x00, 0x04, 0x00, 0x00, 0x00, 0x00, 0x00, 0x57, 0x01, 0x00, 0x00, 0x0a, 0x75, 0x6e, 0x69, // ........W....uni
	0x66, 0x6f, 0x72, 0x6d, 0x20, 0x76, 0x65, 0x63, 0x34, 0x20, 0x63, 0x61, 0x6d, 0x65, 0x72, 0x61, // form vec4 camera
	0x50, 0x6f, 0x73, 0x57, 0x6f, 0x72, 0x6c, 0x64, 0x3b, 0x0a, 0x75, 0x6e, 0x69, 0x66, 0x6f, 0x72, // PosWorld;.unifor
	0x6d, 0x20, 0x6d, 0x61, 0x74, 0x34, 0x20, 0x6d, 0x61, 0x74, 0x52, 0x6f, 0x74, 0x56, 0x69, 0x65, // m mat4 matRotVie
	0x77, 0x50, 0x72, 0x6f, 0x6a, 0x3b, 0x0a, 0x0a, 0x6c, 0x61, 0x79, 0x6f, 0x75, 0x74, 0x28, 0x6c, // wProj;..layout(l
	0x6f, 0x63, 0x61, 0x74, 0x69, 0x6f, 0x6e, 0x20, 0x3d, 0x20, 0x30, 0x29, 0x20, 0x69, 0x6e, 0x20, // ocation = 0) in 
	0x76, 0x65, 0x63, 0x33, 0x20, 0x61, 0x5f, 0x70, 0x6f, 0x73, 0x69, 0x74, 0x69, 0x6f, 0x6e, 0x3b, // vec3 a_position;
	0x0a, 0x6f, 0x75, 0x74, 0x20, 0x76, 0x65, 0x63, 0x33, 0x20, 0x76, 0x5f, 0x74, 0x61, 0x62, 0x6c, // .out vec3 v_tabl
	0x65, 0x50, 0x6f, 0x73, 0x3b, 0x0a, 0x6f, 0x75, 0x74, 0x20, 0x76, 0x65, 0x63, 0x32, 0x20, 0x76, // ePos;.out vec2 v
	0x5f, 0x74, 0x65, 0x78, 0x63, 0x6f, 0x6f, 0x72, 0x64, 0x30, 0x3b, 0x0a, 0x6c, 0x61, 0x79, 0x6f, // _texcoord0;.layo
	0x75, 0x74, 0x28, 0x6c, 0x6f, 0x63, 0x61, 0x74, 0x69, 0x6f, 0x6e, 0x20, 0x3d, 0x20, 0x31, 0x29, // ut(location = 1)
	0x20, 0x69, 0x6e, 0x20, 0x76, 0x65, 0x63, 0x32, 0x20, 0x61, 0x5f, 0x74, 0x65, 0x78, 0x63, 0x6f, //  in vec2 a_texco
	0x6f, 0x72, 0x64, 0x30, 0x3b, 0x0a, 0x0a, 0x76, 0x6f, 0x69, 0x64, 0x20, 0x6d, 0x61, 0x69, 0x6e, // ord0;..void main
	0x28, 0x29, 0x0a, 0x7b, 0x0a, 0x20, 0x20, 0x20, 0x20, 0x76, 0x5f, 0x74, 0x61, 0x62, 0x6c, 0x65, // ().{.    v_table
	0x50, 0x6f, 0x73, 0x20, 0x3d, 0x20, 0x61, 0x5f, 0x70, 0x6f, 0x73, 0x69, 0x74, 0x69, 0x6f, 0x6e, // Pos = a_position
	0x3b, 0x0a, 0x20, 0x20, 0x20, 0x20, 0x76, 0x5f, 0x74, 0x65, 0x78, 0x63, 0x6f, 0x6f, 0x72, 0x64, // ;.    v_texcoord
	0x30, 0x20, 0x3d, 0x20, 0x61, 0x5f, 0x74, 0x65, 0x78, 0x63, 0x6f, 0x6f, 0x72, 0x64, 0x30, 0x3b, // 0 = a_texcoord0;
	0x0a, 0x20, 0x20, 0x20, 0x20, 0x67, 0x6c, 0x5f, 0x50, 0x6f, 0x73, 0x69, 0x74, 0x69, 0x6f, 0x6e, // .    gl_Position
	0x20, 0x3d, 0x20, 0x6d, 0x61, 0x74, 0x52, 0x6f, 0x74, 0x56, 0x69, 0x65, 0x77, 0x50, 0x72, 0x6f, //  = matRotViewPro
	0x6a, 0x20, 0x2a, 0x20, 0x76, 0x65, 0x63, 0x34, 0x28, 0x61, 0x5f, 0x70, 0x6f, 0x73, 0x69, 0x74, // j * vec4(a_posit
	0x69, 0x6f, 0x6e, 0x20, 0x2d, 0x20, 0x63, 0x61, 0x6d, 0x65, 0x72, 0x61, 0x50, 0x6f, 0x73, 0x57, // ion - cameraPosW
	0x6f, 0x72, 0x6c, 0x64, 0x2e, 0x78, 0x79, 0x7a, 0x2c, 0x20, 0x31, 0x2e, 0x30, 0x29, 0x3b, 0x0a, // orld.xyz, 1.0);.
	0x7d, 0x0a, 0x0a, 0x00,                                                                         // }...
};
static const uint8_t vs_flasher_noclip_dxbc[656] =
{
	0x56, 0x53, 0x48, 0x0c, 0x00, 0x00, 0x00, 0x00, 0xe2, 0xbc, 0x2a, 0x7e, 0x00, 0x00, 0x00, 0x00, // VSH.......*~....
	0x00, 0x00, 0x00, 0x00, 0x02, 0x00, 0x0e, 0x6d, 0x61, 0x74, 0x52, 0x6f, 0x74, 0x56, 0x69, 0x65, // .......matRotVie
	0x77, 0x50, 0x72, 0x6f, 0x6a, 0x04, 0x00, 0x00, 0x00, 0x04, 0x00, 0x00, 0x00, 0x00, 0x00, 0x0e, // wProj...........
	0x63, 0x61, 0x6d, 0x65, 0x72, 0x61, 0x50, 0x6f, 0x73, 0x57, 0x6f, 0x72, 0x6c, 0x64, 0x02, 0x00, // cameraPosWorld..
	0x40, 0x00, 0x01, 0x00, 0x00, 0x00, 0x00, 0x00, 0x3c, 0x02, 0x00, 0x00, 0x44, 0x58, 0x42, 0x43, // @.......<...DXBC
	0xac, 0x67, 0x3e, 0xe3, 0xc0, 0x08, 0xbf, 0x2e, 0x74, 0x3f, 0x6a, 0xd7, 0xe0, 0x92, 0xba, 0xce, // .g>.....t?j.....
	0x01, 0x00, 0x00, 0x00, 0x3c, 0x02, 0x00, 0x00, 0x03, 0x00, 0x00, 0x00, 0x2c, 0x00, 0x00, 0x00, // ....<.......,...
	0x80, 0x00, 0x00, 0x00, 0xf0, 0x00, 0x00, 0x00, 0x49, 0x53, 0x47, 0x4e, 0x4c, 0x00, 0x00, 0x00, // ........ISGNL...
	0x02, 0x00, 0x00, 0x00, 0x08, 0x00, 0x00, 0x00, 0x38, 0x00, 0x00, 0x00, 0x00, 0x00, 0x00, 0x00, // ........8.......
	0x00, 0x00, 0x00, 0x00, 0x03, 0x00, 0x00, 0x00, 0x00, 0x00, 0x00, 0x00, 0x07, 0x07, 0x00, 0x00, // ................
	0x41, 0x00, 0x00, 0x00, 0x00, 0x00, 0x00, 0x00, 0x00, 0x00, 0x00, 0x00, 0x03, 0x00, 0x00, 0x00, // A...............
	0x01, 0x00, 0x00, 0x00, 0x03, 0x03, 0x00, 0x00, 0x50, 0x4f, 0x53, 0x49, 0x54, 0x49, 0x4f, 0x4e, // ........POSITION
	0x00, 0x54, 0x45, 0x58, 0x43, 0x4f, 0x4f, 0x52, 0x44, 0x00, 0xab, 0xab, 0x4f, 0x53, 0x47, 0x4e, // .TEXCOORD...OSGN
	0x68, 0x00, 0x00, 0x00, 0x03, 0x00, 0x00, 0x00, 0x08, 0x00, 0x00, 0x00, 0x50, 0x00, 0x00, 0x00, // h...........P...
	0x00, 0x00, 0x00, 0x00, 0x01, 0x00, 0x00, 0x00, 0x03, 0x00, 0x00, 0x00, 0x00, 0x00, 0x00, 0x00, // ................
	0x0f, 0x00, 0x00, 0x00, 0x5c, 0x00, 0x00, 0x00, 0x01, 0x00, 0x00, 0x00, 0x00, 0x00, 0x00, 0x00, // ................
	0x03, 0x00, 0x00, 0x00, 0x01, 0x00, 0x00, 0x00, 0x07, 0x08, 0x00, 0x00, 0x5c, 0x00, 0x00, 0x00, // ................
	0x00, 0x00, 0x00, 0x00, 0x00, 0x00, 0x00, 0x00, 0x03, 0x00, 0x00, 0x00, 0x02, 0x00, 0x00, 0x00, // ................
	0x03, 0x0c, 0x00, 0x00, 0x53, 0x56, 0x5f, 0x50, 0x4f, 0x53, 0x49, 0x54, 0x49, 0x4f, 0x4e, 0x00, // ....SV_POSITION.
	0x54, 0x45, 0x58, 0x43, 0x4f, 0x4f, 0x52, 0x44, 0x00, 0xab, 0xab, 0xab, 0x53, 0x48, 0x45, 0x58, // TEXCOORD....SHEX
	0x44, 0x01, 0x00, 0x00, 0x50, 0x00, 0x01, 0x00, 0x51, 0x00, 0x00, 0x00, 0x6a, 0x08, 0x00, 0x01, // D...P...Q...j...
	0x59, 0x00, 0x00, 0x04, 0x46, 0x8e, 0x20, 0x00, 0x00, 0x00, 0x00, 0x00, 0x05, 0x00, 0x00, 0x00, // Y...F. .........
	0x5f, 0x00, 0x00, 0x03, 0x72, 0x10, 0x10, 0x00, 0x00, 0x00, 0x00, 0x00, 0x5f, 0x00, 0x00, 0x03, // _...r......._...
	0x32, 0x10, 0x10, 0x00, 0x01, 0x00, 0x00, 0x00, 0x67, 0x00, 0x00, 0x04, 0xf2, 0x20, 0x10, 0x00, // 2.......g.... ..
	0x00, 0x00, 0x00, 0x00, 0x01, 0x00, 0x00, 0x00, 0x65, 0x00, 0x00, 0x03, 0x72, 0x20, 0x10, 0x00, // ........e...r ..
	0x01, 0x00, 0x00, 0x00, 0x65, 0x00, 0x00, 0x03, 0x32, 0x20, 0x10, 0x00, 0x02, 0x00, 0x00, 0x00, // ....e...2 ......
	0x68, 0x00, 0x00, 0x02, 0x02, 0x00, 0x00, 0x00, 0x00, 0x00, 0x00, 0x09, 0x72, 0x00, 0x10, 0x00, // h...........r...
	0x00, 0x00, 0x00, 0x00, 0x46, 0x12, 0x10, 0x00, 0x00, 0x00, 0x00, 0x00, 0x46, 0x82, 0x20, 0x80, // ....F.......F. .
	0x41, 0x00, 0x00, 0x00, 0x00, 0x00, 0x00, 0x00, 0x04, 0x00, 0x00, 0x00, 0x38, 0x00, 0x00, 0x08, // A...........8...
	0xf2, 0x00, 0x10, 0x00, 0x01, 0x00, 0x00, 0x00, 0x56, 0x05, 0x10, 0x00, 0x00, 0x00, 0x00, 0x00, // ........V.......
	0x46, 0x8e, 0x20, 0x00, 0x00, 0x00, 0x00, 0x00, 0x01, 0x00, 0x00, 0x00, 0x32, 0x00, 0x00, 0x0a, // F. .........2...
	0xf2, 0x00, 0x10, 0x00, 0x01, 0x00, 0x00, 0x00, 0x46, 0x8e, 0x20, 0x00, 0x00, 0x00, 0x00, 0x00, // ........F. .....
	0x00, 0x00, 0x00, 0x00, 0x06, 0x00, 0x10, 0x00, 0x00, 0x00, 0x00, 0x00, 0x46, 0x0e, 0x10, 0x00, // ............F...
	0x01, 0x00, 0x00, 0x00, 0x32, 0x00, 0x00, 0x0a, 0xf2, 0x00, 0x10, 0x00, 0x00, 0x00, 0x00, 0x00, // ....2...........
	0x46, 0x8e, 0x20, 0x00, 0x00, 0x00, 0x00, 0x00, 0x02, 0x00, 0x00, 0x00, 0xa6, 0x0a, 0x10, 0x00, // F. .............
	0x00, 0x00, 0x00, 0x00, 0x46, 0x0e, 0x10, 0x00, 0x01, 0x00, 0x00, 0x00, 0x00, 0x00, 0x00, 0x08, // ....F...........
	0xf2, 0x20, 0x10, 0x00, 0x00, 0x00, 0x00, 0x00, 0x46, 0x0e, 0x10, 0x00, 0x00, 0x00, 0x00, 0x00, // . ......F.......
	0x46, 0x8e, 0x20, 0x00, 0x00, 0x00, 0x00, 0x00, 0x03, 0x00, 0x00, 0x00, 0x36, 0x00, 0x00, 0x05, // F. .........6...
	0x72, 0x20, 0x10, 0x00, 0x01, 0x00, 0x00, 0x00, 0x46, 0x12, 0x10, 0x00, 0x00, 0x00, 0x00, 0x00, // r ......F.......
	0x36, 0x00, 0x00, 0x05, 0x32, 0x20, 0x10, 0x00, 0x02, 0x00, 0x00, 0x00, 0x46, 0x10, 0x10, 0x00, // 6...2 ......F...
	0x01, 0x00, 0x00, 0x00, 0x3e, 0x00, 0x00, 0x01, 0x00, 0x02, 0x01, 0x00, 0x10, 0x00, 0x50, 0x00, // ....>.........P.
};
static const uint8_t vs_flasher_noclip_dxil[2724] =
{
	0x56, 0x53, 0x48, 0x0c, 0x00, 0x00, 0x00, 0x00, 0xe2, 0xbc, 0x2a, 0x7e, 0x00, 0x00, 0x00, 0x00, // VSH.......*~....
	0x00, 0x00, 0x00, 0x00, 0x02, 0x00, 0x0e, 0x6d, 0x61, 0x74, 0x52, 0x6f, 0x74, 0x56, 0x69, 0x65, // .......matRotVie
	0x77, 0x50, 0x72, 0x6f, 0x6a, 0x04, 0x00, 0x00, 0x00, 0x04, 0x00, 0x00, 0x00, 0x00, 0x00, 0x0e, // wProj...........
	0x63, 0x61, 0x6d, 0x65, 0x72, 0x61, 0x50, 0x6f, 0x73, 0x57, 0x6f, 0x72, 0x6c, 0x64, 0x02, 0x00, // cameraPosWorld..
	0x40, 0x00, 0x01, 0x00, 0x00, 0x00, 0x00, 0x00, 0x50, 0x0a, 0x00, 0x00, 0x44, 0x58, 0x42, 0x43, // @.......P...DXBC
	0xc4, 0xb8, 0x24, 0x11, 0xef, 0x14, 0xae, 0xab, 0xf6, 0x96, 0xb9, 0x4a, 0x0a, 0x30, 0x9f, 0xe2, // ..$........J.0..
	0x01, 0x00, 0x00, 0x00, 0x50, 0x0a, 0x00, 0x00, 0x07, 0x00, 0x00, 0x00, 0x3c, 0x00, 0x00, 0x00, // ....P.......<...
	0x4c, 0x00, 0x00, 0x00, 0xb0, 0x00, 0x00, 0x00, 0x38, 0x01, 0x00, 0x00, 0x48, 0x02, 0x00, 0x00, // L.......8...H...
	0x7c, 0x02, 0x00, 0x00, 0x98, 0x02, 0x00, 0x00, 0x53, 0x46, 0x49, 0x30, 0x08, 0x00, 0x00, 0x00, // |.......SFI0....
	0x00, 0x00, 0x00, 0x00, 0x00, 0x00, 0x00, 0x00, 0x49, 0x53, 0x47, 0x31, 0x5c, 0x00, 0x00, 0x00, // ........ISG1....
	0x02, 0x00, 0x00, 0x00, 0x08, 0x00, 0x00, 0x00, 0x00, 0x00, 0x00, 0x00, 0x48, 0x00, 0x00, 0x00, // ............H...
	0x00, 0x00, 0x00, 0x00, 0x00, 0x00, 0x00, 0x00, 0x03, 0x00, 0x00, 0x00, 0x00, 0x00, 0x00, 0x00, // ................
	0x07, 0x07, 0x00, 0x00, 0x00, 0x00, 0x00, 0x00, 0x00, 0x00, 0x00, 0x00, 0x51, 0x00, 0x00, 0x00, // ............Q...
	0x00, 0x00, 0x00, 0x00, 0x00, 0x00, 0x00, 0x00, 0x03, 0x00, 0x00, 0x00, 0x01, 0x00, 0x00, 0x00, // ................
	0x03, 0x03, 0x00, 0x00, 0x00, 0x00, 0x00, 0x00, 0x50, 0x4f, 0x53, 0x49, 0x54, 0x49, 0x4f, 0x4e, // ........POSITION
	0x00, 0x54, 0x45, 0x58, 0x43, 0x4f, 0x4f, 0x52, 0x44, 0x00, 0x00, 0x00, 0x4f, 0x53, 0x47, 0x31, // .TEXCOORD...OSG1
	0x80, 0x00, 0x00, 0x00, 0x03, 0x00, 0x00, 0x00, 0x08, 0x00, 0x00, 0x00, 0x00, 0x00, 0x00, 0x00, // ................
	0x68, 0x00, 0x00, 0x00, 0x00, 0x00, 0x00, 0x00, 0x01, 0x00, 0x00, 0x00, 0x03, 0x00, 0x00, 0x00, // h...............
	0x00, 0x00, 0x00, 0x00, 0x0f, 0x00, 0x00, 0x00, 0x00, 0x00, 0x00, 0x00, 0x00, 0x00, 0x00, 0x00, // ................
	0x74, 0x00, 0x00, 0x00, 0x01, 0x00, 0x00, 0x00, 0x00, 0x00, 0x00, 0x00, 0x03, 0x00, 0x00, 0x00, // t...............
	0x01, 0x00, 0x00, 0x00, 0x07, 0x08, 0x00, 0x00, 0x00, 0x00, 0x00, 0x00, 0x00, 0x00, 0x00, 0x00, // ................
	0x74, 0x00, 0x00, 0x00, 0x00, 0x00, 0x00, 0x00, 0x00, 0x00, 0x00, 0x00, 0x03, 0x00, 0x00, 0x00, // t...............
	0x02, 0x00, 0x00, 0x00, 0x03, 0x0c, 0x00, 0x00, 0x00, 0x00, 0x00, 0x00, 0x53, 0x56, 0x5f, 0x50, // ............SV_P
	0x6f, 0x73, 0x69, 0x74, 0x69, 0x6f, 0x6e, 0x00, 0x54, 0x45, 0x58, 0x43, 0x4f, 0x4f, 0x52, 0x44, // osition.TEXCOORD
	0x00, 0x00, 0x00, 0x00, 0x50, 0x53, 0x56, 0x30, 0x08, 0x01, 0x00, 0x00, 0x34, 0x00, 0x00, 0x00, // ....PSV0....4...
	0x01, 0x00, 0x00, 0x00, 0x00, 0x00, 0x00, 0x00, 0x00, 0x00, 0x00, 0x00, 0x00, 0x00, 0x00, 0x00, // ................
	0x00, 0x00, 0x00, 0x00, 0xff, 0xff, 0xff, 0xff, 0x01, 0x00, 0x00, 0x00, 0x02, 0x03, 0x00, 0x02, // ................
	0x03, 0x00, 0x00, 0x00, 0x00, 0x00, 0x00, 0x00, 0x00, 0x00, 0x00, 0x00, 0x00, 0x00, 0x00, 0x00, // ................
	0x25, 0x00, 0x00, 0x00, 0x01, 0x00, 0x00, 0x00, 0x18, 0x00, 0x00, 0x00, 0x02, 0x00, 0x00, 0x00, // %...............
	0x00, 0x00, 0x00, 0x00, 0x00, 0x00, 0x00, 0x00, 0x00, 0x00, 0x00, 0x00, 0x0d, 0x00, 0x00, 0x00, // ................
	0x00, 0x00, 0x00, 0x00, 0x2c, 0x00, 0x00, 0x00, 0x00, 0x50, 0x4f, 0x53, 0x49, 0x54, 0x49, 0x4f, // ....,....POSITIO
	0x4e, 0x00, 0x54, 0x45, 0x58, 0x43, 0x4f, 0x4f, 0x52, 0x44, 0x00, 0x54, 0x45, 0x58, 0x43, 0x4f, // N.TEXCOORD.TEXCO
	0x4f, 0x52, 0x44, 0x00, 0x54, 0x45, 0x58, 0x43, 0x4f, 0x4f, 0x52, 0x44, 0x00, 0x6d, 0x61, 0x69, // ORD.TEXCOORD.mai
	0x6e, 0x00, 0x00, 0x00, 0x02, 0x00, 0x00, 0x00, 0x00, 0x00, 0x00, 0x00, 0x01, 0x00, 0x00, 0x00, // n...............
	0x10, 0x00, 0x00, 0x00, 0x01, 0x00, 0x00, 0x00, 0x00, 0x00, 0x00, 0x00, 0x01, 0x00, 0x43, 0x00, // ..............C.
	0x03, 0x00, 0x00, 0x00, 0x0a, 0x00, 0x00, 0x00, 0x00, 0x00, 0x00, 0x00, 0x01, 0x01, 0x42, 0x00, // ..............B.
	0x03, 0x00, 0x00, 0x00, 0x00, 0x00, 0x00, 0x00, 0x00, 0x00, 0x00, 0x00, 0x01, 0x00, 0x44, 0x03, // ..............D.
	0x03, 0x04, 0x00, 0x00, 0x13, 0x00, 0x00, 0x00, 0x01, 0x00, 0x00, 0x00, 0x01, 0x01, 0x43, 0x00, // ..............C.
	0x03, 0x02, 0x00, 0x00, 0x1c, 0x00, 0x00, 0x00, 0x00, 0x00, 0x00, 0x00, 0x01, 0x02, 0x42, 0x00, // ..............B.
	0x03, 0x02, 0x00, 0x00, 0x1f, 0x00, 0x00, 0x00, 0x2f, 0x00, 0x00, 0x00, 0x4f, 0x00, 0x00, 0x00, // ......../...O...
	0x00, 0x00, 0x00, 0x00, 0x00, 0x01, 0x00, 0x00, 0x00, 0x02, 0x00, 0x00, 0x00, 0x00, 0x00, 0x00, // ................
	0x00, 0x00, 0x00, 0x00, 0x49, 0x4c, 0x44, 0x4e, 0x2c, 0x00, 0x00, 0x00, 0x00, 0x00, 0x24, 0x00, // ....ILDN,.....$.
	0x33, 0x32, 0x63, 0x30, 0x34, 0x38, 0x39, 0x64, 0x35, 0x38, 0x35, 0x39, 0x35, 0x37, 0x32, 0x61, // 32c0489d5859572a
	0x64, 0x31, 0x63, 0x39, 0x35, 0x63, 0x33, 0x64, 0x31, 0x30, 0x34, 0x34, 0x63, 0x31, 0x31, 0x39, // d1c95c3d1044c119
	0x2e, 0x70, 0x64, 0x62, 0x00, 0x00, 0x00, 0x00, 0x48, 0x41, 0x53, 0x48, 0x14, 0x00, 0x00, 0x00, // .pdb....HASH....
	0x00, 0x00, 0x00, 0x00, 0x32, 0xc0, 0x48, 0x9d, 0x58, 0x59, 0x57, 0x2a, 0xd1, 0xc9, 0x5c, 0x3d, // ....2.H.XYW*...=
	0x10, 0x44, 0xc1, 0x19, 0x44, 0x58, 0x49, 0x4c, 0xb0, 0x07, 0x00, 0x00, 0x60, 0x00, 0x01, 0x00, // .D..DXIL....`...
	0xec, 0x01, 0x00, 0x00, 0x44, 0x58, 0x49, 0x4c, 0x00, 0x01, 0x00, 0x00, 0x10, 0x00, 0x00, 0x00, // ....DXIL........
	0x98, 0x07, 0x00, 0x00, 0x42, 0x43, 0xc0, 0xde, 0x21, 0x0c, 0x00, 0x00, 0xe3, 0x01, 0x00, 0x00, // ....BC..!.......
	0x0b, 0x82, 0x20, 0x00, 0x02, 0x00, 0x00, 0x00, 0x13, 0x00, 0x00, 0x00, 0x07, 0x81, 0x23, 0x91, // .. ...........#.
	0x41, 0xc8, 0x04, 0x49, 0x06, 0x10, 0x32, 0x39, 0x92, 0x01, 0x84, 0x0c, 0x25, 0x05, 0x08, 0x19, // A..I..29....%...
	0x1e, 0x04, 0x8b, 0x62, 0x80, 0x14, 0x45, 0x02, 0x42, 0x92, 0x0b, 0x42, 0xa4, 0x10, 0x32, 0x14, // ...b..E.B..B..2.
	0x38, 0x08, 0x18, 0x4b, 0x0a, 0x32, 0x52, 0x88, 0x48, 0x90, 0x14, 0x20, 0x43, 0x46, 0x88, 0xa5, // 8..K.2R.H.. CF..
	0x00, 0x19, 0x32, 0x42, 0xe4, 0x48, 0x0e, 0x90, 0x91, 0x22, 0xc4, 0x50, 0x41, 0x51, 0x81, 0x8c, // ..2B.H...".PAQ..
	0xe1, 0x83, 0xe5, 0x8a, 0x04, 0x29, 0x46, 0x06, 0x51, 0x18, 0x00, 0x00, 0x08, 0x00, 0x00, 0x00, // .....)F.Q.......
	0x1b, 0x8c, 0xe0, 0xff, 0xff, 0xff, 0xff, 0x07, 0x40, 0x02, 0xa8, 0x0d, 0x84, 0xf0, 0xff, 0xff, // ........@.......
	0xff, 0xff, 0x03, 0x20, 0x6d, 0x30, 0x86, 0xff, 0xff, 0xff, 0xff, 0x1f, 0x00, 0x09, 0xa8, 0x00, // ... m0..........
	0x49, 0x18, 0x00, 0x00, 0x03, 0x00, 0x00, 0x00, 0x13, 0x82, 0x60, 0x42, 0x20, 0x4c, 0x08, 0x06, // I.........`B L..
	0x00, 0x00, 0x00, 0x00, 0x89, 0x20, 0x00, 0x00, 0x27, 0x00, 0x00, 0x00, 0x32, 0x22, 0x48, 0x09, // ..... ..'...2"H.
	0x20, 0x64, 0x85, 0x04, 0x93, 0x22, 0xa4, 0x84, 0x04, 0x93, 0x22, 0xe3, 0x84, 0xa1, 0x90, 0x14, //  d..."....".....
	0x12, 0x4c, 0x8a, 0x8c, 0x0b, 0x84, 0xa4, 0x4c, 0x10, 0x68, 0x23, 0x00, 0x25, 0x00, 0x14, 0x66, // .L.....L.h#.%..f
	0x00, 0xe6, 0x08, 0xc0, 0x60, 0x8e, 0x00, 0x29, 0xc6, 0x20, 0x84, 0x14, 0x42, 0xa6, 0x18, 0x80, // ....`..). ..B...
	0x10, 0x52, 0x06, 0xa1, 0xa3, 0x86, 0xcb, 0x9f, 0xb0, 0x87, 0x90, 0x7c, 0x6e, 0xa3, 0x8a, 0x95, // .R.........|n...
	0x98, 0xfc, 0xe2, 0xb6, 0x11, 0x31, 0xc6, 0x18, 0x54, 0xee, 0x19, 0x2e, 0x7f, 0xc2, 0x1e, 0x42, // .....1..T......B
	0xf2, 0x43, 0xa0, 0x19, 0x16, 0x02, 0x05, 0xab, 0x10, 0x8a, 0x30, 0x42, 0xad, 0x14, 0x83, 0x8c, // .C........0B....
	0x31, 0xe8, 0xcd, 0x11, 0x04, 0xc5, 0x60, 0xa4, 0x10, 0x12, 0x49, 0x0e, 0x04, 0x0c, 0x23, 0x10, // 1.....`...I...#.
	0x43, 0x12, 0xd4, 0x99, 0x26, 0x74, 0x78, 0x87, 0x79, 0xa0, 0x07, 0x76, 0x08, 0x87, 0x7c, 0x78, // C...&tx.y..v..|x
	0x87, 0x7a, 0xa0, 0x07, 0x37, 0x20, 0x83, 0x53, 0x60, 0x87, 0x77, 0x10, 0x87, 0x70, 0x60, 0x87, // .z..7 .S`.w..p`.
	0x79, 0x40, 0x82, 0xad, 0x74, 0x13, 0x81, 0x00, 0x13, 0x14, 0x72, 0xc0, 0x87, 0x74, 0x60, 0x87, // y@..t.....r..t`.
	0x36, 0x68, 0x87, 0x79, 0x68, 0x03, 0x72, 0xc0, 0x87, 0x0d, 0xaf, 0x50, 0x0e, 0x6d, 0xd0, 0x0e, // 6h.yh.r....P.m..
	0x7a, 0x50, 0x0e, 0x6d, 0x00, 0x0f, 0x7a, 0x30, 0x07, 0x72, 0xa0, 0x07, 0x73, 0x20, 0x07, 0x6d, // zP.m..z0.r..s .m
	0x90, 0x0e, 0x71, 0xa0, 0x07, 0x73, 0x20, 0x07, 0x6d, 0x90, 0x0e, 0x78, 0xa0, 0x07, 0x73, 0x20, // ..q..s .m..x..s 
	0x07, 0x6d, 0x90, 0x0e, 0x71, 0x60, 0x07, 0x7a, 0x30, 0x07, 0x72, 0xd0, 0x06, 0xe9, 0x30, 0x07, // .m..q`.z0.r...0.
	0x72, 0xa0, 0x07, 0x73, 0x20, 0x07, 0x6d, 0x90, 0x0e, 0x76, 0x40, 0x07, 0x7a, 0x60, 0x07, 0x74, // r..s .m..v@.z`.t
	0xd0, 0x06, 0xe6, 0x10, 0x07, 0x76, 0xa0, 0x07, 0x73, 0x20, 0x07, 0x6d, 0x60, 0x0e, 0x73, 0x20, // .....v..s .m`.s 
	0x07, 0x7a, 0x30, 0x07, 0x72, 0xd0, 0x06, 0xe6, 0x60, 0x07, 0x74, 0xa0, 0x07, 0x76, 0x40, 0x07, // .z0.r...`.t..v@.
	0x6d, 0xe0, 0x0e, 0x78, 0xa0, 0x07, 0x71, 0x60, 0x07, 0x7a, 0x30, 0x07, 0x72, 0xa0, 0x07, 0x76, // m..x..q`.z0.r..v
	0x40, 0x07, 0x43, 0x9e, 0x00, 0x00, 0x00, 0x00, 0x00, 0x00, 0x00, 0x00, 0x00, 0x00, 0x00, 0x86, // @.C.............
	0x3c, 0x06, 0x10, 0x00, 0x01, 0x00, 0x00, 0x00, 0x00, 0x00, 0x00, 0x00, 0x0c, 0x79, 0x10, 0x20, // <............y. 
	0x00, 0x04, 0x00, 0x00, 0x00, 0x00, 0x00, 0x00, 0x00, 0x18, 0xf2, 0x34, 0x40, 0x00, 0x0c, 0x00, // ...........4@...
	0x00, 0x00, 0x00, 0x00, 0x00, 0x00, 0x30, 0xe4, 0x79, 0x80, 0x00, 0x08, 0x00, 0x00, 0x00, 0x00, // ......0.y.......
	0x00, 0x00, 0x00, 0x60, 0xc8, 0x23, 0x01, 0x01, 0x30, 0x00, 0x00, 0x00, 0x00, 0x00, 0x00, 0x00, // ...`.#..0.......
	0x40, 0x16, 0x08, 0x00, 0x0e, 0x00, 0x00, 0x00, 0x32, 0x1e, 0x98, 0x14, 0x19, 0x11, 0x4c, 0x90, // @.......2.....L.
	0x8c, 0x09, 0x26, 0x47, 0xc6, 0x04, 0x43, 0x22, 0x25, 0x30, 0x02, 0x50, 0x12, 0xc5, 0x50, 0xa0, // ..&G..C"%0.P..P.
	0x01, 0x65, 0x50, 0x0e, 0xe5, 0x51, 0x04, 0x54, 0x4a, 0x62, 0x04, 0xa0, 0x0c, 0x8a, 0xa0, 0x10, // .eP..Q.TJb......
	0x08, 0xcf, 0x00, 0x50, 0x1e, 0x0b, 0x31, 0x94, 0xef, 0x0d, 0x5e, 0x01, 0x00, 0x11, 0x10, 0x02, // ...P..1...^.....
	0x79, 0x18, 0x00, 0x00, 0x61, 0x00, 0x00, 0x00, 0x1a, 0x03, 0x4c, 0x90, 0x46, 0x02, 0x13, 0xc4, // y...a.....L.F...
	0x34, 0x20, 0xc3, 0x1b, 0x43, 0x81, 0x93, 0x4b, 0xb3, 0x0b, 0xa3, 0x2b, 0x4b, 0x01, 0x89, 0x71, // 4 ..C..K...+K..q
	0xc9, 0x71, 0x81, 0x71, 0xa9, 0xa1, 0x81, 0x91, 0x01, 0x41, 0x81, 0x21, 0x9b, 0x29, 0x2b, 0xb3, // .q.q.....A.!.)+.
	0x11, 0xab, 0xa9, 0x69, 0x21, 0x4b, 0x93, 0xa3, 0xcb, 0x4b, 0xd9, 0x10, 0x04, 0x13, 0x04, 0xc2, // ...i!K...K......
	0x98, 0x20, 0x10, 0xc7, 0x06, 0x61, 0x20, 0x26, 0x08, 0x04, 0xb2, 0x41, 0x18, 0x0c, 0x0a, 0x76, // . ...a &...A...v
	0x73, 0x13, 0x04, 0x22, 0xd9, 0x30, 0x20, 0x09, 0x31, 0x41, 0xc0, 0x28, 0x02, 0x13, 0x04, 0x42, // s..".0 .1A.(...B
	0xd9, 0x80, 0x10, 0x0b, 0x43, 0x10, 0x43, 0x03, 0x6c, 0x08, 0x9c, 0x0d, 0x04, 0x00, 0x3c, 0xc0, // ....C.C.l.....<.
	0x04, 0x21, 0xab, 0x36, 0x04, 0xd1, 0x04, 0x41, 0x00, 0x48, 0xb4, 0x85, 0xa5, 0xb9, 0x11, 0x81, // .!.6...A.H......
	0x7a, 0x9a, 0x4a, 0xa2, 0x4a, 0x7a, 0x72, 0x9a, 0x20, 0x14, 0xcf, 0x04, 0xa1, 0x80, 0x36, 0x04, // z.J.Jzr. .....6.
	0xc4, 0x04, 0xa1, 0x88, 0x26, 0x08, 0xc4, 0x32, 0x41, 0x20, 0x98, 0x0d, 0x82, 0xb6, 0x6d, 0x58, // ....&..2A ....mX
	0x88, 0xca, 0xba, 0xb0, 0x6b, 0xc8, 0x88, 0x8b, 0x23, 0x42, 0x55, 0x84, 0x35, 0xf4, 0xf4, 0x24, // ....k...#BU.5..$
	0x45, 0x34, 0x41, 0x28, 0xa4, 0x0d, 0x82, 0xa6, 0x6d, 0x58, 0x06, 0xcf, 0xba, 0xb0, 0x6b, 0xf8, // E4A(....mX....k.
	0x86, 0x0b, 0x0c, 0x36, 0x08, 0x5d, 0x18, 0x70, 0x99, 0xb2, 0xfa, 0x82, 0x7a, 0x9b, 0x4b, 0xa3, // ...6.].p....z.K.
	0x4b, 0x7b, 0x73, 0x9b, 0x20, 0x14, 0xd3, 0x04, 0x81, 0x68, 0x36, 0x08, 0x5a, 0x19, 0x6c, 0x58, // K{s. ....h6.Z.lX
	0x88, 0x31, 0xb0, 0x32, 0x8c, 0x0c, 0x06, 0x32, 0x20, 0x2e, 0x33, 0xd8, 0x10, 0x0c, 0x1b, 0x96, // .1.2...2 .3.....
	0xc1, 0xb3, 0x2e, 0x34, 0xf8, 0x86, 0x6c, 0xb8, 0xb8, 0x09, 0x02, 0xe1, 0x6c, 0x58, 0xd4, 0xc0, // ...4..l.....lX..
	0xb3, 0x2e, 0xec, 0x1b, 0x3e, 0x35, 0xb8, 0xc0, 0x60, 0xc3, 0x70, 0x06, 0x69, 0xb0, 0x06, 0x1b, // ....>5..`.p.i...
	0x06, 0x31, 0x60, 0x03, 0x60, 0x43, 0x31, 0x51, 0x6d, 0x00, 0x01, 0x55, 0xd8, 0xd8, 0xec, 0xda, // .1`.`C1Qm..U....
	0x5c, 0xd2, 0xc8, 0xca, 0xdc, 0xe8, 0xa6, 0x04, 0x41, 0x15, 0x32, 0x3c, 0x17, 0xbb, 0x32, 0xb9, // ........A.2<..2.
	0xb9, 0xb4, 0x37, 0xb7, 0x29, 0x01, 0xd1, 0x84, 0x0c, 0xcf, 0xc5, 0x2e, 0x8c, 0xcd, 0xae, 0x4c, // ..7.)..........L
	0x6e, 0x4a, 0x60, 0xd4, 0x21, 0xc3, 0x73, 0x99, 0x43, 0x0b, 0x23, 0x2b, 0x93, 0x6b, 0x7a, 0x23, // nJ`.!.s.C.#+.kz#
	0x2b, 0x63, 0x9b, 0x12, 0x24, 0x65, 0xc8, 0xf0, 0x5c, 0xe4, 0xca, 0xe6, 0xde, 0xea, 0xe4, 0xc6, // +c..$e..........
	0xca, 0xe6, 0xa6, 0x04, 0x4f, 0x1d, 0x32, 0x3c, 0x17, 0xbb, 0xb4, 0xb2, 0xbb, 0x24, 0xb2, 0x29, // ....O.2<.....$.)
	0xba, 0x30, 0xba, 0xb2, 0x29, 0x41, 0x54, 0x87, 0x0c, 0xcf, 0xa5, 0xcc, 0x8d, 0x4e, 0x2e, 0x0f, // .0..)AT......N..
	0xea, 0x2d, 0xcd, 0x8d, 0x6e, 0x6e, 0x4a, 0xd0, 0x06, 0x00, 0x00, 0x00, 0x79, 0x18, 0x00, 0x00, // .-..nnJ.....y...
	0x4c, 0x00, 0x00, 0x00, 0x33, 0x08, 0x80, 0x1c, 0xc4, 0xe1, 0x1c, 0x66, 0x14, 0x01, 0x3d, 0x88, // L...3......f..=.
	0x43, 0x38, 0x84, 0xc3, 0x8c, 0x42, 0x80, 0x07, 0x79, 0x78, 0x07, 0x73, 0x98, 0x71, 0x0c, 0xe6, // C8...B..yx.s.q..
	0x00, 0x0f, 0xed, 0x10, 0x0e, 0xf4, 0x80, 0x0e, 0x33, 0x0c, 0x42, 0x1e, 0xc2, 0xc1, 0x1d, 0xce, // ........3.B.....
	0xa1, 0x1c, 0x66, 0x30, 0x05, 0x3d, 0x88, 0x43, 0x38, 0x84, 0x83, 0x1b, 0xcc, 0x03, 0x3d, 0xc8, // ..f0.=.C8.....=.
	0x43, 0x3d, 0x8c, 0x03, 0x3d, 0xcc, 0x78, 0x8c, 0x74, 0x70, 0x07, 0x7b, 0x08, 0x07, 0x79, 0x48, // C=..=.x.tp.{..yH
	0x87, 0x70, 0x70, 0x07, 0x7a, 0x70, 0x03, 0x76, 0x78, 0x87, 0x70, 0x20, 0x87, 0x19, 0xcc, 0x11, // .pp.zp.vx.p ....
	0x0e, 0xec, 0x90, 0x0e, 0xe1, 0x30, 0x0f, 0x6e, 0x30, 0x0f, 0xe3, 0xf0, 0x0e, 0xf0, 0x50, 0x0e, // .....0.n0.....P.
	0x33, 0x10, 0xc4, 0x1d, 0xde, 0x21, 0x1c, 0xd8, 0x21, 0x1d, 0xc2, 0x61, 0x1e, 0x66, 0x30, 0x89, // 3....!..!..a.f0.
	0x3b, 0xbc, 0x83, 0x3b, 0xd0, 0x43, 0x39, 0xb4, 0x03, 0x3c, 0xbc, 0x83, 0x3c, 0x84, 0x03, 0x3b, // ;..;.C9..<..<..;
	0xcc, 0xf0, 0x14, 0x76, 0x60, 0x07, 0x7b, 0x68, 0x07, 0x37, 0x68, 0x87, 0x72, 0x68, 0x07, 0x37, // ...v`.{h.7h.rh.7
	0x80, 0x87, 0x70, 0x90, 0x87, 0x70, 0x60, 0x07, 0x76, 0x28, 0x07, 0x76, 0xf8, 0x05, 0x76, 0x78, // ..p..p`.v(.v..vx
	0x87, 0x77, 0x80, 0x87, 0x5f, 0x08, 0x87, 0x71, 0x18, 0x87, 0x72, 0x98, 0x87, 0x79, 0x98, 0x81, // .w.._..q..r..y..
	0x2c, 0xee, 0xf0, 0x0e, 0xee, 0xe0, 0x0e, 0xf5, 0xc0, 0x0e, 0xec, 0x30, 0x03, 0x62, 0xc8, 0xa1, // ,..........0.b..
	0x1c, 0xe4, 0xa1, 0x1c, 0xcc, 0xa1, 0x1c, 0xe4, 0xa1, 0x1c, 0xdc, 0x61, 0x1c, 0xca, 0x21, 0x1c, // ...........a..!.
	0xc4, 0x81, 0x1d, 0xca, 0x61, 0x06, 0xd6, 0x90, 0x43, 0x39, 0xc8, 0x43, 0x39, 0x98, 0x43, 0x39, // ....a...C9.C9.C9
	0xc8, 0x43, 0x39, 0xb8, 0xc3, 0x38, 0x94, 0x43, 0x38, 0x88, 0x03, 0x3b, 0x94, 0xc3, 0x2f, 0xbc, // .C9..8.C8..;../.
	0x83, 0x3c, 0xfc, 0x82, 0x3b, 0xd4, 0x03, 0x3b, 0xb0, 0xc3, 0x0c, 0xc4, 0x21, 0x07, 0x7c, 0x70, // .<..;..;....!.|p
	0x03, 0x7a, 0x28, 0x87, 0x76, 0x80, 0x87, 0x19, 0xd1, 0x43, 0x0e, 0xf8, 0xe0, 0x06, 0xe4, 0x20, // .z(.v....C..... 
	0x0e, 0xe7, 0xe0, 0x06, 0xf6, 0x10, 0x0e, 0xf2, 0xc0, 0x0e, 0xe1, 0x90, 0x0f, 0xef, 0x50, 0x0f, // ..............P.
	0xf4, 0x00, 0x00, 0x00, 0x71, 0x20, 0x00, 0x00, 0x18, 0x00, 0x00, 0x00, 0x36, 0xb0, 0x0d, 0x97, // ....q ......6...
	0xef, 0x3c, 0xbe, 0x10, 0x50, 0x45, 0x41, 0x44, 0xa5, 0x03, 0x0c, 0x25, 0x61, 0x00, 0x02, 0xe6, // .<..PEAD...%a...
	0x17, 0xb7, 0x6d, 0x05, 0xd2, 0x70, 0xf9, 0xce, 0xe3, 0x0b, 0x11, 0x01, 0x4c, 0x44, 0x08, 0x34, // ..m..p......LD.4
	0xc3, 0x42, 0x58, 0xc0, 0x34, 0x5c, 0xbe, 0xf3, 0xf8, 0x8b, 0x03, 0x0c, 0x62, 0xf3, 0x50, 0x93, // .BX.4.......b.P.
	0x5f, 0xdc, 0xb6, 0x09, 0x54, 0xc3, 0xe5, 0x3b, 0x8f, 0x2f, 0x4d, 0x4e, 0x44, 0xa0, 0xd4, 0xf4, // _...T..;./MND...
	0x50, 0x93, 0x5f, 0xdc, 0xb6, 0x11, 0x48, 0xc3, 0xe5, 0x3b, 0x8f, 0x3f, 0x11, 0xd1, 0x84, 0x00, // P._...H..;.?....
	0x11, 0xe6, 0x17, 0xb7, 0x6d, 0x00, 0x04, 0x03, 0x20, 0x0d, 0x00, 0x00, 0x61, 0x20, 0x00, 0x00, // ....m... ...a ..
	0x81, 0x00, 0x00, 0x00, 0x13, 0x04, 0x41, 0x2c, 0x10, 0x00, 0x00, 0x00, 0x05, 0x00, 0x00, 0x00, // ......A,........
	0x44, 0x4a, 0xa1, 0xb8, 0x0a, 0x61, 0x06, 0xa0, 0xec, 0x4a, 0x8e, 0x4a, 0x09, 0x50, 0x1c, 0x01, // DJ...a...J.J.P..
	0x00, 0x00, 0x00, 0x00, 0x23, 0x06, 0x09, 0x00, 0x82, 0x60, 0x20, 0x65, 0x03, 0x73, 0x5d, 0xc1, // ....#....` e.s].
	0x88, 0x41, 0x02, 0x80, 0x20, 0x18, 0x18, 0xde, 0x91, 0x61, 0x8f, 0x31, 0x62, 0x90, 0x00, 0x20, // .A.. ....a.1b.. 
	0x08, 0x06, 0xc6, 0x87, 0x68, 0x19, 0x71, 0x8c, 0x18, 0x24, 0x00, 0x08, 0x82, 0x81, 0x01, 0x06, // ....h.q..$......
	0x89, 0xa6, 0x45, 0xc8, 0x88, 0x41, 0x02, 0x80, 0x20, 0x18, 0x18, 0x61, 0xa0, 0x6c, 0x9b, 0x91, // ..E..A.. ..a.l..
	0x8c, 0x18, 0x24, 0x00, 0x08, 0x82, 0x81, 0x21, 0x06, 0x0b, 0xc7, 0x45, 0xca, 0x88, 0xc1, 0x01, // ..$....!...E....
	0x80, 0x20, 0x18, 0x34, 0x61, 0xa0, 0x18, 0xcc, 0x68, 0x42, 0x00, 0x8c, 0x26, 0x08, 0xc1, 0x68, // . .4a...hB..&..h
	0xc2, 0x20, 0xd8, 0x31, 0xc4, 0xc7, 0x8e, 0x21, 0x3e, 0x76, 0x0c, 0xf1, 0x19, 0x31, 0x38, 0x00, // . .1...!>v...18.
	0x10, 0x04, 0x83, 0x06, 0x0d, 0xa2, 0x86, 0x0c, 0x46, 0x13, 0x02, 0x60, 0x34, 0x41, 0x08, 0x46, // ........F..`4A.F
	0x13, 0x06, 0x61, 0x34, 0x81, 0x18, 0x46, 0x0c, 0x0e, 0x00, 0x04, 0xc1, 0xa0, 0x69, 0x03, 0x4b, // ..a4..F......i.K
	0x52, 0x83, 0xd1, 0x84, 0x00, 0x18, 0x4d, 0x10, 0x82, 0xd1, 0x84, 0x41, 0x18, 0x4d, 0x20, 0x86, // R.....M....A.M .
	0x11, 0x83, 0x03, 0x00, 0x41, 0x30, 0x68, 0xe4, 0x60, 0xbb, 0xce, 0x60, 0x34, 0x21, 0x00, 0x46, // ....A0h.`..`4!.F
	0x13, 0x84, 0x60, 0x34, 0x61, 0x10, 0x46, 0x13, 0x88, 0x61, 0xc4, 0xe0, 0x00, 0x40, 0x10, 0x0c, // ..`4a.F..a...@..
	0x9a, 0x3b, 0x00, 0x03, 0xee, 0x0d, 0x46, 0x13, 0x02, 0x60, 0x34, 0x41, 0x08, 0x46, 0x13, 0x06, // .;....F..`4A.F..
	0x61, 0x34, 0x81, 0x18, 0x6c, 0xba, 0xe4, 0x33, 0x62, 0x80, 0x00, 0x20, 0x08, 0x06, 0x0f, 0x1f, // a4..l..3b.. ....
	0xa4, 0xc1, 0x73, 0x05, 0x23, 0x06, 0x08, 0x00, 0x82, 0x60, 0xf0, 0xf4, 0x81, 0x1a, 0x2c, 0x57, // ..s.#....`....,W
	0x60, 0xc1, 0x01, 0x1d, 0xb3, 0x36, 0xf9, 0x8c, 0x18, 0x20, 0x00, 0x08, 0x82, 0xc1, 0x03, 0x0a, // `....6... ......
	0x6d, 0x20, 0x6d, 0xc1, 0x88, 0x01, 0x02, 0x80, 0x20, 0x18, 0x3c, 0xa1, 0xe0, 0x06, 0xce, 0x16, // m m..... .<.....
	0x58, 0xa0, 0x40, 0xc7, 0xb2, 0x4f, 0x3e, 0x23, 0x06, 0x08, 0x00, 0x82, 0x60, 0xf0, 0x90, 0x42, // X.@..O>#....`..B
	0x1c, 0x54, 0x5f, 0x30, 0x62, 0x80, 0x00, 0x20, 0x08, 0x06, 0x4f, 0x29, 0xc8, 0x41, 0xf4, 0x05, // .T_0b.. ..O).A..
	0x16, 0x34, 0xd0, 0x31, 0x6e, 0x0c, 0xe4, 0x33, 0x62, 0x80, 0x00, 0x20, 0x08, 0x06, 0x0f, 0x2a, // .4.1n..3b.. ...*
	0xd4, 0x01, 0x36, 0x06, 0xc1, 0x88, 0x01, 0x02, 0x80, 0x20, 0x18, 0x3c, 0xa9, 0x60, 0x07, 0xd4, // ..6...... .<.`..
	0x18, 0x04, 0x16, 0x40, 0xd0, 0x19, 0x31, 0x48, 0x00, 0x10, 0x04, 0x03, 0xa4, 0x15, 0xf2, 0x00, // ...@..1H........
	0x15, 0x50, 0xe1, 0x0f, 0x9a, 0x11, 0x83, 0x04, 0x00, 0x41, 0x30, 0x40, 0x5a, 0x21, 0x0f, 0x50, // .P.......A0@Z!.P
	0x01, 0x15, 0xe6, 0x20, 0x19, 0x31, 0x48, 0x00, 0x10, 0x04, 0x03, 0xa4, 0x15, 0xf2, 0x00, 0x15, // ... .1H.........
	0x50, 0xa1, 0x0f, 0x8a, 0x11, 0x83, 0x04, 0x00, 0x41, 0x30, 0x40, 0x5a, 0x21, 0x0f, 0x50, 0x01, // P.......A0@Z!.P.
	0x15, 0xfc, 0x20, 0x18, 0x31, 0x48, 0x00, 0x10, 0x04, 0x03, 0xa4, 0x15, 0xf2, 0x20, 0x15, 0x50, // .. .1H....... .P
	0xe1, 0x0f, 0xdc, 0x60, 0xc4, 0x20, 0x01, 0x40, 0x10, 0x0c, 0x90, 0x56, 0xc8, 0x83, 0x54, 0x40, // ...`. .@...V..T@
	0x85, 0x39, 0x68, 0x83, 0x11, 0x83, 0x04, 0x00, 0x41, 0x30, 0x40, 0x5a, 0x21, 0x0f, 0x52, 0x01, // .9h.....A0@Z!.R.
	0x15, 0xfa, 0x80, 0x0d, 0x46, 0x0c, 0x12, 0x00, 0x04, 0xc1, 0x00, 0x69, 0x85, 0x3c, 0x08, 0x05, // ....F......i.<..
	0x54, 0xf8, 0x03, 0x38, 0x18, 0x31, 0x48, 0x00, 0x10, 0x04, 0x03, 0xa4, 0x15, 0xf2, 0x20, 0x14, // T..8.1H....... .
	0x50, 0x61, 0x0e, 0xde, 0x00, 0x01, 0x00, 0x00, 0x00, 0x00, 0x00, 0x00, 0x00, 0x02, 0x01, 0x00, // Pa..............
	0x10, 0x00, 0x50, 0x00,                                                                         // ..P.
};
static const uint8_t vs_flasher_noclip_spv[1404] =
{
	0x56, 0x53, 0x48, 0x0c, 0x00, 0x00, 0x00, 0x00, 0xe2, 0xbc, 0x2a, 0x7e, 0x00, 0x00, 0x00, 0x00, // VSH.......*~....
	0x00, 0x00, 0x00, 0x00, 0x02, 0x00, 0x0e, 0x63, 0x61, 0x6d, 0x65, 0x72, 0x61, 0x50, 0x6f, 0x73, // .......cameraPos
	0x57, 0x6f, 0x72, 0x6c, 0x64, 0x02, 0x01, 0x40, 0x00, 0x01, 0x00, 0x00, 0x00, 0x00, 0x00, 0x0e, // World..@........
	0x6d, 0x61, 0x74, 0x52, 0x6f, 0x74, 0x56, 0x69, 0x65, 0x77, 0x50, 0x72, 0x6f, 0x6a, 0x04, 0x01, // matRotViewProj..
	0x00, 0x00, 0x04, 0x00, 0x00, 0x00, 0x00, 0x00, 0x28, 0x05, 0x00, 0x00, 0x03, 0x02, 0x23, 0x07, // ........(.....#.
	0x00, 0x00, 0x01, 0x00, 0x0b, 0x00, 0x08, 0x00, 0x8b, 0x00, 0x00, 0x00, 0x00, 0x00, 0x00, 0x00, // ................
	0x11, 0x00, 0x02, 0x00, 0x01, 0x00, 0x00, 0x00, 0x0b, 0x00, 0x06, 0x00, 0x01, 0x00, 0x00, 0x00, // ................
	0x47, 0x4c, 0x53, 0x4c, 0x2e, 0x73, 0x74, 0x64, 0x2e, 0x34, 0x35, 0x30, 0x00, 0x00, 0x00, 0x00, // GLSL.std.450....
	0x0e, 0x00, 0x03, 0x00, 0x00, 0x00, 0x00, 0x00, 0x01, 0x00, 0x00, 0x00, 0x0f, 0x00, 0x0a, 0x00, // ................
	0x00, 0x00, 0x00, 0x00, 0x04, 0x00, 0x00, 0x00, 0x6d, 0x61, 0x69, 0x6e, 0x00, 0x00, 0x00, 0x00, // ........main....
	0x43, 0x00, 0x00, 0x00, 0x47, 0x00, 0x00, 0x00, 0x50, 0x00, 0x00, 0x00, 0x54, 0x00, 0x00, 0x00, // C...G...P...T...
	0x58, 0x00, 0x00, 0x00, 0x03, 0x00, 0x03, 0x00, 0x05, 0x00, 0x00, 0x00, 0xf4, 0x01, 0x00, 0x00, // X...............
	0x05, 0x00, 0x04, 0x00, 0x04, 0x00, 0x00, 0x00, 0x6d, 0x61, 0x69, 0x6e, 0x00, 0x00, 0x00, 0x00, // ........main....
	0x05, 0x00, 0x06, 0x00, 0x2b, 0x00, 0x00, 0x00, 0x55, 0x6e, 0x69, 0x66, 0x6f, 0x72, 0x6d, 0x42, // ....+...UniformB
	0x6c, 0x6f, 0x63, 0x6b, 0x00, 0x00, 0x00, 0x00, 0x06, 0x00, 0x07, 0x00, 0x2b, 0x00, 0x00, 0x00, // lock........+...
	0x00, 0x00, 0x00, 0x00, 0x6d, 0x61, 0x74, 0x52, 0x6f, 0x74, 0x56, 0x69, 0x65, 0x77, 0x50, 0x72, // ....matRotViewPr
	0x6f, 0x6a, 0x00, 0x00, 0x06, 0x00, 0x07, 0x00, 0x2b, 0x00, 0x00, 0x00, 0x01, 0x00, 0x00, 0x00, // oj......+.......
	0x63, 0x61, 0x6d, 0x65, 0x72, 0x61, 0x50, 0x6f, 0x73, 0x57, 0x6f, 0x72, 0x6c, 0x64, 0x00, 0x00, // cameraPosWorld..
	0x05, 0x00, 0x03, 0x00, 0x2d, 0x00, 0x00, 0x00, 0x00, 0x00, 0x00, 0x00, 0x05, 0x00, 0x05, 0x00, // ....-...........
	0x43, 0x00, 0x00, 0x00, 0x61, 0x5f, 0x70, 0x6f, 0x73, 0x69, 0x74, 0x69, 0x6f, 0x6e, 0x00, 0x00, // C...a_position..
	0x05, 0x00, 0x05, 0x00, 0x47, 0x00, 0x00, 0x00, 0x61, 0x5f, 0x74, 0x65, 0x78, 0x63, 0x6f, 0x6f, // ....G...a_texcoo
	0x72, 0x64, 0x30, 0x00, 0x05, 0x00, 0x0a, 0x00, 0x50, 0x00, 0x00, 0x00, 0x40, 0x65, 0x6e, 0x74, // rd0.....P...@ent
	0x72, 0x79, 0x50, 0x6f, 0x69, 0x6e, 0x74, 0x4f, 0x75, 0x74, 0x70, 0x75, 0x74, 0x2e, 0x67, 0x6c, // ryPointOutput.gl
	0x5f, 0x50, 0x6f, 0x73, 0x69, 0x74, 0x69, 0x6f, 0x6e, 0x00, 0x00, 0x00, 0x05, 0x00, 0x0a, 0x00, // _Position.......
	0x54, 0x00, 0x00, 0x00, 0x40, 0x65, 0x6e, 0x74, 0x72, 0x79, 0x50, 0x6f, 0x69, 0x6e, 0x74, 0x4f, // T...@entryPointO
	0x75, 0x74, 0x70, 0x75, 0x74, 0x2e, 0x76, 0x5f, 0x74, 0x61, 0x62, 0x6c, 0x65, 0x50, 0x6f, 0x73, // utput.v_tablePos
	0x00, 0x00, 0x00, 0x00, 0x05, 0x00, 0x0a, 0x00, 0x58, 0x00, 0x00, 0x00, 0x40, 0x65, 0x6e, 0x74, // ........X...@ent
	0x72, 0x79, 0x50, 0x6f, 0x69, 0x6e, 0x74, 0x4f, 0x75, 0x74, 0x70, 0x75, 0x74, 0x2e, 0x76, 0x5f, // ryPointOutput.v_
	0x74, 0x65, 0x78, 0x63, 0x6f, 0x6f, 0x72, 0x64, 0x30, 0x00, 0x00, 0x00, 0x47, 0x00, 0x03, 0x00, // texcoord0...G...
	0x2b, 0x00, 0x00, 0x00, 0x02, 0x00, 0x00, 0x00, 0x48, 0x00, 0x04, 0x00, 0x2b, 0x00, 0x00, 0x00, // +.......H...+...
	0x00, 0x00, 0x00, 0x00, 0x04, 0x00, 0x00, 0x00, 0x48, 0x00, 0x05, 0x00, 0x2b, 0x00, 0x00, 0x00, // ........H...+...
	0x00, 0x00, 0x00, 0x00, 0x07, 0x00, 0x00, 0x00, 0x10, 0x00, 0x00, 0x00, 0x48, 0x00, 0x05, 0x00, // ............H...
	0x2b, 0x00, 0x00, 0x00, 0x00, 0x00, 0x00, 0x00, 0x23, 0x00, 0x00, 0x00, 0x00, 0x00, 0x00, 0x00, // +.......#.......
	0x48, 0x00, 0x05, 0x00, 0x2b, 0x00, 0x00, 0x00, 0x01, 0x00, 0x00, 0x00, 0x23, 0x00, 0x00, 0x00, // H...+.......#...
	0x40, 0x00, 0x00, 0x00, 0x47, 0x00, 0x04, 0x00, 0x2d, 0x00, 0x00, 0x00, 0x21, 0x00, 0x00, 0x00, // @...G...-...!...
	0x00, 0x00, 0x00, 0x00, 0x47, 0x00, 0x04, 0x00, 0x2d, 0x00, 0x00, 0x00, 0x22, 0x00, 0x00, 0x00, // ....G...-..."...
	0x00, 0x00, 0x00, 0x00, 0x47, 0x00, 0x04, 0x00, 0x43, 0x00, 0x00, 0x00, 0x1e, 0x00, 0x00, 0x00, // ....G...C.......
	0x00, 0x00, 0x00, 0x00, 0x47, 0x00, 0x04, 0x00, 0x47, 0x00, 0x00, 0x00, 0x1e, 0x00, 0x00, 0x00, // ....G...G.......
	0x01, 0x00, 0x00, 0x00, 0x47, 0x00, 0x04, 0x00, 0x50, 0x00, 0x00, 0x00, 0x0b, 0x00, 0x00, 0x00, // ....G...P.......
	0x00, 0x00, 0x00, 0x00, 0x47, 0x00, 0x04, 0x00, 0x54, 0x00, 0x00, 0x00, 0x1e, 0x00, 0x00, 0x00, // ....G...T.......
	0x00, 0x00, 0x00, 0x00, 0x47, 0x00, 0x04, 0x00, 0x58, 0x00, 0x00, 0x00, 0x1e, 0x00, 0x00, 0x00, // ....G...X.......
	0x01, 0x00, 0x00, 0x00, 0x13, 0x00, 0x02, 0x00, 0x02, 0x00, 0x00, 0x00, 0x21, 0x00, 0x03, 0x00, // ............!...
	0x03, 0x00, 0x00, 0x00, 0x02, 0x00, 0x00, 0x00, 0x16, 0x00, 0x03, 0x00, 0x06, 0x00, 0x00, 0x00, // ................
	0x20, 0x00, 0x00, 0x00, 0x17, 0x00, 0x04, 0x00, 0x07, 0x00, 0x00, 0x00, 0x06, 0x00, 0x00, 0x00, //  ...............
	0x03, 0x00, 0x00, 0x00, 0x17, 0x00, 0x04, 0x00, 0x09, 0x00, 0x00, 0x00, 0x06, 0x00, 0x00, 0x00, // ................
	0x02, 0x00, 0x00, 0x00, 0x17, 0x00, 0x04, 0x00, 0x0b, 0x00, 0x00, 0x00, 0x06, 0x00, 0x00, 0x00, // ................
	0x04, 0x00, 0x00, 0x00, 0x15, 0x00, 0x04, 0x00, 0x14, 0x00, 0x00, 0x00, 0x20, 0x00, 0x00, 0x00, // ............ ...
	0x01, 0x00, 0x00, 0x00, 0x2b, 0x00, 0x04, 0x00, 0x14, 0x00, 0x00, 0x00, 0x15, 0x00, 0x00, 0x00, // ....+...........
	0x01, 0x00, 0x00, 0x00, 0x2b, 0x00, 0x04, 0x00, 0x06, 0x00, 0x00, 0x00, 0x1f, 0x00, 0x00, 0x00, // ....+...........
	0x00, 0x00, 0x80, 0x3f, 0x18, 0x00, 0x04, 0x00, 0x2a, 0x00, 0x00, 0x00, 0x0b, 0x00, 0x00, 0x00, // ...?....*.......
	0x04, 0x00, 0x00, 0x00, 0x1e, 0x00, 0x04, 0x00, 0x2b, 0x00, 0x00, 0x00, 0x2a, 0x00, 0x00, 0x00, // ........+...*...
	0x0b, 0x00, 0x00, 0x00, 0x20, 0x00, 0x04, 0x00, 0x2c, 0x00, 0x00, 0x00, 0x02, 0x00, 0x00, 0x00, // .... ...,.......
	0x2b, 0x00, 0x00, 0x00, 0x3b, 0x00, 0x04, 0x00, 0x2c, 0x00, 0x00, 0x00, 0x2d, 0x00, 0x00, 0x00, // +...;...,...-...
	0x02, 0x00, 0x00, 0x00, 0x20, 0x00, 0x04, 0x00, 0x2e, 0x00, 0x00, 0x00, 0x02, 0x00, 0x00, 0x00, // .... ...........
	0x0b, 0x00, 0x00, 0x00, 0x2b, 0x00, 0x04, 0x00, 0x14, 0x00, 0x00, 0x00, 0x33, 0x00, 0x00, 0x00, // ....+.......3...
	0x00, 0x00, 0x00, 0x00, 0x20, 0x00, 0x04, 0x00, 0x39, 0x00, 0x00, 0x00, 0x02, 0x00, 0x00, 0x00, // .... ...9.......
	0x2a, 0x00, 0x00, 0x00, 0x20, 0x00, 0x04, 0x00, 0x42, 0x00, 0x00, 0x00, 0x01, 0x00, 0x00, 0x00, // *... ...B.......
	0x07, 0x00, 0x00, 0x00, 0x3b, 0x00, 0x04, 0x00, 0x42, 0x00, 0x00, 0x00, 0x43, 0x00, 0x00, 0x00, // ....;...B...C...
	0x01, 0x00, 0x00, 0x00, 0x20, 0x00, 0x04, 0x00, 0x46, 0x00, 0x00, 0x00, 0x01, 0x00, 0x00, 0x00, // .... ...F.......
	0x09, 0x00, 0x00, 0x00, 0x3b, 0x00, 0x04, 0x00, 0x46, 0x00, 0x00, 0x00, 0x47, 0x00, 0x00, 0x00, // ....;...F...G...
	0x01, 0x00, 0x00, 0x00, 0x20, 0x00, 0x04, 0x00, 0x4f, 0x00, 0x00, 0x00, 0x03, 0x00, 0x00, 0x00, // .... ...O.......
	0x0b, 0x00, 0x00, 0x00, 0x3b, 0x00, 0x04, 0x00, 0x4f, 0x00, 0x00, 0x00, 0x50, 0x00, 0x00, 0x00, // ....;...O...P...
	0x03, 0x00, 0x00, 0x00, 0x20, 0x00, 0x04, 0x00, 0x53, 0x00, 0x00, 0x00, 0x03, 0x00, 0x00, 0x00, // .... ...S.......
	0x07, 0x00, 0x00, 0x00, 0x3b, 0x00, 0x04, 0x00, 0x53, 0x00, 0x00, 0x00, 0x54, 0x00, 0x00, 0x00, // ....;...S...T...
	0x03, 0x00, 0x00, 0x00, 0x20, 0x00, 0x04, 0x00, 0x57, 0x00, 0x00, 0x00, 0x03, 0x00, 0x00, 0x00, // .... ...W.......
	0x09, 0x00, 0x00, 0x00, 0x3b, 0x00, 0x04, 0x00, 0x57, 0x00, 0x00, 0x00, 0x58, 0x00, 0x00, 0x00, // ....;...W...X...
	0x03, 0x00, 0x00, 0x00, 0x36, 0x00, 0x05, 0x00, 0x02, 0x00, 0x00, 0x00, 0x04, 0x00, 0x00, 0x00, // ....6...........
	0x00, 0x00, 0x00, 0x00, 0x03, 0x00, 0x00, 0x00, 0xf8, 0x00, 0x02, 0x00, 0x05, 0x00, 0x00, 0x00, // ................
	0x3d, 0x00, 0x04, 0x00, 0x07, 0x00, 0x00, 0x00, 0x44, 0x00, 0x00, 0x00, 0x43, 0x00, 0x00, 0x00, // =.......D...C...
	0x3d, 0x00, 0x04, 0x00, 0x09, 0x00, 0x00, 0x00, 0x48, 0x00, 0x00, 0x00, 0x47, 0x00, 0x00, 0x00, // =.......H...G...
	0x41, 0x00, 0x05, 0x00, 0x2e, 0x00, 0x00, 0x00, 0x7f, 0x00, 0x00, 0x00, 0x2d, 0x00, 0x00, 0x00, // A...........-...
	0x15, 0x00, 0x00, 0x00, 0x3d, 0x00, 0x04, 0x00, 0x0b, 0x00, 0x00, 0x00, 0x80, 0x00, 0x00, 0x00, // ....=...........
	0x7f, 0x00, 0x00, 0x00, 0x4f, 0x00, 0x08, 0x00, 0x07, 0x00, 0x00, 0x00, 0x81, 0x00, 0x00, 0x00, // ....O...........
	0x80, 0x00, 0x00, 0x00, 0x80, 0x00, 0x00, 0x00, 0x00, 0x00, 0x00, 0x00, 0x01, 0x00, 0x00, 0x00, // ................
	0x02, 0x00, 0x00, 0x00, 0x83, 0x00, 0x05, 0x00, 0x07, 0x00, 0x00, 0x00, 0x82, 0x00, 0x00, 0x00, // ................
	0x44, 0x00, 0x00, 0x00, 0x81, 0x00, 0x00, 0x00, 0x51, 0x00, 0x05, 0x00, 0x06, 0x00, 0x00, 0x00, // D.......Q.......
	0x84, 0x00, 0x00, 0x00, 0x82, 0x00, 0x00, 0x00, 0x00, 0x00, 0x00, 0x00, 0x51, 0x00, 0x05, 0x00, // ............Q...
	0x06, 0x00, 0x00, 0x00, 0x85, 0x00, 0x00, 0x00, 0x82, 0x00, 0x00, 0x00, 0x01, 0x00, 0x00, 0x00, // ................
	0x51, 0x00, 0x05, 0x00, 0x06, 0x00, 0x00, 0x00, 0x86, 0x00, 0x00, 0x00, 0x82, 0x00, 0x00, 0x00, // Q...............
	0x02, 0x00, 0x00, 0x00, 0x50, 0x00, 0x07, 0x00, 0x0b, 0x00, 0x00, 0x00, 0x87, 0x00, 0x00, 0x00, // ....P...........
	0x84, 0x00, 0x00, 0x00, 0x85, 0x00, 0x00, 0x00, 0x86, 0x00, 0x00, 0x00, 0x1f, 0x00, 0x00, 0x00, // ................
	0x41, 0x00, 0x05, 0x00, 0x39, 0x00, 0x00, 0x00, 0x88, 0x00, 0x00, 0x00, 0x2d, 0x00, 0x00, 0x00, // A...9.......-...
	0x33, 0x00, 0x00, 0x00, 0x3d, 0x00, 0x04, 0x00, 0x2a, 0x00, 0x00, 0x00, 0x89, 0x00, 0x00, 0x00, // 3...=...*.......
	0x88, 0x00, 0x00, 0x00, 0x90, 0x00, 0x05, 0x00, 0x0b, 0x00, 0x00, 0x00, 0x8a, 0x00, 0x00, 0x00, // ................
	0x87, 0x00, 0x00, 0x00, 0x89, 0x00, 0x00, 0x00, 0x3e, 0x00, 0x03, 0x00, 0x50, 0x00, 0x00, 0x00, // ........>...P...
	0x8a, 0x00, 0x00, 0x00, 0x3e, 0x00, 0x03, 0x00, 0x54, 0x00, 0x00, 0x00, 0x44, 0x00, 0x00, 0x00, // ....>...T...D...
	0x3e, 0x00, 0x03, 0x00, 0x58, 0x00, 0x00, 0x00, 0x48, 0x00, 0x00, 0x00, 0xfd, 0x00, 0x01, 0x00, // >...X...H.......
	0x38, 0x00, 0x01, 0x00, 0x00, 0x02, 0x01, 0x00, 0x10, 0x00, 0x50, 0x00,                         // 8.........P.
};
static const bgfx::EmbeddedShader vs_flasher_noclip = BGFX_EMBEDDED_SHADER(vs_flasher_noclip);

//////////////////////////////////////////////////////////////////////////////////////////////////////////////////////
// Build of vertex shader from vs_flasher.sc to vs_flasher_noclip_st with options: STEREO NOCLIP
static const uint8_t vs_flasher_noclip_st_mtl[1062] =
{
	0x56, 0x53, 0x48, 0x0c, 0x00, 0x00, 0x00, 0x00, 0xe2, 0xbc, 0x2a, 0x7e, 0x00, 0x00, 0x00, 0x00, // VSH.......*~....
	0x00, 0x00, 0x00, 0x00, 0x02, 0x00, 0x0e, 0x63, 0x61, 0x6d, 0x65, 0x72, 0x61, 0x50, 0x6f, 0x73, // .......cameraPos
	0x57, 0x6f, 0x72, 0x6c, 0x64, 0x02, 0x02, 0x80, 0x00, 0x02, 0x00, 0x00, 0x00, 0x00, 0x00, 0x0e, // World...........
	0x6d, 0x61, 0x74, 0x52, 0x6f, 0x74, 0x56, 0x69, 0x65, 0x77, 0x50, 0x72, 0x6f, 0x6a, 0x04, 0x02, // matRotViewProj..
	0x00, 0x00, 0x08, 0x00, 0x00, 0x00, 0x00, 0x00, 0xd0, 0x03, 0x00, 0x00, 0x23, 0x69, 0x6e, 0x63, // ............#inc
	0x6c, 0x75, 0x64, 0x65, 0x20, 0x3c, 0x6d, 0x65, 0x74, 0x61, 0x6c, 0x5f, 0x73, 0x74, 0x64, 0x6c, // lude <metal_stdl
	0x69, 0x62, 0x3e, 0x0a, 0x23, 0x69, 0x6e, 0x63, 0x6c, 0x75, 0x64, 0x65, 0x20, 0x3c, 0x73, 0x69, // ib>.#include <si
	0x6d, 0x64, 0x2f, 0x73, 0x69, 0x6d, 0x64, 0x2e, 0x68, 0x3e, 0x0a, 0x0a, 0x75, 0x73, 0x69, 0x6e, // md/simd.h>..usin
	0x67, 0x20, 0x6e, 0x61, 0x6d, 0x65, 0x73, 0x70, 0x61, 0x63, 0x65, 0x20, 0x6d, 0x65, 0x74, 0x61, // g namespace meta
	0x6c, 0x3b, 0x0a, 0x0a, 0x73, 0x74, 0x72, 0x75, 0x63, 0x74, 0x20, 0x5f, 0x47, 0x6c, 0x6f, 0x62, // l;..struct _Glob
	0x61, 0x6c, 0x0a, 0x7b, 0x0a, 0x20, 0x20, 0x20, 0x20, 0x66, 0x6c, 0x6f, 0x61, 0x74, 0x34, 0x78, // al.{.    float4x
	0x34, 0x20, 0x6d, 0x61, 0x74, 0x52, 0x6f, 0x74, 0x56, 0x69, 0x65, 0x77, 0x50, 0x72, 0x6f, 0x6a, // 4 matRotViewProj
	0x5b, 0x32, 0x5d, 0x3b, 0x0a, 0x20, 0x20, 0x20, 0x20, 0x66, 0x6c, 0x6f, 0x61, 0x74, 0x34, 0x20, // [2];.    float4 
	0x63, 0x61, 0x6d, 0x65, 0x72, 0x61, 0x50, 0x6f, 0x73, 0x57, 0x6f, 0x72, 0x6c, 0x64, 0x5b, 0x32, // cameraPosWorld[2
	0x5d, 0x3b, 0x0a, 0x7d, 0x3b, 0x0a, 0x0a, 0x73, 0x74, 0x72, 0x75, 0x63, 0x74, 0x20, 0x78, 0x6c, // ];.};..struct xl
	0x61, 0x74, 0x4d, 0x74, 0x6c, 0x4d, 0x61, 0x69, 0x6e, 0x5f, 0x6f, 0x75, 0x74, 0x0a, 0x7b, 0x0a, // atMtlMain_out.{.
	0x20, 0x20, 0x20, 0x20, 0x66, 0x6c, 0x6f, 0x61, 0x74, 0x33, 0x20, 0x5f, 0x65, 0x6e, 0x74, 0x72, //     float3 _entr
	0x79, 0x50, 0x6f, 0x69, 0x6e, 0x74, 0x4f, 0x75, 0x74, 0x70, 0x75, 0x74, 0x5f, 0x76, 0x5f, 0x74, // yPointOutput_v_t
	0x61, 0x62, 0x6c, 0x65, 0x50, 0x6f, 0x73, 0x20, 0x5b, 0x5b, 0x75, 0x73, 0x65, 0x72, 0x28, 0x6c, // ablePos [[user(l
	0x6f, 0x63, 0x6e, 0x30, 0x29, 0x5d, 0x5d, 0x3b, 0x0a, 0x20, 0x20, 0x20, 0x20, 0x66, 0x6c, 0x6f, // ocn0)]];.    flo
	0x61, 0x74, 0x32, 0x20, 0x5f, 0x65, 0x6e, 0x74, 0x72, 0x79, 0x50, 0x6f, 0x69, 0x6e, 0x74, 0x4f, // at2 _entryPointO
	0x75, 0x74, 0x70, 0x75, 0x74, 0x5f, 0x76, 0x5f, 0x74, 0x65, 0x78, 0x63, 0x6f, 0x6f, 0x72, 0x64, // utput_v_texcoord
	0x30, 0x20, 0x5b, 0x5b, 0x75, 0x73, 0x65, 0x72, 0x28, 0x6c, 0x6f, 0x63, 0x6e, 0x31, 0x29, 0x5d, // 0 [[user(locn1)]
	0x5d, 0x3b, 0x0a, 0x20, 0x20, 0x20, 0x20, 0x66, 0x6c, 0x6f, 0x61, 0x74, 0x34, 0x20, 0x67, 0x6c, // ];.    float4 gl
	0x5f, 0x50, 0x6f, 0x73, 0x69, 0x74, 0x69, 0x6f, 0x6e, 0x20, 0x5b, 0x5b, 0x70, 0x6f, 0x73, 0x69, // _Position [[posi
	0x74, 0x69, 0x6f, 0x6e, 0x5d, 0x5d, 0x3b, 0x0a, 0x20, 0x20, 0x20, 0x20, 0x75, 0x69, 0x6e, 0x74, // tion]];.    uint
	0x20, 0x67, 0x6c, 0x5f, 0x4c, 0x61, 0x79, 0x65, 0x72, 0x20, 0x5b, 0x5b, 0x72, 0x65, 0x6e, 0x64, //  gl_Layer [[rend
	0x65, 0x72, 0x5f, 0x74, 0x61, 0x72, 0x67, 0x65, 0x74, 0x5f, 0x61, 0x72, 0x72, 0x61, 0x79, 0x5f, // er_target_array_
	0x69, 0x6e, 0x64, 0x65, 0x78, 0x5d, 0x5d, 0x3b, 0x0a, 0x7d, 0x3b, 0x0a, 0x0a, 0x73, 0x74, 0x72, // index]];.};..str
	0x75, 0x63, 0x74, 0x20, 0x78, 0x6c, 0x61, 0x74, 0x4d, 0x74, 0x6c, 0x4d, 0x61, 0x69, 0x6e, 0x5f, // uct xlatMtlMain_
	0x69, 0x6e, 0x0a, 0x7b, 0x0a, 0x20, 0x20, 0x20, 0x20, 0x66, 0x6c, 0x6f, 0x61, 0x74, 0x33, 0x20, // in.{.    float3 
	0x61, 0x5f, 0x70, 0x6f, 0x73, 0x69, 0x74, 0x69, 0x6f, 0x6e, 0x20, 0x5b, 0x5b, 0x61, 0x74, 0x74, // a_position [[att
	0x72, 0x69, 0x62, 0x75, 0x74, 0x65, 0x28, 0x30, 0x29, 0x5d, 0x5d, 0x3b, 0x0a, 0x20, 0x20, 0x20, // ribute(0)]];.   
	0x20, 0x66, 0x6c, 0x6f, 0x61, 0x74, 0x32, 0x20, 0x61, 0x5f, 0x74, 0x65, 0x78, 0x63, 0x6f, 0x6f, //  float2 a_texcoo
	0x72, 0x64, 0x30, 0x20, 0x5b, 0x5b, 0x61, 0x74, 0x74, 0x72, 0x69, 0x62, 0x75, 0x74, 0x65, 0x28, // rd0 [[attribute(
	0x31, 0x29, 0x5d, 0x5d, 0x3b, 0x0a, 0x7d, 0x3b, 0x0a, 0x0a, 0x76, 0x65, 0x72, 0x74, 0x65, 0x78, // 1)]];.};..vertex
	0x20, 0x78, 0x6c, 0x61, 0x74, 0x4d, 0x74, 0x6c, 0x4d, 0x61, 0x69, 0x6e, 0x5f, 0x6f, 0x75, 0x74, //  xlatMtlMain_out
	0x20, 0x78, 0x6c, 0x61, 0x74, 0x4d, 0x74, 0x6c, 0x4d, 0x61, 0x69, 0x6e, 0x28, 0x78, 0x6c, 0x61, //  xlatMtlMain(xla
	0x74, 0x4d, 0x74, 0x6c, 0x4d, 0x61, 0x69, 0x6e, 0x5f, 0x69, 0x6e, 0x20, 0x69, 0x6e, 0x20, 0x5b, // tMtlMain_in in [
	0x5b, 0x73, 0x74, 0x61, 0x67, 0x65, 0x5f, 0x69, 0x6e, 0x5d, 0x5d, 0x2c, 0x20, 0x63, 0x6f, 0x6e, // [stage_in]], con
	0x73, 0x74, 0x61, 0x6e, 0x74, 0x20, 0x5f, 0x47, 0x6c, 0x6f, 0x62, 0x61, 0x6c, 0x26, 0x20, 0x5f, // stant _Global& _
	0x6d, 0x74, 0x6c, 0x5f, 0x75, 0x20, 0x5b, 0x5b, 0x62, 0x75, 0x66, 0x66, 0x65, 0x72, 0x28, 0x30, // mtl_u [[buffer(0
	0x29, 0x5d, 0x5d, 0x2c, 0x20, 0x75, 0x69, 0x6e, 0x74, 0x20, 0x67, 0x6c, 0x5f, 0x49, 0x6e, 0x73, // )]], uint gl_Ins
	0x74, 0x61, 0x6e, 0x63, 0x65, 0x49, 0x6e, 0x64, 0x65, 0x78, 0x20, 0x5b, 0x5b, 0x69, 0x6e, 0x73, // tanceIndex [[ins
	0x74, 0x61, 0x6e, 0x63, 0x65, 0x5f, 0x69, 0x64, 0x5d, 0x5d, 0x29, 0x0a, 0x7b, 0x0a, 0x20, 0x20, // tance_id]]).{.  
	0x20, 0x20, 0x78, 0x6c, 0x61, 0x74, 0x4d, 0x74, 0x6c, 0x4d, 0x61, 0x69, 0x6e, 0x5f, 0x6f, 0x75, //   xlatMtlMain_ou
	0x74, 0x20, 0x6f, 0x75, 0x74, 0x20, 0x3d, 0x20, 0x7b, 0x7d, 0x3b, 0x0a, 0x20, 0x20, 0x20, 0x20, // t out = {};.    
	0x6f, 0x75, 0x74, 0x2e, 0x67, 0x6c, 0x5f, 0x50, 0x6f, 0x73, 0x69, 0x74, 0x69, 0x6f, 0x6e, 0x20, // out.gl_Position 
	0x3d, 0x20, 0x5f, 0x6d, 0x74, 0x6c, 0x5f, 0x75, 0x2e, 0x6d, 0x61, 0x74, 0x52, 0x6f, 0x74, 0x56, // = _mtl_u.matRotV
	0x69, 0x65, 0x77, 0x50, 0x72, 0x6f, 0x6a, 0x5b, 0x67, 0x6c, 0x5f, 0x49, 0x6e, 0x73, 0x74, 0x61, // iewProj[gl_Insta
	0x6e, 0x63, 0x65, 0x49, 0x6e, 0x64, 0x65, 0x78, 0x5d, 0x20, 0x2a, 0x20, 0x66, 0x6c, 0x6f, 0x61, // nceIndex] * floa
	0x74, 0x34, 0x28, 0x69, 0x6e, 0x2e, 0x61, 0x5f, 0x70, 0x6f, 0x73, 0x69, 0x74, 0x69, 0x6f, 0x6e, // t4(in.a_position
	0x20, 0x2d, 0x20, 0x5f, 0x6d, 0x74, 0x6c, 0x5f, 0x75, 0x2e, 0x63, 0x61, 0x6d, 0x65, 0x72, 0x61, //  - _mtl_u.camera
	0x50, 0x6f, 0x73, 0x57, 0x6f, 0x72, 0x6c, 0x64, 0x5b, 0x67, 0x6c, 0x5f, 0x49, 0x6e, 0x73, 0x74, // PosWorld[gl_Inst
	0x61, 0x6e, 0x63, 0x65, 0x49, 0x6e, 0x64, 0x65, 0x78, 0x5d, 0x2e, 0x78, 0x79, 0x7a, 0x2c, 0x20, // anceIndex].xyz, 
	0x31, 0x2e, 0x30, 0x29, 0x3b, 0x0a, 0x20, 0x20, 0x20, 0x20, 0x6f, 0x75, 0x74, 0x2e, 0x5f, 0x65, // 1.0);.    out._e
	0x6e, 0x74, 0x72, 0x79, 0x50, 0x6f, 0x69, 0x6e, 0x74, 0x4f, 0x75, 0x74, 0x70, 0x75, 0x74, 0x5f, // ntryPointOutput_
	0x76, 0x5f, 0x74, 0x61, 0x62, 0x6c, 0x65, 0x50, 0x6f, 0x73, 0x20, 0x3d, 0x20, 0x69, 0x6e, 0x2e, // v_tablePos = in.
	0x61, 0x5f, 0x70, 0x6f, 0x73, 0x69, 0x74, 0x69, 0x6f, 0x6e, 0x3b, 0x0a, 0x20, 0x20, 0x20, 0x20, // a_position;.    
	0x6f, 0x75, 0x74, 0x2e, 0x5f, 0x65, 0x6e, 0x74, 0x72, 0x79, 0x50, 0x6f, 0x69, 0x6e, 0x74, 0x4f, // out._entryPointO
	0x75, 0x74, 0x70, 0x75, 0x74, 0x5f, 0x76, 0x5f, 0x74, 0x65, 0x78, 0x63, 0x6f, 0x6f, 0x72, 0x64, // utput_v_texcoord
	0x30, 0x20, 0x3d, 0x20, 0x69, 0x6e, 0x2e, 0x61, 0x5f, 0x74, 0x65, 0x78, 0x63, 0x6f, 0x6f, 0x72, // 0 = in.a_texcoor
	0x64, 0x30, 0x3b, 0x0a, 0x20, 0x20, 0x20, 0x20, 0x6f, 0x75, 0x74, 0x2e, 0x67, 0x6c, 0x5f, 0x4c, // d0;.    out.gl_L
	0x61, 0x79, 0x65, 0x72, 0x20, 0x3d, 0x20, 0x67, 0x6c, 0x5f, 0x49, 0x6e, 0x73, 0x74, 0x61, 0x6e, // ayer = gl_Instan
	0x63, 0x65, 0x49, 0x6e, 0x64, 0x65, 0x78, 0x3b, 0x0a, 0x20, 0x20, 0x20, 0x20, 0x72, 0x65, 0x74, // ceIndex;.    ret
	0x75, 0x72, 0x6e, 0x20, 0x6f, 0x75, 0x74, 0x3b, 0x0a, 0x7d, 0x0a, 0x0a, 0x00, 0x03, 0x01, 0x00, // urn out;.}......
	0x10, 0x00, 0xff, 0xff, 0xa0, 0x00,                                                             // ......
};
static const uint8_t vs_flasher_noclip_st_essl[529] =
{
	0x56, 0x53, 0x48, 0x0c, 0x00, 0x00, 0x00, 0x00, 0xe2, 0xbc, 0x2a, 0x7e, 0x00, 0x00, 0x00, 0x00, // VSH.......*~....
	0x00, 0x00, 0x00, 0x00, 0x02, 0x00, 0x0e, 0x63, 0x61, 0x6d, 0x65, 0x72, 0x61, 0x50, 0x6f, 0x73, // .......cameraPos
	0x57, 0x6f, 0x72, 0x6c, 0x64, 0x02, 0x02, 0x00, 0x00, 0x02, 0x00, 0x00, 0x00, 0x00, 0x00, 0x0e, // World...........
	0x6d, 0x61, 0x74, 0x52, 0x6f, 0x74, 0x56, 0x69, 0x65, 0x77, 0x50, 0x72, 0x6f, 0x6a, 0x04, 0x02, // matRotViewProj..
	0x00, 0x00, 0x08, 0x00, 0x00, 0x00, 0x00, 0x00, 0xc4, 0x01, 0x00, 0x00, 0x23, 0x65, 0x78, 0x74, // ............#ext
	0x65, 0x6e, 0x73, 0x69, 0x6f, 0x6e, 0x20, 0x47, 0x4c, 0x5f, 0x4e, 0x56, 0x5f, 0x76, 0x69, 0x65, // ension GL_NV_vie
	0x77, 0x70, 0x6f, 0x72, 0x74, 0x5f, 0x61, 0x72, 0x72, 0x61, 0x79, 0x32, 0x20, 0x3a, 0x20, 0x72, // wport_array2 : r
	0x65, 0x71, 0x75, 0x69, 0x72, 0x65, 0x0a, 0x0a, 0x75, 0x6e, 0x69, 0x66, 0x6f, 0x72, 0x6d, 0x20, // equire..uniform 
	0x76, 0x65, 0x63, 0x34, 0x20, 0x63, 0x61, 0x6d, 0x65, 0x72, 0x61, 0x50, 0x6f, 0x73, 0x57, 0x6f, // vec4 cameraPosWo
	0x72, 0x6c, 0x64, 0x5b, 0x32, 0x5d, 0x3b, 0x0a, 0x75, 0x6e, 0x69, 0x66, 0x6f, 0x72, 0x6d, 0x20, // rld[2];.uniform 
	0x6d, 0x61, 0x74, 0x34, 0x20, 0x6d, 0x61, 0x74, 0x52, 0x6f, 0x74, 0x56, 0x69, 0x65, 0x77, 0x50, // mat4 matRotViewP
	0x72, 0x6f, 0x6a, 0x5b, 0x32, 0x5d, 0x3b, 0x0a, 0x0a, 0x6c, 0x61, 0x79, 0x6f, 0x75, 0x74, 0x28, // roj[2];..layout(
	0x6c, 0x6f, 0x63, 0x61, 0x74, 0x69, 0x6f, 0x6e, 0x20, 0x3d, 0x20, 0x30, 0x29, 0x20, 0x69, 0x6e, // location = 0) in
	0x20, 0x76, 0x65, 0x63, 0x33, 0x20, 0x61, 0x5f, 0x70, 0x6f, 0x73, 0x69, 0x74, 0x69, 0x6f, 0x6e, //  vec3 a_position
	0x3b, 0x0a, 0x6f, 0x75, 0x74, 0x20, 0x76, 0x65, 0x63, 0x33, 0x20, 0x76, 0x5f, 0x74, 0x61, 0x62, // ;.out vec3 v_tab
	0x6c, 0x65, 0x50, 0x6f, 0x73, 0x3b, 0x0a, 0x6f, 0x75, 0x74, 0x20, 0x76, 0x65, 0x63, 0x32, 0x20, // lePos;.out vec2 
	0x76, 0x5f, 0x74, 0x65, 0x78, 0x63, 0x6f, 0x6f, 0x72, 0x64, 0x30, 0x3b, 0x0a, 0x6c, 0x61, 0x79, // v_texcoord0;.lay
	0x6f, 0x75, 0x74, 0x28, 0x6c, 0x6f, 0x63, 0x61, 0x74, 0x69, 0x6f, 0x6e, 0x20, 0x3d, 0x20, 0x31, // out(location = 1
	0x29, 0x20, 0x69, 0x6e, 0x20, 0x76, 0x65, 0x63, 0x32, 0x20, 0x61, 0x5f, 0x74, 0x65, 0x78, 0x63, // ) in vec2 a_texc
	0x6f, 0x6f, 0x72, 0x64, 0x30, 0x3b, 0x0a, 0x0a, 0x76, 0x6f, 0x69, 0x64, 0x20, 0x6d, 0x61, 0x69, // oord0;..void mai
	0x6e, 0x28, 0x29, 0x0a, 0x7b, 0x0a, 0x20, 0x20, 0x20, 0x20, 0x76, 0x5f, 0x74, 0x61, 0x62, 0x6c, // n().{.    v_tabl
	0x65, 0x50, 0x6f, 0x73, 0x20, 0x3d, 0x20, 0x61, 0x5f, 0x70, 0x6f, 0x73, 0x69, 0x74, 0x69, 0x6f, // ePos = a_positio
	0x6e, 0x3b, 0x0a, 0x20, 0x20, 0x20, 0x20, 0x76, 0x5f, 0x74, 0x65, 0x78, 0x63, 0x6f, 0x6f, 0x72, // n;.    v_texcoor
	0x64, 0x30, 0x20, 0x3d, 0x20, 0x61, 0x5f, 0x74, 0x65, 0x78, 0x63, 0x6f, 0x6f, 0x72, 0x64, 0x30, // d0 = a_texcoord0
	0x3b, 0x0a, 0x20, 0x20, 0x20, 0x20, 0x67, 0x6c, 0x5f, 0x4c, 0x61, 0x79, 0x65, 0x72, 0x20, 0x3d, // ;.    gl_Layer =
	0x20, 0x67, 0x6c, 0x5f, 0x49, 0x6e, 0x73, 0x74, 0x61, 0x6e, 0x63, 0x65, 0x49, 0x44, 0x3b, 0x0a, //  gl_InstanceID;.
	0x20, 0x20, 0x20, 0x20, 0x67, 0x6c, 0x5f, 0x50, 0x6f, 0x73, 0x69, 0x74, 0x69, 0x6f, 0x6e, 0x20, //     gl_Position 
	0x3d, 0x20, 0x6d, 0x61, 0x74, 0x52, 0x6f, 0x74, 0x56, 0x69, 0x65, 0x77, 0x50, 0x72, 0x6f, 0x6a, // = matRotViewProj
	0x5b, 0x67, 0x6c, 0x5f, 0x49, 0x6e, 0x73, 0x74, 0x61, 0x6e, 0x63, 0x65, 0x49, 0x44, 0x5d, 0x20, // [gl_InstanceID] 
	0x2a, 0x20, 0x76, 0x65, 0x63, 0x34, 0x28, 0x61, 0x5f, 0x70, 0x6f, 0x73, 0x69, 0x74, 0x69, 0x6f, // * vec4(a_positio
	0x6e, 0x20, 0x2d, 0x20, 0x63, 0x61, 0x6d, 0x65, 0x72, 0x61, 0x50, 0x6f, 0x73, 0x57, 0x6f, 0x72, // n - cameraPosWor
	0x6c, 0x64, 0x5b, 0x67, 0x6c, 0x5f, 0x49, 0x6e, 0x73, 0x74, 0x61, 0x6e, 0x63, 0x65, 0x49, 0x44, // ld[gl_InstanceID
	0x5d, 0x2e, 0x78, 0x79, 0x7a, 0x2c, 0x20, 0x31, 0x2e, 0x30, 0x29, 0x3b, 0x0a, 0x7d, 0x0a, 0x0a, // ].xyz, 1.0);.}..
	0x00,                                                                                           // .
};
static const uint8_t vs_flasher_noclip_st_glsl[542] =
{
	0x56, 0x53, 0x48, 0x0c, 0x00, 0x00, 0x00, 0x00, 0xe2, 0xbc, 0x2a, 0x7e, 0x00, 0x00, 0x00, 0x00, // VSH.......*~....
	0x00, 0x00, 0x00, 0x00, 0x02, 0x00, 0x0e, 0x63, 0x61, 0x6d, 0x65, 0x72, 0x61, 0x50, 0x6f, 0x73, // .......cameraPos
	0x57, 0x6f, 0x72, 0x6c, 0x64, 0x02, 0x02, 0x00, 0x00, 0x02, 0x00, 0x00, 0x00, 0x00, 0x00, 0x0e, // World...........
	0x6d, 0x61, 0x74, 0x52, 0x6f, 0x74, 0x56, 0x69, 0x65, 0x77, 0x50, 0x72, 0x6f, 0x6a, 0x04, 0x02, // matRotViewProj..
	0x00, 0x00, 0x08, 0x00, 0x00, 0x00, 0x00, 0x00, 0xd1, 0x01, 0x00, 0x00, 0x23, 0x65, 0x78, 0x74, // ............#ext
	0x65, 0x6e, 0x73, 0x69, 0x6f, 0x6e, 0x20, 0x47, 0x4c, 0x5f, 0x41, 0x52, 0x42, 0x5f, 0x73, 0x68, // ension GL_ARB_sh
	0x61, 0x64, 0x65, 0x72, 0x5f, 0x76, 0x69, 0x65, 0x77, 0x70, 0x6f, 0x72, 0x74, 0x5f, 0x6c, 0x61, // ader_viewport_la
	0x79, 0x65, 0x72, 0x5f, 0x61, 0x72, 0x72, 0x61, 0x79, 0x20, 0x3a, 0x20, 0x72, 0x65, 0x71, 0x75, // yer_array : requ
	0x69, 0x72, 0x65, 0x0a, 0x0a, 0x75, 0x6e, 0x69, 0x66, 0x6f, 0x72, 0x6d, 0x20, 0x76, 0x65, 0x63, // ire..uniform vec
	0x34, 0x20, 0x63, 0x61, 0x6d, 0x65, 0x72, 0x61, 0x50, 0x6f, 0x73, 0x57, 0x6f, 0x72, 0x6c, 0x64, // 4 cameraPosWorld
	0x5b, 0x32, 0x5d, 0x3b, 0x0a, 0x75, 0x6e, 0x69, 0x66, 0x6f, 0x72, 0x6d, 0x20, 0x6d, 0x61, 0x74, // [2];.uniform mat
	0x34, 0x20, 0x6d, 0x61, 0x74, 0x52, 0x6f, 0x74, 0x56, 0x69, 0x65, 0x77, 0x50, 0x72, 0x6f, 0x6a, // 4 matRotViewProj
	0x5b, 0x32, 0x5d, 0x3b, 0x0a, 0x0a, 0x6c, 0x61, 0x79, 0x6f, 0x75, 0x74, 0x28, 0x6c, 0x6f, 0x63, // [2];..layout(loc
	0x61, 0x74, 0x69, 0x6f, 0x6e, 0x20, 0x3d, 0x20, 0x30, 0x29, 0x20, 0x69, 0x6e, 0x20, 0x76, 0x65, // ation = 0) in ve
	0x63, 0x33, 0x20, 0x61, 0x5f, 0x70, 0x6f, 0x73, 0x69, 0x74, 0x69, 0x6f, 0x6e, 0x3b, 0x0a, 0x6f, // c3 a_position;.o
	0x75, 0x74, 0x20, 0x76, 0x65, 0x63, 0x33, 0x20, 0x76, 0x5f, 0x74, 0x61, 0x62, 0x6c, 0x65, 0x50, // ut vec3 v_tableP
	0x6f, 0x73, 0x3b, 0x0a, 0x6f, 0x75, 0x74, 0x20, 0x76, 0x65, 0x63, 0x32, 0x20, 0x76, 0x5f, 0x74, // os;.out vec2 v_t
	0x65, 0x78, 0x63, 0x6f, 0x6f, 0x72, 0x64, 0x30, 0x3b, 0x0a, 0x6c, 0x61, 0x79, 0x6f, 0x75, 0x74, // excoord0;.layout
	0x28, 0x6c, 0x6f, 0x63, 0x61, 0x74, 0x69, 0x6f, 0x6e, 0x20, 0x3d, 0x20, 0x31, 0x29, 0x20, 0x69, // (location = 1) i
	0x6e, 0x20, 0x76, 0x65, 0x63, 0x32, 0x20, 0x61, 0x5f, 0x74, 0x65, 0x78, 0x63, 0x6f, 0x6f, 0x72, // n vec2 a_texcoor
	0x64, 0x30, 0x3b, 0x0a, 0x0a, 0x76, 0x6f, 0x69, 0x64, 0x20, 0x6d, 0x61, 0x69, 0x6e, 0x28, 0x29, // d0;..void main()
	0x0a, 0x7b, 0x0a, 0x20, 0x20, 0x20, 0x20, 0x76, 0x5f, 0x74, 0x61, 0x62, 0x6c, 0x65, 0x50, 0x6f, // .{.    v_tablePo
	0x73, 0x20, 0x3d, 0x20, 0x61, 0x5f, 0x70, 0x6f, 0x73, 0x69, 0x74, 0x69, 0x6f, 0x6e, 0x3b, 0x0a, // s = a_position;.
	0x20, 0x20, 0x20, 0x20, 0x76, 0x5f, 0x74, 0x65, 0x78, 0x63, 0x6f, 0x6f, 0x72, 0x64, 0x30, 0x20, //     v_texcoord0 
	0x3d, 0x20, 0x61, 0x5f, 0x74, 0x65, 0x78, 0x63, 0x6f, 0x6f, 0x72, 0x64, 0x30, 0x3b, 0x0a, 0x20, // = a_texcoord0;. 
	0x20, 0x20, 0x20, 0x67, 0x6c, 0x5f, 0x4c, 0x61, 0x79, 0x65, 0x72, 0x20, 0x3d, 0x20, 0x67, 0x6c, //    gl_Layer = gl
	0x5f, 0x49, 0x6e, 0x73, 0x74, 0x61, 0x6e, 0x63, 0x65, 0x49, 0x44, 0x3b, 0x0a, 0x20, 0x20, 0x20, // _InstanceID;.   
	0x20, 0x67, 0x6c, 0x5f, 0x50, 0x6f, 0x73, 0x69, 0x74, 0x69, 0x6f, 0x6e, 0x20, 0x3d, 0x20, 0x6d, //  gl_Position = m
	0x61, 0x74, 0x52, 0x6f, 0x74, 0x56, 0x69, 0x65, 0x77, 0x50, 0x72, 0x6f, 0x6a, 0x5b, 0x67, 0x6c, // atRotViewProj[gl
	0x5f, 0x49, 0x6e, 0x73, 0x74, 0x61, 0x6e, 0x63, 0x65, 0x49, 0x44, 0x5d, 0x20, 0x2a, 0x20, 0x76, // _InstanceID] * v
	0x65, 0x63, 0x34, 0x28, 0x61, 0x5f, 0x70, 0x6f, 0x73, 0x69, 0x74, 0x69, 0x6f, 0x6e, 0x20, 0x2d, // ec4(a_position -
	0x20, 0x63, 0x61, 0x6d, 0x65, 0x72, 0x61, 0x50, 0x6f, 0x73, 0x57, 0x6f, 0x72, 0x6c, 0x64, 0x5b, //  cameraPosWorld[
	0x67, 0x6c, 0x5f, 0x49, 0x6e, 0x73, 0x74, 0x61, 0x6e, 0x63, 0x65, 0x49, 0x44, 0x5d, 0x2e, 0x78, // gl_InstanceID].x
	0x79, 0x7a, 0x2c, 0x20, 0x31, 0x2e, 0x30, 0x29, 0x3b, 0x0a, 0x7d, 0x0a, 0x0a, 0x00,             // yz, 1.0);.}...
};
static const uint8_t vs_flasher_noclip_st_dxbc[896] =
{
	0x56, 0x53, 0x48, 0x0c, 0x00, 0x00, 0x00, 0x00, 0xe2, 0xbc, 0x2a, 0x7e, 0x00, 0x00, 0x00, 0x00, // VSH.......*~....
	0x00, 0x00, 0x00, 0x00, 0x02, 0x00, 0x0e, 0x6d, 0x61, 0x74, 0x52, 0x6f, 0x74, 0x56, 0x69, 0x65, // .......matRotVie
	0x77, 0x50, 0x72, 0x6f, 0x6a, 0x04, 0x02, 0x00, 0x00, 0x08, 0x00, 0x00, 0x00, 0x00, 0x00, 0x0e, // wProj...........
	0x63, 0x61, 0x6d, 0x65, 0x72, 0x61, 0x50, 0x6f, 0x73, 0x57, 0x6f, 0x72, 0x6c, 0x64, 0x02, 0x02, // cameraPosWorld..
	0x80, 0x00, 0x02, 0x00, 0x00, 0x00, 0x00, 0x00, 0x2c, 0x03, 0x00, 0x00, 0x44, 0x58, 0x42, 0x43, // ........,...DXBC
	0x50, 0x15, 0x86, 0x51, 0x2e, 0x51, 0x57, 0x99, 0xd0, 0x82, 0xd5, 0x71, 0x54, 0xdb, 0x31, 0x01, // P..Q.QW....qT.1.
	0x01, 0x00, 0x00, 0x00, 0x2c, 0x03, 0x00, 0x00, 0x04, 0x00, 0x00, 0x00, 0x30, 0x00, 0x00, 0x00, // ....,.......0...
	0xa8, 0x00, 0x00, 0x00, 0x48, 0x01, 0x00, 0x00, 0x1c, 0x03, 0x00, 0x00, 0x49, 0x53, 0x47, 0x4e, // ....H.......ISGN
	0x70, 0x00, 0x00, 0x00, 0x03, 0x00, 0x00, 0x00, 0x08, 0x00, 0x00, 0x00, 0x50, 0x00, 0x00, 0x00, // p...........P...
	0x00, 0x00, 0x00, 0x00, 0x00, 0x00, 0x00, 0x00, 0x03, 0x00, 0x00, 0x00, 0x00, 0x00, 0x00, 0x00, // ................
	0x07, 0x07, 0x00, 0x00, 0x59, 0x00, 0x00, 0x00, 0x00, 0x00, 0x00, 0x00, 0x00, 0x00, 0x00, 0x00, // ....Y...........
	0x03, 0x00, 0x00, 0x00, 0x01, 0x00, 0x00, 0x00, 0x03, 0x03, 0x00, 0x00, 0x62, 0x00, 0x00, 0x00, // ............b...
	0x00, 0x00, 0x00, 0x00, 0x08, 0x00, 0x00, 0x00, 0x01, 0x00, 0x00, 0x00, 0x02, 0x00, 0x00, 0x00, // ................
	0x01, 0x01, 0x00, 0x00, 0x50, 0x4f, 0x53, 0x49, 0x54, 0x49, 0x4f, 0x4e, 0x00, 0x54, 0x45, 0x58, // ....POSITION.TEX
	0x43, 0x4f, 0x4f, 0x52, 0x44, 0x00, 0x53, 0x56, 0x5f, 0x49, 0x6e, 0x73, 0x74, 0x61, 0x6e, 0x63, // COORD.SV_Instanc
	0x65, 0x49, 0x44, 0x00, 0x4f, 0x53, 0x47, 0x4e, 0x98, 0x00, 0x00, 0x00, 0x04, 0x00, 0x00, 0x00, // eID.OSGN........
	0x08, 0x00, 0x00, 0x00, 0x68, 0x00, 0x00, 0x00, 0x00, 0x00, 0x00, 0x00, 0x01, 0x00, 0x00, 0x00, // ....h...........
	0x03, 0x00, 0x00, 0x00, 0x00, 0x00, 0x00, 0x00, 0x0f, 0x00, 0x00, 0x00, 0x74, 0x00, 0x00, 0x00, // ............t...
	0x01, 0x00, 0x00, 0x00, 0x00, 0x00, 0x00, 0x00, 0x03, 0x00, 0x00, 0x00, 0x01, 0x00, 0x00, 0x00, // ................
	0x07, 0x08, 0x00, 0x00, 0x74, 0x00, 0x00, 0x00, 0x00, 0x00, 0x00, 0x00, 0x00, 0x00, 0x00, 0x00, // ....t...........
	0x03, 0x00, 0x00, 0x00, 0x02, 0x00, 0x00, 0x00, 0x03, 0x0c, 0x00, 0x00, 0x7d, 0x00, 0x00, 0x00, // ............}...
	0x00, 0x00, 0x00, 0x00, 0x04, 0x00, 0x00, 0x00, 0x01, 0x00, 0x00, 0x00, 0x03, 0x00, 0x00, 0x00, // ................
	0x01, 0x0e, 0x00, 0x00, 0x53, 0x56, 0x5f, 0x50, 0x4f, 0x53, 0x49, 0x54, 0x49, 0x4f, 0x4e, 0x00, // ....SV_POSITION.
	0x54, 0x45, 0x58, 0x43, 0x4f, 0x4f, 0x52, 0x44, 0x00, 0x53, 0x56, 0x5f, 0x52, 0x65, 0x6e, 0x64, // TEXCOORD.SV_Rend
	0x65, 0x72, 0x54, 0x61, 0x72, 0x67, 0x65, 0x74, 0x41, 0x72, 0x72, 0x61, 0x79, 0x49, 0x6e, 0x64, // erTargetArrayInd
	0x65, 0x78, 0x00, 0xab, 0x53, 0x48, 0x45, 0x58, 0xcc, 0x01, 0x00, 0x00, 0x50, 0x00, 0x01, 0x00, // ex..SHEX....P...
	0x73, 0x00, 0x00, 0x00, 0x6a, 0x08, 0x00, 0x01, 0x59, 0x08, 0x00, 0x04, 0x46, 0x8e, 0x20, 0x00, // s...j...Y...F. .
	0x00, 0x00, 0x00, 0x00, 0x0a, 0x00, 0x00, 0x00, 0x5f, 0x00, 0x00, 0x03, 0x72, 0x10, 0x10, 0x00, // ........_...r...
	0x00, 0x00, 0x00, 0x00, 0x5f, 0x00, 0x00, 0x03, 0x32, 0x10, 0x10, 0x00, 0x01, 0x00, 0x00, 0x00, // ...._...2.......
	0x60, 0x00, 0x00, 0x04, 0x12, 0x10, 0x10, 0x00, 0x02, 0x00, 0x00, 0x00, 0x08, 0x00, 0x00, 0x00, // `...............
	0x67, 0x00, 0x00, 0x04, 0xf2, 0x20, 0x10, 0x00, 0x00, 0x00, 0x00, 0x00, 0x01, 0x00, 0x00, 0x00, // g.... ..........
	0x65, 0x00, 0x00, 0x03, 0x72, 0x20, 0x10, 0x00, 0x01, 0x00, 0x00, 0x00, 0x65, 0x00, 0x00, 0x03, // e...r ......e...
	0x32, 0x20, 0x10, 0x00, 0x02, 0x00, 0x00, 0x00, 0x67, 0x00, 0x00, 0x04, 0x12, 0x20, 0x10, 0x00, // 2 ......g.... ..
	0x03, 0x00, 0x00, 0x00, 0x04, 0x00, 0x00, 0x00, 0x68, 0x00, 0x00, 0x02, 0x02, 0x00, 0x00, 0x00, // ........h.......
	0x36, 0x00, 0x00, 0x05, 0x12, 0x00, 0x10, 0x00, 0x00, 0x00, 0x00, 0x00, 0x0a, 0x10, 0x10, 0x00, // 6...............
	0x02, 0x00, 0x00, 0x00, 0x00, 0x00, 0x00, 0x0b, 0x72, 0x00, 0x10, 0x00, 0x00, 0x00, 0x00, 0x00, // ........r.......
	0x46, 0x12, 0x10, 0x00, 0x00, 0x00, 0x00, 0x00, 0x46, 0x82, 0x20, 0x86, 0x41, 0x00, 0x00, 0x00, // F.......F. .A...
	0x00, 0x00, 0x00, 0x00, 0x08, 0x00, 0x00, 0x00, 0x0a, 0x00, 0x10, 0x00, 0x00, 0x00, 0x00, 0x00, // ................
	0x29, 0x00, 0x00, 0x07, 0x82, 0x00, 0x10, 0x00, 0x00, 0x00, 0x00, 0x00, 0x0a, 0x10, 0x10, 0x00, // )...............
	0x02, 0x00, 0x00, 0x00, 0x01, 0x40, 0x00, 0x00, 0x02, 0x00, 0x00, 0x00, 0x38, 0x00, 0x00, 0x0a, // .....@......8...
	0xf2, 0x00, 0x10, 0x00, 0x01, 0x00, 0x00, 0x00, 0x56, 0x05, 0x10, 0x00, 0x00, 0x00, 0x00, 0x00, // ........V.......
	0x46, 0x8e, 0x20, 0x06, 0x00, 0x00, 0x00, 0x00, 0x01, 0x00, 0x00, 0x00, 0x3a, 0x00, 0x10, 0x00, // F. .........:...
	0x00, 0x00, 0x00, 0x00, 0x32, 0x00, 0x00, 0x0b, 0xf2, 0x00, 0x10, 0x00, 0x01, 0x00, 0x00, 0x00, // ....2...........
	0x46, 0x8e, 0x20, 0x04, 0x00, 0x00, 0x00, 0x00, 0x3a, 0x00, 0x10, 0x00, 0x00, 0x00, 0x00, 0x00, // F. .....:.......
	0x06, 0x00, 0x10, 0x00, 0x00, 0x00, 0x00, 0x00, 0x46, 0x0e, 0x10, 0x00, 0x01, 0x00, 0x00, 0x00, // ........F.......
	0x32, 0x00, 0x00, 0x0c, 0xf2, 0x00, 0x10, 0x00, 0x01, 0x00, 0x00, 0x00, 0x46, 0x8e, 0x20, 0x06, // 2...........F. .
	0x00, 0x00, 0x00, 0x00, 0x02, 0x00, 0x00, 0x00, 0x3a, 0x00, 0x10, 0x00, 0x00, 0x00, 0x00, 0x00, // ........:.......
	0xa6, 0x0a, 0x10, 0x00, 0x00, 0x00, 0x00, 0x00, 0x46, 0x0e, 0x10, 0x00, 0x01, 0x00, 0x00, 0x00, // ........F.......
	0x00, 0x00, 0x00, 0x0a, 0xf2, 0x20, 0x10, 0x00, 0x00, 0x00, 0x00, 0x00, 0x46, 0x0e, 0x10, 0x00, // ..... ......F...
	0x01, 0x00, 0x00, 0x00, 0x46, 0x8e, 0x20, 0x06, 0x00, 0x00, 0x00, 0x00, 0x03, 0x00, 0x00, 0x00, // ....F. .........
	0x3a, 0x00, 0x10, 0x00, 0x00, 0x00, 0x00, 0x00, 0x36, 0x00, 0x00, 0x05, 0x72, 0x20, 0x10, 0x00, // :.......6...r ..
	0x01, 0x00, 0x00, 0x00, 0x46, 0x12, 0x10, 0x00, 0x00, 0x00, 0x00, 0x00, 0x36, 0x00, 0x00, 0x05, // ....F.......6...
	0x32, 0x20, 0x10, 0x00, 0x02, 0x00, 0x00, 0x00, 0x46, 0x10, 0x10, 0x00, 0x01, 0x00, 0x00, 0x00, // 2 ......F.......
	0x36, 0x00, 0x00, 0x05, 0x12, 0x20, 0x10, 0x00, 0x03, 0x00, 0x00, 0x00, 0x0a, 0x10, 0x10, 0x00, // 6.... ..........
	0x02, 0x00, 0x00, 0x00, 0x3e, 0x00, 0x00, 0x01, 0x53, 0x46, 0x49, 0x30, 0x08, 0x00, 0x00, 0x00, // ....>...SFI0....
	0x00, 0x20, 0x00, 0x00, 0x00, 0x00, 0x00, 0x00, 0x00, 0x02, 0x01, 0x00, 0x10, 0x00, 0xa0, 0x00, // . ..............
};
static const uint8_t vs_flasher_noclip_st_dxil[3116] =
{
	0x56, 0x53, 0x48, 0x0c, 0x00, 0x00, 0x00, 0x00, 0xe2, 0xbc, 0x2a, 0x7e, 0x00, 0x00, 0x00, 0x00, // VSH.......*~....
	0x00, 0x00, 0x00, 0x00, 0x02, 0x00, 0x0e, 0x6d, 0x61, 0x74, 0x52, 0x6f, 0x74, 0x56, 0x69, 0x65, // .......matRotVie
	0x77, 0x50, 0x72, 0x6f, 0x6a, 0x04, 0x02, 0x00, 0x00, 0x08, 0x00, 0x00, 0x00, 0x00, 0x00, 0x0e, // wProj...........
	0x63, 0x61, 0x6d, 0x65, 0x72, 0x61, 0x50, 0x6f, 0x73, 0x57, 0x6f, 0x72, 0x6c, 0x64, 0x02, 0x02, // cameraPosWorld..
	0x80, 0x00, 0x02, 0x00, 0x00, 0x00, 0x00, 0x00, 0xd8, 0x0b, 0x00, 0x00, 0x44, 0x58, 0x42, 0x43, // ............DXBC
	0x12, 0xa0, 0xf9, 0xe2, 0xe0, 0x0e, 0x53, 0x5c, 0x7d, 0xf0, 0xf7, 0xcb, 0xfa, 0x15, 0x10, 0xaf, // ......S.}.......
	0x01, 0x00, 0x00, 0x00, 0xd8, 0x0b, 0x00, 0x00, 0x07, 0x00, 0x00, 0x00, 0x3c, 0x00, 0x00, 0x00, // ............<...
	0x4c, 0x00, 0x00, 0x00, 0xdc, 0x00, 0x00, 0x00, 0x9c, 0x01, 0x00, 0x00, 0xdc, 0x02, 0x00, 0x00, // L...............
	0x10, 0x03, 0x00, 0x00, 0x2c, 0x03, 0x00, 0x00, 0x53, 0x46, 0x49, 0x30, 0x08, 0x00, 0x00, 0x00, // ....,...SFI0....
	0x00, 0x20, 0x00, 0x00, 0x00, 0x00, 0x00, 0x00, 0x49, 0x53, 0x47, 0x31, 0x88, 0x00, 0x00, 0x00, // . ......ISG1....
	0x03, 0x00, 0x00, 0x00, 0x08, 0x00, 0x00, 0x00, 0x00, 0x00, 0x00, 0x00, 0x68, 0x00, 0x00, 0x00, // ............h...
	0x00, 0x00, 0x00, 0x00, 0x00, 0x00, 0x00, 0x00, 0x03, 0x00, 0x00, 0x00, 0x00, 0x00, 0x00, 0x00, // ................
	0x07, 0x07, 0x00, 0x00, 0x00, 0x00, 0x00, 0x00, 0x00, 0x00, 0x00, 0x00, 0x71, 0x00, 0x00, 0x00, // ............q...
	0x00, 0x00, 0x00, 0x00, 0x00, 0x00, 0x00, 0x00, 0x03, 0x00, 0x00, 0x00, 0x01, 0x00, 0x00, 0x00, // ................
	0x03, 0x03, 0x00, 0x00, 0x00, 0x00, 0x00, 0x00, 0x00, 0x00, 0x00, 0x00, 0x7a, 0x00, 0x00, 0x00, // ............z...
	0x00, 0x00, 0x00, 0x00, 0x08, 0x00, 0x00, 0x00, 0x01, 0x00, 0x00, 0x00, 0x02, 0x00, 0x00, 0x00, // ................
	0x01, 0x01, 0x00, 0x00, 0x00, 0x00, 0x00, 0x00, 0x50, 0x4f, 0x53, 0x49, 0x54, 0x49, 0x4f, 0x4e, // ........POSITION
	0x00, 0x54, 0x45, 0x58, 0x43, 0x4f, 0x4f, 0x52, 0x44, 0x00, 0x53, 0x56, 0x5f, 0x49, 0x6e, 0x73, // .TEXCOORD.SV_Ins
	0x74, 0x61, 0x6e, 0x63, 0x65, 0x49, 0x44, 0x00, 0x4f, 0x53, 0x47, 0x31, 0xb8, 0x00, 0x00, 0x00, // tanceID.OSG1....
	0x04, 0x00, 0x00, 0x00, 0x08, 0x00, 0x00, 0x00, 0x00, 0x00, 0x00, 0x00, 0x88, 0x00, 0x00, 0x00, // ................
	0x00, 0x00, 0x00, 0x00, 0x01, 0x00, 0x00, 0x00, 0x03, 0x00, 0x00, 0x00, 0x00, 0x00, 0x00, 0x00, // ................
	0x0f, 0x00, 0x00, 0x00, 0x00, 0x00, 0x00, 0x00, 0x00, 0x00, 0x00, 0x00, 0x94, 0x00, 0x00, 0x00, // ................
	0x01, 0x00, 0x00, 0x00, 0x00, 0x00, 0x00, 0x00, 0x03, 0x00, 0x00, 0x00, 0x01, 0x00, 0x00, 0x00, // ................
	0x07, 0x08, 0x00, 0x00, 0x00, 0x00, 0x00, 0x00, 0x00, 0x00, 0x00, 0x00, 0x94, 0x00, 0x00, 0x00, // ................
	0x00, 0x00, 0x00, 0x00, 0x00, 0x00, 0x00, 0x00, 0x03, 0x00, 0x00, 0x00, 0x02, 0x00, 0x00, 0x00, // ................
	0x03, 0x0c, 0x00, 0x00, 0x00, 0x00, 0x00, 0x00, 0x00, 0x00, 0x00, 0x00, 0x9d, 0x00, 0x00, 0x00, // ................
	0x00, 0x00, 0x00, 0x00, 0x04, 0x00, 0x00, 0x00, 0x01, 0x00, 0x00, 0x00, 0x03, 0x00, 0x00, 0x00, // ................
	0x01, 0x0e, 0x00, 0x00, 0x00, 0x00, 0x00, 0x00, 0x53, 0x56, 0x5f, 0x50, 0x6f, 0x73, 0x69, 0x74, // ........SV_Posit
	0x69, 0x6f, 0x6e, 0x00, 0x54, 0x45, 0x58, 0x43, 0x4f, 0x4f, 0x52, 0x44, 0x00, 0x53, 0x56, 0x5f, // ion.TEXCOORD.SV_
	0x52, 0x65, 0x6e, 0x64, 0x65, 0x72, 0x54, 0x61, 0x72, 0x67, 0x65, 0x74, 0x41, 0x72, 0x72, 0x61, // RenderTargetArra
	0x79, 0x49, 0x6e, 0x64, 0x65, 0x78, 0x00, 0x00, 0x50, 0x53, 0x56, 0x30, 0x38, 0x01, 0x00, 0x00, // yIndex..PSV08...
	0x34, 0x00, 0x00, 0x00, 0x01, 0x00, 0x00, 0x00, 0x00, 0x00, 0x00, 0x00, 0x00, 0x00, 0x00, 0x00, // 4...............
	0x00, 0x00, 0x00, 0x00, 0x00, 0x00, 0x00, 0x00, 0xff, 0xff, 0xff, 0xff, 0x01, 0x00, 0x00, 0x00, // ................
	0x03, 0x04, 0x00, 0x03, 0x04, 0x00, 0x00, 0x00, 0x00, 0x00, 0x00, 0x00, 0x00, 0x00, 0x00, 0x00, // ................
	0x00, 0x00, 0x00, 0x00, 0x25, 0x00, 0x00, 0x00, 0x01, 0x00, 0x00, 0x00, 0x18, 0x00, 0x00, 0x00, // ....%...........
	0x02, 0x00, 0x00, 0x00, 0x00, 0x00, 0x00, 0x00, 0x00, 0x00, 0x00, 0x00, 0x00, 0x00, 0x00, 0x00, // ................
	0x0d, 0x00, 0x00, 0x00, 0x00, 0x00, 0x00, 0x00, 0x2c, 0x00, 0x00, 0x00, 0x00, 0x50, 0x4f, 0x53, // ........,....POS
	0x49, 0x54, 0x49, 0x4f, 0x4e, 0x00, 0x54, 0x45, 0x58, 0x43, 0x4f, 0x4f, 0x52, 0x44, 0x00, 0x54, // ITION.TEXCOORD.T
	0x45, 0x58, 0x43, 0x4f, 0x4f, 0x52, 0x44, 0x00, 0x54, 0x45, 0x58, 0x43, 0x4f, 0x4f, 0x52, 0x44, // EXCOORD.TEXCOORD
	0x00, 0x6d, 0x61, 0x69, 0x6e, 0x00, 0x00, 0x00, 0x02, 0x00, 0x00, 0x00, 0x00, 0x00, 0x00, 0x00, // .main...........
	0x01, 0x00, 0x00, 0x00, 0x10, 0x00, 0x00, 0x00, 0x01, 0x00, 0x00, 0x00, 0x00, 0x00, 0x00, 0x00, // ................
	0x01, 0x00, 0x43, 0x00, 0x03, 0x00, 0x00, 0x00, 0x0a, 0x00, 0x00, 0x00, 0x00, 0x00, 0x00, 0x00, // ..C.............
	0x01, 0x01, 0x42, 0x00, 0x03, 0x00, 0x00, 0x00, 0x00, 0x00, 0x00, 0x00, 0x00, 0x00, 0x00, 0x00, // ..B.............
	0x01, 0x02, 0x41, 0x02, 0x01, 0x00, 0x00, 0x00, 0x00, 0x00, 0x00, 0x00, 0x00, 0x00, 0x00, 0x00, // ..A.............
	0x01, 0x00, 0x44, 0x03, 0x03, 0x04, 0x00, 0x00, 0x13, 0x00, 0x00, 0x00, 0x01, 0x00, 0x00, 0x00, // ..D.............
	0x01, 0x01, 0x43, 0x00, 0x03, 0x02, 0x00, 0x00, 0x1c, 0x00, 0x00, 0x00, 0x00, 0x00, 0x00, 0x00, // ..C.............
	0x01, 0x02, 0x42, 0x00, 0x03, 0x02, 0x00, 0x00, 0x00, 0x00, 0x00, 0x00, 0x00, 0x00, 0x00, 0x00, // ..B.............
	0x01, 0x03, 0x41, 0x04, 0x01, 0x01, 0x00, 0x00, 0x1f, 0x00, 0x00, 0x00, 0x2f, 0x00, 0x00, 0x00, // ..A........./...
	0x4f, 0x00, 0x00, 0x00, 0x00, 0x00, 0x00, 0x00, 0x00, 0x01, 0x00, 0x00, 0x00, 0x02, 0x00, 0x00, // O...............
	0x00, 0x00, 0x00, 0x00, 0x00, 0x00, 0x00, 0x00, 0x0f, 0x10, 0x00, 0x00, 0x00, 0x00, 0x00, 0x00, // ................
	0x00, 0x00, 0x00, 0x00, 0x00, 0x00, 0x00, 0x00, 0x49, 0x4c, 0x44, 0x4e, 0x2c, 0x00, 0x00, 0x00, // ........ILDN,...
	0x00, 0x00, 0x24, 0x00, 0x31, 0x38, 0x32, 0x37, 0x35, 0x66, 0x39, 0x65, 0x65, 0x39, 0x33, 0x62, // ..$.18275f9ee93b
	0x39, 0x35, 0x65, 0x61, 0x37, 0x38, 0x31, 0x63, 0x39, 0x36, 0x64, 0x38, 0x33, 0x35, 0x38, 0x39, // 95ea781c96d83589
	0x30, 0x63, 0x31, 0x65, 0x2e, 0x70, 0x64, 0x62, 0x00, 0x00, 0x00, 0x00, 0x48, 0x41, 0x53, 0x48, // 0c1e.pdb....HASH
	0x14, 0x00, 0x00, 0x00, 0x00, 0x00, 0x00, 0x00, 0x18, 0x27, 0x5f, 0x9e, 0xe9, 0x3b, 0x95, 0xea, // .........'_..;..
	0x78, 0x1c, 0x96, 0xd8, 0x35, 0x89, 0x0c, 0x1e, 0x44, 0x58, 0x49, 0x4c, 0xa4, 0x08, 0x00, 0x00, // x...5...DXIL....
	0x60, 0x00, 0x01, 0x00, 0x29, 0x02, 0x00, 0x00, 0x44, 0x58, 0x49, 0x4c, 0x00, 0x01, 0x00, 0x00, // `...)...DXIL....
	0x10, 0x00, 0x00, 0x00, 0x8c, 0x08, 0x00, 0x00, 0x42, 0x43, 0xc0, 0xde, 0x21, 0x0c, 0x00, 0x00, // ........BC..!...
	0x20, 0x02, 0x00, 0x00, 0x0b, 0x82, 0x20, 0x00, 0x02, 0x00, 0x00, 0x00, 0x13, 0x00, 0x00, 0x00, //  ..... .........
	0x07, 0x81, 0x23, 0x91, 0x41, 0xc8, 0x04, 0x49, 0x06, 0x10, 0x32, 0x39, 0x92, 0x01, 0x84, 0x0c, // ..#.A..I..29....
	0x25, 0x05, 0x08, 0x19, 0x1e, 0x04, 0x8b, 0x62, 0x80, 0x18, 0x45, 0x02, 0x42, 0x92, 0x0b, 0x42, // %......b..E.B..B
	0xc4, 0x10, 0x32, 0x14, 0x38, 0x08, 0x18, 0x4b, 0x0a, 0x32, 0x62, 0x88, 0x48, 0x90, 0x14, 0x20, // ..2.8..K.2b.H.. 
	0x43, 0x46, 0x88, 0xa5, 0x00, 0x19, 0x32, 0x42, 0xe4, 0x48, 0x0e, 0x90, 0x11, 0x23, 0xc4, 0x50, // CF....2B.H...#.P
	0x41, 0x51, 0x81, 0x8c, 0xe1, 0x83, 0xe5, 0x8a, 0x04, 0x31, 0x46, 0x06, 0x51, 0x18, 0x00, 0x00, // AQ.......1F.Q...
	0x08, 0x00, 0x00, 0x00, 0x1b, 0x8c, 0xe0, 0xff, 0xff, 0xff, 0xff, 0x07, 0x40, 0x02, 0xa8, 0x0d, // ............@...
	0x84, 0xf0, 0xff, 0xff, 0xff, 0xff, 0x03, 0x20, 0x6d, 0x30, 0x86, 0xff, 0xff, 0xff, 0xff, 0x1f, // ....... m0......
	0x00, 0x09, 0xa8, 0x00, 0x49, 0x18, 0x00, 0x00, 0x03, 0x00, 0x00, 0x00, 0x13, 0x82, 0x60, 0x42, // ....I.........`B
	0x20, 0x4c, 0x08, 0x06, 0x00, 0x00, 0x00, 0x00, 0x89, 0x20, 0x00, 0x00, 0x2f, 0x00, 0x00, 0x00, //  L....... ../...
	0x32, 0x22, 0x88, 0x09, 0x20, 0x64, 0x85, 0x04, 0x13, 0x23, 0xa4, 0x84, 0x04, 0x13, 0x23, 0xe3, // 2".. d...#....#.
	0x84, 0xa1, 0x90, 0x14, 0x12, 0x4c, 0x8c, 0x8c, 0x0b, 0x84, 0xc4, 0x4c, 0x10, 0x84, 0xc1, 0x08, // .....L.....L....
	0x40, 0x09, 0x00, 0x0a, 0x66, 0x00, 0xe6, 0x08, 0xc0, 0x60, 0x8e, 0x00, 0x29, 0xc6, 0x40, 0x10, // @...f....`..).@.
	0x44, 0x41, 0x90, 0x51, 0x0c, 0x82, 0x20, 0x88, 0x82, 0x20, 0xa4, 0x18, 0x00, 0x41, 0x10, 0xc5, // DA.Q.. .. ...A..
	0x40, 0x4a, 0x31, 0x00, 0x82, 0x20, 0x0a, 0x82, 0x98, 0xa3, 0x86, 0xcb, 0x9f, 0xb0, 0x87, 0x90, // @J1.. ..........
	0x7c, 0x6e, 0xa3, 0x8a, 0x95, 0x98, 0xfc, 0xe2, 0xb6, 0x11, 0x31, 0x0c, 0xc3, 0x40, 0xc5, 0x3d, // |n........1..@.=
	0xc3, 0xe5, 0x4f, 0xd8, 0x43, 0x48, 0x7e, 0x08, 0x34, 0xc3, 0x42, 0xa0, 0xe0, 0x29, 0x84, 0x43, // ..O.CH~.4.B..).C
	0x40, 0x04, 0x45, 0xa5, 0x18, 0x88, 0x61, 0x18, 0x68, 0x9a, 0x23, 0x08, 0x8a, 0x01, 0x11, 0x05, // @.E...a.h.#.....
	0x41, 0x54, 0x64, 0x0d, 0x04, 0x0c, 0x23, 0x10, 0x43, 0x12, 0x64, 0x29, 0xa0, 0xa5, 0x40, 0x36, // ATd...#.C.d)..@6
	0xd3, 0x84, 0x0e, 0xef, 0x30, 0x0f, 0xf4, 0xc0, 0x0e, 0xe1, 0x90, 0x0f, 0xef, 0x50, 0x0f, 0xf4, // ....0........P..
	0xe0, 0x06, 0x64, 0x70, 0x0a, 0xec, 0xf0, 0x0e, 0xe2, 0x10, 0x0e, 0xec, 0x30, 0x0f, 0x48, 0xd8, // ..dp........0.H.
	0x38, 0xea, 0x72, 0x81, 0x98, 0x23, 0x00, 0x05, 0x00, 0x00, 0x00, 0x00, 0x13, 0x14, 0x72, 0xc0, // 8.r..#........r.
	0x87, 0x74, 0x60, 0x87, 0x36, 0x68, 0x87, 0x79, 0x68, 0x03, 0x72, 0xc0, 0x87, 0x0d, 0xaf, 0x50, // .t`.6h.yh.r....P
	0x0e, 0x6d, 0xd0, 0x0e, 0x7a, 0x50, 0x0e, 0x6d, 0x00, 0x0f, 0x7a, 0x30, 0x07, 0x72, 0xa0, 0x07, // .m..zP.m..z0.r..
	0x73, 0x20, 0x07, 0x6d, 0x90, 0x0e, 0x71, 0xa0, 0x07, 0x73, 0x20, 0x07, 0x6d, 0x90, 0x0e, 0x78, // s .m..q..s .m..x
	0xa0, 0x07, 0x73, 0x20, 0x07, 0x6d, 0x90, 0x0e, 0x71, 0x60, 0x07, 0x7a, 0x30, 0x07, 0x72, 0xd0, // ..s .m..q`.z0.r.
	0x06, 0xe9, 0x30, 0x07, 0x72, 0xa0, 0x07, 0x73, 0x20, 0x07, 0x6d, 0x90, 0x0e, 0x76, 0x40, 0x07, // ..0.r..s .m..v@.
	0x7a, 0x60, 0x07, 0x74, 0xd0, 0x06, 0xe6, 0x10, 0x07, 0x76, 0xa0, 0x07, 0x73, 0x20, 0x07, 0x6d, // z`.t.....v..s .m
	0x60, 0x0e, 0x73, 0x20, 0x07, 0x7a, 0x30, 0x07, 0x72, 0xd0, 0x06, 0xe6, 0x60, 0x07, 0x74, 0xa0, // `.s .z0.r...`.t.
	0x07, 0x76, 0x40, 0x07, 0x6d, 0xe0, 0x0e, 0x78, 0xa0, 0x07, 0x71, 0x60, 0x07, 0x7a, 0x30, 0x07, // .v@.m..x..q`.z0.
	0x72, 0xa0, 0x07, 0x76, 0x40, 0x07, 0x43, 0x9e, 0x00, 0x00, 0x00, 0x00, 0x00, 0x00, 0x00, 0x00, // r..v@.C.........
	0x00, 0x00, 0x00, 0x86, 0x3c, 0x06, 0x10, 0x00, 0x01, 0x00, 0x00, 0x00, 0x00, 0x00, 0x00, 0x00, // ....<...........
	0x0c, 0x79, 0x10, 0x20, 0x00, 0x02, 0x00, 0x00, 0x00, 0x00, 0x00, 0x00, 0x00, 0x18, 0xf2, 0x28, // .y. ...........(
	0x40, 0x00, 0x08, 0x00, 0x00, 0x00, 0x00, 0x00, 0x00, 0x00, 0x30, 0xe4, 0x61, 0x80, 0x00, 0x10, // @.........0.a...
	0x00, 0x00, 0x00, 0x00, 0x00, 0x00, 0x00, 0x60, 0xc8, 0x13, 0x01, 0x01, 0x30, 0x00, 0x00, 0x00, // .......`....0...
	0x00, 0x00, 0x00, 0x00, 0xc0, 0x90, 0x67, 0x02, 0x02, 0x20, 0x00, 0x00, 0x00, 0x00, 0x00, 0x00, // ......g.. ......
	0x00, 0x80, 0x21, 0x8f, 0x05, 0x04, 0xc0, 0x00, 0x00, 0x00, 0x00, 0x00, 0x00, 0x00, 0x00, 0x59, // ..!............Y
	0x20, 0x00, 0x00, 0x00, 0x11, 0x00, 0x00, 0x00, 0x32, 0x1e, 0x98, 0x14, 0x19, 0x11, 0x4c, 0x90, //  .......2.....L.
	0x8c, 0x09, 0x26, 0x47, 0xc6, 0x04, 0x43, 0x22, 0x4a, 0x60, 0x04, 0xa0, 0x24, 0x8a, 0xa1, 0x80, // ..&G..C"J`..$...
	0x05, 0xca, 0xa0, 0x1c, 0x8a, 0xa0, 0x3c, 0xa8, 0x28, 0x89, 0x11, 0x80, 0x32, 0x28, 0x82, 0x52, // ......<.(...2(.R
	0x28, 0x81, 0x42, 0x20, 0xb0, 0x00, 0x11, 0xe8, 0x1b, 0x6b, 0x49, 0x9a, 0xef, 0x0d, 0x5e, 0x01, // (.B .....kI...^.
	0x00, 0x11, 0x10, 0x02, 0x80, 0x17, 0x24, 0xc8, 0x9b, 0x01, 0x00, 0x00, 0x79, 0x18, 0x00, 0x00, // ......$.....y...
	0x78, 0x00, 0x00, 0x00, 0x1a, 0x03, 0x4c, 0x90, 0x46, 0x02, 0x13, 0xc4, 0x34, 0x20, 0xc3, 0x1b, // x.....L.F...4 ..
	0x43, 0x81, 0x93, 0x4b, 0xb3, 0x0b, 0xa3, 0x2b, 0x4b, 0x01, 0x89, 0x71, 0xc9, 0x71, 0x81, 0x71, // C..K...+K..q.q.q
	0xa9, 0xa1, 0x81, 0x91, 0x01, 0x41, 0x81, 0x21, 0x9b, 0x29, 0x2b, 0xb3, 0x11, 0xab, 0xa9, 0x69, // .....A.!.)+....i
	0x21, 0x4b, 0x93, 0xa3, 0xcb, 0x4b, 0xd9, 0x10, 0x04, 0x13, 0x04, 0x02, 0x99, 0x20, 0x10, 0xc9, // !K...K....... ..
	0x06, 0x61, 0x20, 0x26, 0x08, 0x84, 0xb2, 0x41, 0x18, 0x0c, 0x0a, 0x76, 0x73, 0x13, 0x04, 0x62, // .a &...A...vs..b
	0xd9, 0x30, 0x20, 0x09, 0x31, 0x41, 0xf0, 0x34, 0x02, 0x13, 0x04, 0x82, 0xd9, 0x80, 0x10, 0x0b, // .0 .1A.4........
	0x43, 0x10, 0x43, 0x03, 0x6c, 0x08, 0x9c, 0x0d, 0x04, 0x00, 0x3c, 0xc0, 0x04, 0xe1, 0xcb, 0x36, // C.C.l.....<....6
	0x04, 0xd1, 0x04, 0x41, 0x00, 0x48, 0xb4, 0x85, 0xa5, 0xb9, 0x11, 0x81, 0x7a, 0x9a, 0x4a, 0xa2, // ...A.H......z.J.
	0x4a, 0x7a, 0x72, 0x9a, 0x20, 0x14, 0xd1, 0x04, 0xa1, 0x90, 0x36, 0x04, 0xc4, 0x04, 0xa1, 0x98, // Jzr. .....6.....
	0x26, 0x08, 0x44, 0x33, 0x41, 0x20, 0x9c, 0x0d, 0x82, 0xb6, 0x6d, 0x58, 0x88, 0xca, 0xba, 0xb0, // &.D3A ....mX....
	0x6b, 0xc8, 0x88, 0x8b, 0x23, 0x42, 0x55, 0x84, 0x35, 0xf4, 0xf4, 0x24, 0x45, 0x34, 0x41, 0x28, // k...#BU.5..$E4A(
	0xa8, 0x0d, 0x82, 0xa6, 0x6d, 0x58, 0x06, 0xcf, 0xba, 0xb0, 0x6b, 0xf8, 0x86, 0x0b, 0x0c, 0x26, // ....mX....k....&
	0x08, 0xc4, 0xc3, 0x66, 0xca, 0xea, 0x2b, 0xc9, 0x6d, 0x8e, 0x2e, 0xcc, 0x6d, 0xac, 0x2c, 0x89, // ...f..+.m...m.,.
	0x68, 0x82, 0x50, 0x54, 0x13, 0x84, 0xc2, 0xda, 0x20, 0x68, 0xc3, 0x86, 0x45, 0x0c, 0xc6, 0x80, // h.PT.... h..E...
	0x0c, 0x3e, 0xec, 0x1a, 0xca, 0x40, 0x0c, 0x2e, 0x33, 0xd8, 0x30, 0x74, 0x61, 0x70, 0x06, 0x5c, // .>...@..3.0tap..
	0xa6, 0xac, 0xbe, 0xa0, 0xde, 0xe6, 0xd2, 0xe8, 0xd2, 0xde, 0xdc, 0x26, 0x08, 0xc5, 0x35, 0x41, // ...........&..5A
	0x20, 0xa0, 0x0d, 0x82, 0xb6, 0x06, 0x1b, 0x16, 0x22, 0x0d, 0xac, 0x0c, 0x53, 0x83, 0x41, 0x0d, //  ......."...S.A.
	0x88, 0x8b, 0x0d, 0x36, 0x04, 0xc3, 0x86, 0x65, 0xf0, 0xac, 0xcb, 0x0d, 0xbe, 0x21, 0x1b, 0x2e, // ...6...e.....!..
	0x6e, 0xc3, 0x22, 0x06, 0x9e, 0x75, 0x61, 0xdf, 0xf0, 0x89, 0xc1, 0x05, 0x06, 0xcc, 0xa6, 0xac, // n."..ua.........
	0xbe, 0xa4, 0xca, 0xdc, 0xc8, 0xca, 0xe4, 0xa8, 0xc2, 0xe4, 0xce, 0xca, 0xe8, 0x82, 0xe4, 0xe4, // ................
	0xc2, 0xf2, 0x92, 0xdc, 0xc8, 0xca, 0xf0, 0x36, 0x2c, 0x5a, 0x1c, 0x90, 0x81, 0x1a, 0x60, 0x65, // .......6,Z....`e
	0x30, 0x94, 0x81, 0x76, 0x99, 0xc1, 0x06, 0xa2, 0x0d, 0xde, 0x00, 0x0e, 0xe4, 0x60, 0xc3, 0x80, // 0..v.........`..
	0x06, 0x73, 0x00, 0x4c, 0x10, 0xc0, 0x00, 0xdb, 0x20, 0x10, 0x75, 0xb0, 0xa1, 0x98, 0x28, 0x3a, // .s.L.... .u...(:
	0x80, 0xec, 0xa0, 0x0a, 0x1b, 0x9b, 0x5d, 0x9b, 0x4b, 0x1a, 0x59, 0x99, 0x1b, 0xdd, 0x94, 0x20, // ......].K.Y.... 
	0xa8, 0x42, 0x86, 0xe7, 0x62, 0x57, 0x26, 0x37, 0x97, 0xf6, 0xe6, 0x36, 0x25, 0x20, 0x9a, 0x90, // .B..bW&7...6% ..
	0xe1, 0xb9, 0xd8, 0x85, 0xb1, 0xd9, 0x95, 0xc9, 0x4d, 0x09, 0x8c, 0x3a, 0x64, 0x78, 0x2e, 0x73, // ........M..:dx.s
	0x68, 0x61, 0x64, 0x65, 0x72, 0x4d, 0x6f, 0x64, 0x65, 0x6c, 0x53, 0x82, 0xa4, 0x0c, 0x19, 0x9e, // haderModelS.....
	0x8b, 0x5c, 0xd9, 0xdc, 0x5b, 0x9d, 0xdc, 0x58, 0xd9, 0xdc, 0x94, 0xe0, 0xa9, 0x43, 0x86, 0xe7, // ....[..X.....C..
	0x62, 0x97, 0x56, 0x76, 0x97, 0x44, 0x36, 0x45, 0x17, 0x46, 0x57, 0x36, 0x25, 0x88, 0xea, 0x90, // b.Vv.D6E.FW6%...
	0xe1, 0xb9, 0x94, 0xb9, 0xd1, 0xc9, 0xe5, 0x41, 0xbd, 0xa5, 0xb9, 0xd1, 0xcd, 0x4d, 0x09, 0xec, // .......A.....M..
	0x00, 0x00, 0x00, 0x00, 0x79, 0x18, 0x00, 0x00, 0x4c, 0x00, 0x00, 0x00, 0x33, 0x08, 0x80, 0x1c, // ....y...L...3...
	0xc4, 0xe1, 0x1c, 0x66, 0x14, 0x01, 0x3d, 0x88, 0x43, 0x38, 0x84, 0xc3, 0x8c, 0x42, 0x80, 0x07, // ...f..=.C8...B..
	0x79, 0x78, 0x07, 0x73, 0x98, 0x71, 0x0c, 0xe6, 0x00, 0x0f, 0xed, 0x10, 0x0e, 0xf4, 0x80, 0x0e, // yx.s.q..........
	0x33, 0x0c, 0x42, 0x1e, 0xc2, 0xc1, 0x1d, 0xce, 0xa1, 0x1c, 0x66, 0x30, 0x05, 0x3d, 0x88, 0x43, // 3.B.......f0.=.C
	0x38, 0x84, 0x83, 0x1b, 0xcc, 0x03, 0x3d, 0xc8, 0x43, 0x3d, 0x8c, 0x03, 0x3d, 0xcc, 0x78, 0x8c, // 8.....=.C=..=.x.
	0x74, 0x70, 0x07, 0x7b, 0x08, 0x07, 0x79, 0x48, 0x87, 0x70, 0x70, 0x07, 0x7a, 0x70, 0x03, 0x76, // tp.{..yH.pp.zp.v
	0x78, 0x87, 0x70, 0x20, 0x87, 0x19, 0xcc, 0x11, 0x0e, 0xec, 0x90, 0x0e, 0xe1, 0x30, 0x0f, 0x6e, // x.p .........0.n
	0x30, 0x0f, 0xe3, 0xf0, 0x0e, 0xf0, 0x50, 0x0e, 0x33, 0x10, 0xc4, 0x1d, 0xde, 0x21, 0x1c, 0xd8, // 0.....P.3....!..
	0x21, 0x1d, 0xc2, 0x61, 0x1e, 0x66, 0x30, 0x89, 0x3b, 0xbc, 0x83, 0x3b, 0xd0, 0x43, 0x39, 0xb4, // !..a.f0.;..;.C9.
	0x03, 0x3c, 0xbc, 0x83, 0x3c, 0x84, 0x03, 0x3b, 0xcc, 0xf0, 0x14, 0x76, 0x60, 0x07, 0x7b, 0x68, // .<..<..;...v`.{h
	0x07, 0x37, 0x68, 0x87, 0x72, 0x68, 0x07, 0x37, 0x80, 0x87, 0x70, 0x90, 0x87, 0x70, 0x60, 0x07, // .7h.rh.7..p..p`.
	0x76, 0x28, 0x07, 0x76, 0xf8, 0x05, 0x76, 0x78, 0x87, 0x77, 0x80, 0x87, 0x5f, 0x08, 0x87, 0x71, // v(.v..vx.w.._..q
	0x18, 0x87, 0x72, 0x98, 0x87, 0x79, 0x98, 0x81, 0x2c, 0xee, 0xf0, 0x0e, 0xee, 0xe0, 0x0e, 0xf5, // ..r..y..,.......
	0xc0, 0x0e, 0xec, 0x30, 0x03, 0x62, 0xc8, 0xa1, 0x1c, 0xe4, 0xa1, 0x1c, 0xcc, 0xa1, 0x1c, 0xe4, // ...0.b..........
	0xa1, 0x1c, 0xdc, 0x61, 0x1c, 0xca, 0x21, 0x1c, 0xc4, 0x81, 0x1d, 0xca, 0x61, 0x06, 0xd6, 0x90, // ...a..!.....a...
	0x43, 0x39, 0xc8, 0x43, 0x39, 0x98, 0x43, 0x39, 0xc8, 0x43, 0x39, 0xb8, 0xc3, 0x38, 0x94, 0x43, // C9.C9.C9.C9..8.C
	0x38, 0x88, 0x03, 0x3b, 0x94, 0xc3, 0x2f, 0xbc, 0x83, 0x3c, 0xfc, 0x82, 0x3b, 0xd4, 0x03, 0x3b, // 8..;../..<..;..;
	0xb0, 0xc3, 0x0c, 0xc4, 0x21, 0x07, 0x7c, 0x70, 0x03, 0x7a, 0x28, 0x87, 0x76, 0x80, 0x87, 0x19, // ....!.|p.z(.v...
	0xd1, 0x43, 0x0e, 0xf8, 0xe0, 0x06, 0xe4, 0x20, 0x0e, 0xe7, 0xe0, 0x06, 0xf6, 0x10, 0x0e, 0xf2, // .C..... ........
	0xc0, 0x0e, 0xe1, 0x90, 0x0f, 0xef, 0x50, 0x0f, 0xf4, 0x00, 0x00, 0x00, 0x71, 0x20, 0x00, 0x00, // ......P.....q ..
	0x21, 0x00, 0x00, 0x00, 0x56, 0xb0, 0x0d, 0x97, 0xef, 0x3c, 0xbe, 0x10, 0x50, 0x45, 0x41, 0x44, // !...V....<..PEAD
	0xa5, 0x03, 0x0c, 0x25, 0x61, 0x00, 0x02, 0xe6, 0x17, 0xb7, 0x6d, 0x07, 0xd2, 0x70, 0xf9, 0xce, // ...%a.....m..p..
	0xe3, 0x0b, 0x11, 0x01, 0x4c, 0x44, 0x08, 0x34, 0xc3, 0x42, 0x58, 0xc0, 0x34, 0x5c, 0xbe, 0xf3, // ....LD.4.BX.4...
	0xf8, 0x8b, 0x03, 0x0c, 0x62, 0xf3, 0x50, 0x93, 0x5f, 0xdc, 0xb6, 0x09, 0x4c, 0xc3, 0xe5, 0x3b, // ....b.P._...L..;
	0x8f, 0xbf, 0x38, 0xc0, 0x20, 0x36, 0x0f, 0x35, 0xf9, 0xc8, 0x6d, 0xdb, 0x40, 0x35, 0x5c, 0xbe, // ..8. 6.5..m.@5..
	0xf3, 0xf8, 0xd2, 0xe4, 0x44, 0x04, 0x4a, 0x4d, 0x0f, 0x35, 0xf9, 0xc5, 0x6d, 0x1b, 0x41, 0x35, // ....D.JM.5..m.A5
	0x5c, 0xbe, 0xf3, 0xf8, 0xd2, 0xe4, 0x44, 0x04, 0x4a, 0x4d, 0x0f, 0x35, 0xf9, 0xc8, 0x6d, 0x9b, // ......D.JM.5..m.
	0x81, 0x34, 0x5c, 0xbe, 0xf3, 0xf8, 0x13, 0x11, 0x4d, 0x08, 0x10, 0x61, 0x7e, 0x71, 0xdb, 0x06, // .4......M..a~q..
	0x40, 0x30, 0x00, 0xd2, 0x00, 0x00, 0x00, 0x00, 0x61, 0x20, 0x00, 0x00, 0x8c, 0x00, 0x00, 0x00, // @0......a ......
	0x13, 0x04, 0x41, 0x2c, 0x10, 0x00, 0x00, 0x00, 0x04, 0x00, 0x00, 0x00, 0x44, 0x94, 0x42, 0x71, // ..A,........D.Bq
	0x15, 0xc2, 0x0c, 0x40, 0xd9, 0x95, 0x5c, 0x41, 0x50, 0x35, 0x02, 0x00, 0x23, 0x06, 0x09, 0x00, // ...@...AP5..#...
	0x82, 0x60, 0x60, 0x71, 0xc3, 0xa3, 0x69, 0xc1, 0x88, 0x41, 0x02, 0x80, 0x20, 0x18, 0x20, 0x62, // .``q..i..A.. . b
	0x70, 0x54, 0x9b, 0x64, 0x8c, 0x18, 0x24, 0x00, 0x08, 0x82, 0x81, 0x41, 0x06, 0x48, 0xc7, 0x4d, // pT.d..$....A.H.M
	0xc7, 0x88, 0x41, 0x02, 0x80, 0x20, 0x18, 0x18, 0x65, 0x90, 0x78, 0x1d, 0x84, 0x8c, 0x18, 0x24, // ..A.. ..e.x....$
	0x00, 0x08, 0x82, 0x81, 0x61, 0x06, 0x8a, 0xe7, 0x55, 0xc9, 0x88, 0x41, 0x02, 0x80, 0x20, 0x18, // ....a...U..A.. .
	0x18, 0x67, 0xb0, 0x7c, 0x9f, 0xa4, 0x8c, 0x18, 0x24, 0x00, 0x08, 0x82, 0x81, 0x81, 0x06, 0x0c, // .g.|....$.......
	0x18, 0x80, 0x41, 0xb5, 0x94, 0x91, 0xc0, 0x88, 0xc1, 0x01, 0x80, 0x20, 0x18, 0x44, 0x66, 0xc0, // ..A........ .Df.
	0x20, 0xc1, 0x68, 0x42, 0x00, 0x8c, 0x26, 0x08, 0xc1, 0x68, 0xc2, 0x20, 0x18, 0x32, 0xc4, 0xc7, //  .hB..&..h. .2..
	0x90, 0x21, 0x3e, 0x86, 0x0c, 0xf1, 0x29, 0x67, 0x0c, 0x6e, 0xc4, 0xe0, 0x00, 0x40, 0x10, 0x0c, // .!>...)g.n...@..
	0x22, 0x37, 0xa0, 0xa0, 0x60, 0x34, 0x21, 0x00, 0x46, 0x13, 0x84, 0x60, 0x34, 0x61, 0x10, 0x46, // "7..`4!.F..`4a.F
	0x13, 0x88, 0xa1, 0x0c, 0x38, 0xd8, 0x11, 0x83, 0x03, 0x00, 0x41, 0x30, 0x88, 0xe8, 0x40, 0xb3, // ....8.....A0..@.
	0x82, 0xd1, 0x84, 0x00, 0x18, 0x4d, 0x10, 0x82, 0xd1, 0x84, 0x41, 0x18, 0x4d, 0x20, 0x06, 0x33, // .....M....A.M .3
	0xec, 0x00, 0x04, 0x23, 0x06, 0x07, 0x00, 0x82, 0x60, 0x10, 0xe9, 0x01, 0x18, 0x70, 0xc1, 0x68, // ...#....`....p.h
	0x42, 0x00, 0x8c, 0x26, 0x08, 0xc1, 0x68, 0xc2, 0x20, 0x8c, 0x26, 0x10, 0x43, 0x49, 0x77, 0xb0, // B..&..h. .&.CIw.
	0x23, 0x06, 0x07, 0x00, 0x82, 0x60, 0x10, 0x81, 0x82, 0x19, 0x88, 0x41, 0x30, 0x9a, 0x10, 0x00, // #....`.....A0...
	0xa3, 0x09, 0x42, 0x30, 0x9a, 0x30, 0x08, 0xa3, 0x09, 0xc4, 0x60, 0xd6, 0x26, 0x9f, 0x11, 0x03, // ..B0.0....`.&...
	0x04, 0x00, 0x41, 0x30, 0x98, 0x4a, 0xe1, 0x0d, 0xa2, 0x2d, 0x18, 0x31, 0x40, 0x00, 0x10, 0x04, // ..A0.J...-.1@...
	0x83, 0xc9, 0x14, 0xe0, 0x80, 0xd9, 0x02, 0x0b, 0x0e, 0xe8, 0x58, 0xf6, 0xc9, 0x67, 0xc4, 0x00, // ..........X..g..
	0x01, 0x40, 0x10, 0x0c, 0xa6, 0x54, 0x98, 0x03, 0xea, 0x0b, 0x46, 0x0c, 0x10, 0x00, 0x04, 0xc1, // .@...T....F.....
	0x60, 0x52, 0x05, 0x3a, 0x78, 0xbe, 0xc0, 0x02, 0x05, 0x3a, 0xc6, 0x8d, 0x81, 0x7c, 0x46, 0x0c, // `R.:x....:...|F.
	0x10, 0x00, 0x04, 0xc1, 0x60, 0x6a, 0x85, 0x3b, 0xb8, 0xc6, 0x20, 0x18, 0x31, 0x40, 0x00, 0x10, // ....`j.;.. .1@..
	0x04, 0x83, 0xc9, 0x15, 0xf0, 0x40, 0x1a, 0x83, 0xc0, 0x82, 0x06, 0x3a, 0xf6, 0x9d, 0x81, 0x7c, // .....@.....:...|
	0x46, 0x0c, 0x10, 0x00, 0x04, 0xc1, 0x60, 0x8a, 0x85, 0x3d, 0xd0, 0xce, 0x20, 0x18, 0x31, 0x40, // F.....`..=.. .1@
	0x00, 0x10, 0x04, 0x83, 0x49, 0x16, 0xf8, 0xa0, 0x3a, 0x83, 0xc0, 0x02, 0x08, 0x3a, 0x23, 0x06, // ....I...:....:#.
	0x09, 0x00, 0x82, 0x60, 0xa0, 0xdc, 0xc2, 0x1f, 0xc4, 0x42, 0x2c, 0xa0, 0x42, 0x33, 0x62, 0x90, // ...`.....B,.B3b.
	0x00, 0x20, 0x08, 0x06, 0xca, 0x2d, 0xfc, 0x41, 0x2c, 0xc4, 0x02, 0x29, 0x24, 0x23, 0x06, 0x09, // . ...-.A,..)$#..
	0x00, 0x82, 0x60, 0xa0, 0xdc, 0xc2, 0x1f, 0xc4, 0x42, 0x2c, 0x98, 0x42, 0x31, 0x62, 0x90, 0x00, // ..`.....B,.B1b..
	0x20, 0x08, 0x06, 0xca, 0x2d, 0xfc, 0x41, 0x2c, 0xc4, 0xc2, 0x29, 0x04, 0x23, 0x06, 0x09, 0x00, //  ...-.A,..).#...
	0x82, 0x60, 0xa0, 0xdc, 0xc2, 0x1f, 0xc8, 0x42, 0x2c, 0xa0, 0xc2, 0x1c, 0x8c, 0x18, 0x24, 0x00, // .`.....B,.....$.
	0x08, 0x82, 0x81, 0x72, 0x0b, 0x7f, 0x20, 0x0b, 0xb1, 0x40, 0x0a, 0x72, 0x30, 0x62, 0x90, 0x00, // ...r.. ..@.r0b..
	0x20, 0x08, 0x06, 0xca, 0x2d, 0xfc, 0x81, 0x2c, 0xc4, 0x82, 0x29, 0xc4, 0xc1, 0x88, 0x41, 0x02, //  ...-..,..)...A.
	0x80, 0x20, 0x18, 0x28, 0xb7, 0xf0, 0x07, 0xab, 0x10, 0x0b, 0xa8, 0x50, 0x07, 0x23, 0x06, 0x09, // . .(.......P.#..
	0x00, 0x82, 0x60, 0xa0, 0xdc, 0xc2, 0x1f, 0xac, 0x42, 0x2c, 0x90, 0x02, 0x1d, 0x8c, 0x18, 0x24, // ..`.....B,.....$
	0x00, 0x08, 0x82, 0x01, 0x63, 0x0b, 0x7f, 0xd0, 0x0a, 0xb1, 0x80, 0x0a, 0x76, 0x80, 0x00, 0x00, // ....c.......v...
	0x00, 0x00, 0x00, 0x00, 0x00, 0x02, 0x01, 0x00, 0x10, 0x00, 0xa0, 0x00,                         // ............
};
static const uint8_t vs_flasher_noclip_st_spv[1750] =
{
	0x56, 0x53, 0x48, 0x0c, 0x00, 0x00, 0x00, 0x00, 0xe2, 0xbc, 0x2a, 0x7e, 0x00, 0x00, 0x00, 0x00, // VSH.......*~....
	0x00, 0x00, 0x00, 0x00, 0x02, 0x00, 0x0e, 0x63, 0x61, 0x6d, 0x65, 0x72, 0x61, 0x50, 0x6f, 0x73, // .......cameraPos
	0x57, 0x6f, 0x72, 0x6c, 0x64, 0x02, 0x02, 0x80, 0x00, 0x02, 0x00, 0x00, 0x00, 0x00, 0x00, 0x0e, // World...........
	0x6d, 0x61, 0x74, 0x52, 0x6f, 0x74, 0x56, 0x69, 0x65, 0x77, 0x50, 0x72, 0x6f, 0x6a, 0x04, 0x02, // matRotViewProj..
	0x00, 0x00, 0x08, 0x00, 0x00, 0x00, 0x00, 0x00, 0x80, 0x06, 0x00, 0x00, 0x03, 0x02, 0x23, 0x07, // ..............#.
	0x00, 0x00, 0x01, 0x00, 0x0b, 0x00, 0x08, 0x00, 0xa3, 0x00, 0x00, 0x00, 0x00, 0x00, 0x00, 0x00, // ................
	0x11, 0x00, 0x02, 0x00, 0x01, 0x00, 0x00, 0x00, 0x11, 0x00, 0x02, 0x00, 0x86, 0x14, 0x00, 0x00, // ................
	0x0a, 0x00, 0x0a, 0x00, 0x53, 0x50, 0x56, 0x5f, 0x45, 0x58, 0x54, 0x5f, 0x73, 0x68, 0x61, 0x64, // ....SPV_EXT_shad
	0x65, 0x72, 0x5f, 0x76, 0x69, 0x65, 0x77, 0x70, 0x6f, 0x72, 0x74, 0x5f, 0x69, 0x6e, 0x64, 0x65, // er_viewport_inde
	0x78, 0x5f, 0x6c, 0x61, 0x79, 0x65, 0x72, 0x00, 0x0b, 0x00, 0x06, 0x00, 0x01, 0x00, 0x00, 0x00, // x_layer.........
	0x47, 0x4c, 0x53, 0x4c, 0x2e, 0x73, 0x74, 0x64, 0x2e, 0x34, 0x35, 0x30, 0x00, 0x00, 0x00, 0x00, // GLSL.std.450....
	0x0e, 0x00, 0x03, 0x00, 0x00, 0x00, 0x00, 0x00, 0x01, 0x00, 0x00, 0x00, 0x0f, 0x00, 0x0c, 0x00, // ................
	0x00, 0x00, 0x00, 0x00, 0x04, 0x00, 0x00, 0x00, 0x6d, 0x61, 0x69, 0x6e, 0x00, 0x00, 0x00, 0x00, // ........main....
	0x4e, 0x00, 0x00, 0x00, 0x52, 0x00, 0x00, 0x00, 0x56, 0x00, 0x00, 0x00, 0x61, 0x00, 0x00, 0x00, // N...R...V...a...
	0x65, 0x00, 0x00, 0x00, 0x69, 0x00, 0x00, 0x00, 0x6d, 0x00, 0x00, 0x00, 0x03, 0x00, 0x03, 0x00, // e...i...m.......
	0x05, 0x00, 0x00, 0x00, 0xf4, 0x01, 0x00, 0x00, 0x05, 0x00, 0x04, 0x00, 0x04, 0x00, 0x00, 0x00, // ................
	0x6d, 0x61, 0x69, 0x6e, 0x00, 0x00, 0x00, 0x00, 0x05, 0x00, 0x06, 0x00, 0x34, 0x00, 0x00, 0x00, // main........4...
	0x55, 0x6e, 0x69, 0x66, 0x6f, 0x72, 0x6d, 0x42, 0x6c, 0x6f, 0x63, 0x6b, 0x00, 0x00, 0x00, 0x00, // UniformBlock....
	0x06, 0x00, 0x07, 0x00, 0x34, 0x00, 0x00, 0x00, 0x00, 0x00, 0x00, 0x00, 0x6d, 0x61, 0x74, 0x52, // ....4.......matR
	0x6f, 0x74, 0x56, 0x69, 0x65, 0x77, 0x50, 0x72, 0x6f, 0x6a, 0x00, 0x00, 0x06, 0x00, 0x07, 0x00, // otViewProj......
	0x34, 0x00, 0x00, 0x00, 0x01, 0x00, 0x00, 0x00, 0x63, 0x61, 0x6d, 0x65, 0x72, 0x61, 0x50, 0x6f, // 4.......cameraPo
	0x73, 0x57, 0x6f, 0x72, 0x6c, 0x64, 0x00, 0x00, 0x05, 0x00, 0x03, 0x00, 0x36, 0x00, 0x00, 0x00, // sWorld......6...
	0x00, 0x00, 0x00, 0x00, 0x05, 0x00, 0x05, 0x00, 0x4e, 0x00, 0x00, 0x00, 0x61, 0x5f, 0x70, 0x6f, // ........N...a_po
	0x73, 0x69, 0x74, 0x69, 0x6f, 0x6e, 0x00, 0x00, 0x05, 0x00, 0x05, 0x00, 0x52, 0x00, 0x00, 0x00, // sition......R...
	0x61, 0x5f, 0x74, 0x65, 0x78, 0x63, 0x6f, 0x6f, 0x72, 0x64, 0x30, 0x00, 0x05, 0x00, 0x06, 0x00, // a_texcoord0.....
	0x56, 0x00, 0x00, 0x00, 0x67, 0x6c, 0x5f, 0x49, 0x6e, 0x73, 0x74, 0x61, 0x6e, 0x63, 0x65, 0x49, // V...gl_InstanceI
	0x44, 0x00, 0x00, 0x00, 0x05, 0x00, 0x0a, 0x00, 0x61, 0x00, 0x00, 0x00, 0x40, 0x65, 0x6e, 0x74, // D.......a...@ent
	0x72, 0x79, 0x50, 0x6f, 0x69, 0x6e, 0x74, 0x4f, 0x75, 0x74, 0x70, 0x75, 0x74, 0x2e, 0x67, 0x6c, // ryPointOutput.gl
	0x5f, 0x50, 0x6f, 0x73, 0x69, 0x74, 0x69, 0x6f, 0x6e, 0x00, 0x00, 0x00, 0x05, 0x00, 0x0a, 0x00, // _Position.......
	0x65, 0x00, 0x00, 0x00, 0x40, 0x65, 0x6e, 0x74, 0x72, 0x79, 0x50, 0x6f, 0x69, 0x6e, 0x74, 0x4f, // e...@entryPointO
	0x75, 0x74, 0x70, 0x75, 0x74, 0x2e, 0x76, 0x5f, 0x74, 0x61, 0x62, 0x6c, 0x65, 0x50, 0x6f, 0x73, // utput.v_tablePos
	0x00, 0x00, 0x00, 0x00, 0x05, 0x00, 0x0a, 0x00, 0x69, 0x00, 0x00, 0x00, 0x40, 0x65, 0x6e, 0x74, // ........i...@ent
	0x72, 0x79, 0x50, 0x6f, 0x69, 0x6e, 0x74, 0x4f, 0x75, 0x74, 0x70, 0x75, 0x74, 0x2e, 0x76, 0x5f, // ryPointOutput.v_
	0x74, 0x65, 0x78, 0x63, 0x6f, 0x6f, 0x72, 0x64, 0x30, 0x00, 0x00, 0x00, 0x05, 0x00, 0x09, 0x00, // texcoord0.......
	0x6d, 0x00, 0x00, 0x00, 0x40, 0x65, 0x6e, 0x74, 0x72, 0x79, 0x50, 0x6f, 0x69, 0x6e, 0x74, 0x4f, // m...@entryPointO
	0x75, 0x74, 0x70, 0x75, 0x74, 0x2e, 0x67, 0x6c, 0x5f, 0x4c, 0x61, 0x79, 0x65, 0x72, 0x00, 0x00, // utput.gl_Layer..
	0x47, 0x00, 0x04, 0x00, 0x32, 0x00, 0x00, 0x00, 0x06, 0x00, 0x00, 0x00, 0x40, 0x00, 0x00, 0x00, // G...2.......@...
	0x47, 0x00, 0x04, 0x00, 0x33, 0x00, 0x00, 0x00, 0x06, 0x00, 0x00, 0x00, 0x10, 0x00, 0x00, 0x00, // G...3...........
	0x47, 0x00, 0x03, 0x00, 0x34, 0x00, 0x00, 0x00, 0x02, 0x00, 0x00, 0x00, 0x48, 0x00, 0x04, 0x00, // G...4.......H...
	0x34, 0x00, 0x00, 0x00, 0x00, 0x00, 0x00, 0x00, 0x04, 0x00, 0x00, 0x00, 0x48, 0x00, 0x05, 0x00, // 4...........H...
	0x34, 0x00, 0x00, 0x00, 0x00, 0x00, 0x00, 0x00, 0x07, 0x00, 0x00, 0x00, 0x10, 0x00, 0x00, 0x00, // 4...............
	0x48, 0x00, 0x05, 0x00, 0x34, 0x00, 0x00, 0x00, 0x00, 0x00, 0x00, 0x00, 0x23, 0x00, 0x00, 0x00, // H...4.......#...
	0x00, 0x00, 0x00, 0x00, 0x48, 0x00, 0x05, 0x00, 0x34, 0x00, 0x00, 0x00, 0x01, 0x00, 0x00, 0x00, // ....H...4.......
	0x23, 0x00, 0x00, 0x00, 0x80, 0x00, 0x00, 0x00, 0x47, 0x00, 0x04, 0x00, 0x36, 0x00, 0x00, 0x00, // #.......G...6...
	0x21, 0x00, 0x00, 0x00, 0x00, 0x00, 0x00, 0x00, 0x47, 0x00, 0x04, 0x00, 0x36, 0x00, 0x00, 0x00, // !.......G...6...
	0x22, 0x00, 0x00, 0x00, 0x00, 0x00, 0x00, 0x00, 0x47, 0x00, 0x04, 0x00, 0x4e, 0x00, 0x00, 0x00, // ".......G...N...
	0x1e, 0x00, 0x00, 0x00, 0x00, 0x00, 0x00, 0x00, 0x47, 0x00, 0x04, 0x00, 0x52, 0x00, 0x00, 0x00, // ........G...R...
	0x1e, 0x00, 0x00, 0x00, 0x01, 0x00, 0x00, 0x00, 0x47, 0x00, 0x04, 0x00, 0x56, 0x00, 0x00, 0x00, // ........G...V...
	0x0b, 0x00, 0x00, 0x00, 0x2b, 0x00, 0x00, 0x00, 0x47, 0x00, 0x04, 0x00, 0x61, 0x00, 0x00, 0x00, // ....+...G...a...
	0x0b, 0x00, 0x00, 0x00, 0x00, 0x00, 0x00, 0x00, 0x47, 0x00, 0x04, 0x00, 0x65, 0x00, 0x00, 0x00, // ........G...e...
	0x1e, 0x00, 0x00, 0x00, 0x00, 0x00, 0x00, 0x00, 0x47, 0x00, 0x04, 0x00, 0x69, 0x00, 0x00, 0x00, // ........G...i...
	0x1e, 0x00, 0x00, 0x00, 0x01, 0x00, 0x00, 0x00, 0x47, 0x00, 0x04, 0x00, 0x6d, 0x00, 0x00, 0x00, // ........G...m...
	0x0b, 0x00, 0x00, 0x00, 0x09, 0x00, 0x00, 0x00, 0x13, 0x00, 0x02, 0x00, 0x02, 0x00, 0x00, 0x00, // ................
	0x21, 0x00, 0x03, 0x00, 0x03, 0x00, 0x00, 0x00, 0x02, 0x00, 0x00, 0x00, 0x16, 0x00, 0x03, 0x00, // !...............
	0x06, 0x00, 0x00, 0x00, 0x20, 0x00, 0x00, 0x00, 0x17, 0x00, 0x04, 0x00, 0x07, 0x00, 0x00, 0x00, // .... ...........
	0x06, 0x00, 0x00, 0x00, 0x03, 0x00, 0x00, 0x00, 0x17, 0x00, 0x04, 0x00, 0x09, 0x00, 0x00, 0x00, // ................
	0x06, 0x00, 0x00, 0x00, 0x02, 0x00, 0x00, 0x00, 0x15, 0x00, 0x04, 0x00, 0x0b, 0x00, 0x00, 0x00, // ................
	0x20, 0x00, 0x00, 0x00, 0x00, 0x00, 0x00, 0x00, 0x17, 0x00, 0x04, 0x00, 0x0d, 0x00, 0x00, 0x00, //  ...............
	0x06, 0x00, 0x00, 0x00, 0x04, 0x00, 0x00, 0x00, 0x15, 0x00, 0x04, 0x00, 0x17, 0x00, 0x00, 0x00, // ................
	0x20, 0x00, 0x00, 0x00, 0x01, 0x00, 0x00, 0x00, 0x2b, 0x00, 0x04, 0x00, 0x17, 0x00, 0x00, 0x00, //  .......+.......
	0x18, 0x00, 0x00, 0x00, 0x01, 0x00, 0x00, 0x00, 0x2b, 0x00, 0x04, 0x00, 0x06, 0x00, 0x00, 0x00, // ........+.......
	0x22, 0x00, 0x00, 0x00, 0x00, 0x00, 0x80, 0x3f, 0x18, 0x00, 0x04, 0x00, 0x30, 0x00, 0x00, 0x00, // "......?....0...
	0x0d, 0x00, 0x00, 0x00, 0x04, 0x00, 0x00, 0x00, 0x2b, 0x00, 0x04, 0x00, 0x0b, 0x00, 0x00, 0x00, // ........+.......
	0x31, 0x00, 0x00, 0x00, 0x02, 0x00, 0x00, 0x00, 0x1c, 0x00, 0x04, 0x00, 0x32, 0x00, 0x00, 0x00, // 1...........2...
	0x30, 0x00, 0x00, 0x00, 0x31, 0x00, 0x00, 0x00, 0x1c, 0x00, 0x04, 0x00, 0x33, 0x00, 0x00, 0x00, // 0...1.......3...
	0x0d, 0x00, 0x00, 0x00, 0x31, 0x00, 0x00, 0x00, 0x1e, 0x00, 0x04, 0x00, 0x34, 0x00, 0x00, 0x00, // ....1.......4...
	0x32, 0x00, 0x00, 0x00, 0x33, 0x00, 0x00, 0x00, 0x20, 0x00, 0x04, 0x00, 0x35, 0x00, 0x00, 0x00, // 2...3... ...5...
	0x02, 0x00, 0x00, 0x00, 0x34, 0x00, 0x00, 0x00, 0x3b, 0x00, 0x04, 0x00, 0x35, 0x00, 0x00, 0x00, // ....4...;...5...
	0x36, 0x00, 0x00, 0x00, 0x02, 0x00, 0x00, 0x00, 0x20, 0x00, 0x04, 0x00, 0x38, 0x00, 0x00, 0x00, // 6....... ...8...
	0x02, 0x00, 0x00, 0x00, 0x0d, 0x00, 0x00, 0x00, 0x2b, 0x00, 0x04, 0x00, 0x17, 0x00, 0x00, 0x00, // ........+.......
	0x3d, 0x00, 0x00, 0x00, 0x00, 0x00, 0x00, 0x00, 0x20, 0x00, 0x04, 0x00, 0x44, 0x00, 0x00, 0x00, // =....... ...D...
	0x02, 0x00, 0x00, 0x00, 0x30, 0x00, 0x00, 0x00, 0x20, 0x00, 0x04, 0x00, 0x4d, 0x00, 0x00, 0x00, // ....0... ...M...
	0x01, 0x00, 0x00, 0x00, 0x07, 0x00, 0x00, 0x00, 0x3b, 0x00, 0x04, 0x00, 0x4d, 0x00, 0x00, 0x00, // ........;...M...
	0x4e, 0x00, 0x00, 0x00, 0x01, 0x00, 0x00, 0x00, 0x20, 0x00, 0x04, 0x00, 0x51, 0x00, 0x00, 0x00, // N....... ...Q...
	0x01, 0x00, 0x00, 0x00, 0x09, 0x00, 0x00, 0x00, 0x3b, 0x00, 0x04, 0x00, 0x51, 0x00, 0x00, 0x00, // ........;...Q...
	0x52, 0x00, 0x00, 0x00, 0x01, 0x00, 0x00, 0x00, 0x20, 0x00, 0x04, 0x00, 0x55, 0x00, 0x00, 0x00, // R....... ...U...
	0x01, 0x00, 0x00, 0x00, 0x0b, 0x00, 0x00, 0x00, 0x3b, 0x00, 0x04, 0x00, 0x55, 0x00, 0x00, 0x00, // ........;...U...
	0x56, 0x00, 0x00, 0x00, 0x01, 0x00, 0x00, 0x00, 0x20, 0x00, 0x04, 0x00, 0x60, 0x00, 0x00, 0x00, // V....... ...`...
	0x03, 0x00, 0x00, 0x00, 0x0d, 0x00, 0x00, 0x00, 0x3b, 0x00, 0x04, 0x00, 0x60, 0x00, 0x00, 0x00, // ........;...`...
	0x61, 0x00, 0x00, 0x00, 0x03, 0x00, 0x00, 0x00, 0x20, 0x00, 0x04, 0x00, 0x64, 0x00, 0x00, 0x00, // a....... ...d...
	0x03, 0x00, 0x00, 0x00, 0x07, 0x00, 0x00, 0x00, 0x3b, 0x00, 0x04, 0x00, 0x64, 0x00, 0x00, 0x00, // ........;...d...
	0x65, 0x00, 0x00, 0x00, 0x03, 0x00, 0x00, 0x00, 0x20, 0x00, 0x04, 0x00, 0x68, 0x00, 0x00, 0x00, // e....... ...h...
	0x03, 0x00, 0x00, 0x00, 0x09, 0x00, 0x00, 0x00, 0x3b, 0x00, 0x04, 0x00, 0x68, 0x00, 0x00, 0x00, // ........;...h...
	0x69, 0x00, 0x00, 0x00, 0x03, 0x00, 0x00, 0x00, 0x20, 0x00, 0x04, 0x00, 0x6c, 0x00, 0x00, 0x00, // i....... ...l...
	0x03, 0x00, 0x00, 0x00, 0x0b, 0x00, 0x00, 0x00, 0x3b, 0x00, 0x04, 0x00, 0x6c, 0x00, 0x00, 0x00, // ........;...l...
	0x6d, 0x00, 0x00, 0x00, 0x03, 0x00, 0x00, 0x00, 0x36, 0x00, 0x05, 0x00, 0x02, 0x00, 0x00, 0x00, // m.......6.......
	0x04, 0x00, 0x00, 0x00, 0x00, 0x00, 0x00, 0x00, 0x03, 0x00, 0x00, 0x00, 0xf8, 0x00, 0x02, 0x00, // ................
	0x05, 0x00, 0x00, 0x00, 0x3d, 0x00, 0x04, 0x00, 0x07, 0x00, 0x00, 0x00, 0x4f, 0x00, 0x00, 0x00, // ....=.......O...
	0x4e, 0x00, 0x00, 0x00, 0x3d, 0x00, 0x04, 0x00, 0x09, 0x00, 0x00, 0x00, 0x53, 0x00, 0x00, 0x00, // N...=.......S...
	0x52, 0x00, 0x00, 0x00, 0x3d, 0x00, 0x04, 0x00, 0x0b, 0x00, 0x00, 0x00, 0x57, 0x00, 0x00, 0x00, // R...=.......W...
	0x56, 0x00, 0x00, 0x00, 0x41, 0x00, 0x06, 0x00, 0x38, 0x00, 0x00, 0x00, 0x96, 0x00, 0x00, 0x00, // V...A...8.......
	0x36, 0x00, 0x00, 0x00, 0x18, 0x00, 0x00, 0x00, 0x57, 0x00, 0x00, 0x00, 0x3d, 0x00, 0x04, 0x00, // 6.......W...=...
	0x0d, 0x00, 0x00, 0x00, 0x97, 0x00, 0x00, 0x00, 0x96, 0x00, 0x00, 0x00, 0x4f, 0x00, 0x08, 0x00, // ............O...
	0x07, 0x00, 0x00, 0x00, 0x98, 0x00, 0x00, 0x00, 0x97, 0x00, 0x00, 0x00, 0x97, 0x00, 0x00, 0x00, // ................
	0x00, 0x00, 0x00, 0x00, 0x01, 0x00, 0x00, 0x00, 0x02, 0x00, 0x00, 0x00, 0x83, 0x00, 0x05, 0x00, // ................
	0x07, 0x00, 0x00, 0x00, 0x99, 0x00, 0x00, 0x00, 0x4f, 0x00, 0x00, 0x00, 0x98, 0x00, 0x00, 0x00, // ........O.......
	0x51, 0x00, 0x05, 0x00, 0x06, 0x00, 0x00, 0x00, 0x9b, 0x00, 0x00, 0x00, 0x99, 0x00, 0x00, 0x00, // Q...............
	0x00, 0x00, 0x00, 0x00, 0x51, 0x00, 0x05, 0x00, 0x06, 0x00, 0x00, 0x00, 0x9c, 0x00, 0x00, 0x00, // ....Q...........
	0x99, 0x00, 0x00, 0x00, 0x01, 0x00, 0x00, 0x00, 0x51, 0x00, 0x05, 0x00, 0x06, 0x00, 0x00, 0x00, // ........Q.......
	0x9d, 0x00, 0x00, 0x00, 0x99, 0x00, 0x00, 0x00, 0x02, 0x00, 0x00, 0x00, 0x50, 0x00, 0x07, 0x00, // ............P...
	0x0d, 0x00, 0x00, 0x00, 0x9e, 0x00, 0x00, 0x00, 0x9b, 0x00, 0x00, 0x00, 0x9c, 0x00, 0x00, 0x00, // ................
	0x9d, 0x00, 0x00, 0x00, 0x22, 0x00, 0x00, 0x00, 0x41, 0x00, 0x06, 0x00, 0x44, 0x00, 0x00, 0x00, // ...."...A...D...
	0xa0, 0x00, 0x00, 0x00, 0x36, 0x00, 0x00, 0x00, 0x3d, 0x00, 0x00, 0x00, 0x57, 0x00, 0x00, 0x00, // ....6...=...W...
	0x3d, 0x00, 0x04, 0x00, 0x30, 0x00, 0x00, 0x00, 0xa1, 0x00, 0x00, 0x00, 0xa0, 0x00, 0x00, 0x00, // =...0...........
	0x90, 0x00, 0x05, 0x00, 0x0d, 0x00, 0x00, 0x00, 0xa2, 0x00, 0x00, 0x00, 0x9e, 0x00, 0x00, 0x00, // ................
	0xa1, 0x00, 0x00, 0x00, 0x3e, 0x00, 0x03, 0x00, 0x61, 0x00, 0x00, 0x00, 0xa2, 0x00, 0x00, 0x00, // ....>...a.......
	0x3e, 0x00, 0x03, 0x00, 0x65, 0x00, 0x00, 0x00, 0x4f, 0x00, 0x00, 0x00, 0x3e, 0x00, 0x03, 0x00, // >...e...O...>...
	0x69, 0x00, 0x00, 0x00, 0x53, 0x00, 0x00, 0x00, 0x3e, 0x00, 0x03, 0x00, 0x6d, 0x00, 0x00, 0x00, // i...S...>...m...
	0x57, 0x00, 0x00, 0x00, 0xfd, 0x00, 0x01, 0x00, 0x38, 0x00, 0x01, 0x00, 0x00, 0x03, 0x01, 0x00, // W.......8.......
	0x10, 0x00, 0xff, 0xff, 0xa0, 0x00,                                                             // ......
};
static const bgfx::EmbeddedShader vs_flasher_noclip_st = BGFX_EMBEDDED_SHADER(vs_flasher_noclip_st);

//////////////////////////////////////////////////////////////////////////////////////////////////////////////////////
// Build of fragment shader from fs_flasher.sc to fs_flasher_noclip with options: NOCLIP
static const uint8_t fs_flasher_noclip_mtl[7041] =
{
	0x46, 0x53, 0x48, 0x0c, 0xe2, 0xbc, 0x2a, 0x7e, 0x00, 0x00, 0x00, 0x00, 0x00, 0x00, 0x00, 0x00, // FSH...*~........
	0x00, 0x00, 0x00, 0x00, 0x0b, 0x00, 0x05, 0x62, 0x61, 0x6c, 0x6c, 0x73, 0x12, 0x08, 0x00, 0x00, // .......balls....
	0x08, 0x00, 0x00, 0x00, 0x00, 0x00, 0x14, 0x74, 0x65, 0x78, 0x5f, 0x66, 0x6c, 0x61, 0x73, 0x68, // .......tex_flash
	0x65, 0x72, 0x5f, 0x41, 0x53, 0x61, 0x6d, 0x70, 0x6c, 0x65, 0x72, 0x11, 0x01, 0xff, 0xff, 0x01, // er_ASampler.....
	0x00, 0x00, 0x00, 0x00, 0x00, 0x14, 0x74, 0x65, 0x78, 0x5f, 0x66, 0x6c, 0x61, 0x73, 0x68, 0x65, // ......tex_flashe
	0x72, 0x5f, 0x41, 0x54, 0x65, 0x78, 0x74, 0x75, 0x72, 0x65, 0x11, 0x01, 0xff, 0xff, 0x01, 0x00, // r_ATexture......
	0x00, 0x00, 0x00, 0x00, 0x14, 0x74, 0x65, 0x78, 0x5f, 0x66, 0x6c, 0x61, 0x73, 0x68, 0x65, 0x72, // .....tex_flasher
	0x5f, 0x42, 0x53, 0x61, 0x6d, 0x70, 0x6c, 0x65, 0x72, 0x11, 0x01, 0xff, 0xff, 0x01, 0x00, 0x00, // _BSampler.......
	0x00, 0x00, 0x00, 0x14, 0x74, 0x65, 0x78, 0x5f, 0x66, 0x6c, 0x61, 0x73, 0x68, 0x65, 0x72, 0x5f, // ....tex_flasher_
	0x42, 0x54, 0x65, 0x78, 0x74, 0x75, 0x72, 0x65, 0x11, 0x01, 0xff, 0xff, 0x01, 0x00, 0x00, 0x00, // BTexture........
	0x00, 0x00, 0x28, 0x61, 0x6d, 0x6f, 0x75, 0x6e, 0x74, 0x5f, 0x62, 0x6c, 0x65, 0x6e, 0x64, 0x5f, // ..(amount_blend_
	0x6d, 0x6f, 0x64, 0x75, 0x6c, 0x61, 0x74, 0x65, 0x5f, 0x76, 0x73, 0x5f, 0x61, 0x64, 0x64, 0x5f, // modulate_vs_add_
	0x66, 0x6c, 0x61, 0x73, 0x68, 0x65, 0x72, 0x4d, 0x6f, 0x64, 0x65, 0x12, 0x01, 0xa0, 0x00, 0x01, // flasherMode.....
	0x00, 0x00, 0x00, 0x00, 0x00, 0x24, 0x61, 0x6c, 0x70, 0x68, 0x61, 0x54, 0x65, 0x73, 0x74, 0x56, // .....$alphaTestV
	0x61, 0x6c, 0x75, 0x65, 0x41, 0x42, 0x5f, 0x66, 0x69, 0x6c, 0x74, 0x65, 0x72, 0x4d, 0x6f, 0x64, // alueAB_filterMod
	0x65, 0x5f, 0x61, 0x64, 0x64, 0x42, 0x6c, 0x65, 0x6e, 0x64, 0x12, 0x01, 0x90, 0x00, 0x01, 0x00, // e_addBlend......
	0x00, 0x00, 0x00, 0x00, 0x11, 0x73, 0x74, 0x61, 0x74, 0x69, 0x63, 0x43, 0x6f, 0x6c, 0x6f, 0x72, // .....staticColor
	0x5f, 0x41, 0x6c, 0x70, 0x68, 0x61, 0x12, 0x01, 0x80, 0x00, 0x01, 0x00, 0x00, 0x00, 0x00, 0x00, // _Alpha..........
	0x14, 0x6c, 0x69, 0x67, 0x68, 0x74, 0x43, 0x65, 0x6e, 0x74, 0x65, 0x72, 0x5f, 0x64, 0x6f, 0x53, // .lightCenter_doS
	0x68, 0x61, 0x64, 0x6f, 0x77, 0x12, 0x01, 0xb0, 0x00, 0x01, 0x00, 0x00, 0x00, 0x00, 0x00, 0x0d, // hadow...........
	0x74, 0x65, 0x78, 0x5f, 0x66, 0x6c, 0x61, 0x73, 0x68, 0x65, 0x72, 0x5f, 0x41, 0x10, 0x00, 0x00, // tex_flasher_A...
	0x00, 0x00, 0x00, 0x00, 0x02, 0x00, 0x00, 0x0d, 0x74, 0x65, 0x78, 0x5f, 0x66, 0x6c, 0x61, 0x73, // ........tex_flas
	0x68, 0x65, 0x72, 0x5f, 0x42, 0x10, 0x00, 0x00, 0x00, 0x00, 0x00, 0x00, 0x02, 0x00, 0x00, 0x0a, // her_B...........
	0x1a, 0x00, 0x00, 0x23, 0x69, 0x6e, 0x63, 0x6c, 0x75, 0x64, 0x65, 0x20, 0x3c, 0x6d, 0x65, 0x74, // ...#include <met
	0x61, 0x6c, 0x5f, 0x73, 0x74, 0x64, 0x6c, 0x69, 0x62, 0x3e, 0x0a, 0x23, 0x69, 0x6e, 0x63, 0x6c, // al_stdlib>.#incl
	0x75, 0x64, 0x65, 0x20, 0x3c, 0x73, 0x69, 0x6d, 0x64, 0x2f, 0x73, 0x69, 0x6d, 0x64, 0x2e, 0x68, // ude <simd/simd.h
	0x3e, 0x0a, 0x0a, 0x75, 0x73, 0x69, 0x6e, 0x67, 0x20, 0x6e, 0x61, 0x6d, 0x65, 0x73, 0x70, 0x61, // >..using namespa
	0x63, 0x65, 0x20, 0x6d, 0x65, 0x74, 0x61, 0x6c, 0x3b, 0x0a, 0x0a, 0x73, 0x74, 0x72, 0x75, 0x63, // ce metal;..struc
	0x74, 0x20, 0x5f, 0x47, 0x6c, 0x6f, 0x62, 0x61, 0x6c, 0x0a, 0x7b, 0x0a, 0x20, 0x20, 0x20, 0x20, // t _Global.{.    
	0x66, 0x6c, 0x6f, 0x61, 0x74, 0x34, 0x20, 0x62, 0x61, 0x6c, 0x6c, 0x73, 0x5b, 0x38, 0x5d, 0x3b, // float4 balls[8];
	0x0a, 0x20, 0x20, 0x20, 0x20, 0x66, 0x6c, 0x6f, 0x61, 0x74, 0x34, 0x20, 0x73, 0x74, 0x61, 0x74, // .    float4 stat
	0x69, 0x63, 0x43, 0x6f, 0x6c, 0x6f, 0x72, 0x5f, 0x41, 0x6c, 0x70, 0x68, 0x61, 0x3b, 0x0a, 0x20, // icColor_Alpha;. 
	0x20, 0x20, 0x20, 0x66, 0x6c, 0x6f, 0x61, 0x74, 0x34, 0x20, 0x61, 0x6c, 0x70, 0x68, 0x61, 0x54, //    float4 alphaT
	0x65, 0x73, 0x74, 0x56, 0x61, 0x6c, 0x75, 0x65, 0x41, 0x42, 0x5f, 0x66, 0x69, 0x6c, 0x74, 0x65, // estValueAB_filte
	0x72, 0x4d, 0x6f, 0x64, 0x65, 0x5f, 0x61, 0x64, 0x64, 0x42, 0x6c, 0x65, 0x6e, 0x64, 0x3b, 0x0a, // rMode_addBlend;.
	0x20, 0x20, 0x20, 0x20, 0x66, 0x6c, 0x6f, 0x61, 0x74, 0x34, 0x20, 0x61, 0x6d, 0x6f, 0x75, 0x6e, //     float4 amoun
	0x74, 0x5f, 0x62, 0x6c, 0x65, 0x6e, 0x64, 0x5f, 0x6d, 0x6f, 0x64, 0x75, 0x6c, 0x61, 0x74, 0x65, // t_blend_modulate
	0x5f, 0x76, 0x73, 0x5f, 0x61, 0x64, 0x64, 0x5f, 0x66, 0x6c, 0x61, 0x73, 0x68, 0x65, 0x72, 0x4d, // _vs_add_flasherM
	0x6f, 0x64, 0x65, 0x3b, 0x0a, 0x20, 0x20, 0x20, 0x20, 0x66, 0x6c, 0x6f, 0x61, 0x74, 0x34, 0x20, // ode;.    float4 
	0x6c, 0x69, 0x67, 0x68, 0x74, 0x43, 0x65, 0x6e, 0x74, 0x65, 0x72, 0x5f, 0x64, 0x6f, 0x53, 0x68, // lightCenter_doSh
	0x61, 0x64, 0x6f, 0x77, 0x3b, 0x0a, 0x7d, 0x3b, 0x0a, 0x0a, 0x63, 0x6f, 0x6e, 0x73, 0x74, 0x61, // adow;.};..consta
	0x6e, 0x74, 0x20, 0x66, 0x6c, 0x6f, 0x61, 0x74, 0x34, 0x20, 0x5f, 0x38, 0x39, 0x36, 0x20, 0x3d, // nt float4 _896 =
	0x20, 0x7b, 0x7d, 0x3b, 0x0a, 0x63, 0x6f, 0x6e, 0x73, 0x74, 0x61, 0x6e, 0x74, 0x20, 0x66, 0x6c, //  {};.constant fl
	0x6f, 0x61, 0x74, 0x20, 0x5f, 0x39, 0x32, 0x35, 0x20, 0x3d, 0x20, 0x7b, 0x7d, 0x3b, 0x0a, 0x0a, // oat _925 = {};..
	0x73, 0x74, 0x72, 0x75, 0x63, 0x74, 0x20, 0x78, 0x6c, 0x61, 0x74, 0x4d, 0x74, 0x6c, 0x4d, 0x61, // struct xlatMtlMa
	0x69, 0x6e, 0x5f, 0x6f, 0x75, 0x74, 0x0a, 0x7b, 0x0a, 0x20, 0x20, 0x20, 0x20, 0x66, 0x6c, 0x6f, // in_out.{.    flo
	0x61, 0x74, 0x34, 0x20, 0x62, 0x67, 0x66, 0x78, 0x5f, 0x46, 0x72, 0x61, 0x67, 0x44, 0x61, 0x74, // at4 bgfx_FragDat
	0x61, 0x30, 0x20, 0x5b, 0x5b, 0x63, 0x6f, 0x6c, 0x6f, 0x72, 0x28, 0x30, 0x29, 0x5d, 0x5d, 0x3b, // a0 [[color(0)]];
	0x0a, 0x7d, 0x3b, 0x0a, 0x0a, 0x73, 0x74, 0x72, 0x75, 0x63, 0x74, 0x20, 0x78, 0x6c, 0x61, 0x74, // .};..struct xlat
	0x4d, 0x74, 0x6c, 0x4d, 0x61, 0x69, 0x6e, 0x5f, 0x69, 0x6e, 0x0a, 0x7b, 0x0a, 0x20, 0x20, 0x20, // MtlMain_in.{.   
	0x20, 0x66, 0x6c, 0x6f, 0x61, 0x74, 0x33, 0x20, 0x76, 0x5f, 0x74, 0x61, 0x62, 0x6c, 0x65, 0x50, //  float3 v_tableP
	0x6f, 0x73, 0x20, 0x5b, 0x5b, 0x75, 0x73, 0x65, 0x72, 0x28, 0x6c, 0x6f, 0x63, 0x6e, 0x30, 0x29, // os [[user(locn0)
	0x5d, 0x5d, 0x3b, 0x0a, 0x20, 0x20, 0x20, 0x20, 0x66, 0x6c, 0x6f, 0x61, 0x74, 0x32, 0x20, 0x76, // ]];.    float2 v
	0x5f, 0x74, 0x65, 0x78, 0x63, 0x6f, 0x6f, 0x72, 0x64, 0x30, 0x20, 0x5b, 0x5b, 0x75, 0x73, 0x65, // _texcoord0 [[use
	0x72, 0x28, 0x6c, 0x6f, 0x63, 0x6e, 0x31, 0x29, 0x5d, 0x5d, 0x3b, 0x0a, 0x7d, 0x3b, 0x0a, 0x0a, // r(locn1)]];.};..
	0x5b, 0x5b, 0x20, 0x65, 0x61, 0x72, 0x6c, 0x79, 0x5f, 0x66, 0x72, 0x61, 0x67, 0x6d, 0x65, 0x6e, // [[ early_fragmen
	0x74, 0x5f, 0x74, 0x65, 0x73, 0x74, 0x73, 0x20, 0x5d, 0x5d, 0x20, 0x66, 0x72, 0x61, 0x67, 0x6d, // t_tests ]] fragm
	0x65, 0x6e, 0x74, 0x20, 0x78, 0x6c, 0x61, 0x74, 0x4d, 0x74, 0x6c, 0x4d, 0x61, 0x69, 0x6e, 0x5f, // ent xlatMtlMain_
	0x6f, 0x75, 0x74, 0x20, 0x78, 0x6c, 0x61, 0x74, 0x4d, 0x74, 0x6c, 0x4d, 0x61, 0x69, 0x6e, 0x28, // out xlatMtlMain(
	0x78, 0x6c, 0x61, 0x74, 0x4d, 0x74, 0x6c, 0x4d, 0x61, 0x69, 0x6e, 0x5f, 0x69, 0x6e, 0x20, 0x69, // xlatMtlMain_in i
	0x6e, 0x20, 0x5b, 0x5b, 0x73, 0x74, 0x61, 0x67, 0x65, 0x5f, 0x69, 0x6e, 0x5d, 0x5d, 0x2c, 0x20, // n [[stage_in]], 
	0x63, 0x6f, 0x6e, 0x73, 0x74, 0x61, 0x6e, 0x74, 0x20, 0x5f, 0x47, 0x6c, 0x6f, 0x62, 0x61, 0x6c, // constant _Global
	0x26, 0x20, 0x5f, 0x6d, 0x74, 0x6c, 0x5f, 0x75, 0x20, 0x5b, 0x5b, 0x62, 0x75, 0x66, 0x66, 0x65, // & _mtl_u [[buffe
	0x72, 0x28, 0x30, 0x29, 0x5d, 0x5d, 0x2c, 0x20, 0x74, 0x65, 0x78, 0x74, 0x75, 0x72, 0x65, 0x32, // r(0)]], texture2
	0x64, 0x3c, 0x66, 0x6c, 0x6f, 0x61, 0x74, 0x3e, 0x20, 0x74, 0x65, 0x78, 0x5f, 0x66, 0x6c, 0x61, // d<float> tex_fla
	0x73, 0x68, 0x65, 0x72, 0x5f, 0x41, 0x20, 0x5b, 0x5b, 0x74, 0x65, 0x78, 0x74, 0x75, 0x72, 0x65, // sher_A [[texture
	0x28, 0x30, 0x29, 0x5d, 0x5d, 0x2c, 0x20, 0x74, 0x65, 0x78, 0x74, 0x75, 0x72, 0x65, 0x32, 0x64, // (0)]], texture2d
	0x3c, 0x66, 0x6c, 0x6f, 0x61, 0x74, 0x3e, 0x20, 0x74, 0x65, 0x78, 0x5f, 0x66, 0x6c, 0x61, 0x73, // <float> tex_flas
	0x68, 0x65, 0x72, 0x5f, 0x42, 0x20, 0x5b, 0x5b, 0x74, 0x65, 0x78, 0x74, 0x75, 0x72, 0x65, 0x28, // her_B [[texture(
	0x31, 0x29, 0x5d, 0x5d, 0x2c, 0x20, 0x73, 0x61, 0x6d, 0x70, 0x6c, 0x65, 0x72, 0x20, 0x74, 0x65, // 1)]], sampler te
	0x78, 0x5f, 0x66, 0x6c, 0x61, 0x73, 0x68, 0x65, 0x72, 0x5f, 0x41, 0x53, 0x61, 0x6d, 0x70, 0x6c, // x_flasher_ASampl
	0x65, 0x72, 0x20, 0x5b, 0x5b, 0x73, 0x61, 0x6d, 0x70, 0x6c, 0x65, 0x72, 0x28, 0x30, 0x29, 0x5d, // er [[sampler(0)]
	0x5d, 0x2c, 0x20, 0x73, 0x61, 0x6d, 0x70, 0x6c, 0x65, 0x72, 0x20, 0x74, 0x65, 0x78, 0x5f, 0x66, // ], sampler tex_f
	0x6c, 0x61, 0x73, 0x68, 0x65, 0x72, 0x5f, 0x42, 0x53, 0x61, 0x6d, 0x70, 0x6c, 0x65, 0x72, 0x20, // lasher_BSampler 
	0x5b, 0x5b, 0x73, 0x61, 0x6d, 0x70, 0x6c, 0x65, 0x72, 0x28, 0x31, 0x29, 0x5d, 0x5d, 0x29, 0x0a, // [[sampler(1)]]).
	0x7b, 0x0a, 0x20, 0x20, 0x20, 0x20, 0x78, 0x6c, 0x61, 0x74, 0x4d, 0x74, 0x6c, 0x4d, 0x61, 0x69, // {.    xlatMtlMai
	0x6e, 0x5f, 0x6f, 0x75, 0x74, 0x20, 0x6f, 0x75, 0x74, 0x20, 0x3d, 0x20, 0x7b, 0x7d, 0x3b, 0x0a, // n_out out = {};.
	0x20, 0x20, 0x20, 0x20, 0x66, 0x6c, 0x6f, 0x61, 0x74, 0x34, 0x20, 0x5f, 0x39, 0x33, 0x38, 0x3b, //     float4 _938;
	0x0a, 0x20, 0x20, 0x20, 0x20, 0x64, 0x6f, 0x0a, 0x20, 0x20, 0x20, 0x20, 0x7b, 0x0a, 0x20, 0x20, // .    do.    {.  
	0x20, 0x20, 0x20, 0x20, 0x20, 0x20, 0x66, 0x6c, 0x6f, 0x61, 0x74, 0x34, 0x20, 0x5f, 0x38, 0x39, //       float4 _89
	0x35, 0x3b, 0x0a, 0x20, 0x20, 0x20, 0x20, 0x20, 0x20, 0x20, 0x20, 0x69, 0x66, 0x20, 0x28, 0x5f, // 5;.        if (_
	0x6d, 0x74, 0x6c, 0x5f, 0x75, 0x2e, 0x61, 0x6d, 0x6f, 0x75, 0x6e, 0x74, 0x5f, 0x62, 0x6c, 0x65, // mtl_u.amount_ble
	0x6e, 0x64, 0x5f, 0x6d, 0x6f, 0x64, 0x75, 0x6c, 0x61, 0x74, 0x65, 0x5f, 0x76, 0x73, 0x5f, 0x61, // nd_modulate_vs_a
	0x64, 0x64, 0x5f, 0x66, 0x6c, 0x61, 0x73, 0x68, 0x65, 0x72, 0x4d, 0x6f, 0x64, 0x65, 0x2e, 0x7a, // dd_flasherMode.z
	0x20, 0x3c, 0x20, 0x32, 0x2e, 0x30, 0x29, 0x0a, 0x20, 0x20, 0x20, 0x20, 0x20, 0x20, 0x20, 0x20, //  < 2.0).        
	0x7b, 0x0a, 0x20, 0x20, 0x20, 0x20, 0x20, 0x20, 0x20, 0x20, 0x20, 0x20, 0x20, 0x20, 0x66, 0x6c, // {.            fl
	0x6f, 0x61, 0x74, 0x34, 0x20, 0x5f, 0x37, 0x31, 0x32, 0x20, 0x3d, 0x20, 0x74, 0x65, 0x78, 0x5f, // oat4 _712 = tex_
	0x66, 0x6c, 0x61, 0x73, 0x68, 0x65, 0x72, 0x5f, 0x41, 0x2e, 0x73, 0x61, 0x6d, 0x70, 0x6c, 0x65, // flasher_A.sample
	0x28, 0x74, 0x65, 0x78, 0x5f, 0x66, 0x6c, 0x61, 0x73, 0x68, 0x65, 0x72, 0x5f, 0x41, 0x53, 0x61, // (tex_flasher_ASa
	0x6d, 0x70, 0x6c, 0x65, 0x72, 0x2c, 0x20, 0x69, 0x6e, 0x2e, 0x76, 0x5f, 0x74, 0x65, 0x78, 0x63, // mpler, in.v_texc
	0x6f, 0x6f, 0x72, 0x64, 0x30, 0x29, 0x3b, 0x0a, 0x20, 0x20, 0x20, 0x20, 0x20, 0x20, 0x20, 0x20, // oord0);.        
	0x20, 0x20, 0x20, 0x20, 0x69, 0x66, 0x20, 0x28, 0x5f, 0x37, 0x31, 0x32, 0x2e, 0x77, 0x20, 0x3c, //     if (_712.w <
	0x3d, 0x20, 0x5f, 0x6d, 0x74, 0x6c, 0x5f, 0x75, 0x2e, 0x61, 0x6c, 0x70, 0x68, 0x61, 0x54, 0x65, // = _mtl_u.alphaTe
	0x73, 0x74, 0x56, 0x61, 0x6c, 0x75, 0x65, 0x41, 0x42, 0x5f, 0x66, 0x69, 0x6c, 0x74, 0x65, 0x72, // stValueAB_filter
	0x4d, 0x6f, 0x64, 0x65, 0x5f, 0x61, 0x64, 0x64, 0x42, 0x6c, 0x65, 0x6e, 0x64, 0x2e, 0x78, 0x29, // Mode_addBlend.x)
	0x0a, 0x20, 0x20, 0x20, 0x20, 0x20, 0x20, 0x20, 0x20, 0x20, 0x20, 0x20, 0x20, 0x7b, 0x0a, 0x20, // .            {. 
	0x20, 0x20, 0x20, 0x20, 0x20, 0x20, 0x20, 0x20, 0x20, 0x20, 0x20, 0x20, 0x20, 0x20, 0x20, 0x5f, //                _
	0x39, 0x33, 0x38, 0x20, 0x3d, 0x20, 0x66, 0x6c, 0x6f, 0x61, 0x74, 0x34, 0x28, 0x30, 0x2e, 0x30, // 938 = float4(0.0
	0x29, 0x3b, 0x0a, 0x20, 0x20, 0x20, 0x20, 0x20, 0x20, 0x20, 0x20, 0x20, 0x20, 0x20, 0x20, 0x20, // );.             
	0x20, 0x20, 0x20, 0x62, 0x72, 0x65, 0x61, 0x6b, 0x3b, 0x0a, 0x20, 0x20, 0x20, 0x20, 0x20, 0x20, //    break;.      
	0x20, 0x20, 0x20, 0x20, 0x20, 0x20, 0x7d, 0x0a, 0x20, 0x20, 0x20, 0x20, 0x20, 0x20, 0x20, 0x20, //       }.        
	0x20, 0x20, 0x20, 0x20, 0x5f, 0x38, 0x39, 0x35, 0x20, 0x3d, 0x20, 0x5f, 0x37, 0x31, 0x32, 0x3b, //     _895 = _712;
	0x0a, 0x20, 0x20, 0x20, 0x20, 0x20, 0x20, 0x20, 0x20, 0x7d, 0x0a, 0x20, 0x20, 0x20, 0x20, 0x20, // .        }.     
	0x20, 0x20, 0x20, 0x65, 0x6c, 0x73, 0x65, 0x0a, 0x20, 0x20, 0x20, 0x20, 0x20, 0x20, 0x20, 0x20, //    else.        
	0x7b, 0x0a, 0x20, 0x20, 0x20, 0x20, 0x20, 0x20, 0x20, 0x20, 0x20, 0x20, 0x20, 0x20, 0x5f, 0x38, // {.            _8
	0x39, 0x35, 0x20, 0x3d, 0x20, 0x5f, 0x38, 0x39, 0x36, 0x3b, 0x0a, 0x20, 0x20, 0x20, 0x20, 0x20, // 95 = _896;.     
	0x20, 0x20, 0x20, 0x7d, 0x0a, 0x20, 0x20, 0x20, 0x20, 0x20, 0x20, 0x20, 0x20, 0x62, 0x6f, 0x6f, //    }.        boo
	0x6c, 0x20, 0x5f, 0x35, 0x34, 0x34, 0x20, 0x3d, 0x20, 0x5f, 0x6d, 0x74, 0x6c, 0x5f, 0x75, 0x2e, // l _544 = _mtl_u.
	0x61, 0x6d, 0x6f, 0x75, 0x6e, 0x74, 0x5f, 0x62, 0x6c, 0x65, 0x6e, 0x64, 0x5f, 0x6d, 0x6f, 0x64, // amount_blend_mod
	0x75, 0x6c, 0x61, 0x74, 0x65, 0x5f, 0x76, 0x73, 0x5f, 0x61, 0x64, 0x64, 0x5f, 0x66, 0x6c, 0x61, // ulate_vs_add_fla
	0x73, 0x68, 0x65, 0x72, 0x4d, 0x6f, 0x64, 0x65, 0x2e, 0x7a, 0x20, 0x3d, 0x3d, 0x20, 0x31, 0x2e, // sherMode.z == 1.
	0x30, 0x3b, 0x0a, 0x20, 0x20, 0x20, 0x20, 0x20, 0x20, 0x20, 0x20, 0x66, 0x6c, 0x6f, 0x61, 0x74, // 0;.        float
	0x34, 0x20, 0x5f, 0x38, 0x39, 0x39, 0x3b, 0x0a, 0x20, 0x20, 0x20, 0x20, 0x20, 0x20, 0x20, 0x20, // 4 _899;.        
	0x69, 0x66, 0x20, 0x28, 0x5f, 0x35, 0x34, 0x34, 0x29, 0x0a, 0x20, 0x20, 0x20, 0x20, 0x20, 0x20, // if (_544).      
	0x20, 0x20, 0x7b, 0x0a, 0x20, 0x20, 0x20, 0x20, 0x20, 0x20, 0x20, 0x20, 0x20, 0x20, 0x20, 0x20, //   {.            
	0x66, 0x6c, 0x6f, 0x61, 0x74, 0x34, 0x20, 0x5f, 0x37, 0x32, 0x35, 0x20, 0x3d, 0x20, 0x74, 0x65, // float4 _725 = te
	0x78, 0x5f, 0x66, 0x6c, 0x61, 0x73, 0x68, 0x65, 0x72, 0x5f, 0x42, 0x2e, 0x73, 0x61, 0x6d, 0x70, // x_flasher_B.samp
	0x6c, 0x65, 0x28, 0x74, 0x65, 0x78, 0x5f, 0x66, 0x6c, 0x61, 0x73, 0x68, 0x65, 0x72, 0x5f, 0x42, // le(tex_flasher_B
	0x53, 0x61, 0x6d, 0x70, 0x6c, 0x65, 0x72, 0x2c, 0x20, 0x69, 0x6e, 0x2e, 0x76, 0x5f, 0x74, 0x65, // Sampler, in.v_te
	0x78, 0x63, 0x6f, 0x6f, 0x72, 0x64, 0x30, 0x29, 0x3b, 0x0a, 0x20, 0x20, 0x20, 0x20, 0x20, 0x20, // xcoord0);.      
	0x20, 0x20, 0x20, 0x20, 0x20, 0x20, 0x69, 0x66, 0x20, 0x28, 0x5f, 0x37, 0x32, 0x35, 0x2e, 0x77, //       if (_725.w
	0x20, 0x3c, 0x3d, 0x20, 0x5f, 0x6d, 0x74, 0x6c, 0x5f, 0x75, 0x2e, 0x61, 0x6c, 0x70, 0x68, 0x61, //  <= _mtl_u.alpha
	0x54, 0x65, 0x73, 0x74, 0x56, 0x61, 0x6c, 0x75, 0x65, 0x41, 0x42, 0x5f, 0x66, 0x69, 0x6c, 0x74, // TestValueAB_filt
	0x65, 0x72, 0x4d, 0x6f, 0x64, 0x65, 0x5f, 0x61, 0x64, 0x64, 0x42, 0x6c, 0x65, 0x6e, 0x64, 0x2e, // erMode_addBlend.
	0x79, 0x29, 0x0a, 0x20, 0x20, 0x20, 0x20, 0x20, 0x20, 0x20, 0x20, 0x20, 0x20, 0x20, 0x20, 0x7b, // y).            {
	0x0a, 0x20, 0x20, 0x20, 0x20, 0x20, 0x20, 0x20, 0x20, 0x20, 0x20, 0x20, 0x20, 0x20, 0x20, 0x20, // .               
	0x20, 0x5f, 0x39, 0x33, 0x38, 0x20, 0x3d, 0x20, 0x66, 0x6c, 0x6f, 0x61, 0x74, 0x34, 0x28, 0x30, //  _938 = float4(0
	0x2e, 0x30, 0x29, 0x3b, 0x0a, 0x20, 0x20, 0x20, 0x20, 0x20, 0x20, 0x20, 0x20, 0x20, 0x20, 0x20, // .0);.           
	0x20, 0x20, 0x20, 0x20, 0x20, 0x62, 0x72, 0x65, 0x61, 0x6b, 0x3b, 0x0a, 0x20, 0x20, 0x20, 0x20, //      break;.    
	0x20, 0x20, 0x20, 0x20, 0x20, 0x20, 0x20, 0x20, 0x7d, 0x0a, 0x20, 0x20, 0x20, 0x20, 0x20, 0x20, //         }.      
	0x20, 0x20, 0x20, 0x20, 0x20, 0x20, 0x5f, 0x38, 0x39, 0x39, 0x20, 0x3d, 0x20, 0x5f, 0x37, 0x32, //       _899 = _72
	0x35, 0x3b, 0x0a, 0x20, 0x20, 0x20, 0x20, 0x20, 0x20, 0x20, 0x20, 0x7d, 0x0a, 0x20, 0x20, 0x20, // 5;.        }.   
	0x20, 0x20, 0x20, 0x20, 0x20, 0x65, 0x6c, 0x73, 0x65, 0x0a, 0x20, 0x20, 0x20, 0x20, 0x20, 0x20, //      else.      
	0x20, 0x20, 0x7b, 0x0a, 0x20, 0x20, 0x20, 0x20, 0x20, 0x20, 0x20, 0x20, 0x20, 0x20, 0x20, 0x20, //   {.            
	0x5f, 0x38, 0x39, 0x39, 0x20, 0x3d, 0x20, 0x5f, 0x38, 0x39, 0x36, 0x3b, 0x0a, 0x20, 0x20, 0x20, // _899 = _896;.   
	0x20, 0x20, 0x20, 0x20, 0x20, 0x7d, 0x0a, 0x20, 0x20, 0x20, 0x20, 0x20, 0x20, 0x20, 0x20, 0x66, //      }.        f
	0x6c, 0x6f, 0x61, 0x74, 0x34, 0x20, 0x5f, 0x39, 0x30, 0x31, 0x3b, 0x0a, 0x20, 0x20, 0x20, 0x20, // loat4 _901;.    
	0x20, 0x20, 0x20, 0x20, 0x69, 0x66, 0x20, 0x28, 0x5f, 0x6d, 0x74, 0x6c, 0x5f, 0x75, 0x2e, 0x61, //     if (_mtl_u.a
	0x6d, 0x6f, 0x75, 0x6e, 0x74, 0x5f, 0x62, 0x6c, 0x65, 0x6e, 0x64, 0x5f, 0x6d, 0x6f, 0x64, 0x75, // mount_blend_modu
	0x6c, 0x61, 0x74, 0x65, 0x5f, 0x76, 0x73, 0x5f, 0x61, 0x64, 0x64, 0x5f, 0x66, 0x6c, 0x61, 0x73, // late_vs_add_flas
	0x68, 0x65, 0x72, 0x4d, 0x6f, 0x64, 0x65, 0x2e, 0x7a, 0x20, 0x3d, 0x3d, 0x20, 0x30, 0x2e, 0x30, // herMode.z == 0.0
	0x29, 0x0a, 0x20, 0x20, 0x20, 0x20, 0x20, 0x20, 0x20, 0x20, 0x7b, 0x0a, 0x20, 0x20, 0x20, 0x20, // ).        {.    
	0x20, 0x20, 0x20, 0x20, 0x20, 0x20, 0x20, 0x20, 0x5f, 0x39, 0x30, 0x31, 0x20, 0x3d, 0x20, 0x5f, //         _901 = _
	0x6d, 0x74, 0x6c, 0x5f, 0x75, 0x2e, 0x73, 0x74, 0x61, 0x74, 0x69, 0x63, 0x43, 0x6f, 0x6c, 0x6f, // mtl_u.staticColo
	0x72, 0x5f, 0x41, 0x6c, 0x70, 0x68, 0x61, 0x20, 0x2a, 0x20, 0x5f, 0x38, 0x39, 0x35, 0x3b, 0x0a, // r_Alpha * _895;.
	0x20, 0x20, 0x20, 0x20, 0x20, 0x20, 0x20, 0x20, 0x7d, 0x0a, 0x20, 0x20, 0x20, 0x20, 0x20, 0x20, //         }.      
	0x20, 0x20, 0x65, 0x6c, 0x73, 0x65, 0x0a, 0x20, 0x20, 0x20, 0x20, 0x20, 0x20, 0x20, 0x20, 0x7b, //   else.        {
	0x0a, 0x20, 0x20, 0x20, 0x20, 0x20, 0x20, 0x20, 0x20, 0x20, 0x20, 0x20, 0x20, 0x5f, 0x39, 0x30, // .            _90
	0x31, 0x20, 0x3d, 0x20, 0x5f, 0x6d, 0x74, 0x6c, 0x5f, 0x75, 0x2e, 0x73, 0x74, 0x61, 0x74, 0x69, // 1 = _mtl_u.stati
	0x63, 0x43, 0x6f, 0x6c, 0x6f, 0x72, 0x5f, 0x41, 0x6c, 0x70, 0x68, 0x61, 0x3b, 0x0a, 0x20, 0x20, // cColor_Alpha;.  
	0x20, 0x20, 0x20, 0x20, 0x20, 0x20, 0x7d, 0x0a, 0x20, 0x20, 0x20, 0x20, 0x20, 0x20, 0x20, 0x20, //       }.        
	0x66, 0x6c, 0x6f, 0x61, 0x74, 0x34, 0x20, 0x5f, 0x39, 0x33, 0x34, 0x3b, 0x0a, 0x20, 0x20, 0x20, // float4 _934;.   
	0x20, 0x20, 0x20, 0x20, 0x20, 0x69, 0x66, 0x20, 0x28, 0x5f, 0x35, 0x34, 0x34, 0x29, 0x0a, 0x20, //      if (_544). 
	0x20, 0x20, 0x20, 0x20, 0x20, 0x20, 0x20, 0x7b, 0x0a, 0x20, 0x20, 0x20, 0x20, 0x20, 0x20, 0x20, //        {.       
	0x20, 0x20, 0x20, 0x20, 0x20, 0x66, 0x6c, 0x6f, 0x61, 0x74, 0x34, 0x20, 0x5f, 0x39, 0x30, 0x34, //      float4 _904
	0x3b, 0x0a, 0x20, 0x20, 0x20, 0x20, 0x20, 0x20, 0x20, 0x20, 0x20, 0x20, 0x20, 0x20, 0x69, 0x66, // ;.            if
	0x20, 0x28, 0x5f, 0x6d, 0x74, 0x6c, 0x5f, 0x75, 0x2e, 0x61, 0x6c, 0x70, 0x68, 0x61, 0x54, 0x65, //  (_mtl_u.alphaTe
	0x73, 0x74, 0x56, 0x61, 0x6c, 0x75, 0x65, 0x41, 0x42, 0x5f, 0x66, 0x69, 0x6c, 0x74, 0x65, 0x72, // stValueAB_filter
	0x4d, 0x6f, 0x64, 0x65, 0x5f, 0x61, 0x64, 0x64, 0x42, 0x6c, 0x65, 0x6e, 0x64, 0x2e, 0x7a, 0x20, // Mode_addBlend.z 
	0x3d, 0x3d, 0x20, 0x32, 0x2e, 0x30, 0x29, 0x0a, 0x20, 0x20, 0x20, 0x20, 0x20, 0x20, 0x20, 0x20, // == 2.0).        
	0x20, 0x20, 0x20, 0x20, 0x7b, 0x0a, 0x20, 0x20, 0x20, 0x20, 0x20, 0x20, 0x20, 0x20, 0x20, 0x20, //     {.          
	0x20, 0x20, 0x20, 0x20, 0x20, 0x20, 0x5f, 0x39, 0x30, 0x34, 0x20, 0x3d, 0x20, 0x5f, 0x39, 0x30, //       _904 = _90
	0x31, 0x20, 0x2a, 0x20, 0x66, 0x61, 0x73, 0x74, 0x3a, 0x3a, 0x6d, 0x61, 0x78, 0x28, 0x6d, 0x69, // 1 * fast::max(mi
	0x78, 0x28, 0x28, 0x5f, 0x38, 0x39, 0x35, 0x20, 0x2a, 0x20, 0x5f, 0x38, 0x39, 0x39, 0x29, 0x20, // x((_895 * _899) 
	0x2a, 0x20, 0x32, 0x2e, 0x30, 0x2c, 0x20, 0x66, 0x6c, 0x6f, 0x61, 0x74, 0x34, 0x28, 0x31, 0x2e, // * 2.0, float4(1.
	0x30, 0x29, 0x20, 0x2d, 0x20, 0x28, 0x28, 0x28, 0x66, 0x6c, 0x6f, 0x61, 0x74, 0x34, 0x28, 0x31, // 0) - (((float4(1
	0x2e, 0x30, 0x29, 0x20, 0x2d, 0x20, 0x5f, 0x38, 0x39, 0x35, 0x29, 0x20, 0x2a, 0x20, 0x32, 0x2e, // .0) - _895) * 2.
	0x30, 0x29, 0x20, 0x2a, 0x20, 0x28, 0x66, 0x6c, 0x6f, 0x61, 0x74, 0x34, 0x28, 0x31, 0x2e, 0x30, // 0) * (float4(1.0
	0x29, 0x20, 0x2d, 0x20, 0x5f, 0x38, 0x39, 0x39, 0x29, 0x29, 0x2c, 0x20, 0x73, 0x74, 0x65, 0x70, // ) - _899)), step
	0x28, 0x66, 0x6c, 0x6f, 0x61, 0x74, 0x34, 0x28, 0x30, 0x2e, 0x35, 0x29, 0x2c, 0x20, 0x5f, 0x38, // (float4(0.5), _8
	0x39, 0x35, 0x29, 0x29, 0x2c, 0x20, 0x66, 0x6c, 0x6f, 0x61, 0x74, 0x34, 0x28, 0x30, 0x2e, 0x30, // 95)), float4(0.0
	0x29, 0x29, 0x3b, 0x0a, 0x20, 0x20, 0x20, 0x20, 0x20, 0x20, 0x20, 0x20, 0x20, 0x20, 0x20, 0x20, // ));.            
	0x7d, 0x0a, 0x20, 0x20, 0x20, 0x20, 0x20, 0x20, 0x20, 0x20, 0x20, 0x20, 0x20, 0x20, 0x65, 0x6c, // }.            el
	0x73, 0x65, 0x0a, 0x20, 0x20, 0x20, 0x20, 0x20, 0x20, 0x20, 0x20, 0x20, 0x20, 0x20, 0x20, 0x7b, // se.            {
	0x0a, 0x20, 0x20, 0x20, 0x20, 0x20, 0x20, 0x20, 0x20, 0x20, 0x20, 0x20, 0x20, 0x20, 0x20, 0x20, // .               
	0x20, 0x5f, 0x39, 0x30, 0x34, 0x20, 0x3d, 0x20, 0x5f, 0x39, 0x30, 0x31, 0x3b, 0x0a, 0x20, 0x20, //  _904 = _901;.  
	0x20, 0x20, 0x20, 0x20, 0x20, 0x20, 0x20, 0x20, 0x20, 0x20, 0x7d, 0x0a, 0x20, 0x20, 0x20, 0x20, //           }.    
	0x20, 0x20, 0x20, 0x20, 0x20, 0x20, 0x20, 0x20, 0x66, 0x6c, 0x6f, 0x61, 0x74, 0x34, 0x20, 0x5f, //         float4 _
	0x39, 0x30, 0x37, 0x3b, 0x0a, 0x20, 0x20, 0x20, 0x20, 0x20, 0x20, 0x20, 0x20, 0x20, 0x20, 0x20, // 907;.           
	0x20, 0x69, 0x66, 0x20, 0x28, 0x5f, 0x6d, 0x74, 0x6c, 0x5f, 0x75, 0x2e, 0x61, 0x6c, 0x70, 0x68, //  if (_mtl_u.alph
	0x61, 0x54, 0x65, 0x73, 0x74, 0x56, 0x61, 0x6c, 0x75, 0x65, 0x41, 0x42, 0x5f, 0x66, 0x69, 0x6c, // aTestValueAB_fil
	0x74, 0x65, 0x72, 0x4d, 0x6f, 0x64, 0x65, 0x5f, 0x61, 0x64, 0x64, 0x42, 0x6c, 0x65, 0x6e, 0x64, // terMode_addBlend
	0x2e, 0x7a, 0x20, 0x3d, 0x3d, 0x20, 0x33, 0x2e, 0x30, 0x29, 0x0a, 0x20, 0x20, 0x20, 0x20, 0x20, // .z == 3.0).     
	0x20, 0x20, 0x20, 0x20, 0x20, 0x20, 0x20, 0x7b, 0x0a, 0x20, 0x20, 0x20, 0x20, 0x20, 0x20, 0x20, //        {.       
	0x20, 0x20, 0x20, 0x20, 0x20, 0x20, 0x20, 0x20, 0x20, 0x5f, 0x39, 0x30, 0x37, 0x20, 0x3d, 0x20, //          _907 = 
	0x5f, 0x39, 0x30, 0x34, 0x20, 0x2a, 0x20, 0x28, 0x28, 0x5f, 0x38, 0x39, 0x35, 0x20, 0x2a, 0x20, // _904 * ((_895 * 
	0x5f, 0x38, 0x39, 0x39, 0x29, 0x20, 0x2a, 0x20, 0x5f, 0x6d, 0x74, 0x6c, 0x5f, 0x75, 0x2e, 0x61, // _899) * _mtl_u.a
	0x6d, 0x6f, 0x75, 0x6e, 0x74, 0x5f, 0x62, 0x6c, 0x65, 0x6e, 0x64, 0x5f, 0x6d, 0x6f, 0x64, 0x75, // mount_blend_modu
	0x6c, 0x61, 0x74, 0x65, 0x5f, 0x76, 0x73, 0x5f, 0x61, 0x64, 0x64, 0x5f, 0x66, 0x6c, 0x61, 0x73, // late_vs_add_flas
	0x68, 0x65, 0x72, 0x4d, 0x6f, 0x64, 0x65, 0x2e, 0x78, 0x29, 0x3b, 0x0a, 0x20, 0x20, 0x20, 0x20, // herMode.x);.    
	0x20, 0x20, 0x20, 0x20, 0x20, 0x20, 0x20, 0x20, 0x7d, 0x0a, 0x20, 0x20, 0x20, 0x20, 0x20, 0x20, //         }.      
	0x20, 0x20, 0x20, 0x20, 0x20, 0x20, 0x65, 0x6c, 0x73, 0x65, 0x0a, 0x20, 0x20, 0x20, 0x20, 0x20, //       else.     
	0x20, 0x20, 0x20, 0x20, 0x20, 0x20, 0x20, 0x7b, 0x0a, 0x20, 0x20, 0x20, 0x20, 0x20, 0x20, 0x20, //        {.       
	0x20, 0x20, 0x20, 0x20, 0x20, 0x20, 0x20, 0x20, 0x20, 0x5f, 0x39, 0x30, 0x37, 0x20, 0x3d, 0x20, //          _907 = 
	0x5f, 0x39, 0x30, 0x34, 0x3b, 0x0a, 0x20, 0x20, 0x20, 0x20, 0x20, 0x20, 0x20, 0x20, 0x20, 0x20, // _904;.          
	0x20, 0x20, 0x7d, 0x0a, 0x20, 0x20, 0x20, 0x20, 0x20, 0x20, 0x20, 0x20, 0x20, 0x20, 0x20, 0x20, //   }.            
	0x66, 0x6c, 0x6f, 0x61, 0x74, 0x34, 0x20, 0x5f, 0x39, 0x31, 0x30, 0x3b, 0x0a, 0x20, 0x20, 0x20, // float4 _910;.   
	0x20, 0x20, 0x20, 0x20, 0x20, 0x20, 0x20, 0x20, 0x20, 0x69, 0x66, 0x20, 0x28, 0x5f, 0x6d, 0x74, //          if (_mt
	0x6c, 0x5f, 0x75, 0x2e, 0x61, 0x6c, 0x70, 0x68, 0x61, 0x54, 0x65, 0x73, 0x74, 0x56, 0x61, 0x6c, // l_u.alphaTestVal
	0x75, 0x65, 0x41, 0x42, 0x5f, 0x66, 0x69, 0x6c, 0x74, 0x65, 0x72, 0x4d, 0x6f, 0x64, 0x65, 0x5f, // ueAB_filterMode_
	0x61, 0x64, 0x64, 0x42, 0x6c, 0x65, 0x6e, 0x64, 0x2e, 0x7a, 0x20, 0x3d, 0x3d, 0x20, 0x31, 0x2e, // addBlend.z == 1.
	0x30, 0x29, 0x0a, 0x20, 0x20, 0x20, 0x20, 0x20, 0x20, 0x20, 0x20, 0x20, 0x20, 0x20, 0x20, 0x7b, // 0).            {
	0x0a, 0x20, 0x20, 0x20, 0x20, 0x20, 0x20, 0x20, 0x20, 0x20, 0x20, 0x20, 0x20, 0x20, 0x20, 0x20, // .               
	0x20, 0x5f, 0x39, 0x31, 0x30, 0x20, 0x3d, 0x20, 0x5f, 0x39, 0x30, 0x37, 0x20, 0x2a, 0x20, 0x28, //  _910 = _907 * (
	0x5f, 0x38, 0x39, 0x35, 0x20, 0x2b, 0x20, 0x28, 0x5f, 0x38, 0x39, 0x39, 0x20, 0x2a, 0x20, 0x5f, // _895 + (_899 * _
	0x6d, 0x74, 0x6c, 0x5f, 0x75, 0x2e, 0x61, 0x6d, 0x6f, 0x75, 0x6e, 0x74, 0x5f, 0x62, 0x6c, 0x65, // mtl_u.amount_ble
	0x6e, 0x64, 0x5f, 0x6d, 0x6f, 0x64, 0x75, 0x6c, 0x61, 0x74, 0x65, 0x5f, 0x76, 0x73, 0x5f, 0x61, // nd_modulate_vs_a
	0x64, 0x64, 0x5f, 0x66, 0x6c, 0x61, 0x73, 0x68, 0x65, 0x72, 0x4d, 0x6f, 0x64, 0x65, 0x2e, 0x78, // dd_flasherMode.x
	0x29, 0x29, 0x3b, 0x0a, 0x20, 0x20, 0x20, 0x20, 0x20, 0x20, 0x20, 0x20, 0x20, 0x20, 0x20, 0x20, // ));.            
	0x7d, 0x0a, 0x20, 0x20, 0x20, 0x20, 0x20, 0x20, 0x20, 0x20, 0x20, 0x20, 0x20, 0x20, 0x65, 0x6c, // }.            el
	0x73, 0x65, 0x0a, 0x20, 0x20, 0x20, 0x20, 0x20, 0x20, 0x20, 0x20, 0x20, 0x20, 0x20, 0x20, 0x7b, // se.            {
	0x0a, 0x20, 0x20, 0x20, 0x20, 0x20, 0x20, 0x20, 0x20, 0x20, 0x20, 0x20, 0x20, 0x20, 0x20, 0x20, // .               
	0x20, 0x5f, 0x39, 0x31, 0x30, 0x20, 0x3d, 0x20, 0x5f, 0x39, 0x30, 0x37, 0x3b, 0x0a, 0x20, 0x20, //  _910 = _907;.  
	0x20, 0x20, 0x20, 0x20, 0x20, 0x20, 0x20, 0x20, 0x20, 0x20, 0x7d, 0x0a, 0x20, 0x20, 0x20, 0x20, //           }.    
	0x20, 0x20, 0x20, 0x20, 0x20, 0x20, 0x20, 0x20, 0x66, 0x6c, 0x6f, 0x61, 0x74, 0x34, 0x20, 0x5f, //         float4 _
	0x39, 0x33, 0x35, 0x3b, 0x0a, 0x20, 0x20, 0x20, 0x20, 0x20, 0x20, 0x20, 0x20, 0x20, 0x20, 0x20, // 935;.           
	0x20, 0x69, 0x66, 0x20, 0x28, 0x5f, 0x6d, 0x74, 0x6c, 0x5f, 0x75, 0x2e, 0x61, 0x6c, 0x70, 0x68, //  if (_mtl_u.alph
	0x61, 0x54, 0x65, 0x73, 0x74, 0x56, 0x61, 0x6c, 0x75, 0x65, 0x41, 0x42, 0x5f, 0x66, 0x69, 0x6c, // aTestValueAB_fil
	0x74, 0x65, 0x72, 0x4d, 0x6f, 0x64, 0x65, 0x5f, 0x61, 0x64, 0x64, 0x42, 0x6c, 0x65, 0x6e, 0x64, // terMode_addBlend
	0x2e, 0x7a, 0x20, 0x3d, 0x3d, 0x20, 0x34, 0x2e, 0x30, 0x29, 0x0a, 0x20, 0x20, 0x20, 0x20, 0x20, // .z == 4.0).     
	0x20, 0x20, 0x20, 0x20, 0x20, 0x20, 0x20, 0x7b, 0x0a, 0x20, 0x20, 0x20, 0x20, 0x20, 0x20, 0x20, //        {.       
	0x20, 0x20, 0x20, 0x20, 0x20, 0x20, 0x20, 0x20, 0x20, 0x5f, 0x39, 0x33, 0x35, 0x20, 0x3d, 0x20, //          _935 = 
	0x5f, 0x39, 0x31, 0x30, 0x20, 0x2a, 0x20, 0x66, 0x61, 0x73, 0x74, 0x3a, 0x3a, 0x6d, 0x61, 0x78, // _910 * fast::max
	0x28, 0x66, 0x6c, 0x6f, 0x61, 0x74, 0x34, 0x28, 0x31, 0x2e, 0x30, 0x29, 0x20, 0x2d, 0x20, 0x28, // (float4(1.0) - (
	0x28, 0x66, 0x6c, 0x6f, 0x61, 0x74, 0x34, 0x28, 0x31, 0x2e, 0x30, 0x29, 0x20, 0x2d, 0x20, 0x5f, // (float4(1.0) - _
	0x38, 0x39, 0x35, 0x29, 0x20, 0x2a, 0x20, 0x28, 0x66, 0x6c, 0x6f, 0x61, 0x74, 0x34, 0x28, 0x31, // 895) * (float4(1
	0x2e, 0x30, 0x29, 0x20, 0x2d, 0x20, 0x5f, 0x38, 0x39, 0x39, 0x29, 0x29, 0x2c, 0x20, 0x66, 0x6c, // .0) - _899)), fl
	0x6f, 0x61, 0x74, 0x34, 0x28, 0x30, 0x2e, 0x30, 0x29, 0x29, 0x3b, 0x0a, 0x20, 0x20, 0x20, 0x20, // oat4(0.0));.    
	0x20, 0x20, 0x20, 0x20, 0x20, 0x20, 0x20, 0x20, 0x7d, 0x0a, 0x20, 0x20, 0x20, 0x20, 0x20, 0x20, //         }.      
	0x20, 0x20, 0x20, 0x20, 0x20, 0x20, 0x65, 0x6c, 0x73, 0x65, 0x0a, 0x20, 0x20, 0x20, 0x20, 0x20, //       else.     
	0x20, 0x20, 0x20, 0x20, 0x20, 0x20, 0x20, 0x7b, 0x0a, 0x20, 0x20, 0x20, 0x20, 0x20, 0x20, 0x20, //        {.       
	0x20, 0x20, 0x20, 0x20, 0x20, 0x20, 0x20, 0x20, 0x20, 0x5f, 0x39, 0x33, 0x35, 0x20, 0x3d, 0x20, //          _935 = 
	0x5f, 0x39, 0x31, 0x30, 0x3b, 0x0a, 0x20, 0x20, 0x20, 0x20, 0x20, 0x20, 0x20, 0x20, 0x20, 0x20, // _910;.          
	0x20, 0x20, 0x7d, 0x0a, 0x20, 0x20, 0x20, 0x20, 0x20, 0x20, 0x20, 0x20, 0x20, 0x20, 0x20, 0x20, //   }.            
	0x5f, 0x39, 0x33, 0x34, 0x20, 0x3d, 0x20, 0x5f, 0x39, 0x33, 0x35, 0x3b, 0x0a, 0x20, 0x20, 0x20, // _934 = _935;.   
	0x20, 0x20, 0x20, 0x20, 0x20, 0x7d, 0x0a, 0x20, 0x20, 0x20, 0x20, 0x20, 0x20, 0x20, 0x20, 0x65, //      }.        e
	0x6c, 0x73, 0x65, 0x0a, 0x20, 0x20, 0x20, 0x20, 0x20, 0x20, 0x20, 0x20, 0x7b, 0x0a, 0x20, 0x20, // lse.        {.  
	0x20, 0x20, 0x20, 0x20, 0x20, 0x20, 0x20, 0x20, 0x20, 0x20, 0x5f, 0x39, 0x33, 0x34, 0x20, 0x3d, //           _934 =
	0x20, 0x5f, 0x39, 0x30, 0x31, 0x3b, 0x0a, 0x20, 0x20, 0x20, 0x20, 0x20, 0x20, 0x20, 0x20, 0x7d, //  _901;.        }
	0x0a, 0x20, 0x20, 0x20, 0x20, 0x20, 0x20, 0x20, 0x20, 0x66, 0x6c, 0x6f, 0x61, 0x74, 0x34, 0x20, // .        float4 
	0x5f, 0x39, 0x33, 0x37, 0x3b, 0x0a, 0x20, 0x20, 0x20, 0x20, 0x20, 0x20, 0x20, 0x20, 0x69, 0x66, // _937;.        if
	0x20, 0x28, 0x5f, 0x6d, 0x74, 0x6c, 0x5f, 0x75, 0x2e, 0x6c, 0x69, 0x67, 0x68, 0x74, 0x43, 0x65, //  (_mtl_u.lightCe
	0x6e, 0x74, 0x65, 0x72, 0x5f, 0x64, 0x6f, 0x53, 0x68, 0x61, 0x64, 0x6f, 0x77, 0x2e, 0x77, 0x20, // nter_doShadow.w 
	0x21, 0x3d, 0x20, 0x30, 0x2e, 0x30, 0x29, 0x0a, 0x20, 0x20, 0x20, 0x20, 0x20, 0x20, 0x20, 0x20, // != 0.0).        
	0x7b, 0x0a, 0x20, 0x20, 0x20, 0x20, 0x20, 0x20, 0x20, 0x20, 0x20, 0x20, 0x20, 0x20, 0x66, 0x6c, // {.            fl
	0x6f, 0x61, 0x74, 0x33, 0x20, 0x5f, 0x36, 0x32, 0x35, 0x20, 0x3d, 0x20, 0x69, 0x6e, 0x2e, 0x76, // oat3 _625 = in.v
	0x5f, 0x74, 0x61, 0x62, 0x6c, 0x65, 0x50, 0x6f, 0x73, 0x20, 0x2d, 0x20, 0x5f, 0x6d, 0x74, 0x6c, // _tablePos - _mtl
	0x5f, 0x75, 0x2e, 0x6c, 0x69, 0x67, 0x68, 0x74, 0x43, 0x65, 0x6e, 0x74, 0x65, 0x72, 0x5f, 0x64, // _u.lightCenter_d
	0x6f, 0x53, 0x68, 0x61, 0x64, 0x6f, 0x77, 0x2e, 0x78, 0x79, 0x7a, 0x3b, 0x0a, 0x20, 0x20, 0x20, // oShadow.xyz;.   
	0x20, 0x20, 0x20, 0x20, 0x20, 0x20, 0x20, 0x20, 0x20, 0x66, 0x6c, 0x6f, 0x61, 0x74, 0x20, 0x5f, //          float _
	0x36, 0x32, 0x37, 0x20, 0x3d, 0x20, 0x6c, 0x65, 0x6e, 0x67, 0x74, 0x68, 0x28, 0x5f, 0x36, 0x32, // 627 = length(_62
	0x35, 0x29, 0x3b, 0x0a, 0x20, 0x20, 0x20, 0x20, 0x20, 0x20, 0x20, 0x20, 0x20, 0x20, 0x20, 0x20, // 5);.            
	0x66, 0x6c, 0x6f, 0x61, 0x74, 0x20, 0x5f, 0x39, 0x31, 0x38, 0x3b, 0x0a, 0x20, 0x20, 0x20, 0x20, // float _918;.    
	0x20, 0x20, 0x20, 0x20, 0x20, 0x20, 0x20, 0x20, 0x64, 0x6f, 0x0a, 0x20, 0x20, 0x20, 0x20, 0x20, //         do.     
	0x20, 0x20, 0x20, 0x20, 0x20, 0x20, 0x20, 0x7b, 0x0a, 0x20, 0x20, 0x20, 0x20, 0x20, 0x20, 0x20, //        {.       
	0x20, 0x20, 0x20, 0x20, 0x20, 0x20, 0x20, 0x20, 0x20, 0x66, 0x6c, 0x6f, 0x61, 0x74, 0x20, 0x5f, //          float _
	0x39, 0x31, 0x32, 0x3b, 0x0a, 0x20, 0x20, 0x20, 0x20, 0x20, 0x20, 0x20, 0x20, 0x20, 0x20, 0x20, // 912;.           
	0x20, 0x20, 0x20, 0x20, 0x20, 0x5f, 0x39, 0x31, 0x32, 0x20, 0x3d, 0x20, 0x31, 0x2e, 0x30, 0x3b, //      _912 = 1.0;
	0x0a, 0x20, 0x20, 0x20, 0x20, 0x20, 0x20, 0x20, 0x20, 0x20, 0x20, 0x20, 0x20, 0x20, 0x20, 0x20, // .               
	0x20, 0x62, 0x6f, 0x6f, 0x6c, 0x20, 0x5f, 0x39, 0x31, 0x34, 0x3b, 0x0a, 0x20, 0x20, 0x20, 0x20, //  bool _914;.    
	0x20, 0x20, 0x20, 0x20, 0x20, 0x20, 0x20, 0x20, 0x20, 0x20, 0x20, 0x20, 0x66, 0x6c, 0x6f, 0x61, //             floa
	0x74, 0x20, 0x5f, 0x39, 0x31, 0x39, 0x3b, 0x0a, 0x20, 0x20, 0x20, 0x20, 0x20, 0x20, 0x20, 0x20, // t _919;.        
	0x20, 0x20, 0x20, 0x20, 0x20, 0x20, 0x20, 0x20, 0x66, 0x6c, 0x6f, 0x61, 0x74, 0x20, 0x5f, 0x39, //         float _9
	0x34, 0x31, 0x3b, 0x0a, 0x20, 0x20, 0x20, 0x20, 0x20, 0x20, 0x20, 0x20, 0x20, 0x20, 0x20, 0x20, // 41;.            
	0x20, 0x20, 0x20, 0x20, 0x69, 0x6e, 0x74, 0x20, 0x5f, 0x39, 0x31, 0x31, 0x20, 0x3d, 0x20, 0x30, //     int _911 = 0
	0x3b, 0x0a, 0x20, 0x20, 0x20, 0x20, 0x20, 0x20, 0x20, 0x20, 0x20, 0x20, 0x20, 0x20, 0x20, 0x20, // ;.              
	0x20, 0x20, 0x66, 0x6f, 0x72, 0x20, 0x28, 0x3b, 0x3b, 0x29, 0x0a, 0x20, 0x20, 0x20, 0x20, 0x20, //   for (;;).     
	0x20, 0x20, 0x20, 0x20, 0x20, 0x20, 0x20, 0x20, 0x20, 0x20, 0x20, 0x7b, 0x0a, 0x20, 0x20, 0x20, //            {.   
	0x20, 0x20, 0x20, 0x20, 0x20, 0x20, 0x20, 0x20, 0x20, 0x20, 0x20, 0x20, 0x20, 0x20, 0x20, 0x20, //                 
	0x20, 0x69, 0x66, 0x20, 0x28, 0x5f, 0x39, 0x31, 0x31, 0x20, 0x3c, 0x20, 0x38, 0x29, 0x0a, 0x20, //  if (_911 < 8). 
	0x20, 0x20, 0x20, 0x20, 0x20, 0x20, 0x20, 0x20, 0x20, 0x20, 0x20, 0x20, 0x20, 0x20, 0x20, 0x20, //                 
	0x20, 0x20, 0x20, 0x7b, 0x0a, 0x20, 0x20, 0x20, 0x20, 0x20, 0x20, 0x20, 0x20, 0x20, 0x20, 0x20, //    {.           
	0x20, 0x20, 0x20, 0x20, 0x20, 0x20, 0x20, 0x20, 0x20, 0x20, 0x20, 0x20, 0x20, 0x69, 0x66, 0x20, //              if 
	0x28, 0x5f, 0x6d, 0x74, 0x6c, 0x5f, 0x75, 0x2e, 0x62, 0x61, 0x6c, 0x6c, 0x73, 0x5b, 0x5f, 0x39, // (_mtl_u.balls[_9
	0x31, 0x31, 0x5d, 0x2e, 0x77, 0x20, 0x3d, 0x3d, 0x20, 0x30, 0x2e, 0x30, 0x29, 0x0a, 0x20, 0x20, // 11].w == 0.0).  
	0x20, 0x20, 0x20, 0x20, 0x20, 0x20, 0x20, 0x20, 0x20, 0x20, 0x20, 0x20, 0x20, 0x20, 0x20, 0x20, //                 
	0x20, 0x20, 0x20, 0x20, 0x20, 0x20, 0x7b, 0x0a, 0x20, 0x20, 0x20, 0x20, 0x20, 0x20, 0x20, 0x20, //       {.        
	0x20, 0x20, 0x20, 0x20, 0x20, 0x20, 0x20, 0x20, 0x20, 0x20, 0x20, 0x20, 0x20, 0x20, 0x20, 0x20, //                 
	0x20, 0x20, 0x20, 0x20, 0x5f, 0x39, 0x31, 0x39, 0x20, 0x3d, 0x20, 0x5f, 0x39, 0x31, 0x32, 0x3b, //     _919 = _912;
	0x0a, 0x20, 0x20, 0x20, 0x20, 0x20, 0x20, 0x20, 0x20, 0x20, 0x20, 0x20, 0x20, 0x20, 0x20, 0x20, // .               
	0x20, 0x20, 0x20, 0x20, 0x20, 0x20, 0x20, 0x20, 0x20, 0x20, 0x20, 0x20, 0x20, 0x5f, 0x39, 0x31, //              _91
	0x34, 0x20, 0x3d, 0x20, 0x74, 0x72, 0x75, 0x65, 0x3b, 0x0a, 0x20, 0x20, 0x20, 0x20, 0x20, 0x20, // 4 = true;.      
	0x20, 0x20, 0x20, 0x20, 0x20, 0x20, 0x20, 0x20, 0x20, 0x20, 0x20, 0x20, 0x20, 0x20, 0x20, 0x20, //                 
	0x20, 0x20, 0x20, 0x20, 0x20, 0x20, 0x62, 0x72, 0x65, 0x61, 0x6b, 0x3b, 0x0a, 0x20, 0x20, 0x20, //       break;.   
	0x20, 0x20, 0x20, 0x20, 0x20, 0x20, 0x20, 0x20, 0x20, 0x20, 0x20, 0x20, 0x20, 0x20, 0x20, 0x20, //                 
	0x20, 0x20, 0x20, 0x20, 0x20, 0x7d, 0x0a, 0x20, 0x20, 0x20, 0x20, 0x20, 0x20, 0x20, 0x20, 0x20, //      }.         
	0x20, 0x20, 0x20, 0x20, 0x20, 0x20, 0x20, 0x20, 0x20, 0x20, 0x20, 0x20, 0x20, 0x20, 0x20, 0x66, //                f
	0x6c, 0x6f, 0x61, 0x74, 0x33, 0x20, 0x5f, 0x38, 0x30, 0x38, 0x20, 0x3d, 0x20, 0x5f, 0x6d, 0x74, // loat3 _808 = _mt
	0x6c, 0x5f, 0x75, 0x2e, 0x62, 0x61, 0x6c, 0x6c, 0x73, 0x5b, 0x5f, 0x39, 0x31, 0x31, 0x5d, 0x2e, // l_u.balls[_911].
	0x78, 0x79, 0x7a, 0x20, 0x2d, 0x20, 0x5f, 0x6d, 0x74, 0x6c, 0x5f, 0x75, 0x2e, 0x6c, 0x69, 0x67, // xyz - _mtl_u.lig
	0x68, 0x74, 0x43, 0x65, 0x6e, 0x74, 0x65, 0x72, 0x5f, 0x64, 0x6f, 0x53, 0x68, 0x61, 0x64, 0x6f, // htCenter_doShado
	0x77, 0x2e, 0x78, 0x79, 0x7a, 0x3b, 0x0a, 0x20, 0x20, 0x20, 0x20, 0x20, 0x20, 0x20, 0x20, 0x20, // w.xyz;.         
	0x20, 0x20, 0x20, 0x20, 0x20, 0x20, 0x20, 0x20, 0x20, 0x20, 0x20, 0x20, 0x20, 0x20, 0x20, 0x66, //                f
	0x6c, 0x6f, 0x61, 0x74, 0x20, 0x5f, 0x38, 0x31, 0x32, 0x20, 0x3d, 0x20, 0x64, 0x6f, 0x74, 0x28, // loat _812 = dot(
	0x5f, 0x38, 0x30, 0x38, 0x2c, 0x20, 0x5f, 0x36, 0x32, 0x35, 0x29, 0x20, 0x2f, 0x20, 0x28, 0x5f, // _808, _625) / (_
	0x36, 0x32, 0x37, 0x20, 0x2a, 0x20, 0x5f, 0x36, 0x32, 0x37, 0x29, 0x3b, 0x0a, 0x20, 0x20, 0x20, // 627 * _627);.   
	0x20, 0x20, 0x20, 0x20, 0x20, 0x20, 0x20, 0x20, 0x20, 0x20, 0x20, 0x20, 0x20, 0x20, 0x20, 0x20, //                 
	0x20, 0x20, 0x20, 0x20, 0x20, 0x69, 0x66, 0x20, 0x28, 0x28, 0x5f, 0x38, 0x31, 0x32, 0x20, 0x3e, //      if ((_812 >
	0x20, 0x30, 0x2e, 0x30, 0x29, 0x20, 0x26, 0x26, 0x20, 0x28, 0x5f, 0x38, 0x31, 0x32, 0x20, 0x3c, //  0.0) && (_812 <
	0x20, 0x31, 0x2e, 0x30, 0x29, 0x29, 0x0a, 0x20, 0x20, 0x20, 0x20, 0x20, 0x20, 0x20, 0x20, 0x20, //  1.0)).         
	0x20, 0x20, 0x20, 0x20, 0x20, 0x20, 0x20, 0x20, 0x20, 0x20, 0x20, 0x20, 0x20, 0x20, 0x20, 0x7b, //                {
	0x0a, 0x20, 0x20, 0x20, 0x20, 0x20, 0x20, 0x20, 0x20, 0x20, 0x20, 0x20, 0x20, 0x20, 0x20, 0x20, // .               
	0x20, 0x20, 0x20, 0x20, 0x20, 0x20, 0x20, 0x20, 0x20, 0x20, 0x20, 0x20, 0x20, 0x66, 0x6c, 0x6f, //              flo
	0x61, 0x74, 0x20, 0x5f, 0x38, 0x32, 0x37, 0x20, 0x3d, 0x20, 0x35, 0x2e, 0x30, 0x20, 0x2d, 0x20, // at _827 = 5.0 - 
	0x28, 0x35, 0x2e, 0x30, 0x20, 0x2a, 0x20, 0x5f, 0x38, 0x31, 0x32, 0x29, 0x3b, 0x0a, 0x20, 0x20, // (5.0 * _812);.  
	0x20, 0x20, 0x20, 0x20, 0x20, 0x20, 0x20, 0x20, 0x20, 0x20, 0x20, 0x20, 0x20, 0x20, 0x20, 0x20, //                 
	0x20, 0x20, 0x20, 0x20, 0x20, 0x20, 0x20, 0x20, 0x20, 0x20, 0x66, 0x6c, 0x6f, 0x61, 0x74, 0x20, //           float 
	0x5f, 0x38, 0x32, 0x39, 0x20, 0x3d, 0x20, 0x5f, 0x38, 0x30, 0x38, 0x2e, 0x78, 0x3b, 0x0a, 0x20, // _829 = _808.x;. 
	0x20, 0x20, 0x20, 0x20, 0x20, 0x20, 0x20, 0x20, 0x20, 0x20, 0x20, 0x20, 0x20, 0x20, 0x20, 0x20, //                 
	0x20, 0x20, 0x20, 0x20, 0x20, 0x20, 0x20, 0x20, 0x20, 0x20, 0x20, 0x66, 0x6c, 0x6f, 0x61, 0x74, //            float
	0x20, 0x5f, 0x38, 0x33, 0x34, 0x20, 0x3d, 0x20, 0x5f, 0x38, 0x30, 0x38, 0x2e, 0x79, 0x3b, 0x0a, //  _834 = _808.y;.
	0x20, 0x20, 0x20, 0x20, 0x20, 0x20, 0x20, 0x20, 0x20, 0x20, 0x20, 0x20, 0x20, 0x20, 0x20, 0x20, //                 
	0x20, 0x20, 0x20, 0x20, 0x20, 0x20, 0x20, 0x20, 0x20, 0x20, 0x20, 0x20, 0x5f, 0x39, 0x34, 0x31, //             _941
	0x20, 0x3d, 0x20, 0x5f, 0x39, 0x31, 0x32, 0x20, 0x2a, 0x20, 0x28, 0x31, 0x2e, 0x30, 0x20, 0x2b, //  = _912 * (1.0 +
	0x20, 0x28, 0x66, 0x61, 0x73, 0x74, 0x3a, 0x3a, 0x63, 0x6c, 0x61, 0x6d, 0x70, 0x28, 0x28, 0x28, //  (fast::clamp(((
	0x5f, 0x38, 0x32, 0x39, 0x20, 0x2a, 0x20, 0x5f, 0x38, 0x32, 0x39, 0x29, 0x20, 0x2b, 0x20, 0x28, // _829 * _829) + (
	0x5f, 0x38, 0x33, 0x34, 0x20, 0x2a, 0x20, 0x5f, 0x38, 0x33, 0x34, 0x29, 0x29, 0x20, 0x2f, 0x20, // _834 * _834)) / 
	0x28, 0x5f, 0x6d, 0x74, 0x6c, 0x5f, 0x75, 0x2e, 0x62, 0x61, 0x6c, 0x6c, 0x73, 0x5b, 0x5f, 0x39, // (_mtl_u.balls[_9
	0x31, 0x31, 0x5d, 0x2e, 0x77, 0x20, 0x2a, 0x20, 0x5f, 0x6d, 0x74, 0x6c, 0x5f, 0x75, 0x2e, 0x62, // 11].w * _mtl_u.b
	0x61, 0x6c, 0x6c, 0x73, 0x5b, 0x5f, 0x39, 0x31, 0x31, 0x5d, 0x2e, 0x77, 0x29, 0x2c, 0x20, 0x30, // alls[_911].w), 0
	0x2e, 0x30, 0x2c, 0x20, 0x31, 0x2e, 0x30, 0x29, 0x20, 0x2a, 0x20, 0x28, 0x28, 0x2d, 0x30, 0x2e, // .0, 1.0) * ((-0.
	0x38, 0x39, 0x39, 0x39, 0x39, 0x39, 0x39, 0x37, 0x36, 0x31, 0x35, 0x38, 0x31, 0x34, 0x32, 0x30, // 8999999761581420
	0x38, 0x39, 0x38, 0x34, 0x33, 0x37, 0x35, 0x29, 0x20, 0x2b, 0x20, 0x28, 0x30, 0x2e, 0x38, 0x39, // 8984375) + (0.89
	0x39, 0x39, 0x39, 0x39, 0x39, 0x37, 0x36, 0x31, 0x35, 0x38, 0x31, 0x34, 0x32, 0x30, 0x38, 0x39, // 9999976158142089
	0x38, 0x34, 0x33, 0x37, 0x35, 0x20, 0x2a, 0x20, 0x73, 0x6d, 0x6f, 0x6f, 0x74, 0x68, 0x73, 0x74, // 84375 * smoothst
	0x65, 0x70, 0x28, 0x5f, 0x6d, 0x74, 0x6c, 0x5f, 0x75, 0x2e, 0x62, 0x61, 0x6c, 0x6c, 0x73, 0x5b, // ep(_mtl_u.balls[
	0x5f, 0x39, 0x31, 0x31, 0x5d, 0x2e, 0x77, 0x20, 0x2d, 0x20, 0x5f, 0x38, 0x32, 0x37, 0x2c, 0x20, // _911].w - _827, 
	0x5f, 0x6d, 0x74, 0x6c, 0x5f, 0x75, 0x2e, 0x62, 0x61, 0x6c, 0x6c, 0x73, 0x5b, 0x5f, 0x39, 0x31, // _mtl_u.balls[_91
	0x31, 0x5d, 0x2e, 0x77, 0x20, 0x2b, 0x20, 0x5f, 0x38, 0x32, 0x37, 0x2c, 0x20, 0x6c, 0x65, 0x6e, // 1].w + _827, len
	0x67, 0x74, 0x68, 0x28, 0x5f, 0x38, 0x30, 0x38, 0x20, 0x2d, 0x20, 0x28, 0x5f, 0x36, 0x32, 0x35, // gth(_808 - (_625
	0x20, 0x2a, 0x20, 0x5f, 0x38, 0x31, 0x32, 0x29, 0x29, 0x29, 0x29, 0x29, 0x29, 0x29, 0x3b, 0x0a, //  * _812)))))));.
	0x20, 0x20, 0x20, 0x20, 0x20, 0x20, 0x20, 0x20, 0x20, 0x20, 0x20, 0x20, 0x20, 0x20, 0x20, 0x20, //                 
	0x20, 0x20, 0x20, 0x20, 0x20, 0x20, 0x20, 0x20, 0x7d, 0x0a, 0x20, 0x20, 0x20, 0x20, 0x20, 0x20, //         }.      
	0x20, 0x20, 0x20, 0x20, 0x20, 0x20, 0x20, 0x20, 0x20, 0x20, 0x20, 0x20, 0x20, 0x20, 0x20, 0x20, //                 
	0x20, 0x20, 0x65, 0x6c, 0x73, 0x65, 0x0a, 0x20, 0x20, 0x20, 0x20, 0x20, 0x20, 0x20, 0x20, 0x20, //   else.         
	0x20, 0x20, 0x20, 0x20, 0x20, 0x20, 0x20, 0x20, 0x20, 0x20, 0x20, 0x20, 0x20, 0x20, 0x20, 0x7b, //                {
	0x0a, 0x20, 0x20, 0x20, 0x20, 0x20, 0x20, 0x20, 0x20, 0x20, 0x20, 0x20, 0x20, 0x20, 0x20, 0x20, // .               
	0x20, 0x20, 0x20, 0x20, 0x20, 0x20, 0x20, 0x20, 0x20, 0x20, 0x20, 0x20, 0x20, 0x5f, 0x39, 0x34, //              _94
	0x31, 0x20, 0x3d, 0x20, 0x5f, 0x39, 0x31, 0x32, 0x3b, 0x0a, 0x20, 0x20, 0x20, 0x20, 0x20, 0x20, // 1 = _912;.      
	0x20, 0x20, 0x20, 0x20, 0x20, 0x20, 0x20, 0x20, 0x20, 0x20, 0x20, 0x20, 0x20, 0x20, 0x20, 0x20, //                 
	0x20, 0x20, 0x7d, 0x0a, 0x20, 0x20, 0x20, 0x20, 0x20, 0x20, 0x20, 0x20, 0x20, 0x20, 0x20, 0x20, //   }.            
	0x20, 0x20, 0x20, 0x20, 0x20, 0x20, 0x20, 0x20, 0x20, 0x20, 0x20, 0x20, 0x5f, 0x39, 0x31, 0x32, //             _912
	0x20, 0x3d, 0x20, 0x5f, 0x39, 0x34, 0x31, 0x3b, 0x0a, 0x20, 0x20, 0x20, 0x20, 0x20, 0x20, 0x20, //  = _941;.       
	0x20, 0x20, 0x20, 0x20, 0x20, 0x20, 0x20, 0x20, 0x20, 0x20, 0x20, 0x20, 0x20, 0x20, 0x20, 0x20, //                 
	0x20, 0x5f, 0x39, 0x31, 0x31, 0x2b, 0x2b, 0x3b, 0x0a, 0x20, 0x20, 0x20, 0x20, 0x20, 0x20, 0x20, //  _911++;.       
	0x20, 0x20, 0x20, 0x20, 0x20, 0x20, 0x20, 0x20, 0x20, 0x20, 0x20, 0x20, 0x20, 0x20, 0x20, 0x20, //                 
	0x20, 0x63, 0x6f, 0x6e, 0x74, 0x69, 0x6e, 0x75, 0x65, 0x3b, 0x0a, 0x20, 0x20, 0x20, 0x20, 0x20, //  continue;.     
	0x20, 0x20, 0x20, 0x20, 0x20, 0x20, 0x20, 0x20, 0x20, 0x20, 0x20, 0x20, 0x20, 0x20, 0x20, 0x7d, //                }
	0x0a, 0x20, 0x20, 0x20, 0x20, 0x20, 0x20, 0x20, 0x20, 0x20, 0x20, 0x20, 0x20, 0x20, 0x20, 0x20, // .               
	0x20, 0x20, 0x20, 0x20, 0x20, 0x65, 0x6c, 0x73, 0x65, 0x0a, 0x20, 0x20, 0x20, 0x20, 0x20, 0x20, //      else.      
	0x20, 0x20, 0x20, 0x20, 0x20, 0x20, 0x20, 0x20, 0x20, 0x20, 0x20, 0x20, 0x20, 0x20, 0x7b, 0x0a, //               {.
	0x20, 0x20, 0x20, 0x20, 0x20, 0x20, 0x20, 0x20, 0x20, 0x20, 0x20, 0x20, 0x20, 0x20, 0x20, 0x20, //                 
	0x20, 0x20, 0x20, 0x20, 0x20, 0x20, 0x20, 0x20, 0x5f, 0x39, 0x31, 0x39, 0x20, 0x3d, 0x20, 0x5f, //         _919 = _
	0x39, 0x32, 0x35, 0x3b, 0x0a, 0x20, 0x20, 0x20, 0x20, 0x20, 0x20, 0x20, 0x20, 0x20, 0x20, 0x20, // 925;.           
	0x20, 0x20, 0x20, 0x20, 0x20, 0x20, 0x20, 0x20, 0x20, 0x20, 0x20, 0x20, 0x20, 0x5f, 0x39, 0x31, //              _91
	0x34, 0x20, 0x3d, 0x20, 0x66, 0x61, 0x6c, 0x73, 0x65, 0x3b, 0x0a, 0x20, 0x20, 0x20, 0x20, 0x20, // 4 = false;.     
	0x20, 0x20, 0x20, 0x20, 0x20, 0x20, 0x20, 0x20, 0x20, 0x20, 0x20, 0x20, 0x20, 0x20, 0x20, 0x20, //                 
	0x20, 0x20, 0x20, 0x62, 0x72, 0x65, 0x61, 0x6b, 0x3b, 0x0a, 0x20, 0x20, 0x20, 0x20, 0x20, 0x20, //    break;.      
	0x20, 0x20, 0x20, 0x20, 0x20, 0x20, 0x20, 0x20, 0x20, 0x20, 0x20, 0x20, 0x20, 0x20, 0x7d, 0x0a, //               }.
	0x20, 0x20, 0x20, 0x20, 0x20, 0x20, 0x20, 0x20, 0x20, 0x20, 0x20, 0x20, 0x20, 0x20, 0x20, 0x20, //                 
	0x7d, 0x0a, 0x20, 0x20, 0x20, 0x20, 0x20, 0x20, 0x20, 0x20, 0x20, 0x20, 0x20, 0x20, 0x20, 0x20, // }.              
	0x20, 0x20, 0x69, 0x66, 0x20, 0x28, 0x5f, 0x39, 0x31, 0x34, 0x29, 0x0a, 0x20, 0x20, 0x20, 0x20, //   if (_914).    
	0x20, 0x20, 0x20, 0x20, 0x20, 0x20, 0x20, 0x20, 0x20, 0x20, 0x20, 0x20, 0x7b, 0x0a, 0x20, 0x20, //             {.  
	0x20, 0x20, 0x20, 0x20, 0x20, 0x20, 0x20, 0x20, 0x20, 0x20, 0x20, 0x20, 0x20, 0x20, 0x20, 0x20, //                 
	0x20, 0x20, 0x5f, 0x39, 0x31, 0x38, 0x20, 0x3d, 0x20, 0x5f, 0x39, 0x31, 0x39, 0x3b, 0x0a, 0x20, //   _918 = _919;. 
	0x20, 0x20, 0x20, 0x20, 0x20, 0x20, 0x20, 0x20, 0x20, 0x20, 0x20, 0x20, 0x20, 0x20, 0x20, 0x20, //                 
	0x20, 0x20, 0x20, 0x62, 0x72, 0x65, 0x61, 0x6b, 0x3b, 0x0a, 0x20, 0x20, 0x20, 0x20, 0x20, 0x20, //    break;.      
	0x20, 0x20, 0x20, 0x20, 0x20, 0x20, 0x20, 0x20, 0x20, 0x20, 0x7d, 0x0a, 0x20, 0x20, 0x20, 0x20, //           }.    
	0x20, 0x20, 0x20, 0x20, 0x20, 0x20, 0x20, 0x20, 0x20, 0x20, 0x20, 0x20, 0x5f, 0x39, 0x31, 0x38, //             _918
	0x20, 0x3d, 0x20, 0x5f, 0x39, 0x31, 0x32, 0x3b, 0x0a, 0x20, 0x20, 0x20, 0x20, 0x20, 0x20, 0x20, //  = _912;.       
	0x20, 0x20, 0x20, 0x20, 0x20, 0x20, 0x20, 0x20, 0x20, 0x62, 0x72, 0x65, 0x61, 0x6b, 0x3b, 0x0a, //          break;.
	0x20, 0x20, 0x20, 0x20, 0x20, 0x20, 0x20, 0x20, 0x20, 0x20, 0x20, 0x20, 0x7d, 0x20, 0x77, 0x68, //             } wh
	0x69, 0x6c, 0x65, 0x28, 0x66, 0x61, 0x6c, 0x73, 0x65, 0x29, 0x3b, 0x0a, 0x20, 0x20, 0x20, 0x20, // ile(false);.    
	0x20, 0x20, 0x20, 0x20, 0x20, 0x20, 0x20, 0x20, 0x66, 0x6c, 0x6f, 0x61, 0x74, 0x33, 0x20, 0x5f, //         float3 _
	0x36, 0x33, 0x37, 0x20, 0x3d, 0x20, 0x5f, 0x39, 0x33, 0x34, 0x2e, 0x78, 0x79, 0x7a, 0x20, 0x2a, // 637 = _934.xyz *
	0x20, 0x5f, 0x39, 0x31, 0x38, 0x3b, 0x0a, 0x20, 0x20, 0x20, 0x20, 0x20, 0x20, 0x20, 0x20, 0x20, //  _918;.         
	0x20, 0x20, 0x20, 0x66, 0x6c, 0x6f, 0x61, 0x74, 0x34, 0x20, 0x5f, 0x38, 0x38, 0x34, 0x20, 0x3d, //    float4 _884 =
	0x20, 0x5f, 0x39, 0x33, 0x34, 0x3b, 0x0a, 0x20, 0x20, 0x20, 0x20, 0x20, 0x20, 0x20, 0x20, 0x20, //  _934;.         
	0x20, 0x20, 0x20, 0x5f, 0x38, 0x38, 0x34, 0x2e, 0x78, 0x20, 0x3d, 0x20, 0x5f, 0x36, 0x33, 0x37, //    _884.x = _637
	0x2e, 0x78, 0x3b, 0x0a, 0x20, 0x20, 0x20, 0x20, 0x20, 0x20, 0x20, 0x20, 0x20, 0x20, 0x20, 0x20, // .x;.            
	0x5f, 0x38, 0x38, 0x34, 0x2e, 0x79, 0x20, 0x3d, 0x20, 0x5f, 0x36, 0x33, 0x37, 0x2e, 0x79, 0x3b, // _884.y = _637.y;
	0x0a, 0x20, 0x20, 0x20, 0x20, 0x20, 0x20, 0x20, 0x20, 0x20, 0x20, 0x20, 0x20, 0x5f, 0x38, 0x38, // .            _88
	0x34, 0x2e, 0x7a, 0x20, 0x3d, 0x20, 0x5f, 0x36, 0x33, 0x37, 0x2e, 0x7a, 0x3b, 0x0a, 0x20, 0x20, // 4.z = _637.z;.  
	0x20, 0x20, 0x20, 0x20, 0x20, 0x20, 0x20, 0x20, 0x20, 0x20, 0x5f, 0x39, 0x33, 0x37, 0x20, 0x3d, //           _937 =
	0x20, 0x5f, 0x38, 0x38, 0x34, 0x3b, 0x0a, 0x20, 0x20, 0x20, 0x20, 0x20, 0x20, 0x20, 0x20, 0x7d, //  _884;.        }
	0x0a, 0x20, 0x20, 0x20, 0x20, 0x20, 0x20, 0x20, 0x20, 0x65, 0x6c, 0x73, 0x65, 0x0a, 0x20, 0x20, // .        else.  
	0x20, 0x20, 0x20, 0x20, 0x20, 0x20, 0x7b, 0x0a, 0x20, 0x20, 0x20, 0x20, 0x20, 0x20, 0x20, 0x20, //       {.        
	0x20, 0x20, 0x20, 0x20, 0x5f, 0x39, 0x33, 0x37, 0x20, 0x3d, 0x20, 0x5f, 0x39, 0x33, 0x34, 0x3b, //     _937 = _934;
	0x0a, 0x20, 0x20, 0x20, 0x20, 0x20, 0x20, 0x20, 0x20, 0x7d, 0x0a, 0x20, 0x20, 0x20, 0x20, 0x20, // .        }.     
	0x20, 0x20, 0x20, 0x66, 0x6c, 0x6f, 0x61, 0x74, 0x34, 0x20, 0x5f, 0x39, 0x33, 0x39, 0x3b, 0x0a, //    float4 _939;.
	0x20, 0x20, 0x20, 0x20, 0x20, 0x20, 0x20, 0x20, 0x69, 0x66, 0x20, 0x28, 0x5f, 0x6d, 0x74, 0x6c, //         if (_mtl
	0x5f, 0x75, 0x2e, 0x61, 0x6c, 0x70, 0x68, 0x61, 0x54, 0x65, 0x73, 0x74, 0x56, 0x61, 0x6c, 0x75, // _u.alphaTestValu
	0x65, 0x41, 0x42, 0x5f, 0x66, 0x69, 0x6c, 0x74, 0x65, 0x72, 0x4d, 0x6f, 0x64, 0x65, 0x5f, 0x61, // eAB_filterMode_a
	0x64, 0x64, 0x42, 0x6c, 0x65, 0x6e, 0x64, 0x2e, 0x77, 0x20, 0x3d, 0x3d, 0x20, 0x30, 0x2e, 0x30, // ddBlend.w == 0.0
	0x29, 0x0a, 0x20, 0x20, 0x20, 0x20, 0x20, 0x20, 0x20, 0x20, 0x7b, 0x0a, 0x20, 0x20, 0x20, 0x20, // ).        {.    
	0x20, 0x20, 0x20, 0x20, 0x20, 0x20, 0x20, 0x20, 0x5f, 0x39, 0x33, 0x39, 0x20, 0x3d, 0x20, 0x66, //         _939 = f
	0x6c, 0x6f, 0x61, 0x74, 0x34, 0x28, 0x5f, 0x39, 0x33, 0x37, 0x2e, 0x78, 0x79, 0x7a, 0x2c, 0x20, // loat4(_937.xyz, 
	0x66, 0x61, 0x73, 0x74, 0x3a, 0x3a, 0x63, 0x6c, 0x61, 0x6d, 0x70, 0x28, 0x5f, 0x39, 0x33, 0x37, // fast::clamp(_937
	0x2e, 0x77, 0x2c, 0x20, 0x30, 0x2e, 0x30, 0x2c, 0x20, 0x31, 0x2e, 0x30, 0x29, 0x29, 0x3b, 0x0a, // .w, 0.0, 1.0));.
	0x20, 0x20, 0x20, 0x20, 0x20, 0x20, 0x20, 0x20, 0x7d, 0x0a, 0x20, 0x20, 0x20, 0x20, 0x20, 0x20, //         }.      
	0x20, 0x20, 0x65, 0x6c, 0x73, 0x65, 0x0a, 0x20, 0x20, 0x20, 0x20, 0x20, 0x20, 0x20, 0x20, 0x7b, //   else.        {
	0x0a, 0x20, 0x20, 0x20, 0x20, 0x20, 0x20, 0x20, 0x20, 0x20, 0x20, 0x20, 0x20, 0x66, 0x6c, 0x6f, // .            flo
	0x61, 0x74, 0x34, 0x20, 0x5f, 0x39, 0x34, 0x30, 0x3b, 0x0a, 0x20, 0x20, 0x20, 0x20, 0x20, 0x20, // at4 _940;.      
	0x20, 0x20, 0x20, 0x20, 0x20, 0x20, 0x69, 0x66, 0x20, 0x28, 0x5f, 0x6d, 0x74, 0x6c, 0x5f, 0x75, //       if (_mtl_u
	0x2e, 0x61, 0x6d, 0x6f, 0x75, 0x6e, 0x74, 0x5f, 0x62, 0x6c, 0x65, 0x6e, 0x64, 0x5f, 0x6d, 0x6f, // .amount_blend_mo
	0x64, 0x75, 0x6c, 0x61, 0x74, 0x65, 0x5f, 0x76, 0x73, 0x5f, 0x61, 0x64, 0x64, 0x5f, 0x66, 0x6c, // dulate_vs_add_fl
	0x61, 0x73, 0x68, 0x65, 0x72, 0x4d, 0x6f, 0x64, 0x65, 0x2e, 0x79, 0x20, 0x3e, 0x20, 0x30, 0x2e, // asherMode.y > 0.
	0x30, 0x29, 0x0a, 0x20, 0x20, 0x20, 0x20, 0x20, 0x20, 0x20, 0x20, 0x20, 0x20, 0x20, 0x20, 0x7b, // 0).            {
	0x0a, 0x20, 0x20, 0x20, 0x20, 0x20, 0x20, 0x20, 0x20, 0x20, 0x20, 0x20, 0x20, 0x20, 0x20, 0x20, // .               
	0x20, 0x5f, 0x39, 0x34, 0x30, 0x20, 0x3d, 0x20, 0x66, 0x6c, 0x6f, 0x61, 0x74, 0x34, 0x28, 0x5f, //  _940 = float4(_
	0x39, 0x33, 0x37, 0x2e, 0x78, 0x79, 0x7a, 0x20, 0x2a, 0x20, 0x28, 0x28, 0x2d, 0x5f, 0x6d, 0x74, // 937.xyz * ((-_mt
	0x6c, 0x5f, 0x75, 0x2e, 0x61, 0x6d, 0x6f, 0x75, 0x6e, 0x74, 0x5f, 0x62, 0x6c, 0x65, 0x6e, 0x64, // l_u.amount_blend
	0x5f, 0x6d, 0x6f, 0x64, 0x75, 0x6c, 0x61, 0x74, 0x65, 0x5f, 0x76, 0x73, 0x5f, 0x61, 0x64, 0x64, // _modulate_vs_add
	0x5f, 0x66, 0x6c, 0x61, 0x73, 0x68, 0x65, 0x72, 0x4d, 0x6f, 0x64, 0x65, 0x2e, 0x79, 0x29, 0x20, // _flasherMode.y) 
	0x2a, 0x20, 0x5f, 0x39, 0x33, 0x37, 0x2e, 0x77, 0x29, 0x2c, 0x20, 0x28, 0x31, 0x2e, 0x30, 0x20, // * _937.w), (1.0 
	0x2f, 0x20, 0x5f, 0x6d, 0x74, 0x6c, 0x5f, 0x75, 0x2e, 0x61, 0x6d, 0x6f, 0x75, 0x6e, 0x74, 0x5f, // / _mtl_u.amount_
	0x62, 0x6c, 0x65, 0x6e, 0x64, 0x5f, 0x6d, 0x6f, 0x64, 0x75, 0x6c, 0x61, 0x74, 0x65, 0x5f, 0x76, // blend_modulate_v
	0x73, 0x5f, 0x61, 0x64, 0x64, 0x5f, 0x66, 0x6c, 0x61, 0x73, 0x68, 0x65, 0x72, 0x4d, 0x6f, 0x64, // s_add_flasherMod
	0x65, 0x2e, 0x79, 0x29, 0x20, 0x2d, 0x20, 0x31, 0x2e, 0x30, 0x29, 0x3b, 0x0a, 0x20, 0x20, 0x20, // e.y) - 1.0);.   
	0x20, 0x20, 0x20, 0x20, 0x20, 0x20, 0x20, 0x20, 0x20, 0x7d, 0x0a, 0x20, 0x20, 0x20, 0x20, 0x20, //          }.     
	0x20, 0x20, 0x20, 0x20, 0x20, 0x20, 0x20, 0x65, 0x6c, 0x73, 0x65, 0x0a, 0x20, 0x20, 0x20, 0x20, //        else.    
	0x20, 0x20, 0x20, 0x20, 0x20, 0x20, 0x20, 0x20, 0x7b, 0x0a, 0x20, 0x20, 0x20, 0x20, 0x20, 0x20, //         {.      
	0x20, 0x20, 0x20, 0x20, 0x20, 0x20, 0x20, 0x20, 0x20, 0x20, 0x5f, 0x39, 0x34, 0x30, 0x20, 0x3d, //           _940 =
	0x20, 0x66, 0x6c, 0x6f, 0x61, 0x74, 0x34, 0x28, 0x5f, 0x39, 0x33, 0x37, 0x2e, 0x78, 0x79, 0x7a, //  float4(_937.xyz
	0x20, 0x2a, 0x20, 0x5f, 0x39, 0x33, 0x37, 0x2e, 0x77, 0x2c, 0x20, 0x66, 0x61, 0x73, 0x74, 0x3a, //  * _937.w, fast:
	0x3a, 0x63, 0x6c, 0x61, 0x6d, 0x70, 0x28, 0x28, 0x2d, 0x5f, 0x6d, 0x74, 0x6c, 0x5f, 0x75, 0x2e, // :clamp((-_mtl_u.
	0x61, 0x6d, 0x6f, 0x75, 0x6e, 0x74, 0x5f, 0x62, 0x6c, 0x65, 0x6e, 0x64, 0x5f, 0x6d, 0x6f, 0x64, // amount_blend_mod
	0x75, 0x6c, 0x61, 0x74, 0x65, 0x5f, 0x76, 0x73, 0x5f, 0x61, 0x64, 0x64, 0x5f, 0x66, 0x6c, 0x61, // ulate_vs_add_fla
	0x73, 0x68, 0x65, 0x72, 0x4d, 0x6f, 0x64, 0x65, 0x2e, 0x79, 0x29, 0x20, 0x2a, 0x20, 0x5f, 0x39, // sherMode.y) * _9
	0x33, 0x37, 0x2e, 0x77, 0x2c, 0x20, 0x30, 0x2e, 0x30, 0x2c, 0x20, 0x31, 0x2e, 0x30, 0x29, 0x29, // 37.w, 0.0, 1.0))
	0x3b, 0x0a, 0x20, 0x20, 0x20, 0x20, 0x20, 0x20, 0x20, 0x20, 0x20, 0x20, 0x20, 0x20, 0x7d, 0x0a, // ;.            }.
	0x20, 0x20, 0x20, 0x20, 0x20, 0x20, 0x20, 0x20, 0x20, 0x20, 0x20, 0x20, 0x5f, 0x39, 0x33, 0x39, //             _939
	0x20, 0x3d, 0x20, 0x5f, 0x39, 0x34, 0x30, 0x3b, 0x0a, 0x20, 0x20, 0x20, 0x20, 0x20, 0x20, 0x20, //  = _940;.       
	0x20, 0x7d, 0x0a, 0x20, 0x20, 0x20, 0x20, 0x20, 0x20, 0x20, 0x20, 0x5f, 0x39, 0x33, 0x38, 0x20, //  }.        _938 
	0x3d, 0x20, 0x5f, 0x39, 0x33, 0x39, 0x3b, 0x0a, 0x20, 0x20, 0x20, 0x20, 0x20, 0x20, 0x20, 0x20, // = _939;.        
	0x62, 0x72, 0x65, 0x61, 0x6b, 0x3b, 0x0a, 0x20, 0x20, 0x20, 0x20, 0x7d, 0x20, 0x77, 0x68, 0x69, // break;.    } whi
	0x6c, 0x65, 0x28, 0x66, 0x61, 0x6c, 0x73, 0x65, 0x29, 0x3b, 0x0a, 0x20, 0x20, 0x20, 0x20, 0x6f, // le(false);.    o
	0x75, 0x74, 0x2e, 0x62, 0x67, 0x66, 0x78, 0x5f, 0x46, 0x72, 0x61, 0x67, 0x44, 0x61, 0x74, 0x61, // ut.bgfx_FragData
	0x30, 0x20, 0x3d, 0x20, 0x5f, 0x39, 0x33, 0x38, 0x3b, 0x0a, 0x20, 0x20, 0x20, 0x20, 0x72, 0x65, // 0 = _938;.    re
	0x74, 0x75, 0x72, 0x6e, 0x20, 0x6f, 0x75, 0x74, 0x3b, 0x0a, 0x7d, 0x0a, 0x0a, 0x00, 0x00, 0x00, // turn out;.}.....
	0x01,                                                                                           // .
};
static const uint8_t fs_flasher_noclip_essl[6261] =
{
	0x46, 0x53, 0x48, 0x0c, 0xe2, 0xbc, 0x2a, 0x7e, 0x00, 0x00, 0x00, 0x00, 0x00, 0x00, 0x00, 0x00, // FSH...*~........
	0x00, 0x00, 0x00, 0x00, 0x07, 0x00, 0x05, 0x62, 0x61, 0x6c, 0x6c, 0x73, 0x02, 0x08, 0x00, 0x00, // .......balls....
	0x08, 0x00, 0x00, 0x00, 0x00, 0x00, 0x28, 0x61, 0x6d, 0x6f, 0x75, 0x6e, 0x74, 0x5f, 0x62, 0x6c, // ......(amount_bl
	0x65, 0x6e, 0x64, 0x5f, 0x6d, 0x6f, 0x64, 0x75, 0x6c, 0x61, 0x74, 0x65, 0x5f, 0x76, 0x73, 0x5f, // end_modulate_vs_
	0x61, 0x64, 0x64, 0x5f, 0x66, 0x6c, 0x61, 0x73, 0x68, 0x65, 0x72, 0x4d, 0x6f, 0x64, 0x65, 0x02, // add_flasherMode.
	0x01, 0x00, 0x00, 0x01, 0x00, 0x00, 0x00, 0x00, 0x00, 0x24, 0x61, 0x6c, 0x70, 0x68, 0x61, 0x54, // .........$alphaT
	0x65, 0x73, 0x74, 0x56, 0x61, 0x6c, 0x75, 0x65, 0x41, 0x42, 0x5f, 0x66, 0x69, 0x6c, 0x74, 0x65, // estValueAB_filte
	0x72, 0x4d, 0x6f, 0x64, 0x65, 0x5f, 0x61, 0x64, 0x64, 0x42, 0x6c, 0x65, 0x6e, 0x64, 0x02, 0x01, // rMode_addBlend..
	0x00, 0x00, 0x01, 0x00, 0x00, 0x00, 0x00, 0x00, 0x11, 0x73, 0x74, 0x61, 0x74, 0x69, 0x63, 0x43, // .........staticC
	0x6f, 0x6c, 0x6f, 0x72, 0x5f, 0x41, 0x6c, 0x70, 0x68, 0x61, 0x02, 0x01, 0x00, 0x00, 0x01, 0x00, // olor_Alpha......
	0x00, 0x00, 0x00, 0x00, 0x14, 0x6c, 0x69, 0x67, 0x68, 0x74, 0x43, 0x65, 0x6e, 0x74, 0x65, 0x72, // .....lightCenter
	0x5f, 0x64, 0x6f, 0x53, 0x68, 0x61, 0x64, 0x6f, 0x77, 0x02, 0x01, 0x00, 0x00, 0x01, 0x00, 0x00, // _doShadow.......
	0x00, 0x00, 0x00, 0x0d, 0x74, 0x65, 0x78, 0x5f, 0x66, 0x6c, 0x61, 0x73, 0x68, 0x65, 0x72, 0x5f, // ....tex_flasher_
	0x41, 0x00, 0x01, 0x00, 0x00, 0x01, 0x00, 0x00, 0x02, 0x00, 0x00, 0x0d, 0x74, 0x65, 0x78, 0x5f, // A...........tex_
	0x66, 0x6c, 0x61, 0x73, 0x68, 0x65, 0x72, 0x5f, 0x42, 0x00, 0x01, 0x00, 0x00, 0x01, 0x00, 0x00, // flasher_B.......
	0x02, 0x00, 0x00, 0x7d, 0x17, 0x00, 0x00, 0x70, 0x72, 0x65, 0x63, 0x69, 0x73, 0x69, 0x6f, 0x6e, // ...}...precision
	0x20, 0x6d, 0x65, 0x64, 0x69, 0x75, 0x6d, 0x70, 0x20, 0x66, 0x6c, 0x6f, 0x61, 0x74, 0x3b, 0x0a, //  mediump float;.
	0x70, 0x72, 0x65, 0x63, 0x69, 0x73, 0x69, 0x6f, 0x6e, 0x20, 0x68, 0x69, 0x67, 0x68, 0x70, 0x20, // precision highp 
	0x69, 0x6e, 0x74, 0x3b, 0x0a, 0x0a, 0x76, 0x65, 0x63, 0x34, 0x20, 0x5f, 0x36, 0x33, 0x37, 0x3b, // int;..vec4 _637;
	0x0a, 0x66, 0x6c, 0x6f, 0x61, 0x74, 0x20, 0x5f, 0x36, 0x36, 0x36, 0x3b, 0x0a, 0x0a, 0x75, 0x6e, // .float _666;..un
	0x69, 0x66, 0x6f, 0x72, 0x6d, 0x20, 0x68, 0x69, 0x67, 0x68, 0x70, 0x20, 0x76, 0x65, 0x63, 0x34, // iform highp vec4
	0x20, 0x62, 0x61, 0x6c, 0x6c, 0x73, 0x5b, 0x38, 0x5d, 0x3b, 0x0a, 0x75, 0x6e, 0x69, 0x66, 0x6f, //  balls[8];.unifo
	0x72, 0x6d, 0x20, 0x68, 0x69, 0x67, 0x68, 0x70, 0x20, 0x76, 0x65, 0x63, 0x34, 0x20, 0x61, 0x6d, // rm highp vec4 am
	0x6f, 0x75, 0x6e, 0x74, 0x5f, 0x62, 0x6c, 0x65, 0x6e, 0x64, 0x5f, 0x6d, 0x6f, 0x64, 0x75, 0x6c, // ount_blend_modul
	0x61, 0x74, 0x65, 0x5f, 0x76, 0x73, 0x5f, 0x61, 0x64, 0x64, 0x5f, 0x66, 0x6c, 0x61, 0x73, 0x68, // ate_vs_add_flash
	0x65, 0x72, 0x4d, 0x6f, 0x64, 0x65, 0x3b, 0x0a, 0x75, 0x6e, 0x69, 0x66, 0x6f, 0x72, 0x6d, 0x20, // erMode;.uniform 
	0x68, 0x69, 0x67, 0x68, 0x70, 0x20, 0x73, 0x61, 0x6d, 0x70, 0x6c, 0x65, 0x72, 0x32, 0x44, 0x20, // highp sampler2D 
	0x74, 0x65, 0x78, 0x5f, 0x66, 0x6c, 0x61, 0x73, 0x68, 0x65, 0x72, 0x5f, 0x41, 0x3b, 0x0a, 0x75, // tex_flasher_A;.u
	0x6e, 0x69, 0x66, 0x6f, 0x72, 0x6d, 0x20, 0x68, 0x69, 0x67, 0x68, 0x70, 0x20, 0x76, 0x65, 0x63, // niform highp vec
	0x34, 0x20, 0x61, 0x6c, 0x70, 0x68, 0x61, 0x54, 0x65, 0x73, 0x74, 0x56, 0x61, 0x6c, 0x75, 0x65, // 4 alphaTestValue
	0x41, 0x42, 0x5f, 0x66, 0x69, 0x6c, 0x74, 0x65, 0x72, 0x4d, 0x6f, 0x64, 0x65, 0x5f, 0x61, 0x64, // AB_filterMode_ad
	0x64, 0x42, 0x6c, 0x65, 0x6e, 0x64, 0x3b, 0x0a, 0x75, 0x6e, 0x69, 0x66, 0x6f, 0x72, 0x6d, 0x20, // dBlend;.uniform 
	0x68, 0x69, 0x67, 0x68, 0x70, 0x20, 0x73, 0x61, 0x6d, 0x70, 0x6c, 0x65, 0x72, 0x32, 0x44, 0x20, // highp sampler2D 
	0x74, 0x65, 0x78, 0x5f, 0x66, 0x6c, 0x61, 0x73, 0x68, 0x65, 0x72, 0x5f, 0x42, 0x3b, 0x0a, 0x75, // tex_flasher_B;.u
	0x6e, 0x69, 0x66, 0x6f, 0x72, 0x6d, 0x20, 0x68, 0x69, 0x67, 0x68, 0x70, 0x20, 0x76, 0x65, 0x63, // niform highp vec
	0x34, 0x20, 0x73, 0x74, 0x61, 0x74, 0x69, 0x63, 0x43, 0x6f, 0x6c, 0x6f, 0x72, 0x5f, 0x41, 0x6c, // 4 staticColor_Al
	0x70, 0x68, 0x61, 0x3b, 0x0a, 0x75, 0x6e, 0x69, 0x66, 0x6f, 0x72, 0x6d, 0x20, 0x68, 0x69, 0x67, // pha;.uniform hig
	0x68, 0x70, 0x20, 0x76, 0x65, 0x63, 0x34, 0x20, 0x6c, 0x69, 0x67, 0x68, 0x74, 0x43, 0x65, 0x6e, // hp vec4 lightCen
	0x74, 0x65, 0x72, 0x5f, 0x64, 0x6f, 0x53, 0x68, 0x61, 0x64, 0x6f, 0x77, 0x3b, 0x0a, 0x0a, 0x69, // ter_doShadow;..i
	0x6e, 0x20, 0x68, 0x69, 0x67, 0x68, 0x70, 0x20, 0x76, 0x65, 0x63, 0x32, 0x20, 0x76, 0x5f, 0x74, // n highp vec2 v_t
	0x65, 0x78, 0x63, 0x6f, 0x6f, 0x72, 0x64, 0x30, 0x3b, 0x0a, 0x6c, 0x61, 0x79, 0x6f, 0x75, 0x74, // excoord0;.layout
	0x28, 0x6c, 0x6f, 0x63, 0x61, 0x74, 0x69, 0x6f, 0x6e, 0x20, 0x3d, 0x20, 0x30, 0x29, 0x20, 0x6f, // (location = 0) o
	0x75, 0x74, 0x20, 0x68, 0x69, 0x67, 0x68, 0x70, 0x20, 0x76, 0x65, 0x63, 0x34, 0x20, 0x62, 0x67, // ut highp vec4 bg
	0x66, 0x78, 0x5f, 0x46, 0x72, 0x61, 0x67, 0x43, 0x6f, 0x6c, 0x6f, 0x72, 0x3b, 0x0a, 0x69, 0x6e, // fx_FragColor;.in
	0x20, 0x68, 0x69, 0x67, 0x68, 0x70, 0x20, 0x76, 0x65, 0x63, 0x33, 0x20, 0x76, 0x5f, 0x74, 0x61, //  highp vec3 v_ta
	0x62, 0x6c, 0x65, 0x50, 0x6f, 0x73, 0x3b, 0x0a, 0x0a, 0x76, 0x6f, 0x69, 0x64, 0x20, 0x6d, 0x61, // blePos;..void ma
	0x69, 0x6e, 0x28, 0x29, 0x0a, 0x7b, 0x0a, 0x20, 0x20, 0x20, 0x20, 0x64, 0x6f, 0x0a, 0x20, 0x20, // in().{.    do.  
	0x20, 0x20, 0x7b, 0x0a, 0x20, 0x20, 0x20, 0x20, 0x20, 0x20, 0x20, 0x20, 0x68, 0x69, 0x67, 0x68, //   {.        high
	0x70, 0x20, 0x76, 0x65, 0x63, 0x34, 0x20, 0x5f, 0x36, 0x33, 0x36, 0x3b, 0x0a, 0x20, 0x20, 0x20, // p vec4 _636;.   
	0x20, 0x20, 0x20, 0x20, 0x20, 0x69, 0x66, 0x20, 0x28, 0x61, 0x6d, 0x6f, 0x75, 0x6e, 0x74, 0x5f, //      if (amount_
	0x62, 0x6c, 0x65, 0x6e, 0x64, 0x5f, 0x6d, 0x6f, 0x64, 0x75, 0x6c, 0x61, 0x74, 0x65, 0x5f, 0x76, // blend_modulate_v
	0x73, 0x5f, 0x61, 0x64, 0x64, 0x5f, 0x66, 0x6c, 0x61, 0x73, 0x68, 0x65, 0x72, 0x4d, 0x6f, 0x64, // s_add_flasherMod
	0x65, 0x2e, 0x7a, 0x20, 0x3c, 0x20, 0x32, 0x2e, 0x30, 0x29, 0x0a, 0x20, 0x20, 0x20, 0x20, 0x20, // e.z < 2.0).     
	0x20, 0x20, 0x20, 0x7b, 0x0a, 0x20, 0x20, 0x20, 0x20, 0x20, 0x20, 0x20, 0x20, 0x20, 0x20, 0x20, //    {.           
	0x20, 0x68, 0x69, 0x67, 0x68, 0x70, 0x20, 0x76, 0x65, 0x63, 0x34, 0x20, 0x5f, 0x32, 0x33, 0x33, //  highp vec4 _233
	0x20, 0x3d, 0x20, 0x74, 0x65, 0x78, 0x74, 0x75, 0x72, 0x65, 0x28, 0x74, 0x65, 0x78, 0x5f, 0x66, //  = texture(tex_f
	0x6c, 0x61, 0x73, 0x68, 0x65, 0x72, 0x5f, 0x41, 0x2c, 0x20, 0x76, 0x5f, 0x74, 0x65, 0x78, 0x63, // lasher_A, v_texc
	0x6f, 0x6f, 0x72, 0x64, 0x30, 0x29, 0x3b, 0x0a, 0x20, 0x20, 0x20, 0x20, 0x20, 0x20, 0x20, 0x20, // oord0);.        
	0x20, 0x20, 0x20, 0x20, 0x69, 0x66, 0x20, 0x28, 0x5f, 0x32, 0x33, 0x33, 0x2e, 0x77, 0x20, 0x3c, //     if (_233.w <
	0x3d, 0x20, 0x61, 0x6c, 0x70, 0x68, 0x61, 0x54, 0x65, 0x73, 0x74, 0x56, 0x61, 0x6c, 0x75, 0x65, // = alphaTestValue
	0x41, 0x42, 0x5f, 0x66, 0x69, 0x6c, 0x74, 0x65, 0x72, 0x4d, 0x6f, 0x64, 0x65, 0x5f, 0x61, 0x64, // AB_filterMode_ad
	0x64, 0x42, 0x6c, 0x65, 0x6e, 0x64, 0x2e, 0x78, 0x29, 0x0a, 0x20, 0x20, 0x20, 0x20, 0x20, 0x20, // dBlend.x).      
	0x20, 0x20, 0x20, 0x20, 0x20, 0x20, 0x7b, 0x0a, 0x20, 0x20, 0x20, 0x20, 0x20, 0x20, 0x20, 0x20, //       {.        
	0x20, 0x20, 0x20, 0x20, 0x20, 0x20, 0x20, 0x20, 0x62, 0x67, 0x66, 0x78, 0x5f, 0x46, 0x72, 0x61, //         bgfx_Fra
	0x67, 0x43, 0x6f, 0x6c, 0x6f, 0x72, 0x20, 0x3d, 0x20, 0x76, 0x65, 0x63, 0x34, 0x28, 0x30, 0x2e, // gColor = vec4(0.
	0x30, 0x29, 0x3b, 0x0a, 0x20, 0x20, 0x20, 0x20, 0x20, 0x20, 0x20, 0x20, 0x20, 0x20, 0x20, 0x20, // 0);.            
	0x20, 0x20, 0x20, 0x20, 0x62, 0x72, 0x65, 0x61, 0x6b, 0x3b, 0x0a, 0x20, 0x20, 0x20, 0x20, 0x20, //     break;.     
	0x20, 0x20, 0x20, 0x20, 0x20, 0x20, 0x20, 0x7d, 0x0a, 0x20, 0x20, 0x20, 0x20, 0x20, 0x20, 0x20, //        }.       
	0x20, 0x20, 0x20, 0x20, 0x20, 0x5f, 0x36, 0x33, 0x36, 0x20, 0x3d, 0x20, 0x5f, 0x32, 0x33, 0x33, //      _636 = _233
	0x3b, 0x0a, 0x20, 0x20, 0x20, 0x20, 0x20, 0x20, 0x20, 0x20, 0x7d, 0x0a, 0x20, 0x20, 0x20, 0x20, // ;.        }.    
	0x20, 0x20, 0x20, 0x20, 0x65, 0x6c, 0x73, 0x65, 0x0a, 0x20, 0x20, 0x20, 0x20, 0x20, 0x20, 0x20, //     else.       
	0x20, 0x7b, 0x0a, 0x20, 0x20, 0x20, 0x20, 0x20, 0x20, 0x20, 0x20, 0x20, 0x20, 0x20, 0x20, 0x5f, //  {.            _
	0x36, 0x33, 0x36, 0x20, 0x3d, 0x20, 0x5f, 0x36, 0x33, 0x37, 0x3b, 0x0a, 0x20, 0x20, 0x20, 0x20, // 636 = _637;.    
	0x20, 0x20, 0x20, 0x20, 0x7d, 0x0a, 0x20, 0x20, 0x20, 0x20, 0x20, 0x20, 0x20, 0x20, 0x62, 0x6f, //     }.        bo
	0x6f, 0x6c, 0x20, 0x5f, 0x32, 0x34, 0x39, 0x20, 0x3d, 0x20, 0x61, 0x6d, 0x6f, 0x75, 0x6e, 0x74, // ol _249 = amount
	0x5f, 0x62, 0x6c, 0x65, 0x6e, 0x64, 0x5f, 0x6d, 0x6f, 0x64, 0x75, 0x6c, 0x61, 0x74, 0x65, 0x5f, // _blend_modulate_
	0x76, 0x73, 0x5f, 0x61, 0x64, 0x64, 0x5f, 0x66, 0x6c, 0x61, 0x73, 0x68, 0x65, 0x72, 0x4d, 0x6f, // vs_add_flasherMo
	0x64, 0x65, 0x2e, 0x7a, 0x20, 0x3d, 0x3d, 0x20, 0x31, 0x2e, 0x30, 0x3b, 0x0a, 0x20, 0x20, 0x20, // de.z == 1.0;.   
	0x20, 0x20, 0x20, 0x20, 0x20, 0x68, 0x69, 0x67, 0x68, 0x70, 0x20, 0x76, 0x65, 0x63, 0x34, 0x20, //      highp vec4 
	0x5f, 0x36, 0x34, 0x30, 0x3b, 0x0a, 0x20, 0x20, 0x20, 0x20, 0x20, 0x20, 0x20, 0x20, 0x69, 0x66, // _640;.        if
	0x20, 0x28, 0x5f, 0x32, 0x34, 0x39, 0x29, 0x0a, 0x20, 0x20, 0x20, 0x20, 0x20, 0x20, 0x20, 0x20, //  (_249).        
	0x7b, 0x0a, 0x20, 0x20, 0x20, 0x20, 0x20, 0x20, 0x20, 0x20, 0x20, 0x20, 0x20, 0x20, 0x68, 0x69, // {.            hi
	0x67, 0x68, 0x70, 0x20, 0x76, 0x65, 0x63, 0x34, 0x20, 0x5f, 0x32, 0x35, 0x36, 0x20, 0x3d, 0x20, // ghp vec4 _256 = 
	0x74, 0x65, 0x78, 0x74, 0x75, 0x72, 0x65, 0x28, 0x74, 0x65, 0x78, 0x5f, 0x66, 0x6c, 0x61, 0x73, // texture(tex_flas
	0x68, 0x65, 0x72, 0x5f, 0x42, 0x2c, 0x20, 0x76, 0x5f, 0x74, 0x65, 0x78, 0x63, 0x6f, 0x6f, 0x72, // her_B, v_texcoor
	0x64, 0x30, 0x29, 0x3b, 0x0a, 0x20, 0x20, 0x20, 0x20, 0x20, 0x20, 0x20, 0x20, 0x20, 0x20, 0x20, // d0);.           
	0x20, 0x69, 0x66, 0x20, 0x28, 0x5f, 0x32, 0x35, 0x36, 0x2e, 0x77, 0x20, 0x3c, 0x3d, 0x20, 0x61, //  if (_256.w <= a
	0x6c, 0x70, 0x68, 0x61, 0x54, 0x65, 0x73, 0x74, 0x56, 0x61, 0x6c, 0x75, 0x65, 0x41, 0x42, 0x5f, // lphaTestValueAB_
	0x66, 0x69, 0x6c, 0x74, 0x65, 0x72, 0x4d, 0x6f, 0x64, 0x65, 0x5f, 0x61, 0x64, 0x64, 0x42, 0x6c, // filterMode_addBl
	0x65, 0x6e, 0x64, 0x2e, 0x79, 0x29, 0x0a, 0x20, 0x20, 0x20, 0x20, 0x20, 0x20, 0x20, 0x20, 0x20, // end.y).         
	0x20, 0x20, 0x20, 0x7b, 0x0a, 0x20, 0x20, 0x20, 0x20, 0x20, 0x20, 0x20, 0x20, 0x20, 0x20, 0x20, //    {.           
	0x20, 0x20, 0x20, 0x20, 0x20, 0x62, 0x67, 0x66, 0x78, 0x5f, 0x46, 0x72, 0x61, 0x67, 0x43, 0x6f, //      bgfx_FragCo
	0x6c, 0x6f, 0x72, 0x20, 0x3d, 0x20, 0x76, 0x65, 0x63, 0x34, 0x28, 0x30, 0x2e, 0x30, 0x29, 0x3b, // lor = vec4(0.0);
	0x0a, 0x20, 0x20, 0x20, 0x20, 0x20, 0x20, 0x20, 0x20, 0x20, 0x20, 0x20, 0x20, 0x20, 0x20, 0x20, // .               
	0x20, 0x62, 0x72, 0x65, 0x61, 0x6b, 0x3b, 0x0a, 0x20, 0x20, 0x20, 0x20, 0x20, 0x20, 0x20, 0x20, //  break;.        
	0x20, 0x20, 0x20, 0x20, 0x7d, 0x0a, 0x20, 0x20, 0x20, 0x20, 0x20, 0x20, 0x20, 0x20, 0x20, 0x20, //     }.          
	0x20, 0x20, 0x5f, 0x36, 0x34, 0x30, 0x20, 0x3d, 0x20, 0x5f, 0x32, 0x35, 0x36, 0x3b, 0x0a, 0x20, //   _640 = _256;. 
	0x20, 0x20, 0x20, 0x20, 0x20, 0x20, 0x20, 0x7d, 0x0a, 0x20, 0x20, 0x20, 0x20, 0x20, 0x20, 0x20, //        }.       
	0x20, 0x65, 0x6c, 0x73, 0x65, 0x0a, 0x20, 0x20, 0x20, 0x20, 0x20, 0x20, 0x20, 0x20, 0x7b, 0x0a, //  else.        {.
	0x20, 0x20, 0x20, 0x20, 0x20, 0x20, 0x20, 0x20, 0x20, 0x20, 0x20, 0x20, 0x5f, 0x36, 0x34, 0x30, //             _640
	0x20, 0x3d, 0x20, 0x5f, 0x36, 0x33, 0x37, 0x3b, 0x0a, 0x20, 0x20, 0x20, 0x20, 0x20, 0x20, 0x20, //  = _637;.       
	0x20, 0x7d, 0x0a, 0x20, 0x20, 0x20, 0x20, 0x20, 0x20, 0x20, 0x20, 0x68, 0x69, 0x67, 0x68, 0x70, //  }.        highp
	0x20, 0x76, 0x65, 0x63, 0x34, 0x20, 0x5f, 0x36, 0x34, 0x32, 0x3b, 0x0a, 0x20, 0x20, 0x20, 0x20, //  vec4 _642;.    
	0x20, 0x20, 0x20, 0x20, 0x69, 0x66, 0x20, 0x28, 0x61, 0x6d, 0x6f, 0x75, 0x6e, 0x74, 0x5f, 0x62, //     if (amount_b
	0x6c, 0x65, 0x6e, 0x64, 0x5f, 0x6d, 0x6f, 0x64, 0x75, 0x6c, 0x61, 0x74, 0x65, 0x5f, 0x76, 0x73, // lend_modulate_vs
	0x5f, 0x61, 0x64, 0x64, 0x5f, 0x66, 0x6c, 0x61, 0x73, 0x68, 0x65, 0x72, 0x4d, 0x6f, 0x64, 0x65, // _add_flasherMode
	0x2e, 0x7a, 0x20, 0x3d, 0x3d, 0x20, 0x30, 0x2e, 0x30, 0x29, 0x0a, 0x20, 0x20, 0x20, 0x20, 0x20, // .z == 0.0).     
	0x20, 0x20, 0x20, 0x7b, 0x0a, 0x20, 0x20, 0x20, 0x20, 0x20, 0x20, 0x20, 0x20, 0x20, 0x20, 0x20, //    {.           
	0x20, 0x5f, 0x36, 0x34, 0x32, 0x20, 0x3d, 0x20, 0x73, 0x74, 0x61, 0x74, 0x69, 0x63, 0x43, 0x6f, //  _642 = staticCo
	0x6c, 0x6f, 0x72, 0x5f, 0x41, 0x6c, 0x70, 0x68, 0x61, 0x20, 0x2a, 0x20, 0x5f, 0x36, 0x33, 0x36, // lor_Alpha * _636
	0x3b, 0x0a, 0x20, 0x20, 0x20, 0x20, 0x20, 0x20, 0x20, 0x20, 0x7d, 0x0a, 0x20, 0x20, 0x20, 0x20, // ;.        }.    
	0x20, 0x20, 0x20, 0x20, 0x65, 0x6c, 0x73, 0x65, 0x0a, 0x20, 0x20, 0x20, 0x20, 0x20, 0x20, 0x20, //     else.       
	0x20, 0x7b, 0x0a, 0x20, 0x20, 0x20, 0x20, 0x20, 0x20, 0x20, 0x20, 0x20, 0x20, 0x20, 0x20, 0x5f, //  {.            _
	0x36, 0x34, 0x32, 0x20, 0x3d, 0x20, 0x73, 0x74, 0x61, 0x74, 0x69, 0x63, 0x43, 0x6f, 0x6c, 0x6f, // 642 = staticColo
	0x72, 0x5f, 0x41, 0x6c, 0x70, 0x68, 0x61, 0x3b, 0x0a, 0x20, 0x20, 0x20, 0x20, 0x20, 0x20, 0x20, // r_Alpha;.       
	0x20, 0x7d, 0x0a, 0x20, 0x20, 0x20, 0x20, 0x20, 0x20, 0x20, 0x20, 0x68, 0x69, 0x67, 0x68, 0x70, //  }.        highp
	0x20, 0x76, 0x65, 0x63, 0x34, 0x20, 0x5f, 0x36, 0x37, 0x35, 0x3b, 0x0a, 0x20, 0x20, 0x20, 0x20, //  vec4 _675;.    
	0x20, 0x20, 0x20, 0x20, 0x69, 0x66, 0x20, 0x28, 0x5f, 0x32, 0x34, 0x39, 0x29, 0x0a, 0x20, 0x20, //     if (_249).  
	0x20, 0x20, 0x20, 0x20, 0x20, 0x20, 0x7b, 0x0a, 0x20, 0x20, 0x20, 0x20, 0x20, 0x20, 0x20, 0x20, //       {.        
	0x20, 0x20, 0x20, 0x20, 0x68, 0x69, 0x67, 0x68, 0x70, 0x20, 0x76, 0x65, 0x63, 0x34, 0x20, 0x5f, //     highp vec4 _
	0x36, 0x34, 0x35, 0x3b, 0x0a, 0x20, 0x20, 0x20, 0x20, 0x20, 0x20, 0x20, 0x20, 0x20, 0x20, 0x20, // 645;.           
	0x20, 0x69, 0x66, 0x20, 0x28, 0x61, 0x6c, 0x70, 0x68, 0x61, 0x54, 0x65, 0x73, 0x74, 0x56, 0x61, //  if (alphaTestVa
	0x6c, 0x75, 0x65, 0x41, 0x42, 0x5f, 0x66, 0x69, 0x6c, 0x74, 0x65, 0x72, 0x4d, 0x6f, 0x64, 0x65, // lueAB_filterMode
	0x5f, 0x61, 0x64, 0x64, 0x42, 0x6c, 0x65, 0x6e, 0x64, 0x2e, 0x7a, 0x20, 0x3d, 0x3d, 0x20, 0x32, // _addBlend.z == 2
	0x2e, 0x30, 0x29, 0x0a, 0x20, 0x20, 0x20, 0x20, 0x20, 0x20, 0x20, 0x20, 0x20, 0x20, 0x20, 0x20, // .0).            
	0x7b, 0x0a, 0x20, 0x20, 0x20, 0x20, 0x20, 0x20, 0x20, 0x20, 0x20, 0x20, 0x20, 0x20, 0x20, 0x20, // {.              
	0x20, 0x20, 0x5f, 0x36, 0x34, 0x35, 0x20, 0x3d, 0x20, 0x5f, 0x36, 0x34, 0x32, 0x20, 0x2a, 0x20, //   _645 = _642 * 
	0x6d, 0x61, 0x78, 0x28, 0x6d, 0x69, 0x78, 0x28, 0x28, 0x5f, 0x36, 0x33, 0x36, 0x20, 0x2a, 0x20, // max(mix((_636 * 
	0x5f, 0x36, 0x34, 0x30, 0x29, 0x20, 0x2a, 0x20, 0x32, 0x2e, 0x30, 0x2c, 0x20, 0x76, 0x65, 0x63, // _640) * 2.0, vec
	0x34, 0x28, 0x31, 0x2e, 0x30, 0x29, 0x20, 0x2d, 0x20, 0x28, 0x28, 0x28, 0x76, 0x65, 0x63, 0x34, // 4(1.0) - (((vec4
	0x28, 0x31, 0x2e, 0x30, 0x29, 0x20, 0x2d, 0x20, 0x5f, 0x36, 0x33, 0x36, 0x29, 0x20, 0x2a, 0x20, // (1.0) - _636) * 
	0x32, 0x2e, 0x30, 0x29, 0x20, 0x2a, 0x20, 0x28, 0x76, 0x65, 0x63, 0x34, 0x28, 0x31, 0x2e, 0x30, // 2.0) * (vec4(1.0
	0x29, 0x20, 0x2d, 0x20, 0x5f, 0x36, 0x34, 0x30, 0x29, 0x29, 0x2c, 0x20, 0x73, 0x74, 0x65, 0x70, // ) - _640)), step
	0x28, 0x76, 0x65, 0x63, 0x34, 0x28, 0x30, 0x2e, 0x35, 0x29, 0x2c, 0x20, 0x5f, 0x36, 0x33, 0x36, // (vec4(0.5), _636
	0x29, 0x29, 0x2c, 0x20, 0x76, 0x65, 0x63, 0x34, 0x28, 0x30, 0x2e, 0x30, 0x29, 0x29, 0x3b, 0x0a, // )), vec4(0.0));.
	0x20, 0x20, 0x20, 0x20, 0x20, 0x20, 0x20, 0x20, 0x20, 0x20, 0x20, 0x20, 0x7d, 0x0a, 0x20, 0x20, //             }.  
	0x20, 0x20, 0x20, 0x20, 0x20, 0x20, 0x20, 0x20, 0x20, 0x20, 0x65, 0x6c, 0x73, 0x65, 0x0a, 0x20, //           else. 
	0x20, 0x20, 0x20, 0x20, 0x20, 0x20, 0x20, 0x20, 0x20, 0x20, 0x20, 0x7b, 0x0a, 0x20, 0x20, 0x20, //            {.   
	0x20, 0x20, 0x20, 0x20, 0x20, 0x20, 0x20, 0x20, 0x20, 0x20, 0x20, 0x20, 0x20, 0x5f, 0x36, 0x34, //              _64
	0x35, 0x20, 0x3d, 0x20, 0x5f, 0x36, 0x34, 0x32, 0x3b, 0x0a, 0x20, 0x20, 0x20, 0x20, 0x20, 0x20, // 5 = _642;.      
	0x20, 0x20, 0x20, 0x20, 0x20, 0x20, 0x7d, 0x0a, 0x20, 0x20, 0x20, 0x20, 0x20, 0x20, 0x20, 0x20, //       }.        
	0x20, 0x20, 0x20, 0x20, 0x68, 0x69, 0x67, 0x68, 0x70, 0x20, 0x76, 0x65, 0x63, 0x34, 0x20, 0x5f, //     highp vec4 _
	0x36, 0x34, 0x38, 0x3b, 0x0a, 0x20, 0x20, 0x20, 0x20, 0x20, 0x20, 0x20, 0x20, 0x20, 0x20, 0x20, // 648;.           
	0x20, 0x69, 0x66, 0x20, 0x28, 0x61, 0x6c, 0x70, 0x68, 0x61, 0x54, 0x65, 0x73, 0x74, 0x56, 0x61, //  if (alphaTestVa
	0x6c, 0x75, 0x65, 0x41, 0x42, 0x5f, 0x66, 0x69, 0x6c, 0x74, 0x65, 0x72, 0x4d, 0x6f, 0x64, 0x65, // lueAB_filterMode
	0x5f, 0x61, 0x64, 0x64, 0x42, 0x6c, 0x65, 0x6e, 0x64, 0x2e, 0x7a, 0x20, 0x3d, 0x3d, 0x20, 0x33, // _addBlend.z == 3
	0x2e, 0x30, 0x29, 0x0a, 0x20, 0x20, 0x20, 0x20, 0x20, 0x20, 0x20, 0x20, 0x20, 0x20, 0x20, 0x20, // .0).            
	0x7b, 0x0a, 0x20, 0x20, 0x20, 0x20, 0x20, 0x20, 0x20, 0x20, 0x20, 0x20, 0x20, 0x20, 0x20, 0x20, // {.              
	0x20, 0x20, 0x5f, 0x36, 0x34, 0x38, 0x20, 0x3d, 0x20, 0x5f, 0x36, 0x34, 0x35, 0x20, 0x2a, 0x20, //   _648 = _645 * 
	0x28, 0x28, 0x5f, 0x36, 0x33, 0x36, 0x20, 0x2a, 0x20, 0x5f, 0x36, 0x34, 0x30, 0x29, 0x20, 0x2a, // ((_636 * _640) *
	0x20, 0x61, 0x6d, 0x6f, 0x75, 0x6e, 0x74, 0x5f, 0x62, 0x6c, 0x65, 0x6e, 0x64, 0x5f, 0x6d, 0x6f, //  amount_blend_mo
	0x64, 0x75, 0x6c, 0x61, 0x74, 0x65, 0x5f, 0x76, 0x73, 0x5f, 0x61, 0x64, 0x64, 0x5f, 0x66, 0x6c, // dulate_vs_add_fl
	0x61, 0x73, 0x68, 0x65, 0x72, 0x4d, 0x6f, 0x64, 0x65, 0x2e, 0x78, 0x29, 0x3b, 0x0a, 0x20, 0x20, // asherMode.x);.  
	0x20, 0x20, 0x20, 0x20, 0x20, 0x20, 0x20, 0x20, 0x20, 0x20, 0x7d, 0x0a, 0x20, 0x20, 0x20, 0x20, //           }.    
	0x20, 0x20, 0x20, 0x20, 0x20, 0x20, 0x20, 0x20, 0x65, 0x6c, 0x73, 0x65, 0x0a, 0x20, 0x20, 0x20, //         else.   
	0x20, 0x20, 0x20, 0x20, 0x20, 0x20, 0x20, 0x20, 0x20, 0x7b, 0x0a, 0x20, 0x20, 0x20, 0x20, 0x20, //          {.     
	0x20, 0x20, 0x20, 0x20, 0x20, 0x20, 0x20, 0x20, 0x20, 0x20, 0x20, 0x5f, 0x36, 0x34, 0x38, 0x20, //            _648 
	0x3d, 0x20, 0x5f, 0x36, 0x34, 0x35, 0x3b, 0x0a, 0x20, 0x20, 0x20, 0x20, 0x20, 0x20, 0x20, 0x20, // = _645;.        
	0x20, 0x20, 0x20, 0x20, 0x7d, 0x0a, 0x20, 0x20, 0x20, 0x20, 0x20, 0x20, 0x20, 0x20, 0x20, 0x20, //     }.          
	0x20, 0x20, 0x68, 0x69, 0x67, 0x68, 0x70, 0x20, 0x76, 0x65, 0x63, 0x34, 0x20, 0x5f, 0x36, 0x35, //   highp vec4 _65
	0x31, 0x3b, 0x0a, 0x20, 0x20, 0x20, 0x20, 0x20, 0x20, 0x20, 0x20, 0x20, 0x20, 0x20, 0x20, 0x69, // 1;.            i
	0x66, 0x20, 0x28, 0x61, 0x6c, 0x70, 0x68, 0x61, 0x54, 0x65, 0x73, 0x74, 0x56, 0x61, 0x6c, 0x75, // f (alphaTestValu
	0x65, 0x41, 0x42, 0x5f, 0x66, 0x69, 0x6c, 0x74, 0x65, 0x72, 0x4d, 0x6f, 0x64, 0x65, 0x5f, 0x61, // eAB_filterMode_a
	0x64, 0x64, 0x42, 0x6c, 0x65, 0x6e, 0x64, 0x2e, 0x7a, 0x20, 0x3d, 0x3d, 0x20, 0x31, 0x2e, 0x30, // ddBlend.z == 1.0
	0x29, 0x0a, 0x20, 0x20, 0x20, 0x20, 0x20, 0x20, 0x20, 0x20, 0x20, 0x20, 0x20, 0x20, 0x7b, 0x0a, // ).            {.
	0x20, 0x20, 0x20, 0x20, 0x20, 0x20, 0x20, 0x20, 0x20, 0x20, 0x20, 0x20, 0x20, 0x20, 0x20, 0x20, //                 
	0x5f, 0x36, 0x35, 0x31, 0x20, 0x3d, 0x20, 0x5f, 0x36, 0x34, 0x38, 0x20, 0x2a, 0x20, 0x28, 0x5f, // _651 = _648 * (_
	0x36, 0x33, 0x36, 0x20, 0x2b, 0x20, 0x28, 0x5f, 0x36, 0x34, 0x30, 0x20, 0x2a, 0x20, 0x61, 0x6d, // 636 + (_640 * am
	0x6f, 0x75, 0x6e, 0x74, 0x5f, 0x62, 0x6c, 0x65, 0x6e, 0x64, 0x5f, 0x6d, 0x6f, 0x64, 0x75, 0x6c, // ount_blend_modul
	0x61, 0x74, 0x65, 0x5f, 0x76, 0x73, 0x5f, 0x61, 0x64, 0x64, 0x5f, 0x66, 0x6c, 0x61, 0x73, 0x68, // ate_vs_add_flash
	0x65, 0x72, 0x4d, 0x6f, 0x64, 0x65, 0x2e, 0x78, 0x29, 0x29, 0x3b, 0x0a, 0x20, 0x20, 0x20, 0x20, // erMode.x));.    
	0x20, 0x20, 0x20, 0x20, 0x20, 0x20, 0x20, 0x20, 0x7d, 0x0a, 0x20, 0x20, 0x20, 0x20, 0x20, 0x20, //         }.      
	0x20, 0x20, 0x20, 0x20, 0x20, 0x20, 0x65, 0x6c, 0x73, 0x65, 0x0a, 0x20, 0x20, 0x20, 0x20, 0x20, //       else.     
	0x20, 0x20, 0x20, 0x20, 0x20, 0x20, 0x20, 0x7b, 0x0a, 0x20, 0x20, 0x20, 0x20, 0x20, 0x20, 0x20, //        {.       
	0x20, 0x20, 0x20, 0x20, 0x20, 0x20, 0x20, 0x20, 0x20, 0x5f, 0x36, 0x35, 0x31, 0x20, 0x3d, 0x20, //          _651 = 
	0x5f, 0x36, 0x34, 0x38, 0x3b, 0x0a, 0x20, 0x20, 0x20, 0x20, 0x20, 0x20, 0x20, 0x20, 0x20, 0x20, // _648;.          
	0x20, 0x20, 0x7d, 0x0a, 0x20, 0x20, 0x20, 0x20, 0x20, 0x20, 0x20, 0x20, 0x20, 0x20, 0x20, 0x20, //   }.            
	0x68, 0x69, 0x67, 0x68, 0x70, 0x20, 0x76, 0x65, 0x63, 0x34, 0x20, 0x5f, 0x36, 0x37, 0x36, 0x3b, // highp vec4 _676;
	0x0a, 0x20, 0x20, 0x20, 0x20, 0x20, 0x20, 0x20, 0x20, 0x20, 0x20, 0x20, 0x20, 0x69, 0x66, 0x20, // .            if 
	0x28, 0x61, 0x6c, 0x70, 0x68, 0x61, 0x54, 0x65, 0x73, 0x74, 0x56, 0x61, 0x6c, 0x75, 0x65, 0x41, // (alphaTestValueA
	0x42, 0x5f, 0x66, 0x69, 0x6c, 0x74, 0x65, 0x72, 0x4d, 0x6f, 0x64, 0x65, 0x5f, 0x61, 0x64, 0x64, // B_filterMode_add
	0x42, 0x6c, 0x65, 0x6e, 0x64, 0x2e, 0x7a, 0x20, 0x3d, 0x3d, 0x20, 0x34, 0x2e, 0x30, 0x29, 0x0a, // Blend.z == 4.0).
	0x20, 0x20, 0x20, 0x20, 0x20, 0x20, 0x20, 0x20, 0x20, 0x20, 0x20, 0x20, 0x7b, 0x0a, 0x20, 0x20, //             {.  
	0x20, 0x20, 0x20, 0x20, 0x20, 0x20, 0x20, 0x20, 0x20, 0x20, 0x20, 0x20, 0x20, 0x20, 0x5f, 0x36, //               _6
	0x37, 0x36, 0x20, 0x3d, 0x20, 0x5f, 0x36, 0x35, 0x31, 0x20, 0x2a, 0x20, 0x6d, 0x61, 0x78, 0x28, // 76 = _651 * max(
	0x76, 0x65, 0x63, 0x34, 0x28, 0x31, 0x2e, 0x30, 0x29, 0x20, 0x2d, 0x20, 0x28, 0x28, 0x76, 0x65, // vec4(1.0) - ((ve
	0x63, 0x34, 0x28, 0x31, 0x2e, 0x30, 0x29, 0x20, 0x2d, 0x20, 0x5f, 0x36, 0x33, 0x36, 0x29, 0x20, // c4(1.0) - _636) 
	0x2a, 0x20, 0x28, 0x76, 0x65, 0x63, 0x34, 0x28, 0x31, 0x2e, 0x30, 0x29, 0x20, 0x2d, 0x20, 0x5f, // * (vec4(1.0) - _
	0x36, 0x34, 0x30, 0x29, 0x29, 0x2c, 0x20, 0x76, 0x65, 0x63, 0x34, 0x28, 0x30, 0x2e, 0x30, 0x29, // 640)), vec4(0.0)
	0x29, 0x3b, 0x0a, 0x20, 0x20, 0x20, 0x20, 0x20, 0x20, 0x20, 0x20, 0x20, 0x20, 0x20, 0x20, 0x7d, // );.            }
	0x0a, 0x20, 0x20, 0x20, 0x20, 0x20, 0x20, 0x20, 0x20, 0x20, 0x20, 0x20, 0x20, 0x65, 0x6c, 0x73, // .            els
	0x65, 0x0a, 0x20, 0x20, 0x20, 0x20, 0x20, 0x20, 0x20, 0x20, 0x20, 0x20, 0x20, 0x20, 0x7b, 0x0a, // e.            {.
	0x20, 0x20, 0x20, 0x20, 0x20, 0x20, 0x20, 0x20, 0x20, 0x20, 0x20, 0x20, 0x20, 0x20, 0x20, 0x20, //                 
	0x5f, 0x36, 0x37, 0x36, 0x20, 0x3d, 0x20, 0x5f, 0x36, 0x35, 0x31, 0x3b, 0x0a, 0x20, 0x20, 0x20, // _676 = _651;.   
	0x20, 0x20, 0x20, 0x20, 0x20, 0x20, 0x20, 0x20, 0x20, 0x7d, 0x0a, 0x20, 0x20, 0x20, 0x20, 0x20, //          }.     
	0x20, 0x20, 0x20, 0x20, 0x20, 0x20, 0x20, 0x5f, 0x36, 0x37, 0x35, 0x20, 0x3d, 0x20, 0x5f, 0x36, //        _675 = _6
	0x37, 0x36, 0x3b, 0x0a, 0x20, 0x20, 0x20, 0x20, 0x20, 0x20, 0x20, 0x20, 0x7d, 0x0a, 0x20, 0x20, // 76;.        }.  
	0x20, 0x20, 0x20, 0x20, 0x20, 0x20, 0x65, 0x6c, 0x73, 0x65, 0x0a, 0x20, 0x20, 0x20, 0x20, 0x20, //       else.     
	0x20, 0x20, 0x20, 0x7b, 0x0a, 0x20, 0x20, 0x20, 0x20, 0x20, 0x20, 0x20, 0x20, 0x20, 0x20, 0x20, //    {.           
	0x20, 0x5f, 0x36, 0x37, 0x35, 0x20, 0x3d, 0x20, 0x5f, 0x36, 0x34, 0x32, 0x3b, 0x0a, 0x20, 0x20, //  _675 = _642;.  
	0x20, 0x20, 0x20, 0x20, 0x20, 0x20, 0x7d, 0x0a, 0x20, 0x20, 0x20, 0x20, 0x20, 0x20, 0x20, 0x20, //       }.        
	0x68, 0x69, 0x67, 0x68, 0x70, 0x20, 0x76, 0x65, 0x63, 0x34, 0x20, 0x5f, 0x36, 0x37, 0x38, 0x3b, // highp vec4 _678;
	0x0a, 0x20, 0x20, 0x20, 0x20, 0x20, 0x20, 0x20, 0x20, 0x69, 0x66, 0x20, 0x28, 0x6c, 0x69, 0x67, // .        if (lig
	0x68, 0x74, 0x43, 0x65, 0x6e, 0x74, 0x65, 0x72, 0x5f, 0x64, 0x6f, 0x53, 0x68, 0x61, 0x64, 0x6f, // htCenter_doShado
	0x77, 0x2e, 0x77, 0x20, 0x21, 0x3d, 0x20, 0x30, 0x2e, 0x30, 0x29, 0x0a, 0x20, 0x20, 0x20, 0x20, // w.w != 0.0).    
	0x20, 0x20, 0x20, 0x20, 0x7b, 0x0a, 0x20, 0x20, 0x20, 0x20, 0x20, 0x20, 0x20, 0x20, 0x20, 0x20, //     {.          
	0x20, 0x20, 0x68, 0x69, 0x67, 0x68, 0x70, 0x20, 0x76, 0x65, 0x63, 0x33, 0x20, 0x5f, 0x33, 0x35, //   highp vec3 _35
	0x31, 0x20, 0x3d, 0x20, 0x76, 0x5f, 0x74, 0x61, 0x62, 0x6c, 0x65, 0x50, 0x6f, 0x73, 0x20, 0x2d, // 1 = v_tablePos -
	0x20, 0x6c, 0x69, 0x67, 0x68, 0x74, 0x43, 0x65, 0x6e, 0x74, 0x65, 0x72, 0x5f, 0x64, 0x6f, 0x53, //  lightCenter_doS
	0x68, 0x61, 0x64, 0x6f, 0x77, 0x2e, 0x78, 0x79, 0x7a, 0x3b, 0x0a, 0x20, 0x20, 0x20, 0x20, 0x20, // hadow.xyz;.     
	0x20, 0x20, 0x20, 0x20, 0x20, 0x20, 0x20, 0x68, 0x69, 0x67, 0x68, 0x70, 0x20, 0x66, 0x6c, 0x6f, //        highp flo
	0x61, 0x74, 0x20, 0x5f, 0x33, 0x35, 0x34, 0x20, 0x3d, 0x20, 0x6c, 0x65, 0x6e, 0x67, 0x74, 0x68, // at _354 = length
	0x28, 0x5f, 0x33, 0x35, 0x31, 0x29, 0x3b, 0x0a, 0x20, 0x20, 0x20, 0x20, 0x20, 0x20, 0x20, 0x20, // (_351);.        
	0x20, 0x20, 0x20, 0x20, 0x68, 0x69, 0x67, 0x68, 0x70, 0x20, 0x66, 0x6c, 0x6f, 0x61, 0x74, 0x20, //     highp float 
	0x5f, 0x36, 0x35, 0x39, 0x3b, 0x0a, 0x20, 0x20, 0x20, 0x20, 0x20, 0x20, 0x20, 0x20, 0x20, 0x20, // _659;.          
	0x20, 0x20, 0x64, 0x6f, 0x0a, 0x20, 0x20, 0x20, 0x20, 0x20, 0x20, 0x20, 0x20, 0x20, 0x20, 0x20, //   do.           
	0x20, 0x7b, 0x0a, 0x20, 0x20, 0x20, 0x20, 0x20, 0x20, 0x20, 0x20, 0x20, 0x20, 0x20, 0x20, 0x20, //  {.             
	0x20, 0x20, 0x20, 0x68, 0x69, 0x67, 0x68, 0x70, 0x20, 0x66, 0x6c, 0x6f, 0x61, 0x74, 0x20, 0x5f, //    highp float _
	0x36, 0x35, 0x33, 0x3b, 0x0a, 0x20, 0x20, 0x20, 0x20, 0x20, 0x20, 0x20, 0x20, 0x20, 0x20, 0x20, // 653;.           
	0x20, 0x20, 0x20, 0x20, 0x20, 0x5f, 0x36, 0x35, 0x33, 0x20, 0x3d, 0x20, 0x31, 0x2e, 0x30, 0x3b, //      _653 = 1.0;
	0x0a, 0x20, 0x20, 0x20, 0x20, 0x20, 0x20, 0x20, 0x20, 0x20, 0x20, 0x20, 0x20, 0x20, 0x20, 0x20, // .               
	0x20, 0x62, 0x6f, 0x6f, 0x6c, 0x20, 0x5f, 0x36, 0x35, 0x35, 0x3b, 0x0a, 0x20, 0x20, 0x20, 0x20, //  bool _655;.    
	0x20, 0x20, 0x20, 0x20, 0x20, 0x20, 0x20, 0x20, 0x20, 0x20, 0x20, 0x20, 0x68, 0x69, 0x67, 0x68, //             high
	0x70, 0x20, 0x66, 0x6c, 0x6f, 0x61, 0x74, 0x20, 0x5f, 0x36, 0x36, 0x30, 0x3b, 0x0a, 0x20, 0x20, // p float _660;.  
	0x20, 0x20, 0x20, 0x20, 0x20, 0x20, 0x20, 0x20, 0x20, 0x20, 0x20, 0x20, 0x20, 0x20, 0x68, 0x69, //               hi
	0x67, 0x68, 0x70, 0x20, 0x66, 0x6c, 0x6f, 0x61, 0x74, 0x20, 0x5f, 0x36, 0x37, 0x39, 0x3b, 0x0a, // ghp float _679;.
	0x20, 0x20, 0x20, 0x20, 0x20, 0x20, 0x20, 0x20, 0x20, 0x20, 0x20, 0x20, 0x20, 0x20, 0x20, 0x20, //                 
	0x69, 0x6e, 0x74, 0x20, 0x5f, 0x36, 0x35, 0x32, 0x20, 0x3d, 0x20, 0x30, 0x3b, 0x0a, 0x20, 0x20, // int _652 = 0;.  
	0x20, 0x20, 0x20, 0x20, 0x20, 0x20, 0x20, 0x20, 0x20, 0x20, 0x20, 0x20, 0x20, 0x20, 0x66, 0x6f, //               fo
	0x72, 0x20, 0x28, 0x3b, 0x3b, 0x29, 0x0a, 0x20, 0x20, 0x20, 0x20, 0x20, 0x20, 0x20, 0x20, 0x20, // r (;;).         
	0x20, 0x20, 0x20, 0x20, 0x20, 0x20, 0x20, 0x7b, 0x0a, 0x20, 0x20, 0x20, 0x20, 0x20, 0x20, 0x20, //        {.       
	0x20, 0x20, 0x20, 0x20, 0x20, 0x20, 0x20, 0x20, 0x20, 0x20, 0x20, 0x20, 0x20, 0x69, 0x66, 0x20, //              if 
	0x28, 0x5f, 0x36, 0x35, 0x32, 0x20, 0x3c, 0x20, 0x38, 0x29, 0x0a, 0x20, 0x20, 0x20, 0x20, 0x20, // (_652 < 8).     
	0x20, 0x20, 0x20, 0x20, 0x20, 0x20, 0x20, 0x20, 0x20, 0x20, 0x20, 0x20, 0x20, 0x20, 0x20, 0x7b, //                {
	0x0a, 0x20, 0x20, 0x20, 0x20, 0x20, 0x20, 0x20, 0x20, 0x20, 0x20, 0x20, 0x20, 0x20, 0x20, 0x20, // .               
	0x20, 0x20, 0x20, 0x20, 0x20, 0x20, 0x20, 0x20, 0x20, 0x69, 0x66, 0x20, 0x28, 0x62, 0x61, 0x6c, //          if (bal
	0x6c, 0x73, 0x5b, 0x5f, 0x36, 0x35, 0x32, 0x5d, 0x2e, 0x77, 0x20, 0x3d, 0x3d, 0x20, 0x30, 0x2e, // ls[_652].w == 0.
	0x30, 0x29, 0x0a, 0x20, 0x20, 0x20, 0x20, 0x20, 0x20, 0x20, 0x20, 0x20, 0x20, 0x20, 0x20, 0x20, // 0).             
	0x20, 0x20, 0x20, 0x20, 0x20, 0x20, 0x20, 0x20, 0x20, 0x20, 0x20, 0x7b, 0x0a, 0x20, 0x20, 0x20, //            {.   
	0x20, 0x20, 0x20, 0x20, 0x20, 0x20, 0x20, 0x20, 0x20, 0x20, 0x20, 0x20, 0x20, 0x20, 0x20, 0x20, //                 
	0x20, 0x20, 0x20, 0x20, 0x20, 0x20, 0x20, 0x20, 0x20, 0x5f, 0x36, 0x36, 0x30, 0x20, 0x3d, 0x20, //          _660 = 
	0x5f, 0x36, 0x35, 0x33, 0x3b, 0x0a, 0x20, 0x20, 0x20, 0x20, 0x20, 0x20, 0x20, 0x20, 0x20, 0x20, // _653;.          
	0x20, 0x20, 0x20, 0x20, 0x20, 0x20, 0x20, 0x20, 0x20, 0x20, 0x20, 0x20, 0x20, 0x20, 0x20, 0x20, //                 
	0x20, 0x20, 0x5f, 0x36, 0x35, 0x35, 0x20, 0x3d, 0x20, 0x74, 0x72, 0x75, 0x65, 0x3b, 0x0a, 0x20, //   _655 = true;. 
	0x20, 0x20, 0x20, 0x20, 0x20, 0x20, 0x20, 0x20, 0x20, 0x20, 0x20, 0x20, 0x20, 0x20, 0x20, 0x20, //                 
	0x20, 0x20, 0x20, 0x20, 0x20, 0x20, 0x20, 0x20, 0x20, 0x20, 0x20, 0x62, 0x72, 0x65, 0x61, 0x6b, //            break
	0x3b, 0x0a, 0x20, 0x20, 0x20, 0x20, 0x20, 0x20, 0x20, 0x20, 0x20, 0x20, 0x20, 0x20, 0x20, 0x20, // ;.              
	0x20, 0x20, 0x20, 0x20, 0x20, 0x20, 0x20, 0x20, 0x20, 0x20, 0x7d, 0x0a, 0x20, 0x20, 0x20, 0x20, //           }.    
	0x20, 0x20, 0x20, 0x20, 0x20, 0x20, 0x20, 0x20, 0x20, 0x20, 0x20, 0x20, 0x20, 0x20, 0x20, 0x20, //                 
	0x20, 0x20, 0x20, 0x20, 0x68, 0x69, 0x67, 0x68, 0x70, 0x20, 0x76, 0x65, 0x63, 0x33, 0x20, 0x5f, //     highp vec3 _
	0x35, 0x35, 0x32, 0x20, 0x3d, 0x20, 0x62, 0x61, 0x6c, 0x6c, 0x73, 0x5b, 0x5f, 0x36, 0x35, 0x32, // 552 = balls[_652
	0x5d, 0x2e, 0x78, 0x79, 0x7a, 0x20, 0x2d, 0x20, 0x6c, 0x69, 0x67, 0x68, 0x74, 0x43, 0x65, 0x6e, // ].xyz - lightCen
	0x74, 0x65, 0x72, 0x5f, 0x64, 0x6f, 0x53, 0x68, 0x61, 0x64, 0x6f, 0x77, 0x2e, 0x78, 0x79, 0x7a, // ter_doShadow.xyz
	0x3b, 0x0a, 0x20, 0x20, 0x20, 0x20, 0x20, 0x20, 0x20, 0x20, 0x20, 0x20, 0x20, 0x20, 0x20, 0x20, // ;.              
	0x20, 0x20, 0x20, 0x20, 0x20, 0x20, 0x20, 0x20, 0x20, 0x20, 0x68, 0x69, 0x67, 0x68, 0x70, 0x20, //           highp 
	0x66, 0x6c, 0x6f, 0x61, 0x74, 0x20, 0x5f, 0x35, 0x35, 0x39, 0x20, 0x3d, 0x20, 0x64, 0x6f, 0x74, // float _559 = dot
	0x28, 0x5f, 0x35, 0x35, 0x32, 0x2c, 0x20, 0x5f, 0x33, 0x35, 0x31, 0x29, 0x20, 0x2f, 0x20, 0x28, // (_552, _351) / (
	0x5f, 0x33, 0x35, 0x34, 0x20, 0x2a, 0x20, 0x5f, 0x33, 0x35, 0x34, 0x29, 0x3b, 0x0a, 0x20, 0x20, // _354 * _354);.  
	0x20, 0x20, 0x20, 0x20, 0x20, 0x20, 0x20, 0x20, 0x20, 0x20, 0x20, 0x20, 0x20, 0x20, 0x20, 0x20, //                 
	0x20, 0x20, 0x20, 0x20, 0x20, 0x20, 0x69, 0x66, 0x20, 0x28, 0x28, 0x5f, 0x35, 0x35, 0x39, 0x20, //       if ((_559 
	0x3e, 0x20, 0x30, 0x2e, 0x30, 0x29, 0x20, 0x26, 0x26, 0x20, 0x28, 0x5f, 0x35, 0x35, 0x39, 0x20, // > 0.0) && (_559 
	0x3c, 0x20, 0x31, 0x2e, 0x30, 0x29, 0x29, 0x0a, 0x20, 0x20, 0x20, 0x20, 0x20, 0x20, 0x20, 0x20, // < 1.0)).        
	0x20, 0x20, 0x20, 0x20, 0x20, 0x20, 0x20, 0x20, 0x20, 0x20, 0x20, 0x20, 0x20, 0x20, 0x20, 0x20, //                 
	0x7b, 0x0a, 0x20, 0x20, 0x20, 0x20, 0x20, 0x20, 0x20, 0x20, 0x20, 0x20, 0x20, 0x20, 0x20, 0x20, // {.              
	0x20, 0x20, 0x20, 0x20, 0x20, 0x20, 0x20, 0x20, 0x20, 0x20, 0x20, 0x20, 0x20, 0x20, 0x68, 0x69, //               hi
	0x67, 0x68, 0x70, 0x20, 0x66, 0x6c, 0x6f, 0x61, 0x74, 0x20, 0x5f, 0x35, 0x37, 0x37, 0x20, 0x3d, // ghp float _577 =
	0x20, 0x35, 0x2e, 0x30, 0x20, 0x2d, 0x20, 0x28, 0x35, 0x2e, 0x30, 0x20, 0x2a, 0x20, 0x5f, 0x35, //  5.0 - (5.0 * _5
	0x35, 0x39, 0x29, 0x3b, 0x0a, 0x20, 0x20, 0x20, 0x20, 0x20, 0x20, 0x20, 0x20, 0x20, 0x20, 0x20, // 59);.           
	0x20, 0x20, 0x20, 0x20, 0x20, 0x20, 0x20, 0x20, 0x20, 0x20, 0x20, 0x20, 0x20, 0x20, 0x20, 0x20, //                 
	0x20, 0x68, 0x69, 0x67, 0x68, 0x70, 0x20, 0x66, 0x6c, 0x6f, 0x61, 0x74, 0x20, 0x5f, 0x35, 0x37, //  highp float _57
	0x39, 0x20, 0x3d, 0x20, 0x5f, 0x35, 0x35, 0x32, 0x2e, 0x78, 0x3b, 0x0a, 0x20, 0x20, 0x20, 0x20, // 9 = _552.x;.    
	0x20, 0x20, 0x20, 0x20, 0x20, 0x20, 0x20, 0x20, 0x20, 0x20, 0x20, 0x20, 0x20, 0x20, 0x20, 0x20, //                 
	0x20, 0x20, 0x20, 0x20, 0x20, 0x20, 0x20, 0x20, 0x68, 0x69, 0x67, 0x68, 0x70, 0x20, 0x66, 0x6c, //         highp fl
	0x6f, 0x61, 0x74, 0x20, 0x5f, 0x35, 0x38, 0x34, 0x20, 0x3d, 0x20, 0x5f, 0x35, 0x35, 0x32, 0x2e, // oat _584 = _552.
	0x79, 0x3b, 0x0a, 0x20, 0x20, 0x20, 0x20, 0x20, 0x20, 0x20, 0x20, 0x20, 0x20, 0x20, 0x20, 0x20, // y;.             
	0x20, 0x20, 0x20, 0x20, 0x20, 0x20, 0x20, 0x20, 0x20, 0x20, 0x20, 0x20, 0x20, 0x20, 0x20, 0x5f, //                _
	0x36, 0x37, 0x39, 0x20, 0x3d, 0x20, 0x5f, 0x36, 0x35, 0x33, 0x20, 0x2a, 0x20, 0x28, 0x31, 0x2e, // 679 = _653 * (1.
	0x30, 0x20, 0x2b, 0x20, 0x28, 0x63, 0x6c, 0x61, 0x6d, 0x70, 0x28, 0x28, 0x28, 0x5f, 0x35, 0x37, // 0 + (clamp(((_57
	0x39, 0x20, 0x2a, 0x20, 0x5f, 0x35, 0x37, 0x39, 0x29, 0x20, 0x2b, 0x20, 0x28, 0x5f, 0x35, 0x38, // 9 * _579) + (_58
	0x34, 0x20, 0x2a, 0x20, 0x5f, 0x35, 0x38, 0x34, 0x29, 0x29, 0x20, 0x2f, 0x20, 0x28, 0x62, 0x61, // 4 * _584)) / (ba
	0x6c, 0x6c, 0x73, 0x5b, 0x5f, 0x36, 0x35, 0x32, 0x5d, 0x2e, 0x77, 0x20, 0x2a, 0x20, 0x62, 0x61, // lls[_652].w * ba
	0x6c, 0x6c, 0x73, 0x5b, 0x5f, 0x36, 0x35, 0x32, 0x5d, 0x2e, 0x77, 0x29, 0x2c, 0x20, 0x30, 0x2e, // lls[_652].w), 0.
	0x30, 0x2c, 0x20, 0x31, 0x2e, 0x30, 0x29, 0x20, 0x2a, 0x20, 0x28, 0x28, 0x2d, 0x30, 0x2e, 0x38, // 0, 1.0) * ((-0.8
	0x39, 0x39, 0x39, 0x39, 0x39, 0x39, 0x37, 0x36, 0x31, 0x35, 0x38, 0x31, 0x34, 0x32, 0x30, 0x38, // 9999997615814208
	0x39, 0x38, 0x34, 0x33, 0x37, 0x35, 0x29, 0x20, 0x2b, 0x20, 0x28, 0x30, 0x2e, 0x38, 0x39, 0x39, // 984375) + (0.899
	0x39, 0x39, 0x39, 0x39, 0x37, 0x36, 0x31, 0x35, 0x38, 0x31, 0x34, 0x32, 0x30, 0x38, 0x39, 0x38, // 9999761581420898
	0x34, 0x33, 0x37, 0x35, 0x20, 0x2a, 0x20, 0x73, 0x6d, 0x6f, 0x6f, 0x74, 0x68, 0x73, 0x74, 0x65, // 4375 * smoothste
	0x70, 0x28, 0x62, 0x61, 0x6c, 0x6c, 0x73, 0x5b, 0x5f, 0x36, 0x35, 0x32, 0x5d, 0x2e, 0x77, 0x20, // p(balls[_652].w 
	0x2d, 0x20, 0x5f, 0x35, 0x37, 0x37, 0x2c, 0x20, 0x62, 0x61, 0x6c, 0x6c, 0x73, 0x5b, 0x5f, 0x36, // - _577, balls[_6
	0x35, 0x32, 0x5d, 0x2e, 0x77, 0x20, 0x2b, 0x20, 0x5f, 0x35, 0x37, 0x37, 0x2c, 0x20, 0x6c, 0x65, // 52].w + _577, le
	0x6e, 0x67, 0x74, 0x68, 0x28, 0x5f, 0x35, 0x35, 0x32, 0x20, 0x2d, 0x20, 0x28, 0x5f, 0x33, 0x35, // ngth(_552 - (_35
	0x31, 0x20, 0x2a, 0x20, 0x5f, 0x35, 0x35, 0x39, 0x29, 0x29, 0x29, 0x29, 0x29, 0x29, 0x29, 0x3b, // 1 * _559)))))));
	0x0a, 0x20, 0x20, 0x20, 0x20, 0x20, 0x20, 0x20, 0x20, 0x20, 0x20, 0x20, 0x20, 0x20, 0x20, 0x20, // .               
	0x20, 0x20, 0x20, 0x20, 0x20, 0x20, 0x20, 0x20, 0x20, 0x7d, 0x0a, 0x20, 0x20, 0x20, 0x20, 0x20, //          }.     
	0x20, 0x20, 0x20, 0x20, 0x20, 0x20, 0x20, 0x20, 0x20, 0x20, 0x20, 0x20, 0x20, 0x20, 0x20, 0x20, //                 
	0x20, 0x20, 0x20, 0x65, 0x6c, 0x73, 0x65, 0x0a, 0x20, 0x20, 0x20, 0x20, 0x20, 0x20, 0x20, 0x20, //    else.        
	0x20, 0x20, 0x20, 0x20, 0x20, 0x20, 0x20, 0x20, 0x20, 0x20, 0x20, 0x20, 0x20, 0x20, 0x20, 0x20, //                 
	0x7b, 0x0a, 0x20, 0x20, 0x20, 0x20, 0x20, 0x20, 0x20, 0x20, 0x20, 0x20, 0x20, 0x20, 0x20, 0x20, // {.              
	0x20, 0x20, 0x20, 0x20, 0x20, 0x20, 0x20, 0x20, 0x20, 0x20, 0x20, 0x20, 0x20, 0x20, 0x5f, 0x36, //               _6
	0x37, 0x39, 0x20, 0x3d, 0x20, 0x5f, 0x36, 0x35, 0x33, 0x3b, 0x0a, 0x20, 0x20, 0x20, 0x20, 0x20, // 79 = _653;.     
	0x20, 0x20, 0x20, 0x20, 0x20, 0x20, 0x20, 0x20, 0x20, 0x20, 0x20, 0x20, 0x20, 0x20, 0x20, 0x20, //                 
	0x20, 0x20, 0x20, 0x7d, 0x0a, 0x20, 0x20, 0x20, 0x20, 0x20, 0x20, 0x20, 0x20, 0x20, 0x20, 0x20, //    }.           
	0x20, 0x20, 0x20, 0x20, 0x20, 0x20, 0x20, 0x20, 0x20, 0x20, 0x20, 0x20, 0x20, 0x5f, 0x36, 0x35, //              _65
	0x33, 0x20, 0x3d, 0x20, 0x5f, 0x36, 0x37, 0x39, 0x3b, 0x0a, 0x20, 0x20, 0x20, 0x20, 0x20, 0x20, // 3 = _679;.      
	0x20, 0x20, 0x20, 0x20, 0x20, 0x20, 0x20, 0x20, 0x20, 0x20, 0x20, 0x20, 0x20, 0x20, 0x20, 0x20, //                 
	0x20, 0x20, 0x5f, 0x36, 0x35, 0x32, 0x2b, 0x2b, 0x3b, 0x0a, 0x20, 0x20, 0x20, 0x20, 0x20, 0x20, //   _652++;.      
	0x20, 0x20, 0x20, 0x20, 0x20, 0x20, 0x20, 0x20, 0x20, 0x20, 0x20, 0x20, 0x20, 0x20, 0x20, 0x20, //                 
	0x20, 0x20, 0x63, 0x6f, 0x6e, 0x74, 0x69, 0x6e, 0x75, 0x65, 0x3b, 0x0a, 0x20, 0x20, 0x20, 0x20, //   continue;.    
	0x20, 0x20, 0x20, 0x20, 0x20, 0x20, 0x20, 0x20, 0x20, 0x20, 0x20, 0x20, 0x20, 0x20, 0x20, 0x20, //                 
	0x7d, 0x0a, 0x20, 0x20, 0x20, 0x20, 0x20, 0x20, 0x20, 0x20, 0x20, 0x20, 0x20, 0x20, 0x20, 0x20, // }.              
	0x20, 0x20, 0x20, 0x20, 0x20, 0x20, 0x65, 0x6c, 0x73, 0x65, 0x0a, 0x20, 0x20, 0x20, 0x20, 0x20, //       else.     
	0x20, 0x20, 0x20, 0x20, 0x20, 0x20, 0x20, 0x20, 0x20, 0x20, 0x20, 0x20, 0x20, 0x20, 0x20, 0x7b, //                {
	0x0a, 0x20, 0x20, 0x20, 0x20, 0x20, 0x20, 0x20, 0x20, 0x20, 0x20, 0x20, 0x20, 0x20, 0x20, 0x20, // .               
	0x20, 0x20, 0x20, 0x20, 0x20, 0x20, 0x20, 0x20, 0x20, 0x5f, 0x36, 0x36, 0x30, 0x20, 0x3d, 0x20, //          _660 = 
	0x5f, 0x36, 0x36, 0x36, 0x3b, 0x0a, 0x20, 0x20, 0x20, 0x20, 0x20, 0x20, 0x20, 0x20, 0x20, 0x20, // _666;.          
	0x20, 0x20, 0x20, 0x20, 0x20, 0x20, 0x20, 0x20, 0x20, 0x20, 0x20, 0x20, 0x20, 0x20, 0x5f, 0x36, //               _6
	0x35, 0x35, 0x20, 0x3d, 0x20, 0x66, 0x61, 0x6c, 0x73, 0x65, 0x3b, 0x0a, 0x20, 0x20, 0x20, 0x20, // 55 = false;.    
	0x20, 0x20, 0x20, 0x20, 0x20, 0x20, 0x20, 0x20, 0x20, 0x20, 0x20, 0x20, 0x20, 0x20, 0x20, 0x20, //                 
	0x20, 0x20, 0x20, 0x20, 0x62, 0x72, 0x65, 0x61, 0x6b, 0x3b, 0x0a, 0x20, 0x20, 0x20, 0x20, 0x20, //     break;.     
	0x20, 0x20, 0x20, 0x20, 0x20, 0x20, 0x20, 0x20, 0x20, 0x20, 0x20, 0x20, 0x20, 0x20, 0x20, 0x7d, //                }
	0x0a, 0x20, 0x20, 0x20, 0x20, 0x20, 0x20, 0x20, 0x20, 0x20, 0x20, 0x20, 0x20, 0x20, 0x20, 0x20, // .               
	0x20, 0x7d, 0x0a, 0x20, 0x20, 0x20, 0x20, 0x20, 0x20, 0x20, 0x20, 0x20, 0x20, 0x20, 0x20, 0x20, //  }.             
	0x20, 0x20, 0x20, 0x69, 0x66, 0x20, 0x28, 0x5f, 0x36, 0x35, 0x35, 0x29, 0x0a, 0x20, 0x20, 0x20, //    if (_655).   
	0x20, 0x20, 0x20, 0x20, 0x20, 0x20, 0x20, 0x20, 0x20, 0x20, 0x20, 0x20, 0x20, 0x7b, 0x0a, 0x20, //              {. 
	0x20, 0x20, 0x20, 0x20, 0x20, 0x20, 0x20, 0x20, 0x20, 0x20, 0x20, 0x20, 0x20, 0x20, 0x20, 0x20, //                 
	0x20, 0x20, 0x20, 0x5f, 0x36, 0x35, 0x39, 0x20, 0x3d, 0x20, 0x5f, 0x36, 0x36, 0x30, 0x3b, 0x0a, //    _659 = _660;.
	0x20, 0x20, 0x20, 0x20, 0x20, 0x20, 0x20, 0x20, 0x20, 0x20, 0x20, 0x20, 0x20, 0x20, 0x20, 0x20, //                 
	0x20, 0x20, 0x20, 0x20, 0x62, 0x72, 0x65, 0x61, 0x6b, 0x3b, 0x0a, 0x20, 0x20, 0x20, 0x20, 0x20, //     break;.     
	0x20, 0x20, 0x20, 0x20, 0x20, 0x20, 0x20, 0x20, 0x20, 0x20, 0x20, 0x7d, 0x0a, 0x20, 0x20, 0x20, //            }.   
	0x20, 0x20, 0x20, 0x20, 0x20, 0x20, 0x20, 0x20, 0x20, 0x20, 0x20, 0x20, 0x20, 0x5f, 0x36, 0x35, //              _65
	0x39, 0x20, 0x3d, 0x20, 0x5f, 0x36, 0x35, 0x33, 0x3b, 0x0a, 0x20, 0x20, 0x20, 0x20, 0x20, 0x20, // 9 = _653;.      
	0x20, 0x20, 0x20, 0x20, 0x20, 0x20, 0x20, 0x20, 0x20, 0x20, 0x62, 0x72, 0x65, 0x61, 0x6b, 0x3b, //           break;
	0x0a, 0x20, 0x20, 0x20, 0x20, 0x20, 0x20, 0x20, 0x20, 0x20, 0x20, 0x20, 0x20, 0x7d, 0x20, 0x77, // .            } w
	0x68, 0x69, 0x6c, 0x65, 0x28, 0x66, 0x61, 0x6c, 0x73, 0x65, 0x29, 0x3b, 0x0a, 0x20, 0x20, 0x20, // hile(false);.   
	0x20, 0x20, 0x20, 0x20, 0x20, 0x20, 0x20, 0x20, 0x20, 0x68, 0x69, 0x67, 0x68, 0x70, 0x20, 0x76, //          highp v
	0x65, 0x63, 0x33, 0x20, 0x5f, 0x33, 0x36, 0x37, 0x20, 0x3d, 0x20, 0x5f, 0x36, 0x37, 0x35, 0x2e, // ec3 _367 = _675.
	0x78, 0x79, 0x7a, 0x20, 0x2a, 0x20, 0x5f, 0x36, 0x35, 0x39, 0x3b, 0x0a, 0x20, 0x20, 0x20, 0x20, // xyz * _659;.    
	0x20, 0x20, 0x20, 0x20, 0x20, 0x20, 0x20, 0x20, 0x68, 0x69, 0x67, 0x68, 0x70, 0x20, 0x76, 0x65, //         highp ve
	0x63, 0x34, 0x20, 0x5f, 0x36, 0x32, 0x36, 0x20, 0x3d, 0x20, 0x5f, 0x36, 0x37, 0x35, 0x3b, 0x0a, // c4 _626 = _675;.
	0x20, 0x20, 0x20, 0x20, 0x20, 0x20, 0x20, 0x20, 0x20, 0x20, 0x20, 0x20, 0x5f, 0x36, 0x32, 0x36, //             _626
	0x2e, 0x78, 0x20, 0x3d, 0x20, 0x5f, 0x33, 0x36, 0x37, 0x2e, 0x78, 0x3b, 0x0a, 0x20, 0x20, 0x20, // .x = _367.x;.   
	0x20, 0x20, 0x20, 0x20, 0x20, 0x20, 0x20, 0x20, 0x20, 0x5f, 0x36, 0x32, 0x36, 0x2e, 0x79, 0x20, //          _626.y 
	0x3d, 0x20, 0x5f, 0x33, 0x36, 0x37, 0x2e, 0x79, 0x3b, 0x0a, 0x20, 0x20, 0x20, 0x20, 0x20, 0x20, // = _367.y;.      
	0x20, 0x20, 0x20, 0x20, 0x20, 0x20, 0x5f, 0x36, 0x32, 0x36, 0x2e, 0x7a, 0x20, 0x3d, 0x20, 0x5f, //       _626.z = _
	0x33, 0x36, 0x37, 0x2e, 0x7a, 0x3b, 0x0a, 0x20, 0x20, 0x20, 0x20, 0x20, 0x20, 0x20, 0x20, 0x20, // 367.z;.         
	0x20, 0x20, 0x20, 0x5f, 0x36, 0x37, 0x38, 0x20, 0x3d, 0x20, 0x5f, 0x36, 0x32, 0x36, 0x3b, 0x0a, //    _678 = _626;.
	0x20, 0x20, 0x20, 0x20, 0x20, 0x20, 0x20, 0x20, 0x7d, 0x0a, 0x20, 0x20, 0x20, 0x20, 0x20, 0x20, //         }.      
	0x20, 0x20, 0x65, 0x6c, 0x73, 0x65, 0x0a, 0x20, 0x20, 0x20, 0x20, 0x20, 0x20, 0x20, 0x20, 0x7b, //   else.        {
	0x0a, 0x20, 0x20, 0x20, 0x20, 0x20, 0x20, 0x20, 0x20, 0x20, 0x20, 0x20, 0x20, 0x5f, 0x36, 0x37, // .            _67
	0x38, 0x20, 0x3d, 0x20, 0x5f, 0x36, 0x37, 0x35, 0x3b, 0x0a, 0x20, 0x20, 0x20, 0x20, 0x20, 0x20, // 8 = _675;.      
	0x20, 0x20, 0x7d, 0x0a, 0x20, 0x20, 0x20, 0x20, 0x20, 0x20, 0x20, 0x20, 0x69, 0x66, 0x20, 0x28, //   }.        if (
	0x61, 0x6c, 0x70, 0x68, 0x61, 0x54, 0x65, 0x73, 0x74, 0x56, 0x61, 0x6c, 0x75, 0x65, 0x41, 0x42, // alphaTestValueAB
	0x5f, 0x66, 0x69, 0x6c, 0x74, 0x65, 0x72, 0x4d, 0x6f, 0x64, 0x65, 0x5f, 0x61, 0x64, 0x64, 0x42, // _filterMode_addB
	0x6c, 0x65, 0x6e, 0x64, 0x2e, 0x77, 0x20, 0x3d, 0x3d, 0x20, 0x30, 0x2e, 0x30, 0x29, 0x0a, 0x20, // lend.w == 0.0). 
	0x20, 0x20, 0x20, 0x20, 0x20, 0x20, 0x20, 0x7b, 0x0a, 0x20, 0x20, 0x20, 0x20, 0x20, 0x20, 0x20, //        {.       
	0x20, 0x20, 0x20, 0x20, 0x20, 0x62, 0x67, 0x66, 0x78, 0x5f, 0x46, 0x72, 0x61, 0x67, 0x43, 0x6f, //      bgfx_FragCo
	0x6c, 0x6f, 0x72, 0x20, 0x3d, 0x20, 0x76, 0x65, 0x63, 0x34, 0x28, 0x5f, 0x36, 0x37, 0x38, 0x2e, // lor = vec4(_678.
	0x78, 0x79, 0x7a, 0x2c, 0x20, 0x63, 0x6c, 0x61, 0x6d, 0x70, 0x28, 0x5f, 0x36, 0x37, 0x38, 0x2e, // xyz, clamp(_678.
	0x77, 0x2c, 0x20, 0x30, 0x2e, 0x30, 0x2c, 0x20, 0x31, 0x2e, 0x30, 0x29, 0x29, 0x3b, 0x0a, 0x20, // w, 0.0, 1.0));. 
	0x20, 0x20, 0x20, 0x20, 0x20, 0x20, 0x20, 0x7d, 0x0a, 0x20, 0x20, 0x20, 0x20, 0x20, 0x20, 0x20, //        }.       
	0x20, 0x65, 0x6c, 0x73, 0x65, 0x0a, 0x20, 0x20, 0x20, 0x20, 0x20, 0x20, 0x20, 0x20, 0x7b, 0x0a, //  else.        {.
	0x20, 0x20, 0x20, 0x20, 0x20, 0x20, 0x20, 0x20, 0x20, 0x20, 0x20, 0x20, 0x69, 0x66, 0x20, 0x28, //             if (
	0x61, 0x6d, 0x6f, 0x75, 0x6e, 0x74, 0x5f, 0x62, 0x6c, 0x65, 0x6e, 0x64, 0x5f, 0x6d, 0x6f, 0x64, // amount_blend_mod
	0x75, 0x6c, 0x61, 0x74, 0x65, 0x5f, 0x76, 0x73, 0x5f, 0x61, 0x64, 0x64, 0x5f, 0x66, 0x6c, 0x61, // ulate_vs_add_fla
	0x73, 0x68, 0x65, 0x72, 0x4d, 0x6f, 0x64, 0x65, 0x2e, 0x79, 0x20, 0x3e, 0x20, 0x30, 0x2e, 0x30, // sherMode.y > 0.0
	0x29, 0x0a, 0x20, 0x20, 0x20, 0x20, 0x20, 0x20, 0x20, 0x20, 0x20, 0x20, 0x20, 0x20, 0x7b, 0x0a, // ).            {.
	0x20, 0x20, 0x20, 0x20, 0x20, 0x20, 0x20, 0x20, 0x20, 0x20, 0x20, 0x20, 0x20, 0x20, 0x20, 0x20, //                 
	0x62, 0x67, 0x66, 0x78, 0x5f, 0x46, 0x72, 0x61, 0x67, 0x43, 0x6f, 0x6c, 0x6f, 0x72, 0x20, 0x3d, // bgfx_FragColor =
	0x20, 0x76, 0x65, 0x63, 0x34, 0x28, 0x5f, 0x36, 0x37, 0x38, 0x2e, 0x78, 0x79, 0x7a, 0x20, 0x2a, //  vec4(_678.xyz *
	0x20, 0x28, 0x28, 0x2d, 0x61, 0x6d, 0x6f, 0x75, 0x6e, 0x74, 0x5f, 0x62, 0x6c, 0x65, 0x6e, 0x64, //  ((-amount_blend
	0x5f, 0x6d, 0x6f, 0x64, 0x75, 0x6c, 0x61, 0x74, 0x65, 0x5f, 0x76, 0x73, 0x5f, 0x61, 0x64, 0x64, // _modulate_vs_add
	0x5f, 0x66, 0x6c, 0x61, 0x73, 0x68, 0x65, 0x72, 0x4d, 0x6f, 0x64, 0x65, 0x2e, 0x79, 0x29, 0x20, // _flasherMode.y) 
	0x2a, 0x20, 0x5f, 0x36, 0x37, 0x38, 0x2e, 0x77, 0x29, 0x2c, 0x20, 0x28, 0x31, 0x2e, 0x30, 0x20, // * _678.w), (1.0 
	0x2f, 0x20, 0x61, 0x6d, 0x6f, 0x75, 0x6e, 0x74, 0x5f, 0x62, 0x6c, 0x65, 0x6e, 0x64, 0x5f, 0x6d, // / amount_blend_m
	0x6f, 0x64, 0x75, 0x6c, 0x61, 0x74, 0x65, 0x5f, 0x76, 0x73, 0x5f, 0x61, 0x64, 0x64, 0x5f, 0x66, // odulate_vs_add_f
	0x6c, 0x61, 0x73, 0x68, 0x65, 0x72, 0x4d, 0x6f, 0x64, 0x65, 0x2e, 0x79, 0x29, 0x20, 0x2d, 0x20, // lasherMode.y) - 
	0x31, 0x2e, 0x30, 0x29, 0x3b, 0x0a, 0x20, 0x20, 0x20, 0x20, 0x20, 0x20, 0x20, 0x20, 0x20, 0x20, // 1.0);.          
	0x20, 0x20, 0x7d, 0x0a, 0x20, 0x20, 0x20, 0x20, 0x20, 0x20, 0x20, 0x20, 0x20, 0x20, 0x20, 0x20, //   }.            
	0x65, 0x6c, 0x73, 0x65, 0x0a, 0x20, 0x20, 0x20, 0x20, 0x20, 0x20, 0x20, 0x20, 0x20, 0x20, 0x20, // else.           
	0x20, 0x7b, 0x0a, 0x20, 0x20, 0x20, 0x20, 0x20, 0x20, 0x20, 0x20, 0x20, 0x20, 0x20, 0x20, 0x20, //  {.             
	0x20, 0x20, 0x20, 0x62, 0x67, 0x66, 0x78, 0x5f, 0x46, 0x72, 0x61, 0x67, 0x43, 0x6f, 0x6c, 0x6f, //    bgfx_FragColo
	0x72, 0x20, 0x3d, 0x20, 0x76, 0x65, 0x63, 0x34, 0x28, 0x5f, 0x36, 0x37, 0x38, 0x2e, 0x78, 0x79, // r = vec4(_678.xy
	0x7a, 0x20, 0x2a, 0x20, 0x5f, 0x36, 0x37, 0x38, 0x2e, 0x77, 0x2c, 0x20, 0x63, 0x6c, 0x61, 0x6d, // z * _678.w, clam
	0x70, 0x28, 0x28, 0x2d, 0x61, 0x6d, 0x6f, 0x75, 0x6e, 0x74, 0x5f, 0x62, 0x6c, 0x65, 0x6e, 0x64, // p((-amount_blend
	0x5f, 0x6d, 0x6f, 0x64, 0x75, 0x6c, 0x61, 0x74, 0x65, 0x5f, 0x76, 0x73, 0x5f, 0x61, 0x64, 0x64, // _modulate_vs_add
	0x5f, 0x66, 0x6c, 0x61, 0x73, 0x68, 0x65, 0x72, 0x4d, 0x6f, 0x64, 0x65, 0x2e, 0x79, 0x29, 0x20, // _flasherMode.y) 
	0x2a, 0x20, 0x5f, 0x36, 0x37, 0x38, 0x2e, 0x77, 0x2c, 0x20, 0x30, 0x2e, 0x30, 0x2c, 0x20, 0x31, // * _678.w, 0.0, 1
	0x2e, 0x30, 0x29, 0x29, 0x3b, 0x0a, 0x20, 0x20, 0x20, 0x20, 0x20, 0x20, 0x20, 0x20, 0x20, 0x20, // .0));.          
	0x20, 0x20, 0x7d, 0x0a, 0x20, 0x20, 0x20, 0x20, 0x20, 0x20, 0x20, 0x20, 0x7d, 0x0a, 0x20, 0x20, //   }.        }.  
	0x20, 0x20, 0x20, 0x20, 0x20, 0x20, 0x62, 0x72, 0x65, 0x61, 0x6b, 0x3b, 0x0a, 0x20, 0x20, 0x20, //       break;.   
	0x20, 0x7d, 0x20, 0x77, 0x68, 0x69, 0x6c, 0x65, 0x28, 0x66, 0x61, 0x6c, 0x73, 0x65, 0x29, 0x3b, //  } while(false);
	0x0a, 0x7d, 0x0a, 0x0a, 0x00,                                                                   // .}...
};
static const uint8_t fs_flasher_noclip_glsl[6011] =
{
	0x46, 0x53, 0x48, 0x0c, 0xe2, 0xbc, 0x2a, 0x7e, 0x00, 0x00, 0x00, 0x00, 0x00, 0x00, 0x00, 0x00, // FSH...*~........
	0x00, 0x00, 0x00, 0x00, 0x07, 0x00, 0x05, 0x62, 0x61, 0x6c, 0x6c, 0x73, 0x02, 0x08, 0x00, 0x00, // .......balls....
	0x08, 0x00, 0x00, 0x00, 0x00, 0x00, 0x28, 0x61, 0x6d, 0x6f, 0x75, 0x6e, 0x74, 0x5f, 0x62, 0x6c, // ......(amount_bl
	0x65, 0x6e, 0x64, 0x5f, 0x6d, 0x6f, 0x64, 0x75, 0x6c, 0x61, 0x74, 0x65, 0x5f, 0x76, 0x73, 0x5f, // end_modulate_vs_
	0x61, 0x64, 0x64, 0x5f, 0x66, 0x6c, 0x61, 0x73, 0x68, 0x65, 0x72, 0x4d, 0x6f, 0x64, 0x65, 0x02, // add_flasherMode.
	0x01, 0x00, 0x00, 0x01, 0x00, 0x00, 0x00, 0x00, 0x00, 0x24, 0x61, 0x6c, 0x70, 0x68, 0x61, 0x54, // .........$alphaT
	0x65, 0x73, 0x74, 0x56, 0x61, 0x6c, 0x75, 0x65, 0x41, 0x42, 0x5f, 0x66, 0x69, 0x6c, 0x74, 0x65, // estValueAB_filte
	0x72, 0x4d, 0x6f, 0x64, 0x65, 0x5f, 0x61, 0x64, 0x64, 0x42, 0x6c, 0x65, 0x6e, 0x64, 0x02, 0x01, // rMode_addBlend..
	0x00, 0x00, 0x01, 0x00, 0x00, 0x00, 0x00, 0x00, 0x11, 0x73, 0x74, 0x61, 0x74, 0x69, 0x63, 0x43, // .........staticC
	0x6f, 0x6c, 0x6f, 0x72, 0x5f, 0x41, 0x6c, 0x70, 0x68, 0x61, 0x02, 0x01, 0x00, 0x00, 0x01, 0x00, // olor_Alpha......
	0x00, 0x00, 0x00, 0x00, 0x14, 0x6c, 0x69, 0x67, 0x68, 0x74, 0x43, 0x65, 0x6e, 0x74, 0x65, 0x72, // .....lightCenter
	0x5f, 0x64, 0x6f, 0x53, 0x68, 0x61, 0x64, 0x6f, 0x77, 0x02, 0x01, 0x00, 0x00, 0x01, 0x00, 0x00, // _doShadow.......
	0x00, 0x00, 0x00, 0x0d, 0x74, 0x65, 0x78, 0x5f, 0x66, 0x6c, 0x61, 0x73, 0x68, 0x65, 0x72, 0x5f, // ....tex_flasher_
	0x41, 0x00, 0x01, 0x00, 0x00, 0x01, 0x00, 0x00, 0x02, 0x00, 0x00, 0x0d, 0x74, 0x65, 0x78, 0x5f, // A...........tex_
	0x66, 0x6c, 0x61, 0x73, 0x68, 0x65, 0x72, 0x5f, 0x42, 0x00, 0x01, 0x00, 0x00, 0x01, 0x00, 0x00, // flasher_B.......
	0x02, 0x00, 0x00, 0x83, 0x16, 0x00, 0x00, 0x0a, 0x76, 0x65, 0x63, 0x34, 0x20, 0x5f, 0x36, 0x33, // ........vec4 _63
	0x37, 0x3b, 0x0a, 0x66, 0x6c, 0x6f, 0x61, 0x74, 0x20, 0x5f, 0x36, 0x36, 0x36, 0x3b, 0x0a, 0x0a, // 7;.float _666;..
	0x75, 0x6e, 0x69, 0x66, 0x6f, 0x72, 0x6d, 0x20, 0x76, 0x65, 0x63, 0x34, 0x20, 0x62, 0x61, 0x6c, // uniform vec4 bal
	0x6c, 0x73, 0x5b, 0x38, 0x5d, 0x3b, 0x0a, 0x75, 0x6e, 0x69, 0x66, 0x6f, 0x72, 0x6d, 0x20, 0x76, // ls[8];.uniform v
	0x65, 0x63, 0x34, 0x20, 0x61, 0x6d, 0x6f, 0x75, 0x6e, 0x74, 0x5f, 0x62, 0x6c, 0x65, 0x6e, 0x64, // ec4 amount_blend
	0x5f, 0x6d, 0x6f, 0x64, 0x75, 0x6c, 0x61, 0x74, 0x65, 0x5f, 0x76, 0x73, 0x5f, 0x61, 0x64, 0x64, // _modulate_vs_add
	0x5f, 0x66, 0x6c, 0x61, 0x73, 0x68, 0x65, 0x72, 0x4d, 0x6f, 0x64, 0x65, 0x3b, 0x0a, 0x75, 0x6e, // _flasherMode;.un
	0x69, 0x66, 0x6f, 0x72, 0x6d, 0x20, 0x73, 0x61, 0x6d, 0x70, 0x6c, 0x65, 0x72, 0x32, 0x44, 0x20, // iform sampler2D 
	0x74, 0x65, 0x78, 0x5f, 0x66, 0x6c, 0x61, 0x73, 0x68, 0x65, 0x72, 0x5f, 0x41, 0x3b, 0x0a, 0x75, // tex_flasher_A;.u
	0x6e, 0x69, 0x66, 0x6f, 0x72, 0x6d, 0x20, 0x76, 0x65, 0x63, 0x34, 0x20, 0x61, 0x6c, 0x70, 0x68, // niform vec4 alph
	0x61, 0x54, 0x65, 0x73, 0x74, 0x56, 0x61, 0x6c, 0x75, 0x65, 0x41, 0x42, 0x5f, 0x66, 0x69, 0x6c, // aTestValueAB_fil
	0x74, 0x65, 0x72, 0x4d, 0x6f, 0x64, 0x65, 0x5f, 0x61, 0x64, 0x64, 0x42, 0x6c, 0x65, 0x6e, 0x64, // terMode_addBlend
	0x3b, 0x0a, 0x75, 0x6e, 0x69, 0x66, 0x6f, 0x72, 0x6d, 0x20, 0x73, 0x61, 0x6d, 0x70, 0x6c, 0x65, // ;.uniform sample
	0x72, 0x32, 0x44, 0x20, 0x74, 0x65, 0x78, 0x5f, 0x66, 0x6c, 0x61, 0x73, 0x68, 0x65, 0x72, 0x5f, // r2D tex_flasher_
	0x42, 0x3b, 0x0a, 0x75, 0x6e, 0x69, 0x66, 0x6f, 0x72, 0x6d, 0x20, 0x76, 0x65, 0x63, 0x34, 0x20, // B;.uniform vec4 
	0x73, 0x74, 0x61, 0x74, 0x69, 0x63, 0x43, 0x6f, 0x6c, 0x6f, 0x72, 0x5f, 0x41, 0x6c, 0x70, 0x68, // staticColor_Alph
	0x61, 0x3b, 0x0a, 0x75, 0x6e, 0x69, 0x66, 0x6f, 0x72, 0x6d, 0x20, 0x76, 0x65, 0x63, 0x34, 0x20, // a;.uniform vec4 
	0x6c, 0x69, 0x67, 0x68, 0x74, 0x43, 0x65, 0x6e, 0x74, 0x65, 0x72, 0x5f, 0x64, 0x6f, 0x53, 0x68, // lightCenter_doSh
	0x61, 0x64, 0x6f, 0x77, 0x3b, 0x0a, 0x0a, 0x69, 0x6e, 0x20, 0x76, 0x65, 0x63, 0x32, 0x20, 0x76, // adow;..in vec2 v
	0x5f, 0x74, 0x65, 0x78, 0x63, 0x6f, 0x6f, 0x72, 0x64, 0x30, 0x3b, 0x0a, 0x6c, 0x61, 0x79, 0x6f, // _texcoord0;.layo
	0x75, 0x74, 0x28, 0x6c, 0x6f, 0x63, 0x61, 0x74, 0x69, 0x6f, 0x6e, 0x20, 0x3d, 0x20, 0x30, 0x29, // ut(location = 0)
	0x20, 0x6f, 0x75, 0x74, 0x20, 0x76, 0x65, 0x63, 0x34, 0x20, 0x62, 0x67, 0x66, 0x78, 0x5f, 0x46, //  out vec4 bgfx_F
	0x72, 0x61, 0x67, 0x43, 0x6f, 0x6c, 0x6f, 0x72, 0x3b, 0x0a, 0x69, 0x6e, 0x20, 0x76, 0x65, 0x63, // ragColor;.in vec
	0x33, 0x20, 0x76, 0x5f, 0x74, 0x61, 0x62, 0x6c, 0x65, 0x50, 0x6f, 0x73, 0x3b, 0x0a, 0x0a, 0x76, // 3 v_tablePos;..v
	0x6f, 0x69, 0x64, 0x20, 0x6d, 0x61, 0x69, 0x6e, 0x28, 0x29, 0x0a, 0x7b, 0x0a, 0x20, 0x20, 0x20, // oid main().{.   
	0x20, 0x64, 0x6f, 0x0a, 0x20, 0x20, 0x20, 0x20, 0x7b, 0x0a, 0x20, 0x20, 0x20, 0x20, 0x20, 0x20, //  do.    {.      
	0x20, 0x20, 0x76, 0x65, 0x63, 0x34, 0x20, 0x5f, 0x36, 0x33, 0x36, 0x3b, 0x0a, 0x20, 0x20, 0x20, //   vec4 _636;.   
	0x20, 0x20, 0x20, 0x20, 0x20, 0x69, 0x66, 0x20, 0x28, 0x61, 0x6d, 0x6f, 0x75, 0x6e, 0x74, 0x5f, //      if (amount_
	0x62, 0x6c, 0x65, 0x6e, 0x64, 0x5f, 0x6d, 0x6f, 0x64, 0x75, 0x6c, 0x61, 0x74, 0x65, 0x5f, 0x76, // blend_modulate_v
	0x73, 0x5f, 0x61, 0x64, 0x64, 0x5f, 0x66, 0x6c, 0x61, 0x73, 0x68, 0x65, 0x72, 0x4d, 0x6f, 0x64, // s_add_flasherMod
	0x65, 0x2e, 0x7a, 0x20, 0x3c, 0x20, 0x32, 0x2e, 0x30, 0x29, 0x0a, 0x20, 0x20, 0x20, 0x20, 0x20, // e.z < 2.0).     
	0x20, 0x20, 0x20, 0x7b, 0x0a, 0x20, 0x20, 0x20, 0x20, 0x20, 0x20, 0x20, 0x20, 0x20, 0x20, 0x20, //    {.           
	0x20, 0x76, 0x65, 0x63, 0x34, 0x20, 0x5f, 0x32, 0x33, 0x33, 0x20, 0x3d, 0x20, 0x74, 0x65, 0x78, //  vec4 _233 = tex
	0x74, 0x75, 0x72, 0x65, 0x28, 0x74, 0x65, 0x78, 0x5f, 0x66, 0x6c, 0x61, 0x73, 0x68, 0x65, 0x72, // ture(tex_flasher
	0x5f, 0x41, 0x2c, 0x20, 0x76, 0x5f, 0x74, 0x65, 0x78, 0x63, 0x6f, 0x6f, 0x72, 0x64, 0x30, 0x29, // _A, v_texcoord0)
	0x3b, 0x0a, 0x20, 0x20, 0x20, 0x20, 0x20, 0x20, 0x20, 0x20, 0x20, 0x20, 0x20, 0x20, 0x69, 0x66, // ;.            if
	0x20, 0x28, 0x5f, 0x32, 0x33, 0x33, 0x2e, 0x77, 0x20, 0x3c, 0x3d, 0x20, 0x61, 0x6c, 0x70, 0x68, //  (_233.w <= alph
	0x61, 0x54, 0x65, 0x73, 0x74, 0x56, 0x61, 0x6c, 0x75, 0x65, 0x41, 0x42, 0x5f, 0x66, 0x69, 0x6c, // aTestValueAB_fil
	0x74, 0x65, 0x72, 0x4d, 0x6f, 0x64, 0x65, 0x5f, 0x61, 0x64, 0x64, 0x42, 0x6c, 0x65, 0x6e, 0x64, // terMode_addBlend
	0x2e, 0x78, 0x29, 0x0a, 0x20, 0x20, 0x20, 0x20, 0x20, 0x20, 0x20, 0x20, 0x20, 0x20, 0x20, 0x20, // .x).            
	0x7b, 0x0a, 0x20, 0x20, 0x20, 0x20, 0x20, 0x20, 0x20, 0x20, 0x20, 0x20, 0x20, 0x20, 0x20, 0x20, // {.              
	0x20, 0x20, 0x62, 0x67, 0x66, 0x78, 0x5f, 0x46, 0x72, 0x61, 0x67, 0x43, 0x6f, 0x6c, 0x6f, 0x72, //   bgfx_FragColor
	0x20, 0x3d, 0x20, 0x76, 0x65, 0x63, 0x34, 0x28, 0x30, 0x2e, 0x30, 0x29, 0x3b, 0x0a, 0x20, 0x20, //  = vec4(0.0);.  
	0x20, 0x20, 0x20, 0x20, 0x20, 0x20, 0x20, 0x20, 0x20, 0x20, 0x20, 0x20, 0x20, 0x20, 0x62, 0x72, //               br
	0x65, 0x61, 0x6b, 0x3b, 0x0a, 0x20, 0x20, 0x20, 0x20, 0x20, 0x20, 0x20, 0x20, 0x20, 0x20, 0x20, // eak;.           
	0x20, 0x7d, 0x0a, 0x20, 0x20, 0x20, 0x20, 0x20, 0x20, 0x20, 0x20, 0x20, 0x20, 0x20, 0x20, 0x5f, //  }.            _
	0x36, 0x33, 0x36, 0x20, 0x3d, 0x20, 0x5f, 0x32, 0x33, 0x33, 0x3b, 0x0a, 0x20, 0x20, 0x20, 0x20, // 636 = _233;.    
	0x20, 0x20, 0x20, 0x20, 0x7d, 0x0a, 0x20, 0x20, 0x20, 0x20, 0x20, 0x20, 0x20, 0x20, 0x65, 0x6c, //     }.        el
	0x73, 0x65, 0x0a, 0x20, 0x20, 0x20, 0x20, 0x20, 0x20, 0x20, 0x20, 0x7b, 0x0a, 0x20, 0x20, 0x20, // se.        {.   
	0x20, 0x20, 0x20, 0x20, 0x20, 0x20, 0x20, 0x20, 0x20, 0x5f, 0x36, 0x33, 0x36, 0x20, 0x3d, 0x20, //          _636 = 
	0x5f, 0x36, 0x33, 0x37, 0x3b, 0x0a, 0x20, 0x20, 0x20, 0x20, 0x20, 0x20, 0x20, 0x20, 0x7d, 0x0a, // _637;.        }.
	0x20, 0x20, 0x20, 0x20, 0x20, 0x20, 0x20, 0x20, 0x62, 0x6f, 0x6f, 0x6c, 0x20, 0x5f, 0x32, 0x34, //         bool _24
	0x39, 0x20, 0x3d, 0x20, 0x61, 0x6d, 0x6f, 0x75, 0x6e, 0x74, 0x5f, 0x62, 0x6c, 0x65, 0x6e, 0x64, // 9 = amount_blend
	0x5f, 0x6d, 0x6f, 0x64, 0x75, 0x6c, 0x61, 0x74, 0x65, 0x5f, 0x76, 0x73, 0x5f, 0x61, 0x64, 0x64, // _modulate_vs_add
	0x5f, 0x66, 0x6c, 0x61, 0x73, 0x68, 0x65, 0x72, 0x4d, 0x6f, 0x64, 0x65, 0x2e, 0x7a, 0x20, 0x3d, // _flasherMode.z =
	0x3d, 0x20, 0x31, 0x2e, 0x30, 0x3b, 0x0a, 0x20, 0x20, 0x20, 0x20, 0x20, 0x20, 0x20, 0x20, 0x76, // = 1.0;.        v
	0x65, 0x63, 0x34, 0x20, 0x5f, 0x36, 0x34, 0x30, 0x3b, 0x0a, 0x20, 0x20, 0x20, 0x20, 0x20, 0x20, // ec4 _640;.      
	0x20, 0x20, 0x69, 0x66, 0x20, 0x28, 0x5f, 0x32, 0x34, 0x39, 0x29, 0x0a, 0x20, 0x20, 0x20, 0x20, //   if (_249).    
	0x20, 0x20, 0x20, 0x20, 0x7b, 0x0a, 0x20, 0x20, 0x20, 0x20, 0x20, 0x20, 0x20, 0x20, 0x20, 0x20, //     {.          
	0x20, 0x20, 0x76, 0x65, 0x63, 0x34, 0x20, 0x5f, 0x32, 0x35, 0x36, 0x20, 0x3d, 0x20, 0x74, 0x65, //   vec4 _256 = te
	0x78, 0x74, 0x75, 0x72, 0x65, 0x28, 0x74, 0x65, 0x78, 0x5f, 0x66, 0x6c, 0x61, 0x73, 0x68, 0x65, // xture(tex_flashe
	0x72, 0x5f, 0x42, 0x2c, 0x20, 0x76, 0x5f, 0x74, 0x65, 0x78, 0x63, 0x6f, 0x6f, 0x72, 0x64, 0x30, // r_B, v_texcoord0
	0x29, 0x3b, 0x0a, 0x20, 0x20, 0x20, 0x20, 0x20, 0x20, 0x20, 0x20, 0x20, 0x20, 0x20, 0x20, 0x69, // );.            i
	0x66, 0x20, 0x28, 0x5f, 0x32, 0x35, 0x36, 0x2e, 0x77, 0x20, 0x3c, 0x3d, 0x20, 0x61, 0x6c, 0x70, // f (_256.w <= alp
	0x68, 0x61, 0x54, 0x65, 0x73, 0x74, 0x56, 0x61, 0x6c, 0x75, 0x65, 0x41, 0x42, 0x5f, 0x66, 0x69, // haTestValueAB_fi
	0x6c, 0x74, 0x65, 0x72, 0x4d, 0x6f, 0x64, 0x65, 0x5f, 0x61, 0x64, 0x64, 0x42, 0x6c, 0x65, 0x6e, // lterMode_addBlen
	0x64, 0x2e, 0x79, 0x29, 0x0a, 0x20, 0x20, 0x20, 0x20, 0x20, 0x20, 0x20, 0x20, 0x20, 0x20, 0x20, // d.y).           
	0x20, 0x7b, 0x0a, 0x20, 0x20, 0x20, 0x20, 0x20, 0x20, 0x20, 0x20, 0x20, 0x20, 0x20, 0x20, 0x20, //  {.             
	0x20, 0x20, 0x20, 0x62, 0x67, 0x66, 0x78, 0x5f, 0x46, 0x72, 0x61, 0x67, 0x43, 0x6f, 0x6c, 0x6f, //    bgfx_FragColo
	0x72, 0x20, 0x3d, 0x20, 0x76, 0x65, 0x63, 0x34, 0x28, 0x30, 0x2e, 0x30, 0x29, 0x3b, 0x0a, 0x20, // r = vec4(0.0);. 
	0x20, 0x20, 0x20, 0x20, 0x20, 0x20, 0x20, 0x20, 0x20, 0x20, 0x20, 0x20, 0x20, 0x20, 0x20, 0x62, //                b
	0x72, 0x65, 0x61, 0x6b, 0x3b, 0x0a, 0x20, 0x20, 0x20, 0x20, 0x20, 0x20, 0x20, 0x20, 0x20, 0x20, // reak;.          
	0x20, 0x20, 0x7d, 0x0a, 0x20, 0x20, 0x20, 0x20, 0x20, 0x20, 0x20, 0x20, 0x20, 0x20, 0x20, 0x20, //   }.            
	0x5f, 0x36, 0x34, 0x30, 0x20, 0x3d, 0x20, 0x5f, 0x32, 0x35, 0x36, 0x3b, 0x0a, 0x20, 0x20, 0x20, // _640 = _256;.   
	0x20, 0x20, 0x20, 0x20, 0x20, 0x7d, 0x0a, 0x20, 0x20, 0x20, 0x20, 0x20, 0x20, 0x20, 0x20, 0x65, //      }.        e
	0x6c, 0x73, 0x65, 0x0a, 0x20, 0x20, 0x20, 0x20, 0x20, 0x20, 0x20, 0x20, 0x7b, 0x0a, 0x20, 0x20, // lse.        {.  
	0x20, 0x20, 0x20, 0x20, 0x20, 0x20, 0x20, 0x20, 0x20, 0x20, 0x5f, 0x36, 0x34, 0x30, 0x20, 0x3d, //           _640 =
	0x20, 0x5f, 0x36, 0x33, 0x37, 0x3b, 0x0a, 0x20, 0x20, 0x20, 0x20, 0x20, 0x20, 0x20, 0x20, 0x7d, //  _637;.        }
	0x0a, 0x20, 0x20, 0x20, 0x20, 0x20, 0x20, 0x20, 0x20, 0x76, 0x65, 0x63, 0x34, 0x20, 0x5f, 0x36, // .        vec4 _6
	0x34, 0x32, 0x3b, 0x0a, 0x20, 0x20, 0x20, 0x20, 0x20, 0x20, 0x20, 0x20, 0x69, 0x66, 0x20, 0x28, // 42;.        if (
	0x61, 0x6d, 0x6f, 0x75, 0x6e, 0x74, 0x5f, 0x62, 0x6c, 0x65, 0x6e, 0x64, 0x5f, 0x6d, 0x6f, 0x64, // amount_blend_mod
	0x75, 0x6c, 0x61, 0x74, 0x65, 0x5f, 0x76, 0x73, 0x5f, 0x61, 0x64, 0x64, 0x5f, 0x66, 0x6c, 0x61, // ulate_vs_add_fla
	0x73, 0x68, 0x65, 0x72, 0x4d, 0x6f, 0x64, 0x65, 0x2e, 0x7a, 0x20, 0x3d, 0x3d, 0x20, 0x30, 0x2e, // sherMode.z == 0.
	0x30, 0x29, 0x0a, 0x20, 0x20, 0x20, 0x20, 0x20, 0x20, 0x20, 0x20, 0x7b, 0x0a, 0x20, 0x20, 0x20, // 0).        {.   
	0x20, 0x20, 0x20, 0x20, 0x20, 0x20, 0x20, 0x20, 0x20, 0x5f, 0x36, 0x34, 0x32, 0x20, 0x3d, 0x20, //          _642 = 
	0x73, 0x74, 0x61, 0x74, 0x69, 0x63, 0x43, 0x6f, 0x6c, 0x6f, 0x72, 0x5f, 0x41, 0x6c, 0x70, 0x68, // staticColor_Alph
	0x61, 0x20, 0x2a, 0x20, 0x5f, 0x36, 0x33, 0x36, 0x3b, 0x0a, 0x20, 0x20, 0x20, 0x20, 0x20, 0x20, // a * _636;.      
	0x20, 0x20, 0x7d, 0x0a, 0x20, 0x20, 0x20, 0x20, 0x20, 0x20, 0x20, 0x20, 0x65, 0x6c, 0x73, 0x65, //   }.        else
	0x0a, 0x20, 0x20, 0x20, 0x20, 0x20, 0x20, 0x20, 0x20, 0x7b, 0x0a, 0x20, 0x20, 0x20, 0x20, 0x20, // .        {.     
	0x20, 0x20, 0x20, 0x20, 0x20, 0x20, 0x20, 0x5f, 0x36, 0x34, 0x32, 0x20, 0x3d, 0x20, 0x73, 0x74, //        _642 = st
	0x61, 0x74, 0x69, 0x63, 0x43, 0x6f, 0x6c, 0x6f, 0x72, 0x5f, 0x41, 0x6c, 0x70, 0x68, 0x61, 0x3b, // aticColor_Alpha;
	0x0a, 0x20, 0x20, 0x20, 0x20, 0x20, 0x20, 0x20, 0x20, 0x7d, 0x0a, 0x20, 0x20, 0x20, 0x20, 0x20, // .        }.     
	0x20, 0x20, 0x20, 0x76, 0x65, 0x63, 0x34, 0x20, 0x5f, 0x36, 0x37, 0x35, 0x3b, 0x0a, 0x20, 0x20, //    vec4 _675;.  
	0x20, 0x20, 0x20, 0x20, 0x20, 0x20, 0x69, 0x66, 0x20, 0x28, 0x5f, 0x32, 0x34, 0x39, 0x29, 0x0a, //       if (_249).
	0x20, 0x20, 0x20, 0x20, 0x20, 0x20, 0x20, 0x20, 0x7b, 0x0a, 0x20, 0x20, 0x20, 0x20, 0x20, 0x20, //         {.      
	0x20, 0x20, 0x20, 0x20, 0x20, 0x20, 0x76, 0x65, 0x63, 0x34, 0x20, 0x5f, 0x36, 0x34, 0x35, 0x3b, //       vec4 _645;
	0x0a, 0x20, 0x20, 0x20, 0x20, 0x20, 0x20, 0x20, 0x20, 0x20, 0x20, 0x20, 0x20, 0x69, 0x66, 0x20, // .            if 
	0x28, 0x61, 0x6c, 0x70, 0x68, 0x61, 0x54, 0x65, 0x73, 0x74, 0x56, 0x61, 0x6c, 0x75, 0x65, 0x41, // (alphaTestValueA
	0x42, 0x5f, 0x66, 0x69, 0x6c, 0x74, 0x65, 0x72, 0x4d, 0x6f, 0x64, 0x65, 0x5f, 0x61, 0x64, 0x64, // B_filterMode_add
	0x42, 0x6c, 0x65, 0x6e, 0x64, 0x2e, 0x7a, 0x20, 0x3d, 0x3d, 0x20, 0x32, 0x2e, 0x30, 0x29, 0x0a, // Blend.z == 2.0).
	0x20, 0x20, 0x20, 0x20, 0x20, 0x20, 0x20, 0x20, 0x20, 0x20, 0x20, 0x20, 0x7b, 0x0a, 0x20, 0x20, //             {.  
	0x20, 0x20, 0x20, 0x20, 0x20, 0x20, 0x20, 0x20, 0x20, 0x20, 0x20, 0x20, 0x20, 0x20, 0x5f, 0x36, //               _6
	0x34, 0x35, 0x20, 0x3d, 0x20, 0x5f, 0x36, 0x34, 0x32, 0x20, 0x2a, 0x20, 0x6d, 0x61, 0x78, 0x28, // 45 = _642 * max(
	0x6d, 0x69, 0x78, 0x28, 0x28, 0x5f, 0x36, 0x33, 0x36, 0x20, 0x2a, 0x20, 0x5f, 0x36, 0x34, 0x30, // mix((_636 * _640
	0x29, 0x20, 0x2a, 0x20, 0x32, 0x2e, 0x30, 0x2c, 0x20, 0x76, 0x65, 0x63, 0x34, 0x28, 0x31, 0x2e, // ) * 2.0, vec4(1.
	0x30, 0x29, 0x20, 0x2d, 0x20, 0x28, 0x28, 0x28, 0x76, 0x65, 0x63, 0x34, 0x28, 0x31, 0x2e, 0x30, // 0) - (((vec4(1.0
	0x29, 0x20, 0x2d, 0x20, 0x5f, 0x36, 0x33, 0x36, 0x29, 0x20, 0x2a, 0x20, 0x32, 0x2e, 0x30, 0x29, // ) - _636) * 2.0)
	0x20, 0x2a, 0x20, 0x28, 0x76, 0x65, 0x63, 0x34, 0x28, 0x31, 0x2e, 0x30, 0x29, 0x20, 0x2d, 0x20, //  * (vec4(1.0) - 
	0x5f, 0x36, 0x34, 0x30, 0x29, 0x29, 0x2c, 0x20, 0x73, 0x74, 0x65, 0x70, 0x28, 0x76, 0x65, 0x63, // _640)), step(vec
	0x34, 0x28, 0x30, 0x2e, 0x35, 0x29, 0x2c, 0x20, 0x5f, 0x36, 0x33, 0x36, 0x29, 0x29, 0x2c, 0x20, // 4(0.5), _636)), 
	0x76, 0x65, 0x63, 0x34, 0x28, 0x30, 0x2e, 0x30, 0x29, 0x29, 0x3b, 0x0a, 0x20, 0x20, 0x20, 0x20, // vec4(0.0));.    
	0x20, 0x20, 0x20, 0x20, 0x20, 0x20, 0x20, 0x20, 0x7d, 0x0a, 0x20, 0x20, 0x20, 0x20, 0x20, 0x20, //         }.      
	0x20, 0x20, 0x20, 0x20, 0x20, 0x20, 0x65, 0x6c, 0x73, 0x65, 0x0a, 0x20, 0x20, 0x20, 0x20, 0x20, //       else.     
	0x20, 0x20, 0x20, 0x20, 0x20, 0x20, 0x20, 0x7b, 0x0a, 0x20, 0x20, 0x20, 0x20, 0x20, 0x20, 0x20, //        {.       
	0x20, 0x20, 0x20, 0x20, 0x20, 0x20, 0x20, 0x20, 0x20, 0x5f, 0x36, 0x34, 0x35, 0x20, 0x3d, 0x20, //          _645 = 
	0x5f, 0x36, 0x34, 0x32, 0x3b, 0x0a, 0x20, 0x20, 0x20, 0x20, 0x20, 0x20, 0x20, 0x20, 0x20, 0x20, // _642;.          
	0x20, 0x20, 0x7d, 0x0a, 0x20, 0x20, 0x20, 0x20, 0x20, 0x20, 0x20, 0x20, 0x20, 0x20, 0x20, 0x20, //   }.            
	0x76, 0x65, 0x63, 0x34, 0x20, 0x5f, 0x36, 0x34, 0x38, 0x3b, 0x0a, 0x20, 0x20, 0x20, 0x20, 0x20, // vec4 _648;.     
	0x20, 0x20, 0x20, 0x20, 0x20, 0x20, 0x20, 0x69, 0x66, 0x20, 0x28, 0x61, 0x6c, 0x70, 0x68, 0x61, //        if (alpha
	0x54, 0x65, 0x73, 0x74, 0x56, 0x61, 0x6c, 0x75, 0x65, 0x41, 0x42, 0x5f, 0x66, 0x69, 0x6c, 0x74, // TestValueAB_filt
	0x65, 0x72, 0x4d, 0x6f, 0x64, 0x65, 0x5f, 0x61, 0x64, 0x64, 0x42, 0x6c, 0x65, 0x6e, 0x64, 0x2e, // erMode_addBlend.
	0x7a, 0x20, 0x3d, 0x3d, 0x20, 0x33, 0x2e, 0x30, 0x29, 0x0a, 0x20, 0x20, 0x20, 0x20, 0x20, 0x20, // z == 3.0).      
	0x20, 0x20, 0x20, 0x20, 0x20, 0x20, 0x7b, 0x0a, 0x20, 0x20, 0x20, 0x20, 0x20, 0x20, 0x20, 0x20, //       {.        
	0x20, 0x20, 0x20, 0x20, 0x20, 0x20, 0x20, 0x20, 0x5f, 0x36, 0x34, 0x38, 0x20, 0x3d, 0x20, 0x5f, //         _648 = _
	0x36, 0x34, 0x35, 0x20, 0x2a, 0x20, 0x28, 0x28, 0x5f, 0x36, 0x33, 0x36, 0x20, 0x2a, 0x20, 0x5f, // 645 * ((_636 * _
	0x36, 0x34, 0x30, 0x29, 0x20, 0x2a, 0x20, 0x61, 0x6d, 0x6f, 0x75, 0x6e, 0x74, 0x5f, 0x62, 0x6c, // 640) * amount_bl
	0x65, 0x6e, 0x64, 0x5f, 0x6d, 0x6f, 0x64, 0x75, 0x6c, 0x61, 0x74, 0x65, 0x5f, 0x76, 0x73, 0x5f, // end_modulate_vs_
	0x61, 0x64, 0x64, 0x5f, 0x66, 0x6c, 0x61, 0x73, 0x68, 0x65, 0x72, 0x4d, 0x6f, 0x64, 0x65, 0x2e, // add_flasherMode.
	0x78, 0x29, 0x3b, 0x0a, 0x20, 0x20, 0x20, 0x20, 0x20, 0x20, 0x20, 0x20, 0x20, 0x20, 0x20, 0x20, // x);.            
	0x7d, 0x0a, 0x20, 0x20, 0x20, 0x20, 0x20, 0x20, 0x20, 0x20, 0x20, 0x20, 0x20, 0x20, 0x65, 0x6c, // }.            el
	0x73, 0x65, 0x0a, 0x20, 0x20, 0x20, 0x20, 0x20, 0x20, 0x20, 0x20, 0x20, 0x20, 0x20, 0x20, 0x7b, // se.            {
	0x0a, 0x20, 0x20, 0x20, 0x20, 0x20, 0x20, 0x20, 0x20, 0x20, 0x20, 0x20, 0x20, 0x20, 0x20, 0x20, // .               
	0x20, 0x5f, 0x36, 0x34, 0x38, 0x20, 0x3d, 0x20, 0x5f, 0x36, 0x34, 0x35, 0x3b, 0x0a, 0x20, 0x20, //  _648 = _645;.  
	0x20, 0x20, 0x20, 0x20, 0x20, 0x20, 0x20, 0x20, 0x20, 0x20, 0x7d, 0x0a, 0x20, 0x20, 0x20, 0x20, //           }.    
	0x20, 0x20, 0x20, 0x20, 0x20, 0x20, 0x20, 0x20, 0x76, 0x65, 0x63, 0x34, 0x20, 0x5f, 0x36, 0x35, //         vec4 _65
	0x31, 0x3b, 0x0a, 0x20, 0x20, 0x20, 0x20, 0x20, 0x20, 0x20, 0x20, 0x20, 0x20, 0x20, 0x20, 0x69, // 1;.            i
	0x66, 0x20, 0x28, 0x61, 0x6c, 0x70, 0x68, 0x61, 0x54, 0x65, 0x73, 0x74, 0x56, 0x61, 0x6c, 0x75, // f (alphaTestValu
	0x65, 0x41, 0x42, 0x5f, 0x66, 0x69, 0x6c, 0x74, 0x65, 0x72, 0x4d, 0x6f, 0x64, 0x65, 0x5f, 0x61, // eAB_filterMode_a
	0x64, 0x64, 0x42, 0x6c, 0x65, 0x6e, 0x64, 0x2e, 0x7a, 0x20, 0x3d, 0x3d, 0x20, 0x31, 0x2e, 0x30, // ddBlend.z == 1.0
	0x29, 0x0a, 0x20, 0x20, 0x20, 0x20, 0x20, 0x20, 0x20, 0x20, 0x20, 0x20, 0x20, 0x20, 0x7b, 0x0a, // ).            {.
	0x20, 0x20, 0x20, 0x20, 0x20, 0x20, 0x20, 0x20, 0x20, 0x20, 0x20, 0x20, 0x20, 0x20, 0x20, 0x20, //                 
	0x5f, 0x36, 0x35, 0x31, 0x20, 0x3d, 0x20, 0x5f, 0x36, 0x34, 0x38, 0x20, 0x2a, 0x20, 0x28, 0x5f, // _651 = _648 * (_
	0x36, 0x33, 0x36, 0x20, 0x2b, 0x20, 0x28, 0x5f, 0x36, 0x34, 0x30, 0x20, 0x2a, 0x20, 0x61, 0x6d, // 636 + (_640 * am
	0x6f, 0x75, 0x6e, 0x74, 0x5f, 0x62, 0x6c, 0x65, 0x6e, 0x64, 0x5f, 0x6d, 0x6f, 0x64, 0x75, 0x6c, // ount_blend_modul
	0x61, 0x74, 0x65, 0x5f, 0x76, 0x73, 0x5f, 0x61, 0x64, 0x64, 0x5f, 0x66, 0x6c, 0x61, 0x73, 0x68, // ate_vs_add_flash
	0x65, 0x72, 0x4d, 0x6f, 0x64, 0x65, 0x2e, 0x78, 0x29, 0x29, 0x3b, 0x0a, 0x20, 0x20, 0x20, 0x20, // erMode.x));.    
	0x20, 0x20, 0x20, 0x20, 0x20, 0x20, 0x20, 0x20, 0x7d, 0x0a, 0x20, 0x20, 0x20, 0x20, 0x20, 0x20, //         }.      
	0x20, 0x20, 0x20, 0x20, 0x20, 0x20, 0x65, 0x6c, 0x73, 0x65, 0x0a, 0x20, 0x20, 0x20, 0x20, 0x20, //       else.     
	0x20, 0x20, 0x20, 0x20, 0x20, 0x20, 0x20, 0x7b, 0x0a, 0x20, 0x20, 0x20, 0x20, 0x20, 0x20, 0x20, //        {.       
	0x20, 0x20, 0x20, 0x20, 0x20, 0x20, 0x20, 0x20, 0x20, 0x5f, 0x36, 0x35, 0x31, 0x20, 0x3d, 0x20, //          _651 = 
	0x5f, 0x36, 0x34, 0x38, 0x3b, 0x0a, 0x20, 0x20, 0x20, 0x20, 0x20, 0x20, 0x20, 0x20, 0x20, 0x20, // _648;.          
	0x20, 0x20, 0x7d, 0x0a, 0x20, 0x20, 0x20, 0x20, 0x20, 0x20, 0x20, 0x20, 0x20, 0x20, 0x20, 0x20, //   }.            
	0x76, 0x65, 0x63, 0x34, 0x20, 0x5f, 0x36, 0x37, 0x36, 0x3b, 0x0a, 0x20, 0x20, 0x20, 0x20, 0x20, // vec4 _676;.     
	0x20, 0x20, 0x20, 0x20, 0x20, 0x20, 0x20, 0x69, 0x66, 0x20, 0x28, 0x61, 0x6c, 0x70, 0x68, 0x61, //        if (alpha
	0x54, 0x65, 0x73, 0x74, 0x56, 0x61, 0x6c, 0x75, 0x65, 0x41, 0x42, 0x5f, 0x66, 0x69, 0x6c, 0x74, // TestValueAB_filt
	0x65, 0x72, 0x4d, 0x6f, 0x64, 0x65, 0x5f, 0x61, 0x64, 0x64, 0x42, 0x6c, 0x65, 0x6e, 0x64, 0x2e, // erMode_addBlend.
	0x7a, 0x20, 0x3d, 0x3d, 0x20, 0x34, 0x2e, 0x30, 0x29, 0x0a, 0x20, 0x20, 0x20, 0x20, 0x20, 0x20, // z == 4.0).      
	0x20, 0x20, 0x20, 0x20, 0x20, 0x20, 0x7b, 0x0a, 0x20, 0x20, 0x20, 0x20, 0x20, 0x20, 0x20, 0x20, //       {.        
	0x20, 0x20, 0x20, 0x20, 0x20, 0x20, 0x20, 0x20, 0x5f, 0x36, 0x37, 0x36, 0x20, 0x3d, 0x20, 0x5f, //         _676 = _
	0x36, 0x35, 0x31, 0x20, 0x2a, 0x20, 0x6d, 0x61, 0x78, 0x28, 0x76, 0x65, 0x63, 0x34, 0x28, 0x31, // 651 * max(vec4(1
	0x2e, 0x30, 0x29, 0x20, 0x2d, 0x20, 0x28, 0x28, 0x76, 0x65, 0x63, 0x34, 0x28, 0x31, 0x2e, 0x30, // .0) - ((vec4(1.0
	0x29, 0x20, 0x2d, 0x20, 0x5f, 0x36, 0x33, 0x36, 0x29, 0x20, 0x2a, 0x20, 0x28, 0x76, 0x65, 0x63, // ) - _636) * (vec
	0x34, 0x28, 0x31, 0x2e, 0x30, 0x29, 0x20, 0x2d, 0x20, 0x5f, 0x36, 0x34, 0x30, 0x29, 0x29, 0x2c, // 4(1.0) - _640)),
	0x20, 0x76, 0x65, 0x63, 0x34, 0x28, 0x30, 0x2e, 0x30, 0x29, 0x29, 0x3b, 0x0a, 0x20, 0x20, 0x20, //  vec4(0.0));.   
	0x20, 0x20, 0x20, 0x20, 0x20, 0x20, 0x20, 0x20, 0x20, 0x7d, 0x0a, 0x20, 0x20, 0x20, 0x20, 0x20, //          }.     
	0x20, 0x20, 0x20, 0x20, 0x20, 0x20, 0x20, 0x65, 0x6c, 0x73, 0x65, 0x0a, 0x20, 0x20, 0x20, 0x20, //        else.    
	0x20, 0x20, 0x20, 0x20, 0x20, 0x20, 0x20, 0x20, 0x7b, 0x0a, 0x20, 0x20, 0x20, 0x20, 0x20, 0x20, //         {.      
	0x20, 0x20, 0x20, 0x20, 0x20, 0x20, 0x20, 0x20, 0x20, 0x20, 0x5f, 0x36, 0x37, 0x36, 0x20, 0x3d, //           _676 =
	0x20, 0x5f, 0x36, 0x35, 0x31, 0x3b, 0x0a, 0x20, 0x20, 0x20, 0x20, 0x20, 0x20, 0x20, 0x20, 0x20, //  _651;.         
	0x20, 0x20, 0x20, 0x7d, 0x0a, 0x20, 0x20, 0x20, 0x20, 0x20, 0x20, 0x20, 0x20, 0x20, 0x20, 0x20, //    }.           
	0x20, 0x5f, 0x36, 0x37, 0x35, 0x20, 0x3d, 0x20, 0x5f, 0x36, 0x37, 0x36, 0x3b, 0x0a, 0x20, 0x20, //  _675 = _676;.  
	0x20, 0x20, 0x20, 0x20, 0x20, 0x20, 0x7d, 0x0a, 0x20, 0x20, 0x20, 0x20, 0x20, 0x20, 0x20, 0x20, //       }.        
	0x65, 0x6c, 0x73, 0x65, 0x0a, 0x20, 0x20, 0x20, 0x20, 0x20, 0x20, 0x20, 0x20, 0x7b, 0x0a, 0x20, // else.        {. 
	0x20, 0x20, 0x20, 0x20, 0x20, 0x20, 0x20, 0x20, 0x20, 0x20, 0x20, 0x5f, 0x36, 0x37, 0x35, 0x20, //            _675 
	0x3d, 0x20, 0x5f, 0x36, 0x34, 0x32, 0x3b, 0x0a, 0x20, 0x20, 0x20, 0x20, 0x20, 0x20, 0x20, 0x20, // = _642;.        
	0x7d, 0x0a, 0x20, 0x20, 0x20, 0x20, 0x20, 0x20, 0x20, 0x20, 0x76, 0x65, 0x63, 0x34, 0x20, 0x5f, // }.        vec4 _
	0x36, 0x37, 0x38, 0x3b, 0x0a, 0x20, 0x20, 0x20, 0x20, 0x20, 0x20, 0x20, 0x20, 0x69, 0x66, 0x20, // 678;.        if 
	0x28, 0x6c, 0x69, 0x67, 0x68, 0x74, 0x43, 0x65, 0x6e, 0x74, 0x65, 0x72, 0x5f, 0x64, 0x6f, 0x53, // (lightCenter_doS
	0x68, 0x61, 0x64, 0x6f, 0x77, 0x2e, 0x77, 0x20, 0x21, 0x3d, 0x20, 0x30, 0x2e, 0x30, 0x29, 0x0a, // hadow.w != 0.0).
	0x20, 0x20, 0x20, 0x20, 0x20, 0x20, 0x20, 0x20, 0x7b, 0x0a, 0x20, 0x20, 0x20, 0x20, 0x20, 0x20, //         {.      
	0x20, 0x20, 0x20, 0x20, 0x20, 0x20, 0x76, 0x65, 0x63, 0x33, 0x20, 0x5f, 0x33, 0x35, 0x31, 0x20, //       vec3 _351 
	0x3d, 0x20, 0x76, 0x5f, 0x74, 0x61, 0x62, 0x6c, 0x65, 0x50, 0x6f, 0x73, 0x20, 0x2d, 0x20, 0x6c, // = v_tablePos - l
	0x69, 0x67, 0x68, 0x74, 0x43, 0x65, 0x6e, 0x74, 0x65, 0x72, 0x5f, 0x64, 0x6f, 0x53, 0x68, 0x61, // ightCenter_doSha
	0x64, 0x6f, 0x77, 0x2e, 0x78, 0x79, 0x7a, 0x3b, 0x0a, 0x20, 0x20, 0x20, 0x20, 0x20, 0x20, 0x20, // dow.xyz;.       
	0x20, 0x20, 0x20, 0x20, 0x20, 0x66, 0x6c, 0x6f, 0x61, 0x74, 0x20, 0x5f, 0x33, 0x35, 0x34, 0x20, //      float _354 
	0x3d, 0x20, 0x6c, 0x65, 0x6e, 0x67, 0x74, 0x68, 0x28, 0x5f, 0x33, 0x35, 0x31, 0x29, 0x3b, 0x0a, // = length(_351);.
	0x20, 0x20, 0x20, 0x20, 0x20, 0x20, 0x20, 0x20, 0x20, 0x20, 0x20, 0x20, 0x66, 0x6c, 0x6f, 0x61, //             floa
	0x74, 0x20, 0x5f, 0x36, 0x35, 0x39, 0x3b, 0x0a, 0x20, 0x20, 0x20, 0x20, 0x20, 0x20, 0x20, 0x20, // t _659;.        
	0x20, 0x20, 0x20, 0x20, 0x64, 0x6f, 0x0a, 0x20, 0x20, 0x20, 0x20, 0x20, 0x20, 0x20, 0x20, 0x20, //     do.         
	0x20, 0x20, 0x20, 0x7b, 0x0a, 0x20, 0x20, 0x20, 0x20, 0x20, 0x20, 0x20, 0x20, 0x20, 0x20, 0x20, //    {.           
	0x20, 0x20, 0x20, 0x20, 0x20, 0x66, 0x6c, 0x6f, 0x61, 0x74, 0x20, 0x5f, 0x36, 0x35, 0x33, 0x3b, //      float _653;
	0x0a, 0x20, 0x20, 0x20, 0x20, 0x20, 0x20, 0x20, 0x20, 0x20, 0x20, 0x20, 0x20, 0x20, 0x20, 0x20, // .               
	0x20, 0x5f, 0x36, 0x35, 0x33, 0x20, 0x3d, 0x20, 0x31, 0x2e, 0x30, 0x3b, 0x0a, 0x20, 0x20, 0x20, //  _653 = 1.0;.   
	0x20, 0x20, 0x20, 0x20, 0x20, 0x20, 0x20, 0x20, 0x20, 0x20, 0x20, 0x20, 0x20, 0x62, 0x6f, 0x6f, //              boo
	0x6c, 0x20, 0x5f, 0x36, 0x35, 0x35, 0x3b, 0x0a, 0x20, 0x20, 0x20, 0x20, 0x20, 0x20, 0x20, 0x20, // l _655;.        
	0x20, 0x20, 0x20, 0x20, 0x20, 0x20, 0x20, 0x20, 0x66, 0x6c, 0x6f, 0x61, 0x74, 0x20, 0x5f, 0x36, //         float _6
	0x36, 0x30, 0x3b, 0x0a, 0x20, 0x20, 0x20, 0x20, 0x20, 0x20, 0x20, 0x20, 0x20, 0x20, 0x20, 0x20, // 60;.            
	0x20, 0x20, 0x20, 0x20, 0x66, 0x6c, 0x6f, 0x61, 0x74, 0x20, 0x5f, 0x36, 0x37, 0x39, 0x3b, 0x0a, //     float _679;.
	0x20, 0x20, 0x20, 0x20, 0x20, 0x20, 0x20, 0x20, 0x20, 0x20, 0x20, 0x20, 0x20, 0x20, 0x20, 0x20, //                 
	0x69, 0x6e, 0x74, 0x20, 0x5f, 0x36, 0x35, 0x32, 0x20, 0x3d, 0x20, 0x30, 0x3b, 0x0a, 0x20, 0x20, // int _652 = 0;.  
	0x20, 0x20, 0x20, 0x20, 0x20, 0x20, 0x20, 0x20, 0x20, 0x20, 0x20, 0x20, 0x20, 0x20, 0x66, 0x6f, //               fo
	0x72, 0x20, 0x28, 0x3b, 0x3b, 0x29, 0x0a, 0x20, 0x20, 0x20, 0x20, 0x20, 0x20, 0x20, 0x20, 0x20, // r (;;).         
	0x20, 0x20, 0x20, 0x20, 0x20, 0x20, 0x20, 0x7b, 0x0a, 0x20, 0x20, 0x20, 0x20, 0x20, 0x20, 0x20, //        {.       
	0x20, 0x20, 0x20, 0x20, 0x20, 0x20, 0x20, 0x20, 0x20, 0x20, 0x20, 0x20, 0x20, 0x69, 0x66, 0x20, //              if 
	0x28, 0x5f, 0x36, 0x35, 0x32, 0x20, 0x3c, 0x20, 0x38, 0x29, 0x0a, 0x20, 0x20, 0x20, 0x20, 0x20, // (_652 < 8).     
	0x20, 0x20, 0x20, 0x20, 0x20, 0x20, 0x20, 0x20, 0x20, 0x20, 0x20, 0x20, 0x20, 0x20, 0x20, 0x7b, //                {
	0x0a, 0x20, 0x20, 0x20, 0x20, 0x20, 0x20, 0x20, 0x20, 0x20, 0x20, 0x20, 0x20, 0x20, 0x20, 0x20, // .               
	0x20, 0x20, 0x20, 0x20, 0x20, 0x20, 0x20, 0x20, 0x20, 0x69, 0x66, 0x20, 0x28, 0x62, 0x61, 0x6c, //          if (bal
	0x6c, 0x73, 0x5b, 0x5f, 0x36, 0x35, 0x32, 0x5d, 0x2e, 0x77, 0x20, 0x3d, 0x3d, 0x20, 0x30, 0x2e, // ls[_652].w == 0.
	0x30, 0x29, 0x0a, 0x20, 0x20, 0x20, 0x20, 0x20, 0x20, 0x20, 0x20, 0x20, 0x20, 0x20, 0x20, 0x20, // 0).             
	0x20, 0x20, 0x20, 0x20, 0x20, 0x20, 0x20, 0x20, 0x20, 0x20, 0x20, 0x7b, 0x0a, 0x20, 0x20, 0x20, //            {.   
	0x20, 0x20, 0x20, 0x20, 0x20, 0x20, 0x20, 0x20, 0x20, 0x20, 0x20, 0x20, 0x20, 0x20, 0x20, 0x20, //                 
	0x20, 0x20, 0x20, 0x20, 0x20, 0x20, 0x20, 0x20, 0x20, 0x5f, 0x36, 0x36, 0x30, 0x20, 0x3d, 0x20, //          _660 = 
	0x5f, 0x36, 0x35, 0x33, 0x3b, 0x0a, 0x20, 0x20, 0x20, 0x20, 0x20, 0x20, 0x20, 0x20, 0x20, 0x20, // _653;.          
	0x20, 0x20, 0x20, 0x20, 0x20, 0x20, 0x20, 0x20, 0x20, 0x20, 0x20, 0x20, 0x20, 0x20, 0x20, 0x20, //                 
	0x20, 0x20, 0x5f, 0x36, 0x35, 0x35, 0x20, 0x3d, 0x20, 0x74, 0x72, 0x75, 0x65, 0x3b, 0x0a, 0x20, //   _655 = true;. 
	0x20, 0x20, 0x20, 0x20, 0x20, 0x20, 0x20, 0x20, 0x20, 0x20, 0x20, 0x20, 0x20, 0x20, 0x20, 0x20, //                 
	0x20, 0x20, 0x20, 0x20, 0x20, 0x20, 0x20, 0x20, 0x20, 0x20, 0x20, 0x62, 0x72, 0x65, 0x61, 0x6b, //            break
	0x3b, 0x0a, 0x20, 0x20, 0x20, 0x20, 0x20, 0x20, 0x20, 0x20, 0x20, 0x20, 0x20, 0x20, 0x20, 0x20, // ;.              
	0x20, 0x20, 0x20, 0x20, 0x20, 0x20, 0x20, 0x20, 0x20, 0x20, 0x7d, 0x0a, 0x20, 0x20, 0x20, 0x20, //           }.    
	0x20, 0x20, 0x20, 0x20, 0x20, 0x20, 0x20, 0x20, 0x20, 0x20, 0x20, 0x20, 0x20, 0x20, 0x20, 0x20, //                 
	0x20, 0x20, 0x20, 0x20, 0x76, 0x65, 0x63, 0x33, 0x20, 0x5f, 0x35, 0x35, 0x32, 0x20, 0x3d, 0x20, //     vec3 _552 = 
	0x62, 0x61, 0x6c, 0x6c, 0x73, 0x5b, 0x5f, 0x36, 0x35, 0x32, 0x5d, 0x2e, 0x78, 0x79, 0x7a, 0x20, // balls[_652].xyz 
	0x2d, 0x20, 0x6c, 0x69, 0x67, 0x68, 0x74, 0x43, 0x65, 0x6e, 0x74, 0x65, 0x72, 0x5f, 0x64, 0x6f, // - lightCenter_do
	0x53, 0x68, 0x61, 0x64, 0x6f, 0x77, 0x2e, 0x78, 0x79, 0x7a, 0x3b, 0x0a, 0x20, 0x20, 0x20, 0x20, // Shadow.xyz;.    
	0x20, 0x20, 0x20, 0x20, 0x20, 0x20, 0x20, 0x20, 0x20, 0x20, 0x20, 0x20, 0x20, 0x20, 0x20, 0x20, //                 
	0x20, 0x20, 0x20, 0x20, 0x66, 0x6c, 0x6f, 0x61, 0x74, 0x20, 0x5f, 0x35, 0x35, 0x39, 0x20, 0x3d, //     float _559 =
	0x20, 0x64, 0x6f, 0x74, 0x28, 0x5f, 0x35, 0x35, 0x32, 0x2c, 0x20, 0x5f, 0x33, 0x35, 0x31, 0x29, //  dot(_552, _351)
	0x20, 0x2f, 0x20, 0x28, 0x5f, 0x33, 0x35, 0x34, 0x20, 0x2a, 0x20, 0x5f, 0x33, 0x35, 0x34, 0x29, //  / (_354 * _354)
	0x3b, 0x0a, 0x20, 0x20, 0x20, 0x20, 0x20, 0x20, 0x20, 0x20, 0x20, 0x20, 0x20, 0x20, 0x20, 0x20, // ;.              
	0x20, 0x20, 0x20, 0x20, 0x20, 0x20, 0x20, 0x20, 0x20, 0x20, 0x69, 0x66, 0x20, 0x28, 0x28, 0x5f, //           if ((_
	0x35, 0x35, 0x39, 0x20, 0x3e, 0x20, 0x30, 0x2e, 0x30, 0x29, 0x20, 0x26, 0x26, 0x20, 0x28, 0x5f, // 559 > 0.0) && (_
	0x35, 0x35, 0x39, 0x20, 0x3c, 0x20, 0x31, 0x2e, 0x30, 0x29, 0x29, 0x0a, 0x20, 0x20, 0x20, 0x20, // 559 < 1.0)).    
	0x20, 0x20, 0x20, 0x20, 0x20, 0x20, 0x20, 0x20, 0x20, 0x20, 0x20, 0x20, 0x20, 0x20, 0x20, 0x20, //                 
	0x20, 0x20, 0x20, 0x20, 0x7b, 0x0a, 0x20, 0x20, 0x20, 0x20, 0x20, 0x20, 0x20, 0x20, 0x20, 0x20, //     {.          
	0x20, 0x20, 0x20, 0x20, 0x20, 0x20, 0x20, 0x20, 0x20, 0x20, 0x20, 0x20, 0x20, 0x20, 0x20, 0x20, //                 
	0x20, 0x20, 0x66, 0x6c, 0x6f, 0x61, 0x74, 0x20, 0x5f, 0x35, 0x37, 0x37, 0x20, 0x3d, 0x20, 0x35, //   float _577 = 5
	0x2e, 0x30, 0x20, 0x2d, 0x20, 0x28, 0x35, 0x2e, 0x30, 0x20, 0x2a, 0x20, 0x5f, 0x35, 0x35, 0x39, // .0 - (5.0 * _559
	0x29, 0x3b, 0x0a, 0x20, 0x20, 0x20, 0x20, 0x20, 0x20, 0x20, 0x20, 0x20, 0x20, 0x20, 0x20, 0x20, // );.             
	0x20, 0x20, 0x20, 0x20, 0x20, 0x20, 0x20, 0x20, 0x20, 0x20, 0x20, 0x20, 0x20, 0x20, 0x20, 0x66, //                f
	0x6c, 0x6f, 0x61, 0x74, 0x20, 0x5f, 0x35, 0x37, 0x39, 0x20, 0x3d, 0x20, 0x5f, 0x35, 0x35, 0x32, // loat _579 = _552
	0x2e, 0x78, 0x3b, 0x0a, 0x20, 0x20, 0x20, 0x20, 0x20, 0x20, 0x20, 0x20, 0x20, 0x20, 0x20, 0x20, // .x;.            
	0x20, 0x20, 0x20, 0x20, 0x20, 0x20, 0x20, 0x20, 0x20, 0x20, 0x20, 0x20, 0x20, 0x20, 0x20, 0x20, //                 
	0x66, 0x6c, 0x6f, 0x61, 0x74, 0x20, 0x5f, 0x35, 0x38, 0x34, 0x20, 0x3d, 0x20, 0x5f, 0x35, 0x35, // float _584 = _55
	0x32, 0x2e, 0x79, 0x3b, 0x0a, 0x20, 0x20, 0x20, 0x20, 0x20, 0x20, 0x20, 0x20, 0x20, 0x20, 0x20, // 2.y;.           
	0x20, 0x20, 0x20, 0x20, 0x20, 0x20, 0x20, 0x20, 0x20, 0x20, 0x20, 0x20, 0x20, 0x20, 0x20, 0x20, //                 
	0x20, 0x5f, 0x36, 0x37, 0x39, 0x20, 0x3d, 0x20, 0x5f, 0x36, 0x35, 0x33, 0x20, 0x2a, 0x20, 0x28, //  _679 = _653 * (
	0x31, 0x2e, 0x30, 0x20, 0x2b, 0x20, 0x28, 0x63, 0x6c, 0x61, 0x6d, 0x70, 0x28, 0x28, 0x28, 0x5f, // 1.0 + (clamp(((_
	0x35, 0x37, 0x39, 0x20, 0x2a, 0x20, 0x5f, 0x35, 0x37, 0x39, 0x29, 0x20, 0x2b, 0x20, 0x28, 0x5f, // 579 * _579) + (_
	0x35, 0x38, 0x34, 0x20, 0x2a, 0x20, 0x5f, 0x35, 0x38, 0x34, 0x29, 0x29, 0x20, 0x2f, 0x20, 0x28, // 584 * _584)) / (
	0x62, 0x61, 0x6c, 0x6c, 0x73, 0x5b, 0x5f, 0x36, 0x35, 0x32, 0x5d, 0x2e, 0x77, 0x20, 0x2a, 0x20, // balls[_652].w * 
	0x62, 0x61, 0x6c, 0x6c, 0x73, 0x5b, 0x5f, 0x36, 0x35, 0x32, 0x5d, 0x2e, 0x77, 0x29, 0x2c, 0x20, // balls[_652].w), 
	0x30, 0x2e, 0x30, 0x2c, 0x20, 0x31, 0x2e, 0x30, 0x29, 0x20, 0x2a, 0x20, 0x28, 0x28, 0x2d, 0x30, // 0.0, 1.0) * ((-0
	0x2e, 0x38, 0x39, 0x39, 0x39, 0x39, 0x39, 0x39, 0x37, 0x36, 0x31, 0x35, 0x38, 0x31, 0x34, 0x32, // .899999976158142
	0x30, 0x38, 0x39, 0x38, 0x34, 0x33, 0x37, 0x35, 0x29, 0x20, 0x2b, 0x20, 0x28, 0x30, 0x2e, 0x38, // 08984375) + (0.8
	0x39, 0x39, 0x39, 0x39, 0x39, 0x39, 0x37, 0x36, 0x31, 0x35, 0x38, 0x31, 0x34, 0x32, 0x30, 0x38, // 9999997615814208
	0x39, 0x38, 0x34, 0x33, 0x37, 0x35, 0x20, 0x2a, 0x20, 0x73, 0x6d, 0x6f, 0x6f, 0x74, 0x68, 0x73, // 984375 * smooths
	0x74, 0x65, 0x70, 0x28, 0x62, 0x61, 0x6c, 0x6c, 0x73, 0x5b, 0x5f, 0x36, 0x35, 0x32, 0x5d, 0x2e, // tep(balls[_652].
	0x77, 0x20, 0x2d, 0x20, 0x5f, 0x35, 0x37, 0x37, 0x2c, 0x20, 0x62, 0x61, 0x6c, 0x6c, 0x73, 0x5b, // w - _577, balls[
	0x5f, 0x36, 0x35, 0x32, 0x5d, 0x2e, 0x77, 0x20, 0x2b, 0x20, 0x5f, 0x35, 0x37, 0x37, 0x2c, 0x20, // _652].w + _577, 
	0x6c, 0x65, 0x6e, 0x67, 0x74, 0x68, 0x28, 0x5f, 0x35, 0x35, 0x32, 0x20, 0x2d, 0x20, 0x28, 0x5f, // length(_552 - (_
	0x33, 0x35, 0x31, 0x20, 0x2a, 0x20, 0x5f, 0x35, 0x35, 0x39, 0x29, 0x29, 0x29, 0x29, 0x29, 0x29, // 351 * _559))))))
	0x29, 0x3b, 0x0a, 0x20, 0x20, 0x20, 0x20, 0x20, 0x20, 0x20, 0x20, 0x20, 0x20, 0x20, 0x20, 0x20, // );.             
	0x20, 0x20, 0x20, 0x20, 0x20, 0x20, 0x20, 0x20, 0x20, 0x20, 0x20, 0x7d, 0x0a, 0x20, 0x20, 0x20, //            }.   
	0x20, 0x20, 0x20, 0x20, 0x20, 0x20, 0x20, 0x20, 0x20, 0x20, 0x20, 0x20, 0x20, 0x20, 0x20, 0x20, //                 
	0x20, 0x20, 0x20, 0x20, 0x20, 0x65, 0x6c, 0x73, 0x65, 0x0a, 0x20, 0x20, 0x20, 0x20, 0x20, 0x20, //      else.      
	0x20, 0x20, 0x20, 0x20, 0x20, 0x20, 0x20, 0x20, 0x20, 0x20, 0x20, 0x20, 0x20, 0x20, 0x20, 0x20, //                 
	0x20, 0x20, 0x7b, 0x0a, 0x20, 0x20, 0x20, 0x20, 0x20, 0x20, 0x20, 0x20, 0x20, 0x20, 0x20, 0x20, //   {.            
	0x20, 0x20, 0x20, 0x20, 0x20, 0x20, 0x20, 0x20, 0x20, 0x20, 0x20, 0x20, 0x20, 0x20, 0x20, 0x20, //                 
	0x5f, 0x36, 0x37, 0x39, 0x20, 0x3d, 0x20, 0x5f, 0x36, 0x35, 0x33, 0x3b, 0x0a, 0x20, 0x20, 0x20, // _679 = _653;.   
	0x20, 0x20, 0x20, 0x20, 0x20, 0x20, 0x20, 0x20, 0x20, 0x20, 0x20, 0x20, 0x20, 0x20, 0x20, 0x20, //                 
	0x20, 0x20, 0x20, 0x20, 0x20, 0x7d, 0x0a, 0x20, 0x20, 0x20, 0x20, 0x20, 0x20, 0x20, 0x20, 0x20, //      }.         
	0x20, 0x20, 0x20, 0x20, 0x20, 0x20, 0x20, 0x20, 0x20, 0x20, 0x20, 0x20, 0x20, 0x20, 0x20, 0x5f, //                _
	0x36, 0x35, 0x33, 0x20, 0x3d, 0x20, 0x5f, 0x36, 0x37, 0x39, 0x3b, 0x0a, 0x20, 0x20, 0x20, 0x20, // 653 = _679;.    
	0x20, 0x20, 0x20, 0x20, 0x20, 0x20, 0x20, 0x20, 0x20, 0x20, 0x20, 0x20, 0x20, 0x20, 0x20, 0x20, //                 
	0x20, 0x20, 0x20, 0x20, 0x5f, 0x36, 0x35, 0x32, 0x2b, 0x2b, 0x3b, 0x0a, 0x20, 0x20, 0x20, 0x20, //     _652++;.    
	0x20, 0x20, 0x20, 0x20, 0x20, 0x20, 0x20, 0x20, 0x20, 0x20, 0x20, 0x20, 0x20, 0x20, 0x20, 0x20, //                 
	0x20, 0x20, 0x20, 0x20, 0x63, 0x6f, 0x6e, 0x74, 0x69, 0x6e, 0x75, 0x65, 0x3b, 0x0a, 0x20, 0x20, //     continue;.  
	0x20, 0x20, 0x20, 0x20, 0x20, 0x20, 0x20, 0x20, 0x20, 0x20, 0x20, 0x20, 0x20, 0x20, 0x20, 0x20, //                 
	0x20, 0x20, 0x7d, 0x0a, 0x20, 0x20, 0x20, 0x20, 0x20, 0x20, 0x20, 0x20, 0x20, 0x20, 0x20, 0x20, //   }.            
	0x20, 0x20, 0x20, 0x20, 0x20, 0x20, 0x20, 0x20, 0x65, 0x6c, 0x73, 0x65, 0x0a, 0x20, 0x20, 0x20, //         else.   
	0x20, 0x20, 0x20, 0x20, 0x20, 0x20, 0x20, 0x20, 0x20, 0x20, 0x20, 0x20, 0x20, 0x20, 0x20, 0x20, //                 
	0x20, 0x7b, 0x0a, 0x20, 0x20, 0x20, 0x20, 0x20, 0x20, 0x20, 0x20, 0x20, 0x20, 0x20, 0x20, 0x20, //  {.             
	0x20, 0x20, 0x20, 0x20, 0x20, 0x20, 0x20, 0x20, 0x20, 0x20, 0x20, 0x5f, 0x36, 0x36, 0x30, 0x20, //            _660 
	0x3d, 0x20, 0x5f, 0x36, 0x36, 0x36, 0x3b, 0x0a, 0x20, 0x20, 0x20, 0x20, 0x20, 0x20, 0x20, 0x20, // = _666;.        
	0x20, 0x20, 0x20, 0x20, 0x20, 0x20, 0x20, 0x20, 0x20, 0x20, 0x20, 0x20, 0x20, 0x20, 0x20, 0x20, //                 
	0x5f, 0x36, 0x35, 0x35, 0x20, 0x3d, 0x20, 0x66, 0x61, 0x6c, 0x73, 0x65, 0x3b, 0x0a, 0x20, 0x20, // _655 = false;.  
	0x20, 0x20, 0x20, 0x20, 0x20, 0x20, 0x20, 0x20, 0x20, 0x20, 0x20, 0x20, 0x20, 0x20, 0x20, 0x20, //                 
	0x20, 0x20, 0x20, 0x20, 0x20, 0x20, 0x62, 0x72, 0x65, 0x61, 0x6b, 0x3b, 0x0a, 0x20, 0x20, 0x20, //       break;.   
	0x20, 0x20, 0x20, 0x20, 0x20, 0x20, 0x20, 0x20, 0x20, 0x20, 0x20, 0x20, 0x20, 0x20, 0x20, 0x20, //                 
	0x20, 0x7d, 0x0a, 0x20, 0x20, 0x20, 0x20, 0x20, 0x20, 0x20, 0x20, 0x20, 0x20, 0x20, 0x20, 0x20, //  }.             
	0x20, 0x20, 0x20, 0x7d, 0x0a, 0x20, 0x20, 0x20, 0x20, 0x20, 0x20, 0x20, 0x20, 0x20, 0x20, 0x20, //    }.           
	0x20, 0x20, 0x20, 0x20, 0x20, 0x69, 0x66, 0x20, 0x28, 0x5f, 0x36, 0x35, 0x35, 0x29, 0x0a, 0x20, //      if (_655). 
	0x20, 0x20, 0x20, 0x20, 0x20, 0x20, 0x20, 0x20, 0x20, 0x20, 0x20, 0x20, 0x20, 0x20, 0x20, 0x7b, //                {
	0x0a, 0x20, 0x20, 0x20, 0x20, 0x20, 0x20, 0x20, 0x20, 0x20, 0x20, 0x20, 0x20, 0x20, 0x20, 0x20, // .               
	0x20, 0x20, 0x20, 0x20, 0x20, 0x5f, 0x36, 0x35, 0x39, 0x20, 0x3d, 0x20, 0x5f, 0x36, 0x36, 0x30, //      _659 = _660
	0x3b, 0x0a, 0x20, 0x20, 0x20, 0x20, 0x20, 0x20, 0x20, 0x20, 0x20, 0x20, 0x20, 0x20, 0x20, 0x20, // ;.              
	0x20, 0x20, 0x20, 0x20, 0x20, 0x20, 0x62, 0x72, 0x65, 0x61, 0x6b, 0x3b, 0x0a, 0x20, 0x20, 0x20, //       break;.   
	0x20, 0x20, 0x20, 0x20, 0x20, 0x20, 0x20, 0x20, 0x20, 0x20, 0x20, 0x20, 0x20, 0x7d, 0x0a, 0x20, //              }. 
	0x20, 0x20, 0x20, 0x20, 0x20, 0x20, 0x20, 0x20, 0x20, 0x20, 0x20, 0x20, 0x20, 0x20, 0x20, 0x5f, //                _
	0x36, 0x35, 0x39, 0x20, 0x3d, 0x20, 0x5f, 0x36, 0x35, 0x33, 0x3b, 0x0a, 0x20, 0x20, 0x20, 0x20, // 659 = _653;.    
	0x20, 0x20, 0x20, 0x20, 0x20, 0x20, 0x20, 0x20, 0x20, 0x20, 0x20, 0x20, 0x62, 0x72, 0x65, 0x61, //             brea
	0x6b, 0x3b, 0x0a, 0x20, 0x20, 0x20, 0x20, 0x20, 0x20, 0x20, 0x20, 0x20, 0x20, 0x20, 0x20, 0x7d, // k;.            }
	0x20, 0x77, 0x68, 0x69, 0x6c, 0x65, 0x28, 0x66, 0x61, 0x6c, 0x73, 0x65, 0x29, 0x3b, 0x0a, 0x20, //  while(false);. 
	0x20, 0x20, 0x20, 0x20, 0x20, 0x20, 0x20, 0x20, 0x20, 0x20, 0x20, 0x76, 0x65, 0x63, 0x33, 0x20, //            vec3 
	0x5f, 0x33, 0x36, 0x37, 0x20, 0x3d, 0x20, 0x5f, 0x36, 0x37, 0x35, 0x2e, 0x78, 0x79, 0x7a, 0x20, // _367 = _675.xyz 
	0x2a, 0x20, 0x5f, 0x36, 0x35, 0x39, 0x3b, 0x0a, 0x20, 0x20, 0x20, 0x20, 0x20, 0x20, 0x20, 0x20, // * _659;.        
	0x20, 0x20, 0x20, 0x20, 0x76, 0x65, 0x63, 0x34, 0x20, 0x5f, 0x36, 0x32, 0x36, 0x20, 0x3d, 0x20, //     vec4 _626 = 
	0x5f, 0x36, 0x37, 0x35, 0x3b, 0x0a, 0x20, 0x20, 0x20, 0x20, 0x20, 0x20, 0x20, 0x20, 0x20, 0x20, // _675;.          
	0x20, 0x20, 0x5f, 0x36, 0x32, 0x36, 0x2e, 0x78, 0x20, 0x3d, 0x20, 0x5f, 0x33, 0x36, 0x37, 0x2e, //   _626.x = _367.
	0x78, 0x3b, 0x0a, 0x20, 0x20, 0x20, 0x20, 0x20, 0x20, 0x20, 0x20, 0x20, 0x20, 0x20, 0x20, 0x5f, // x;.            _
	0x36, 0x32, 0x36, 0x2e, 0x79, 0x20, 0x3d, 0x20, 0x5f, 0x33, 0x36, 0x37, 0x2e, 0x79, 0x3b, 0x0a, // 626.y = _367.y;.
	0x20, 0x20, 0x20, 0x20, 0x20, 0x20, 0x20, 0x20, 0x20, 0x20, 0x20, 0x20, 0x5f, 0x36, 0x32, 0x36, //             _626
	0x2e, 0x7a, 0x20, 0x3d, 0x20, 0x5f, 0x33, 0x36, 0x37, 0x2e, 0x7a, 0x3b, 0x0a, 0x20, 0x20, 0x20, // .z = _367.z;.   
	0x20, 0x20, 0x20, 0x20, 0x20, 0x20, 0x20, 0x20, 0x20, 0x5f, 0x36, 0x37, 0x38, 0x20, 0x3d, 0x20, //          _678 = 
	0x5f, 0x36, 0x32, 0x36, 0x3b, 0x0a, 0x20, 0x20, 0x20, 0x20, 0x20, 0x20, 0x20, 0x20, 0x7d, 0x0a, // _626;.        }.
	0x20, 0x20, 0x20, 0x20, 0x20, 0x20, 0x20, 0x20, 0x65, 0x6c, 0x73, 0x65, 0x0a, 0x20, 0x20, 0x20, //         else.   
	0x20, 0x20, 0x20, 0x20, 0x20, 0x7b, 0x0a, 0x20, 0x20, 0x20, 0x20, 0x20, 0x20, 0x20, 0x20, 0x20, //      {.         
	0x20, 0x20, 0x20, 0x5f, 0x36, 0x37, 0x38, 0x20, 0x3d, 0x20, 0x5f, 0x36, 0x37, 0x35, 0x3b, 0x0a, //    _678 = _675;.
	0x20, 0x20, 0x20, 0x20, 0x20, 0x20, 0x20, 0x20, 0x7d, 0x0a, 0x20, 0x20, 0x20, 0x20, 0x20, 0x20, //         }.      
	0x20, 0x20, 0x69, 0x66, 0x20, 0x28, 0x61, 0x6c, 0x70, 0x68, 0x61, 0x54, 0x65, 0x73, 0x74, 0x56, //   if (alphaTestV
	0x61, 0x6c, 0x75, 0x65, 0x41, 0x42, 0x5f, 0x66, 0x69, 0x6c, 0x74, 0x65, 0x72, 0x4d, 0x6f, 0x64, // alueAB_filterMod
	0x65, 0x5f, 0x61, 0x64, 0x64, 0x42, 0x6c, 0x65, 0x6e, 0x64, 0x2e, 0x77, 0x20, 0x3d, 0x3d, 0x20, // e_addBlend.w == 
	0x30, 0x2e, 0x30, 0x29, 0x0a, 0x20, 0x20, 0x20, 0x20, 0x20, 0x20, 0x20, 0x20, 0x7b, 0x0a, 0x20, // 0.0).        {. 
	0x20, 0x20, 0x20, 0x20, 0x20, 0x20, 0x20, 0x20, 0x20, 0x20, 0x20, 0x62, 0x67, 0x66, 0x78, 0x5f, //            bgfx_
	0x46, 0x72, 0x61, 0x67, 0x43, 0x6f, 0x6c, 0x6f, 0x72, 0x20, 0x3d, 0x20, 0x76, 0x65, 0x63, 0x34, // FragColor = vec4
	0x28, 0x5f, 0x36, 0x37, 0x38, 0x2e, 0x78, 0x79, 0x7a, 0x2c, 0x20, 0x63, 0x6c, 0x61, 0x6d, 0x70, // (_678.xyz, clamp
	0x28, 0x5f, 0x36, 0x37, 0x38, 0x2e, 0x77, 0x2c, 0x20, 0x30, 0x2e, 0x30, 0x2c, 0x20, 0x31, 0x2e, // (_678.w, 0.0, 1.
	0x30, 0x29, 0x29, 0x3b, 0x0a, 0x20, 0x20, 0x20, 0x20, 0x20, 0x20, 0x20, 0x20, 0x7d, 0x0a, 0x20, // 0));.        }. 
	0x20, 0x20, 0x20, 0x20, 0x20, 0x20, 0x20, 0x65, 0x6c, 0x73, 0x65, 0x0a, 0x20, 0x20, 0x20, 0x20, //        else.    
	0x20, 0x20, 0x20, 0x20, 0x7b, 0x0a, 0x20, 0x20, 0x20, 0x20, 0x20, 0x20, 0x20, 0x20, 0x20, 0x20, //     {.          
	0x20, 0x20, 0x69, 0x66, 0x20, 0x28, 0x61, 0x6d, 0x6f, 0x75, 0x6e, 0x74, 0x5f, 0x62, 0x6c, 0x65, //   if (amount_ble
	0x6e, 0x64, 0x5f, 0x6d, 0x6f, 0x64, 0x75, 0x6c, 0x61, 0x74, 0x65, 0x5f, 0x76, 0x73, 0x5f, 0x61, // nd_modulate_vs_a
	0x64, 0x64, 0x5f, 0x66, 0x6c, 0x61, 0x73, 0x68, 0x65, 0x72, 0x4d, 0x6f, 0x64, 0x65, 0x2e, 0x79, // dd_flasherMode.y
	0x20, 0x3e, 0x20, 0x30, 0x2e, 0x30, 0x29, 0x0a, 0x20, 0x20, 0x20, 0x20, 0x20, 0x20, 0x20, 0x20, //  > 0.0).        
	0x20, 0x20, 0x20, 0x20, 0x7b, 0x0a, 0x20, 0x20, 0x20, 0x20, 0x20, 0x20, 0x20, 0x20, 0x20, 0x20, //     {.          
	0x20, 0x20, 0x20, 0x20, 0x20, 0x20, 0x62, 0x67, 0x66, 0x78, 0x5f, 0x46, 0x72, 0x61, 0x67, 0x43, //       bgfx_FragC
	0x6f, 0x6c, 0x6f, 0x72, 0x20, 0x3d, 0x20, 0x76, 0x65, 0x63, 0x34, 0x28, 0x5f, 0x36, 0x37, 0x38, // olor = vec4(_678
	0x2e, 0x78, 0x79, 0x7a, 0x20, 0x2a, 0x20, 0x28, 0x28, 0x2d, 0x61, 0x6d, 0x6f, 0x75, 0x6e, 0x74, // .xyz * ((-amount
	0x5f, 0x62, 0x6c, 0x65, 0x6e, 0x64, 0x5f, 0x6d, 0x6f, 0x64, 0x75, 0x6c, 0x61, 0x74, 0x65, 0x5f, // _blend_modulate_
	0x76, 0x73, 0x5f, 0x61, 0x64, 0x64, 0x5f, 0x66, 0x6c, 0x61, 0x73, 0x68, 0x65, 0x72, 0x4d, 0x6f, // vs_add_flasherMo
	0x64, 0x65, 0x2e, 0x79, 0x29, 0x20, 0x2a, 0x20, 0x5f, 0x36, 0x37, 0x38, 0x2e, 0x77, 0x29, 0x2c, // de.y) * _678.w),
	0x20, 0x28, 0x31, 0x2e, 0x30, 0x20, 0x2f, 0x20, 0x61, 0x6d, 0x6f, 0x75, 0x6e, 0x74, 0x5f, 0x62, //  (1.0 / amount_b
	0x6c, 0x65, 0x6e, 0x64, 0x5f, 0x6d, 0x6f, 0x64, 0x75, 0x6c, 0x61, 0x74, 0x65, 0x5f, 0x76, 0x73, // lend_modulate_vs
	0x5f, 0x61, 0x64, 0x64, 0x5f, 0x66, 0x6c, 0x61, 0x73, 0x68, 0x65, 0x72, 0x4d, 0x6f, 0x64, 0x65, // _add_flasherMode
	0x2e, 0x79, 0x29, 0x20, 0x2d, 0x20, 0x31, 0x2e, 0x30, 0x29, 0x3b, 0x0a, 0x20, 0x20, 0x20, 0x20, // .y) - 1.0);.    
	0x20, 0x20, 0x20, 0x20, 0x20, 0x20, 0x20, 0x20, 0x7d, 0x0a, 0x20, 0x20, 0x20, 0x20, 0x20, 0x20, //         }.      
	0x20, 0x20, 0x20, 0x20, 0x20, 0x20, 0x65, 0x6c, 0x73, 0x65, 0x0a, 0x20, 0x20, 0x20, 0x20, 0x20, //       else.     
	0x20, 0x20, 0x20, 0x20, 0x20, 0x20, 0x20, 0x7b, 0x0a, 0x20, 0x20, 0x20, 0x20, 0x20, 0x20, 0x20, //        {.       
	0x20, 0x20, 0x20, 0x20, 0x20, 0x20, 0x20, 0x20, 0x20, 0x62, 0x67, 0x66, 0x78, 0x5f, 0x46, 0x72, //          bgfx_Fr
	0x61, 0x67, 0x43, 0x6f, 0x6c, 0x6f, 0x72, 0x20, 0x3d, 0x20, 0x76, 0x65, 0x63, 0x34, 0x28, 0x5f, // agColor = vec4(_
	0x36, 0x37, 0x38, 0x2e, 0x78, 0x79, 0x7a, 0x20, 0x2a, 0x20, 0x5f, 0x36, 0x37, 0x38, 0x2e, 0x77, // 678.xyz * _678.w
	0x2c, 0x20, 0x63, 0x6c, 0x61, 0x6d, 0x70, 0x28, 0x28, 0x2d, 0x61, 0x6d, 0x6f, 0x75, 0x6e, 0x74, // , clamp((-amount
	0x5f, 0x62, 0x6c, 0x65, 0x6e, 0x64, 0x5f, 0x6d, 0x6f, 0x64, 0x75, 0x6c, 0x61, 0x74, 0x65, 0x5f, // _blend_modulate_
	0x76, 0x73, 0x5f, 0x61, 0x64, 0x64, 0x5f, 0x66, 0x6c, 0x61, 0x73, 0x68, 0x65, 0x72, 0x4d, 0x6f, // vs_add_flasherMo
	0x64, 0x65, 0x2e, 0x79, 0x29, 0x20, 0x2a, 0x20, 0x5f, 0x36, 0x37, 0x38, 0x2e, 0x77, 0x2c, 0x20, // de.y) * _678.w, 
	0x30, 0x2e, 0x30, 0x2c, 0x20, 0x31, 0x2e, 0x30, 0x29, 0x29, 0x3b, 0x0a, 0x20, 0x20, 0x20, 0x20, // 0.0, 1.0));.    
	0x20, 0x20, 0x20, 0x20, 0x20, 0x20, 0x20, 0x20, 0x7d, 0x0a, 0x20, 0x20, 0x20, 0x20, 0x20, 0x20, //         }.      
	0x20, 0x20, 0x7d, 0x0a, 0x20, 0x20, 0x20, 0x20, 0x20, 0x20, 0x20, 0x20, 0x62, 0x72, 0x65, 0x61, //   }.        brea
	0x6b, 0x3b, 0x0a, 0x20, 0x20, 0x20, 0x20, 0x7d, 0x20, 0x77, 0x68, 0x69, 0x6c, 0x65, 0x28, 0x66, // k;.    } while(f
	0x61, 0x6c, 0x73, 0x65, 0x29, 0x3b, 0x0a, 0x7d, 0x0a, 0x0a, 0x00,                               // alse);.}...
};
static const uint8_t fs_flasher_noclip_dxbc[3807] =
{
	0x46, 0x53, 0x48, 0x0c, 0xe2, 0xbc, 0x2a, 0x7e, 0x00, 0x00, 0x00, 0x00, 0x00, 0x00, 0x00, 0x00, // FSH...*~........
	0x00, 0x00, 0x00, 0x00, 0x07, 0x00, 0x05, 0x62, 0x61, 0x6c, 0x6c, 0x73, 0x12, 0x08, 0x00, 0x00, // .......balls....
	0x08, 0x00, 0x00, 0x00, 0x00, 0x00, 0x11, 0x73, 0x74, 0x61, 0x74, 0x69, 0x63, 0x43, 0x6f, 0x6c, // .......staticCol
	0x6f, 0x72, 0x5f, 0x41, 0x6c, 0x70, 0x68, 0x61, 0x12, 0x00, 0x80, 0x00, 0x01, 0x00, 0x00, 0x00, // or_Alpha........
	0x00, 0x00, 0x24, 0x61, 0x6c, 0x70, 0x68, 0x61, 0x54, 0x65, 0x73, 0x74, 0x56, 0x61, 0x6c, 0x75, // ..$alphaTestValu
	0x65, 0x41, 0x42, 0x5f, 0x66, 0x69, 0x6c, 0x74, 0x65, 0x72, 0x4d, 0x6f, 0x64, 0x65, 0x5f, 0x61, // eAB_filterMode_a
	0x64, 0x64, 0x42, 0x6c, 0x65, 0x6e, 0x64, 0x12, 0x00, 0x90, 0x00, 0x01, 0x00, 0x00, 0x00, 0x00, // ddBlend.........
	0x00, 0x28, 0x61, 0x6d, 0x6f, 0x75, 0x6e, 0x74, 0x5f, 0x62, 0x6c, 0x65, 0x6e, 0x64, 0x5f, 0x6d, // .(amount_blend_m
	0x6f, 0x64, 0x75, 0x6c, 0x61, 0x74, 0x65, 0x5f, 0x76, 0x73, 0x5f, 0x61, 0x64, 0x64, 0x5f, 0x66, // odulate_vs_add_f
	0x6c, 0x61, 0x73, 0x68, 0x65, 0x72, 0x4d, 0x6f, 0x64, 0x65, 0x12, 0x00, 0xa0, 0x00, 0x01, 0x00, // lasherMode......
	0x00, 0x00, 0x00, 0x00, 0x14, 0x6c, 0x69, 0x67, 0x68, 0x74, 0x43, 0x65, 0x6e, 0x74, 0x65, 0x72, // .....lightCenter
	0x5f, 0x64, 0x6f, 0x53, 0x68, 0x61, 0x64, 0x6f, 0x77, 0x12, 0x00, 0xb0, 0x00, 0x01, 0x00, 0x00, // _doShadow.......
	0x00, 0x00, 0x00, 0x0d, 0x74, 0x65, 0x78, 0x5f, 0x66, 0x6c, 0x61, 0x73, 0x68, 0x65, 0x72, 0x5f, // ....tex_flasher_
	0x41, 0x30, 0x01, 0x00, 0x00, 0x01, 0x00, 0x00, 0x02, 0x00, 0x00, 0x0d, 0x74, 0x65, 0x78, 0x5f, // A0..........tex_
	0x66, 0x6c, 0x61, 0x73, 0x68, 0x65, 0x72, 0x5f, 0x42, 0x30, 0x01, 0x01, 0x00, 0x01, 0x00, 0x00, // flasher_B0......
	0x02, 0x00, 0x00, 0xe4, 0x0d, 0x00, 0x00, 0x44, 0x58, 0x42, 0x43, 0x06, 0x0f, 0x52, 0xf8, 0x9c, // .......DXBC..R..
	0x40, 0x9b, 0x18, 0x9a, 0x3c, 0x13, 0x3d, 0xc0, 0x11, 0xe0, 0xb1, 0x01, 0x00, 0x00, 0x00, 0xe4, // @...<.=.........
	0x0d, 0x00, 0x00, 0x03, 0x00, 0x00, 0x00, 0x2c, 0x00, 0x00, 0x00, 0x9c, 0x00, 0x00, 0x00, 0xd0, // .......,........
	0x00, 0x00, 0x00, 0x49, 0x53, 0x47, 0x4e, 0x68, 0x00, 0x00, 0x00, 0x03, 0x00, 0x00, 0x00, 0x08, // ...ISGNh........
	0x00, 0x00, 0x00, 0x50, 0x00, 0x00, 0x00, 0x00, 0x00, 0x00, 0x00, 0x01, 0x00, 0x00, 0x00, 0x03, // ...P............
	0x00, 0x00, 0x00, 0x00, 0x00, 0x00, 0x00, 0x0f, 0x00, 0x00, 0x00, 0x5c, 0x00, 0x00, 0x00, 0x01, // ................
	0x00, 0x00, 0x00, 0x00, 0x00, 0x00, 0x00, 0x03, 0x00, 0x00, 0x00, 0x01, 0x00, 0x00, 0x00, 0x07, // ................
	0x07, 0x00, 0x00, 0x5c, 0x00, 0x00, 0x00, 0x00, 0x00, 0x00, 0x00, 0x00, 0x00, 0x00, 0x00, 0x03, // ................
	0x00, 0x00, 0x00, 0x02, 0x00, 0x00, 0x00, 0x03, 0x03, 0x00, 0x00, 0x53, 0x56, 0x5f, 0x50, 0x4f, // ...........SV_PO
	0x53, 0x49, 0x54, 0x49, 0x4f, 0x4e, 0x00, 0x54, 0x45, 0x58, 0x43, 0x4f, 0x4f, 0x52, 0x44, 0x00, // SITION.TEXCOORD.
	0xab, 0xab, 0xab, 0x4f, 0x53, 0x47, 0x4e, 0x2c, 0x00, 0x00, 0x00, 0x01, 0x00, 0x00, 0x00, 0x08, // ...OSGN,........
	0x00, 0x00, 0x00, 0x20, 0x00, 0x00, 0x00, 0x00, 0x00, 0x00, 0x00, 0x00, 0x00, 0x00, 0x00, 0x03, // ... ............
	0x00, 0x00, 0x00, 0x00, 0x00, 0x00, 0x00, 0x0f, 0x00, 0x00, 0x00, 0x53, 0x56, 0x5f, 0x54, 0x41, // ...........SV_TA
	0x52, 0x47, 0x45, 0x54, 0x00, 0xab, 0xab, 0x53, 0x48, 0x45, 0x58, 0x0c, 0x0d, 0x00, 0x00, 0x50, // RGET...SHEX....P
	0x00, 0x00, 0x00, 0x43, 0x03, 0x00, 0x00, 0x6a, 0x28, 0x00, 0x01, 0x59, 0x08, 0x00, 0x04, 0x46, // ...C...j(..Y...F
	0x8e, 0x20, 0x00, 0x00, 0x00, 0x00, 0x00, 0x0c, 0x00, 0x00, 0x00, 0x5a, 0x00, 0x00, 0x03, 0x00, // . .........Z....
	0x60, 0x10, 0x00, 0x00, 0x00, 0x00, 0x00, 0x5a, 0x00, 0x00, 0x03, 0x00, 0x60, 0x10, 0x00, 0x01, // `......Z....`...
	0x00, 0x00, 0x00, 0x58, 0x18, 0x00, 0x04, 0x00, 0x70, 0x10, 0x00, 0x00, 0x00, 0x00, 0x00, 0x55, // ...X....p......U
	0x55, 0x00, 0x00, 0x58, 0x18, 0x00, 0x04, 0x00, 0x70, 0x10, 0x00, 0x01, 0x00, 0x00, 0x00, 0x55, // U..X....p......U
	0x55, 0x00, 0x00, 0x62, 0x10, 0x00, 0x03, 0x72, 0x10, 0x10, 0x00, 0x01, 0x00, 0x00, 0x00, 0x62, // U..b...r.......b
	0x10, 0x00, 0x03, 0x32, 0x10, 0x10, 0x00, 0x02, 0x00, 0x00, 0x00, 0x65, 0x00, 0x00, 0x03, 0xf2, // ...2.......e....
	0x20, 0x10, 0x00, 0x00, 0x00, 0x00, 0x00, 0x68, 0x00, 0x00, 0x02, 0x09, 0x00, 0x00, 0x00, 0x31, //  ......h.......1
	0x00, 0x00, 0x08, 0x12, 0x00, 0x10, 0x00, 0x00, 0x00, 0x00, 0x00, 0x2a, 0x80, 0x20, 0x00, 0x00, // ...........*. ..
	0x00, 0x00, 0x00, 0x0a, 0x00, 0x00, 0x00, 0x01, 0x40, 0x00, 0x00, 0x00, 0x00, 0x00, 0x40, 0x1f, // ........@.....@.
	0x00, 0x04, 0x03, 0x0a, 0x00, 0x10, 0x00, 0x00, 0x00, 0x00, 0x00, 0x45, 0x00, 0x00, 0x8b, 0xc2, // ...........E....
	0x00, 0x00, 0x80, 0x43, 0x55, 0x15, 0x00, 0xf2, 0x00, 0x10, 0x00, 0x00, 0x00, 0x00, 0x00, 0x46, // ...CU..........F
	0x10, 0x10, 0x00, 0x02, 0x00, 0x00, 0x00, 0x46, 0x7e, 0x10, 0x00, 0x00, 0x00, 0x00, 0x00, 0x00, // .......F~.......
	0x60, 0x10, 0x00, 0x00, 0x00, 0x00, 0x00, 0x1d, 0x00, 0x00, 0x08, 0x12, 0x00, 0x10, 0x00, 0x01, // `...............
	0x00, 0x00, 0x00, 0x0a, 0x80, 0x20, 0x00, 0x00, 0x00, 0x00, 0x00, 0x09, 0x00, 0x00, 0x00, 0x3a, // ..... .........:
	0x00, 0x10, 0x00, 0x00, 0x00, 0x00, 0x00, 0x1f, 0x00, 0x04, 0x03, 0x0a, 0x00, 0x10, 0x00, 0x01, // ................
	0x00, 0x00, 0x00, 0x36, 0x00, 0x00, 0x08, 0xf2, 0x20, 0x10, 0x00, 0x00, 0x00, 0x00, 0x00, 0x02, // ...6.... .......
	0x40, 0x00, 0x00, 0x00, 0x00, 0x00, 0x00, 0x00, 0x00, 0x00, 0x00, 0x00, 0x00, 0x00, 0x00, 0x00, // @...............
	0x00, 0x00, 0x00, 0x3e, 0x00, 0x00, 0x01, 0x15, 0x00, 0x00, 0x01, 0x15, 0x00, 0x00, 0x01, 0x18, // ...>............
	0x00, 0x00, 0x08, 0x12, 0x00, 0x10, 0x00, 0x01, 0x00, 0x00, 0x00, 0x2a, 0x80, 0x20, 0x00, 0x00, // ...........*. ..
	0x00, 0x00, 0x00, 0x0a, 0x00, 0x00, 0x00, 0x01, 0x40, 0x00, 0x00, 0x00, 0x00, 0x80, 0x3f, 0x1f, // ........@.....?.
	0x00, 0x04, 0x03, 0x0a, 0x00, 0x10, 0x00, 0x01, 0x00, 0x00, 0x00, 0x45, 0x00, 0x00, 0x8b, 0xc2, // ...........E....
	0x00, 0x00, 0x80, 0x43, 0x55, 0x15, 0x00, 0xf2, 0x00, 0x10, 0x00, 0x02, 0x00, 0x00, 0x00, 0x46, // ...CU..........F
	0x10, 0x10, 0x00, 0x02, 0x00, 0x00, 0x00, 0x46, 0x7e, 0x10, 0x00, 0x01, 0x00, 0x00, 0x00, 0x00, // .......F~.......
	0x60, 0x10, 0x00, 0x01, 0x00, 0x00, 0x00, 0x1d, 0x00, 0x00, 0x08, 0x22, 0x00, 0x10, 0x00, 0x01, // `.........."....
	0x00, 0x00, 0x00, 0x1a, 0x80, 0x20, 0x00, 0x00, 0x00, 0x00, 0x00, 0x09, 0x00, 0x00, 0x00, 0x3a, // ..... .........:
	0x00, 0x10, 0x00, 0x02, 0x00, 0x00, 0x00, 0x1f, 0x00, 0x04, 0x03, 0x1a, 0x00, 0x10, 0x00, 0x01, // ................
	0x00, 0x00, 0x00, 0x36, 0x00, 0x00, 0x08, 0xf2, 0x20, 0x10, 0x00, 0x00, 0x00, 0x00, 0x00, 0x02, // ...6.... .......
	0x40, 0x00, 0x00, 0x00, 0x00, 0x00, 0x00, 0x00, 0x00, 0x00, 0x00, 0x00, 0x00, 0x00, 0x00, 0x00, // @...............
	0x00, 0x00, 0x00, 0x3e, 0x00, 0x00, 0x01, 0x15, 0x00, 0x00, 0x01, 0x15, 0x00, 0x00, 0x01, 0x18, // ...>............
	0x00, 0x00, 0x08, 0x22, 0x00, 0x10, 0x00, 0x01, 0x00, 0x00, 0x00, 0x2a, 0x80, 0x20, 0x00, 0x00, // ...".......*. ..
	0x00, 0x00, 0x00, 0x0a, 0x00, 0x00, 0x00, 0x01, 0x40, 0x00, 0x00, 0x00, 0x00, 0x00, 0x00, 0x38, // ........@......8
	0x00, 0x00, 0x08, 0xf2, 0x00, 0x10, 0x00, 0x03, 0x00, 0x00, 0x00, 0x46, 0x0e, 0x10, 0x00, 0x00, // ...........F....
	0x00, 0x00, 0x00, 0x46, 0x8e, 0x20, 0x00, 0x00, 0x00, 0x00, 0x00, 0x08, 0x00, 0x00, 0x00, 0x37, // ...F. .........7
	0x00, 0x00, 0x0a, 0xf2, 0x00, 0x10, 0x00, 0x03, 0x00, 0x00, 0x00, 0x56, 0x05, 0x10, 0x00, 0x01, // ...........V....
	0x00, 0x00, 0x00, 0x46, 0x0e, 0x10, 0x00, 0x03, 0x00, 0x00, 0x00, 0x46, 0x8e, 0x20, 0x00, 0x00, // ...F.......F. ..
	0x00, 0x00, 0x00, 0x08, 0x00, 0x00, 0x00, 0x1f, 0x00, 0x04, 0x03, 0x0a, 0x00, 0x10, 0x00, 0x01, // ................
	0x00, 0x00, 0x00, 0x18, 0x00, 0x00, 0x0b, 0xf2, 0x00, 0x10, 0x00, 0x01, 0x00, 0x00, 0x00, 0xa6, // ................
	0x8a, 0x20, 0x00, 0x00, 0x00, 0x00, 0x00, 0x09, 0x00, 0x00, 0x00, 0x02, 0x40, 0x00, 0x00, 0x00, // . ..........@...
	0x00, 0x00, 0x40, 0x00, 0x00, 0x40, 0x40, 0x00, 0x00, 0x80, 0x3f, 0x00, 0x00, 0x80, 0x40, 0x1f, // ..@..@@...?...@.
	0x00, 0x04, 0x03, 0x0a, 0x00, 0x10, 0x00, 0x01, 0x00, 0x00, 0x00, 0x1d, 0x00, 0x00, 0x0a, 0xf2, // ................
	0x00, 0x10, 0x00, 0x04, 0x00, 0x00, 0x00, 0x46, 0x0e, 0x10, 0x00, 0x00, 0x00, 0x00, 0x00, 0x02, // .......F........
	0x40, 0x00, 0x00, 0x00, 0x00, 0x00, 0x3f, 0x00, 0x00, 0x00, 0x3f, 0x00, 0x00, 0x00, 0x3f, 0x00, // @.....?...?...?.
	0x00, 0x00, 0x3f, 0x01, 0x00, 0x00, 0x0a, 0xf2, 0x00, 0x10, 0x00, 0x04, 0x00, 0x00, 0x00, 0x46, // ..?............F
	0x0e, 0x10, 0x00, 0x04, 0x00, 0x00, 0x00, 0x02, 0x40, 0x00, 0x00, 0x00, 0x00, 0x80, 0x3f, 0x00, // ........@.....?.
	0x00, 0x80, 0x3f, 0x00, 0x00, 0x80, 0x3f, 0x00, 0x00, 0x80, 0x3f, 0x38, 0x00, 0x00, 0x07, 0xf2, // ..?...?...?8....
	0x00, 0x10, 0x00, 0x05, 0x00, 0x00, 0x00, 0x46, 0x0e, 0x10, 0x00, 0x00, 0x00, 0x00, 0x00, 0x46, // .......F.......F
	0x0e, 0x10, 0x00, 0x02, 0x00, 0x00, 0x00, 0x00, 0x00, 0x00, 0x07, 0xf2, 0x00, 0x10, 0x00, 0x06, // ................
	0x00, 0x00, 0x00, 0x46, 0x0e, 0x10, 0x00, 0x05, 0x00, 0x00, 0x00, 0x46, 0x0e, 0x10, 0x00, 0x05, // ...F.......F....
	0x00, 0x00, 0x00, 0x00, 0x00, 0x00, 0x0b, 0xf2, 0x00, 0x10, 0x00, 0x07, 0x00, 0x00, 0x00, 0x46, // ...............F
	0x0e, 0x10, 0x80, 0x41, 0x00, 0x00, 0x00, 0x00, 0x00, 0x00, 0x00, 0x02, 0x40, 0x00, 0x00, 0x00, // ...A........@...
	0x00, 0x80, 0x3f, 0x00, 0x00, 0x80, 0x3f, 0x00, 0x00, 0x80, 0x3f, 0x00, 0x00, 0x80, 0x3f, 0x00, // ..?...?...?...?.
	0x00, 0x00, 0x07, 0xf2, 0x00, 0x10, 0x00, 0x07, 0x00, 0x00, 0x00, 0x46, 0x0e, 0x10, 0x00, 0x07, // ...........F....
	0x00, 0x00, 0x00, 0x46, 0x0e, 0x10, 0x00, 0x07, 0x00, 0x00, 0x00, 0x00, 0x00, 0x00, 0x0b, 0xf2, // ...F............
	0x00, 0x10, 0x00, 0x08, 0x00, 0x00, 0x00, 0x46, 0x0e, 0x10, 0x80, 0x41, 0x00, 0x00, 0x00, 0x02, // .......F...A....
	0x00, 0x00, 0x00, 0x02, 0x40, 0x00, 0x00, 0x00, 0x00, 0x80, 0x3f, 0x00, 0x00, 0x80, 0x3f, 0x00, // ....@.....?...?.
	0x00, 0x80, 0x3f, 0x00, 0x00, 0x80, 0x3f, 0x32, 0x00, 0x00, 0x0d, 0xf2, 0x00, 0x10, 0x00, 0x07, // ..?...?2........
	0x00, 0x00, 0x00, 0x46, 0x0e, 0x10, 0x80, 0x41, 0x00, 0x00, 0x00, 0x07, 0x00, 0x00, 0x00, 0x46, // ...F...A.......F
	0x0e, 0x10, 0x00, 0x08, 0x00, 0x00, 0x00, 0x02, 0x40, 0x00, 0x00, 0x00, 0x00, 0x80, 0x3f, 0x00, // ........@.....?.
	0x00, 0x80, 0x3f, 0x00, 0x00, 0x80, 0x3f, 0x00, 0x00, 0x80, 0x3f, 0x32, 0x00, 0x00, 0x0d, 0xf2, // ..?...?...?2....
	0x00, 0x10, 0x00, 0x05, 0x00, 0x00, 0x00, 0x46, 0x0e, 0x10, 0x80, 0x41, 0x00, 0x00, 0x00, 0x05, // .......F...A....
	0x00, 0x00, 0x00, 0x02, 0x40, 0x00, 0x00, 0x00, 0x00, 0x00, 0x40, 0x00, 0x00, 0x00, 0x40, 0x00, // ....@.....@...@.
	0x00, 0x00, 0x40, 0x00, 0x00, 0x00, 0x40, 0x46, 0x0e, 0x10, 0x00, 0x07, 0x00, 0x00, 0x00, 0x32, // ..@...@F.......2
	0x00, 0x00, 0x09, 0xf2, 0x00, 0x10, 0x00, 0x04, 0x00, 0x00, 0x00, 0x46, 0x0e, 0x10, 0x00, 0x04, // ...........F....
	0x00, 0x00, 0x00, 0x46, 0x0e, 0x10, 0x00, 0x05, 0x00, 0x00, 0x00, 0x46, 0x0e, 0x10, 0x00, 0x06, // ...F.......F....
	0x00, 0x00, 0x00, 0x34, 0x00, 0x00, 0x0a, 0xf2, 0x00, 0x10, 0x00, 0x04, 0x00, 0x00, 0x00, 0x46, // ...4...........F
	0x0e, 0x10, 0x00, 0x04, 0x00, 0x00, 0x00, 0x02, 0x40, 0x00, 0x00, 0x00, 0x00, 0x00, 0x00, 0x00, // ........@.......
	0x00, 0x00, 0x00, 0x00, 0x00, 0x00, 0x00, 0x00, 0x00, 0x00, 0x00, 0x38, 0x00, 0x00, 0x07, 0xf2, // ...........8....
	0x00, 0x10, 0x00, 0x03, 0x00, 0x00, 0x00, 0x46, 0x0e, 0x10, 0x00, 0x03, 0x00, 0x00, 0x00, 0x46, // .......F.......F
	0x0e, 0x10, 0x00, 0x04, 0x00, 0x00, 0x00, 0x15, 0x00, 0x00, 0x01, 0x38, 0x00, 0x00, 0x07, 0xf2, // ...........8....
	0x00, 0x10, 0x00, 0x04, 0x00, 0x00, 0x00, 0x46, 0x0e, 0x10, 0x00, 0x00, 0x00, 0x00, 0x00, 0x46, // .......F.......F
	0x0e, 0x10, 0x00, 0x02, 0x00, 0x00, 0x00, 0x38, 0x00, 0x00, 0x08, 0xf2, 0x00, 0x10, 0x00, 0x04, // .......8........
	0x00, 0x00, 0x00, 0x46, 0x0e, 0x10, 0x00, 0x04, 0x00, 0x00, 0x00, 0x06, 0x80, 0x20, 0x00, 0x00, // ...F......... ..
	0x00, 0x00, 0x00, 0x0a, 0x00, 0x00, 0x00, 0x38, 0x00, 0x00, 0x07, 0xf2, 0x00, 0x10, 0x00, 0x04, // .......8........
	0x00, 0x00, 0x00, 0x46, 0x0e, 0x10, 0x00, 0x03, 0x00, 0x00, 0x00, 0x46, 0x0e, 0x10, 0x00, 0x04, // ...F.......F....
	0x00, 0x00, 0x00, 0x37, 0x00, 0x00, 0x09, 0xf2, 0x00, 0x10, 0x00, 0x04, 0x00, 0x00, 0x00, 0x56, // ...7...........V
	0x05, 0x10, 0x00, 0x01, 0x00, 0x00, 0x00, 0x46, 0x0e, 0x10, 0x00, 0x04, 0x00, 0x00, 0x00, 0x46, // .......F.......F
	0x0e, 0x10, 0x00, 0x03, 0x00, 0x00, 0x00, 0x32, 0x00, 0x00, 0x0a, 0xf2, 0x00, 0x10, 0x00, 0x05, // .......2........
	0x00, 0x00, 0x00, 0x46, 0x0e, 0x10, 0x00, 0x02, 0x00, 0x00, 0x00, 0x06, 0x80, 0x20, 0x00, 0x00, // ...F......... ..
	0x00, 0x00, 0x00, 0x0a, 0x00, 0x00, 0x00, 0x46, 0x0e, 0x10, 0x00, 0x00, 0x00, 0x00, 0x00, 0x38, // .......F.......8
	0x00, 0x00, 0x07, 0xf2, 0x00, 0x10, 0x00, 0x05, 0x00, 0x00, 0x00, 0x46, 0x0e, 0x10, 0x00, 0x04, // ...........F....
	0x00, 0x00, 0x00, 0x46, 0x0e, 0x10, 0x00, 0x05, 0x00, 0x00, 0x00, 0x37, 0x00, 0x00, 0x09, 0xf2, // ...F.......7....
	0x00, 0x10, 0x00, 0x04, 0x00, 0x00, 0x00, 0xa6, 0x0a, 0x10, 0x00, 0x01, 0x00, 0x00, 0x00, 0x46, // ...............F
	0x0e, 0x10, 0x00, 0x05, 0x00, 0x00, 0x00, 0x46, 0x0e, 0x10, 0x00, 0x04, 0x00, 0x00, 0x00, 0x00, // .......F........
	0x00, 0x00, 0x0b, 0xf2, 0x00, 0x10, 0x00, 0x00, 0x00, 0x00, 0x00, 0x46, 0x0e, 0x10, 0x80, 0x41, // ...........F...A
	0x00, 0x00, 0x00, 0x00, 0x00, 0x00, 0x00, 0x02, 0x40, 0x00, 0x00, 0x00, 0x00, 0x80, 0x3f, 0x00, // ........@.....?.
	0x00, 0x80, 0x3f, 0x00, 0x00, 0x80, 0x3f, 0x00, 0x00, 0x80, 0x3f, 0x00, 0x00, 0x00, 0x0b, 0xf2, // ..?...?...?.....
	0x00, 0x10, 0x00, 0x02, 0x00, 0x00, 0x00, 0x46, 0x0e, 0x10, 0x80, 0x41, 0x00, 0x00, 0x00, 0x02, // .......F...A....
	0x00, 0x00, 0x00, 0x02, 0x40, 0x00, 0x00, 0x00, 0x00, 0x80, 0x3f, 0x00, 0x00, 0x80, 0x3f, 0x00, // ....@.....?...?.
	0x00, 0x80, 0x3f, 0x00, 0x00, 0x80, 0x3f, 0x32, 0x00, 0x00, 0x0d, 0xf2, 0x00, 0x10, 0x00, 0x00, // ..?...?2........
	0x00, 0x00, 0x00, 0x46, 0x0e, 0x10, 0x80, 0x41, 0x00, 0x00, 0x00, 0x00, 0x00, 0x00, 0x00, 0x46, // ...F...A.......F
	0x0e, 0x10, 0x00, 0x02, 0x00, 0x00, 0x00, 0x02, 0x40, 0x00, 0x00, 0x00, 0x00, 0x80, 0x3f, 0x00, // ........@.....?.
	0x00, 0x80, 0x3f, 0x00, 0x00, 0x80, 0x3f, 0x00, 0x00, 0x80, 0x3f, 0x34, 0x00, 0x00, 0x0a, 0xf2, // ..?...?...?4....
	0x00, 0x10, 0x00, 0x00, 0x00, 0x00, 0x00, 0x46, 0x0e, 0x10, 0x00, 0x00, 0x00, 0x00, 0x00, 0x02, // .......F........
	0x40, 0x00, 0x00, 0x00, 0x00, 0x00, 0x00, 0x00, 0x00, 0x00, 0x00, 0x00, 0x00, 0x00, 0x00, 0x00, // @...............
	0x00, 0x00, 0x00, 0x38, 0x00, 0x00, 0x07, 0xf2, 0x00, 0x10, 0x00, 0x00, 0x00, 0x00, 0x00, 0x46, // ...8...........F
	0x0e, 0x10, 0x00, 0x00, 0x00, 0x00, 0x00, 0x46, 0x0e, 0x10, 0x00, 0x04, 0x00, 0x00, 0x00, 0x37, // .......F.......7
	0x00, 0x00, 0x09, 0xf2, 0x00, 0x10, 0x00, 0x03, 0x00, 0x00, 0x00, 0xf6, 0x0f, 0x10, 0x00, 0x01, // ................
	0x00, 0x00, 0x00, 0x46, 0x0e, 0x10, 0x00, 0x00, 0x00, 0x00, 0x00, 0x46, 0x0e, 0x10, 0x00, 0x04, // ...F.......F....
	0x00, 0x00, 0x00, 0x36, 0x00, 0x00, 0x05, 0x72, 0x00, 0x10, 0x00, 0x00, 0x00, 0x00, 0x00, 0x46, // ...6...r.......F
	0x02, 0x10, 0x00, 0x03, 0x00, 0x00, 0x00, 0x12, 0x00, 0x00, 0x01, 0x36, 0x00, 0x00, 0x05, 0x72, // ...........6...r
	0x00, 0x10, 0x00, 0x00, 0x00, 0x00, 0x00, 0x46, 0x02, 0x10, 0x00, 0x03, 0x00, 0x00, 0x00, 0x15, // .......F........
	0x00, 0x00, 0x01, 0x39, 0x00, 0x00, 0x08, 0x12, 0x00, 0x10, 0x00, 0x01, 0x00, 0x00, 0x00, 0x3a, // ...9...........:
	0x80, 0x20, 0x00, 0x00, 0x00, 0x00, 0x00, 0x0b, 0x00, 0x00, 0x00, 0x01, 0x40, 0x00, 0x00, 0x00, // . ..........@...
	0x00, 0x00, 0x00, 0x1f, 0x00, 0x04, 0x03, 0x0a, 0x00, 0x10, 0x00, 0x01, 0x00, 0x00, 0x00, 0x00, // ................
	0x00, 0x00, 0x09, 0x72, 0x00, 0x10, 0x00, 0x01, 0x00, 0x00, 0x00, 0x46, 0x12, 0x10, 0x00, 0x01, // ...r.......F....
	0x00, 0x00, 0x00, 0x46, 0x82, 0x20, 0x80, 0x41, 0x00, 0x00, 0x00, 0x00, 0x00, 0x00, 0x00, 0x0b, // ...F. .A........
	0x00, 0x00, 0x00, 0x10, 0x00, 0x00, 0x07, 0x82, 0x00, 0x10, 0x00, 0x01, 0x00, 0x00, 0x00, 0x46, // ...............F
	0x02, 0x10, 0x00, 0x01, 0x00, 0x00, 0x00, 0x46, 0x02, 0x10, 0x00, 0x01, 0x00, 0x00, 0x00, 0x36, // .......F.......6
	0x00, 0x00, 0x05, 0x42, 0x00, 0x10, 0x00, 0x02, 0x00, 0x00, 0x00, 0x01, 0x40, 0x00, 0x00, 0x00, // ...B........@...
	0x00, 0x00, 0x00, 0x36, 0x00, 0x00, 0x08, 0x72, 0x00, 0x10, 0x00, 0x03, 0x00, 0x00, 0x00, 0x02, // ...6...r........
	0x40, 0x00, 0x00, 0x00, 0x00, 0x00, 0x00, 0x00, 0x00, 0x80, 0x3f, 0x00, 0x00, 0x00, 0x00, 0x00, // @.........?.....
	0x00, 0x00, 0x00, 0x36, 0x00, 0x00, 0x05, 0x82, 0x00, 0x10, 0x00, 0x02, 0x00, 0x00, 0x00, 0x01, // ...6............
	0x40, 0x00, 0x00, 0x00, 0x00, 0x00, 0x00, 0x30, 0x00, 0x00, 0x01, 0x21, 0x00, 0x00, 0x07, 0x12, // @......0...!....
	0x00, 0x10, 0x00, 0x04, 0x00, 0x00, 0x00, 0x2a, 0x00, 0x10, 0x00, 0x03, 0x00, 0x00, 0x00, 0x01, // .......*........
	0x40, 0x00, 0x00, 0x08, 0x00, 0x00, 0x00, 0x36, 0x00, 0x00, 0x05, 0x82, 0x00, 0x10, 0x00, 0x02, // @......6........
	0x00, 0x00, 0x00, 0x01, 0x40, 0x00, 0x00, 0x00, 0x00, 0x00, 0x00, 0x03, 0x00, 0x04, 0x03, 0x0a, // ....@...........
	0x00, 0x10, 0x00, 0x04, 0x00, 0x00, 0x00, 0x18, 0x00, 0x00, 0x09, 0x12, 0x00, 0x10, 0x00, 0x04, // ................
	0x00, 0x00, 0x00, 0x01, 0x40, 0x00, 0x00, 0x00, 0x00, 0x00, 0x00, 0x3a, 0x80, 0x20, 0x04, 0x00, // ....@......:. ..
	0x00, 0x00, 0x00, 0x2a, 0x00, 0x10, 0x00, 0x03, 0x00, 0x00, 0x00, 0x1f, 0x00, 0x04, 0x03, 0x0a, // ...*............
	0x00, 0x10, 0x00, 0x04, 0x00, 0x00, 0x00, 0x36, 0x00, 0x00, 0x05, 0x32, 0x00, 0x10, 0x00, 0x03, // .......6...2....
	0x00, 0x00, 0x00, 0x56, 0x05, 0x10, 0x00, 0x03, 0x00, 0x00, 0x00, 0x36, 0x00, 0x00, 0x05, 0x82, // ...V.......6....
	0x00, 0x10, 0x00, 0x02, 0x00, 0x00, 0x00, 0x01, 0x40, 0x00, 0x00, 0xff, 0xff, 0xff, 0xff, 0x02, // ........@.......
	0x00, 0x00, 0x01, 0x15, 0x00, 0x00, 0x01, 0x00, 0x00, 0x00, 0x0b, 0xe2, 0x00, 0x10, 0x00, 0x04, // ................
	0x00, 0x00, 0x00, 0x06, 0x89, 0x20, 0x80, 0x41, 0x00, 0x00, 0x00, 0x00, 0x00, 0x00, 0x00, 0x0b, // ..... .A........
	0x00, 0x00, 0x00, 0x06, 0x89, 0x20, 0x04, 0x00, 0x00, 0x00, 0x00, 0x2a, 0x00, 0x10, 0x00, 0x03, // ..... .....*....
	0x00, 0x00, 0x00, 0x10, 0x00, 0x00, 0x07, 0x12, 0x00, 0x10, 0x00, 0x05, 0x00, 0x00, 0x00, 0x96, // ................
	0x07, 0x10, 0x00, 0x04, 0x00, 0x00, 0x00, 0x46, 0x02, 0x10, 0x00, 0x01, 0x00, 0x00, 0x00, 0x0e, // .......F........
	0x00, 0x00, 0x07, 0x12, 0x00, 0x10, 0x00, 0x05, 0x00, 0x00, 0x00, 0x0a, 0x00, 0x10, 0x00, 0x05, // ................
	0x00, 0x00, 0x00, 0x3a, 0x00, 0x10, 0x00, 0x01, 0x00, 0x00, 0x00, 0x31, 0x00, 0x00, 0x07, 0x22, // ...:.......1..."
	0x00, 0x10, 0x00, 0x05, 0x00, 0x00, 0x00, 0x01, 0x40, 0x00, 0x00, 0x00, 0x00, 0x00, 0x00, 0x0a, // ........@.......
	0x00, 0x10, 0x00, 0x05, 0x00, 0x00, 0x00, 0x31, 0x00, 0x00, 0x07, 0x42, 0x00, 0x10, 0x00, 0x05, // .......1...B....
	0x00, 0x00, 0x00, 0x0a, 0x00, 0x10, 0x00, 0x05, 0x00, 0x00, 0x00, 0x01, 0x40, 0x00, 0x00, 0x00, // ............@...
	0x00, 0x80, 0x3f, 0x01, 0x00, 0x00, 0x07, 0x22, 0x00, 0x10, 0x00, 0x05, 0x00, 0x00, 0x00, 0x2a, // ..?....".......*
	0x00, 0x10, 0x00, 0x05, 0x00, 0x00, 0x00, 0x1a, 0x00, 0x10, 0x00, 0x05, 0x00, 0x00, 0x00, 0x1f, // ................
	0x00, 0x04, 0x03, 0x1a, 0x00, 0x10, 0x00, 0x05, 0x00, 0x00, 0x00, 0x32, 0x00, 0x00, 0x0a, 0xe2, // ...........2....
	0x00, 0x10, 0x00, 0x05, 0x00, 0x00, 0x00, 0x06, 0x00, 0x10, 0x80, 0x41, 0x00, 0x00, 0x00, 0x05, // ...........A....
	0x00, 0x00, 0x00, 0x06, 0x09, 0x10, 0x00, 0x01, 0x00, 0x00, 0x00, 0x56, 0x0e, 0x10, 0x00, 0x04, // ...........V....
	0x00, 0x00, 0x00, 0x10, 0x00, 0x00, 0x07, 0x82, 0x00, 0x10, 0x00, 0x04, 0x00, 0x00, 0x00, 0x96, // ................
	0x07, 0x10, 0x00, 0x05, 0x00, 0x00, 0x00, 0x96, 0x07, 0x10, 0x00, 0x05, 0x00, 0x00, 0x00, 0x4b, // ...............K
	0x00, 0x00, 0x05, 0x82, 0x00, 0x10, 0x00, 0x04, 0x00, 0x00, 0x00, 0x3a, 0x00, 0x10, 0x00, 0x04, // ...........:....
	0x00, 0x00, 0x00, 0x32, 0x00, 0x00, 0x0a, 0x12, 0x00, 0x10, 0x00, 0x05, 0x00, 0x00, 0x00, 0x0a, // ...2............
	0x00, 0x10, 0x80, 0x41, 0x00, 0x00, 0x00, 0x05, 0x00, 0x00, 0x00, 0x01, 0x40, 0x00, 0x00, 0x00, // ...A........@...
	0x00, 0xa0, 0x40, 0x01, 0x40, 0x00, 0x00, 0x00, 0x00, 0xa0, 0x40, 0x0f, 0x00, 0x00, 0x07, 0x22, // ..@.@.....@...."
	0x00, 0x10, 0x00, 0x04, 0x00, 0x00, 0x00, 0x96, 0x05, 0x10, 0x00, 0x04, 0x00, 0x00, 0x00, 0x96, // ................
	0x05, 0x10, 0x00, 0x04, 0x00, 0x00, 0x00, 0x38, 0x00, 0x00, 0x0b, 0x42, 0x00, 0x10, 0x00, 0x04, // .......8...B....
	0x00, 0x00, 0x00, 0x3a, 0x80, 0x20, 0x04, 0x00, 0x00, 0x00, 0x00, 0x2a, 0x00, 0x10, 0x00, 0x03, // ...:. .....*....
	0x00, 0x00, 0x00, 0x3a, 0x80, 0x20, 0x04, 0x00, 0x00, 0x00, 0x00, 0x2a, 0x00, 0x10, 0x00, 0x03, // ...:. .....*....
	0x00, 0x00, 0x00, 0x0e, 0x00, 0x00, 0x07, 0x22, 0x00, 0x10, 0x00, 0x04, 0x00, 0x00, 0x00, 0x1a, // ......."........
	0x00, 0x10, 0x00, 0x04, 0x00, 0x00, 0x00, 0x2a, 0x00, 0x10, 0x00, 0x04, 0x00, 0x00, 0x00, 0x33, // .......*.......3
	0x00, 0x00, 0x07, 0x22, 0x00, 0x10, 0x00, 0x04, 0x00, 0x00, 0x00, 0x1a, 0x00, 0x10, 0x00, 0x04, // ..."............
	0x00, 0x00, 0x00, 0x01, 0x40, 0x00, 0x00, 0x00, 0x00, 0x80, 0x3f, 0x00, 0x00, 0x00, 0x0a, 0x42, // ....@.....?....B
	0x00, 0x10, 0x00, 0x04, 0x00, 0x00, 0x00, 0x0a, 0x00, 0x10, 0x80, 0x41, 0x00, 0x00, 0x00, 0x05, // ...........A....
	0x00, 0x00, 0x00, 0x3a, 0x80, 0x20, 0x04, 0x00, 0x00, 0x00, 0x00, 0x2a, 0x00, 0x10, 0x00, 0x03, // ...:. .....*....
	0x00, 0x00, 0x00, 0x00, 0x00, 0x00, 0x09, 0x12, 0x00, 0x10, 0x00, 0x05, 0x00, 0x00, 0x00, 0x0a, // ................
	0x00, 0x10, 0x00, 0x05, 0x00, 0x00, 0x00, 0x3a, 0x80, 0x20, 0x04, 0x00, 0x00, 0x00, 0x00, 0x2a, // .......:. .....*
	0x00, 0x10, 0x00, 0x03, 0x00, 0x00, 0x00, 0x00, 0x00, 0x00, 0x08, 0x12, 0x00, 0x10, 0x00, 0x05, // ................
	0x00, 0x00, 0x00, 0x2a, 0x00, 0x10, 0x80, 0x41, 0x00, 0x00, 0x00, 0x04, 0x00, 0x00, 0x00, 0x0a, // ...*...A........
	0x00, 0x10, 0x00, 0x05, 0x00, 0x00, 0x00, 0x00, 0x00, 0x00, 0x08, 0x42, 0x00, 0x10, 0x00, 0x04, // ...........B....
	0x00, 0x00, 0x00, 0x2a, 0x00, 0x10, 0x80, 0x41, 0x00, 0x00, 0x00, 0x04, 0x00, 0x00, 0x00, 0x3a, // ...*...A.......:
	0x00, 0x10, 0x00, 0x04, 0x00, 0x00, 0x00, 0x0e, 0x00, 0x00, 0x0a, 0x82, 0x00, 0x10, 0x00, 0x04, // ................
	0x00, 0x00, 0x00, 0x02, 0x40, 0x00, 0x00, 0x00, 0x00, 0x80, 0x3f, 0x00, 0x00, 0x80, 0x3f, 0x00, // ....@.....?...?.
	0x00, 0x80, 0x3f, 0x00, 0x00, 0x80, 0x3f, 0x0a, 0x00, 0x10, 0x00, 0x05, 0x00, 0x00, 0x00, 0x38, // ..?...?........8
	0x20, 0x00, 0x07, 0x42, 0x00, 0x10, 0x00, 0x04, 0x00, 0x00, 0x00, 0x3a, 0x00, 0x10, 0x00, 0x04, //  ..B.......:....
	0x00, 0x00, 0x00, 0x2a, 0x00, 0x10, 0x00, 0x04, 0x00, 0x00, 0x00, 0x32, 0x00, 0x00, 0x09, 0x82, // ...*.......2....
	0x00, 0x10, 0x00, 0x04, 0x00, 0x00, 0x00, 0x2a, 0x00, 0x10, 0x00, 0x04, 0x00, 0x00, 0x00, 0x01, // .......*........
	0x40, 0x00, 0x00, 0x00, 0x00, 0x00, 0xc0, 0x01, 0x40, 0x00, 0x00, 0x00, 0x00, 0x40, 0x40, 0x38, // @.......@....@@8
	0x00, 0x00, 0x07, 0x42, 0x00, 0x10, 0x00, 0x04, 0x00, 0x00, 0x00, 0x2a, 0x00, 0x10, 0x00, 0x04, // ...B.......*....
	0x00, 0x00, 0x00, 0x2a, 0x00, 0x10, 0x00, 0x04, 0x00, 0x00, 0x00, 0x38, 0x00, 0x00, 0x07, 0x42, // ...*.......8...B
	0x00, 0x10, 0x00, 0x04, 0x00, 0x00, 0x00, 0x2a, 0x00, 0x10, 0x00, 0x04, 0x00, 0x00, 0x00, 0x3a, // .......*.......:
	0x00, 0x10, 0x00, 0x04, 0x00, 0x00, 0x00, 0x32, 0x00, 0x00, 0x09, 0x42, 0x00, 0x10, 0x00, 0x04, // .......2...B....
	0x00, 0x00, 0x00, 0x2a, 0x00, 0x10, 0x00, 0x04, 0x00, 0x00, 0x00, 0x01, 0x40, 0x00, 0x00, 0x66, // ...*........@..f
	0x66, 0x66, 0x3f, 0x01, 0x40, 0x00, 0x00, 0x66, 0x66, 0x66, 0xbf, 0x32, 0x00, 0x00, 0x09, 0x22, // ff?.@..fff.2..."
	0x00, 0x10, 0x00, 0x04, 0x00, 0x00, 0x00, 0x1a, 0x00, 0x10, 0x00, 0x04, 0x00, 0x00, 0x00, 0x2a, // ...............*
	0x00, 0x10, 0x00, 0x04, 0x00, 0x00, 0x00, 0x01, 0x40, 0x00, 0x00, 0x00, 0x00, 0x80, 0x3f, 0x38, // ........@.....?8
	0x00, 0x00, 0x07, 0x12, 0x00, 0x10, 0x00, 0x02, 0x00, 0x00, 0x00, 0x1a, 0x00, 0x10, 0x00, 0x03, // ................
	0x00, 0x00, 0x00, 0x1a, 0x00, 0x10, 0x00, 0x04, 0x00, 0x00, 0x00, 0x12, 0x00, 0x00, 0x01, 0x36, // ...............6
	0x00, 0x00, 0x05, 0x12, 0x00, 0x10, 0x00, 0x02, 0x00, 0x00, 0x00, 0x1a, 0x00, 0x10, 0x00, 0x03, // ................
	0x00, 0x00, 0x00, 0x15, 0x00, 0x00, 0x01, 0x1e, 0x00, 0x00, 0x07, 0x22, 0x00, 0x10, 0x00, 0x02, // ..........."....
	0x00, 0x00, 0x00, 0x2a, 0x00, 0x10, 0x00, 0x03, 0x00, 0x00, 0x00, 0x01, 0x40, 0x00, 0x00, 0x01, // ...*........@...
	0x00, 0x00, 0x00, 0x36, 0x00, 0x00, 0x05, 0x72, 0x00, 0x10, 0x00, 0x03, 0x00, 0x00, 0x00, 0x26, // ...6...r.......&
	0x09, 0x10, 0x00, 0x02, 0x00, 0x00, 0x00, 0x36, 0x00, 0x00, 0x05, 0x82, 0x00, 0x10, 0x00, 0x02, // .......6........
	0x00, 0x00, 0x00, 0x0a, 0x00, 0x10, 0x00, 0x04, 0x00, 0x00, 0x00, 0x16, 0x00, 0x00, 0x01, 0x37, // ...............7
	0x00, 0x00, 0x09, 0x12, 0x00, 0x10, 0x00, 0x01, 0x00, 0x00, 0x00, 0x3a, 0x00, 0x10, 0x00, 0x02, // ...........:....
	0x00, 0x00, 0x00, 0x0a, 0x00, 0x10, 0x00, 0x03, 0x00, 0x00, 0x00, 0x1a, 0x00, 0x10, 0x00, 0x03, // ................
	0x00, 0x00, 0x00, 0x38, 0x00, 0x00, 0x07, 0x72, 0x00, 0x10, 0x00, 0x00, 0x00, 0x00, 0x00, 0x46, // ...8...r.......F
	0x02, 0x10, 0x00, 0x00, 0x00, 0x00, 0x00, 0x06, 0x00, 0x10, 0x00, 0x01, 0x00, 0x00, 0x00, 0x15, // ................
	0x00, 0x00, 0x01, 0x18, 0x00, 0x00, 0x08, 0x12, 0x00, 0x10, 0x00, 0x01, 0x00, 0x00, 0x00, 0x3a, // ...............:
	0x80, 0x20, 0x00, 0x00, 0x00, 0x00, 0x00, 0x09, 0x00, 0x00, 0x00, 0x01, 0x40, 0x00, 0x00, 0x00, // . ..........@...
	0x00, 0x00, 0x00, 0x36, 0x20, 0x00, 0x05, 0x82, 0x00, 0x10, 0x00, 0x00, 0x00, 0x00, 0x00, 0x3a, // ...6 ..........:
	0x00, 0x10, 0x00, 0x03, 0x00, 0x00, 0x00, 0x31, 0x00, 0x00, 0x08, 0x22, 0x00, 0x10, 0x00, 0x01, // .......1..."....
	0x00, 0x00, 0x00, 0x01, 0x40, 0x00, 0x00, 0x00, 0x00, 0x00, 0x00, 0x1a, 0x80, 0x20, 0x00, 0x00, // ....@........ ..
	0x00, 0x00, 0x00, 0x0a, 0x00, 0x00, 0x00, 0x38, 0x00, 0x00, 0x09, 0x82, 0x00, 0x10, 0x00, 0x02, // .......8........
	0x00, 0x00, 0x00, 0x3a, 0x00, 0x10, 0x00, 0x03, 0x00, 0x00, 0x00, 0x1a, 0x80, 0x20, 0x80, 0x41, // ...:......... .A
	0x00, 0x00, 0x00, 0x00, 0x00, 0x00, 0x00, 0x0a, 0x00, 0x00, 0x00, 0x38, 0x00, 0x00, 0x07, 0x72, // ...........8...r
	0x00, 0x10, 0x00, 0x04, 0x00, 0x00, 0x00, 0x46, 0x02, 0x10, 0x00, 0x00, 0x00, 0x00, 0x00, 0xf6, // .......F........
	0x0f, 0x10, 0x00, 0x02, 0x00, 0x00, 0x00, 0x0e, 0x00, 0x00, 0x0b, 0x42, 0x00, 0x10, 0x00, 0x01, // ...........B....
	0x00, 0x00, 0x00, 0x02, 0x40, 0x00, 0x00, 0x00, 0x00, 0x80, 0x3f, 0x00, 0x00, 0x80, 0x3f, 0x00, // ....@.....?...?.
	0x00, 0x80, 0x3f, 0x00, 0x00, 0x80, 0x3f, 0x1a, 0x80, 0x20, 0x00, 0x00, 0x00, 0x00, 0x00, 0x0a, // ..?...?.. ......
	0x00, 0x00, 0x00, 0x00, 0x00, 0x00, 0x07, 0x82, 0x00, 0x10, 0x00, 0x04, 0x00, 0x00, 0x00, 0x2a, // ...............*
	0x00, 0x10, 0x00, 0x01, 0x00, 0x00, 0x00, 0x01, 0x40, 0x00, 0x00, 0x00, 0x00, 0x80, 0xbf, 0x38, // ........@......8
	0x00, 0x00, 0x07, 0x72, 0x00, 0x10, 0x00, 0x02, 0x00, 0x00, 0x00, 0xf6, 0x0f, 0x10, 0x00, 0x03, // ...r............
	0x00, 0x00, 0x00, 0x46, 0x02, 0x10, 0x00, 0x00, 0x00, 0x00, 0x00, 0x36, 0x20, 0x00, 0x05, 0x82, // ...F.......6 ...
	0x00, 0x10, 0x00, 0x02, 0x00, 0x00, 0x00, 0x3a, 0x00, 0x10, 0x00, 0x02, 0x00, 0x00, 0x00, 0x37, // .......:.......7
	0x00, 0x00, 0x09, 0xf2, 0x00, 0x10, 0x00, 0x02, 0x00, 0x00, 0x00, 0x56, 0x05, 0x10, 0x00, 0x01, // ...........V....
	0x00, 0x00, 0x00, 0x46, 0x0e, 0x10, 0x00, 0x04, 0x00, 0x00, 0x00, 0x46, 0x0e, 0x10, 0x00, 0x02, // ...F.......F....
	0x00, 0x00, 0x00, 0x37, 0x00, 0x00, 0x09, 0xf2, 0x20, 0x10, 0x00, 0x00, 0x00, 0x00, 0x00, 0x06, // ...7.... .......
	0x00, 0x10, 0x00, 0x01, 0x00, 0x00, 0x00, 0x46, 0x0e, 0x10, 0x00, 0x00, 0x00, 0x00, 0x00, 0x46, // .......F.......F
	0x0e, 0x10, 0x00, 0x02, 0x00, 0x00, 0x00, 0x3e, 0x00, 0x00, 0x01, 0x00, 0x00, 0xc0, 0x00,       // .......>.......
};
static const uint8_t fs_flasher_noclip_dxil[4991] =
{
	0x46, 0x53, 0x48, 0x0c, 0xe2, 0xbc, 0x2a, 0x7e, 0x00, 0x00, 0x00, 0x00, 0x00, 0x00, 0x00, 0x00, // FSH...*~........
	0x00, 0x00, 0x00, 0x00, 0x07, 0x00, 0x05, 0x62, 0x61, 0x6c, 0x6c, 0x73, 0x12, 0x08, 0x00, 0x00, // .......balls....
	0x08, 0x00, 0x00, 0x00, 0x00, 0x00, 0x11, 0x73, 0x74, 0x61, 0x74, 0x69, 0x63, 0x43, 0x6f, 0x6c, // .......staticCol
	0x6f, 0x72, 0x5f, 0x41, 0x6c, 0x70, 0x68, 0x61, 0x12, 0x00, 0x80, 0x00, 0x01, 0x00, 0x00, 0x00, // or_Alpha........
	0x00, 0x00, 0x24, 0x61, 0x6c, 0x70, 0x68, 0x61, 0x54, 0x65, 0x73, 0x74, 0x56, 0x61, 0x6c, 0x75, // ..$alphaTestValu
	0x65, 0x41, 0x42, 0x5f, 0x66, 0x69, 0x6c, 0x74, 0x65, 0x72, 0x4d, 0x6f, 0x64, 0x65, 0x5f, 0x61, // eAB_filterMode_a
	0x64, 0x64, 0x42, 0x6c, 0x65, 0x6e, 0x64, 0x12, 0x00, 0x90, 0x00, 0x01, 0x00, 0x00, 0x00, 0x00, // ddBlend.........
	0x00, 0x28, 0x61, 0x6d, 0x6f, 0x75, 0x6e, 0x74, 0x5f, 0x62, 0x6c, 0x65, 0x6e, 0x64, 0x5f, 0x6d, // .(amount_blend_m
	0x6f, 0x64, 0x75, 0x6c, 0x61, 0x74, 0x65, 0x5f, 0x76, 0x73, 0x5f, 0x61, 0x64, 0x64, 0x5f, 0x66, // odulate_vs_add_f
	0x6c, 0x61, 0x73, 0x68, 0x65, 0x72, 0x4d, 0x6f, 0x64, 0x65, 0x12, 0x00, 0xa0, 0x00, 0x01, 0x00, // lasherMode......
	0x00, 0x00, 0x00, 0x00, 0x14, 0x6c, 0x69, 0x67, 0x68, 0x74, 0x43, 0x65, 0x6e, 0x74, 0x65, 0x72, // .....lightCenter
	0x5f, 0x64, 0x6f, 0x53, 0x68, 0x61, 0x64, 0x6f, 0x77, 0x12, 0x00, 0xb0, 0x00, 0x01, 0x00, 0x00, // _doShadow.......
	0x00, 0x00, 0x00, 0x0d, 0x74, 0x65, 0x78, 0x5f, 0x66, 0x6c, 0x61, 0x73, 0x68, 0x65, 0x72, 0x5f, // ....tex_flasher_
	0x41, 0x30, 0x01, 0x00, 0x00, 0x01, 0x00, 0x00, 0x02, 0x00, 0x00, 0x0d, 0x74, 0x65, 0x78, 0x5f, // A0..........tex_
	0x66, 0x6c, 0x61, 0x73, 0x68, 0x65, 0x72, 0x5f, 0x42, 0x30, 0x01, 0x01, 0x00, 0x01, 0x00, 0x00, // flasher_B0......
	0x02, 0x00, 0x00, 0x84, 0x12, 0x00, 0x00, 0x44, 0x58, 0x42, 0x43, 0x3c, 0xbb, 0x91, 0xe7, 0x97, // .......DXBC<....
	0xfe, 0x1d, 0x26, 0x04, 0xbf, 0x47, 0x92, 0x65, 0x69, 0x86, 0x0e, 0x01, 0x00, 0x00, 0x00, 0x84, // ..&..G.ei.......
	0x12, 0x00, 0x00, 0x07, 0x00, 0x00, 0x00, 0x3c, 0x00, 0x00, 0x00, 0x4c, 0x00, 0x00, 0x00, 0xd4, // .......<...L....
	0x00, 0x00, 0x00, 0x10, 0x01, 0x00, 0x00, 0x6c, 0x02, 0x00, 0x00, 0xa0, 0x02, 0x00, 0x00, 0xbc, // .......l........
	0x02, 0x00, 0x00, 0x53, 0x46, 0x49, 0x30, 0x08, 0x00, 0x00, 0x00, 0x00, 0x00, 0x00, 0x00, 0x00, // ...SFI0.........
	0x00, 0x00, 0x00, 0x49, 0x53, 0x47, 0x31, 0x80, 0x00, 0x00, 0x00, 0x03, 0x00, 0x00, 0x00, 0x08, // ...ISG1.........
	0x00, 0x00, 0x00, 0x00, 0x00, 0x00, 0x00, 0x68, 0x00, 0x00, 0x00, 0x00, 0x00, 0x00, 0x00, 0x01, // .......h........
	0x00, 0x00, 0x00, 0x03, 0x00, 0x00, 0x00, 0x00, 0x00, 0x00, 0x00, 0x0f, 0x00, 0x00, 0x00, 0x00, // ................
	0x00, 0x00, 0x00, 0x00, 0x00, 0x00, 0x00, 0x74, 0x00, 0x00, 0x00, 0x01, 0x00, 0x00, 0x00, 0x00, // .......t........
	0x00, 0x00, 0x00, 0x03, 0x00, 0x00, 0x00, 0x01, 0x00, 0x00, 0x00, 0x07, 0x07, 0x00, 0x00, 0x00, // ................
	0x00, 0x00, 0x00, 0x00, 0x00, 0x00, 0x00, 0x74, 0x00, 0x00, 0x00, 0x00, 0x00, 0x00, 0x00, 0x00, // .......t........
	0x00, 0x00, 0x00, 0x03, 0x00, 0x00, 0x00, 0x02, 0x00, 0x00, 0x00, 0x03, 0x03, 0x00, 0x00, 0x00, // ................
	0x00, 0x00, 0x00, 0x53, 0x56, 0x5f, 0x50, 0x6f, 0x73, 0x69, 0x74, 0x69, 0x6f, 0x6e, 0x00, 0x54, // ...SV_Position.T
	0x45, 0x58, 0x43, 0x4f, 0x4f, 0x52, 0x44, 0x00, 0x00, 0x00, 0x00, 0x4f, 0x53, 0x47, 0x31, 0x34, // EXCOORD....OSG14
	0x00, 0x00, 0x00, 0x01, 0x00, 0x00, 0x00, 0x08, 0x00, 0x00, 0x00, 0x00, 0x00, 0x00, 0x00, 0x28, // ...............(
	0x00, 0x00, 0x00, 0x00, 0x00, 0x00, 0x00, 0x40, 0x00, 0x00, 0x00, 0x03, 0x00, 0x00, 0x00, 0x00, // .......@........
	0x00, 0x00, 0x00, 0x0f, 0x00, 0x00, 0x00, 0x00, 0x00, 0x00, 0x00, 0x53, 0x56, 0x5f, 0x54, 0x61, // ...........SV_Ta
	0x72, 0x67, 0x65, 0x74, 0x00, 0x00, 0x00, 0x50, 0x53, 0x56, 0x30, 0x54, 0x01, 0x00, 0x00, 0x34, // rget...PSV0T...4
	0x00, 0x00, 0x00, 0x00, 0x00, 0x00, 0x00, 0x00, 0x00, 0x00, 0x00, 0x00, 0x00, 0x00, 0x00, 0x00, // ................
	0x00, 0x00, 0x00, 0x00, 0x00, 0x00, 0x00, 0xff, 0xff, 0xff, 0xff, 0x00, 0x00, 0x00, 0x00, 0x03, // ................
	0x01, 0x00, 0x03, 0x01, 0x00, 0x00, 0x00, 0x00, 0x00, 0x00, 0x00, 0x00, 0x00, 0x00, 0x00, 0x00, // ................
	0x00, 0x00, 0x00, 0x13, 0x00, 0x00, 0x00, 0x05, 0x00, 0x00, 0x00, 0x18, 0x00, 0x00, 0x00, 0x02, // ................
	0x00, 0x00, 0x00, 0x00, 0x00, 0x00, 0x00, 0x00, 0x00, 0x00, 0x00, 0x00, 0x00, 0x00, 0x00, 0x0d, // ................
	0x00, 0x00, 0x00, 0x00, 0x00, 0x00, 0x00, 0x01, 0x00, 0x00, 0x00, 0x00, 0x00, 0x00, 0x00, 0x00, // ................
	0x00, 0x00, 0x00, 0x00, 0x00, 0x00, 0x00, 0x0e, 0x00, 0x00, 0x00, 0x00, 0x00, 0x00, 0x00, 0x01, // ................
	0x00, 0x00, 0x00, 0x00, 0x00, 0x00, 0x00, 0x01, 0x00, 0x00, 0x00, 0x01, 0x00, 0x00, 0x00, 0x0e, // ................
	0x00, 0x00, 0x00, 0x00, 0x00, 0x00, 0x00, 0x03, 0x00, 0x00, 0x00, 0x00, 0x00, 0x00, 0x00, 0x00, // ................
	0x00, 0x00, 0x00, 0x00, 0x00, 0x00, 0x00, 0x02, 0x00, 0x00, 0x00, 0x00, 0x00, 0x00, 0x00, 0x03, // ................
	0x00, 0x00, 0x00, 0x00, 0x00, 0x00, 0x00, 0x01, 0x00, 0x00, 0x00, 0x01, 0x00, 0x00, 0x00, 0x02, // ................
	0x00, 0x00, 0x00, 0x00, 0x00, 0x00, 0x00, 0x18, 0x00, 0x00, 0x00, 0x00, 0x54, 0x45, 0x58, 0x43, // ............TEXC
	0x4f, 0x4f, 0x52, 0x44, 0x00, 0x54, 0x45, 0x58, 0x43, 0x4f, 0x4f, 0x52, 0x44, 0x00, 0x6d, 0x61, // OORD.TEXCOORD.ma
	0x69, 0x6e, 0x00, 0x02, 0x00, 0x00, 0x00, 0x00, 0x00, 0x00, 0x00, 0x01, 0x00, 0x00, 0x00, 0x10, // in..............
	0x00, 0x00, 0x00, 0x00, 0x00, 0x00, 0x00, 0x00, 0x00, 0x00, 0x00, 0x01, 0x00, 0x44, 0x03, 0x03, // .............D..
	0x04, 0x00, 0x00, 0x01, 0x00, 0x00, 0x00, 0x01, 0x00, 0x00, 0x00, 0x01, 0x01, 0x43, 0x00, 0x03, // .............C..
	0x02, 0x00, 0x00, 0x0a, 0x00, 0x00, 0x00, 0x00, 0x00, 0x00, 0x00, 0x01, 0x02, 0x42, 0x00, 0x03, // .............B..
	0x02, 0x00, 0x00, 0x00, 0x00, 0x00, 0x00, 0x00, 0x00, 0x00, 0x00, 0x01, 0x00, 0x44, 0x10, 0x03, // .............D..
	0x00, 0x00, 0x00, 0x00, 0x00, 0x00, 0x00, 0x00, 0x00, 0x00, 0x00, 0x00, 0x00, 0x00, 0x00, 0x00, // ................
	0x00, 0x00, 0x00, 0x07, 0x00, 0x00, 0x00, 0x07, 0x00, 0x00, 0x00, 0x07, 0x00, 0x00, 0x00, 0x00, // ................
	0x00, 0x00, 0x00, 0x0f, 0x00, 0x00, 0x00, 0x0f, 0x00, 0x00, 0x00, 0x00, 0x00, 0x00, 0x00, 0x00, // ................
	0x00, 0x00, 0x00, 0x49, 0x4c, 0x44, 0x4e, 0x2c, 0x00, 0x00, 0x00, 0x00, 0x00, 0x24, 0x00, 0x33, // ...ILDN,.....$.3
	0x66, 0x64, 0x31, 0x65, 0x37, 0x31, 0x38, 0x64, 0x64, 0x66, 0x35, 0x37, 0x63, 0x33, 0x35, 0x62, // fd1e718ddf57c35b
	0x36, 0x61, 0x32, 0x66, 0x33, 0x30, 0x33, 0x63, 0x31, 0x34, 0x36, 0x32, 0x33, 0x63, 0x61, 0x2e, // 6a2f303c14623ca.
	0x70, 0x64, 0x62, 0x00, 0x00, 0x00, 0x00, 0x48, 0x41, 0x53, 0x48, 0x14, 0x00, 0x00, 0x00, 0x00, // pdb....HASH.....
	0x00, 0x00, 0x00, 0x3f, 0xd1, 0xe7, 0x18, 0xdd, 0xf5, 0x7c, 0x35, 0xb6, 0xa2, 0xf3, 0x03, 0xc1, // ...?.....|5.....
	0x46, 0x23, 0xca, 0x44, 0x58, 0x49, 0x4c, 0xc0, 0x0f, 0x00, 0x00, 0x60, 0x00, 0x00, 0x00, 0xf0, // F#.DXIL....`....
	0x03, 0x00, 0x00, 0x44, 0x58, 0x49, 0x4c, 0x00, 0x01, 0x00, 0x00, 0x10, 0x00, 0x00, 0x00, 0xa8, // ...DXIL.........
	0x0f, 0x00, 0x00, 0x42, 0x43, 0xc0, 0xde, 0x21, 0x0c, 0x00, 0x00, 0xe7, 0x03, 0x00, 0x00, 0x0b, // ...BC..!........
	0x82, 0x20, 0x00, 0x02, 0x00, 0x00, 0x00, 0x13, 0x00, 0x00, 0x00, 0x07, 0x81, 0x23, 0x91, 0x41, // . ...........#.A
	0xc8, 0x04, 0x49, 0x06, 0x10, 0x32, 0x39, 0x92, 0x01, 0x84, 0x0c, 0x25, 0x05, 0x08, 0x19, 0x1e, // ..I..29....%....
	0x04, 0x8b, 0x62, 0x80, 0x18, 0x45, 0x02, 0x42, 0x92, 0x0b, 0x42, 0xc4, 0x10, 0x32, 0x14, 0x38, // ..b..E.B..B..2.8
	0x08, 0x18, 0x4b, 0x0a, 0x32, 0x62, 0x88, 0x48, 0x90, 0x14, 0x20, 0x43, 0x46, 0x88, 0xa5, 0x00, // ..K.2b.H.. CF...
	0x19, 0x32, 0x42, 0xe4, 0x48, 0x0e, 0x90, 0x11, 0x23, 0xc4, 0x50, 0x41, 0x51, 0x81, 0x8c, 0xe1, // .2B.H...#.PAQ...
	0x83, 0xe5, 0x8a, 0x04, 0x31, 0x46, 0x06, 0x51, 0x18, 0x00, 0x00, 0x08, 0x00, 0x00, 0x00, 0x1b, // ....1F.Q........
	0x8c, 0xe0, 0xff, 0xff, 0xff, 0xff, 0x07, 0x40, 0x02, 0xa8, 0x0d, 0x84, 0xf0, 0xff, 0xff, 0xff, // .......@........
	0xff, 0x03, 0x20, 0x6d, 0x30, 0x86, 0xff, 0xff, 0xff, 0xff, 0x1f, 0x00, 0x09, 0xa8, 0x00, 0x49, // .. m0..........I
	0x18, 0x00, 0x00, 0x03, 0x00, 0x00, 0x00, 0x13, 0x82, 0x60, 0x42, 0x20, 0x4c, 0x08, 0x06, 0x00, // .........`B L...
	0x00, 0x00, 0x00, 0x89, 0x20, 0x00, 0x00, 0x57, 0x00, 0x00, 0x00, 0x32, 0x22, 0x88, 0x09, 0x20, // .... ..W...2".. 
	0x64, 0x85, 0x04, 0x13, 0x23, 0xa4, 0x84, 0x04, 0x13, 0x23, 0xe3, 0x84, 0xa1, 0x90, 0x14, 0x12, // d...#....#......
	0x4c, 0x8c, 0x8c, 0x0b, 0x84, 0xc4, 0x4c, 0x10, 0xa0, 0xc1, 0x08, 0x40, 0x09, 0x00, 0x0a, 0x66, // L.....L....@...f
	0x00, 0xe6, 0x08, 0xc0, 0x60, 0x8e, 0x00, 0x29, 0xc6, 0x40, 0x10, 0x44, 0x41, 0x90, 0x51, 0x0c, // ....`..).@.DA.Q.
	0x80, 0x20, 0x88, 0x62, 0x20, 0xa4, 0x0c, 0x03, 0x31, 0x90, 0x72, 0xd3, 0x70, 0xf9, 0x13, 0xf6, // . .b ...1.r.p...
	0x10, 0x92, 0xbf, 0x12, 0xd2, 0x4a, 0x4c, 0x7e, 0x71, 0xdb, 0xa8, 0x18, 0x86, 0x61, 0x20, 0xa8, // .....JL~q....a .
	0xb8, 0x67, 0xb8, 0xfc, 0x09, 0x7b, 0x08, 0xc9, 0x0f, 0x81, 0x66, 0x58, 0x08, 0x14, 0x34, 0x85, // .g...{....fX..4.
	0x61, 0x08, 0xc7, 0x19, 0x86, 0x61, 0x20, 0x08, 0x62, 0xa0, 0xa7, 0x10, 0x03, 0x31, 0x0c, 0x14, // a....a .b....1..
	0x15, 0x64, 0x20, 0x86, 0x61, 0x18, 0x86, 0x81, 0xa6, 0xa3, 0x86, 0xcb, 0x9f, 0xb0, 0x87, 0x90, // .d .a...........
	0x7c, 0x6e, 0xa3, 0x8a, 0x95, 0x98, 0xfc, 0xe2, 0xb6, 0x11, 0x31, 0x0c, 0xc3, 0x50, 0x88, 0x8a, // |n........1..P..
	0x70, 0x08, 0xb2, 0xe6, 0x08, 0x82, 0x62, 0x38, 0x44, 0x41, 0x10, 0x18, 0x65, 0x03, 0x01, 0xc3, // p.....b8DA..e...
	0x08, 0xc4, 0x30, 0x53, 0x1b, 0x8c, 0x03, 0x3b, 0x84, 0xc3, 0x3c, 0xcc, 0x83, 0x1b, 0xd0, 0x42, // ..0S...;..<....B
	0x39, 0xe0, 0x03, 0x3d, 0xd4, 0x83, 0x3c, 0x94, 0x83, 0x1c, 0x90, 0x02, 0x1f, 0xd8, 0x43, 0x39, // 9..=..<.......C9
	0x8c, 0x03, 0x3d, 0xbc, 0x83, 0x3c, 0xf0, 0x81, 0x39, 0xb0, 0xc3, 0x3b, 0x84, 0x03, 0x3d, 0xb0, // ..=..<..9..;..=.
	0x01, 0x18, 0xd0, 0x81, 0x1f, 0x80, 0x81, 0x1f, 0xe8, 0x81, 0x1e, 0xb4, 0x43, 0x3a, 0xc0, 0xc3, // ............C:..
	0x3c, 0xfc, 0x02, 0x3d, 0xe4, 0x03, 0x3c, 0x94, 0x03, 0x0a, 0x88, 0x99, 0xc4, 0x60, 0x1c, 0xd8, // <..=..<......`..
	0x21, 0x1c, 0xe6, 0x61, 0x1e, 0xdc, 0x80, 0x16, 0xca, 0x01, 0x1f, 0xe8, 0xa1, 0x1e, 0xe4, 0xa1, // !..a............
	0x1c, 0xe4, 0x80, 0x14, 0xf8, 0xc0, 0x1e, 0xca, 0x61, 0x1c, 0xe8, 0xe1, 0x1d, 0xe4, 0x81, 0x0f, // ........a.......
	0xcc, 0x81, 0x1d, 0xde, 0x21, 0x1c, 0xe8, 0x81, 0x0d, 0xc0, 0x80, 0x0e, 0xfc, 0x00, 0x0c, 0xfc, // ....!...........
	0x00, 0x09, 0x5c, 0x47, 0x5e, 0x22, 0x70, 0x33, 0x21, 0x64, 0x70, 0x0a, 0xec, 0xf0, 0x0e, 0xe2, // ...G^"p3!dp.....
	0x10, 0x0e, 0xec, 0x30, 0x0f, 0xa8, 0x00, 0x39, 0x8e, 0xe3, 0x28, 0xbc, 0x49, 0x9a, 0x22, 0x4a, // ...0...9..(.I."J
	0x98, 0x7c, 0x16, 0x60, 0x9e, 0x85, 0x88, 0xd8, 0x09, 0x98, 0x08, 0x14, 0x10, 0x34, 0x26, 0x03, // .|.`.........4&.
	0x31, 0x47, 0x00, 0x0a, 0x53, 0x00, 0x00, 0x13, 0x14, 0x72, 0xc0, 0x87, 0x74, 0x60, 0x87, 0x36, // 1G..S....r..t`.6
	0x68, 0x87, 0x79, 0x68, 0x03, 0x72, 0xc0, 0x87, 0x0d, 0xaf, 0x50, 0x0e, 0x6d, 0xd0, 0x0e, 0x7a, // h.yh.r....P.m..z
	0x50, 0x0e, 0x6d, 0x00, 0x0f, 0x7a, 0x30, 0x07, 0x72, 0xa0, 0x07, 0x73, 0x20, 0x07, 0x6d, 0x90, // P.m..z0.r..s .m.
	0x0e, 0x71, 0xa0, 0x07, 0x73, 0x20, 0x07, 0x6d, 0x90, 0x0e, 0x78, 0xa0, 0x07, 0x73, 0x20, 0x07, // .q..s .m..x..s .
	0x6d, 0x90, 0x0e, 0x71, 0x60, 0x07, 0x7a, 0x30, 0x07, 0x72, 0xd0, 0x06, 0xe9, 0x30, 0x07, 0x72, // m..q`.z0.r...0.r
	0xa0, 0x07, 0x73, 0x20, 0x07, 0x6d, 0x90, 0x0e, 0x76, 0x40, 0x07, 0x7a, 0x60, 0x07, 0x74, 0xd0, // ..s .m..v@.z`.t.
	0x06, 0xe6, 0x10, 0x07, 0x76, 0xa0, 0x07, 0x73, 0x20, 0x07, 0x6d, 0x60, 0x0e, 0x73, 0x20, 0x07, // ....v..s .m`.s .
	0x7a, 0x30, 0x07, 0x72, 0xd0, 0x06, 0xe6, 0x60, 0x07, 0x74, 0xa0, 0x07, 0x76, 0x40, 0x07, 0x6d, // z0.r...`.t..v@.m
	0xe0, 0x0e, 0x78, 0xa0, 0x07, 0x71, 0x60, 0x07, 0x7a, 0x30, 0x07, 0x72, 0xa0, 0x07, 0x76, 0x40, // ..x..q`.z0.r..v@
	0x07, 0x43, 0x9e, 0x00, 0x00, 0x00, 0x00, 0x00, 0x00, 0x00, 0x00, 0x00, 0x00, 0x00, 0x86, 0x3c, // .C.............<
	0x06, 0x10, 0x00, 0x01, 0x00, 0x00, 0x00, 0x00, 0x00, 0x00, 0x00, 0x0c, 0x79, 0x10, 0x20, 0x00, // ............y. .
	0x04, 0x00, 0x00, 0x00, 0x00, 0x00, 0x00, 0x00, 0x18, 0xf2, 0x28, 0x40, 0x00, 0x04, 0x00, 0x00, // ..........(@....
	0x00, 0x00, 0x00, 0x00, 0x00, 0x30, 0xe4, 0x79, 0x80, 0x00, 0x18, 0x00, 0x00, 0x00, 0x00, 0x00, // .....0.y........
	0x00, 0x00, 0x60, 0xc8, 0x13, 0x01, 0x01, 0x10, 0x00, 0x00, 0x00, 0x00, 0x00, 0x00, 0x00, 0xc0, // ..`.............
	0x90, 0x67, 0x02, 0x02, 0x20, 0x00, 0x00, 0x00, 0x00, 0x00, 0x00, 0x00, 0x80, 0x21, 0x8f, 0x05, // .g.. ........!..
	0x04, 0xc0, 0x00, 0x00, 0x00, 0x00, 0x00, 0x00, 0x00, 0x00, 0x43, 0x9e, 0x0c, 0x08, 0x80, 0x01, // ..........C.....
	0x00, 0x00, 0x00, 0x00, 0x00, 0x00, 0x00, 0xb2, 0x40, 0x00, 0x00, 0x11, 0x00, 0x00, 0x00, 0x32, // ........@......2
	0x1e, 0x98, 0x14, 0x19, 0x11, 0x4c, 0x90, 0x8c, 0x09, 0x26, 0x47, 0xc6, 0x04, 0x43, 0x22, 0x4a, // .....L...&G..C"J
	0x60, 0x04, 0xa0, 0x24, 0x8a, 0xa1, 0x08, 0x0a, 0x70, 0xa0, 0x0c, 0xca, 0xa1, 0x3c, 0xa8, 0x28, // `..$....p....<.(
	0x89, 0x32, 0x28, 0x84, 0x11, 0x80, 0x22, 0x28, 0x10, 0x32, 0x0b, 0x82, 0xc4, 0x19, 0x00, 0x22, // .2(..."(.2....."
	0x67, 0x00, 0xa8, 0x1c, 0x8b, 0x51, 0x08, 0x00, 0x00, 0x80, 0xe3, 0x38, 0x80, 0xe7, 0xa1, 0x6f, // g....Q.....8...o
	0x06, 0x00, 0x00, 0x79, 0x18, 0x00, 0x00, 0x81, 0x00, 0x00, 0x00, 0x1a, 0x03, 0x4c, 0x90, 0x46, // ...y.........L.F
	0x02, 0x13, 0xc4, 0x34, 0x20, 0xc3, 0x1b, 0x43, 0x81, 0x93, 0x4b, 0xb3, 0x0b, 0xa3, 0x2b, 0x4b, // ...4 ..C..K...+K
	0x01, 0x89, 0x71, 0xc9, 0x71, 0x81, 0x71, 0xa9, 0xa1, 0x81, 0x91, 0x01, 0x41, 0x81, 0x21, 0x9b, // ..q.q.q.....A.!.
	0x29, 0x2b, 0xb3, 0x11, 0xab, 0xa9, 0x69, 0x21, 0x4b, 0x93, 0xa3, 0xcb, 0x4b, 0xd9, 0x10, 0x04, // )+....i!K...K...
	0x13, 0x04, 0x22, 0x99, 0x20, 0x10, 0xca, 0x06, 0x61, 0x20, 0x26, 0x08, 0xc4, 0xb2, 0x41, 0x18, // ..". ...a &...A.
	0x0c, 0x0a, 0x70, 0x73, 0x13, 0x04, 0x82, 0xd9, 0x30, 0x20, 0x09, 0x31, 0x41, 0xf8, 0x38, 0x02, // ..ps....0 .1A.8.
	0x13, 0x04, 0xa2, 0xd9, 0x20, 0x10, 0xc6, 0x86, 0x84, 0x58, 0x18, 0x82, 0x18, 0x1a, 0xc2, 0xd9, // .... ....X......
	0x90, 0x0c, 0x0b, 0x43, 0x0c, 0x43, 0x43, 0x38, 0x1b, 0x84, 0x07, 0x9a, 0x20, 0x88, 0x41, 0x36, // ...C.CC8.... .A6
	0x41, 0x20, 0x9c, 0x0d, 0x08, 0x21, 0x31, 0x04, 0x31, 0x4c, 0xc0, 0x86, 0x80, 0x9a, 0x20, 0x90, // A ...!1.1L.... .
	0x81, 0xb6, 0x01, 0x21, 0x2c, 0x86, 0x20, 0x06, 0x02, 0xd8, 0x80, 0x0c, 0x16, 0x43, 0x0c, 0x03, // ...!,. ......C..
	0x01, 0x6c, 0x10, 0x2e, 0x6c, 0x03, 0x11, 0x01, 0x55, 0x36, 0x41, 0x28, 0x83, 0x6d, 0x43, 0xb0, // .l..l...U6A(.mC.
	0x4d, 0x10, 0x04, 0x80, 0x44, 0x5b, 0x58, 0x9a, 0x1b, 0x97, 0x29, 0xab, 0x2f, 0xa8, 0xb7, 0xb9, // M...D[X...)./...
	0x34, 0xba, 0xb4, 0x37, 0xb7, 0x09, 0x42, 0x21, 0x4d, 0x10, 0x8a, 0x69, 0x43, 0x40, 0x4c, 0x10, // 4..7..B!M..iC@L.
	0x0a, 0x6a, 0x82, 0x50, 0x54, 0x1b, 0x16, 0xe2, 0x03, 0x83, 0x30, 0x10, 0x83, 0x31, 0x18, 0xc6, // .j.PT.....0..1..
	0x80, 0x20, 0x03, 0x80, 0x08, 0x55, 0x11, 0xd6, 0xd0, 0xd3, 0x93, 0x14, 0xd1, 0x86, 0x60, 0x98, // . ...U........`.
	0x20, 0x14, 0xd6, 0x04, 0x81, 0x78, 0x26, 0x08, 0x04, 0xb4, 0x41, 0x48, 0x03, 0x35, 0xd8, 0xb0, //  ....x&...AH.5..
	0x0c, 0x66, 0x00, 0x06, 0x64, 0x70, 0x06, 0x68, 0x30, 0x84, 0xc1, 0x40, 0x06, 0x6b, 0xb0, 0x41, // .f..dp.h0..@.k.A
	0x48, 0x83, 0x34, 0xd8, 0xb0, 0x34, 0x66, 0x00, 0x06, 0x64, 0x20, 0x06, 0x68, 0x30, 0xa0, 0x41, // H.4..4f..d .h0.A
	0x43, 0x06, 0x6d, 0xb0, 0x61, 0x28, 0x03, 0x36, 0x70, 0x03, 0x26, 0x53, 0x56, 0x5f, 0x54, 0x61, // C.m.a(.6p.&SV_Ta
	0x72, 0x67, 0x65, 0x74, 0x13, 0x84, 0xe2, 0x9a, 0x20, 0x10, 0xd1, 0x06, 0x21, 0x0d, 0xe4, 0x60, // rget.... ...!..`
	0xc3, 0x42, 0xc0, 0x01, 0x18, 0xc4, 0x81, 0x18, 0x90, 0xc1, 0x30, 0x06, 0x04, 0x19, 0xcc, 0xc1, // .B........0.....
	0x86, 0x80, 0x0e, 0x36, 0x0c, 0x6f, 0x50, 0x07, 0xc0, 0x04, 0xc1, 0x0c, 0xb0, 0x0d, 0x02, 0x71, // ...6.oP........q
	0x07, 0x1b, 0x8a, 0xce, 0xb3, 0x03, 0x0d, 0x0f, 0x48, 0x91, 0xe1, 0xb9, 0x8c, 0xbd, 0xb9, 0xd1, // ........H.......
	0xc9, 0xbd, 0xb1, 0x99, 0xb1, 0xbd, 0xdd, 0xb9, 0xa0, 0xa5, 0xb9, 0xd1, 0xcd, 0xad, 0x18, 0xf6, // ................
	0x40, 0x0f, 0x86, 0x15, 0x03, 0x1f, 0xe8, 0xc1, 0xb0, 0x62, 0xe8, 0x03, 0x3d, 0x18, 0x56, 0x0c, // @........b..=.V.
	0x7e, 0xa0, 0x07, 0xc3, 0x8a, 0xe1, 0x0f, 0xf4, 0x60, 0x58, 0x31, 0x80, 0x82, 0x1e, 0x0c, 0x55, // ~.......`X1....U
	0xd8, 0xd8, 0xec, 0xda, 0x5c, 0xd2, 0xc8, 0xca, 0xdc, 0xe8, 0xa6, 0x04, 0x41, 0x15, 0x32, 0x3c, // ............A.2<
	0x17, 0xbb, 0x32, 0xb9, 0xb9, 0xb4, 0x37, 0xb7, 0x29, 0x01, 0xd1, 0x84, 0x0c, 0xcf, 0xc5, 0x2e, // ..2...7.).......
	0x8c, 0xcd, 0xae, 0x4c, 0x6e, 0x4a, 0x60, 0xd4, 0x21, 0xc3, 0x73, 0x99, 0x43, 0x0b, 0x23, 0x2b, // ...LnJ`.!.s.C.#+
	0x93, 0x6b, 0x7a, 0x23, 0x2b, 0x63, 0x9b, 0x12, 0x24, 0x65, 0xc8, 0xf0, 0x5c, 0xe4, 0xca, 0xe6, // .kz#+c..$e......
	0xde, 0xea, 0xe4, 0xc6, 0xca, 0xe6, 0xa6, 0x04, 0x59, 0x1d, 0x32, 0x3c, 0x17, 0xbb, 0xb4, 0xb2, // ........Y.2<....
	0xbb, 0x24, 0xb2, 0x29, 0xba, 0x30, 0xba, 0xb2, 0x29, 0xc1, 0x56, 0x87, 0x0c, 0xcf, 0xa5, 0xcc, // .$.).0..).V.....
	0x8d, 0x4e, 0x2e, 0x0f, 0xea, 0x2d, 0xcd, 0x8d, 0x6e, 0x6e, 0x4a, 0x80, 0x07, 0x00, 0x00, 0x79, // .N...-..nnJ....y
	0x18, 0x00, 0x00, 0x59, 0x00, 0x00, 0x00, 0x33, 0x08, 0x80, 0x1c, 0xc4, 0xe1, 0x1c, 0x66, 0x14, // ...Y...3......f.
	0x01, 0x3d, 0x88, 0x43, 0x38, 0x84, 0xc3, 0x8c, 0x42, 0x80, 0x07, 0x79, 0x78, 0x07, 0x73, 0x98, // .=.C8...B..yx.s.
	0x71, 0x0c, 0xe6, 0x00, 0x0f, 0xed, 0x10, 0x0e, 0xf4, 0x80, 0x0e, 0x33, 0x0c, 0x42, 0x1e, 0xc2, // q..........3.B..
	0xc1, 0x1d, 0xce, 0xa1, 0x1c, 0x66, 0x30, 0x05, 0x3d, 0x88, 0x43, 0x38, 0x84, 0x83, 0x1b, 0xcc, // .....f0.=.C8....
	0x03, 0x3d, 0xc8, 0x43, 0x3d, 0x8c, 0x03, 0x3d, 0xcc, 0x78, 0x8c, 0x74, 0x70, 0x07, 0x7b, 0x08, // .=.C=..=.x.tp.{.
	0x07, 0x79, 0x48, 0x87, 0x70, 0x70, 0x07, 0x7a, 0x70, 0x03, 0x76, 0x78, 0x87, 0x70, 0x20, 0x87, // .yH.pp.zp.vx.p .
	0x19, 0xcc, 0x11, 0x0e, 0xec, 0x90, 0x0e, 0xe1, 0x30, 0x0f, 0x6e, 0x30, 0x0f, 0xe3, 0xf0, 0x0e, // ........0.n0....
	0xf0, 0x50, 0x0e, 0x33, 0x10, 0xc4, 0x1d, 0xde, 0x21, 0x1c, 0xd8, 0x21, 0x1d, 0xc2, 0x61, 0x1e, // .P.3....!..!..a.
	0x66, 0x30, 0x89, 0x3b, 0xbc, 0x83, 0x3b, 0xd0, 0x43, 0x39, 0xb4, 0x03, 0x3c, 0xbc, 0x83, 0x3c, // f0.;..;.C9..<..<
	0x84, 0x03, 0x3b, 0xcc, 0xf0, 0x14, 0x76, 0x60, 0x07, 0x7b, 0x68, 0x07, 0x37, 0x68, 0x87, 0x72, // ..;...v`.{h.7h.r
	0x68, 0x07, 0x37, 0x80, 0x87, 0x70, 0x90, 0x87, 0x70, 0x60, 0x07, 0x76, 0x28, 0x07, 0x76, 0xf8, // h.7..p..p`.v(.v.
	0x05, 0x76, 0x78, 0x87, 0x77, 0x80, 0x87, 0x5f, 0x08, 0x87, 0x71, 0x18, 0x87, 0x72, 0x98, 0x87, // .vx.w.._..q..r..
	0x79, 0x98, 0x81, 0x2c, 0xee, 0xf0, 0x0e, 0xee, 0xe0, 0x0e, 0xf5, 0xc0, 0x0e, 0xec, 0x30, 0x03, // y..,..........0.
	0x62, 0xc8, 0xa1, 0x1c, 0xe4, 0xa1, 0x1c, 0xcc, 0xa1, 0x1c, 0xe4, 0xa1, 0x1c, 0xdc, 0x61, 0x1c, // b.............a.
	0xca, 0x21, 0x1c, 0xc4, 0x81, 0x1d, 0xca, 0x61, 0x06, 0xd6, 0x90, 0x43, 0x39, 0xc8, 0x43, 0x39, // .!.....a...C9.C9
	0x98, 0x43, 0x39, 0xc8, 0x43, 0x39, 0xb8, 0xc3, 0x38, 0x94, 0x43, 0x38, 0x88, 0x03, 0x3b, 0x94, // .C9.C9..8.C8..;.
	0xc3, 0x2f, 0xbc, 0x83, 0x3c, 0xfc, 0x82, 0x3b, 0xd4, 0x03, 0x3b, 0xb0, 0xc3, 0x0c, 0xc4, 0x21, // ./..<..;..;....!
	0x07, 0x7c, 0x70, 0x03, 0x7a, 0x28, 0x87, 0x76, 0x80, 0x87, 0x19, 0xd5, 0x43, 0x0e, 0xf8, 0xe0, // .|p.z(.v....C...
	0x06, 0xe3, 0xf0, 0x0e, 0xee, 0x40, 0x0f, 0xf2, 0xf0, 0x0e, 0xec, 0x60, 0x0e, 0xec, 0xf0, 0x0e, // .....@.....`....
	0xf7, 0xe0, 0x06, 0xe8, 0x90, 0x0e, 0xee, 0x40, 0x0f, 0xf3, 0x30, 0x23, 0x82, 0xc8, 0x01, 0x1f, // .......@..0#....
	0xdc, 0x80, 0x1c, 0xc4, 0xe1, 0x1c, 0xdc, 0xc0, 0x1e, 0xc2, 0x41, 0x1e, 0xd8, 0x21, 0x1c, 0xf2, // ..........A..!..
	0xe1, 0x1d, 0xea, 0x81, 0x1e, 0x66, 0x30, 0x11, 0x39, 0xe0, 0x83, 0x1b, 0x88, 0x83, 0x3c, 0x94, // .....f0.9.....<.
	0x43, 0x38, 0xac, 0x83, 0x1b, 0x88, 0x83, 0x3c, 0x00, 0x00, 0x00, 0x71, 0x20, 0x00, 0x00, 0x22, // C8.....<...q .."
	0x00, 0x00, 0x00, 0x56, 0x00, 0x0d, 0x97, 0xef, 0x3c, 0x7e, 0x80, 0x34, 0x40, 0x84, 0xf9, 0xc5, // ...V....<~.4@...
	0x6d, 0xdb, 0xc1, 0x36, 0x5c, 0xbe, 0xf3, 0xf8, 0x42, 0x40, 0x15, 0x05, 0x11, 0x95, 0x0e, 0x30, // m..6....B@.....0
	0x94, 0x84, 0x01, 0x08, 0x98, 0x5f, 0xdc, 0xb6, 0x21, 0x48, 0xc3, 0xe5, 0x3b, 0x8f, 0x2f, 0x44, // ....._..!H..;./D
	0x04, 0x30, 0x11, 0x21, 0xd0, 0x0c, 0x0b, 0x61, 0x06, 0xce, 0x70, 0xf9, 0xce, 0xe3, 0x0f, 0xce, // .0.!...a..p.....
	0x74, 0xfb, 0xc5, 0x6d, 0x5b, 0xc0, 0x34, 0x5c, 0xbe, 0xf3, 0xf8, 0x8b, 0x03, 0x0c, 0x62, 0xf3, // t..m[.4.......b.
	0x50, 0x93, 0x5f, 0xdc, 0xb6, 0x11, 0x40, 0xc3, 0xe5, 0x3b, 0x8f, 0x2f, 0x01, 0xcc, 0xb3, 0x10, // P._...@..;./....
	0x7e, 0x71, 0xdb, 0x26, 0x50, 0x0d, 0x97, 0xef, 0x3c, 0xbe, 0x34, 0x39, 0x11, 0x81, 0x52, 0xd3, // ~q.&P...<.49..R.
	0x43, 0x4d, 0x7e, 0x71, 0xdb, 0x36, 0xf0, 0x0c, 0x97, 0xef, 0x3c, 0x3e, 0xd5, 0x00, 0x11, 0xe6, // CM~q.6....<>....
	0x17, 0xb7, 0x6d, 0x00, 0x04, 0x03, 0x20, 0x0d, 0x00, 0x00, 0x00, 0x61, 0x20, 0x00, 0x00, 0x11, // ..m... ....a ...
	0x02, 0x00, 0x00, 0x13, 0x04, 0x5c, 0x2c, 0x10, 0x00, 0x00, 0x00, 0x1c, 0x00, 0x00, 0x00, 0x84, // ......,.........
	0x8d, 0x00, 0x50, 0x51, 0x02, 0x44, 0x94, 0x5b, 0x59, 0x14, 0x45, 0xc1, 0x14, 0x44, 0xe1, 0x15, // ..PQ.D.[Y.E..D..
	0x42, 0xc9, 0xcd, 0x00, 0x94, 0x51, 0xd9, 0x95, 0x02, 0x0d, 0x63, 0x04, 0x20, 0x08, 0x82, 0xf8, // B....Q....c. ...
	0x2f, 0x8c, 0x11, 0x80, 0x20, 0x08, 0x82, 0xa0, 0x30, 0x46, 0x60, 0xce, 0x39, 0x6b, 0xff, 0xc2, // /... ...0F`.9k..
	0x18, 0x81, 0x39, 0xe7, 0xac, 0xfd, 0x8d, 0x11, 0x80, 0x20, 0x08, 0xa2, 0x60, 0x30, 0x46, 0x00, // ..9...... ..`0F.
	0x82, 0x20, 0x28, 0x83, 0xc1, 0x18, 0x01, 0x08, 0x82, 0xa0, 0x0a, 0x06, 0x63, 0x04, 0x20, 0x08, // . (.........c. .
	0x82, 0x24, 0x18, 0x8c, 0x11, 0x80, 0x20, 0x08, 0xc2, 0xdf, 0x18, 0x01, 0x08, 0x82, 0x20, 0x08, // .$.... ....... .
	0x06, 0x33, 0x00, 0x23, 0x00, 0x63, 0x04, 0x20, 0x08, 0x82, 0xf8, 0x07, 0x00, 0x00, 0x00, 0x23, // .3.#.c. .......#
	0x06, 0x09, 0x00, 0x82, 0x60, 0x90, 0xc1, 0x81, 0x34, 0x06, 0x6f, 0xf0, 0x06, 0xdb, 0x88, 0x41, // ....`...4.o....A
	0x02, 0x80, 0x20, 0x18, 0x64, 0x71, 0x30, 0x91, 0xc1, 0x1b, 0xbc, 0x01, 0x37, 0x62, 0x90, 0x00, // .. .dq0.....7b..
	0x20, 0x08, 0x06, 0x99, 0x1c, 0x50, 0x67, 0x10, 0x07, 0x71, 0xd0, 0x8d, 0x18, 0x24, 0x00, 0x08, //  ....Pg..q...$..
	0x82, 0x41, 0x36, 0x07, 0x15, 0x1a, 0xc4, 0x41, 0x1c, 0x78, 0x23, 0x06, 0x09, 0x00, 0x82, 0x60, // .A6....A.x#....`
	0x90, 0xd1, 0x81, 0x65, 0x06, 0x72, 0x20, 0x07, 0xdf, 0x88, 0x41, 0x02, 0x80, 0x20, 0x18, 0x18, // ...e.r ...A.. ..
	0x7c, 0x80, 0xc1, 0xc1, 0x1c, 0xa0, 0x81, 0x35, 0x62, 0x90, 0x00, 0x20, 0x08, 0x06, 0x46, 0x1f, // |......5b.. ..F.
	0x64, 0x71, 0x40, 0x07, 0x60, 0x70, 0x8d, 0x18, 0x24, 0x00, 0x08, 0x82, 0x81, 0xe1, 0x07, 0x9a, // dq@.`p..$.......
	0x1d, 0xd4, 0x81, 0x1a, 0x60, 0x23, 0x06, 0x09, 0x00, 0x82, 0x60, 0x60, 0xfc, 0xc1, 0x76, 0x07, // ....`#....``..v.
	0x76, 0x20, 0x06, 0xd9, 0x88, 0x41, 0x02, 0x80, 0x20, 0x18, 0x18, 0xa0, 0xc0, 0xe1, 0xc1, 0x1d, // v ...A.. .......
	0xac, 0x81, 0x36, 0x62, 0x70, 0x00, 0x20, 0x08, 0x06, 0xd6, 0x1e, 0x64, 0x46, 0x18, 0x8c, 0x26, // ..6bp. ....dF..&
	0x04, 0xc2, 0x70, 0x44, 0x00, 0x11, 0xdf, 0x2c, 0x43, 0x30, 0x04, 0x23, 0x06, 0x0f, 0x00, 0x82, // ..pD...,C0.#....
	0x60, 0xf0, 0x84, 0x42, 0x18, 0x30, 0x0a, 0x72, 0x40, 0xd0, 0x1e, 0xec, 0x81, 0x07, 0x8d, 0x26, // `..B.0.r@......&
	0x04, 0xc0, 0x68, 0x82, 0x10, 0x8c, 0x26, 0x0c, 0xc2, 0x68, 0x02, 0x31, 0x8c, 0x18, 0x1c, 0x00, // ..h...&..h.1....
	0x08, 0x82, 0x81, 0x35, 0x0a, 0x61, 0xe0, 0xfc, 0xc1, 0x68, 0x42, 0x00, 0x0c, 0x47, 0x0c, 0x81, // ...5.a...hB..G..
	0xf2, 0xcd, 0x32, 0x0c, 0x42, 0x30, 0x62, 0x90, 0x00, 0x20, 0x08, 0x06, 0xc8, 0x2a, 0x8c, 0xc1, // ..2.B0b.. ...*..
	0x28, 0x8c, 0x02, 0x1e, 0x5c, 0x23, 0x06, 0x09, 0x00, 0x82, 0x60, 0x80, 0xac, 0xc2, 0x18, 0x8c, // (....#....`.....
	0xc2, 0x28, 0xbc, 0xc1, 0x35, 0x62, 0x90, 0x00, 0x20, 0x08, 0x06, 0xc8, 0x2a, 0x8c, 0xc1, 0x28, // .(..5b.. ...*..(
	0x8c, 0xc2, 0x1d, 0x5c, 0x23, 0x06, 0x09, 0x00, 0x82, 0x60, 0x80, 0xac, 0xc2, 0x18, 0x8c, 0xc2, // ....#....`......
	0x28, 0xe8, 0xc1, 0x35, 0x4b, 0xb0, 0x0d, 0x54, 0x0c, 0x4e, 0x00, 0x07, 0xc0, 0x40, 0xc5, 0xe0, // (..5K..T.N...@..
	0x04, 0x72, 0x00, 0x0c, 0x54, 0x0c, 0x4e, 0x40, 0x07, 0xc0, 0x40, 0xc5, 0xe0, 0x04, 0x76, 0x00, // .r..T.N@..@...v.
	0x0c, 0x47, 0x38, 0x5a, 0xf0, 0xcd, 0x32, 0x10, 0x46, 0x30, 0x62, 0xf0, 0x00, 0x20, 0x08, 0x06, // .G8Z..2.F0b.. ..
	0x8f, 0x2b, 0xb8, 0x81, 0x86, 0x55, 0x54, 0xd7, 0xa1, 0x02, 0x2a, 0xac, 0x41, 0x37, 0x9a, 0x10, // .+...UT...*.A7..
	0x00, 0xa3, 0x09, 0x42, 0x30, 0x9a, 0x30, 0x08, 0xa3, 0x09, 0xc4, 0x30, 0x62, 0x70, 0x00, 0x20, // ...B0.0....0bp. 
	0x08, 0x06, 0x16, 0x2c, 0xb8, 0xc1, 0xc6, 0x0a, 0xa3, 0x09, 0x41, 0x30, 0x1c, 0x31, 0x04, 0xca, // ...,......A0.1..
	0x37, 0xcb, 0x60, 0x14, 0xc1, 0x88, 0x41, 0x02, 0x80, 0x20, 0x18, 0x20, 0xb8, 0x00, 0x07, 0xb0, // 7.`...A.. . ....
	0x00, 0x0b, 0xa5, 0x40, 0x06, 0x23, 0x06, 0x09, 0x00, 0x82, 0x60, 0x80, 0xe0, 0x02, 0x1c, 0xc0, // ...@.#....`.....
	0x02, 0x2c, 0xf0, 0x01, 0x19, 0x8c, 0x18, 0x24, 0x00, 0x08, 0x82, 0x01, 0x82, 0x0b, 0x70, 0x00, // .,.....$......p.
	0x0b, 0xb0, 0x40, 0x0a, 0x64, 0x30, 0x62, 0x90, 0x00, 0x20, 0x08, 0x06, 0x08, 0x2e, 0xc0, 0x01, // ..@.d0b.. ......
	0x2c, 0xc0, 0xc2, 0x29, 0x90, 0xc1, 0x2c, 0xc1, 0x36, 0x50, 0x31, 0x38, 0x84, 0x2a, 0x0c, 0x03, // ,..)..,.6P18.*..
	0x15, 0x83, 0x43, 0xb0, 0xc2, 0x30, 0x50, 0x31, 0x38, 0x84, 0x2b, 0x0c, 0x03, 0x15, 0x83, 0x43, // ..C..0P18.+....C
	0xc0, 0xc2, 0x30, 0x62, 0x70, 0x00, 0x20, 0x08, 0x06, 0xd6, 0x2d, 0xd4, 0x81, 0x18, 0xec, 0xc1, // ..0bp. ...-.....
	0x68, 0x42, 0x00, 0x8c, 0x26, 0x08, 0xc1, 0x68, 0xc2, 0x20, 0x8c, 0x26, 0x10, 0xc3, 0x70, 0x04, // hB..&..h. .&..p.
	0x18, 0xb4, 0x41, 0xf0, 0x59, 0x71, 0xc9, 0xc7, 0x8a, 0x4b, 0x3e, 0x56, 0x5c, 0xf2, 0xb1, 0xe2, // ..A.Yq...K>V....
	0x92, 0xcf, 0x74, 0x03, 0x91, 0x14, 0xd3, 0x0d, 0x44, 0x62, 0x4c, 0x37, 0x10, 0xc9, 0x31, 0xdd, // ..t.....DbL7..1.
	0x40, 0x24, 0xc8, 0x2c, 0xc3, 0xf1, 0x6c, 0x23, 0x06, 0x07, 0x00, 0x82, 0x60, 0x60, 0x95, 0xc3, // @$.,..l#....``..
	0x28, 0xc0, 0x41, 0x38, 0x8c, 0x26, 0x04, 0xc2, 0x70, 0x44, 0xa0, 0x07, 0xc1, 0x37, 0xcb, 0x80, // (.A8.&..pD...7..
	0x24, 0xc1, 0x70, 0x84, 0x18, 0xf0, 0x01, 0xf1, 0x0d, 0x47, 0x88, 0x41, 0x1f, 0x10, 0xdf, 0x70, // $.p......G.A...p
	0x84, 0x18, 0xf8, 0x01, 0xf1, 0x0d, 0x47, 0x88, 0xc1, 0x1f, 0x10, 0xdf, 0x74, 0x43, 0x1f, 0xf0, // ......G.....tC..
	0x01, 0x31, 0xdd, 0xe0, 0x07, 0x7d, 0x40, 0x4c, 0x37, 0xfc, 0x81, 0x1f, 0x10, 0xd3, 0x0d, 0xa0, // .1...}@L7.......
	0xf0, 0x07, 0x84, 0x81, 0x82, 0x1a, 0xc4, 0xc7, 0x42, 0x41, 0x0d, 0xe2, 0x63, 0xa2, 0xa0, 0x06, // ........BA..c...
	0xf1, 0xb1, 0x51, 0x50, 0x83, 0xf8, 0x18, 0x71, 0x0a, 0xf2, 0x31, 0x02, 0x15, 0xe4, 0x63, 0x44, // ..QP...q..1...cD
	0x2a, 0xc8, 0xc7, 0x08, 0x55, 0x90, 0x8f, 0xa1, 0x42, 0x19, 0xc4, 0xc7, 0x52, 0xa1, 0x0c, 0xe2, // *...U...B...R...
	0x63, 0xaa, 0x50, 0x06, 0xf1, 0xb1, 0x55, 0x28, 0x83, 0xf8, 0x18, 0x42, 0xc8, 0xc7, 0x10, 0x42, // c.P...U(...B...B
	0x3e, 0x86, 0x10, 0xf2, 0x31, 0x84, 0x90, 0x8f, 0xc1, 0x02, 0x11, 0x1f, 0x8b, 0x05, 0x22, 0x3e, // >...1.........">
	0x26, 0x0b, 0x44, 0x7c, 0x6c, 0x16, 0x88, 0xf8, 0x58, 0x1c, 0xf8, 0x81, 0x7c, 0x2c, 0x0e, 0xfc, // &.D|l...X...|,..
	0x40, 0x3e, 0x16, 0x07, 0x7e, 0x20, 0x1f, 0x8b, 0x03, 0x3f, 0x90, 0x8f, 0x11, 0xbb, 0x20, 0x1f, // @>..~ ...?.... .
	0x23, 0x78, 0x41, 0x3e, 0x46, 0xf4, 0x82, 0x7c, 0x8c, 0xf0, 0x05, 0xf9, 0x18, 0x43, 0xc4, 0xc7, // #xA>F..|.....C..
	0x18, 0x22, 0x3e, 0xc6, 0x10, 0xf1, 0x31, 0x86, 0x88, 0x8f, 0x11, 0x64, 0x20, 0x1f, 0x23, 0xc8, // .">...1....d .#.
	0x40, 0x3e, 0x46, 0x90, 0x81, 0x7c, 0x8c, 0x20, 0x03, 0xf9, 0x18, 0xc1, 0xc0, 0xc7, 0x08, 0x06, // @>F..|. ........
	0x3e, 0x46, 0x30, 0xf0, 0x31, 0x82, 0x81, 0xcf, 0x88, 0xc1, 0x01, 0x80, 0x20, 0x18, 0x44, 0x3a, // >F0.1....... .D:
	0x71, 0x0f, 0x44, 0x3a, 0x8c, 0x18, 0x1c, 0x00, 0x08, 0x82, 0x41, 0xb4, 0x13, 0xf8, 0x40, 0xa8, // q.D:......A...@.
	0xc3, 0x88, 0xc1, 0x01, 0x80, 0x20, 0x18, 0x44, 0x3c, 0x91, 0x0f, 0xc4, 0x3a, 0x8c, 0x18, 0x1c, // ..... .D<...:...
	0x00, 0x08, 0x82, 0x41, 0xd4, 0x13, 0xfa, 0x40, 0xb0, 0x83, 0x11, 0x7b, 0x20, 0x1f, 0x23, 0xf6, // ...A...@...{ .#.
	0x40, 0x3e, 0x46, 0xec, 0x81, 0x7c, 0x8c, 0xd8, 0x03, 0xf9, 0xcc, 0x12, 0x24, 0x03, 0x15, 0x03, // @>F..|......$...
	0x82, 0xf8, 0xc3, 0x31, 0x50, 0x31, 0x20, 0x88, 0x3f, 0x1c, 0x03, 0x15, 0x03, 0x82, 0xf8, 0xc3, // ...1P1 .?.......
	0x31, 0x50, 0x31, 0x20, 0x88, 0x3f, 0x1c, 0xc3, 0x11, 0x7e, 0x90, 0x0f, 0xc1, 0x37, 0xcb, 0xa0, // 1P1 .?...~...7..
	0x2c, 0xc1, 0x68, 0x82, 0x3a, 0x00, 0x36, 0x0b, 0xe0, 0x20, 0x1f, 0x9b, 0x05, 0x70, 0x90, 0x8f, // ,.h.:.6.. ...p..
	0xcd, 0x02, 0x38, 0xc8, 0xc7, 0x66, 0x01, 0x1c, 0xe4, 0x63, 0x44, 0x21, 0x1f, 0x0b, 0x16, 0xf9, // ..8..f...cD!....
	0x58, 0x71, 0xc8, 0xc7, 0x02, 0x46, 0x3e, 0x66, 0x24, 0xf2, 0xb1, 0xa0, 0x91, 0x8f, 0x1d, 0x8b, // Xq...F>f$.......
	0x7c, 0x2c, 0x70, 0xe4, 0x33, 0x4b, 0xb0, 0x0c, 0x54, 0x0c, 0x8e, 0x42, 0x06, 0xc9, 0x40, 0xc5, // |,p.3K..T..B..@.
	0xc0, 0x28, 0x64, 0x90, 0x0c, 0x54, 0x0c, 0x8a, 0x42, 0x06, 0xc9, 0x40, 0xc5, 0x80, 0x28, 0x64, // .(d..T..B..@..(d
	0x90, 0x0c, 0x47, 0xc0, 0x82, 0x49, 0x04, 0xdf, 0x2c, 0x03, 0xd3, 0x04, 0xa3, 0x09, 0xfc, 0x00, // ..G..I..,.......
	0x58, 0x39, 0x04, 0xf2, 0xb1, 0x72, 0x10, 0xe4, 0x63, 0xe5, 0x30, 0xc8, 0xc7, 0xca, 0x81, 0x90, // X9...r..c.0.....
	0x8f, 0x11, 0xf6, 0x00, 0x1f, 0x23, 0xec, 0x01, 0x3e, 0x46, 0xd8, 0x03, 0x7c, 0x8c, 0xb0, 0x07, // .....#..>F..|...
	0xf8, 0x98, 0x43, 0xc8, 0xc7, 0x1c, 0x42, 0x3e, 0xe6, 0x10, 0xf2, 0x31, 0x87, 0x90, 0xcf, 0x2c, // ..C...B>...1...,
	0x41, 0x33, 0x50, 0x31, 0x20, 0x0c, 0x19, 0x2c, 0x03, 0x15, 0x03, 0xc2, 0x90, 0xc1, 0x32, 0x50, // A3P1 ..,......2P
	0x31, 0x20, 0x0c, 0x19, 0x2c, 0x03, 0x15, 0x03, 0xc2, 0x90, 0xc1, 0x32, 0x1c, 0x21, 0x0e, 0x60, // 1 ..,......2.!.`
	0x11, 0x7c, 0xb3, 0x0c, 0xce, 0x13, 0x58, 0x4e, 0x8c, 0x44, 0x7c, 0x4c, 0x27, 0x46, 0x22, 0x3e, // .|....XN.D|L'F">
	0xb6, 0x13, 0x23, 0x11, 0x1f, 0xe3, 0x89, 0x91, 0x88, 0x8f, 0xf5, 0x84, 0x3e, 0xc4, 0xc7, 0x7c, // ..#.........>..|
	0x42, 0x1f, 0xe2, 0x63, 0x3f, 0xa1, 0x0f, 0xf1, 0x31, 0xb0, 0xd0, 0x87, 0xf8, 0x18, 0x81, 0xc8, // B..c?...1.......
	0xc7, 0x08, 0x44, 0x3e, 0x46, 0x20, 0xf2, 0x31, 0x02, 0x91, 0x8f, 0x95, 0x05, 0x11, 0x1f, 0x33, // ..D>F .1.......3
	0x0b, 0x22, 0x3e, 0x76, 0x16, 0x44, 0x7c, 0x0c, 0x2d, 0x88, 0xf8, 0x8c, 0x18, 0x1c, 0x00, 0x08, // .">v.D|.-.......
	0x82, 0x41, 0xb4, 0x1b, 0x78, 0x41, 0xa8, 0xc5, 0x88, 0xc1, 0x01, 0x80, 0x20, 0x18, 0x44, 0xbc, // .A..xA...... .D.
	0x91, 0x17, 0xc4, 0x5a, 0x8c, 0x18, 0x1c, 0x00, 0x08, 0x82, 0x41, 0xd4, 0x1b, 0x7a, 0x41, 0xb0, // ...Z......A..zA.
	0xc5, 0x88, 0xc1, 0x01, 0x80, 0x20, 0x18, 0x44, 0xbe, 0xb1, 0x17, 0x44, 0x5b, 0x18, 0x91, 0xc9, // ..... .D...D[...
	0xc7, 0x88, 0x4c, 0x3e, 0x46, 0x64, 0xf2, 0x31, 0x22, 0x93, 0xcf, 0x2c, 0xc1, 0x33, 0xd0, 0x31, // ..L>Fd.1"..,.3.1
	0x20, 0x8e, 0x1e, 0x34, 0x20, 0x62, 0x0c, 0x74, 0x0c, 0x88, 0xa3, 0x07, 0x0d, 0x88, 0x18, 0x03, //  ..4 b.t........
	0x1d, 0x03, 0xe2, 0xe8, 0x41, 0x03, 0x22, 0xc6, 0x40, 0xc7, 0x80, 0x38, 0x7a, 0xd0, 0x80, 0x88, // ....A.".@..8z...
	0x31, 0x62, 0x70, 0x00, 0x20, 0x08, 0x06, 0x56, 0x79, 0x8c, 0x06, 0x5c, 0xb0, 0xc6, 0x68, 0x42, // 1bp. ..Vy.....hB
	0x30, 0x0c, 0x47, 0x04, 0x78, 0xe1, 0x7c, 0xb3, 0x0c, 0x90, 0x15, 0x8c, 0x26, 0x0c, 0xc0, 0x68, // 0.G.x.|.....&..h
	0x02, 0x11, 0x8c, 0x26, 0x14, 0x82, 0xcd, 0xc5, 0x10, 0x1f, 0x9b, 0x8b, 0x21, 0x3e, 0x36, 0x17, // ...&........!>6.
	0x43, 0x7c, 0x6c, 0x18, 0xe4, 0x63, 0xc3, 0x20, 0x1f, 0x13, 0x02, 0xf8, 0x18, 0x41, 0xc8, 0xc7, // C|l..c. .....A..
	0x84, 0x00, 0x3e, 0x23, 0x06, 0x06, 0x00, 0x82, 0x60, 0xa0, 0xdc, 0x07, 0x6e, 0x04, 0xb3, 0x04, // ..>#....`...n...
	0xd1, 0x40, 0xc5, 0x80, 0x32, 0x50, 0x3a, 0x50, 0x03, 0x15, 0x04, 0xf9, 0x40, 0xe9, 0x40, 0x8d, // .@..2P:P....@.@.
	0x18, 0x1c, 0x00, 0x08, 0x82, 0x81, 0x65, 0x1f, 0xb4, 0x11, 0x1a, 0xc1, 0x68, 0x42, 0x30, 0x0c, // ......e.....hB0.
	0x47, 0x04, 0xa9, 0x11, 0x7c, 0xb3, 0x0c, 0x95, 0x14, 0x8c, 0x26, 0x0c, 0xc0, 0x68, 0x02, 0x11, // G...|.....&..h..
	0x8c, 0x26, 0x14, 0x82, 0x0d, 0x54, 0x7c, 0x6c, 0xa0, 0xe2, 0x63, 0x03, 0x15, 0x9f, 0x11, 0x83, // .&...T|l..c.....
	0x05, 0x00, 0x41, 0x30, 0x98, 0x40, 0xe4, 0x3c, 0x06, 0x21, 0xa0, 0x26, 0xc9, 0x9a, 0x46, 0x3e, // ..A0.@.<.!.&..F>
	0x26, 0x04, 0xf4, 0x19, 0x8e, 0x08, 0x66, 0x43, 0xf8, 0x86, 0x23, 0x84, 0xd9, 0x20, 0xbe, 0x12, // &.....fC..#.. ..
	0x02, 0x9d, 0x65, 0x98, 0xa8, 0xc0, 0x08, 0x4d, 0x3e, 0x56, 0x68, 0xf2, 0x31, 0x43, 0x93, 0x8f, // ..e....M>Vh.1C..
	0x31, 0x43, 0x7c, 0x8c, 0x19, 0xe2, 0x63, 0xcc, 0x10, 0x1f, 0x1b, 0x06, 0xf9, 0xd8, 0x30, 0xc8, // 1C|...c.......0.
	0xc7, 0x84, 0x00, 0x3e, 0x46, 0x10, 0xf2, 0x31, 0x21, 0x80, 0xcf, 0x88, 0x81, 0x01, 0x80, 0x20, // ...>F..1!...... 
	0x18, 0x28, 0x34, 0x52, 0x1f, 0x81, 0x41, 0xe7, 0x21, 0x1f, 0xb3, 0x2c, 0xf9, 0x98, 0x65, 0xc9, // .(4R..A.!..,..e.
	0xc7, 0x84, 0x00, 0x3e, 0xe6, 0x79, 0xf2, 0x31, 0x21, 0xa0, 0xcf, 0x88, 0x81, 0x01, 0x80, 0x20, // ...>.y.1!...... 
	0x18, 0x28, 0x3b, 0xe2, 0x22, 0x81, 0x5d, 0xef, 0x21, 0x1f, 0x83, 0x8f, 0x20, 0x3e, 0x06, 0x1f, // .(;.".].!... >..
	0x63, 0x10, 0x1f, 0x0b, 0x94, 0xf8, 0x58, 0xc0, 0xc0, 0xc7, 0x02, 0x82, 0x3e, 0x23, 0x06, 0x06, // c.....X.....>#..
	0x00, 0x82, 0x60, 0xa0, 0x88, 0x49, 0x8d, 0x04, 0x16, 0xc8, 0x87, 0x7c, 0xac, 0x3e, 0x82, 0xf8, // ..`..I.....|.>..
	0xd8, 0x30, 0xc8, 0xc7, 0x82, 0xfd, 0x90, 0x8f, 0x05, 0x83, 0x7c, 0x2c, 0xf0, 0x0f, 0xf8, 0x58, // .0........|,...X
	0xe0, 0xc8, 0xc7, 0x02, 0xfb, 0x80, 0x8f, 0x05, 0x73, 0x20, 0x9f, 0x59, 0x02, 0x6a, 0xa0, 0x62, // ........s .Y.j.b
	0x10, 0x26, 0x74, 0x90, 0x8c, 0x0e, 0xce, 0x04, 0x06, 0xc3, 0x0d, 0x81, 0x8b, 0xa0, 0xc1, 0x2c, // .&t............,
	0x43, 0x54, 0x05, 0x03, 0x15, 0x83, 0x3b, 0x44, 0x06, 0x65, 0xc1, 0x2a, 0xc8, 0xc7, 0x84, 0x55, // CT....;D.e.*...U
	0x90, 0x8f, 0x0d, 0xab, 0x20, 0x9f, 0x59, 0x02, 0x6b, 0xa0, 0x62, 0x30, 0x2a, 0x9e, 0x78, 0x06, // .... .Y.k.b0*.x.
	0x2a, 0x06, 0xa3, 0xe2, 0x89, 0x67, 0xa0, 0x62, 0x30, 0x2a, 0x9e, 0x78, 0x46, 0x0c, 0x0e, 0x00, // *....g.b0*.xF...
	0x04, 0xc1, 0xc0, 0x92, 0x13, 0x18, 0xe9, 0x0f, 0x37, 0x19, 0x4d, 0x08, 0x86, 0xe1, 0x88, 0xa0, // ........7.M.....
	0x44, 0x82, 0x6f, 0x96, 0xe1, 0xc2, 0x82, 0x11, 0x03, 0x03, 0x00, 0x41, 0x30, 0x50, 0xf2, 0x84, // D.o........A0P..
	0x4d, 0x62, 0x61, 0xc4, 0x20, 0x01, 0x40, 0x10, 0x0c, 0x90, 0x3d, 0x99, 0x91, 0x39, 0x99, 0x13, // Mba. .@...=..9..
	0x34, 0x39, 0x46, 0x0c, 0x12, 0x00, 0x04, 0xc1, 0x00, 0xd9, 0x93, 0x19, 0x99, 0x93, 0x39, 0xf9, // 49F...........9.
	0x11, 0x63, 0xc4, 0x20, 0x01, 0x40, 0x10, 0x0c, 0x90, 0x3d, 0x99, 0x91, 0x39, 0x99, 0x93, 0x33, // .c. .@...=..9..3
	0x29, 0x46, 0x0c, 0x12, 0x00, 0x04, 0xc1, 0x00, 0xd9, 0x93, 0x19, 0x99, 0x93, 0x39, 0x51, 0x93, // )F...........9Q.
	0x60, 0x96, 0x60, 0x1b, 0x4d, 0xd8, 0x8f, 0x60, 0x38, 0x22, 0x40, 0x11, 0xe1, 0x33, 0x81, 0x16, // `.`.M..`8"@..3..
	0xe4, 0x63, 0x34, 0x12, 0xc4, 0x67, 0x96, 0x21, 0xd3, 0x06, 0x5b, 0x02, 0xf9, 0xd8, 0x22, 0xc8, // .c4..g.!..[...".
	0xc7, 0x96, 0x41, 0x3e, 0xd6, 0x22, 0x07, 0x7d, 0x2c, 0xd0, 0x11, 0xf8, 0x8c, 0x18, 0x24, 0x00, // ..A>.".},.....$.
	0x08, 0x82, 0x01, 0x42, 0x2a, 0x3c, 0xc2, 0x27, 0x7c, 0x12, 0x27, 0xc5, 0x88, 0x41, 0x02, 0x80, // ...B*<.'|.'..A..
	0x20, 0x18, 0x20, 0xa4, 0xc2, 0x23, 0x7c, 0xc2, 0x27, 0x68, 0x42, 0x8c, 0x18, 0x24, 0x00, 0x08, //  . ..#|.'hB..$..
	0x82, 0x01, 0x42, 0x2a, 0x3c, 0xc2, 0x27, 0x7c, 0x02, 0x27, 0xc3, 0x88, 0x41, 0x02, 0x80, 0x20, // ..B*<.'|.'..A.. 
	0x18, 0x20, 0xa4, 0xc2, 0x23, 0x7c, 0xc2, 0x27, 0x73, 0x12, 0xcc, 0x12, 0x6c, 0x06, 0xed, 0x82, // . ..#|.'s...l...
	0x7c, 0x0c, 0xe2, 0x05, 0xf9, 0x18, 0xd4, 0x0b, 0xf2, 0x19, 0x31, 0x30, 0x00, 0x10, 0x04, 0x03, // |.........10....
	0xc5, 0x54, 0xf2, 0x24, 0x19, 0x31, 0x48, 0x00, 0x10, 0x04, 0x03, 0x04, 0x55, 0xc0, 0x04, 0x54, // .T.$.1H.....U..T
	0x40, 0xa5, 0x4e, 0x88, 0x11, 0x83, 0x04, 0x00, 0x41, 0x30, 0x40, 0x50, 0x05, 0x4c, 0x40, 0x05, // @.N.....A0@P.L@.
	0x54, 0xd8, 0x64, 0x18, 0x31, 0x48, 0x00, 0x10, 0x04, 0x03, 0x04, 0x55, 0xc0, 0x04, 0x54, 0x40, // T.d.1H.....U..T@
	0x85, 0x4e, 0x84, 0x11, 0x83, 0x04, 0x00, 0x41, 0x30, 0x40, 0x50, 0x05, 0x4c, 0x40, 0x05, 0x54, // .N.....A0@P.L@.T
	0xee, 0x24, 0x98, 0x25, 0xd8, 0x30, 0x20, 0x06, 0x00, 0x00, 0x00, 0x09, 0x00, 0x00, 0x00, 0x5b, // .$.%.0 ........[
	0x86, 0xe6, 0xd1, 0x83, 0x2d, 0x43, 0x18, 0x3c, 0x7b, 0xb0, 0x65, 0x10, 0x85, 0x87, 0x0f, 0xb6, // ....-C.<{.e.....
	0x0c, 0xa6, 0xf0, 0xf4, 0xc1, 0x96, 0xc1, 0x35, 0x1e, 0x3f, 0xd8, 0x32, 0x84, 0xc7, 0xf3, 0x07, // .......5.?.2....
	0x00, 0x00, 0x00, 0x00, 0x00, 0x00, 0x00, 0x00, 0x00, 0x00, 0x00, 0x00, 0x00, 0xc0, 0x00,       // ...............
};
static const uint8_t fs_flasher_noclip_spv[6711] =
{
	0x46, 0x53, 0x48, 0x0c, 0xe2, 0xbc, 0x2a, 0x7e, 0x00, 0x00, 0x00, 0x00, 0x00, 0x00, 0x00, 0x00, // FSH...*~........
	0x00, 0x00, 0x00, 0x00, 0x07, 0x00, 0x05, 0x62, 0x61, 0x6c, 0x6c, 0x73, 0x12, 0x08, 0x00, 0x00, // .......balls....
	0x08, 0x00, 0x00, 0x00, 0x00, 0x00, 0x28, 0x61, 0x6d, 0x6f, 0x75, 0x6e, 0x74, 0x5f, 0x62, 0x6c, // ......(amount_bl
	0x65, 0x6e, 0x64, 0x5f, 0x6d, 0x6f, 0x64, 0x75, 0x6c, 0x61, 0x74, 0x65, 0x5f, 0x76, 0x73, 0x5f, // end_modulate_vs_
	0x61, 0x64, 0x64, 0x5f, 0x66, 0x6c, 0x61, 0x73, 0x68, 0x65, 0x72, 0x4d, 0x6f, 0x64, 0x65, 0x12, // add_flasherMode.
	0x01, 0xa0, 0x00, 0x01, 0x00, 0x00, 0x00, 0x00, 0x00, 0x24, 0x61, 0x6c, 0x70, 0x68, 0x61, 0x54, // .........$alphaT
	0x65, 0x73, 0x74, 0x56, 0x61, 0x6c, 0x75, 0x65, 0x41, 0x42, 0x5f, 0x66, 0x69, 0x6c, 0x74, 0x65, // estValueAB_filte
	0x72, 0x4d, 0x6f, 0x64, 0x65, 0x5f, 0x61, 0x64, 0x64, 0x42, 0x6c, 0x65, 0x6e, 0x64, 0x12, 0x01, // rMode_addBlend..
	0x90, 0x00, 0x01, 0x00, 0x00, 0x00, 0x00, 0x00, 0x11, 0x73, 0x74, 0x61, 0x74, 0x69, 0x63, 0x43, // .........staticC
	0x6f, 0x6c, 0x6f, 0x72, 0x5f, 0x41, 0x6c, 0x70, 0x68, 0x61, 0x12, 0x01, 0x80, 0x00, 0x01, 0x00, // olor_Alpha......
	0x00, 0x00, 0x00, 0x00, 0x14, 0x6c, 0x69, 0x67, 0x68, 0x74, 0x43, 0x65, 0x6e, 0x74, 0x65, 0x72, // .....lightCenter
	0x5f, 0x64, 0x6f, 0x53, 0x68, 0x61, 0x64, 0x6f, 0x77, 0x12, 0x01, 0xb0, 0x00, 0x01, 0x00, 0x00, // _doShadow.......
	0x00, 0x00, 0x00, 0x0d, 0x74, 0x65, 0x78, 0x5f, 0x66, 0x6c, 0x61, 0x73, 0x68, 0x65, 0x72, 0x5f, // ....tex_flasher_
	0x41, 0x30, 0x00, 0x02, 0x00, 0x00, 0x00, 0x00, 0x02, 0x29, 0x00, 0x0d, 0x74, 0x65, 0x78, 0x5f, // A0.......)..tex_
	0x66, 0x6c, 0x61, 0x73, 0x68, 0x65, 0x72, 0x5f, 0x42, 0x30, 0x00, 0x03, 0x00, 0x00, 0x00, 0x00, // flasher_B0......
	0x02, 0x29, 0x00, 0x3c, 0x19, 0x00, 0x00, 0x03, 0x02, 0x23, 0x07, 0x00, 0x00, 0x01, 0x00, 0x0b, // .).<.....#......
	0x00, 0x08, 0x00, 0xf2, 0x03, 0x00, 0x00, 0x00, 0x00, 0x00, 0x00, 0x11, 0x00, 0x02, 0x00, 0x01, // ................
	0x00, 0x00, 0x00, 0x0b, 0x00, 0x06, 0x00, 0x01, 0x00, 0x00, 0x00, 0x47, 0x4c, 0x53, 0x4c, 0x2e, // ...........GLSL.
	0x73, 0x74, 0x64, 0x2e, 0x34, 0x35, 0x30, 0x00, 0x00, 0x00, 0x00, 0x0e, 0x00, 0x03, 0x00, 0x00, // std.450.........
	0x00, 0x00, 0x00, 0x01, 0x00, 0x00, 0x00, 0x0f, 0x00, 0x08, 0x00, 0x04, 0x00, 0x00, 0x00, 0x04, // ................
	0x00, 0x00, 0x00, 0x6d, 0x61, 0x69, 0x6e, 0x00, 0x00, 0x00, 0x00, 0xec, 0x01, 0x00, 0x00, 0xf0, // ...main.........
	0x01, 0x00, 0x00, 0xfd, 0x01, 0x00, 0x00, 0x10, 0x00, 0x03, 0x00, 0x04, 0x00, 0x00, 0x00, 0x07, // ................
	0x00, 0x00, 0x00, 0x10, 0x00, 0x03, 0x00, 0x04, 0x00, 0x00, 0x00, 0x09, 0x00, 0x00, 0x00, 0x03, // ................
	0x00, 0x03, 0x00, 0x05, 0x00, 0x00, 0x00, 0xf4, 0x01, 0x00, 0x00, 0x05, 0x00, 0x04, 0x00, 0x04, // ................
	0x00, 0x00, 0x00, 0x6d, 0x61, 0x69, 0x6e, 0x00, 0x00, 0x00, 0x00, 0x05, 0x00, 0x08, 0x00, 0x45, // ...main........E
	0x00, 0x00, 0x00, 0x74, 0x65, 0x78, 0x5f, 0x66, 0x6c, 0x61, 0x73, 0x68, 0x65, 0x72, 0x5f, 0x41, // ...tex_flasher_A
	0x53, 0x61, 0x6d, 0x70, 0x6c, 0x65, 0x72, 0x00, 0x00, 0x00, 0x00, 0x05, 0x00, 0x08, 0x00, 0x48, // Sampler........H
	0x00, 0x00, 0x00, 0x74, 0x65, 0x78, 0x5f, 0x66, 0x6c, 0x61, 0x73, 0x68, 0x65, 0x72, 0x5f, 0x41, // ...tex_flasher_A
	0x54, 0x65, 0x78, 0x74, 0x75, 0x72, 0x65, 0x00, 0x00, 0x00, 0x00, 0x05, 0x00, 0x08, 0x00, 0x4c, // Texture........L
	0x00, 0x00, 0x00, 0x74, 0x65, 0x78, 0x5f, 0x66, 0x6c, 0x61, 0x73, 0x68, 0x65, 0x72, 0x5f, 0x42, // ...tex_flasher_B
	0x53, 0x61, 0x6d, 0x70, 0x6c, 0x65, 0x72, 0x00, 0x00, 0x00, 0x00, 0x05, 0x00, 0x08, 0x00, 0x4e, // Sampler........N
	0x00, 0x00, 0x00, 0x74, 0x65, 0x78, 0x5f, 0x66, 0x6c, 0x61, 0x73, 0x68, 0x65, 0x72, 0x5f, 0x42, // ...tex_flasher_B
	0x54, 0x65, 0x78, 0x74, 0x75, 0x72, 0x65, 0x00, 0x00, 0x00, 0x00, 0x05, 0x00, 0x06, 0x00, 0xb4, // Texture.........
	0x00, 0x00, 0x00, 0x55, 0x6e, 0x69, 0x66, 0x6f, 0x72, 0x6d, 0x42, 0x6c, 0x6f, 0x63, 0x6b, 0x00, // ...UniformBlock.
	0x00, 0x00, 0x00, 0x06, 0x00, 0x05, 0x00, 0xb4, 0x00, 0x00, 0x00, 0x00, 0x00, 0x00, 0x00, 0x62, // ...............b
	0x61, 0x6c, 0x6c, 0x73, 0x00, 0x00, 0x00, 0x06, 0x00, 0x08, 0x00, 0xb4, 0x00, 0x00, 0x00, 0x01, // alls............
	0x00, 0x00, 0x00, 0x73, 0x74, 0x61, 0x74, 0x69, 0x63, 0x43, 0x6f, 0x6c, 0x6f, 0x72, 0x5f, 0x41, // ...staticColor_A
	0x6c, 0x70, 0x68, 0x61, 0x00, 0x00, 0x00, 0x06, 0x00, 0x0d, 0x00, 0xb4, 0x00, 0x00, 0x00, 0x02, // lpha............
	0x00, 0x00, 0x00, 0x61, 0x6c, 0x70, 0x68, 0x61, 0x54, 0x65, 0x73, 0x74, 0x56, 0x61, 0x6c, 0x75, // ...alphaTestValu
	0x65, 0x41, 0x42, 0x5f, 0x66, 0x69, 0x6c, 0x74, 0x65, 0x72, 0x4d, 0x6f, 0x64, 0x65, 0x5f, 0x61, // eAB_filterMode_a
	0x64, 0x64, 0x42, 0x6c, 0x65, 0x6e, 0x64, 0x00, 0x00, 0x00, 0x00, 0x06, 0x00, 0x0e, 0x00, 0xb4, // ddBlend.........
	0x00, 0x00, 0x00, 0x03, 0x00, 0x00, 0x00, 0x61, 0x6d, 0x6f, 0x75, 0x6e, 0x74, 0x5f, 0x62, 0x6c, // .......amount_bl
	0x65, 0x6e, 0x64, 0x5f, 0x6d, 0x6f, 0x64, 0x75, 0x6c, 0x61, 0x74, 0x65, 0x5f, 0x76, 0x73, 0x5f, // end_modulate_vs_
	0x61, 0x64, 0x64, 0x5f, 0x66, 0x6c, 0x61, 0x73, 0x68, 0x65, 0x72, 0x4d, 0x6f, 0x64, 0x65, 0x00, // add_flasherMode.
	0x00, 0x00, 0x00, 0x06, 0x00, 0x09, 0x00, 0xb4, 0x00, 0x00, 0x00, 0x04, 0x00, 0x00, 0x00, 0x6c, // ...............l
	0x69, 0x67, 0x68, 0x74, 0x43, 0x65, 0x6e, 0x74, 0x65, 0x72, 0x5f, 0x64, 0x6f, 0x53, 0x68, 0x61, // ightCenter_doSha
	0x64, 0x6f, 0x77, 0x00, 0x00, 0x00, 0x00, 0x05, 0x00, 0x03, 0x00, 0xb6, 0x00, 0x00, 0x00, 0x00, // dow.............
	0x00, 0x00, 0x00, 0x05, 0x00, 0x05, 0x00, 0xec, 0x01, 0x00, 0x00, 0x76, 0x5f, 0x74, 0x61, 0x62, // ...........v_tab
	0x6c, 0x65, 0x50, 0x6f, 0x73, 0x00, 0x00, 0x05, 0x00, 0x05, 0x00, 0xf0, 0x01, 0x00, 0x00, 0x76, // lePos..........v
	0x5f, 0x74, 0x65, 0x78, 0x63, 0x6f, 0x6f, 0x72, 0x64, 0x30, 0x00, 0x05, 0x00, 0x06, 0x00, 0xfd, // _texcoord0......
	0x01, 0x00, 0x00, 0x62, 0x67, 0x66, 0x78, 0x5f, 0x46, 0x72, 0x61, 0x67, 0x44, 0x61, 0x74, 0x61, // ...bgfx_FragData
	0x30, 0x00, 0x00, 0x47, 0x00, 0x04, 0x00, 0x45, 0x00, 0x00, 0x00, 0x21, 0x00, 0x00, 0x00, 0x12, // 0..G...E...!....
	0x00, 0x00, 0x00, 0x47, 0x00, 0x04, 0x00, 0x45, 0x00, 0x00, 0x00, 0x22, 0x00, 0x00, 0x00, 0x00, // ...G...E..."....
	0x00, 0x00, 0x00, 0x47, 0x00, 0x04, 0x00, 0x48, 0x00, 0x00, 0x00, 0x21, 0x00, 0x00, 0x00, 0x02, // ...G...H...!....
	0x00, 0x00, 0x00, 0x47, 0x00, 0x04, 0x00, 0x48, 0x00, 0x00, 0x00, 0x22, 0x00, 0x00, 0x00, 0x00, // ...G...H..."....
	0x00, 0x00, 0x00, 0x47, 0x00, 0x04, 0x00, 0x4c, 0x00, 0x00, 0x00, 0x21, 0x00, 0x00, 0x00, 0x13, // ...G...L...!....
	0x00, 0x00, 0x00, 0x47, 0x00, 0x04, 0x00, 0x4c, 0x00, 0x00, 0x00, 0x22, 0x00, 0x00, 0x00, 0x00, // ...G...L..."....
	0x00, 0x00, 0x00, 0x47, 0x00, 0x04, 0x00, 0x4e, 0x00, 0x00, 0x00, 0x21, 0x00, 0x00, 0x00, 0x03, // ...G...N...!....
	0x00, 0x00, 0x00, 0x47, 0x00, 0x04, 0x00, 0x4e, 0x00, 0x00, 0x00, 0x22, 0x00, 0x00, 0x00, 0x00, // ...G...N..."....
	0x00, 0x00, 0x00, 0x47, 0x00, 0x04, 0x00, 0xb3, 0x00, 0x00, 0x00, 0x06, 0x00, 0x00, 0x00, 0x10, // ...G............
	0x00, 0x00, 0x00, 0x47, 0x00, 0x03, 0x00, 0xb4, 0x00, 0x00, 0x00, 0x02, 0x00, 0x00, 0x00, 0x48, // ...G...........H
	0x00, 0x05, 0x00, 0xb4, 0x00, 0x00, 0x00, 0x00, 0x00, 0x00, 0x00, 0x23, 0x00, 0x00, 0x00, 0x00, // ...........#....
	0x00, 0x00, 0x00, 0x48, 0x00, 0x05, 0x00, 0xb4, 0x00, 0x00, 0x00, 0x01, 0x00, 0x00, 0x00, 0x23, // ...H...........#
	0x00, 0x00, 0x00, 0x80, 0x00, 0x00, 0x00, 0x48, 0x00, 0x05, 0x00, 0xb4, 0x00, 0x00, 0x00, 0x02, // .......H........
	0x00, 0x00, 0x00, 0x23, 0x00, 0x00, 0x00, 0x90, 0x00, 0x00, 0x00, 0x48, 0x00, 0x05, 0x00, 0xb4, // ...#.......H....
	0x00, 0x00, 0x00, 0x03, 0x00, 0x00, 0x00, 0x23, 0x00, 0x00, 0x00, 0xa0, 0x00, 0x00, 0x00, 0x48, // .......#.......H
	0x00, 0x05, 0x00, 0xb4, 0x00, 0x00, 0x00, 0x04, 0x00, 0x00, 0x00, 0x23, 0x00, 0x00, 0x00, 0xb0, // ...........#....
	0x00, 0x00, 0x00, 0x47, 0x00, 0x04, 0x00, 0xb6, 0x00, 0x00, 0x00, 0x21, 0x00, 0x00, 0x00, 0x01, // ...G.......!....
	0x00, 0x00, 0x00, 0x47, 0x00, 0x04, 0x00, 0xb6, 0x00, 0x00, 0x00, 0x22, 0x00, 0x00, 0x00, 0x00, // ...G......."....
	0x00, 0x00, 0x00, 0x47, 0x00, 0x04, 0x00, 0xec, 0x01, 0x00, 0x00, 0x1e, 0x00, 0x00, 0x00, 0x00, // ...G............
	0x00, 0x00, 0x00, 0x47, 0x00, 0x04, 0x00, 0xf0, 0x01, 0x00, 0x00, 0x1e, 0x00, 0x00, 0x00, 0x01, // ...G............
	0x00, 0x00, 0x00, 0x47, 0x00, 0x04, 0x00, 0xfd, 0x01, 0x00, 0x00, 0x1e, 0x00, 0x00, 0x00, 0x00, // ...G............
	0x00, 0x00, 0x00, 0x13, 0x00, 0x02, 0x00, 0x02, 0x00, 0x00, 0x00, 0x21, 0x00, 0x03, 0x00, 0x03, // ...........!....
	0x00, 0x00, 0x00, 0x02, 0x00, 0x00, 0x00, 0x1a, 0x00, 0x02, 0x00, 0x06, 0x00, 0x00, 0x00, 0x16, // ................
	0x00, 0x03, 0x00, 0x07, 0x00, 0x00, 0x00, 0x20, 0x00, 0x00, 0x00, 0x19, 0x00, 0x09, 0x00, 0x08, // ....... ........
	0x00, 0x00, 0x00, 0x07, 0x00, 0x00, 0x00, 0x01, 0x00, 0x00, 0x00, 0x00, 0x00, 0x00, 0x00, 0x00, // ................
	0x00, 0x00, 0x00, 0x00, 0x00, 0x00, 0x00, 0x01, 0x00, 0x00, 0x00, 0x00, 0x00, 0x00, 0x00, 0x17, // ................
	0x00, 0x04, 0x00, 0x0b, 0x00, 0x00, 0x00, 0x07, 0x00, 0x00, 0x00, 0x02, 0x00, 0x00, 0x00, 0x17, // ................
	0x00, 0x04, 0x00, 0x0d, 0x00, 0x00, 0x00, 0x07, 0x00, 0x00, 0x00, 0x04, 0x00, 0x00, 0x00, 0x17, // ................
	0x00, 0x04, 0x00, 0x33, 0x00, 0x00, 0x00, 0x07, 0x00, 0x00, 0x00, 0x03, 0x00, 0x00, 0x00, 0x20, // ...3........... 
	0x00, 0x04, 0x00, 0x44, 0x00, 0x00, 0x00, 0x00, 0x00, 0x00, 0x00, 0x06, 0x00, 0x00, 0x00, 0x3b, // ...D...........;
	0x00, 0x04, 0x00, 0x44, 0x00, 0x00, 0x00, 0x45, 0x00, 0x00, 0x00, 0x00, 0x00, 0x00, 0x00, 0x20, // ...D...E....... 
	0x00, 0x04, 0x00, 0x47, 0x00, 0x00, 0x00, 0x00, 0x00, 0x00, 0x00, 0x08, 0x00, 0x00, 0x00, 0x3b, // ...G...........;
	0x00, 0x04, 0x00, 0x47, 0x00, 0x00, 0x00, 0x48, 0x00, 0x00, 0x00, 0x00, 0x00, 0x00, 0x00, 0x3b, // ...G...H.......;
	0x00, 0x04, 0x00, 0x44, 0x00, 0x00, 0x00, 0x4c, 0x00, 0x00, 0x00, 0x00, 0x00, 0x00, 0x00, 0x3b, // ...D...L.......;
	0x00, 0x04, 0x00, 0x47, 0x00, 0x00, 0x00, 0x4e, 0x00, 0x00, 0x00, 0x00, 0x00, 0x00, 0x00, 0x15, // ...G...N........
	0x00, 0x04, 0x00, 0x51, 0x00, 0x00, 0x00, 0x20, 0x00, 0x00, 0x00, 0x01, 0x00, 0x00, 0x00, 0x2b, // ...Q... .......+
	0x00, 0x04, 0x00, 0x51, 0x00, 0x00, 0x00, 0x52, 0x00, 0x00, 0x00, 0x01, 0x00, 0x00, 0x00, 0x2b, // ...Q...R.......+
	0x00, 0x04, 0x00, 0x51, 0x00, 0x00, 0x00, 0x56, 0x00, 0x00, 0x00, 0x00, 0x00, 0x00, 0x00, 0x1b, // ...Q...V........
	0x00, 0x03, 0x00, 0x5a, 0x00, 0x00, 0x00, 0x08, 0x00, 0x00, 0x00, 0x2b, 0x00, 0x04, 0x00, 0x07, // ...Z.......+....
	0x00, 0x00, 0x00, 0x71, 0x00, 0x00, 0x00, 0x00, 0x00, 0x80, 0x3f, 0x2b, 0x00, 0x04, 0x00, 0x07, // ...q......?+....
	0x00, 0x00, 0x00, 0x7b, 0x00, 0x00, 0x00, 0x00, 0x00, 0x00, 0x00, 0x2c, 0x00, 0x07, 0x00, 0x0d, // ...{.......,....
	0x00, 0x00, 0x00, 0x7c, 0x00, 0x00, 0x00, 0x7b, 0x00, 0x00, 0x00, 0x7b, 0x00, 0x00, 0x00, 0x7b, // ...|...{...{...{
	0x00, 0x00, 0x00, 0x7b, 0x00, 0x00, 0x00, 0x2b, 0x00, 0x04, 0x00, 0x07, 0x00, 0x00, 0x00, 0x88, // ...{...+........
	0x00, 0x00, 0x00, 0x00, 0x00, 0x00, 0x3f, 0x2c, 0x00, 0x07, 0x00, 0x0d, 0x00, 0x00, 0x00, 0x89, // ......?,........
	0x00, 0x00, 0x00, 0x88, 0x00, 0x00, 0x00, 0x88, 0x00, 0x00, 0x00, 0x88, 0x00, 0x00, 0x00, 0x88, // ................
	0x00, 0x00, 0x00, 0x2b, 0x00, 0x04, 0x00, 0x07, 0x00, 0x00, 0x00, 0x8f, 0x00, 0x00, 0x00, 0x00, // ...+............
	0x00, 0x00, 0x40, 0x2b, 0x00, 0x04, 0x00, 0x51, 0x00, 0x00, 0x00, 0xad, 0x00, 0x00, 0x00, 0x08, // ..@+...Q........
	0x00, 0x00, 0x00, 0x14, 0x00, 0x02, 0x00, 0xae, 0x00, 0x00, 0x00, 0x15, 0x00, 0x04, 0x00, 0xb1, // ................
	0x00, 0x00, 0x00, 0x20, 0x00, 0x00, 0x00, 0x00, 0x00, 0x00, 0x00, 0x2b, 0x00, 0x04, 0x00, 0xb1, // ... .......+....
	0x00, 0x00, 0x00, 0xb2, 0x00, 0x00, 0x00, 0x08, 0x00, 0x00, 0x00, 0x1c, 0x00, 0x04, 0x00, 0xb3, // ................
	0x00, 0x00, 0x00, 0x0d, 0x00, 0x00, 0x00, 0xb2, 0x00, 0x00, 0x00, 0x1e, 0x00, 0x07, 0x00, 0xb4, // ................
	0x00, 0x00, 0x00, 0xb3, 0x00, 0x00, 0x00, 0x0d, 0x00, 0x00, 0x00, 0x0d, 0x00, 0x00, 0x00, 0x0d, // ................
	0x00, 0x00, 0x00, 0x0d, 0x00, 0x00, 0x00, 0x20, 0x00, 0x04, 0x00, 0xb5, 0x00, 0x00, 0x00, 0x02, // ....... ........
	0x00, 0x00, 0x00, 0xb4, 0x00, 0x00, 0x00, 0x3b, 0x00, 0x04, 0x00, 0xb5, 0x00, 0x00, 0x00, 0xb6, // .......;........
	0x00, 0x00, 0x00, 0x02, 0x00, 0x00, 0x00, 0x2b, 0x00, 0x04, 0x00, 0xb1, 0x00, 0x00, 0x00, 0xb8, // .......+........
	0x00, 0x00, 0x00, 0x03, 0x00, 0x00, 0x00, 0x20, 0x00, 0x04, 0x00, 0xb9, 0x00, 0x00, 0x00, 0x02, // ....... ........
	0x00, 0x00, 0x00, 0x07, 0x00, 0x00, 0x00, 0x20, 0x00, 0x04, 0x00, 0xc4, 0x00, 0x00, 0x00, 0x02, // ....... ........
	0x00, 0x00, 0x00, 0x0d, 0x00, 0x00, 0x00, 0x2b, 0x00, 0x04, 0x00, 0x07, 0x00, 0x00, 0x00, 0xe5, // .......+........
	0x00, 0x00, 0x00, 0x00, 0x00, 0xa0, 0x40, 0x2b, 0x00, 0x04, 0x00, 0xb1, 0x00, 0x00, 0x00, 0xed, // ......@+........
	0x00, 0x00, 0x00, 0x00, 0x00, 0x00, 0x00, 0x2b, 0x00, 0x04, 0x00, 0xb1, 0x00, 0x00, 0x00, 0xf3, // .......+........
	0x00, 0x00, 0x00, 0x01, 0x00, 0x00, 0x00, 0x2b, 0x00, 0x04, 0x00, 0x07, 0x00, 0x00, 0x00, 0x00, // .......+........
	0x01, 0x00, 0x00, 0x66, 0x66, 0x66, 0xbf, 0x2b, 0x00, 0x04, 0x00, 0x07, 0x00, 0x00, 0x00, 0x01, // ...fff.+........
	0x01, 0x00, 0x00, 0x66, 0x66, 0x66, 0x3f, 0x2b, 0x00, 0x04, 0x00, 0x51, 0x00, 0x00, 0x00, 0x18, // ...fff?+...Q....
	0x01, 0x00, 0x00, 0x03, 0x00, 0x00, 0x00, 0x2b, 0x00, 0x04, 0x00, 0xb1, 0x00, 0x00, 0x00, 0x19, // .......+........
	0x01, 0x00, 0x00, 0x02, 0x00, 0x00, 0x00, 0x2b, 0x00, 0x04, 0x00, 0x51, 0x00, 0x00, 0x00, 0x27, // .......+...Q...'
	0x01, 0x00, 0x00, 0x02, 0x00, 0x00, 0x00, 0x2b, 0x00, 0x04, 0x00, 0x07, 0x00, 0x00, 0x00, 0x63, // .......+.......c
	0x01, 0x00, 0x00, 0x00, 0x00, 0x40, 0x40, 0x2b, 0x00, 0x04, 0x00, 0x07, 0x00, 0x00, 0x00, 0x82, // .....@@+........
	0x01, 0x00, 0x00, 0x00, 0x00, 0x80, 0x40, 0x2b, 0x00, 0x04, 0x00, 0x51, 0x00, 0x00, 0x00, 0x8d, // ......@+...Q....
	0x01, 0x00, 0x00, 0x04, 0x00, 0x00, 0x00, 0x20, 0x00, 0x04, 0x00, 0xeb, 0x01, 0x00, 0x00, 0x01, // ....... ........
	0x00, 0x00, 0x00, 0x33, 0x00, 0x00, 0x00, 0x3b, 0x00, 0x04, 0x00, 0xeb, 0x01, 0x00, 0x00, 0xec, // ...3...;........
	0x01, 0x00, 0x00, 0x01, 0x00, 0x00, 0x00, 0x20, 0x00, 0x04, 0x00, 0xef, 0x01, 0x00, 0x00, 0x01, // ....... ........
	0x00, 0x00, 0x00, 0x0b, 0x00, 0x00, 0x00, 0x3b, 0x00, 0x04, 0x00, 0xef, 0x01, 0x00, 0x00, 0xf0, // .......;........
	0x01, 0x00, 0x00, 0x01, 0x00, 0x00, 0x00, 0x20, 0x00, 0x04, 0x00, 0xfc, 0x01, 0x00, 0x00, 0x03, // ....... ........
	0x00, 0x00, 0x00, 0x0d, 0x00, 0x00, 0x00, 0x3b, 0x00, 0x04, 0x00, 0xfc, 0x01, 0x00, 0x00, 0xfd, // .......;........
	0x01, 0x00, 0x00, 0x03, 0x00, 0x00, 0x00, 0x2a, 0x00, 0x03, 0x00, 0xae, 0x00, 0x00, 0x00, 0x13, // .......*........
	0x02, 0x00, 0x00, 0x29, 0x00, 0x03, 0x00, 0xae, 0x00, 0x00, 0x00, 0x16, 0x02, 0x00, 0x00, 0x2c, // ...)...........,
	0x00, 0x07, 0x00, 0x0d, 0x00, 0x00, 0x00, 0xc1, 0x03, 0x00, 0x00, 0x71, 0x00, 0x00, 0x00, 0x71, // ...........q...q
	0x00, 0x00, 0x00, 0x71, 0x00, 0x00, 0x00, 0x71, 0x00, 0x00, 0x00, 0x01, 0x00, 0x03, 0x00, 0x0d, // ...q...q........
	0x00, 0x00, 0x00, 0xc4, 0x03, 0x00, 0x00, 0x01, 0x00, 0x03, 0x00, 0x07, 0x00, 0x00, 0x00, 0xe1, // ................
	0x03, 0x00, 0x00, 0x36, 0x00, 0x05, 0x00, 0x02, 0x00, 0x00, 0x00, 0x04, 0x00, 0x00, 0x00, 0x00, // ...6............
	0x00, 0x00, 0x00, 0x03, 0x00, 0x00, 0x00, 0xf8, 0x00, 0x02, 0x00, 0x05, 0x00, 0x00, 0x00, 0x3d, // ...............=
	0x00, 0x04, 0x00, 0x06, 0x00, 0x00, 0x00, 0x46, 0x00, 0x00, 0x00, 0x45, 0x00, 0x00, 0x00, 0x3d, // .......F...E...=
	0x00, 0x04, 0x00, 0x08, 0x00, 0x00, 0x00, 0x49, 0x00, 0x00, 0x00, 0x48, 0x00, 0x00, 0x00, 0x3d, // .......I...H...=
	0x00, 0x04, 0x00, 0x06, 0x00, 0x00, 0x00, 0x4d, 0x00, 0x00, 0x00, 0x4c, 0x00, 0x00, 0x00, 0x3d, // .......M...L...=
	0x00, 0x04, 0x00, 0x08, 0x00, 0x00, 0x00, 0x4f, 0x00, 0x00, 0x00, 0x4e, 0x00, 0x00, 0x00, 0x3d, // .......O...N...=
	0x00, 0x04, 0x00, 0x33, 0x00, 0x00, 0x00, 0xed, 0x01, 0x00, 0x00, 0xec, 0x01, 0x00, 0x00, 0x3d, // ...3...........=
	0x00, 0x04, 0x00, 0x0b, 0x00, 0x00, 0x00, 0xf1, 0x01, 0x00, 0x00, 0xf0, 0x01, 0x00, 0x00, 0xf7, // ................
	0x00, 0x03, 0x00, 0xea, 0x02, 0x00, 0x00, 0x00, 0x00, 0x00, 0x00, 0xfb, 0x00, 0x03, 0x00, 0xed, // ................
	0x00, 0x00, 0x00, 0x3b, 0x02, 0x00, 0x00, 0xf8, 0x00, 0x02, 0x00, 0x3b, 0x02, 0x00, 0x00, 0x41, // ...;.......;...A
	0x00, 0x06, 0x00, 0xb9, 0x00, 0x00, 0x00, 0x3d, 0x02, 0x00, 0x00, 0xb6, 0x00, 0x00, 0x00, 0x18, // .......=........
	0x01, 0x00, 0x00, 0x19, 0x01, 0x00, 0x00, 0x3d, 0x00, 0x04, 0x00, 0x07, 0x00, 0x00, 0x00, 0x3e, // .......=.......>
	0x02, 0x00, 0x00, 0x3d, 0x02, 0x00, 0x00, 0xb8, 0x00, 0x05, 0x00, 0xae, 0x00, 0x00, 0x00, 0x3f, // ...=...........?
	0x02, 0x00, 0x00, 0x3e, 0x02, 0x00, 0x00, 0x8f, 0x00, 0x00, 0x00, 0xf7, 0x00, 0x03, 0x00, 0x4c, // ...>...........L
	0x02, 0x00, 0x00, 0x02, 0x00, 0x00, 0x00, 0xfa, 0x00, 0x04, 0x00, 0x3f, 0x02, 0x00, 0x00, 0x40, // ...........?...@
	0x02, 0x00, 0x00, 0x4c, 0x02, 0x00, 0x00, 0xf8, 0x00, 0x02, 0x00, 0x40, 0x02, 0x00, 0x00, 0x56, // ...L.......@...V
	0x00, 0x05, 0x00, 0x5a, 0x00, 0x00, 0x00, 0xf5, 0x02, 0x00, 0x00, 0x49, 0x00, 0x00, 0x00, 0x46, // ...Z.......I...F
	0x00, 0x00, 0x00, 0x57, 0x00, 0x05, 0x00, 0x0d, 0x00, 0x00, 0x00, 0xf7, 0x02, 0x00, 0x00, 0xf5, // ...W............
	0x02, 0x00, 0x00, 0xf1, 0x01, 0x00, 0x00, 0x51, 0x00, 0x05, 0x00, 0x07, 0x00, 0x00, 0x00, 0x45, // .......Q.......E
	0x02, 0x00, 0x00, 0xf7, 0x02, 0x00, 0x00, 0x03, 0x00, 0x00, 0x00, 0x41, 0x00, 0x06, 0x00, 0xb9, // ...........A....
	0x00, 0x00, 0x00, 0x46, 0x02, 0x00, 0x00, 0xb6, 0x00, 0x00, 0x00, 0x27, 0x01, 0x00, 0x00, 0xed, // ...F.......'....
	0x00, 0x00, 0x00, 0x3d, 0x00, 0x04, 0x00, 0x07, 0x00, 0x00, 0x00, 0x47, 0x02, 0x00, 0x00, 0x46, // ...=.......G...F
	0x02, 0x00, 0x00, 0xbc, 0x00, 0x05, 0x00, 0xae, 0x00, 0x00, 0x00, 0x48, 0x02, 0x00, 0x00, 0x45, // ...........H...E
	0x02, 0x00, 0x00, 0x47, 0x02, 0x00, 0x00, 0xf7, 0x00, 0x03, 0x00, 0x4b, 0x02, 0x00, 0x00, 0x00, // ...G.......K....
	0x00, 0x00, 0x00, 0xfa, 0x00, 0x04, 0x00, 0x48, 0x02, 0x00, 0x00, 0x49, 0x02, 0x00, 0x00, 0x4b, // .......H...I...K
	0x02, 0x00, 0x00, 0xf8, 0x00, 0x02, 0x00, 0x49, 0x02, 0x00, 0x00, 0xf9, 0x00, 0x02, 0x00, 0xea, // .......I........
	0x02, 0x00, 0x00, 0xf8, 0x00, 0x02, 0x00, 0x4b, 0x02, 0x00, 0x00, 0xf9, 0x00, 0x02, 0x00, 0x4c, // .......K.......L
	0x02, 0x00, 0x00, 0xf8, 0x00, 0x02, 0x00, 0x4c, 0x02, 0x00, 0x00, 0xf5, 0x00, 0x07, 0x00, 0x0d, // .......L........
	0x00, 0x00, 0x00, 0xc3, 0x03, 0x00, 0x00, 0xc4, 0x03, 0x00, 0x00, 0x3b, 0x02, 0x00, 0x00, 0xf7, // ...........;....
	0x02, 0x00, 0x00, 0x4b, 0x02, 0x00, 0x00, 0xb4, 0x00, 0x05, 0x00, 0xae, 0x00, 0x00, 0x00, 0x4f, // ...K...........O
	0x02, 0x00, 0x00, 0x3e, 0x02, 0x00, 0x00, 0x71, 0x00, 0x00, 0x00, 0xf7, 0x00, 0x03, 0x00, 0x5c, // ...>...q........
	0x02, 0x00, 0x00, 0x02, 0x00, 0x00, 0x00, 0xfa, 0x00, 0x04, 0x00, 0x4f, 0x02, 0x00, 0x00, 0x50, // ...........O...P
	0x02, 0x00, 0x00, 0x5c, 0x02, 0x00, 0x00, 0xf8, 0x00, 0x02, 0x00, 0x50, 0x02, 0x00, 0x00, 0x56, // ...........P...V
	0x00, 0x05, 0x00, 0x5a, 0x00, 0x00, 0x00, 0x02, 0x03, 0x00, 0x00, 0x4f, 0x00, 0x00, 0x00, 0x4d, // ...Z.......O...M
	0x00, 0x00, 0x00, 0x57, 0x00, 0x05, 0x00, 0x0d, 0x00, 0x00, 0x00, 0x04, 0x03, 0x00, 0x00, 0x02, // ...W............
	0x03, 0x00, 0x00, 0xf1, 0x01, 0x00, 0x00, 0x51, 0x00, 0x05, 0x00, 0x07, 0x00, 0x00, 0x00, 0x55, // .......Q.......U
	0x02, 0x00, 0x00, 0x04, 0x03, 0x00, 0x00, 0x03, 0x00, 0x00, 0x00, 0x41, 0x00, 0x06, 0x00, 0xb9, // ...........A....
	0x00, 0x00, 0x00, 0x56, 0x02, 0x00, 0x00, 0xb6, 0x00, 0x00, 0x00, 0x27, 0x01, 0x00, 0x00, 0xf3, // ...V.......'....
	0x00, 0x00, 0x00, 0x3d, 0x00, 0x04, 0x00, 0x07, 0x00, 0x00, 0x00, 0x57, 0x02, 0x00, 0x00, 0x56, // ...=.......W...V
	0x02, 0x00, 0x00, 0xbc, 0x00, 0x05, 0x00, 0xae, 0x00, 0x00, 0x00, 0x58, 0x02, 0x00, 0x00, 0x55, // ...........X...U
	0x02, 0x00, 0x00, 0x57, 0x02, 0x00, 0x00, 0xf7, 0x00, 0x03, 0x00, 0x5b, 0x02, 0x00, 0x00, 0x00, // ...W.......[....
	0x00, 0x00, 0x00, 0xfa, 0x00, 0x04, 0x00, 0x58, 0x02, 0x00, 0x00, 0x59, 0x02, 0x00, 0x00, 0x5b, // .......X...Y...[
	0x02, 0x00, 0x00, 0xf8, 0x00, 0x02, 0x00, 0x59, 0x02, 0x00, 0x00, 0xf9, 0x00, 0x02, 0x00, 0xea, // .......Y........
	0x02, 0x00, 0x00, 0xf8, 0x00, 0x02, 0x00, 0x5b, 0x02, 0x00, 0x00, 0xf9, 0x00, 0x02, 0x00, 0x5c, // .......[........
	0x02, 0x00, 0x00, 0xf8, 0x00, 0x02, 0x00, 0x5c, 0x02, 0x00, 0x00, 0xf5, 0x00, 0x07, 0x00, 0x0d, // ................
	0x00, 0x00, 0x00, 0xc7, 0x03, 0x00, 0x00, 0xc4, 0x03, 0x00, 0x00, 0x4c, 0x02, 0x00, 0x00, 0x04, // ...........L....
	0x03, 0x00, 0x00, 0x5b, 0x02, 0x00, 0x00, 0x41, 0x00, 0x05, 0x00, 0xc4, 0x00, 0x00, 0x00, 0x5d, // ...[...A.......]
	0x02, 0x00, 0x00, 0xb6, 0x00, 0x00, 0x00, 0x52, 0x00, 0x00, 0x00, 0x3d, 0x00, 0x04, 0x00, 0x0d, // .......R...=....
	0x00, 0x00, 0x00, 0x5e, 0x02, 0x00, 0x00, 0x5d, 0x02, 0x00, 0x00, 0xb4, 0x00, 0x05, 0x00, 0xae, // ...^...]........
	0x00, 0x00, 0x00, 0x61, 0x02, 0x00, 0x00, 0x3e, 0x02, 0x00, 0x00, 0x7b, 0x00, 0x00, 0x00, 0xf7, // ...a...>...{....
	0x00, 0x03, 0x00, 0x66, 0x02, 0x00, 0x00, 0x00, 0x00, 0x00, 0x00, 0xfa, 0x00, 0x04, 0x00, 0x61, // ...f...........a
	0x02, 0x00, 0x00, 0x62, 0x02, 0x00, 0x00, 0x66, 0x02, 0x00, 0x00, 0xf8, 0x00, 0x02, 0x00, 0x62, // ...b...f.......b
	0x02, 0x00, 0x00, 0x85, 0x00, 0x05, 0x00, 0x0d, 0x00, 0x00, 0x00, 0x65, 0x02, 0x00, 0x00, 0x5e, // ...........e...^
	0x02, 0x00, 0x00, 0xc3, 0x03, 0x00, 0x00, 0xf9, 0x00, 0x02, 0x00, 0x66, 0x02, 0x00, 0x00, 0xf8, // ...........f....
	0x00, 0x02, 0x00, 0x66, 0x02, 0x00, 0x00, 0xf5, 0x00, 0x07, 0x00, 0x0d, 0x00, 0x00, 0x00, 0xc9, // ...f............
	0x03, 0x00, 0x00, 0x5e, 0x02, 0x00, 0x00, 0x5c, 0x02, 0x00, 0x00, 0x65, 0x02, 0x00, 0x00, 0x62, // ...^.......e...b
	0x02, 0x00, 0x00, 0xf7, 0x00, 0x03, 0x00, 0x97, 0x02, 0x00, 0x00, 0x02, 0x00, 0x00, 0x00, 0xfa, // ................
	0x00, 0x04, 0x00, 0x4f, 0x02, 0x00, 0x00, 0x6a, 0x02, 0x00, 0x00, 0x97, 0x02, 0x00, 0x00, 0xf8, // ...O...j........
	0x00, 0x02, 0x00, 0x6a, 0x02, 0x00, 0x00, 0x41, 0x00, 0x06, 0x00, 0xb9, 0x00, 0x00, 0x00, 0x6b, // ...j...A.......k
	0x02, 0x00, 0x00, 0xb6, 0x00, 0x00, 0x00, 0x27, 0x01, 0x00, 0x00, 0x19, 0x01, 0x00, 0x00, 0x3d, // .......'.......=
	0x00, 0x04, 0x00, 0x07, 0x00, 0x00, 0x00, 0x6c, 0x02, 0x00, 0x00, 0x6b, 0x02, 0x00, 0x00, 0xb4, // .......l...k....
	0x00, 0x05, 0x00, 0xae, 0x00, 0x00, 0x00, 0x6d, 0x02, 0x00, 0x00, 0x6c, 0x02, 0x00, 0x00, 0x8f, // .......m...l....
	0x00, 0x00, 0x00, 0xf7, 0x00, 0x03, 0x00, 0x74, 0x02, 0x00, 0x00, 0x02, 0x00, 0x00, 0x00, 0xfa, // .......t........
	0x00, 0x04, 0x00, 0x6d, 0x02, 0x00, 0x00, 0x6e, 0x02, 0x00, 0x00, 0x74, 0x02, 0x00, 0x00, 0xf8, // ...m...n...t....
	0x00, 0x02, 0x00, 0x6e, 0x02, 0x00, 0x00, 0x0c, 0x00, 0x07, 0x00, 0x0d, 0x00, 0x00, 0x00, 0x10, // ...n............
	0x03, 0x00, 0x00, 0x01, 0x00, 0x00, 0x00, 0x30, 0x00, 0x00, 0x00, 0x89, 0x00, 0x00, 0x00, 0xc3, // .......0........
	0x03, 0x00, 0x00, 0x85, 0x00, 0x05, 0x00, 0x0d, 0x00, 0x00, 0x00, 0x13, 0x03, 0x00, 0x00, 0xc3, // ................
	0x03, 0x00, 0x00, 0xc7, 0x03, 0x00, 0x00, 0x8e, 0x00, 0x05, 0x00, 0x0d, 0x00, 0x00, 0x00, 0x14, // ................
	0x03, 0x00, 0x00, 0x13, 0x03, 0x00, 0x00, 0x8f, 0x00, 0x00, 0x00, 0x83, 0x00, 0x05, 0x00, 0x0d, // ................
	0x00, 0x00, 0x00, 0x17, 0x03, 0x00, 0x00, 0xc1, 0x03, 0x00, 0x00, 0xc3, 0x03, 0x00, 0x00, 0x8e, // ................
	0x00, 0x05, 0x00, 0x0d, 0x00, 0x00, 0x00, 0x18, 0x03, 0x00, 0x00, 0x17, 0x03, 0x00, 0x00, 0x8f, // ................
	0x00, 0x00, 0x00, 0x83, 0x00, 0x05, 0x00, 0x0d, 0x00, 0x00, 0x00, 0x1b, 0x03, 0x00, 0x00, 0xc1, // ................
	0x03, 0x00, 0x00, 0xc7, 0x03, 0x00, 0x00, 0x85, 0x00, 0x05, 0x00, 0x0d, 0x00, 0x00, 0x00, 0x1c, // ................
	0x03, 0x00, 0x00, 0x18, 0x03, 0x00, 0x00, 0x1b, 0x03, 0x00, 0x00, 0x83, 0x00, 0x05, 0x00, 0x0d, // ................
	0x00, 0x00, 0x00, 0x1e, 0x03, 0x00, 0x00, 0xc1, 0x03, 0x00, 0x00, 0x1c, 0x03, 0x00, 0x00, 0x0c, // ................
	0x00, 0x08, 0x00, 0x0d, 0x00, 0x00, 0x00, 0x28, 0x03, 0x00, 0x00, 0x01, 0x00, 0x00, 0x00, 0x2e, // .......(........
	0x00, 0x00, 0x00, 0x14, 0x03, 0x00, 0x00, 0x1e, 0x03, 0x00, 0x00, 0x10, 0x03, 0x00, 0x00, 0x0c, // ................
	0x00, 0x07, 0x00, 0x0d, 0x00, 0x00, 0x00, 0x21, 0x03, 0x00, 0x00, 0x01, 0x00, 0x00, 0x00, 0x28, // .......!.......(
	0x00, 0x00, 0x00, 0x28, 0x03, 0x00, 0x00, 0x7c, 0x00, 0x00, 0x00, 0x85, 0x00, 0x05, 0x00, 0x0d, // ...(...|........
	0x00, 0x00, 0x00, 0x73, 0x02, 0x00, 0x00, 0xc9, 0x03, 0x00, 0x00, 0x21, 0x03, 0x00, 0x00, 0xf9, // ...s.......!....
	0x00, 0x02, 0x00, 0x74, 0x02, 0x00, 0x00, 0xf8, 0x00, 0x02, 0x00, 0x74, 0x02, 0x00, 0x00, 0xf5, // ...t.......t....
	0x00, 0x07, 0x00, 0x0d, 0x00, 0x00, 0x00, 0xcc, 0x03, 0x00, 0x00, 0xc9, 0x03, 0x00, 0x00, 0x6a, // ...............j
	0x02, 0x00, 0x00, 0x73, 0x02, 0x00, 0x00, 0x6e, 0x02, 0x00, 0x00, 0xb4, 0x00, 0x05, 0x00, 0xae, // ...s...n........
	0x00, 0x00, 0x00, 0x77, 0x02, 0x00, 0x00, 0x6c, 0x02, 0x00, 0x00, 0x63, 0x01, 0x00, 0x00, 0xf7, // ...w...l...c....
	0x00, 0x03, 0x00, 0x80, 0x02, 0x00, 0x00, 0x00, 0x00, 0x00, 0x00, 0xfa, 0x00, 0x04, 0x00, 0x77, // ...............w
	0x02, 0x00, 0x00, 0x78, 0x02, 0x00, 0x00, 0x80, 0x02, 0x00, 0x00, 0xf8, 0x00, 0x02, 0x00, 0x78, // ...x...........x
	0x02, 0x00, 0x00, 0x41, 0x00, 0x06, 0x00, 0xb9, 0x00, 0x00, 0x00, 0x7b, 0x02, 0x00, 0x00, 0xb6, // ...A.......{....
	0x00, 0x00, 0x00, 0x18, 0x01, 0x00, 0x00, 0xed, 0x00, 0x00, 0x00, 0x3d, 0x00, 0x04, 0x00, 0x07, // ...........=....
	0x00, 0x00, 0x00, 0x7c, 0x02, 0x00, 0x00, 0x7b, 0x02, 0x00, 0x00, 0x85, 0x00, 0x05, 0x00, 0x0d, // ...|...{........
	0x00, 0x00, 0x00, 0x2d, 0x03, 0x00, 0x00, 0xc3, 0x03, 0x00, 0x00, 0xc7, 0x03, 0x00, 0x00, 0x8e, // ...-............
	0x00, 0x05, 0x00, 0x0d, 0x00, 0x00, 0x00, 0x2f, 0x03, 0x00, 0x00, 0x2d, 0x03, 0x00, 0x00, 0x7c, // ......./...-...|
	0x02, 0x00, 0x00, 0x85, 0x00, 0x05, 0x00, 0x0d, 0x00, 0x00, 0x00, 0x7f, 0x02, 0x00, 0x00, 0xcc, // ................
	0x03, 0x00, 0x00, 0x2f, 0x03, 0x00, 0x00, 0xf9, 0x00, 0x02, 0x00, 0x80, 0x02, 0x00, 0x00, 0xf8, // .../............
	0x00, 0x02, 0x00, 0x80, 0x02, 0x00, 0x00, 0xf5, 0x00, 0x07, 0x00, 0x0d, 0x00, 0x00, 0x00, 0xcf, // ................
	0x03, 0x00, 0x00, 0xcc, 0x03, 0x00, 0x00, 0x74, 0x02, 0x00, 0x00, 0x7f, 0x02, 0x00, 0x00, 0x78, // .......t.......x
	0x02, 0x00, 0x00, 0xb4, 0x00, 0x05, 0x00, 0xae, 0x00, 0x00, 0x00, 0x83, 0x02, 0x00, 0x00, 0x6c, // ...............l
	0x02, 0x00, 0x00, 0x71, 0x00, 0x00, 0x00, 0xf7, 0x00, 0x03, 0x00, 0x8c, 0x02, 0x00, 0x00, 0x00, // ...q............
	0x00, 0x00, 0x00, 0xfa, 0x00, 0x04, 0x00, 0x83, 0x02, 0x00, 0x00, 0x84, 0x02, 0x00, 0x00, 0x8c, // ................
	0x02, 0x00, 0x00, 0xf8, 0x00, 0x02, 0x00, 0x84, 0x02, 0x00, 0x00, 0x41, 0x00, 0x06, 0x00, 0xb9, // ...........A....
	0x00, 0x00, 0x00, 0x87, 0x02, 0x00, 0x00, 0xb6, 0x00, 0x00, 0x00, 0x18, 0x01, 0x00, 0x00, 0xed, // ................
	0x00, 0x00, 0x00, 0x3d, 0x00, 0x04, 0x00, 0x07, 0x00, 0x00, 0x00, 0x88, 0x02, 0x00, 0x00, 0x87, // ...=............
	0x02, 0x00, 0x00, 0x8e, 0x00, 0x05, 0x00, 0x0d, 0x00, 0x00, 0x00, 0x35, 0x03, 0x00, 0x00, 0xc7, // ...........5....
	0x03, 0x00, 0x00, 0x88, 0x02, 0x00, 0x00, 0x81, 0x00, 0x05, 0x00, 0x0d, 0x00, 0x00, 0x00, 0x36, // ...............6
	0x03, 0x00, 0x00, 0xc3, 0x03, 0x00, 0x00, 0x35, 0x03, 0x00, 0x00, 0x85, 0x00, 0x05, 0x00, 0x0d, // .......5........
	0x00, 0x00, 0x00, 0x8b, 0x02, 0x00, 0x00, 0xcf, 0x03, 0x00, 0x00, 0x36, 0x03, 0x00, 0x00, 0xf9, // ...........6....
	0x00, 0x02, 0x00, 0x8c, 0x02, 0x00, 0x00, 0xf8, 0x00, 0x02, 0x00, 0x8c, 0x02, 0x00, 0x00, 0xf5, // ................
	0x00, 0x07, 0x00, 0x0d, 0x00, 0x00, 0x00, 0xd2, 0x03, 0x00, 0x00, 0xcf, 0x03, 0x00, 0x00, 0x80, // ................
	0x02, 0x00, 0x00, 0x8b, 0x02, 0x00, 0x00, 0x84, 0x02, 0x00, 0x00, 0xb4, 0x00, 0x05, 0x00, 0xae, // ................
	0x00, 0x00, 0x00, 0x8f, 0x02, 0x00, 0x00, 0x6c, 0x02, 0x00, 0x00, 0x82, 0x01, 0x00, 0x00, 0xf7, // .......l........
	0x00, 0x03, 0x00, 0x96, 0x02, 0x00, 0x00, 0x00, 0x00, 0x00, 0x00, 0xfa, 0x00, 0x04, 0x00, 0x8f, // ................
	0x02, 0x00, 0x00, 0x90, 0x02, 0x00, 0x00, 0x96, 0x02, 0x00, 0x00, 0xf8, 0x00, 0x02, 0x00, 0x90, // ................
	0x02, 0x00, 0x00, 0x83, 0x00, 0x05, 0x00, 0x0d, 0x00, 0x00, 0x00, 0x3b, 0x03, 0x00, 0x00, 0xc1, // ...........;....
	0x03, 0x00, 0x00, 0xc3, 0x03, 0x00, 0x00, 0x83, 0x00, 0x05, 0x00, 0x0d, 0x00, 0x00, 0x00, 0x3e, // ...............>
	0x03, 0x00, 0x00, 0xc1, 0x03, 0x00, 0x00, 0xc7, 0x03, 0x00, 0x00, 0x85, 0x00, 0x05, 0x00, 0x0d, // ................
	0x00, 0x00, 0x00, 0x3f, 0x03, 0x00, 0x00, 0x3b, 0x03, 0x00, 0x00, 0x3e, 0x03, 0x00, 0x00, 0x83, // ...?...;...>....
	0x00, 0x05, 0x00, 0x0d, 0x00, 0x00, 0x00, 0x41, 0x03, 0x00, 0x00, 0xc1, 0x03, 0x00, 0x00, 0x3f, // .......A.......?
	0x03, 0x00, 0x00, 0x0c, 0x00, 0x07, 0x00, 0x0d, 0x00, 0x00, 0x00, 0x42, 0x03, 0x00, 0x00, 0x01, // ...........B....
	0x00, 0x00, 0x00, 0x28, 0x00, 0x00, 0x00, 0x41, 0x03, 0x00, 0x00, 0x7c, 0x00, 0x00, 0x00, 0x85, // ...(...A...|....
	0x00, 0x05, 0x00, 0x0d, 0x00, 0x00, 0x00, 0x95, 0x02, 0x00, 0x00, 0xd2, 0x03, 0x00, 0x00, 0x42, // ...............B
	0x03, 0x00, 0x00, 0xf9, 0x00, 0x02, 0x00, 0x96, 0x02, 0x00, 0x00, 0xf8, 0x00, 0x02, 0x00, 0x96, // ................
	0x02, 0x00, 0x00, 0xf5, 0x00, 0x07, 0x00, 0x0d, 0x00, 0x00, 0x00, 0xeb, 0x03, 0x00, 0x00, 0xd2, // ................
	0x03, 0x00, 0x00, 0x8c, 0x02, 0x00, 0x00, 0x95, 0x02, 0x00, 0x00, 0x90, 0x02, 0x00, 0x00, 0xf9, // ................
	0x00, 0x02, 0x00, 0x97, 0x02, 0x00, 0x00, 0xf8, 0x00, 0x02, 0x00, 0x97, 0x02, 0x00, 0x00, 0xf5, // ................
	0x00, 0x07, 0x00, 0x0d, 0x00, 0x00, 0x00, 0xea, 0x03, 0x00, 0x00, 0xc9, 0x03, 0x00, 0x00, 0x66, // ...............f
	0x02, 0x00, 0x00, 0xeb, 0x03, 0x00, 0x00, 0x96, 0x02, 0x00, 0x00, 0x41, 0x00, 0x06, 0x00, 0xb9, // ...........A....
	0x00, 0x00, 0x00, 0x98, 0x02, 0x00, 0x00, 0xb6, 0x00, 0x00, 0x00, 0x8d, 0x01, 0x00, 0x00, 0xb8, // ................
	0x00, 0x00, 0x00, 0x3d, 0x00, 0x04, 0x00, 0x07, 0x00, 0x00, 0x00, 0x99, 0x02, 0x00, 0x00, 0x98, // ...=............
	0x02, 0x00, 0x00, 0xb7, 0x00, 0x05, 0x00, 0xae, 0x00, 0x00, 0x00, 0x9a, 0x02, 0x00, 0x00, 0x99, // ................
	0x02, 0x00, 0x00, 0x7b, 0x00, 0x00, 0x00, 0xf7, 0x00, 0x03, 0x00, 0xb3, 0x02, 0x00, 0x00, 0x02, // ...{............
	0x00, 0x00, 0x00, 0xfa, 0x00, 0x04, 0x00, 0x9a, 0x02, 0x00, 0x00, 0x9b, 0x02, 0x00, 0x00, 0xb3, // ................
	0x02, 0x00, 0x00, 0xf8, 0x00, 0x02, 0x00, 0x9b, 0x02, 0x00, 0x00, 0x41, 0x00, 0x05, 0x00, 0xc4, // ...........A....
	0x00, 0x00, 0x00, 0x9d, 0x02, 0x00, 0x00, 0xb6, 0x00, 0x00, 0x00, 0x8d, 0x01, 0x00, 0x00, 0x3d, // ...............=
	0x00, 0x04, 0x00, 0x0d, 0x00, 0x00, 0x00, 0x9e, 0x02, 0x00, 0x00, 0x9d, 0x02, 0x00, 0x00, 0x4f, // ...............O
	0x00, 0x08, 0x00, 0x33, 0x00, 0x00, 0x00, 0x9f, 0x02, 0x00, 0x00, 0x9e, 0x02, 0x00, 0x00, 0x9e, // ...3............
	0x02, 0x00, 0x00, 0x00, 0x00, 0x00, 0x00, 0x01, 0x00, 0x00, 0x00, 0x02, 0x00, 0x00, 0x00, 0x83, // ................
	0x00, 0x05, 0x00, 0x33, 0x00, 0x00, 0x00, 0xa0, 0x02, 0x00, 0x00, 0xed, 0x01, 0x00, 0x00, 0x9f, // ...3............
	0x02, 0x00, 0x00, 0x0c, 0x00, 0x06, 0x00, 0x07, 0x00, 0x00, 0x00, 0xa2, 0x02, 0x00, 0x00, 0x01, // ................
	0x00, 0x00, 0x00, 0x42, 0x00, 0x00, 0x00, 0xa0, 0x02, 0x00, 0x00, 0xf7, 0x00, 0x03, 0x00, 0xa7, // ...B............
	0x03, 0x00, 0x00, 0x00, 0x00, 0x00, 0x00, 0xfb, 0x00, 0x03, 0x00, 0xed, 0x00, 0x00, 0x00, 0x52, // ...............R
	0x03, 0x00, 0x00, 0xf8, 0x00, 0x02, 0x00, 0x52, 0x03, 0x00, 0x00, 0xf9, 0x00, 0x02, 0x00, 0x53, // .......R.......S
	0x03, 0x00, 0x00, 0xf8, 0x00, 0x02, 0x00, 0x53, 0x03, 0x00, 0x00, 0xf5, 0x00, 0x07, 0x00, 0x07, // .......S........
	0x00, 0x00, 0x00, 0xd4, 0x03, 0x00, 0x00, 0x71, 0x00, 0x00, 0x00, 0x52, 0x03, 0x00, 0x00, 0xf1, // .......q...R....
	0x03, 0x00, 0x00, 0xa0, 0x03, 0x00, 0x00, 0xf5, 0x00, 0x07, 0x00, 0x51, 0x00, 0x00, 0x00, 0xd3, // ...........Q....
	0x03, 0x00, 0x00, 0x56, 0x00, 0x00, 0x00, 0x52, 0x03, 0x00, 0x00, 0xa2, 0x03, 0x00, 0x00, 0xa0, // ...V...R........
	0x03, 0x00, 0x00, 0xb1, 0x00, 0x05, 0x00, 0xae, 0x00, 0x00, 0x00, 0x56, 0x03, 0x00, 0x00, 0xd3, // ...........V....
	0x03, 0x00, 0x00, 0xad, 0x00, 0x00, 0x00, 0xf6, 0x00, 0x04, 0x00, 0xa3, 0x03, 0x00, 0x00, 0xa0, // ................
	0x03, 0x00, 0x00, 0x00, 0x00, 0x00, 0x00, 0xfa, 0x00, 0x04, 0x00, 0x56, 0x03, 0x00, 0x00, 0x57, // ...........V...W
	0x03, 0x00, 0x00, 0xa3, 0x03, 0x00, 0x00, 0xf8, 0x00, 0x02, 0x00, 0x57, 0x03, 0x00, 0x00, 0x41, // ...........W...A
	0x00, 0x07, 0x00, 0xb9, 0x00, 0x00, 0x00, 0x59, 0x03, 0x00, 0x00, 0xb6, 0x00, 0x00, 0x00, 0x56, // .......Y.......V
	0x00, 0x00, 0x00, 0xd3, 0x03, 0x00, 0x00, 0xb8, 0x00, 0x00, 0x00, 0x3d, 0x00, 0x04, 0x00, 0x07, // ...........=....
	0x00, 0x00, 0x00, 0x5a, 0x03, 0x00, 0x00, 0x59, 0x03, 0x00, 0x00, 0xb4, 0x00, 0x05, 0x00, 0xae, // ...Z...Y........
	0x00, 0x00, 0x00, 0x5c, 0x03, 0x00, 0x00, 0x5a, 0x03, 0x00, 0x00, 0x7b, 0x00, 0x00, 0x00, 0xf7, // .......Z...{....
	0x00, 0x03, 0x00, 0x5f, 0x03, 0x00, 0x00, 0x02, 0x00, 0x00, 0x00, 0xfa, 0x00, 0x04, 0x00, 0x5c, // ..._............
	0x03, 0x00, 0x00, 0x5d, 0x03, 0x00, 0x00, 0x5f, 0x03, 0x00, 0x00, 0xf8, 0x00, 0x02, 0x00, 0x5d, // ...]..._.......]
	0x03, 0x00, 0x00, 0xf9, 0x00, 0x02, 0x00, 0xa3, 0x03, 0x00, 0x00, 0xf8, 0x00, 0x02, 0x00, 0x5f, // ..............._
	0x03, 0x00, 0x00, 0x41, 0x00, 0x06, 0x00, 0xc4, 0x00, 0x00, 0x00, 0x61, 0x03, 0x00, 0x00, 0xb6, // ...A.......a....
	0x00, 0x00, 0x00, 0x56, 0x00, 0x00, 0x00, 0xd3, 0x03, 0x00, 0x00, 0x3d, 0x00, 0x04, 0x00, 0x0d, // ...V.......=....
	0x00, 0x00, 0x00, 0x62, 0x03, 0x00, 0x00, 0x61, 0x03, 0x00, 0x00, 0x4f, 0x00, 0x08, 0x00, 0x33, // ...b...a...O...3
	0x00, 0x00, 0x00, 0x63, 0x03, 0x00, 0x00, 0x62, 0x03, 0x00, 0x00, 0x62, 0x03, 0x00, 0x00, 0x00, // ...c...b...b....
	0x00, 0x00, 0x00, 0x01, 0x00, 0x00, 0x00, 0x02, 0x00, 0x00, 0x00, 0x83, 0x00, 0x05, 0x00, 0x33, // ...............3
	0x00, 0x00, 0x00, 0x66, 0x03, 0x00, 0x00, 0x63, 0x03, 0x00, 0x00, 0x9f, 0x02, 0x00, 0x00, 0x94, // ...f...c........
	0x00, 0x05, 0x00, 0x07, 0x00, 0x00, 0x00, 0x69, 0x03, 0x00, 0x00, 0x66, 0x03, 0x00, 0x00, 0xa0, // .......i...f....
	0x02, 0x00, 0x00, 0x85, 0x00, 0x05, 0x00, 0x07, 0x00, 0x00, 0x00, 0x6c, 0x03, 0x00, 0x00, 0xa2, // ...........l....
	0x02, 0x00, 0x00, 0xa2, 0x02, 0x00, 0x00, 0x88, 0x00, 0x05, 0x00, 0x07, 0x00, 0x00, 0x00, 0x6d, // ...............m
	0x03, 0x00, 0x00, 0x69, 0x03, 0x00, 0x00, 0x6c, 0x03, 0x00, 0x00, 0xba, 0x00, 0x05, 0x00, 0xae, // ...i...l........
	0x00, 0x00, 0x00, 0x6f, 0x03, 0x00, 0x00, 0x6d, 0x03, 0x00, 0x00, 0x7b, 0x00, 0x00, 0x00, 0xb8, // ...o...m...{....
	0x00, 0x05, 0x00, 0xae, 0x00, 0x00, 0x00, 0x71, 0x03, 0x00, 0x00, 0x6d, 0x03, 0x00, 0x00, 0x71, // .......q...m...q
	0x00, 0x00, 0x00, 0xa7, 0x00, 0x05, 0x00, 0xae, 0x00, 0x00, 0x00, 0x72, 0x03, 0x00, 0x00, 0x6f, // ...........r...o
	0x03, 0x00, 0x00, 0x71, 0x03, 0x00, 0x00, 0xf7, 0x00, 0x03, 0x00, 0x9f, 0x03, 0x00, 0x00, 0x02, // ...q............
	0x00, 0x00, 0x00, 0xfa, 0x00, 0x04, 0x00, 0x72, 0x03, 0x00, 0x00, 0x73, 0x03, 0x00, 0x00, 0x9f, // .......r...s....
	0x03, 0x00, 0x00, 0xf8, 0x00, 0x02, 0x00, 0x73, 0x03, 0x00, 0x00, 0x8e, 0x00, 0x05, 0x00, 0x33, // .......s.......3
	0x00, 0x00, 0x00, 0x77, 0x03, 0x00, 0x00, 0xa0, 0x02, 0x00, 0x00, 0x6d, 0x03, 0x00, 0x00, 0x83, // ...w.......m....
	0x00, 0x05, 0x00, 0x33, 0x00, 0x00, 0x00, 0x78, 0x03, 0x00, 0x00, 0x66, 0x03, 0x00, 0x00, 0x77, // ...3...x...f...w
	0x03, 0x00, 0x00, 0x0c, 0x00, 0x06, 0x00, 0x07, 0x00, 0x00, 0x00, 0x7a, 0x03, 0x00, 0x00, 0x01, // ...........z....
	0x00, 0x00, 0x00, 0x42, 0x00, 0x00, 0x00, 0x78, 0x03, 0x00, 0x00, 0x85, 0x00, 0x05, 0x00, 0x07, // ...B...x........
	0x00, 0x00, 0x00, 0x7e, 0x03, 0x00, 0x00, 0xe5, 0x00, 0x00, 0x00, 0x6d, 0x03, 0x00, 0x00, 0x83, // ...~.......m....
	0x00, 0x05, 0x00, 0x07, 0x00, 0x00, 0x00, 0x7f, 0x03, 0x00, 0x00, 0xe5, 0x00, 0x00, 0x00, 0x7e, // ...............~
	0x03, 0x00, 0x00, 0x51, 0x00, 0x05, 0x00, 0x07, 0x00, 0x00, 0x00, 0x81, 0x03, 0x00, 0x00, 0x66, // ...Q...........f
	0x03, 0x00, 0x00, 0x00, 0x00, 0x00, 0x00, 0x85, 0x00, 0x05, 0x00, 0x07, 0x00, 0x00, 0x00, 0x84, // ................
	0x03, 0x00, 0x00, 0x81, 0x03, 0x00, 0x00, 0x81, 0x03, 0x00, 0x00, 0x51, 0x00, 0x05, 0x00, 0x07, // ...........Q....
	0x00, 0x00, 0x00, 0x86, 0x03, 0x00, 0x00, 0x66, 0x03, 0x00, 0x00, 0x01, 0x00, 0x00, 0x00, 0x85, // .......f........
	0x00, 0x05, 0x00, 0x07, 0x00, 0x00, 0x00, 0x89, 0x03, 0x00, 0x00, 0x86, 0x03, 0x00, 0x00, 0x86, // ................
	0x03, 0x00, 0x00, 0x81, 0x00, 0x05, 0x00, 0x07, 0x00, 0x00, 0x00, 0x8a, 0x03, 0x00, 0x00, 0x84, // ................
	0x03, 0x00, 0x00, 0x89, 0x03, 0x00, 0x00, 0x85, 0x00, 0x05, 0x00, 0x07, 0x00, 0x00, 0x00, 0x8d, // ................
	0x03, 0x00, 0x00, 0x5a, 0x03, 0x00, 0x00, 0x5a, 0x03, 0x00, 0x00, 0x88, 0x00, 0x05, 0x00, 0x07, // ...Z...Z........
	0x00, 0x00, 0x00, 0x8e, 0x03, 0x00, 0x00, 0x8a, 0x03, 0x00, 0x00, 0x8d, 0x03, 0x00, 0x00, 0x0c, // ................
	0x00, 0x08, 0x00, 0x07, 0x00, 0x00, 0x00, 0x8f, 0x03, 0x00, 0x00, 0x01, 0x00, 0x00, 0x00, 0x2b, // ...............+
	0x00, 0x00, 0x00, 0x8e, 0x03, 0x00, 0x00, 0x7b, 0x00, 0x00, 0x00, 0x71, 0x00, 0x00, 0x00, 0x83, // .......{...q....
	0x00, 0x05, 0x00, 0x07, 0x00, 0x00, 0x00, 0x93, 0x03, 0x00, 0x00, 0x5a, 0x03, 0x00, 0x00, 0x7f, // ...........Z....
	0x03, 0x00, 0x00, 0x81, 0x00, 0x05, 0x00, 0x07, 0x00, 0x00, 0x00, 0x96, 0x03, 0x00, 0x00, 0x5a, // ...............Z
	0x03, 0x00, 0x00, 0x7f, 0x03, 0x00, 0x00, 0x0c, 0x00, 0x08, 0x00, 0x07, 0x00, 0x00, 0x00, 0x98, // ................
	0x03, 0x00, 0x00, 0x01, 0x00, 0x00, 0x00, 0x31, 0x00, 0x00, 0x00, 0x93, 0x03, 0x00, 0x00, 0x96, // .......1........
	0x03, 0x00, 0x00, 0x7a, 0x03, 0x00, 0x00, 0x85, 0x00, 0x05, 0x00, 0x07, 0x00, 0x00, 0x00, 0x99, // ...z............
	0x03, 0x00, 0x00, 0x01, 0x01, 0x00, 0x00, 0x98, 0x03, 0x00, 0x00, 0x81, 0x00, 0x05, 0x00, 0x07, // ................
	0x00, 0x00, 0x00, 0x9a, 0x03, 0x00, 0x00, 0x00, 0x01, 0x00, 0x00, 0x99, 0x03, 0x00, 0x00, 0x85, // ................
	0x00, 0x05, 0x00, 0x07, 0x00, 0x00, 0x00, 0x9b, 0x03, 0x00, 0x00, 0x8f, 0x03, 0x00, 0x00, 0x9a, // ................
	0x03, 0x00, 0x00, 0x81, 0x00, 0x05, 0x00, 0x07, 0x00, 0x00, 0x00, 0x9c, 0x03, 0x00, 0x00, 0x71, // ...............q
	0x00, 0x00, 0x00, 0x9b, 0x03, 0x00, 0x00, 0x85, 0x00, 0x05, 0x00, 0x07, 0x00, 0x00, 0x00, 0x9e, // ................
	0x03, 0x00, 0x00, 0xd4, 0x03, 0x00, 0x00, 0x9c, 0x03, 0x00, 0x00, 0xf9, 0x00, 0x02, 0x00, 0x9f, // ................
	0x03, 0x00, 0x00, 0xf8, 0x00, 0x02, 0x00, 0x9f, 0x03, 0x00, 0x00, 0xf5, 0x00, 0x07, 0x00, 0x07, // ................
	0x00, 0x00, 0x00, 0xf1, 0x03, 0x00, 0x00, 0xd4, 0x03, 0x00, 0x00, 0x5f, 0x03, 0x00, 0x00, 0x9e, // ..........._....
	0x03, 0x00, 0x00, 0x73, 0x03, 0x00, 0x00, 0xf9, 0x00, 0x02, 0x00, 0xa0, 0x03, 0x00, 0x00, 0xf8, // ...s............
	0x00, 0x02, 0x00, 0xa0, 0x03, 0x00, 0x00, 0x80, 0x00, 0x05, 0x00, 0x51, 0x00, 0x00, 0x00, 0xa2, // ...........Q....
	0x03, 0x00, 0x00, 0xd3, 0x03, 0x00, 0x00, 0x52, 0x00, 0x00, 0x00, 0xf9, 0x00, 0x02, 0x00, 0x53, // .......R.......S
	0x03, 0x00, 0x00, 0xf8, 0x00, 0x02, 0x00, 0xa3, 0x03, 0x00, 0x00, 0xf5, 0x00, 0x07, 0x00, 0x07, // ................
	0x00, 0x00, 0x00, 0xdb, 0x03, 0x00, 0x00, 0xe1, 0x03, 0x00, 0x00, 0x53, 0x03, 0x00, 0x00, 0xd4, // ...........S....
	0x03, 0x00, 0x00, 0x5d, 0x03, 0x00, 0x00, 0xf5, 0x00, 0x07, 0x00, 0xae, 0x00, 0x00, 0x00, 0xd6, // ...]............
	0x03, 0x00, 0x00, 0x13, 0x02, 0x00, 0x00, 0x53, 0x03, 0x00, 0x00, 0x16, 0x02, 0x00, 0x00, 0x5d, // .......S.......]
	0x03, 0x00, 0x00, 0xf7, 0x00, 0x03, 0x00, 0xa5, 0x03, 0x00, 0x00, 0x00, 0x00, 0x00, 0x00, 0xfa, // ................
	0x00, 0x04, 0x00, 0xd6, 0x03, 0x00, 0x00, 0xa7, 0x03, 0x00, 0x00, 0xa5, 0x03, 0x00, 0x00, 0xf8, // ................
	0x00, 0x02, 0x00, 0xa5, 0x03, 0x00, 0x00, 0xf9, 0x00, 0x02, 0x00, 0xa7, 0x03, 0x00, 0x00, 0xf8, // ................
	0x00, 0x02, 0x00, 0xa7, 0x03, 0x00, 0x00, 0xf5, 0x00, 0x07, 0x00, 0x07, 0x00, 0x00, 0x00, 0xda, // ................
	0x03, 0x00, 0x00, 0xdb, 0x03, 0x00, 0x00, 0xa3, 0x03, 0x00, 0x00, 0xd4, 0x03, 0x00, 0x00, 0xa5, // ................
	0x03, 0x00, 0x00, 0x4f, 0x00, 0x08, 0x00, 0x33, 0x00, 0x00, 0x00, 0xab, 0x02, 0x00, 0x00, 0xea, // ...O...3........
	0x03, 0x00, 0x00, 0xea, 0x03, 0x00, 0x00, 0x00, 0x00, 0x00, 0x00, 0x01, 0x00, 0x00, 0x00, 0x02, // ................
	0x00, 0x00, 0x00, 0x8e, 0x00, 0x05, 0x00, 0x33, 0x00, 0x00, 0x00, 0xac, 0x02, 0x00, 0x00, 0xab, // .......3........
	0x02, 0x00, 0x00, 0xda, 0x03, 0x00, 0x00, 0x51, 0x00, 0x05, 0x00, 0x07, 0x00, 0x00, 0x00, 0xae, // .......Q........
	0x02, 0x00, 0x00, 0xac, 0x02, 0x00, 0x00, 0x00, 0x00, 0x00, 0x00, 0x52, 0x00, 0x06, 0x00, 0x0d, // ...........R....
	0x00, 0x00, 0x00, 0xb8, 0x03, 0x00, 0x00, 0xae, 0x02, 0x00, 0x00, 0xea, 0x03, 0x00, 0x00, 0x00, // ................
	0x00, 0x00, 0x00, 0x51, 0x00, 0x05, 0x00, 0x07, 0x00, 0x00, 0x00, 0xb0, 0x02, 0x00, 0x00, 0xac, // ...Q............
	0x02, 0x00, 0x00, 0x01, 0x00, 0x00, 0x00, 0x52, 0x00, 0x06, 0x00, 0x0d, 0x00, 0x00, 0x00, 0xba, // .......R........
	0x03, 0x00, 0x00, 0xb0, 0x02, 0x00, 0x00, 0xb8, 0x03, 0x00, 0x00, 0x01, 0x00, 0x00, 0x00, 0x51, // ...............Q
	0x00, 0x05, 0x00, 0x07, 0x00, 0x00, 0x00, 0xb2, 0x02, 0x00, 0x00, 0xac, 0x02, 0x00, 0x00, 0x02, // ................
	0x00, 0x00, 0x00, 0x52, 0x00, 0x06, 0x00, 0x0d, 0x00, 0x00, 0x00, 0xbc, 0x03, 0x00, 0x00, 0xb2, // ...R............
	0x02, 0x00, 0x00, 0xba, 0x03, 0x00, 0x00, 0x02, 0x00, 0x00, 0x00, 0xf9, 0x00, 0x02, 0x00, 0xb3, // ................
	0x02, 0x00, 0x00, 0xf8, 0x00, 0x02, 0x00, 0xb3, 0x02, 0x00, 0x00, 0xf5, 0x00, 0x07, 0x00, 0x0d, // ................
	0x00, 0x00, 0x00, 0xed, 0x03, 0x00, 0x00, 0xea, 0x03, 0x00, 0x00, 0x97, 0x02, 0x00, 0x00, 0xbc, // ................
	0x03, 0x00, 0x00, 0xa7, 0x03, 0x00, 0x00, 0x41, 0x00, 0x06, 0x00, 0xb9, 0x00, 0x00, 0x00, 0xb4, // .......A........
	0x02, 0x00, 0x00, 0xb6, 0x00, 0x00, 0x00, 0x27, 0x01, 0x00, 0x00, 0xb8, 0x00, 0x00, 0x00, 0x3d, // .......'.......=
	0x00, 0x04, 0x00, 0x07, 0x00, 0x00, 0x00, 0xb5, 0x02, 0x00, 0x00, 0xb4, 0x02, 0x00, 0x00, 0xb4, // ................
	0x00, 0x05, 0x00, 0xae, 0x00, 0x00, 0x00, 0xb6, 0x02, 0x00, 0x00, 0xb5, 0x02, 0x00, 0x00, 0x7b, // ...............{
	0x00, 0x00, 0x00, 0xf7, 0x00, 0x03, 0x00, 0xe9, 0x02, 0x00, 0x00, 0x00, 0x00, 0x00, 0x00, 0xfa, // ................
	0x00, 0x04, 0x00, 0xb6, 0x02, 0x00, 0x00, 0xb7, 0x02, 0x00, 0x00, 0xc1, 0x02, 0x00, 0x00, 0xf8, // ................
	0x00, 0x02, 0x00, 0xb7, 0x02, 0x00, 0x00, 0x51, 0x00, 0x05, 0x00, 0x07, 0x00, 0x00, 0x00, 0xbb, // .......Q........
	0x02, 0x00, 0x00, 0xed, 0x03, 0x00, 0x00, 0x03, 0x00, 0x00, 0x00, 0x0c, 0x00, 0x08, 0x00, 0x07, // ................
	0x00, 0x00, 0x00, 0xbc, 0x02, 0x00, 0x00, 0x01, 0x00, 0x00, 0x00, 0x2b, 0x00, 0x00, 0x00, 0xbb, // ...........+....
	0x02, 0x00, 0x00, 0x7b, 0x00, 0x00, 0x00, 0x71, 0x00, 0x00, 0x00, 0x51, 0x00, 0x05, 0x00, 0x07, // ...{...q...Q....
	0x00, 0x00, 0x00, 0xbd, 0x02, 0x00, 0x00, 0xed, 0x03, 0x00, 0x00, 0x00, 0x00, 0x00, 0x00, 0x51, // ...............Q
	0x00, 0x05, 0x00, 0x07, 0x00, 0x00, 0x00, 0xbe, 0x02, 0x00, 0x00, 0xed, 0x03, 0x00, 0x00, 0x01, // ................
	0x00, 0x00, 0x00, 0x51, 0x00, 0x05, 0x00, 0x07, 0x00, 0x00, 0x00, 0xbf, 0x02, 0x00, 0x00, 0xed, // ...Q............
	0x03, 0x00, 0x00, 0x02, 0x00, 0x00, 0x00, 0x50, 0x00, 0x07, 0x00, 0x0d, 0x00, 0x00, 0x00, 0xc0, // .......P........
	0x02, 0x00, 0x00, 0xbd, 0x02, 0x00, 0x00, 0xbe, 0x02, 0x00, 0x00, 0xbf, 0x02, 0x00, 0x00, 0xbc, // ................
	0x02, 0x00, 0x00, 0xf9, 0x00, 0x02, 0x00, 0xe9, 0x02, 0x00, 0x00, 0xf8, 0x00, 0x02, 0x00, 0xc1, // ................
	0x02, 0x00, 0x00, 0x41, 0x00, 0x06, 0x00, 0xb9, 0x00, 0x00, 0x00, 0xc2, 0x02, 0x00, 0x00, 0xb6, // ...A............
	0x00, 0x00, 0x00, 0x18, 0x01, 0x00, 0x00, 0xf3, 0x00, 0x00, 0x00, 0x3d, 0x00, 0x04, 0x00, 0x07, // ...........=....
	0x00, 0x00, 0x00, 0xc3, 0x02, 0x00, 0x00, 0xc2, 0x02, 0x00, 0x00, 0xba, 0x00, 0x05, 0x00, 0xae, // ................
	0x00, 0x00, 0x00, 0xc4, 0x02, 0x00, 0x00, 0xc3, 0x02, 0x00, 0x00, 0x7b, 0x00, 0x00, 0x00, 0xf7, // ...........{....
	0x00, 0x03, 0x00, 0xe8, 0x02, 0x00, 0x00, 0x00, 0x00, 0x00, 0x00, 0xfa, 0x00, 0x04, 0x00, 0xc4, // ................
	0x02, 0x00, 0x00, 0xc5, 0x02, 0x00, 0x00, 0xd7, 0x02, 0x00, 0x00, 0xf8, 0x00, 0x02, 0x00, 0xc5, // ................
	0x02, 0x00, 0x00, 0x4f, 0x00, 0x08, 0x00, 0x33, 0x00, 0x00, 0x00, 0xc7, 0x02, 0x00, 0x00, 0xed, // ...O...3........
	0x03, 0x00, 0x00, 0xed, 0x03, 0x00, 0x00, 0x00, 0x00, 0x00, 0x00, 0x01, 0x00, 0x00, 0x00, 0x02, // ................
	0x00, 0x00, 0x00, 0x7f, 0x00, 0x04, 0x00, 0x07, 0x00, 0x00, 0x00, 0xca, 0x02, 0x00, 0x00, 0xc3, // ................
	0x02, 0x00, 0x00, 0x51, 0x00, 0x05, 0x00, 0x07, 0x00, 0x00, 0x00, 0xcc, 0x02, 0x00, 0x00, 0xed, // ...Q............
	0x03, 0x00, 0x00, 0x03, 0x00, 0x00, 0x00, 0x85, 0x00, 0x05, 0x00, 0x07, 0x00, 0x00, 0x00, 0xcd, // ................
	0x02, 0x00, 0x00, 0xca, 0x02, 0x00, 0x00, 0xcc, 0x02, 0x00, 0x00, 0x8e, 0x00, 0x05, 0x00, 0x33, // ...............3
	0x00, 0x00, 0x00, 0xce, 0x02, 0x00, 0x00, 0xc7, 0x02, 0x00, 0x00, 0xcd, 0x02, 0x00, 0x00, 0x88, // ................
	0x00, 0x05, 0x00, 0x07, 0x00, 0x00, 0x00, 0xd1, 0x02, 0x00, 0x00, 0x71, 0x00, 0x00, 0x00, 0xc3, // ...........q....
	0x02, 0x00, 0x00, 0x83, 0x00, 0x05, 0x00, 0x07, 0x00, 0x00, 0x00, 0xd2, 0x02, 0x00, 0x00, 0xd1, // ................
	0x02, 0x00, 0x00, 0x71, 0x00, 0x00, 0x00, 0x51, 0x00, 0x05, 0x00, 0x07, 0x00, 0x00, 0x00, 0xd3, // ...q...Q........
	0x02, 0x00, 0x00, 0xce, 0x02, 0x00, 0x00, 0x00, 0x00, 0x00, 0x00, 0x51, 0x00, 0x05, 0x00, 0x07, // ...........Q....
	0x00, 0x00, 0x00, 0xd4, 0x02, 0x00, 0x00, 0xce, 0x02, 0x00, 0x00, 0x01, 0x00, 0x00, 0x00, 0x51, // ...............Q
	0x00, 0x05, 0x00, 0x07, 0x00, 0x00, 0x00, 0xd5, 0x02, 0x00, 0x00, 0xce, 0x02, 0x00, 0x00, 0x02, // ................
	0x00, 0x00, 0x00, 0x50, 0x00, 0x07, 0x00, 0x0d, 0x00, 0x00, 0x00, 0xd6, 0x02, 0x00, 0x00, 0xd3, // ...P............
	0x02, 0x00, 0x00, 0xd4, 0x02, 0x00, 0x00, 0xd5, 0x02, 0x00, 0x00, 0xd2, 0x02, 0x00, 0x00, 0xf9, // ................
	0x00, 0x02, 0x00, 0xe8, 0x02, 0x00, 0x00, 0xf8, 0x00, 0x02, 0x00, 0xd7, 0x02, 0x00, 0x00, 0x4f, // ...............O
	0x00, 0x08, 0x00, 0x33, 0x00, 0x00, 0x00, 0xd9, 0x02, 0x00, 0x00, 0xed, 0x03, 0x00, 0x00, 0xed, // ...3............
	0x03, 0x00, 0x00, 0x00, 0x00, 0x00, 0x00, 0x01, 0x00, 0x00, 0x00, 0x02, 0x00, 0x00, 0x00, 0x51, // ...............Q
	0x00, 0x05, 0x00, 0x07, 0x00, 0x00, 0x00, 0xdb, 0x02, 0x00, 0x00, 0xed, 0x03, 0x00, 0x00, 0x03, // ................
	0x00, 0x00, 0x00, 0x8e, 0x00, 0x05, 0x00, 0x33, 0x00, 0x00, 0x00, 0xdc, 0x02, 0x00, 0x00, 0xd9, // .......3........
	0x02, 0x00, 0x00, 0xdb, 0x02, 0x00, 0x00, 0x7f, 0x00, 0x04, 0x00, 0x07, 0x00, 0x00, 0x00, 0xdf, // ................
	0x02, 0x00, 0x00, 0xc3, 0x02, 0x00, 0x00, 0x85, 0x00, 0x05, 0x00, 0x07, 0x00, 0x00, 0x00, 0xe2, // ................
	0x02, 0x00, 0x00, 0xdf, 0x02, 0x00, 0x00, 0xdb, 0x02, 0x00, 0x00, 0x0c, 0x00, 0x08, 0x00, 0x07, // ................
	0x00, 0x00, 0x00, 0xe3, 0x02, 0x00, 0x00, 0x01, 0x00, 0x00, 0x00, 0x2b, 0x00, 0x00, 0x00, 0xe2, // ...........+....
	0x02, 0x00, 0x00, 0x7b, 0x00, 0x00, 0x00, 0x71, 0x00, 0x00, 0x00, 0x51, 0x00, 0x05, 0x00, 0x07, // ...{...q...Q....
	0x00, 0x00, 0x00, 0xe4, 0x02, 0x00, 0x00, 0xdc, 0x02, 0x00, 0x00, 0x00, 0x00, 0x00, 0x00, 0x51, // ...............Q
	0x00, 0x05, 0x00, 0x07, 0x00, 0x00, 0x00, 0xe5, 0x02, 0x00, 0x00, 0xdc, 0x02, 0x00, 0x00, 0x01, // ................
	0x00, 0x00, 0x00, 0x51, 0x00, 0x05, 0x00, 0x07, 0x00, 0x00, 0x00, 0xe6, 0x02, 0x00, 0x00, 0xdc, // ...Q............
	0x02, 0x00, 0x00, 0x02, 0x00, 0x00, 0x00, 0x50, 0x00, 0x07, 0x00, 0x0d, 0x00, 0x00, 0x00, 0xe7, // .......P........
	0x02, 0x00, 0x00, 0xe4, 0x02, 0x00, 0x00, 0xe5, 0x02, 0x00, 0x00, 0xe6, 0x02, 0x00, 0x00, 0xe3, // ................
	0x02, 0x00, 0x00, 0xf9, 0x00, 0x02, 0x00, 0xe8, 0x02, 0x00, 0x00, 0xf8, 0x00, 0x02, 0x00, 0xe8, // ................
	0x02, 0x00, 0x00, 0xf5, 0x00, 0x07, 0x00, 0x0d, 0x00, 0x00, 0x00, 0xf0, 0x03, 0x00, 0x00, 0xd6, // ................
	0x02, 0x00, 0x00, 0xc5, 0x02, 0x00, 0x00, 0xe7, 0x02, 0x00, 0x00, 0xd7, 0x02, 0x00, 0x00, 0xf9, // ................
	0x00, 0x02, 0x00, 0xe9, 0x02, 0x00, 0x00, 0xf8, 0x00, 0x02, 0x00, 0xe9, 0x02, 0x00, 0x00, 0xf5, // ................
	0x00, 0x07, 0x00, 0x0d, 0x00, 0x00, 0x00, 0xef, 0x03, 0x00, 0x00, 0xc0, 0x02, 0x00, 0x00, 0xb7, // ................
	0x02, 0x00, 0x00, 0xf0, 0x03, 0x00, 0x00, 0xe8, 0x02, 0x00, 0x00, 0xf9, 0x00, 0x02, 0x00, 0xea, // ................
	0x02, 0x00, 0x00, 0xf8, 0x00, 0x02, 0x00, 0xea, 0x02, 0x00, 0x00, 0xf5, 0x00, 0x09, 0x00, 0x0d, // ................
	0x00, 0x00, 0x00, 0xee, 0x03, 0x00, 0x00, 0x7c, 0x00, 0x00, 0x00, 0x49, 0x02, 0x00, 0x00, 0x7c, // .......|...I...|
	0x00, 0x00, 0x00, 0x59, 0x02, 0x00, 0x00, 0xef, 0x03, 0x00, 0x00, 0xe9, 0x02, 0x00, 0x00, 0x3e, // ...Y...........>
	0x00, 0x03, 0x00, 0xfd, 0x01, 0x00, 0x00, 0xee, 0x03, 0x00, 0x00, 0xfd, 0x00, 0x01, 0x00, 0x38, // ...............8
	0x00, 0x01, 0x00, 0x00, 0x00, 0xc0, 0x00,                                                       // .......
};
static const bgfx::EmbeddedShader fs_flasher_noclip = BGFX_EMBEDDED_SHADER(fs_flasher_noclip);
