// ImgUI Shaders

//////////////////////////////////////////////////////////////////////////////////////////////////////////////////////
// Build of vertex shader from vs_imgui.sc to vs_imgui with options: NOSTEREO
static const uint8_t vs_imgui_mtl[1013] =
{
	0x56, 0x53, 0x48, 0x0c, 0x00, 0x00, 0x00, 0x00, 0x4f, 0x45, 0x98, 0x49, 0x00, 0x00, 0x00, 0x00, // VSH.....OE.I....
	0x00, 0x00, 0x00, 0x00, 0x01, 0x00, 0x0c, 0x6d, 0x61, 0x74, 0x57, 0x6f, 0x72, 0x6c, 0x64, 0x56, // .......matWorldV
	0x69, 0x65, 0x77, 0x04, 0x01, 0x00, 0x00, 0x04, 0x00, 0x00, 0x00, 0x00, 0x00, 0xba, 0x03, 0x00, // iew.............
	0x00, 0x23, 0x69, 0x6e, 0x63, 0x6c, 0x75, 0x64, 0x65, 0x20, 0x3c, 0x6d, 0x65, 0x74, 0x61, 0x6c, // .#include <metal
	0x5f, 0x73, 0x74, 0x64, 0x6c, 0x69, 0x62, 0x3e, 0x0a, 0x23, 0x69, 0x6e, 0x63, 0x6c, 0x75, 0x64, // _stdlib>.#includ
	0x65, 0x20, 0x3c, 0x73, 0x69, 0x6d, 0x64, 0x2f, 0x73, 0x69, 0x6d, 0x64, 0x2e, 0x68, 0x3e, 0x0a, // e <simd/simd.h>.
	0x0a, 0x75, 0x73, 0x69, 0x6e, 0x67, 0x20, 0x6e, 0x61, 0x6d, 0x65, 0x73, 0x70, 0x61, 0x63, 0x65, // .using namespace
	0x20, 0x6d, 0x65, 0x74, 0x61, 0x6c, 0x3b, 0x0a, 0x0a, 0x73, 0x74, 0x72, 0x75, 0x63, 0x74, 0x20, //  metal;..struct 
	0x5f, 0x47, 0x6c, 0x6f, 0x62, 0x61, 0x6c, 0x0a, 0x7b, 0x0a, 0x20, 0x20, 0x20, 0x20, 0x66, 0x6c, // _Global.{.    fl
	0x6f, 0x61, 0x74, 0x34, 0x78, 0x34, 0x20, 0x6d, 0x61, 0x74, 0x57, 0x6f, 0x72, 0x6c, 0x64, 0x56, // oat4x4 matWorldV
	0x69, 0x65, 0x77, 0x3b, 0x0a, 0x7d, 0x3b, 0x0a, 0x0a, 0x73, 0x74, 0x72, 0x75, 0x63, 0x74, 0x20, // iew;.};..struct 
	0x78, 0x6c, 0x61, 0x74, 0x4d, 0x74, 0x6c, 0x4d, 0x61, 0x69, 0x6e, 0x5f, 0x6f, 0x75, 0x74, 0x0a, // xlatMtlMain_out.
	0x7b, 0x0a, 0x20, 0x20, 0x20, 0x20, 0x66, 0x6c, 0x6f, 0x61, 0x74, 0x34, 0x20, 0x5f, 0x65, 0x6e, // {.    float4 _en
	0x74, 0x72, 0x79, 0x50, 0x6f, 0x69, 0x6e, 0x74, 0x4f, 0x75, 0x74, 0x70, 0x75, 0x74, 0x5f, 0x76, // tryPointOutput_v
	0x5f, 0x63, 0x6f, 0x6c, 0x6f, 0x72, 0x30, 0x20, 0x5b, 0x5b, 0x75, 0x73, 0x65, 0x72, 0x28, 0x6c, // _color0 [[user(l
	0x6f, 0x63, 0x6e, 0x30, 0x29, 0x5d, 0x5d, 0x3b, 0x0a, 0x20, 0x20, 0x20, 0x20, 0x66, 0x6c, 0x6f, // ocn0)]];.    flo
	0x61, 0x74, 0x32, 0x20, 0x5f, 0x65, 0x6e, 0x74, 0x72, 0x79, 0x50, 0x6f, 0x69, 0x6e, 0x74, 0x4f, // at2 _entryPointO
	0x75, 0x74, 0x70, 0x75, 0x74, 0x5f, 0x76, 0x5f, 0x74, 0x65, 0x78, 0x63, 0x6f, 0x6f, 0x72, 0x64, // utput_v_texcoord
	0x30, 0x20, 0x5b, 0x5b, 0x75, 0x73, 0x65, 0x72, 0x28, 0x6c, 0x6f, 0x63, 0x6e, 0x31, 0x29, 0x5d, // 0 [[user(locn1)]
	0x5d, 0x3b, 0x0a, 0x20, 0x20, 0x20, 0x20, 0x66, 0x6c, 0x6f, 0x61, 0x74, 0x32, 0x20, 0x5f, 0x65, // ];.    float2 _e
	0x6e, 0x74, 0x72, 0x79, 0x50, 0x6f, 0x69, 0x6e, 0x74, 0x4f, 0x75, 0x74, 0x70, 0x75, 0x74, 0x5f, // ntryPointOutput_
	0x76, 0x5f, 0x74, 0x65, 0x78, 0x63, 0x6f, 0x6f, 0x72, 0x64, 0x31, 0x20, 0x5b, 0x5b, 0x75, 0x73, // v_texcoord1 [[us
	0x65, 0x72, 0x28, 0x6c, 0x6f, 0x63, 0x6e, 0x32, 0x29, 0x5d, 0x5d, 0x3b, 0x0a, 0x20, 0x20, 0x20, // er(locn2)]];.   
	0x20, 0x66, 0x6c, 0x6f, 0x61, 0x74, 0x34, 0x20, 0x67, 0x6c, 0x5f, 0x50, 0x6f, 0x73, 0x69, 0x74, //  float4 gl_Posit
	0x69, 0x6f, 0x6e, 0x20, 0x5b, 0x5b, 0x70, 0x6f, 0x73, 0x69, 0x74, 0x69, 0x6f, 0x6e, 0x5d, 0x5d, // ion [[position]]
	0x3b, 0x0a, 0x7d, 0x3b, 0x0a, 0x0a, 0x73, 0x74, 0x72, 0x75, 0x63, 0x74, 0x20, 0x78, 0x6c, 0x61, // ;.};..struct xla
	0x74, 0x4d, 0x74, 0x6c, 0x4d, 0x61, 0x69, 0x6e, 0x5f, 0x69, 0x6e, 0x0a, 0x7b, 0x0a, 0x20, 0x20, // tMtlMain_in.{.  
	0x20, 0x20, 0x66, 0x6c, 0x6f, 0x61, 0x74, 0x33, 0x20, 0x61, 0x5f, 0x6e, 0x6f, 0x72, 0x6d, 0x61, //   float3 a_norma
	0x6c, 0x20, 0x5b, 0x5b, 0x61, 0x74, 0x74, 0x72, 0x69, 0x62, 0x75, 0x74, 0x65, 0x28, 0x30, 0x29, // l [[attribute(0)
	0x5d, 0x5d, 0x3b, 0x0a, 0x20, 0x20, 0x20, 0x20, 0x66, 0x6c, 0x6f, 0x61, 0x74, 0x33, 0x20, 0x61, // ]];.    float3 a
	0x5f, 0x70, 0x6f, 0x73, 0x69, 0x74, 0x69, 0x6f, 0x6e, 0x20, 0x5b, 0x5b, 0x61, 0x74, 0x74, 0x72, // _position [[attr
	0x69, 0x62, 0x75, 0x74, 0x65, 0x28, 0x31, 0x29, 0x5d, 0x5d, 0x3b, 0x0a, 0x20, 0x20, 0x20, 0x20, // ibute(1)]];.    
	0x66, 0x6c, 0x6f, 0x61, 0x74, 0x32, 0x20, 0x61, 0x5f, 0x74, 0x65, 0x78, 0x63, 0x6f, 0x6f, 0x72, // float2 a_texcoor
	0x64, 0x30, 0x20, 0x5b, 0x5b, 0x61, 0x74, 0x74, 0x72, 0x69, 0x62, 0x75, 0x74, 0x65, 0x28, 0x32, // d0 [[attribute(2
	0x29, 0x5d, 0x5d, 0x3b, 0x0a, 0x7d, 0x3b, 0x0a, 0x0a, 0x76, 0x65, 0x72, 0x74, 0x65, 0x78, 0x20, // )]];.};..vertex 
	0x78, 0x6c, 0x61, 0x74, 0x4d, 0x74, 0x6c, 0x4d, 0x61, 0x69, 0x6e, 0x5f, 0x6f, 0x75, 0x74, 0x20, // xlatMtlMain_out 
	0x78, 0x6c, 0x61, 0x74, 0x4d, 0x74, 0x6c, 0x4d, 0x61, 0x69, 0x6e, 0x28, 0x78, 0x6c, 0x61, 0x74, // xlatMtlMain(xlat
	0x4d, 0x74, 0x6c, 0x4d, 0x61, 0x69, 0x6e, 0x5f, 0x69, 0x6e, 0x20, 0x69, 0x6e, 0x20, 0x5b, 0x5b, // MtlMain_in in [[
	0x73, 0x74, 0x61, 0x67, 0x65, 0x5f, 0x69, 0x6e, 0x5d, 0x5d, 0x2c, 0x20, 0x63, 0x6f, 0x6e, 0x73, // stage_in]], cons
	0x74, 0x61, 0x6e, 0x74, 0x20, 0x5f, 0x47, 0x6c, 0x6f, 0x62, 0x61, 0x6c, 0x26, 0x20, 0x5f, 0x6d, // tant _Global& _m
	0x74, 0x6c, 0x5f, 0x75, 0x20, 0x5b, 0x5b, 0x62, 0x75, 0x66, 0x66, 0x65, 0x72, 0x28, 0x30, 0x29, // tl_u [[buffer(0)
	0x5d, 0x5d, 0x29, 0x0a, 0x7b, 0x0a, 0x20, 0x20, 0x20, 0x20, 0x78, 0x6c, 0x61, 0x74, 0x4d, 0x74, // ]]).{.    xlatMt
	0x6c, 0x4d, 0x61, 0x69, 0x6e, 0x5f, 0x6f, 0x75, 0x74, 0x20, 0x6f, 0x75, 0x74, 0x20, 0x3d, 0x20, // lMain_out out = 
	0x7b, 0x7d, 0x3b, 0x0a, 0x20, 0x20, 0x20, 0x20, 0x6f, 0x75, 0x74, 0x2e, 0x67, 0x6c, 0x5f, 0x50, // {};.    out.gl_P
	0x6f, 0x73, 0x69, 0x74, 0x69, 0x6f, 0x6e, 0x20, 0x3d, 0x20, 0x66, 0x6c, 0x6f, 0x61, 0x74, 0x34, // osition = float4
	0x28, 0x28, 0x5f, 0x6d, 0x74, 0x6c, 0x5f, 0x75, 0x2e, 0x6d, 0x61, 0x74, 0x57, 0x6f, 0x72, 0x6c, // ((_mtl_u.matWorl
	0x64, 0x56, 0x69, 0x65, 0x77, 0x20, 0x2a, 0x20, 0x66, 0x6c, 0x6f, 0x61, 0x74, 0x34, 0x28, 0x69, // dView * float4(i
	0x6e, 0x2e, 0x61, 0x5f, 0x70, 0x6f, 0x73, 0x69, 0x74, 0x69, 0x6f, 0x6e, 0x2e, 0x78, 0x79, 0x2c, // n.a_position.xy,
	0x20, 0x30, 0x2e, 0x30, 0x2c, 0x20, 0x31, 0x2e, 0x30, 0x29, 0x29, 0x2e, 0x78, 0x79, 0x2c, 0x20, //  0.0, 1.0)).xy, 
	0x30, 0x2e, 0x30, 0x2c, 0x20, 0x31, 0x2e, 0x30, 0x29, 0x3b, 0x0a, 0x20, 0x20, 0x20, 0x20, 0x6f, // 0.0, 1.0);.    o
	0x75, 0x74, 0x2e, 0x5f, 0x65, 0x6e, 0x74, 0x72, 0x79, 0x50, 0x6f, 0x69, 0x6e, 0x74, 0x4f, 0x75, // ut._entryPointOu
	0x74, 0x70, 0x75, 0x74, 0x5f, 0x76, 0x5f, 0x63, 0x6f, 0x6c, 0x6f, 0x72, 0x30, 0x20, 0x3d, 0x20, // tput_v_color0 = 
	0x66, 0x6c, 0x6f, 0x61, 0x74, 0x34, 0x28, 0x69, 0x6e, 0x2e, 0x61, 0x5f, 0x6e, 0x6f, 0x72, 0x6d, // float4(in.a_norm
	0x61, 0x6c, 0x2c, 0x20, 0x69, 0x6e, 0x2e, 0x61, 0x5f, 0x70, 0x6f, 0x73, 0x69, 0x74, 0x69, 0x6f, // al, in.a_positio
	0x6e, 0x2e, 0x7a, 0x29, 0x3b, 0x0a, 0x20, 0x20, 0x20, 0x20, 0x6f, 0x75, 0x74, 0x2e, 0x5f, 0x65, // n.z);.    out._e
	0x6e, 0x74, 0x72, 0x79, 0x50, 0x6f, 0x69, 0x6e, 0x74, 0x4f, 0x75, 0x74, 0x70, 0x75, 0x74, 0x5f, // ntryPointOutput_
	0x76, 0x5f, 0x74, 0x65, 0x78, 0x63, 0x6f, 0x6f, 0x72, 0x64, 0x30, 0x20, 0x3d, 0x20, 0x69, 0x6e, // v_texcoord0 = in
	0x2e, 0x61, 0x5f, 0x74, 0x65, 0x78, 0x63, 0x6f, 0x6f, 0x72, 0x64, 0x30, 0x3b, 0x0a, 0x20, 0x20, // .a_texcoord0;.  
	0x20, 0x20, 0x6f, 0x75, 0x74, 0x2e, 0x5f, 0x65, 0x6e, 0x74, 0x72, 0x79, 0x50, 0x6f, 0x69, 0x6e, //   out._entryPoin
	0x74, 0x4f, 0x75, 0x74, 0x70, 0x75, 0x74, 0x5f, 0x76, 0x5f, 0x74, 0x65, 0x78, 0x63, 0x6f, 0x6f, // tOutput_v_texcoo
	0x72, 0x64, 0x31, 0x20, 0x3d, 0x20, 0x69, 0x6e, 0x2e, 0x61, 0x5f, 0x70, 0x6f, 0x73, 0x69, 0x74, // rd1 = in.a_posit
	0x69, 0x6f, 0x6e, 0x2e, 0x78, 0x79, 0x3b, 0x0a, 0x20, 0x20, 0x20, 0x20, 0x72, 0x65, 0x74, 0x75, // ion.xy;.    retu
	0x72, 0x6e, 0x20, 0x6f, 0x75, 0x74, 0x3b, 0x0a, 0x7d, 0x0a, 0x0a, 0x00, 0x03, 0x02, 0x00, 0x01, // rn out;.}.......
	0x00, 0x10, 0x00, 0x40, 0x00,                                                                   // ...@.
};
static const uint8_t vs_imgui_essl[476] =
{
	0x56, 0x53, 0x48, 0x0c, 0x00, 0x00, 0x00, 0x00, 0x4f, 0x45, 0x98, 0x49, 0x00, 0x00, 0x00, 0x00, // VSH.....OE.I....
	0x00, 0x00, 0x00, 0x00, 0x01, 0x00, 0x0c, 0x6d, 0x61, 0x74, 0x57, 0x6f, 0x72, 0x6c, 0x64, 0x56, // .......matWorldV
	0x69, 0x65, 0x77, 0x04, 0x01, 0x00, 0x00, 0x04, 0x00, 0x00, 0x00, 0x00, 0x00, 0xaa, 0x01, 0x00, // iew.............
	0x00, 0x0a, 0x75, 0x6e, 0x69, 0x66, 0x6f, 0x72, 0x6d, 0x20, 0x6d, 0x61, 0x74, 0x34, 0x20, 0x6d, // ..uniform mat4 m
	0x61, 0x74, 0x57, 0x6f, 0x72, 0x6c, 0x64, 0x56, 0x69, 0x65, 0x77, 0x3b, 0x0a, 0x0a, 0x6f, 0x75, // atWorldView;..ou
	0x74, 0x20, 0x76, 0x65, 0x63, 0x32, 0x20, 0x76, 0x5f, 0x74, 0x65, 0x78, 0x63, 0x6f, 0x6f, 0x72, // t vec2 v_texcoor
	0x64, 0x31, 0x3b, 0x0a, 0x6c, 0x61, 0x79, 0x6f, 0x75, 0x74, 0x28, 0x6c, 0x6f, 0x63, 0x61, 0x74, // d1;.layout(locat
	0x69, 0x6f, 0x6e, 0x20, 0x3d, 0x20, 0x31, 0x29, 0x20, 0x69, 0x6e, 0x20, 0x76, 0x65, 0x63, 0x33, // ion = 1) in vec3
	0x20, 0x61, 0x5f, 0x70, 0x6f, 0x73, 0x69, 0x74, 0x69, 0x6f, 0x6e, 0x3b, 0x0a, 0x6f, 0x75, 0x74, //  a_position;.out
	0x20, 0x76, 0x65, 0x63, 0x32, 0x20, 0x76, 0x5f, 0x74, 0x65, 0x78, 0x63, 0x6f, 0x6f, 0x72, 0x64, //  vec2 v_texcoord
	0x30, 0x3b, 0x0a, 0x6c, 0x61, 0x79, 0x6f, 0x75, 0x74, 0x28, 0x6c, 0x6f, 0x63, 0x61, 0x74, 0x69, // 0;.layout(locati
	0x6f, 0x6e, 0x20, 0x3d, 0x20, 0x32, 0x29, 0x20, 0x69, 0x6e, 0x20, 0x76, 0x65, 0x63, 0x32, 0x20, // on = 2) in vec2 
	0x61, 0x5f, 0x74, 0x65, 0x78, 0x63, 0x6f, 0x6f, 0x72, 0x64, 0x30, 0x3b, 0x0a, 0x6f, 0x75, 0x74, // a_texcoord0;.out
	0x20, 0x76, 0x65, 0x63, 0x34, 0x20, 0x76, 0x5f, 0x63, 0x6f, 0x6c, 0x6f, 0x72, 0x30, 0x3b, 0x0a, //  vec4 v_color0;.
	0x6c, 0x61, 0x79, 0x6f, 0x75, 0x74, 0x28, 0x6c, 0x6f, 0x63, 0x61, 0x74, 0x69, 0x6f, 0x6e, 0x20, // layout(location 
	0x3d, 0x20, 0x30, 0x29, 0x20, 0x69, 0x6e, 0x20, 0x76, 0x65, 0x63, 0x33, 0x20, 0x61, 0x5f, 0x6e, // = 0) in vec3 a_n
	0x6f, 0x72, 0x6d, 0x61, 0x6c, 0x3b, 0x0a, 0x0a, 0x76, 0x6f, 0x69, 0x64, 0x20, 0x6d, 0x61, 0x69, // ormal;..void mai
	0x6e, 0x28, 0x29, 0x0a, 0x7b, 0x0a, 0x20, 0x20, 0x20, 0x20, 0x76, 0x5f, 0x74, 0x65, 0x78, 0x63, // n().{.    v_texc
	0x6f, 0x6f, 0x72, 0x64, 0x31, 0x20, 0x3d, 0x20, 0x61, 0x5f, 0x70, 0x6f, 0x73, 0x69, 0x74, 0x69, // oord1 = a_positi
	0x6f, 0x6e, 0x2e, 0x78, 0x79, 0x3b, 0x0a, 0x20, 0x20, 0x20, 0x20, 0x67, 0x6c, 0x5f, 0x50, 0x6f, // on.xy;.    gl_Po
	0x73, 0x69, 0x74, 0x69, 0x6f, 0x6e, 0x20, 0x3d, 0x20, 0x76, 0x65, 0x63, 0x34, 0x28, 0x28, 0x6d, // sition = vec4((m
	0x61, 0x74, 0x57, 0x6f, 0x72, 0x6c, 0x64, 0x56, 0x69, 0x65, 0x77, 0x20, 0x2a, 0x20, 0x76, 0x65, // atWorldView * ve
	0x63, 0x34, 0x28, 0x61, 0x5f, 0x70, 0x6f, 0x73, 0x69, 0x74, 0x69, 0x6f, 0x6e, 0x2e, 0x78, 0x79, // c4(a_position.xy
	0x2c, 0x20, 0x30, 0x2e, 0x30, 0x2c, 0x20, 0x31, 0x2e, 0x30, 0x29, 0x29, 0x2e, 0x78, 0x79, 0x2c, // , 0.0, 1.0)).xy,
	0x20, 0x30, 0x2e, 0x30, 0x2c, 0x20, 0x31, 0x2e, 0x30, 0x29, 0x3b, 0x0a, 0x20, 0x20, 0x20, 0x20, //  0.0, 1.0);.    
	0x76, 0x5f, 0x74, 0x65, 0x78, 0x63, 0x6f, 0x6f, 0x72, 0x64, 0x30, 0x20, 0x3d, 0x20, 0x61, 0x5f, // v_texcoord0 = a_
	0x74, 0x65, 0x78, 0x63, 0x6f, 0x6f, 0x72, 0x64, 0x30, 0x3b, 0x0a, 0x20, 0x20, 0x20, 0x20, 0x76, // texcoord0;.    v
	0x5f, 0x63, 0x6f, 0x6c, 0x6f, 0x72, 0x30, 0x20, 0x3d, 0x20, 0x76, 0x65, 0x63, 0x34, 0x28, 0x61, // _color0 = vec4(a
	0x5f, 0x6e, 0x6f, 0x72, 0x6d, 0x61, 0x6c, 0x2c, 0x20, 0x61, 0x5f, 0x70, 0x6f, 0x73, 0x69, 0x74, // _normal, a_posit
	0x69, 0x6f, 0x6e, 0x2e, 0x7a, 0x29, 0x3b, 0x0a, 0x7d, 0x0a, 0x0a, 0x00,                         // ion.z);.}...
};
static const uint8_t vs_imgui_glsl[476] =
{
	0x56, 0x53, 0x48, 0x0c, 0x00, 0x00, 0x00, 0x00, 0x4f, 0x45, 0x98, 0x49, 0x00, 0x00, 0x00, 0x00, // VSH.....OE.I....
	0x00, 0x00, 0x00, 0x00, 0x01, 0x00, 0x0c, 0x6d, 0x61, 0x74, 0x57, 0x6f, 0x72, 0x6c, 0x64, 0x56, // .......matWorldV
	0x69, 0x65, 0x77, 0x04, 0x01, 0x00, 0x00, 0x04, 0x00, 0x00, 0x00, 0x00, 0x00, 0xaa, 0x01, 0x00, // iew.............
	0x00, 0x0a, 0x75, 0x6e, 0x69, 0x66, 0x6f, 0x72, 0x6d, 0x20, 0x6d, 0x61, 0x74, 0x34, 0x20, 0x6d, // ..uniform mat4 m
	0x61, 0x74, 0x57, 0x6f, 0x72, 0x6c, 0x64, 0x56, 0x69, 0x65, 0x77, 0x3b, 0x0a, 0x0a, 0x6f, 0x75, // atWorldView;..ou
	0x74, 0x20, 0x76, 0x65, 0x63, 0x32, 0x20, 0x76, 0x5f, 0x74, 0x65, 0x78, 0x63, 0x6f, 0x6f, 0x72, // t vec2 v_texcoor
	0x64, 0x31, 0x3b, 0x0a, 0x6c, 0x61, 0x79, 0x6f, 0x75, 0x74, 0x28, 0x6c, 0x6f, 0x63, 0x61, 0x74, // d1;.layout(locat
	0x69, 0x6f, 0x6e, 0x20, 0x3d, 0x20, 0x31, 0x29, 0x20, 0x69, 0x6e, 0x20, 0x76, 0x65, 0x63, 0x33, // ion = 1) in vec3
	0x20, 0x61, 0x5f, 0x70, 0x6f, 0x73, 0x69, 0x74, 0x69, 0x6f, 0x6e, 0x3b, 0x0a, 0x6f, 0x75, 0x74, //  a_position;.out
	0x20, 0x76, 0x65, 0x63, 0x32, 0x20, 0x76, 0x5f, 0x74, 0x65, 0x78, 0x63, 0x6f, 0x6f, 0x72, 0x64, //  vec2 v_texcoord
	0x30, 0x3b, 0x0a, 0x6c, 0x61, 0x79, 0x6f, 0x75, 0x74, 0x28, 0x6c, 0x6f, 0x63, 0x61, 0x74, 0x69, // 0;.layout(locati
	0x6f, 0x6e, 0x20, 0x3d, 0x20, 0x32, 0x29, 0x20, 0x69, 0x6e, 0x20, 0x76, 0x65, 0x63, 0x32, 0x20, // on = 2) in vec2 
	0x61, 0x5f, 0x74, 0x65, 0x78, 0x63, 0x6f, 0x6f, 0x72, 0x64, 0x30, 0x3b, 0x0a, 0x6f, 0x75, 0x74, // a_texcoord0;.out
	0x20, 0x76, 0x65, 0x63, 0x34, 0x20, 0x76, 0x5f, 0x63, 0x6f, 0x6c, 0x6f, 0x72, 0x30, 0x3b, 0x0a, //  vec4 v_color0;.
	0x6c, 0x61, 0x79, 0x6f, 0x75, 0x74, 0x28, 0x6c, 0x6f, 0x63, 0x61, 0x74, 0x69, 0x6f, 0x6e, 0x20, // layout(location 
	0x3d, 0x20, 0x30, 0x29, 0x20, 0x69, 0x6e, 0x20, 0x76, 0x65, 0x63, 0x33, 0x20, 0x61, 0x5f, 0x6e, // = 0) in vec3 a_n
	0x6f, 0x72, 0x6d, 0x61, 0x6c, 0x3b, 0x0a, 0x0a, 0x76, 0x6f, 0x69, 0x64, 0x20, 0x6d, 0x61, 0x69, // ormal;..void mai
	0x6e, 0x28, 0x29, 0x0a, 0x7b, 0x0a, 0x20, 0x20, 0x20, 0x20, 0x76, 0x5f, 0x74, 0x65, 0x78, 0x63, // n().{.    v_texc
	0x6f, 0x6f, 0x72, 0x64, 0x31, 0x20, 0x3d, 0x20, 0x61, 0x5f, 0x70, 0x6f, 0x73, 0x69, 0x74, 0x69, // oord1 = a_positi
	0x6f, 0x6e, 0x2e, 0x78, 0x79, 0x3b, 0x0a, 0x20, 0x20, 0x20, 0x20, 0x67, 0x6c, 0x5f, 0x50, 0x6f, // on.xy;.    gl_Po
	0x73, 0x69, 0x74, 0x69, 0x6f, 0x6e, 0x20, 0x3d, 0x20, 0x76, 0x65, 0x63, 0x34, 0x28, 0x28, 0x6d, // sition = vec4((m
	0x61, 0x74, 0x57, 0x6f, 0x72, 0x6c, 0x64, 0x56, 0x69, 0x65, 0x77, 0x20, 0x2a, 0x20, 0x76, 0x65, // atWorldView * ve
	0x63, 0x34, 0x28, 0x61, 0x5f, 0x70, 0x6f, 0x73, 0x69, 0x74, 0x69, 0x6f, 0x6e, 0x2e, 0x78, 0x79, // c4(a_position.xy
	0x2c, 0x20, 0x30, 0x2e, 0x30, 0x2c, 0x20, 0x31, 0x2e, 0x30, 0x29, 0x29, 0x2e, 0x78, 0x79, 0x2c, // , 0.0, 1.0)).xy,
	0x20, 0x30, 0x2e, 0x30, 0x2c, 0x20, 0x31, 0x2e, 0x30, 0x29, 0x3b, 0x0a, 0x20, 0x20, 0x20, 0x20, //  0.0, 1.0);.    
	0x76, 0x5f, 0x74, 0x65, 0x78, 0x63, 0x6f, 0x6f, 0x72, 0x64, 0x30, 0x20, 0x3d, 0x20, 0x61, 0x5f, // v_texcoord0 = a_
	0x74, 0x65, 0x78, 0x63, 0x6f, 0x6f, 0x72, 0x64, 0x30, 0x3b, 0x0a, 0x20, 0x20, 0x20, 0x20, 0x76, // texcoord0;.    v
	0x5f, 0x63, 0x6f, 0x6c, 0x6f, 0x72, 0x30, 0x20, 0x3d, 0x20, 0x76, 0x65, 0x63, 0x34, 0x28, 0x61, // _color0 = vec4(a
	0x5f, 0x6e, 0x6f, 0x72, 0x6d, 0x61, 0x6c, 0x2c, 0x20, 0x61, 0x5f, 0x70, 0x6f, 0x73, 0x69, 0x74, // _normal, a_posit
	0x69, 0x6f, 0x6e, 0x2e, 0x7a, 0x29, 0x3b, 0x0a, 0x7d, 0x0a, 0x0a, 0x00,                         // ion.z);.}...
};
static const uint8_t vs_imgui_dxbc[711] =
{
	0x56, 0x53, 0x48, 0x0c, 0x00, 0x00, 0x00, 0x00, 0x4f, 0x45, 0x98, 0x49, 0x00, 0x00, 0x00, 0x00, // VSH.....OE.I....
	0x00, 0x00, 0x00, 0x00, 0x01, 0x00, 0x0c, 0x6d, 0x61, 0x74, 0x57, 0x6f, 0x72, 0x6c, 0x64, 0x56, // .......matWorldV
	0x69, 0x65, 0x77, 0x04, 0x00, 0x00, 0x00, 0x04, 0x00, 0x00, 0x00, 0x00, 0x00, 0x8c, 0x02, 0x00, // iew.............
	0x00, 0x44, 0x58, 0x42, 0x43, 0x7f, 0x8f, 0x10, 0xa4, 0xc7, 0x26, 0xa3, 0x89, 0xfe, 0x6a, 0xca, // .DXBC.....&...j.
	0xa3, 0x60, 0xd1, 0xcc, 0x08, 0x01, 0x00, 0x00, 0x00, 0x8c, 0x02, 0x00, 0x00, 0x03, 0x00, 0x00, // .`..............
	0x00, 0x2c, 0x00, 0x00, 0x00, 0xa0, 0x00, 0x00, 0x00, 0x2c, 0x01, 0x00, 0x00, 0x49, 0x53, 0x47, // .,.......,...ISG
	0x4e, 0x6c, 0x00, 0x00, 0x00, 0x03, 0x00, 0x00, 0x00, 0x08, 0x00, 0x00, 0x00, 0x50, 0x00, 0x00, // Nl...........P..
	0x00, 0x00, 0x00, 0x00, 0x00, 0x00, 0x00, 0x00, 0x00, 0x03, 0x00, 0x00, 0x00, 0x00, 0x00, 0x00, // ................
	0x00, 0x07, 0x07, 0x00, 0x00, 0x57, 0x00, 0x00, 0x00, 0x00, 0x00, 0x00, 0x00, 0x00, 0x00, 0x00, // .....W..........
	0x00, 0x03, 0x00, 0x00, 0x00, 0x01, 0x00, 0x00, 0x00, 0x07, 0x07, 0x00, 0x00, 0x60, 0x00, 0x00, // .............`..
	0x00, 0x00, 0x00, 0x00, 0x00, 0x00, 0x00, 0x00, 0x00, 0x03, 0x00, 0x00, 0x00, 0x02, 0x00, 0x00, // ................
	0x00, 0x03, 0x03, 0x00, 0x00, 0x4e, 0x4f, 0x52, 0x4d, 0x41, 0x4c, 0x00, 0x50, 0x4f, 0x53, 0x49, // .....NORMAL.POSI
	0x54, 0x49, 0x4f, 0x4e, 0x00, 0x54, 0x45, 0x58, 0x43, 0x4f, 0x4f, 0x52, 0x44, 0x00, 0xab, 0xab, // TION.TEXCOORD...
	0xab, 0x4f, 0x53, 0x47, 0x4e, 0x84, 0x00, 0x00, 0x00, 0x04, 0x00, 0x00, 0x00, 0x08, 0x00, 0x00, // .OSGN...........
	0x00, 0x68, 0x00, 0x00, 0x00, 0x00, 0x00, 0x00, 0x00, 0x01, 0x00, 0x00, 0x00, 0x03, 0x00, 0x00, // .h..............
	0x00, 0x00, 0x00, 0x00, 0x00, 0x0f, 0x00, 0x00, 0x00, 0x74, 0x00, 0x00, 0x00, 0x00, 0x00, 0x00, // .........t......
	0x00, 0x00, 0x00, 0x00, 0x00, 0x03, 0x00, 0x00, 0x00, 0x01, 0x00, 0x00, 0x00, 0x0f, 0x00, 0x00, // ................
	0x00, 0x7a, 0x00, 0x00, 0x00, 0x00, 0x00, 0x00, 0x00, 0x00, 0x00, 0x00, 0x00, 0x03, 0x00, 0x00, // .z..............
	0x00, 0x02, 0x00, 0x00, 0x00, 0x03, 0x0c, 0x00, 0x00, 0x7a, 0x00, 0x00, 0x00, 0x01, 0x00, 0x00, // .........z......
	0x00, 0x00, 0x00, 0x00, 0x00, 0x03, 0x00, 0x00, 0x00, 0x02, 0x00, 0x00, 0x00, 0x0c, 0x03, 0x00, // ................
	0x00, 0x53, 0x56, 0x5f, 0x50, 0x4f, 0x53, 0x49, 0x54, 0x49, 0x4f, 0x4e, 0x00, 0x43, 0x4f, 0x4c, // .SV_POSITION.COL
	0x4f, 0x52, 0x00, 0x54, 0x45, 0x58, 0x43, 0x4f, 0x4f, 0x52, 0x44, 0x00, 0xab, 0x53, 0x48, 0x45, // OR.TEXCOORD..SHE
	0x58, 0x58, 0x01, 0x00, 0x00, 0x50, 0x00, 0x01, 0x00, 0x56, 0x00, 0x00, 0x00, 0x6a, 0x08, 0x00, // XX...P...V...j..
	0x01, 0x59, 0x00, 0x00, 0x04, 0x46, 0x8e, 0x20, 0x00, 0x00, 0x00, 0x00, 0x00, 0x04, 0x00, 0x00, // .Y...F. ........
	0x00, 0x5f, 0x00, 0x00, 0x03, 0x72, 0x10, 0x10, 0x00, 0x00, 0x00, 0x00, 0x00, 0x5f, 0x00, 0x00, // ._...r......._..
	0x03, 0x72, 0x10, 0x10, 0x00, 0x01, 0x00, 0x00, 0x00, 0x5f, 0x00, 0x00, 0x03, 0x32, 0x10, 0x10, // .r......._...2..
	0x00, 0x02, 0x00, 0x00, 0x00, 0x67, 0x00, 0x00, 0x04, 0xf2, 0x20, 0x10, 0x00, 0x00, 0x00, 0x00, // .....g.... .....
	0x00, 0x01, 0x00, 0x00, 0x00, 0x65, 0x00, 0x00, 0x03, 0xf2, 0x20, 0x10, 0x00, 0x01, 0x00, 0x00, // .....e.... .....
	0x00, 0x65, 0x00, 0x00, 0x03, 0x32, 0x20, 0x10, 0x00, 0x02, 0x00, 0x00, 0x00, 0x65, 0x00, 0x00, // .e...2 ......e..
	0x03, 0xc2, 0x20, 0x10, 0x00, 0x02, 0x00, 0x00, 0x00, 0x68, 0x00, 0x00, 0x02, 0x01, 0x00, 0x00, // .. ......h......
	0x00, 0x38, 0x00, 0x00, 0x08, 0x32, 0x00, 0x10, 0x00, 0x00, 0x00, 0x00, 0x00, 0x56, 0x15, 0x10, // .8...2.......V..
	0x00, 0x01, 0x00, 0x00, 0x00, 0x46, 0x80, 0x20, 0x00, 0x00, 0x00, 0x00, 0x00, 0x01, 0x00, 0x00, // .....F. ........
	0x00, 0x32, 0x00, 0x00, 0x0a, 0x32, 0x00, 0x10, 0x00, 0x00, 0x00, 0x00, 0x00, 0x46, 0x80, 0x20, // .2...2.......F. 
	0x00, 0x00, 0x00, 0x00, 0x00, 0x00, 0x00, 0x00, 0x00, 0x06, 0x10, 0x10, 0x00, 0x01, 0x00, 0x00, // ................
	0x00, 0x46, 0x00, 0x10, 0x00, 0x00, 0x00, 0x00, 0x00, 0x00, 0x00, 0x00, 0x08, 0x32, 0x20, 0x10, // .F...........2 .
	0x00, 0x00, 0x00, 0x00, 0x00, 0x46, 0x00, 0x10, 0x00, 0x00, 0x00, 0x00, 0x00, 0x46, 0x80, 0x20, // .....F.......F. 
	0x00, 0x00, 0x00, 0x00, 0x00, 0x03, 0x00, 0x00, 0x00, 0x36, 0x00, 0x00, 0x08, 0xc2, 0x20, 0x10, // .........6.... .
	0x00, 0x00, 0x00, 0x00, 0x00, 0x02, 0x40, 0x00, 0x00, 0x00, 0x00, 0x00, 0x00, 0x00, 0x00, 0x00, // ......@.........
	0x00, 0x00, 0x00, 0x00, 0x00, 0x00, 0x00, 0x80, 0x3f, 0x36, 0x00, 0x00, 0x05, 0x72, 0x20, 0x10, // ........?6...r .
	0x00, 0x01, 0x00, 0x00, 0x00, 0x46, 0x12, 0x10, 0x00, 0x00, 0x00, 0x00, 0x00, 0x36, 0x00, 0x00, // .....F.......6..
	0x05, 0x82, 0x20, 0x10, 0x00, 0x01, 0x00, 0x00, 0x00, 0x2a, 0x10, 0x10, 0x00, 0x01, 0x00, 0x00, // .. ......*......
	0x00, 0x36, 0x00, 0x00, 0x05, 0x32, 0x20, 0x10, 0x00, 0x02, 0x00, 0x00, 0x00, 0x46, 0x10, 0x10, // .6...2 ......F..
	0x00, 0x02, 0x00, 0x00, 0x00, 0x36, 0x00, 0x00, 0x05, 0xc2, 0x20, 0x10, 0x00, 0x02, 0x00, 0x00, // .....6.... .....
	0x00, 0x06, 0x14, 0x10, 0x00, 0x01, 0x00, 0x00, 0x00, 0x3e, 0x00, 0x00, 0x01, 0x00, 0x03, 0x02, // .........>......
	0x00, 0x01, 0x00, 0x10, 0x00, 0x40, 0x00,                                                       // .....@.
};
static const uint8_t vs_imgui_dxil[2799] =
{
	0x56, 0x53, 0x48, 0x0c, 0x00, 0x00, 0x00, 0x00, 0x4f, 0x45, 0x98, 0x49, 0x00, 0x00, 0x00, 0x00, // VSH.....OE.I....
	0x00, 0x00, 0x00, 0x00, 0x01, 0x00, 0x0c, 0x6d, 0x61, 0x74, 0x57, 0x6f, 0x72, 0x6c, 0x64, 0x56, // .......matWorldV
	0x69, 0x65, 0x77, 0x04, 0x00, 0x00, 0x00, 0x04, 0x00, 0x00, 0x00, 0x00, 0x00, 0xb4, 0x0a, 0x00, // iew.............
	0x00, 0x44, 0x58, 0x42, 0x43, 0x73, 0xea, 0xce, 0xff, 0xc0, 0x0c, 0x0b, 0x8d, 0xdb, 0x7a, 0x88, // .DXBCs........z.
	0xda, 0x51, 0x32, 0x38, 0xfd, 0x01, 0x00, 0x00, 0x00, 0xb4, 0x0a, 0x00, 0x00, 0x07, 0x00, 0x00, // .Q28............
	0x00, 0x3c, 0x00, 0x00, 0x00, 0x4c, 0x00, 0x00, 0x00, 0xd8, 0x00, 0x00, 0x00, 0x84, 0x01, 0x00, // .<...L..........
	0x00, 0xd0, 0x02, 0x00, 0x00, 0x04, 0x03, 0x00, 0x00, 0x20, 0x03, 0x00, 0x00, 0x53, 0x46, 0x49, // ......... ...SFI
	0x30, 0x08, 0x00, 0x00, 0x00, 0x00, 0x00, 0x00, 0x00, 0x00, 0x00, 0x00, 0x00, 0x49, 0x53, 0x47, // 0............ISG
	0x31, 0x84, 0x00, 0x00, 0x00, 0x03, 0x00, 0x00, 0x00, 0x08, 0x00, 0x00, 0x00, 0x00, 0x00, 0x00, // 1...............
	0x00, 0x68, 0x00, 0x00, 0x00, 0x00, 0x00, 0x00, 0x00, 0x00, 0x00, 0x00, 0x00, 0x03, 0x00, 0x00, // .h..............
	0x00, 0x00, 0x00, 0x00, 0x00, 0x07, 0x07, 0x00, 0x00, 0x00, 0x00, 0x00, 0x00, 0x00, 0x00, 0x00, // ................
	0x00, 0x6f, 0x00, 0x00, 0x00, 0x00, 0x00, 0x00, 0x00, 0x00, 0x00, 0x00, 0x00, 0x03, 0x00, 0x00, // .o..............
	0x00, 0x01, 0x00, 0x00, 0x00, 0x07, 0x07, 0x00, 0x00, 0x00, 0x00, 0x00, 0x00, 0x00, 0x00, 0x00, // ................
	0x00, 0x78, 0x00, 0x00, 0x00, 0x00, 0x00, 0x00, 0x00, 0x00, 0x00, 0x00, 0x00, 0x03, 0x00, 0x00, // .x..............
	0x00, 0x02, 0x00, 0x00, 0x00, 0x03, 0x03, 0x00, 0x00, 0x00, 0x00, 0x00, 0x00, 0x4e, 0x4f, 0x52, // .............NOR
	0x4d, 0x41, 0x4c, 0x00, 0x50, 0x4f, 0x53, 0x49, 0x54, 0x49, 0x4f, 0x4e, 0x00, 0x54, 0x45, 0x58, // MAL.POSITION.TEX
	0x43, 0x4f, 0x4f, 0x52, 0x44, 0x00, 0x00, 0x00, 0x00, 0x4f, 0x53, 0x47, 0x31, 0xa4, 0x00, 0x00, // COORD....OSG1...
	0x00, 0x04, 0x00, 0x00, 0x00, 0x08, 0x00, 0x00, 0x00, 0x00, 0x00, 0x00, 0x00, 0x88, 0x00, 0x00, // ................
	0x00, 0x00, 0x00, 0x00, 0x00, 0x01, 0x00, 0x00, 0x00, 0x03, 0x00, 0x00, 0x00, 0x00, 0x00, 0x00, // ................
	0x00, 0x0f, 0x00, 0x00, 0x00, 0x00, 0x00, 0x00, 0x00, 0x00, 0x00, 0x00, 0x00, 0x94, 0x00, 0x00, // ................
	0x00, 0x00, 0x00, 0x00, 0x00, 0x00, 0x00, 0x00, 0x00, 0x03, 0x00, 0x00, 0x00, 0x01, 0x00, 0x00, // ................
	0x00, 0x0f, 0x00, 0x00, 0x00, 0x00, 0x00, 0x00, 0x00, 0x00, 0x00, 0x00, 0x00, 0x9a, 0x00, 0x00, // ................
	0x00, 0x00, 0x00, 0x00, 0x00, 0x00, 0x00, 0x00, 0x00, 0x03, 0x00, 0x00, 0x00, 0x02, 0x00, 0x00, // ................
	0x00, 0x03, 0x0c, 0x00, 0x00, 0x00, 0x00, 0x00, 0x00, 0x00, 0x00, 0x00, 0x00, 0x9a, 0x00, 0x00, // ................
	0x00, 0x01, 0x00, 0x00, 0x00, 0x00, 0x00, 0x00, 0x00, 0x03, 0x00, 0x00, 0x00, 0x02, 0x00, 0x00, // ................
	0x00, 0x0c, 0x03, 0x00, 0x00, 0x00, 0x00, 0x00, 0x00, 0x53, 0x56, 0x5f, 0x50, 0x6f, 0x73, 0x69, // .........SV_Posi
	0x74, 0x69, 0x6f, 0x6e, 0x00, 0x43, 0x4f, 0x4c, 0x4f, 0x52, 0x00, 0x54, 0x45, 0x58, 0x43, 0x4f, // tion.COLOR.TEXCO
	0x4f, 0x52, 0x44, 0x00, 0x00, 0x50, 0x53, 0x56, 0x30, 0x44, 0x01, 0x00, 0x00, 0x34, 0x00, 0x00, // ORD..PSV0D...4..
	0x00, 0x01, 0x00, 0x00, 0x00, 0x00, 0x00, 0x00, 0x00, 0x00, 0x00, 0x00, 0x00, 0x00, 0x00, 0x00, // ................
	0x00, 0x00, 0x00, 0x00, 0x00, 0xff, 0xff, 0xff, 0xff, 0x01, 0x00, 0x00, 0x00, 0x03, 0x04, 0x00, // ................
	0x03, 0x03, 0x00, 0x00, 0x00, 0x00, 0x00, 0x00, 0x00, 0x00, 0x00, 0x00, 0x00, 0x00, 0x00, 0x00, // ................
	0x00, 0x32, 0x00, 0x00, 0x00, 0x01, 0x00, 0x00, 0x00, 0x18, 0x00, 0x00, 0x00, 0x02, 0x00, 0x00, // .2..............
	0x00, 0x00, 0x00, 0x00, 0x00, 0x00, 0x00, 0x00, 0x00, 0x00, 0x00, 0x00, 0x00, 0x0d, 0x00, 0x00, // ................
	0x00, 0x00, 0x00, 0x00, 0x00, 0x38, 0x00, 0x00, 0x00, 0x00, 0x4e, 0x4f, 0x52, 0x4d, 0x41, 0x4c, // .....8....NORMAL
	0x00, 0x50, 0x4f, 0x53, 0x49, 0x54, 0x49, 0x4f, 0x4e, 0x00, 0x54, 0x45, 0x58, 0x43, 0x4f, 0x4f, // .POSITION.TEXCOO
	0x52, 0x44, 0x00, 0x43, 0x4f, 0x4c, 0x4f, 0x52, 0x00, 0x54, 0x45, 0x58, 0x43, 0x4f, 0x4f, 0x52, // RD.COLOR.TEXCOOR
	0x44, 0x00, 0x54, 0x45, 0x58, 0x43, 0x4f, 0x4f, 0x52, 0x44, 0x00, 0x6d, 0x61, 0x69, 0x6e, 0x00, // D.TEXCOORD.main.
	0x00, 0x02, 0x00, 0x00, 0x00, 0x00, 0x00, 0x00, 0x00, 0x01, 0x00, 0x00, 0x00, 0x10, 0x00, 0x00, // ................
	0x00, 0x01, 0x00, 0x00, 0x00, 0x00, 0x00, 0x00, 0x00, 0x01, 0x00, 0x43, 0x00, 0x03, 0x00, 0x00, // ...........C....
	0x00, 0x08, 0x00, 0x00, 0x00, 0x00, 0x00, 0x00, 0x00, 0x01, 0x01, 0x43, 0x00, 0x03, 0x00, 0x00, // ...........C....
	0x00, 0x11, 0x00, 0x00, 0x00, 0x00, 0x00, 0x00, 0x00, 0x01, 0x02, 0x42, 0x00, 0x03, 0x00, 0x00, // ...........B....
	0x00, 0x00, 0x00, 0x00, 0x00, 0x00, 0x00, 0x00, 0x00, 0x01, 0x00, 0x44, 0x03, 0x03, 0x04, 0x00, // ...........D....
	0x00, 0x1a, 0x00, 0x00, 0x00, 0x00, 0x00, 0x00, 0x00, 0x01, 0x01, 0x44, 0x00, 0x03, 0x02, 0x00, // ...........D....
	0x00, 0x20, 0x00, 0x00, 0x00, 0x00, 0x00, 0x00, 0x00, 0x01, 0x02, 0x42, 0x00, 0x03, 0x02, 0x00, // . .........B....
	0x00, 0x29, 0x00, 0x00, 0x00, 0x01, 0x00, 0x00, 0x00, 0x01, 0x02, 0x62, 0x00, 0x03, 0x02, 0x00, // .).........b....
	0x00, 0x10, 0x00, 0x00, 0x00, 0x20, 0x00, 0x00, 0x00, 0x40, 0x00, 0x00, 0x00, 0x00, 0x00, 0x00, // ..... ...@......
	0x00, 0x03, 0x04, 0x00, 0x00, 0x03, 0x08, 0x00, 0x00, 0x80, 0x00, 0x00, 0x00, 0x00, 0x00, 0x00, // ................
	0x00, 0x00, 0x01, 0x00, 0x00, 0x00, 0x02, 0x00, 0x00, 0x00, 0x00, 0x00, 0x00, 0x00, 0x00, 0x00, // ................
	0x00, 0x49, 0x4c, 0x44, 0x4e, 0x2c, 0x00, 0x00, 0x00, 0x00, 0x00, 0x24, 0x00, 0x32, 0x38, 0x38, // .ILDN,.....$.288
	0x66, 0x30, 0x31, 0x33, 0x63, 0x31, 0x31, 0x32, 0x63, 0x64, 0x62, 0x64, 0x30, 0x61, 0x36, 0x63, // f013c112cdbd0a6c
	0x38, 0x37, 0x39, 0x30, 0x37, 0x32, 0x31, 0x62, 0x63, 0x39, 0x39, 0x61, 0x33, 0x2e, 0x70, 0x64, // 8790721bc99a3.pd
	0x62, 0x00, 0x00, 0x00, 0x00, 0x48, 0x41, 0x53, 0x48, 0x14, 0x00, 0x00, 0x00, 0x00, 0x00, 0x00, // b....HASH.......
	0x00, 0x28, 0x8f, 0x01, 0x3c, 0x11, 0x2c, 0xdb, 0xd0, 0xa6, 0xc8, 0x79, 0x07, 0x21, 0xbc, 0x99, // .(..<.,....y.!..
	0xa3, 0x44, 0x58, 0x49, 0x4c, 0x8c, 0x07, 0x00, 0x00, 0x60, 0x00, 0x01, 0x00, 0xe3, 0x01, 0x00, // .DXIL....`......
	0x00, 0x44, 0x58, 0x49, 0x4c, 0x00, 0x01, 0x00, 0x00, 0x10, 0x00, 0x00, 0x00, 0x74, 0x07, 0x00, // .DXIL........t..
	0x00, 0x42, 0x43, 0xc0, 0xde, 0x21, 0x0c, 0x00, 0x00, 0xda, 0x01, 0x00, 0x00, 0x0b, 0x82, 0x20, // .BC..!......... 
	0x00, 0x02, 0x00, 0x00, 0x00, 0x13, 0x00, 0x00, 0x00, 0x07, 0x81, 0x23, 0x91, 0x41, 0xc8, 0x04, // ...........#.A..
	0x49, 0x06, 0x10, 0x32, 0x39, 0x92, 0x01, 0x84, 0x0c, 0x25, 0x05, 0x08, 0x19, 0x1e, 0x04, 0x8b, // I..29....%......
	0x62, 0x80, 0x14, 0x45, 0x02, 0x42, 0x92, 0x0b, 0x42, 0xa4, 0x10, 0x32, 0x14, 0x38, 0x08, 0x18, // b..E.B..B..2.8..
	0x4b, 0x0a, 0x32, 0x52, 0x88, 0x48, 0x90, 0x14, 0x20, 0x43, 0x46, 0x88, 0xa5, 0x00, 0x19, 0x32, // K.2R.H.. CF....2
	0x42, 0xe4, 0x48, 0x0e, 0x90, 0x91, 0x22, 0xc4, 0x50, 0x41, 0x51, 0x81, 0x8c, 0xe1, 0x83, 0xe5, // B.H...".PAQ.....
	0x8a, 0x04, 0x29, 0x46, 0x06, 0x51, 0x18, 0x00, 0x00, 0x08, 0x00, 0x00, 0x00, 0x1b, 0x8c, 0xe0, // ..)F.Q..........
	0xff, 0xff, 0xff, 0xff, 0x07, 0x40, 0x02, 0xa8, 0x0d, 0x84, 0xf0, 0xff, 0xff, 0xff, 0xff, 0x03, // .....@..........
	0x20, 0x6d, 0x30, 0x86, 0xff, 0xff, 0xff, 0xff, 0x1f, 0x00, 0x09, 0xa8, 0x00, 0x49, 0x18, 0x00, //  m0..........I..
	0x00, 0x03, 0x00, 0x00, 0x00, 0x13, 0x82, 0x60, 0x42, 0x20, 0x4c, 0x08, 0x06, 0x00, 0x00, 0x00, // .......`B L.....
	0x00, 0x89, 0x20, 0x00, 0x00, 0x27, 0x00, 0x00, 0x00, 0x32, 0x22, 0x48, 0x09, 0x20, 0x64, 0x85, // .. ..'...2"H. d.
	0x04, 0x93, 0x22, 0xa4, 0x84, 0x04, 0x93, 0x22, 0xe3, 0x84, 0xa1, 0x90, 0x14, 0x12, 0x4c, 0x8a, // .."...."......L.
	0x8c, 0x0b, 0x84, 0xa4, 0x4c, 0x10, 0x68, 0x23, 0x00, 0x25, 0x00, 0x14, 0x66, 0x00, 0xe6, 0x08, // ....L.h#.%..f...
	0xc0, 0x60, 0x8e, 0x00, 0x29, 0xc6, 0x20, 0x84, 0x14, 0x42, 0xa6, 0x18, 0x80, 0x10, 0x52, 0x06, // .`..). ..B....R.
	0xa1, 0xa3, 0x86, 0xcb, 0x9f, 0xb0, 0x87, 0x90, 0x7c, 0x6e, 0xa3, 0x8a, 0x95, 0x98, 0xfc, 0xe2, // ........|n......
	0xb6, 0x11, 0x31, 0xc6, 0x18, 0x54, 0xee, 0x19, 0x2e, 0x7f, 0xc2, 0x1e, 0x42, 0xf2, 0x43, 0xa0, // ..1..T......B.C.
	0x19, 0x16, 0x02, 0x05, 0xab, 0x10, 0x8a, 0x30, 0x42, 0xad, 0x14, 0x83, 0x8c, 0x31, 0xe8, 0xcd, // .......0B....1..
	0x11, 0x04, 0xc5, 0x60, 0xa4, 0x10, 0x12, 0x49, 0x0e, 0x04, 0x0c, 0x23, 0x10, 0x43, 0x12, 0xd4, // ...`...I...#.C..
	0x99, 0x26, 0x74, 0x78, 0x87, 0x79, 0xa0, 0x07, 0x76, 0x08, 0x87, 0x7c, 0x78, 0x87, 0x7a, 0xa0, // .&tx.y..v..|x.z.
	0x07, 0x37, 0x20, 0x83, 0x53, 0x60, 0x87, 0x77, 0x10, 0x87, 0x70, 0x60, 0x87, 0x79, 0x40, 0x81, // .7 .S`.w..p`.y@.
	0xa5, 0x9b, 0x0c, 0x04, 0x00, 0x13, 0x14, 0x72, 0xc0, 0x87, 0x74, 0x60, 0x87, 0x36, 0x68, 0x87, // .......r..t`.6h.
	0x79, 0x68, 0x03, 0x72, 0xc0, 0x87, 0x0d, 0xaf, 0x50, 0x0e, 0x6d, 0xd0, 0x0e, 0x7a, 0x50, 0x0e, // yh.r....P.m..zP.
	0x6d, 0x00, 0x0f, 0x7a, 0x30, 0x07, 0x72, 0xa0, 0x07, 0x73, 0x20, 0x07, 0x6d, 0x90, 0x0e, 0x71, // m..z0.r..s .m..q
	0xa0, 0x07, 0x73, 0x20, 0x07, 0x6d, 0x90, 0x0e, 0x78, 0xa0, 0x07, 0x73, 0x20, 0x07, 0x6d, 0x90, // ..s .m..x..s .m.
	0x0e, 0x71, 0x60, 0x07, 0x7a, 0x30, 0x07, 0x72, 0xd0, 0x06, 0xe9, 0x30, 0x07, 0x72, 0xa0, 0x07, // .q`.z0.r...0.r..
	0x73, 0x20, 0x07, 0x6d, 0x90, 0x0e, 0x76, 0x40, 0x07, 0x7a, 0x60, 0x07, 0x74, 0xd0, 0x06, 0xe6, // s .m..v@.z`.t...
	0x10, 0x07, 0x76, 0xa0, 0x07, 0x73, 0x20, 0x07, 0x6d, 0x60, 0x0e, 0x73, 0x20, 0x07, 0x7a, 0x30, // ..v..s .m`.s .z0
	0x07, 0x72, 0xd0, 0x06, 0xe6, 0x60, 0x07, 0x74, 0xa0, 0x07, 0x76, 0x40, 0x07, 0x6d, 0xe0, 0x0e, // .r...`.t..v@.m..
	0x78, 0xa0, 0x07, 0x71, 0x60, 0x07, 0x7a, 0x30, 0x07, 0x72, 0xa0, 0x07, 0x76, 0x40, 0x07, 0x43, // x..q`.z0.r..v@.C
	0x9e, 0x00, 0x00, 0x00, 0x00, 0x00, 0x00, 0x00, 0x00, 0x00, 0x00, 0x00, 0x86, 0x3c, 0x06, 0x10, // .............<..
	0x00, 0x01, 0x00, 0x00, 0x00, 0x00, 0x00, 0x00, 0x00, 0x0c, 0x79, 0x10, 0x20, 0x00, 0x04, 0x00, // ..........y. ...
	0x00, 0x00, 0x00, 0x00, 0x00, 0x00, 0x18, 0xf2, 0x34, 0x40, 0x00, 0x0c, 0x00, 0x00, 0x00, 0x00, // ........4@......
	0x00, 0x00, 0x00, 0x30, 0xe4, 0x79, 0x80, 0x00, 0x08, 0x00, 0x00, 0x00, 0x00, 0x00, 0x00, 0x00, // ...0.y..........
	0x60, 0xc8, 0x23, 0x01, 0x01, 0x30, 0x00, 0x00, 0x00, 0x00, 0x00, 0x00, 0x00, 0x40, 0x16, 0x08, // `.#..0.......@..
	0x00, 0x10, 0x00, 0x00, 0x00, 0x32, 0x1e, 0x98, 0x14, 0x19, 0x11, 0x4c, 0x90, 0x8c, 0x09, 0x26, // .....2.....L...&
	0x47, 0xc6, 0x04, 0x43, 0x22, 0x25, 0x30, 0x02, 0x50, 0x10, 0xc5, 0x50, 0x80, 0x01, 0x65, 0x50, // G..C"%0.P..P..eP
	0x0e, 0x45, 0x50, 0x1e, 0x54, 0x4a, 0x62, 0x04, 0xa0, 0x0c, 0x8a, 0xa0, 0x10, 0x08, 0xcf, 0x00, // .EP.TJb.........
	0x50, 0x1e, 0x8b, 0x51, 0x18, 0x08, 0x0c, 0x40, 0x01, 0x18, 0xc1, 0x60, 0x04, 0x05, 0x90, 0x00, // P..Q...@...`....
	0x40, 0x04, 0x84, 0x00, 0x00, 0x79, 0x18, 0x00, 0x00, 0x6a, 0x00, 0x00, 0x00, 0x1a, 0x03, 0x4c, // @....y...j.....L
	0x90, 0x46, 0x02, 0x13, 0x44, 0x8f, 0x0c, 0x6f, 0xec, 0xed, 0x4d, 0x0c, 0x24, 0xc6, 0x05, 0xc7, // .F..D..o..M.$...
	0x45, 0xa6, 0x06, 0x46, 0xc6, 0x25, 0x26, 0x06, 0x04, 0x45, 0x66, 0x26, 0x27, 0x47, 0x26, 0xa6, // E..F.%&..Ef&'G&.
	0x46, 0x46, 0x26, 0x65, 0x43, 0x10, 0x4c, 0x10, 0x08, 0x63, 0x82, 0x40, 0x1c, 0x1b, 0x84, 0x81, // FF&eC.L..c.@....
	0x98, 0x20, 0x10, 0xc8, 0x06, 0x61, 0x30, 0x28, 0xd8, 0xcd, 0x4d, 0x10, 0x88, 0x64, 0xc3, 0x80, // . ...a0(..M..d..
	0x24, 0xc4, 0x04, 0x01, 0xa3, 0x08, 0x4c, 0x10, 0x08, 0x65, 0x03, 0x42, 0x2c, 0x0c, 0x41, 0x0c, // $.....L..e.B,.A.
	0x0d, 0xb0, 0x21, 0x70, 0x36, 0x10, 0x00, 0xf0, 0x00, 0x13, 0x84, 0xac, 0xda, 0x10, 0x44, 0x13, // ..!p6.........D.
	0x04, 0x01, 0x20, 0xd1, 0x16, 0x96, 0xe6, 0x46, 0xc3, 0xe9, 0x49, 0xaa, 0x29, 0x88, 0x69, 0x82, // .. ....F..I.).i.
	0x50, 0x3c, 0x13, 0x84, 0x02, 0xda, 0x10, 0x10, 0x13, 0x84, 0x22, 0x9a, 0x20, 0x10, 0xcb, 0x04, // P<........". ...
	0x81, 0x60, 0x36, 0x08, 0xda, 0xb6, 0x61, 0x21, 0x2a, 0xeb, 0xc2, 0xae, 0x21, 0x23, 0x2e, 0x8e, // .`6...a!*...!#..
	0x08, 0xd4, 0xd3, 0x54, 0x12, 0x55, 0xd2, 0x93, 0xd3, 0x86, 0x65, 0xf0, 0xac, 0x0b, 0xbb, 0x86, // ...T.U....e.....
	0x6c, 0xb8, 0xb8, 0x09, 0x02, 0xd1, 0x10, 0xa1, 0x2a, 0xc2, 0x1a, 0x7a, 0x7a, 0x92, 0x22, 0x9a, // l.......*..zz.".
	0x20, 0x14, 0xd2, 0x06, 0x41, 0xd3, 0x36, 0x2c, 0x60, 0x10, 0x06, 0xd6, 0x85, 0x5d, 0x83, 0x18, //  ...A.6,`....]..
	0x80, 0xc1, 0x35, 0x06, 0x1b, 0x86, 0xee, 0x23, 0x03, 0x2e, 0x53, 0x56, 0x5f, 0x50, 0x6f, 0x73, // ..5....#..SV_Pos
	0x69, 0x74, 0x69, 0x6f, 0x6e, 0x13, 0x84, 0x62, 0x9a, 0x20, 0x10, 0xce, 0x06, 0x41, 0x43, 0x83, // ition..b. ...AC.
	0x0d, 0x0b, 0x61, 0x06, 0x56, 0x86, 0x9d, 0xc1, 0x70, 0x06, 0xc4, 0x95, 0x06, 0x2c, 0x86, 0x9e, // ..a.V...p....,..
	0x98, 0x9e, 0xa4, 0x36, 0x2c, 0xc3, 0x1a, 0x58, 0x17, 0x26, 0x06, 0xc3, 0x19, 0x0c, 0x57, 0x1a, // ...6,..X.&....W.
	0x6c, 0x58, 0xc0, 0x20, 0x0c, 0xac, 0x0b, 0x13, 0x83, 0x41, 0x0c, 0xc0, 0xe0, 0x1a, 0x83, 0x0d, // lX. .....A......
	0xc1, 0xb0, 0x61, 0xd1, 0xc2, 0xc0, 0xba, 0xdc, 0x40, 0x0c, 0x06, 0x31, 0x00, 0x03, 0x31, 0x18, // ..a.....@..1..1.
	0x83, 0x0d, 0x84, 0x1a, 0xb0, 0x41, 0x1b, 0xbc, 0xc1, 0x86, 0xa1, 0x0c, 0xe0, 0x00, 0xd8, 0x50, // .....A.........P
	0x4c, 0x54, 0x1c, 0x40, 0x40, 0x15, 0x36, 0x36, 0xbb, 0x36, 0x97, 0x34, 0xb2, 0x32, 0x37, 0xba, // LT.@@.66.6.4.27.
	0x29, 0x41, 0x50, 0x85, 0x0c, 0xcf, 0xc5, 0xae, 0x4c, 0x6e, 0x2e, 0xed, 0xcd, 0x6d, 0x4a, 0x40, // )AP.....Ln...mJ@
	0x34, 0x21, 0xc3, 0x73, 0xb1, 0x0b, 0x63, 0xb3, 0x2b, 0x93, 0x9b, 0x12, 0x18, 0x75, 0xc8, 0xf0, // 4!.s..c.+....u..
	0x5c, 0xe6, 0xd0, 0xc2, 0xc8, 0xca, 0xe4, 0x9a, 0xde, 0xc8, 0xca, 0xd8, 0xa6, 0x04, 0x49, 0x19, // ..............I.
	0x32, 0x3c, 0x17, 0xb9, 0xb2, 0xb9, 0xb7, 0x3a, 0xb9, 0xb1, 0xb2, 0xb9, 0x29, 0xc1, 0x53, 0x87, // 2<.....:....).S.
	0x0c, 0xcf, 0xc5, 0x2e, 0xad, 0xec, 0x2e, 0x89, 0x6c, 0x8a, 0x2e, 0x8c, 0xae, 0x6c, 0x4a, 0x10, // ........l....lJ.
	0xd5, 0x21, 0xc3, 0x73, 0x29, 0x73, 0xa3, 0x93, 0xcb, 0x83, 0x7a, 0x4b, 0x73, 0xa3, 0x9b, 0x9b, // .!.s)s....zKs...
	0x12, 0xc4, 0x01, 0x00, 0x00, 0x79, 0x18, 0x00, 0x00, 0x4c, 0x00, 0x00, 0x00, 0x33, 0x08, 0x80, // .....y...L...3..
	0x1c, 0xc4, 0xe1, 0x1c, 0x66, 0x14, 0x01, 0x3d, 0x88, 0x43, 0x38, 0x84, 0xc3, 0x8c, 0x42, 0x80, // ....f..=.C8...B.
	0x07, 0x79, 0x78, 0x07, 0x73, 0x98, 0x71, 0x0c, 0xe6, 0x00, 0x0f, 0xed, 0x10, 0x0e, 0xf4, 0x80, // .yx.s.q.........
	0x0e, 0x33, 0x0c, 0x42, 0x1e, 0xc2, 0xc1, 0x1d, 0xce, 0xa1, 0x1c, 0x66, 0x30, 0x05, 0x3d, 0x88, // .3.B.......f0.=.
	0x43, 0x38, 0x84, 0x83, 0x1b, 0xcc, 0x03, 0x3d, 0xc8, 0x43, 0x3d, 0x8c, 0x03, 0x3d, 0xcc, 0x78, // C8.....=.C=..=.x
	0x8c, 0x74, 0x70, 0x07, 0x7b, 0x08, 0x07, 0x79, 0x48, 0x87, 0x70, 0x70, 0x07, 0x7a, 0x70, 0x03, // .tp.{..yH.pp.zp.
	0x76, 0x78, 0x87, 0x70, 0x20, 0x87, 0x19, 0xcc, 0x11, 0x0e, 0xec, 0x90, 0x0e, 0xe1, 0x30, 0x0f, // vx.p .........0.
	0x6e, 0x30, 0x0f, 0xe3, 0xf0, 0x0e, 0xf0, 0x50, 0x0e, 0x33, 0x10, 0xc4, 0x1d, 0xde, 0x21, 0x1c, // n0.....P.3....!.
	0xd8, 0x21, 0x1d, 0xc2, 0x61, 0x1e, 0x66, 0x30, 0x89, 0x3b, 0xbc, 0x83, 0x3b, 0xd0, 0x43, 0x39, // .!..a.f0.;..;.C9
	0xb4, 0x03, 0x3c, 0xbc, 0x83, 0x3c, 0x84, 0x03, 0x3b, 0xcc, 0xf0, 0x14, 0x76, 0x60, 0x07, 0x7b, // ..<..<..;...v`.{
	0x68, 0x07, 0x37, 0x68, 0x87, 0x72, 0x68, 0x07, 0x37, 0x80, 0x87, 0x70, 0x90, 0x87, 0x70, 0x60, // h.7h.rh.7..p..p`
	0x07, 0x76, 0x28, 0x07, 0x76, 0xf8, 0x05, 0x76, 0x78, 0x87, 0x77, 0x80, 0x87, 0x5f, 0x08, 0x87, // .v(.v..vx.w.._..
	0x71, 0x18, 0x87, 0x72, 0x98, 0x87, 0x79, 0x98, 0x81, 0x2c, 0xee, 0xf0, 0x0e, 0xee, 0xe0, 0x0e, // q..r..y..,......
	0xf5, 0xc0, 0x0e, 0xec, 0x30, 0x03, 0x62, 0xc8, 0xa1, 0x1c, 0xe4, 0xa1, 0x1c, 0xcc, 0xa1, 0x1c, // ....0.b.........
	0xe4, 0xa1, 0x1c, 0xdc, 0x61, 0x1c, 0xca, 0x21, 0x1c, 0xc4, 0x81, 0x1d, 0xca, 0x61, 0x06, 0xd6, // ....a..!.....a..
	0x90, 0x43, 0x39, 0xc8, 0x43, 0x39, 0x98, 0x43, 0x39, 0xc8, 0x43, 0x39, 0xb8, 0xc3, 0x38, 0x94, // .C9.C9.C9.C9..8.
	0x43, 0x38, 0x88, 0x03, 0x3b, 0x94, 0xc3, 0x2f, 0xbc, 0x83, 0x3c, 0xfc, 0x82, 0x3b, 0xd4, 0x03, // C8..;../..<..;..
	0x3b, 0xb0, 0xc3, 0x0c, 0xc4, 0x21, 0x07, 0x7c, 0x70, 0x03, 0x7a, 0x28, 0x87, 0x76, 0x80, 0x87, // ;....!.|p.z(.v..
	0x19, 0xd1, 0x43, 0x0e, 0xf8, 0xe0, 0x06, 0xe4, 0x20, 0x0e, 0xe7, 0xe0, 0x06, 0xf6, 0x10, 0x0e, // ..C..... .......
	0xf2, 0xc0, 0x0e, 0xe1, 0x90, 0x0f, 0xef, 0x50, 0x0f, 0xf4, 0x00, 0x00, 0x00, 0x71, 0x20, 0x00, // .......P.....q .
	0x00, 0x18, 0x00, 0x00, 0x00, 0x36, 0xb0, 0x0d, 0x97, 0xef, 0x3c, 0xbe, 0x10, 0x50, 0x45, 0x41, // .....6....<..PEA
	0x44, 0xa5, 0x03, 0x0c, 0x25, 0x61, 0x00, 0x02, 0xe6, 0x17, 0xb7, 0x6d, 0x05, 0xd2, 0x70, 0xf9, // D...%a.....m..p.
	0xce, 0xe3, 0x0b, 0x11, 0x01, 0x4c, 0x44, 0x08, 0x34, 0xc3, 0x42, 0x58, 0xc0, 0x34, 0x5c, 0xbe, // .....LD.4.BX.4..
	0xf3, 0xf8, 0x8b, 0x03, 0x0c, 0x62, 0xf3, 0x50, 0x93, 0x5f, 0xdc, 0xb6, 0x09, 0x54, 0xc3, 0xe5, // .....b.P._...T..
	0x3b, 0x8f, 0x2f, 0x4d, 0x4e, 0x44, 0xa0, 0xd4, 0xf4, 0x50, 0x93, 0x5f, 0xdc, 0xb6, 0x11, 0x48, // ;./MND...P._...H
	0xc3, 0xe5, 0x3b, 0x8f, 0x3f, 0x11, 0xd1, 0x84, 0x00, 0x11, 0xe6, 0x17, 0xb7, 0x6d, 0x00, 0x04, // ..;.?........m..
	0x03, 0x20, 0x0d, 0x00, 0x00, 0x61, 0x20, 0x00, 0x00, 0x6d, 0x00, 0x00, 0x00, 0x13, 0x04, 0x41, // . ...a ..m.....A
	0x2c, 0x10, 0x00, 0x00, 0x00, 0x07, 0x00, 0x00, 0x00, 0x14, 0x47, 0x00, 0xa8, 0x94, 0x00, 0x91, // ,.........G.....
	0x52, 0x28, 0x84, 0x19, 0x80, 0xb2, 0x2b, 0xae, 0x92, 0xa3, 0x31, 0x46, 0x00, 0x82, 0x20, 0x88, // R(....+...1F.. .
	0x7f, 0x23, 0x00, 0x00, 0x00, 0x23, 0x06, 0x09, 0x00, 0x82, 0x60, 0x20, 0x6d, 0x83, 0x93, 0x65, // .#...#....` m..e
	0xca, 0x88, 0x41, 0x02, 0x80, 0x20, 0x18, 0x18, 0x60, 0x80, 0x50, 0x5a, 0x74, 0x8c, 0x18, 0x24, // ..A.. ..`.PZt..$
	0x00, 0x08, 0x82, 0x81, 0x11, 0x06, 0x49, 0xb5, 0x2d, 0xc8, 0x88, 0x41, 0x02, 0x80, 0x20, 0x18, // ......I.-..A.. .
	0x18, 0x62, 0xa0, 0x74, 0xdc, 0x94, 0x8c, 0x18, 0x24, 0x00, 0x08, 0x82, 0x81, 0x31, 0x06, 0x8b, // .b.t....$....1..
	0xd7, 0x35, 0xca, 0x88, 0x41, 0x02, 0x80, 0x20, 0x18, 0x18, 0x64, 0xc0, 0x7c, 0xde, 0xb4, 0x8c, // .5..A.. ..d.|...
	0x18, 0x24, 0x00, 0x08, 0x82, 0x81, 0x51, 0x06, 0xcd, 0xf7, 0x59, 0xcc, 0x88, 0x41, 0x02, 0x80, // .$....Q...Y..A..
	0x20, 0x18, 0x18, 0x66, 0xe0, 0x80, 0x01, 0x18, 0x40, 0xcd, 0x88, 0x41, 0x02, 0x80, 0x20, 0x18, //  ..f....@..A.. .
	0x18, 0x67, 0xf0, 0x84, 0x41, 0x18, 0x58, 0xce, 0x88, 0xc1, 0x01, 0x80, 0x20, 0x18, 0x34, 0x66, // .g..A.X..... .4f
	0xe0, 0x24, 0x62, 0x30, 0x9a, 0x10, 0x00, 0xa3, 0x09, 0x42, 0x30, 0x62, 0x70, 0x00, 0x20, 0x08, // .$b0.....B0bp. .
	0x06, 0x4d, 0x1a, 0x44, 0x8c, 0x19, 0x8c, 0x26, 0x04, 0xc0, 0x68, 0x82, 0x10, 0x8c, 0x18, 0x1c, // .M.D...&..h.....
	0x00, 0x08, 0x82, 0x41, 0xc3, 0x06, 0xd4, 0x43, 0x06, 0xa3, 0x09, 0x01, 0x30, 0x9a, 0x20, 0x04, // ...A...C....0. .
	0x86, 0x3c, 0xf2, 0x19, 0x31, 0x40, 0x00, 0x10, 0x04, 0x83, 0xe7, 0x0d, 0x2e, 0xe3, 0x09, 0x8c, // .<..1@..........
	0x08, 0xa0, 0x63, 0x8a, 0x24, 0x9f, 0x11, 0x03, 0x04, 0x00, 0x41, 0x30, 0x78, 0xe4, 0x40, 0x43, // ..c.$.....A0x.@C
	0xa4, 0xc0, 0x02, 0x03, 0x3a, 0x23, 0x06, 0x09, 0x00, 0x82, 0x60, 0x80, 0xd8, 0x01, 0x18, 0xc4, // ....:#....`.....
	0x41, 0x1c, 0xa0, 0x01, 0x31, 0x62, 0x90, 0x00, 0x20, 0x08, 0x06, 0x88, 0x1d, 0x80, 0x41, 0x1c, // A...1b.. .....A.
	0xc4, 0x41, 0x18, 0x04, 0x23, 0x06, 0x09, 0x00, 0x82, 0x60, 0x80, 0xd8, 0x01, 0x18, 0xc4, 0x41, // .A..#....`.....A
	0x1c, 0x98, 0x41, 0x36, 0x62, 0x90, 0x00, 0x20, 0x08, 0x06, 0x88, 0x1d, 0x80, 0x41, 0x1c, 0xc4, // ..A6b.. .....A..
	0xc1, 0x19, 0x68, 0x23, 0x06, 0x09, 0x00, 0x82, 0x60, 0x80, 0xd8, 0x01, 0x18, 0xc8, 0x41, 0x1c, // ..h#....`.....A.
	0xa0, 0x81, 0x34, 0x62, 0x90, 0x00, 0x20, 0x08, 0x06, 0x88, 0x1d, 0x80, 0x81, 0x1c, 0xc4, 0x41, // ..4b.. ........A
	0x18, 0x44, 0x23, 0x06, 0x09, 0x00, 0x82, 0x60, 0x80, 0xd8, 0x01, 0x18, 0xc8, 0x41, 0x1c, 0x98, // .D#....`.....A..
	0x01, 0x34, 0x62, 0x90, 0x00, 0x20, 0x08, 0x06, 0x88, 0x1d, 0x80, 0x81, 0x1c, 0xc4, 0xc1, 0x19, // .4b.. ..........
	0x4c, 0x23, 0x06, 0x09, 0x00, 0x82, 0x60, 0x80, 0xd8, 0x01, 0x18, 0xac, 0x41, 0x1c, 0xa0, 0xc1, // L#....`.....A...
	0x35, 0x62, 0x90, 0x00, 0x20, 0x08, 0x06, 0x88, 0x1d, 0x80, 0xc1, 0x1a, 0xc4, 0x41, 0x18, 0x58, // 5b.. ........A.X
	0x23, 0x06, 0x09, 0x00, 0x82, 0x60, 0x80, 0xd8, 0x01, 0x18, 0xb4, 0x41, 0x1c, 0xa0, 0x41, 0x35, // #....`.....A..A5
	0x62, 0x90, 0x00, 0x20, 0x08, 0x06, 0x88, 0x1d, 0x80, 0x41, 0x1b, 0xc4, 0x41, 0x18, 0x50, 0x08, // b.. .....A..A.P.
	0x00, 0x00, 0x00, 0x00, 0x00, 0x00, 0x03, 0x02, 0x00, 0x01, 0x00, 0x10, 0x00, 0x40, 0x00,       // .............@.
};
static const uint8_t vs_imgui_spv[1547] =
{
	0x56, 0x53, 0x48, 0x0c, 0x00, 0x00, 0x00, 0x00, 0x4f, 0x45, 0x98, 0x49, 0x00, 0x00, 0x00, 0x00, // VSH.....OE.I....
	0x00, 0x00, 0x00, 0x00, 0x01, 0x00, 0x0c, 0x6d, 0x61, 0x74, 0x57, 0x6f, 0x72, 0x6c, 0x64, 0x56, // .......matWorldV
	0x69, 0x65, 0x77, 0x04, 0x01, 0x00, 0x00, 0x04, 0x00, 0x00, 0x00, 0x00, 0x00, 0xd0, 0x05, 0x00, // iew.............
	0x00, 0x03, 0x02, 0x23, 0x07, 0x00, 0x00, 0x01, 0x00, 0x0b, 0x00, 0x08, 0x00, 0xa3, 0x00, 0x00, // ...#............
	0x00, 0x00, 0x00, 0x00, 0x00, 0x11, 0x00, 0x02, 0x00, 0x01, 0x00, 0x00, 0x00, 0x0b, 0x00, 0x06, // ................
	0x00, 0x01, 0x00, 0x00, 0x00, 0x47, 0x4c, 0x53, 0x4c, 0x2e, 0x73, 0x74, 0x64, 0x2e, 0x34, 0x35, // .....GLSL.std.45
	0x30, 0x00, 0x00, 0x00, 0x00, 0x0e, 0x00, 0x03, 0x00, 0x00, 0x00, 0x00, 0x00, 0x01, 0x00, 0x00, // 0...............
	0x00, 0x0f, 0x00, 0x0c, 0x00, 0x00, 0x00, 0x00, 0x00, 0x04, 0x00, 0x00, 0x00, 0x6d, 0x61, 0x69, // .............mai
	0x6e, 0x00, 0x00, 0x00, 0x00, 0x4f, 0x00, 0x00, 0x00, 0x52, 0x00, 0x00, 0x00, 0x56, 0x00, 0x00, // n....O...R...V..
	0x00, 0x61, 0x00, 0x00, 0x00, 0x64, 0x00, 0x00, 0x00, 0x68, 0x00, 0x00, 0x00, 0x6b, 0x00, 0x00, // .a...d...h...k..
	0x00, 0x03, 0x00, 0x03, 0x00, 0x05, 0x00, 0x00, 0x00, 0xf4, 0x01, 0x00, 0x00, 0x05, 0x00, 0x04, // ................
	0x00, 0x04, 0x00, 0x00, 0x00, 0x6d, 0x61, 0x69, 0x6e, 0x00, 0x00, 0x00, 0x00, 0x05, 0x00, 0x06, // .....main.......
	0x00, 0x2d, 0x00, 0x00, 0x00, 0x55, 0x6e, 0x69, 0x66, 0x6f, 0x72, 0x6d, 0x42, 0x6c, 0x6f, 0x63, // .-...UniformBloc
	0x6b, 0x00, 0x00, 0x00, 0x00, 0x06, 0x00, 0x07, 0x00, 0x2d, 0x00, 0x00, 0x00, 0x00, 0x00, 0x00, // k........-......
	0x00, 0x6d, 0x61, 0x74, 0x57, 0x6f, 0x72, 0x6c, 0x64, 0x56, 0x69, 0x65, 0x77, 0x00, 0x00, 0x00, // .matWorldView...
	0x00, 0x05, 0x00, 0x03, 0x00, 0x2f, 0x00, 0x00, 0x00, 0x00, 0x00, 0x00, 0x00, 0x05, 0x00, 0x05, // ...../..........
	0x00, 0x4f, 0x00, 0x00, 0x00, 0x61, 0x5f, 0x6e, 0x6f, 0x72, 0x6d, 0x61, 0x6c, 0x00, 0x00, 0x00, // .O...a_normal...
	0x00, 0x05, 0x00, 0x05, 0x00, 0x52, 0x00, 0x00, 0x00, 0x61, 0x5f, 0x70, 0x6f, 0x73, 0x69, 0x74, // .....R...a_posit
	0x69, 0x6f, 0x6e, 0x00, 0x00, 0x05, 0x00, 0x05, 0x00, 0x56, 0x00, 0x00, 0x00, 0x61, 0x5f, 0x74, // ion......V...a_t
	0x65, 0x78, 0x63, 0x6f, 0x6f, 0x72, 0x64, 0x30, 0x00, 0x05, 0x00, 0x0a, 0x00, 0x61, 0x00, 0x00, // excoord0.....a..
	0x00, 0x40, 0x65, 0x6e, 0x74, 0x72, 0x79, 0x50, 0x6f, 0x69, 0x6e, 0x74, 0x4f, 0x75, 0x74, 0x70, // .@entryPointOutp
	0x75, 0x74, 0x2e, 0x67, 0x6c, 0x5f, 0x50, 0x6f, 0x73, 0x69, 0x74, 0x69, 0x6f, 0x6e, 0x00, 0x00, // ut.gl_Position..
	0x00, 0x05, 0x00, 0x09, 0x00, 0x64, 0x00, 0x00, 0x00, 0x40, 0x65, 0x6e, 0x74, 0x72, 0x79, 0x50, // .....d...@entryP
	0x6f, 0x69, 0x6e, 0x74, 0x4f, 0x75, 0x74, 0x70, 0x75, 0x74, 0x2e, 0x76, 0x5f, 0x63, 0x6f, 0x6c, // ointOutput.v_col
	0x6f, 0x72, 0x30, 0x00, 0x00, 0x05, 0x00, 0x0a, 0x00, 0x68, 0x00, 0x00, 0x00, 0x40, 0x65, 0x6e, // or0......h...@en
	0x74, 0x72, 0x79, 0x50, 0x6f, 0x69, 0x6e, 0x74, 0x4f, 0x75, 0x74, 0x70, 0x75, 0x74, 0x2e, 0x76, // tryPointOutput.v
	0x5f, 0x74, 0x65, 0x78, 0x63, 0x6f, 0x6f, 0x72, 0x64, 0x30, 0x00, 0x00, 0x00, 0x05, 0x00, 0x0a, // _texcoord0......
	0x00, 0x6b, 0x00, 0x00, 0x00, 0x40, 0x65, 0x6e, 0x74, 0x72, 0x79, 0x50, 0x6f, 0x69, 0x6e, 0x74, // .k...@entryPoint
	0x4f, 0x75, 0x74, 0x70, 0x75, 0x74, 0x2e, 0x76, 0x5f, 0x74, 0x65, 0x78, 0x63, 0x6f, 0x6f, 0x72, // Output.v_texcoor
	0x64, 0x31, 0x00, 0x00, 0x00, 0x47, 0x00, 0x03, 0x00, 0x2d, 0x00, 0x00, 0x00, 0x02, 0x00, 0x00, // d1...G...-......
	0x00, 0x48, 0x00, 0x04, 0x00, 0x2d, 0x00, 0x00, 0x00, 0x00, 0x00, 0x00, 0x00, 0x04, 0x00, 0x00, // .H...-..........
	0x00, 0x48, 0x00, 0x05, 0x00, 0x2d, 0x00, 0x00, 0x00, 0x00, 0x00, 0x00, 0x00, 0x07, 0x00, 0x00, // .H...-..........
	0x00, 0x10, 0x00, 0x00, 0x00, 0x48, 0x00, 0x05, 0x00, 0x2d, 0x00, 0x00, 0x00, 0x00, 0x00, 0x00, // .....H...-......
	0x00, 0x23, 0x00, 0x00, 0x00, 0x00, 0x00, 0x00, 0x00, 0x47, 0x00, 0x04, 0x00, 0x2f, 0x00, 0x00, // .#.......G.../..
	0x00, 0x21, 0x00, 0x00, 0x00, 0x00, 0x00, 0x00, 0x00, 0x47, 0x00, 0x04, 0x00, 0x2f, 0x00, 0x00, // .!.......G.../..
	0x00, 0x22, 0x00, 0x00, 0x00, 0x00, 0x00, 0x00, 0x00, 0x47, 0x00, 0x04, 0x00, 0x4f, 0x00, 0x00, // .".......G...O..
	0x00, 0x1e, 0x00, 0x00, 0x00, 0x00, 0x00, 0x00, 0x00, 0x47, 0x00, 0x04, 0x00, 0x52, 0x00, 0x00, // .........G...R..
	0x00, 0x1e, 0x00, 0x00, 0x00, 0x01, 0x00, 0x00, 0x00, 0x47, 0x00, 0x04, 0x00, 0x56, 0x00, 0x00, // .........G...V..
	0x00, 0x1e, 0x00, 0x00, 0x00, 0x02, 0x00, 0x00, 0x00, 0x47, 0x00, 0x04, 0x00, 0x61, 0x00, 0x00, // .........G...a..
	0x00, 0x0b, 0x00, 0x00, 0x00, 0x00, 0x00, 0x00, 0x00, 0x47, 0x00, 0x04, 0x00, 0x64, 0x00, 0x00, // .........G...d..
	0x00, 0x1e, 0x00, 0x00, 0x00, 0x00, 0x00, 0x00, 0x00, 0x47, 0x00, 0x04, 0x00, 0x68, 0x00, 0x00, // .........G...h..
	0x00, 0x1e, 0x00, 0x00, 0x00, 0x01, 0x00, 0x00, 0x00, 0x47, 0x00, 0x04, 0x00, 0x6b, 0x00, 0x00, // .........G...k..
	0x00, 0x1e, 0x00, 0x00, 0x00, 0x02, 0x00, 0x00, 0x00, 0x13, 0x00, 0x02, 0x00, 0x02, 0x00, 0x00, // ................
	0x00, 0x21, 0x00, 0x03, 0x00, 0x03, 0x00, 0x00, 0x00, 0x02, 0x00, 0x00, 0x00, 0x16, 0x00, 0x03, // .!..............
	0x00, 0x06, 0x00, 0x00, 0x00, 0x20, 0x00, 0x00, 0x00, 0x17, 0x00, 0x04, 0x00, 0x07, 0x00, 0x00, // ..... ..........
	0x00, 0x06, 0x00, 0x00, 0x00, 0x03, 0x00, 0x00, 0x00, 0x17, 0x00, 0x04, 0x00, 0x09, 0x00, 0x00, // ................
	0x00, 0x06, 0x00, 0x00, 0x00, 0x02, 0x00, 0x00, 0x00, 0x17, 0x00, 0x04, 0x00, 0x0b, 0x00, 0x00, // ................
	0x00, 0x06, 0x00, 0x00, 0x00, 0x04, 0x00, 0x00, 0x00, 0x15, 0x00, 0x04, 0x00, 0x15, 0x00, 0x00, // ................
	0x00, 0x20, 0x00, 0x00, 0x00, 0x01, 0x00, 0x00, 0x00, 0x2b, 0x00, 0x04, 0x00, 0x06, 0x00, 0x00, // . .......+......
	0x00, 0x17, 0x00, 0x00, 0x00, 0x00, 0x00, 0x80, 0x3f, 0x2b, 0x00, 0x04, 0x00, 0x06, 0x00, 0x00, // ........?+......
	0x00, 0x18, 0x00, 0x00, 0x00, 0x00, 0x00, 0x00, 0x00, 0x18, 0x00, 0x04, 0x00, 0x2c, 0x00, 0x00, // .............,..
	0x00, 0x0b, 0x00, 0x00, 0x00, 0x04, 0x00, 0x00, 0x00, 0x1e, 0x00, 0x03, 0x00, 0x2d, 0x00, 0x00, // .............-..
	0x00, 0x2c, 0x00, 0x00, 0x00, 0x20, 0x00, 0x04, 0x00, 0x2e, 0x00, 0x00, 0x00, 0x02, 0x00, 0x00, // .,... ..........
	0x00, 0x2d, 0x00, 0x00, 0x00, 0x3b, 0x00, 0x04, 0x00, 0x2e, 0x00, 0x00, 0x00, 0x2f, 0x00, 0x00, // .-...;......./..
	0x00, 0x02, 0x00, 0x00, 0x00, 0x2b, 0x00, 0x04, 0x00, 0x15, 0x00, 0x00, 0x00, 0x30, 0x00, 0x00, // .....+.......0..
	0x00, 0x00, 0x00, 0x00, 0x00, 0x20, 0x00, 0x04, 0x00, 0x31, 0x00, 0x00, 0x00, 0x02, 0x00, 0x00, // ..... ...1......
	0x00, 0x2c, 0x00, 0x00, 0x00, 0x20, 0x00, 0x04, 0x00, 0x4e, 0x00, 0x00, 0x00, 0x01, 0x00, 0x00, // .,... ...N......
	0x00, 0x07, 0x00, 0x00, 0x00, 0x3b, 0x00, 0x04, 0x00, 0x4e, 0x00, 0x00, 0x00, 0x4f, 0x00, 0x00, // .....;...N...O..
	0x00, 0x01, 0x00, 0x00, 0x00, 0x3b, 0x00, 0x04, 0x00, 0x4e, 0x00, 0x00, 0x00, 0x52, 0x00, 0x00, // .....;...N...R..
	0x00, 0x01, 0x00, 0x00, 0x00, 0x20, 0x00, 0x04, 0x00, 0x55, 0x00, 0x00, 0x00, 0x01, 0x00, 0x00, // ..... ...U......
	0x00, 0x09, 0x00, 0x00, 0x00, 0x3b, 0x00, 0x04, 0x00, 0x55, 0x00, 0x00, 0x00, 0x56, 0x00, 0x00, // .....;...U...V..
	0x00, 0x01, 0x00, 0x00, 0x00, 0x20, 0x00, 0x04, 0x00, 0x60, 0x00, 0x00, 0x00, 0x03, 0x00, 0x00, // ..... ...`......
	0x00, 0x0b, 0x00, 0x00, 0x00, 0x3b, 0x00, 0x04, 0x00, 0x60, 0x00, 0x00, 0x00, 0x61, 0x00, 0x00, // .....;...`...a..
	0x00, 0x03, 0x00, 0x00, 0x00, 0x3b, 0x00, 0x04, 0x00, 0x60, 0x00, 0x00, 0x00, 0x64, 0x00, 0x00, // .....;...`...d..
	0x00, 0x03, 0x00, 0x00, 0x00, 0x20, 0x00, 0x04, 0x00, 0x67, 0x00, 0x00, 0x00, 0x03, 0x00, 0x00, // ..... ...g......
	0x00, 0x09, 0x00, 0x00, 0x00, 0x3b, 0x00, 0x04, 0x00, 0x67, 0x00, 0x00, 0x00, 0x68, 0x00, 0x00, // .....;...g...h..
	0x00, 0x03, 0x00, 0x00, 0x00, 0x3b, 0x00, 0x04, 0x00, 0x67, 0x00, 0x00, 0x00, 0x6b, 0x00, 0x00, // .....;...g...k..
	0x00, 0x03, 0x00, 0x00, 0x00, 0x36, 0x00, 0x05, 0x00, 0x02, 0x00, 0x00, 0x00, 0x04, 0x00, 0x00, // .....6..........
	0x00, 0x00, 0x00, 0x00, 0x00, 0x03, 0x00, 0x00, 0x00, 0xf8, 0x00, 0x02, 0x00, 0x05, 0x00, 0x00, // ................
	0x00, 0x3d, 0x00, 0x04, 0x00, 0x07, 0x00, 0x00, 0x00, 0x50, 0x00, 0x00, 0x00, 0x4f, 0x00, 0x00, // .=.......P...O..
	0x00, 0x3d, 0x00, 0x04, 0x00, 0x07, 0x00, 0x00, 0x00, 0x53, 0x00, 0x00, 0x00, 0x52, 0x00, 0x00, // .=.......S...R..
	0x00, 0x3d, 0x00, 0x04, 0x00, 0x09, 0x00, 0x00, 0x00, 0x57, 0x00, 0x00, 0x00, 0x56, 0x00, 0x00, // .=.......W...V..
	0x00, 0x4f, 0x00, 0x07, 0x00, 0x09, 0x00, 0x00, 0x00, 0x89, 0x00, 0x00, 0x00, 0x53, 0x00, 0x00, // .O...........S..
	0x00, 0x53, 0x00, 0x00, 0x00, 0x00, 0x00, 0x00, 0x00, 0x01, 0x00, 0x00, 0x00, 0x51, 0x00, 0x05, // .S...........Q..
	0x00, 0x06, 0x00, 0x00, 0x00, 0x8d, 0x00, 0x00, 0x00, 0x53, 0x00, 0x00, 0x00, 0x00, 0x00, 0x00, // .........S......
	0x00, 0x51, 0x00, 0x05, 0x00, 0x06, 0x00, 0x00, 0x00, 0x8e, 0x00, 0x00, 0x00, 0x53, 0x00, 0x00, // .Q...........S..
	0x00, 0x01, 0x00, 0x00, 0x00, 0x50, 0x00, 0x07, 0x00, 0x0b, 0x00, 0x00, 0x00, 0x8f, 0x00, 0x00, // .....P..........
	0x00, 0x8d, 0x00, 0x00, 0x00, 0x8e, 0x00, 0x00, 0x00, 0x18, 0x00, 0x00, 0x00, 0x17, 0x00, 0x00, // ................
	0x00, 0x41, 0x00, 0x05, 0x00, 0x31, 0x00, 0x00, 0x00, 0x91, 0x00, 0x00, 0x00, 0x2f, 0x00, 0x00, // .A...1......./..
	0x00, 0x30, 0x00, 0x00, 0x00, 0x3d, 0x00, 0x04, 0x00, 0x2c, 0x00, 0x00, 0x00, 0x92, 0x00, 0x00, // .0...=...,......
	0x00, 0x91, 0x00, 0x00, 0x00, 0x90, 0x00, 0x05, 0x00, 0x0b, 0x00, 0x00, 0x00, 0x93, 0x00, 0x00, // ................
	0x00, 0x8f, 0x00, 0x00, 0x00, 0x92, 0x00, 0x00, 0x00, 0x51, 0x00, 0x05, 0x00, 0x06, 0x00, 0x00, // .........Q......
	0x00, 0x95, 0x00, 0x00, 0x00, 0x93, 0x00, 0x00, 0x00, 0x00, 0x00, 0x00, 0x00, 0x51, 0x00, 0x05, // .............Q..
	0x00, 0x06, 0x00, 0x00, 0x00, 0x97, 0x00, 0x00, 0x00, 0x93, 0x00, 0x00, 0x00, 0x01, 0x00, 0x00, // ................
	0x00, 0x50, 0x00, 0x07, 0x00, 0x0b, 0x00, 0x00, 0x00, 0x98, 0x00, 0x00, 0x00, 0x95, 0x00, 0x00, // .P..............
	0x00, 0x97, 0x00, 0x00, 0x00, 0x18, 0x00, 0x00, 0x00, 0x17, 0x00, 0x00, 0x00, 0x51, 0x00, 0x05, // .............Q..
	0x00, 0x06, 0x00, 0x00, 0x00, 0x9e, 0x00, 0x00, 0x00, 0x53, 0x00, 0x00, 0x00, 0x02, 0x00, 0x00, // .........S......
	0x00, 0x51, 0x00, 0x05, 0x00, 0x06, 0x00, 0x00, 0x00, 0x9f, 0x00, 0x00, 0x00, 0x50, 0x00, 0x00, // .Q...........P..
	0x00, 0x00, 0x00, 0x00, 0x00, 0x51, 0x00, 0x05, 0x00, 0x06, 0x00, 0x00, 0x00, 0xa0, 0x00, 0x00, // .....Q..........
	0x00, 0x50, 0x00, 0x00, 0x00, 0x01, 0x00, 0x00, 0x00, 0x51, 0x00, 0x05, 0x00, 0x06, 0x00, 0x00, // .P.......Q......
	0x00, 0xa1, 0x00, 0x00, 0x00, 0x50, 0x00, 0x00, 0x00, 0x02, 0x00, 0x00, 0x00, 0x50, 0x00, 0x07, // .....P.......P..
	0x00, 0x0b, 0x00, 0x00, 0x00, 0xa2, 0x00, 0x00, 0x00, 0x9f, 0x00, 0x00, 0x00, 0xa0, 0x00, 0x00, // ................
	0x00, 0xa1, 0x00, 0x00, 0x00, 0x9e, 0x00, 0x00, 0x00, 0x3e, 0x00, 0x03, 0x00, 0x61, 0x00, 0x00, // .........>...a..
	0x00, 0x98, 0x00, 0x00, 0x00, 0x3e, 0x00, 0x03, 0x00, 0x64, 0x00, 0x00, 0x00, 0xa2, 0x00, 0x00, // .....>...d......
	0x00, 0x3e, 0x00, 0x03, 0x00, 0x68, 0x00, 0x00, 0x00, 0x57, 0x00, 0x00, 0x00, 0x3e, 0x00, 0x03, // .>...h...W...>..
	0x00, 0x6b, 0x00, 0x00, 0x00, 0x89, 0x00, 0x00, 0x00, 0xfd, 0x00, 0x01, 0x00, 0x38, 0x00, 0x01, // .k...........8..
	0x00, 0x00, 0x03, 0x02, 0x00, 0x01, 0x00, 0x10, 0x00, 0x40, 0x00,                               // .........@.
};
static const bgfx::EmbeddedShader vs_imgui = BGFX_EMBEDDED_SHADER(vs_imgui);

//////////////////////////////////////////////////////////////////////////////////////////////////////////////////////
// Build of fragment shader from fs_imgui.sc to fs_imgui with options: NOSTEREO
static const uint8_t fs_imgui_mtl[3335] =
{
	0x46, 0x53, 0x48, 0x0c, 0x4f, 0x45, 0x98, 0x49, 0x00, 0x00, 0x00, 0x00, 0x00, 0x00, 0x00, 0x00, // FSH.OE.I........
	0x00, 0x00, 0x00, 0x00, 0x05, 0x00, 0x15, 0x74, 0x65, 0x78, 0x5f, 0x62, 0x61, 0x73, 0x65, 0x5f, // .......tex_base_
	0x63, 0x6f, 0x6c, 0x6f, 0x72, 0x53, 0x61, 0x6d, 0x70, 0x6c, 0x65, 0x72, 0x11, 0x01, 0xff, 0xff, // colorSampler....
	0x01, 0x00, 0x00, 0x00, 0x00, 0x00, 0x15, 0x74, 0x65, 0x78, 0x5f, 0x62, 0x61, 0x73, 0x65, 0x5f, // .......tex_base_
	0x63, 0x6f, 0x6c, 0x6f, 0x72, 0x54, 0x65, 0x78, 0x74, 0x75, 0x72, 0x65, 0x11, 0x01, 0xff, 0xff, // colorTexture....
	0x01, 0x00, 0x00, 0x00, 0x00, 0x00, 0x0a, 0x63, 0x6c, 0x69, 0x70, 0x5f, 0x70, 0x6c, 0x61, 0x6e, // .......clip_plan
	0x65, 0x12, 0x01, 0x00, 0x00, 0x01, 0x00, 0x00, 0x00, 0x00, 0x00, 0x11, 0x73, 0x74, 0x61, 0x74, // e...........stat
	0x69, 0x63, 0x43, 0x6f, 0x6c, 0x6f, 0x72, 0x5f, 0x41, 0x6c, 0x70, 0x68, 0x61, 0x12, 0x01, 0x10, // icColor_Alpha...
	0x00, 0x01, 0x00, 0x00, 0x00, 0x00, 0x00, 0x0e, 0x74, 0x65, 0x78, 0x5f, 0x62, 0x61, 0x73, 0x65, // ........tex_base
	0x5f, 0x63, 0x6f, 0x6c, 0x6f, 0x72, 0x10, 0x00, 0x00, 0x00, 0x00, 0x00, 0x00, 0x02, 0x00, 0x00, // _color..........
	0x5f, 0x0c, 0x00, 0x00, 0x23, 0x69, 0x6e, 0x63, 0x6c, 0x75, 0x64, 0x65, 0x20, 0x3c, 0x6d, 0x65, // _...#include <me
	0x74, 0x61, 0x6c, 0x5f, 0x73, 0x74, 0x64, 0x6c, 0x69, 0x62, 0x3e, 0x0a, 0x23, 0x69, 0x6e, 0x63, // tal_stdlib>.#inc
	0x6c, 0x75, 0x64, 0x65, 0x20, 0x3c, 0x73, 0x69, 0x6d, 0x64, 0x2f, 0x73, 0x69, 0x6d, 0x64, 0x2e, // lude <simd/simd.
	0x68, 0x3e, 0x0a, 0x0a, 0x75, 0x73, 0x69, 0x6e, 0x67, 0x20, 0x6e, 0x61, 0x6d, 0x65, 0x73, 0x70, // h>..using namesp
	0x61, 0x63, 0x65, 0x20, 0x6d, 0x65, 0x74, 0x61, 0x6c, 0x3b, 0x0a, 0x0a, 0x73, 0x74, 0x72, 0x75, // ace metal;..stru
	0x63, 0x74, 0x20, 0x5f, 0x47, 0x6c, 0x6f, 0x62, 0x61, 0x6c, 0x0a, 0x7b, 0x0a, 0x20, 0x20, 0x20, // ct _Global.{.   
	0x20, 0x66, 0x6c, 0x6f, 0x61, 0x74, 0x34, 0x20, 0x63, 0x6c, 0x69, 0x70, 0x5f, 0x70, 0x6c, 0x61, //  float4 clip_pla
	0x6e, 0x65, 0x3b, 0x0a, 0x20, 0x20, 0x20, 0x20, 0x66, 0x6c, 0x6f, 0x61, 0x74, 0x34, 0x20, 0x73, // ne;.    float4 s
	0x74, 0x61, 0x74, 0x69, 0x63, 0x43, 0x6f, 0x6c, 0x6f, 0x72, 0x5f, 0x41, 0x6c, 0x70, 0x68, 0x61, // taticColor_Alpha
	0x3b, 0x0a, 0x7d, 0x3b, 0x0a, 0x0a, 0x73, 0x74, 0x72, 0x75, 0x63, 0x74, 0x20, 0x78, 0x6c, 0x61, // ;.};..struct xla
	0x74, 0x4d, 0x74, 0x6c, 0x4d, 0x61, 0x69, 0x6e, 0x5f, 0x6f, 0x75, 0x74, 0x0a, 0x7b, 0x0a, 0x20, // tMtlMain_out.{. 
	0x20, 0x20, 0x20, 0x66, 0x6c, 0x6f, 0x61, 0x74, 0x34, 0x20, 0x62, 0x67, 0x66, 0x78, 0x5f, 0x46, //    float4 bgfx_F
	0x72, 0x61, 0x67, 0x44, 0x61, 0x74, 0x61, 0x30, 0x20, 0x5b, 0x5b, 0x63, 0x6f, 0x6c, 0x6f, 0x72, // ragData0 [[color
	0x28, 0x30, 0x29, 0x5d, 0x5d, 0x3b, 0x0a, 0x7d, 0x3b, 0x0a, 0x0a, 0x73, 0x74, 0x72, 0x75, 0x63, // (0)]];.};..struc
	0x74, 0x20, 0x78, 0x6c, 0x61, 0x74, 0x4d, 0x74, 0x6c, 0x4d, 0x61, 0x69, 0x6e, 0x5f, 0x69, 0x6e, // t xlatMtlMain_in
	0x0a, 0x7b, 0x0a, 0x20, 0x20, 0x20, 0x20, 0x66, 0x6c, 0x6f, 0x61, 0x74, 0x34, 0x20, 0x76, 0x5f, // .{.    float4 v_
	0x63, 0x6f, 0x6c, 0x6f, 0x72, 0x30, 0x20, 0x5b, 0x5b, 0x75, 0x73, 0x65, 0x72, 0x28, 0x6c, 0x6f, // color0 [[user(lo
	0x63, 0x6e, 0x30, 0x29, 0x5d, 0x5d, 0x3b, 0x0a, 0x20, 0x20, 0x20, 0x20, 0x66, 0x6c, 0x6f, 0x61, // cn0)]];.    floa
	0x74, 0x32, 0x20, 0x76, 0x5f, 0x74, 0x65, 0x78, 0x63, 0x6f, 0x6f, 0x72, 0x64, 0x30, 0x20, 0x5b, // t2 v_texcoord0 [
	0x5b, 0x75, 0x73, 0x65, 0x72, 0x28, 0x6c, 0x6f, 0x63, 0x6e, 0x31, 0x29, 0x5d, 0x5d, 0x3b, 0x0a, // [user(locn1)]];.
	0x20, 0x20, 0x20, 0x20, 0x66, 0x6c, 0x6f, 0x61, 0x74, 0x32, 0x20, 0x76, 0x5f, 0x74, 0x65, 0x78, //     float2 v_tex
	0x63, 0x6f, 0x6f, 0x72, 0x64, 0x31, 0x20, 0x5b, 0x5b, 0x75, 0x73, 0x65, 0x72, 0x28, 0x6c, 0x6f, // coord1 [[user(lo
	0x63, 0x6e, 0x32, 0x29, 0x5d, 0x5d, 0x3b, 0x0a, 0x7d, 0x3b, 0x0a, 0x0a, 0x66, 0x72, 0x61, 0x67, // cn2)]];.};..frag
	0x6d, 0x65, 0x6e, 0x74, 0x20, 0x78, 0x6c, 0x61, 0x74, 0x4d, 0x74, 0x6c, 0x4d, 0x61, 0x69, 0x6e, // ment xlatMtlMain
	0x5f, 0x6f, 0x75, 0x74, 0x20, 0x78, 0x6c, 0x61, 0x74, 0x4d, 0x74, 0x6c, 0x4d, 0x61, 0x69, 0x6e, // _out xlatMtlMain
	0x28, 0x78, 0x6c, 0x61, 0x74, 0x4d, 0x74, 0x6c, 0x4d, 0x61, 0x69, 0x6e, 0x5f, 0x69, 0x6e, 0x20, // (xlatMtlMain_in 
	0x69, 0x6e, 0x20, 0x5b, 0x5b, 0x73, 0x74, 0x61, 0x67, 0x65, 0x5f, 0x69, 0x6e, 0x5d, 0x5d, 0x2c, // in [[stage_in]],
	0x20, 0x63, 0x6f, 0x6e, 0x73, 0x74, 0x61, 0x6e, 0x74, 0x20, 0x5f, 0x47, 0x6c, 0x6f, 0x62, 0x61, //  constant _Globa
	0x6c, 0x26, 0x20, 0x5f, 0x6d, 0x74, 0x6c, 0x5f, 0x75, 0x20, 0x5b, 0x5b, 0x62, 0x75, 0x66, 0x66, // l& _mtl_u [[buff
	0x65, 0x72, 0x28, 0x30, 0x29, 0x5d, 0x5d, 0x2c, 0x20, 0x74, 0x65, 0x78, 0x74, 0x75, 0x72, 0x65, // er(0)]], texture
	0x32, 0x64, 0x3c, 0x66, 0x6c, 0x6f, 0x61, 0x74, 0x3e, 0x20, 0x74, 0x65, 0x78, 0x5f, 0x62, 0x61, // 2d<float> tex_ba
	0x73, 0x65, 0x5f, 0x63, 0x6f, 0x6c, 0x6f, 0x72, 0x20, 0x5b, 0x5b, 0x74, 0x65, 0x78, 0x74, 0x75, // se_color [[textu
	0x72, 0x65, 0x28, 0x30, 0x29, 0x5d, 0x5d, 0x2c, 0x20, 0x73, 0x61, 0x6d, 0x70, 0x6c, 0x65, 0x72, // re(0)]], sampler
	0x20, 0x74, 0x65, 0x78, 0x5f, 0x62, 0x61, 0x73, 0x65, 0x5f, 0x63, 0x6f, 0x6c, 0x6f, 0x72, 0x53, //  tex_base_colorS
	0x61, 0x6d, 0x70, 0x6c, 0x65, 0x72, 0x20, 0x5b, 0x5b, 0x73, 0x61, 0x6d, 0x70, 0x6c, 0x65, 0x72, // ampler [[sampler
	0x28, 0x30, 0x29, 0x5d, 0x5d, 0x29, 0x0a, 0x7b, 0x0a, 0x20, 0x20, 0x20, 0x20, 0x78, 0x6c, 0x61, // (0)]]).{.    xla
	0x74, 0x4d, 0x74, 0x6c, 0x4d, 0x61, 0x69, 0x6e, 0x5f, 0x6f, 0x75, 0x74, 0x20, 0x6f, 0x75, 0x74, // tMtlMain_out out
	0x20, 0x3d, 0x20, 0x7b, 0x7d, 0x3b, 0x0a, 0x20, 0x20, 0x20, 0x20, 0x69, 0x66, 0x20, 0x28, 0x61, //  = {};.    if (a
	0x6e, 0x79, 0x28, 0x69, 0x6e, 0x2e, 0x76, 0x5f, 0x74, 0x65, 0x78, 0x63, 0x6f, 0x6f, 0x72, 0x64, // ny(in.v_texcoord
	0x31, 0x20, 0x3c, 0x20, 0x5f, 0x6d, 0x74, 0x6c, 0x5f, 0x75, 0x2e, 0x63, 0x6c, 0x69, 0x70, 0x5f, // 1 < _mtl_u.clip_
	0x70, 0x6c, 0x61, 0x6e, 0x65, 0x2e, 0x78, 0x79, 0x29, 0x20, 0x7c, 0x7c, 0x20, 0x61, 0x6e, 0x79, // plane.xy) || any
	0x28, 0x69, 0x6e, 0x2e, 0x76, 0x5f, 0x74, 0x65, 0x78, 0x63, 0x6f, 0x6f, 0x72, 0x64, 0x31, 0x20, // (in.v_texcoord1 
	0x3e, 0x20, 0x5f, 0x6d, 0x74, 0x6c, 0x5f, 0x75, 0x2e, 0x63, 0x6c, 0x69, 0x70, 0x5f, 0x70, 0x6c, // > _mtl_u.clip_pl
	0x61, 0x6e, 0x65, 0x2e, 0x7a, 0x77, 0x29, 0x29, 0x0a, 0x20, 0x20, 0x20, 0x20, 0x7b, 0x0a, 0x20, // ane.zw)).    {. 
	0x20, 0x20, 0x20, 0x20, 0x20, 0x20, 0x20, 0x64, 0x69, 0x73, 0x63, 0x61, 0x72, 0x64, 0x5f, 0x66, //        discard_f
	0x72, 0x61, 0x67, 0x6d, 0x65, 0x6e, 0x74, 0x28, 0x29, 0x3b, 0x0a, 0x20, 0x20, 0x20, 0x20, 0x7d, // ragment();.    }
	0x0a, 0x20, 0x20, 0x20, 0x20, 0x66, 0x6c, 0x6f, 0x61, 0x74, 0x34, 0x20, 0x5f, 0x33, 0x36, 0x35, // .    float4 _365
	0x20, 0x3d, 0x20, 0x74, 0x65, 0x78, 0x5f, 0x62, 0x61, 0x73, 0x65, 0x5f, 0x63, 0x6f, 0x6c, 0x6f, //  = tex_base_colo
	0x72, 0x2e, 0x73, 0x61, 0x6d, 0x70, 0x6c, 0x65, 0x28, 0x74, 0x65, 0x78, 0x5f, 0x62, 0x61, 0x73, // r.sample(tex_bas
	0x65, 0x5f, 0x63, 0x6f, 0x6c, 0x6f, 0x72, 0x53, 0x61, 0x6d, 0x70, 0x6c, 0x65, 0x72, 0x2c, 0x20, // e_colorSampler, 
	0x69, 0x6e, 0x2e, 0x76, 0x5f, 0x74, 0x65, 0x78, 0x63, 0x6f, 0x6f, 0x72, 0x64, 0x30, 0x29, 0x3b, // in.v_texcoord0);
	0x0a, 0x20, 0x20, 0x20, 0x20, 0x66, 0x6c, 0x6f, 0x61, 0x74, 0x34, 0x20, 0x5f, 0x33, 0x32, 0x31, // .    float4 _321
	0x20, 0x3d, 0x20, 0x5f, 0x33, 0x36, 0x35, 0x20, 0x2a, 0x20, 0x69, 0x6e, 0x2e, 0x76, 0x5f, 0x63, //  = _365 * in.v_c
	0x6f, 0x6c, 0x6f, 0x72, 0x30, 0x3b, 0x0a, 0x20, 0x20, 0x20, 0x20, 0x66, 0x6c, 0x6f, 0x61, 0x74, // olor0;.    float
	0x34, 0x20, 0x5f, 0x34, 0x37, 0x39, 0x3b, 0x0a, 0x20, 0x20, 0x20, 0x20, 0x69, 0x66, 0x20, 0x28, // 4 _479;.    if (
	0x5f, 0x6d, 0x74, 0x6c, 0x5f, 0x75, 0x2e, 0x73, 0x74, 0x61, 0x74, 0x69, 0x63, 0x43, 0x6f, 0x6c, // _mtl_u.staticCol
	0x6f, 0x72, 0x5f, 0x41, 0x6c, 0x70, 0x68, 0x61, 0x2e, 0x77, 0x20, 0x3e, 0x20, 0x30, 0x2e, 0x30, // or_Alpha.w > 0.0
	0x29, 0x0a, 0x20, 0x20, 0x20, 0x20, 0x7b, 0x0a, 0x20, 0x20, 0x20, 0x20, 0x20, 0x20, 0x20, 0x20, // ).    {.        
	0x66, 0x6c, 0x6f, 0x61, 0x74, 0x20, 0x5f, 0x33, 0x36, 0x38, 0x20, 0x3d, 0x20, 0x5f, 0x33, 0x32, // float _368 = _32
	0x31, 0x2e, 0x78, 0x3b, 0x0a, 0x20, 0x20, 0x20, 0x20, 0x20, 0x20, 0x20, 0x20, 0x66, 0x6c, 0x6f, // 1.x;.        flo
	0x61, 0x74, 0x20, 0x5f, 0x34, 0x37, 0x33, 0x3b, 0x0a, 0x20, 0x20, 0x20, 0x20, 0x20, 0x20, 0x20, // at _473;.       
	0x20, 0x64, 0x6f, 0x0a, 0x20, 0x20, 0x20, 0x20, 0x20, 0x20, 0x20, 0x20, 0x7b, 0x0a, 0x20, 0x20, //  do.        {.  
	0x20, 0x20, 0x20, 0x20, 0x20, 0x20, 0x20, 0x20, 0x20, 0x20, 0x69, 0x66, 0x20, 0x28, 0x5f, 0x33, //           if (_3
	0x36, 0x38, 0x20, 0x3c, 0x3d, 0x20, 0x30, 0x2e, 0x30, 0x34, 0x30, 0x34, 0x34, 0x39, 0x39, 0x39, // 68 <= 0.04044999
	0x39, 0x32, 0x37, 0x32, 0x38, 0x32, 0x33, 0x33, 0x33, 0x33, 0x37, 0x34, 0x30, 0x32, 0x33, 0x34, // 9272823333740234
	0x33, 0x37, 0x35, 0x29, 0x0a, 0x20, 0x20, 0x20, 0x20, 0x20, 0x20, 0x20, 0x20, 0x20, 0x20, 0x20, // 375).           
	0x20, 0x7b, 0x0a, 0x20, 0x20, 0x20, 0x20, 0x20, 0x20, 0x20, 0x20, 0x20, 0x20, 0x20, 0x20, 0x20, //  {.             
	0x20, 0x20, 0x20, 0x5f, 0x34, 0x37, 0x33, 0x20, 0x3d, 0x20, 0x5f, 0x33, 0x36, 0x38, 0x20, 0x2a, //    _473 = _368 *
	0x20, 0x30, 0x2e, 0x30, 0x37, 0x37, 0x33, 0x39, 0x39, 0x33, 0x38, 0x30, 0x35, 0x30, 0x35, 0x30, //  0.0773993805050
	0x38, 0x34, 0x39, 0x39, 0x31, 0x34, 0x35, 0x35, 0x30, 0x37, 0x38, 0x31, 0x32, 0x35, 0x3b, 0x0a, // 84991455078125;.
	0x20, 0x20, 0x20, 0x20, 0x20, 0x20, 0x20, 0x20, 0x20, 0x20, 0x20, 0x20, 0x20, 0x20, 0x20, 0x20, //                 
	0x62, 0x72, 0x65, 0x61, 0x6b, 0x3b, 0x0a, 0x20, 0x20, 0x20, 0x20, 0x20, 0x20, 0x20, 0x20, 0x20, // break;.         
	0x20, 0x20, 0x20, 0x7d, 0x0a, 0x20, 0x20, 0x20, 0x20, 0x20, 0x20, 0x20, 0x20, 0x20, 0x20, 0x20, //    }.           
	0x20, 0x65, 0x6c, 0x73, 0x65, 0x0a, 0x20, 0x20, 0x20, 0x20, 0x20, 0x20, 0x20, 0x20, 0x20, 0x20, //  else.          
	0x20, 0x20, 0x7b, 0x0a, 0x20, 0x20, 0x20, 0x20, 0x20, 0x20, 0x20, 0x20, 0x20, 0x20, 0x20, 0x20, //   {.            
	0x20, 0x20, 0x20, 0x20, 0x5f, 0x34, 0x37, 0x33, 0x20, 0x3d, 0x20, 0x70, 0x6f, 0x77, 0x72, 0x28, //     _473 = powr(
	0x28, 0x5f, 0x33, 0x36, 0x38, 0x20, 0x2a, 0x20, 0x30, 0x2e, 0x39, 0x34, 0x37, 0x38, 0x36, 0x37, // (_368 * 0.947867
	0x32, 0x37, 0x34, 0x32, 0x38, 0x34, 0x33, 0x36, 0x32, 0x37, 0x39, 0x32, 0x39, 0x36, 0x38, 0x37, // 2742843627929687
	0x35, 0x29, 0x20, 0x2b, 0x20, 0x30, 0x2e, 0x30, 0x35, 0x32, 0x31, 0x33, 0x32, 0x36, 0x39, 0x39, // 5) + 0.052132699
	0x36, 0x33, 0x38, 0x36, 0x30, 0x35, 0x31, 0x31, 0x37, 0x37, 0x39, 0x37, 0x38, 0x35, 0x31, 0x35, // 6386051177978515
	0x36, 0x32, 0x35, 0x2c, 0x20, 0x32, 0x2e, 0x34, 0x30, 0x30, 0x30, 0x30, 0x30, 0x30, 0x39, 0x35, // 625, 2.400000095
	0x33, 0x36, 0x37, 0x34, 0x33, 0x31, 0x36, 0x34, 0x30, 0x36, 0x32, 0x35, 0x29, 0x3b, 0x0a, 0x20, // 367431640625);. 
	0x20, 0x20, 0x20, 0x20, 0x20, 0x20, 0x20, 0x20, 0x20, 0x20, 0x20, 0x20, 0x20, 0x20, 0x20, 0x62, //                b
	0x72, 0x65, 0x61, 0x6b, 0x3b, 0x0a, 0x20, 0x20, 0x20, 0x20, 0x20, 0x20, 0x20, 0x20, 0x20, 0x20, // reak;.          
	0x20, 0x20, 0x7d, 0x0a, 0x20, 0x20, 0x20, 0x20, 0x20, 0x20, 0x20, 0x20, 0x20, 0x20, 0x20, 0x20, //   }.            
	0x62, 0x72, 0x65, 0x61, 0x6b, 0x3b, 0x20, 0x2f, 0x2f, 0x20, 0x75, 0x6e, 0x72, 0x65, 0x61, 0x63, // break; // unreac
	0x68, 0x61, 0x62, 0x6c, 0x65, 0x20, 0x77, 0x6f, 0x72, 0x6b, 0x61, 0x72, 0x6f, 0x75, 0x6e, 0x64, // hable workaround
	0x0a, 0x20, 0x20, 0x20, 0x20, 0x20, 0x20, 0x20, 0x20, 0x7d, 0x20, 0x77, 0x68, 0x69, 0x6c, 0x65, // .        } while
	0x28, 0x66, 0x61, 0x6c, 0x73, 0x65, 0x29, 0x3b, 0x0a, 0x20, 0x20, 0x20, 0x20, 0x20, 0x20, 0x20, // (false);.       
	0x20, 0x66, 0x6c, 0x6f, 0x61, 0x74, 0x20, 0x5f, 0x33, 0x37, 0x30, 0x20, 0x3d, 0x20, 0x5f, 0x33, //  float _370 = _3
	0x32, 0x31, 0x2e, 0x79, 0x3b, 0x0a, 0x20, 0x20, 0x20, 0x20, 0x20, 0x20, 0x20, 0x20, 0x66, 0x6c, // 21.y;.        fl
	0x6f, 0x61, 0x74, 0x20, 0x5f, 0x34, 0x37, 0x34, 0x3b, 0x0a, 0x20, 0x20, 0x20, 0x20, 0x20, 0x20, // oat _474;.      
	0x20, 0x20, 0x64, 0x6f, 0x0a, 0x20, 0x20, 0x20, 0x20, 0x20, 0x20, 0x20, 0x20, 0x7b, 0x0a, 0x20, //   do.        {. 
	0x20, 0x20, 0x20, 0x20, 0x20, 0x20, 0x20, 0x20, 0x20, 0x20, 0x20, 0x69, 0x66, 0x20, 0x28, 0x5f, //            if (_
	0x33, 0x37, 0x30, 0x20, 0x3c, 0x3d, 0x20, 0x30, 0x2e, 0x30, 0x34, 0x30, 0x34, 0x34, 0x39, 0x39, // 370 <= 0.0404499
	0x39, 0x39, 0x32, 0x37, 0x32, 0x38, 0x32, 0x33, 0x33, 0x33, 0x33, 0x37, 0x34, 0x30, 0x32, 0x33, // 9927282333374023
	0x34, 0x33, 0x37, 0x35, 0x29, 0x0a, 0x20, 0x20, 0x20, 0x20, 0x20, 0x20, 0x20, 0x20, 0x20, 0x20, // 4375).          
	0x20, 0x20, 0x7b, 0x0a, 0x20, 0x20, 0x20, 0x20, 0x20, 0x20, 0x20, 0x20, 0x20, 0x20, 0x20, 0x20, //   {.            
	0x20, 0x20, 0x20, 0x20, 0x5f, 0x34, 0x37, 0x34, 0x20, 0x3d, 0x20, 0x5f, 0x33, 0x37, 0x30, 0x20, //     _474 = _370 
	0x2a, 0x20, 0x30, 0x2e, 0x30, 0x37, 0x37, 0x33, 0x39, 0x39, 0x33, 0x38, 0x30, 0x35, 0x30, 0x35, // * 0.077399380505
	0x30, 0x38, 0x34, 0x39, 0x39, 0x31, 0x34, 0x35, 0x35, 0x30, 0x37, 0x38, 0x31, 0x32, 0x35, 0x3b, // 084991455078125;
	0x0a, 0x20, 0x20, 0x20, 0x20, 0x20, 0x20, 0x20, 0x20, 0x20, 0x20, 0x20, 0x20, 0x20, 0x20, 0x20, // .               
	0x20, 0x62, 0x72, 0x65, 0x61, 0x6b, 0x3b, 0x0a, 0x20, 0x20, 0x20, 0x20, 0x20, 0x20, 0x20, 0x20, //  break;.        
	0x20, 0x20, 0x20, 0x20, 0x7d, 0x0a, 0x20, 0x20, 0x20, 0x20, 0x20, 0x20, 0x20, 0x20, 0x20, 0x20, //     }.          
	0x20, 0x20, 0x65, 0x6c, 0x73, 0x65, 0x0a, 0x20, 0x20, 0x20, 0x20, 0x20, 0x20, 0x20, 0x20, 0x20, //   else.         
	0x20, 0x20, 0x20, 0x7b, 0x0a, 0x20, 0x20, 0x20, 0x20, 0x20, 0x20, 0x20, 0x20, 0x20, 0x20, 0x20, //    {.           
	0x20, 0x20, 0x20, 0x20, 0x20, 0x5f, 0x34, 0x37, 0x34, 0x20, 0x3d, 0x20, 0x70, 0x6f, 0x77, 0x72, //      _474 = powr
	0x28, 0x28, 0x5f, 0x33, 0x37, 0x30, 0x20, 0x2a, 0x20, 0x30, 0x2e, 0x39, 0x34, 0x37, 0x38, 0x36, // ((_370 * 0.94786
	0x37, 0x32, 0x37, 0x34, 0x32, 0x38, 0x34, 0x33, 0x36, 0x32, 0x37, 0x39, 0x32, 0x39, 0x36, 0x38, // 7274284362792968
	0x37, 0x35, 0x29, 0x20, 0x2b, 0x20, 0x30, 0x2e, 0x30, 0x35, 0x32, 0x31, 0x33, 0x32, 0x36, 0x39, // 75) + 0.05213269
	0x39, 0x36, 0x33, 0x38, 0x36, 0x30, 0x35, 0x31, 0x31, 0x37, 0x37, 0x39, 0x37, 0x38, 0x35, 0x31, // 9638605117797851
	0x35, 0x36, 0x32, 0x35, 0x2c, 0x20, 0x32, 0x2e, 0x34, 0x30, 0x30, 0x30, 0x30, 0x30, 0x30, 0x39, // 5625, 2.40000009
	0x35, 0x33, 0x36, 0x37, 0x34, 0x33, 0x31, 0x36, 0x34, 0x30, 0x36, 0x32, 0x35, 0x29, 0x3b, 0x0a, // 5367431640625);.
	0x20, 0x20, 0x20, 0x20, 0x20, 0x20, 0x20, 0x20, 0x20, 0x20, 0x20, 0x20, 0x20, 0x20, 0x20, 0x20, //                 
	0x62, 0x72, 0x65, 0x61, 0x6b, 0x3b, 0x0a, 0x20, 0x20, 0x20, 0x20, 0x20, 0x20, 0x20, 0x20, 0x20, // break;.         
	0x20, 0x20, 0x20, 0x7d, 0x0a, 0x20, 0x20, 0x20, 0x20, 0x20, 0x20, 0x20, 0x20, 0x20, 0x20, 0x20, //    }.           
	0x20, 0x62, 0x72, 0x65, 0x61, 0x6b, 0x3b, 0x20, 0x2f, 0x2f, 0x20, 0x75, 0x6e, 0x72, 0x65, 0x61, //  break; // unrea
	0x63, 0x68, 0x61, 0x62, 0x6c, 0x65, 0x20, 0x77, 0x6f, 0x72, 0x6b, 0x61, 0x72, 0x6f, 0x75, 0x6e, // chable workaroun
	0x64, 0x0a, 0x20, 0x20, 0x20, 0x20, 0x20, 0x20, 0x20, 0x20, 0x7d, 0x20, 0x77, 0x68, 0x69, 0x6c, // d.        } whil
	0x65, 0x28, 0x66, 0x61, 0x6c, 0x73, 0x65, 0x29, 0x3b, 0x0a, 0x20, 0x20, 0x20, 0x20, 0x20, 0x20, // e(false);.      
	0x20, 0x20, 0x66, 0x6c, 0x6f, 0x61, 0x74, 0x20, 0x5f, 0x33, 0x37, 0x32, 0x20, 0x3d, 0x20, 0x5f, //   float _372 = _
	0x33, 0x32, 0x31, 0x2e, 0x7a, 0x3b, 0x0a, 0x20, 0x20, 0x20, 0x20, 0x20, 0x20, 0x20, 0x20, 0x66, // 321.z;.        f
	0x6c, 0x6f, 0x61, 0x74, 0x20, 0x5f, 0x34, 0x37, 0x35, 0x3b, 0x0a, 0x20, 0x20, 0x20, 0x20, 0x20, // loat _475;.     
	0x20, 0x20, 0x20, 0x64, 0x6f, 0x0a, 0x20, 0x20, 0x20, 0x20, 0x20, 0x20, 0x20, 0x20, 0x7b, 0x0a, //    do.        {.
	0x20, 0x20, 0x20, 0x20, 0x20, 0x20, 0x20, 0x20, 0x20, 0x20, 0x20, 0x20, 0x69, 0x66, 0x20, 0x28, //             if (
	0x5f, 0x33, 0x37, 0x32, 0x20, 0x3c, 0x3d, 0x20, 0x30, 0x2e, 0x30, 0x34, 0x30, 0x34, 0x34, 0x39, // _372 <= 0.040449
	0x39, 0x39, 0x39, 0x32, 0x37, 0x32, 0x38, 0x32, 0x33, 0x33, 0x33, 0x33, 0x37, 0x34, 0x30, 0x32, // 9992728233337402
	0x33, 0x34, 0x33, 0x37, 0x35, 0x29, 0x0a, 0x20, 0x20, 0x20, 0x20, 0x20, 0x20, 0x20, 0x20, 0x20, // 34375).         
	0x20, 0x20, 0x20, 0x7b, 0x0a, 0x20, 0x20, 0x20, 0x20, 0x20, 0x20, 0x20, 0x20, 0x20, 0x20, 0x20, //    {.           
	0x20, 0x20, 0x20, 0x20, 0x20, 0x5f, 0x34, 0x37, 0x35, 0x20, 0x3d, 0x20, 0x5f, 0x33, 0x37, 0x32, //      _475 = _372
	0x20, 0x2a, 0x20, 0x30, 0x2e, 0x30, 0x37, 0x37, 0x33, 0x39, 0x39, 0x33, 0x38, 0x30, 0x35, 0x30, //  * 0.07739938050
	0x35, 0x30, 0x38, 0x34, 0x39, 0x39, 0x31, 0x34, 0x35, 0x35, 0x30, 0x37, 0x38, 0x31, 0x32, 0x35, // 5084991455078125
	0x3b, 0x0a, 0x20, 0x20, 0x20, 0x20, 0x20, 0x20, 0x20, 0x20, 0x20, 0x20, 0x20, 0x20, 0x20, 0x20, // ;.              
	0x20, 0x20, 0x62, 0x72, 0x65, 0x61, 0x6b, 0x3b, 0x0a, 0x20, 0x20, 0x20, 0x20, 0x20, 0x20, 0x20, //   break;.       
	0x20, 0x20, 0x20, 0x20, 0x20, 0x7d, 0x0a, 0x20, 0x20, 0x20, 0x20, 0x20, 0x20, 0x20, 0x20, 0x20, //      }.         
	0x20, 0x20, 0x20, 0x65, 0x6c, 0x73, 0x65, 0x0a, 0x20, 0x20, 0x20, 0x20, 0x20, 0x20, 0x20, 0x20, //    else.        
	0x20, 0x20, 0x20, 0x20, 0x7b, 0x0a, 0x20, 0x20, 0x20, 0x20, 0x20, 0x20, 0x20, 0x20, 0x20, 0x20, //     {.          
	0x20, 0x20, 0x20, 0x20, 0x20, 0x20, 0x5f, 0x34, 0x37, 0x35, 0x20, 0x3d, 0x20, 0x70, 0x6f, 0x77, //       _475 = pow
	0x72, 0x28, 0x28, 0x5f, 0x33, 0x37, 0x32, 0x20, 0x2a, 0x20, 0x30, 0x2e, 0x39, 0x34, 0x37, 0x38, // r((_372 * 0.9478
	0x36, 0x37, 0x32, 0x37, 0x34, 0x32, 0x38, 0x34, 0x33, 0x36, 0x32, 0x37, 0x39, 0x32, 0x39, 0x36, // 6727428436279296
	0x38, 0x37, 0x35, 0x29, 0x20, 0x2b, 0x20, 0x30, 0x2e, 0x30, 0x35, 0x32, 0x31, 0x33, 0x32, 0x36, // 875) + 0.0521326
	0x39, 0x39, 0x36, 0x33, 0x38, 0x36, 0x30, 0x35, 0x31, 0x31, 0x37, 0x37, 0x39, 0x37, 0x38, 0x35, // 9963860511779785
	0x31, 0x35, 0x36, 0x32, 0x35, 0x2c, 0x20, 0x32, 0x2e, 0x34, 0x30, 0x30, 0x30, 0x30, 0x30, 0x30, // 15625, 2.4000000
	0x39, 0x35, 0x33, 0x36, 0x37, 0x34, 0x33, 0x31, 0x36, 0x34, 0x30, 0x36, 0x32, 0x35, 0x29, 0x3b, // 95367431640625);
	0x0a, 0x20, 0x20, 0x20, 0x20, 0x20, 0x20, 0x20, 0x20, 0x20, 0x20, 0x20, 0x20, 0x20, 0x20, 0x20, // .               
	0x20, 0x62, 0x72, 0x65, 0x61, 0x6b, 0x3b, 0x0a, 0x20, 0x20, 0x20, 0x20, 0x20, 0x20, 0x20, 0x20, //  break;.        
	0x20, 0x20, 0x20, 0x20, 0x7d, 0x0a, 0x20, 0x20, 0x20, 0x20, 0x20, 0x20, 0x20, 0x20, 0x20, 0x20, //     }.          
	0x20, 0x20, 0x62, 0x72, 0x65, 0x61, 0x6b, 0x3b, 0x20, 0x2f, 0x2f, 0x20, 0x75, 0x6e, 0x72, 0x65, //   break; // unre
	0x61, 0x63, 0x68, 0x61, 0x62, 0x6c, 0x65, 0x20, 0x77, 0x6f, 0x72, 0x6b, 0x61, 0x72, 0x6f, 0x75, // achable workarou
	0x6e, 0x64, 0x0a, 0x20, 0x20, 0x20, 0x20, 0x20, 0x20, 0x20, 0x20, 0x7d, 0x20, 0x77, 0x68, 0x69, // nd.        } whi
	0x6c, 0x65, 0x28, 0x66, 0x61, 0x6c, 0x73, 0x65, 0x29, 0x3b, 0x0a, 0x20, 0x20, 0x20, 0x20, 0x20, // le(false);.     
	0x20, 0x20, 0x20, 0x66, 0x6c, 0x6f, 0x61, 0x74, 0x33, 0x20, 0x5f, 0x34, 0x33, 0x38, 0x20, 0x3d, //    float3 _438 =
	0x20, 0x70, 0x6f, 0x77, 0x72, 0x28, 0x66, 0x6c, 0x6f, 0x61, 0x74, 0x33, 0x78, 0x33, 0x28, 0x66, //  powr(float3x3(f
	0x6c, 0x6f, 0x61, 0x74, 0x33, 0x28, 0x30, 0x2e, 0x36, 0x32, 0x37, 0x33, 0x39, 0x39, 0x39, 0x38, // loat3(0.62739998
	0x31, 0x30, 0x32, 0x31, 0x38, 0x38, 0x31, 0x31, 0x30, 0x33, 0x35, 0x31, 0x35, 0x36, 0x32, 0x35, // 1021881103515625
	0x2c, 0x20, 0x30, 0x2e, 0x30, 0x36, 0x39, 0x30, 0x39, 0x39, 0x39, 0x39, 0x39, 0x39, 0x36, 0x34, // , 0.069099999964
	0x32, 0x33, 0x37, 0x32, 0x31, 0x33, 0x31, 0x33, 0x34, 0x37, 0x36, 0x35, 0x36, 0x32, 0x35, 0x2c, // 237213134765625,
	0x20, 0x30, 0x2e, 0x30, 0x31, 0x36, 0x34, 0x30, 0x30, 0x30, 0x30, 0x30, 0x30, 0x38, 0x30, 0x34, //  0.0164000000804
	0x36, 0x36, 0x32, 0x37, 0x30, 0x34, 0x34, 0x36, 0x37, 0x37, 0x37, 0x33, 0x34, 0x33, 0x37, 0x35, // 6627044677734375
	0x29, 0x2c, 0x20, 0x66, 0x6c, 0x6f, 0x61, 0x74, 0x33, 0x28, 0x30, 0x2e, 0x33, 0x32, 0x39, 0x32, // ), float3(0.3292
	0x39, 0x39, 0x39, 0x38, 0x36, 0x33, 0x36, 0x32, 0x34, 0x35, 0x37, 0x32, 0x37, 0x35, 0x33, 0x39, // 9998636245727539
	0x30, 0x36, 0x32, 0x35, 0x2c, 0x20, 0x30, 0x2e, 0x39, 0x31, 0x39, 0x34, 0x39, 0x39, 0x39, 0x39, // 0625, 0.91949999
	0x33, 0x33, 0x32, 0x34, 0x32, 0x37, 0x39, 0x37, 0x38, 0x35, 0x31, 0x35, 0x36, 0x32, 0x35, 0x2c, // 332427978515625,
	0x20, 0x30, 0x2e, 0x30, 0x38, 0x37, 0x39, 0x39, 0x39, 0x39, 0x39, 0x39, 0x35, 0x32, 0x33, 0x31, //  0.0879999995231
	0x36, 0x32, 0x38, 0x34, 0x31, 0x37, 0x39, 0x36, 0x38, 0x37, 0x35, 0x29, 0x2c, 0x20, 0x66, 0x6c, // 62841796875), fl
	0x6f, 0x61, 0x74, 0x33, 0x28, 0x30, 0x2e, 0x30, 0x34, 0x33, 0x32, 0x39, 0x39, 0x39, 0x39, 0x39, // oat3(0.043299999
	0x30, 0x38, 0x38, 0x30, 0x34, 0x38, 0x39, 0x33, 0x34, 0x39, 0x33, 0x36, 0x35, 0x32, 0x33, 0x34, // 0880489349365234
	0x33, 0x37, 0x35, 0x2c, 0x20, 0x30, 0x2e, 0x30, 0x31, 0x31, 0x33, 0x30, 0x30, 0x30, 0x30, 0x30, // 375, 0.011300000
	0x33, 0x36, 0x32, 0x30, 0x39, 0x38, 0x32, 0x31, 0x37, 0x30, 0x31, 0x30, 0x34, 0x39, 0x38, 0x30, // 3620982170104980
	0x34, 0x36, 0x38, 0x37, 0x35, 0x2c, 0x20, 0x30, 0x2e, 0x38, 0x39, 0x35, 0x36, 0x30, 0x30, 0x30, // 46875, 0.8956000
	0x32, 0x30, 0x38, 0x38, 0x35, 0x34, 0x36, 0x37, 0x35, 0x32, 0x39, 0x32, 0x39, 0x36, 0x38, 0x37, // 2088546752929687
	0x35, 0x29, 0x29, 0x20, 0x2a, 0x20, 0x28, 0x66, 0x6c, 0x6f, 0x61, 0x74, 0x33, 0x28, 0x5f, 0x34, // 5)) * (float3(_4
	0x37, 0x33, 0x2c, 0x20, 0x5f, 0x34, 0x37, 0x34, 0x2c, 0x20, 0x5f, 0x34, 0x37, 0x35, 0x29, 0x20, // 73, _474, _475) 
	0x2a, 0x20, 0x5f, 0x6d, 0x74, 0x6c, 0x5f, 0x75, 0x2e, 0x73, 0x74, 0x61, 0x74, 0x69, 0x63, 0x43, // * _mtl_u.staticC
	0x6f, 0x6c, 0x6f, 0x72, 0x5f, 0x41, 0x6c, 0x70, 0x68, 0x61, 0x2e, 0x77, 0x29, 0x2c, 0x20, 0x66, // olor_Alpha.w), f
	0x6c, 0x6f, 0x61, 0x74, 0x33, 0x28, 0x30, 0x2e, 0x31, 0x35, 0x39, 0x33, 0x30, 0x31, 0x37, 0x35, // loat3(0.15930175
	0x37, 0x38, 0x31, 0x32, 0x35, 0x29, 0x29, 0x3b, 0x0a, 0x20, 0x20, 0x20, 0x20, 0x20, 0x20, 0x20, // 78125));.       
	0x20, 0x66, 0x6c, 0x6f, 0x61, 0x74, 0x33, 0x20, 0x5f, 0x34, 0x34, 0x39, 0x20, 0x3d, 0x20, 0x70, //  float3 _449 = p
	0x6f, 0x77, 0x72, 0x28, 0x28, 0x66, 0x6c, 0x6f, 0x61, 0x74, 0x33, 0x28, 0x30, 0x2e, 0x38, 0x33, // owr((float3(0.83
	0x35, 0x39, 0x33, 0x37, 0x35, 0x29, 0x20, 0x2b, 0x20, 0x28, 0x5f, 0x34, 0x33, 0x38, 0x20, 0x2a, // 59375) + (_438 *
	0x20, 0x31, 0x38, 0x2e, 0x38, 0x35, 0x31, 0x35, 0x36, 0x32, 0x35, 0x29, 0x29, 0x20, 0x2f, 0x20, //  18.8515625)) / 
	0x28, 0x66, 0x6c, 0x6f, 0x61, 0x74, 0x33, 0x28, 0x31, 0x2e, 0x30, 0x29, 0x20, 0x2b, 0x20, 0x28, // (float3(1.0) + (
	0x5f, 0x34, 0x33, 0x38, 0x20, 0x2a, 0x20, 0x31, 0x38, 0x2e, 0x36, 0x38, 0x37, 0x35, 0x29, 0x29, // _438 * 18.6875))
	0x2c, 0x20, 0x66, 0x6c, 0x6f, 0x61, 0x74, 0x33, 0x28, 0x37, 0x38, 0x2e, 0x38, 0x34, 0x33, 0x37, // , float3(78.8437
	0x35, 0x29, 0x29, 0x3b, 0x0a, 0x20, 0x20, 0x20, 0x20, 0x20, 0x20, 0x20, 0x20, 0x66, 0x6c, 0x6f, // 5));.        flo
	0x61, 0x74, 0x34, 0x20, 0x5f, 0x34, 0x36, 0x33, 0x20, 0x3d, 0x20, 0x5f, 0x33, 0x32, 0x31, 0x3b, // at4 _463 = _321;
	0x0a, 0x20, 0x20, 0x20, 0x20, 0x20, 0x20, 0x20, 0x20, 0x5f, 0x34, 0x36, 0x33, 0x2e, 0x78, 0x20, // .        _463.x 
	0x3d, 0x20, 0x5f, 0x34, 0x34, 0x39, 0x2e, 0x78, 0x3b, 0x0a, 0x20, 0x20, 0x20, 0x20, 0x20, 0x20, // = _449.x;.      
	0x20, 0x20, 0x5f, 0x34, 0x36, 0x33, 0x2e, 0x79, 0x20, 0x3d, 0x20, 0x5f, 0x34, 0x34, 0x39, 0x2e, //   _463.y = _449.
	0x79, 0x3b, 0x0a, 0x20, 0x20, 0x20, 0x20, 0x20, 0x20, 0x20, 0x20, 0x5f, 0x34, 0x36, 0x33, 0x2e, // y;.        _463.
	0x7a, 0x20, 0x3d, 0x20, 0x5f, 0x34, 0x34, 0x39, 0x2e, 0x7a, 0x3b, 0x0a, 0x20, 0x20, 0x20, 0x20, // z = _449.z;.    
	0x20, 0x20, 0x20, 0x20, 0x5f, 0x34, 0x37, 0x39, 0x20, 0x3d, 0x20, 0x5f, 0x34, 0x36, 0x33, 0x3b, //     _479 = _463;
	0x0a, 0x20, 0x20, 0x20, 0x20, 0x7d, 0x0a, 0x20, 0x20, 0x20, 0x20, 0x65, 0x6c, 0x73, 0x65, 0x0a, // .    }.    else.
	0x20, 0x20, 0x20, 0x20, 0x7b, 0x0a, 0x20, 0x20, 0x20, 0x20, 0x20, 0x20, 0x20, 0x20, 0x5f, 0x34, //     {.        _4
	0x37, 0x39, 0x20, 0x3d, 0x20, 0x5f, 0x33, 0x32, 0x31, 0x3b, 0x0a, 0x20, 0x20, 0x20, 0x20, 0x7d, // 79 = _321;.    }
	0x0a, 0x20, 0x20, 0x20, 0x20, 0x6f, 0x75, 0x74, 0x2e, 0x62, 0x67, 0x66, 0x78, 0x5f, 0x46, 0x72, // .    out.bgfx_Fr
	0x61, 0x67, 0x44, 0x61, 0x74, 0x61, 0x30, 0x20, 0x3d, 0x20, 0x5f, 0x34, 0x37, 0x39, 0x3b, 0x0a, // agData0 = _479;.
	0x20, 0x20, 0x20, 0x20, 0x72, 0x65, 0x74, 0x75, 0x72, 0x6e, 0x20, 0x6f, 0x75, 0x74, 0x3b, 0x0a, //     return out;.
	0x7d, 0x0a, 0x0a, 0x00, 0x00, 0x40, 0x00,                                                       // }....@.
};
static const uint8_t fs_imgui_essl[3058] =
{
	0x46, 0x53, 0x48, 0x0c, 0x4f, 0x45, 0x98, 0x49, 0x00, 0x00, 0x00, 0x00, 0x00, 0x00, 0x00, 0x00, // FSH.OE.I........
	0x00, 0x00, 0x00, 0x00, 0x03, 0x00, 0x0a, 0x63, 0x6c, 0x69, 0x70, 0x5f, 0x70, 0x6c, 0x61, 0x6e, // .......clip_plan
	0x65, 0x02, 0x01, 0x00, 0x00, 0x01, 0x00, 0x00, 0x00, 0x00, 0x00, 0x11, 0x73, 0x74, 0x61, 0x74, // e...........stat
	0x69, 0x63, 0x43, 0x6f, 0x6c, 0x6f, 0x72, 0x5f, 0x41, 0x6c, 0x70, 0x68, 0x61, 0x02, 0x01, 0x00, // icColor_Alpha...
	0x00, 0x01, 0x00, 0x00, 0x00, 0x00, 0x00, 0x0e, 0x74, 0x65, 0x78, 0x5f, 0x62, 0x61, 0x73, 0x65, // ........tex_base
	0x5f, 0x63, 0x6f, 0x6c, 0x6f, 0x72, 0x00, 0x01, 0x00, 0x00, 0x01, 0x00, 0x00, 0x02, 0x00, 0x00, // _color..........
	0x8d, 0x0b, 0x00, 0x00, 0x70, 0x72, 0x65, 0x63, 0x69, 0x73, 0x69, 0x6f, 0x6e, 0x20, 0x6d, 0x65, // ....precision me
	0x64, 0x69, 0x75, 0x6d, 0x70, 0x20, 0x66, 0x6c, 0x6f, 0x61, 0x74, 0x3b, 0x0a, 0x70, 0x72, 0x65, // diump float;.pre
	0x63, 0x69, 0x73, 0x69, 0x6f, 0x6e, 0x20, 0x68, 0x69, 0x67, 0x68, 0x70, 0x20, 0x69, 0x6e, 0x74, // cision highp int
	0x3b, 0x0a, 0x0a, 0x75, 0x6e, 0x69, 0x66, 0x6f, 0x72, 0x6d, 0x20, 0x68, 0x69, 0x67, 0x68, 0x70, // ;..uniform highp
	0x20, 0x76, 0x65, 0x63, 0x34, 0x20, 0x63, 0x6c, 0x69, 0x70, 0x5f, 0x70, 0x6c, 0x61, 0x6e, 0x65, //  vec4 clip_plane
	0x3b, 0x0a, 0x75, 0x6e, 0x69, 0x66, 0x6f, 0x72, 0x6d, 0x20, 0x68, 0x69, 0x67, 0x68, 0x70, 0x20, // ;.uniform highp 
	0x73, 0x61, 0x6d, 0x70, 0x6c, 0x65, 0x72, 0x32, 0x44, 0x20, 0x74, 0x65, 0x78, 0x5f, 0x62, 0x61, // sampler2D tex_ba
	0x73, 0x65, 0x5f, 0x63, 0x6f, 0x6c, 0x6f, 0x72, 0x3b, 0x0a, 0x75, 0x6e, 0x69, 0x66, 0x6f, 0x72, // se_color;.unifor
	0x6d, 0x20, 0x68, 0x69, 0x67, 0x68, 0x70, 0x20, 0x76, 0x65, 0x63, 0x34, 0x20, 0x73, 0x74, 0x61, // m highp vec4 sta
	0x74, 0x69, 0x63, 0x43, 0x6f, 0x6c, 0x6f, 0x72, 0x5f, 0x41, 0x6c, 0x70, 0x68, 0x61, 0x3b, 0x0a, // ticColor_Alpha;.
	0x0a, 0x69, 0x6e, 0x20, 0x68, 0x69, 0x67, 0x68, 0x70, 0x20, 0x76, 0x65, 0x63, 0x32, 0x20, 0x76, // .in highp vec2 v
	0x5f, 0x74, 0x65, 0x78, 0x63, 0x6f, 0x6f, 0x72, 0x64, 0x31, 0x3b, 0x0a, 0x69, 0x6e, 0x20, 0x68, // _texcoord1;.in h
	0x69, 0x67, 0x68, 0x70, 0x20, 0x76, 0x65, 0x63, 0x32, 0x20, 0x76, 0x5f, 0x74, 0x65, 0x78, 0x63, // ighp vec2 v_texc
	0x6f, 0x6f, 0x72, 0x64, 0x30, 0x3b, 0x0a, 0x69, 0x6e, 0x20, 0x68, 0x69, 0x67, 0x68, 0x70, 0x20, // oord0;.in highp 
	0x76, 0x65, 0x63, 0x34, 0x20, 0x76, 0x5f, 0x63, 0x6f, 0x6c, 0x6f, 0x72, 0x30, 0x3b, 0x0a, 0x6c, // vec4 v_color0;.l
	0x61, 0x79, 0x6f, 0x75, 0x74, 0x28, 0x6c, 0x6f, 0x63, 0x61, 0x74, 0x69, 0x6f, 0x6e, 0x20, 0x3d, // ayout(location =
	0x20, 0x30, 0x29, 0x20, 0x6f, 0x75, 0x74, 0x20, 0x68, 0x69, 0x67, 0x68, 0x70, 0x20, 0x76, 0x65, //  0) out highp ve
	0x63, 0x34, 0x20, 0x62, 0x67, 0x66, 0x78, 0x5f, 0x46, 0x72, 0x61, 0x67, 0x43, 0x6f, 0x6c, 0x6f, // c4 bgfx_FragColo
	0x72, 0x3b, 0x0a, 0x0a, 0x76, 0x6f, 0x69, 0x64, 0x20, 0x6d, 0x61, 0x69, 0x6e, 0x28, 0x29, 0x0a, // r;..void main().
	0x7b, 0x0a, 0x20, 0x20, 0x20, 0x20, 0x62, 0x6f, 0x6f, 0x6c, 0x20, 0x5f, 0x31, 0x34, 0x33, 0x20, // {.    bool _143 
	0x3d, 0x20, 0x61, 0x6e, 0x79, 0x28, 0x6c, 0x65, 0x73, 0x73, 0x54, 0x68, 0x61, 0x6e, 0x28, 0x76, // = any(lessThan(v
	0x5f, 0x74, 0x65, 0x78, 0x63, 0x6f, 0x6f, 0x72, 0x64, 0x31, 0x2c, 0x20, 0x63, 0x6c, 0x69, 0x70, // _texcoord1, clip
	0x5f, 0x70, 0x6c, 0x61, 0x6e, 0x65, 0x2e, 0x78, 0x79, 0x29, 0x29, 0x3b, 0x0a, 0x20, 0x20, 0x20, // _plane.xy));.   
	0x20, 0x62, 0x6f, 0x6f, 0x6c, 0x20, 0x5f, 0x31, 0x35, 0x32, 0x3b, 0x0a, 0x20, 0x20, 0x20, 0x20, //  bool _152;.    
	0x69, 0x66, 0x20, 0x28, 0x21, 0x5f, 0x31, 0x34, 0x33, 0x29, 0x0a, 0x20, 0x20, 0x20, 0x20, 0x7b, // if (!_143).    {
	0x0a, 0x20, 0x20, 0x20, 0x20, 0x20, 0x20, 0x20, 0x20, 0x5f, 0x31, 0x35, 0x32, 0x20, 0x3d, 0x20, // .        _152 = 
	0x61, 0x6e, 0x79, 0x28, 0x67, 0x72, 0x65, 0x61, 0x74, 0x65, 0x72, 0x54, 0x68, 0x61, 0x6e, 0x28, // any(greaterThan(
	0x76, 0x5f, 0x74, 0x65, 0x78, 0x63, 0x6f, 0x6f, 0x72, 0x64, 0x31, 0x2c, 0x20, 0x63, 0x6c, 0x69, // v_texcoord1, cli
	0x70, 0x5f, 0x70, 0x6c, 0x61, 0x6e, 0x65, 0x2e, 0x7a, 0x77, 0x29, 0x29, 0x3b, 0x0a, 0x20, 0x20, // p_plane.zw));.  
	0x20, 0x20, 0x7d, 0x0a, 0x20, 0x20, 0x20, 0x20, 0x65, 0x6c, 0x73, 0x65, 0x0a, 0x20, 0x20, 0x20, //   }.    else.   
	0x20, 0x7b, 0x0a, 0x20, 0x20, 0x20, 0x20, 0x20, 0x20, 0x20, 0x20, 0x5f, 0x31, 0x35, 0x32, 0x20, //  {.        _152 
	0x3d, 0x20, 0x5f, 0x31, 0x34, 0x33, 0x3b, 0x0a, 0x20, 0x20, 0x20, 0x20, 0x7d, 0x0a, 0x20, 0x20, // = _143;.    }.  
	0x20, 0x20, 0x69, 0x66, 0x20, 0x28, 0x5f, 0x31, 0x35, 0x32, 0x29, 0x0a, 0x20, 0x20, 0x20, 0x20, //   if (_152).    
	0x7b, 0x0a, 0x20, 0x20, 0x20, 0x20, 0x20, 0x20, 0x20, 0x20, 0x64, 0x69, 0x73, 0x63, 0x61, 0x72, // {.        discar
	0x64, 0x3b, 0x0a, 0x20, 0x20, 0x20, 0x20, 0x7d, 0x0a, 0x20, 0x20, 0x20, 0x20, 0x68, 0x69, 0x67, // d;.    }.    hig
	0x68, 0x70, 0x20, 0x76, 0x65, 0x63, 0x34, 0x20, 0x5f, 0x31, 0x36, 0x35, 0x20, 0x3d, 0x20, 0x74, // hp vec4 _165 = t
	0x65, 0x78, 0x74, 0x75, 0x72, 0x65, 0x28, 0x74, 0x65, 0x78, 0x5f, 0x62, 0x61, 0x73, 0x65, 0x5f, // exture(tex_base_
	0x63, 0x6f, 0x6c, 0x6f, 0x72, 0x2c, 0x20, 0x76, 0x5f, 0x74, 0x65, 0x78, 0x63, 0x6f, 0x6f, 0x72, // color, v_texcoor
	0x64, 0x30, 0x29, 0x3b, 0x0a, 0x20, 0x20, 0x20, 0x20, 0x68, 0x69, 0x67, 0x68, 0x70, 0x20, 0x76, // d0);.    highp v
	0x65, 0x63, 0x34, 0x20, 0x5f, 0x31, 0x36, 0x39, 0x20, 0x3d, 0x20, 0x5f, 0x31, 0x36, 0x35, 0x20, // ec4 _169 = _165 
	0x2a, 0x20, 0x76, 0x5f, 0x63, 0x6f, 0x6c, 0x6f, 0x72, 0x30, 0x3b, 0x0a, 0x20, 0x20, 0x20, 0x20, // * v_color0;.    
	0x68, 0x69, 0x67, 0x68, 0x70, 0x20, 0x76, 0x65, 0x63, 0x34, 0x20, 0x5f, 0x33, 0x36, 0x35, 0x3b, // highp vec4 _365;
	0x0a, 0x20, 0x20, 0x20, 0x20, 0x69, 0x66, 0x20, 0x28, 0x73, 0x74, 0x61, 0x74, 0x69, 0x63, 0x43, // .    if (staticC
	0x6f, 0x6c, 0x6f, 0x72, 0x5f, 0x41, 0x6c, 0x70, 0x68, 0x61, 0x2e, 0x77, 0x20, 0x3e, 0x20, 0x30, // olor_Alpha.w > 0
	0x2e, 0x30, 0x29, 0x0a, 0x20, 0x20, 0x20, 0x20, 0x7b, 0x0a, 0x20, 0x20, 0x20, 0x20, 0x20, 0x20, // .0).    {.      
	0x20, 0x20, 0x68, 0x69, 0x67, 0x68, 0x70, 0x20, 0x66, 0x6c, 0x6f, 0x61, 0x74, 0x20, 0x5f, 0x32, //   highp float _2
	0x32, 0x39, 0x20, 0x3d, 0x20, 0x5f, 0x31, 0x36, 0x39, 0x2e, 0x78, 0x3b, 0x0a, 0x20, 0x20, 0x20, // 29 = _169.x;.   
	0x20, 0x20, 0x20, 0x20, 0x20, 0x68, 0x69, 0x67, 0x68, 0x70, 0x20, 0x66, 0x6c, 0x6f, 0x61, 0x74, //      highp float
	0x20, 0x5f, 0x33, 0x35, 0x39, 0x3b, 0x0a, 0x20, 0x20, 0x20, 0x20, 0x20, 0x20, 0x20, 0x20, 0x64, //  _359;.        d
	0x6f, 0x0a, 0x20, 0x20, 0x20, 0x20, 0x20, 0x20, 0x20, 0x20, 0x7b, 0x0a, 0x20, 0x20, 0x20, 0x20, // o.        {.    
	0x20, 0x20, 0x20, 0x20, 0x20, 0x20, 0x20, 0x20, 0x69, 0x66, 0x20, 0x28, 0x5f, 0x32, 0x32, 0x39, //         if (_229
	0x20, 0x3c, 0x3d, 0x20, 0x30, 0x2e, 0x30, 0x34, 0x30, 0x34, 0x34, 0x39, 0x39, 0x39, 0x39, 0x32, //  <= 0.0404499992
	0x37, 0x32, 0x38, 0x32, 0x33, 0x33, 0x33, 0x33, 0x37, 0x34, 0x30, 0x32, 0x33, 0x34, 0x33, 0x37, // 7282333374023437
	0x35, 0x29, 0x0a, 0x20, 0x20, 0x20, 0x20, 0x20, 0x20, 0x20, 0x20, 0x20, 0x20, 0x20, 0x20, 0x7b, // 5).            {
	0x0a, 0x20, 0x20, 0x20, 0x20, 0x20, 0x20, 0x20, 0x20, 0x20, 0x20, 0x20, 0x20, 0x20, 0x20, 0x20, // .               
	0x20, 0x5f, 0x33, 0x35, 0x39, 0x20, 0x3d, 0x20, 0x5f, 0x32, 0x32, 0x39, 0x20, 0x2a, 0x20, 0x30, //  _359 = _229 * 0
	0x2e, 0x30, 0x37, 0x37, 0x33, 0x39, 0x39, 0x33, 0x38, 0x30, 0x35, 0x30, 0x35, 0x30, 0x38, 0x34, // .077399380505084
	0x39, 0x39, 0x31, 0x34, 0x35, 0x35, 0x30, 0x37, 0x38, 0x31, 0x32, 0x35, 0x3b, 0x0a, 0x20, 0x20, // 991455078125;.  
	0x20, 0x20, 0x20, 0x20, 0x20, 0x20, 0x20, 0x20, 0x20, 0x20, 0x20, 0x20, 0x20, 0x20, 0x62, 0x72, //               br
	0x65, 0x61, 0x6b, 0x3b, 0x0a, 0x20, 0x20, 0x20, 0x20, 0x20, 0x20, 0x20, 0x20, 0x20, 0x20, 0x20, // eak;.           
	0x20, 0x7d, 0x0a, 0x20, 0x20, 0x20, 0x20, 0x20, 0x20, 0x20, 0x20, 0x20, 0x20, 0x20, 0x20, 0x65, //  }.            e
	0x6c, 0x73, 0x65, 0x0a, 0x20, 0x20, 0x20, 0x20, 0x20, 0x20, 0x20, 0x20, 0x20, 0x20, 0x20, 0x20, // lse.            
	0x7b, 0x0a, 0x20, 0x20, 0x20, 0x20, 0x20, 0x20, 0x20, 0x20, 0x20, 0x20, 0x20, 0x20, 0x20, 0x20, // {.              
	0x20, 0x20, 0x5f, 0x33, 0x35, 0x39, 0x20, 0x3d, 0x20, 0x70, 0x6f, 0x77, 0x28, 0x28, 0x5f, 0x32, //   _359 = pow((_2
	0x32, 0x39, 0x20, 0x2a, 0x20, 0x30, 0x2e, 0x39, 0x34, 0x37, 0x38, 0x36, 0x37, 0x32, 0x37, 0x34, // 29 * 0.947867274
	0x32, 0x38, 0x34, 0x33, 0x36, 0x32, 0x37, 0x39, 0x32, 0x39, 0x36, 0x38, 0x37, 0x35, 0x29, 0x20, // 28436279296875) 
	0x2b, 0x20, 0x30, 0x2e, 0x30, 0x35, 0x32, 0x31, 0x33, 0x32, 0x36, 0x39, 0x39, 0x36, 0x33, 0x38, // + 0.052132699638
	0x36, 0x30, 0x35, 0x31, 0x31, 0x37, 0x37, 0x39, 0x37, 0x38, 0x35, 0x31, 0x35, 0x36, 0x32, 0x35, // 6051177978515625
	0x2c, 0x20, 0x32, 0x2e, 0x34, 0x30, 0x30, 0x30, 0x30, 0x30, 0x30, 0x39, 0x35, 0x33, 0x36, 0x37, // , 2.400000095367
	0x34, 0x33, 0x31, 0x36, 0x34, 0x30, 0x36, 0x32, 0x35, 0x29, 0x3b, 0x0a, 0x20, 0x20, 0x20, 0x20, // 431640625);.    
	0x20, 0x20, 0x20, 0x20, 0x20, 0x20, 0x20, 0x20, 0x20, 0x20, 0x20, 0x20, 0x62, 0x72, 0x65, 0x61, //             brea
	0x6b, 0x3b, 0x0a, 0x20, 0x20, 0x20, 0x20, 0x20, 0x20, 0x20, 0x20, 0x20, 0x20, 0x20, 0x20, 0x7d, // k;.            }
	0x0a, 0x20, 0x20, 0x20, 0x20, 0x20, 0x20, 0x20, 0x20, 0x20, 0x20, 0x20, 0x20, 0x62, 0x72, 0x65, // .            bre
	0x61, 0x6b, 0x3b, 0x20, 0x2f, 0x2f, 0x20, 0x75, 0x6e, 0x72, 0x65, 0x61, 0x63, 0x68, 0x61, 0x62, // ak; // unreachab
	0x6c, 0x65, 0x20, 0x77, 0x6f, 0x72, 0x6b, 0x61, 0x72, 0x6f, 0x75, 0x6e, 0x64, 0x0a, 0x20, 0x20, // le workaround.  
	0x20, 0x20, 0x20, 0x20, 0x20, 0x20, 0x7d, 0x20, 0x77, 0x68, 0x69, 0x6c, 0x65, 0x28, 0x66, 0x61, //       } while(fa
	0x6c, 0x73, 0x65, 0x29, 0x3b, 0x0a, 0x20, 0x20, 0x20, 0x20, 0x20, 0x20, 0x20, 0x20, 0x68, 0x69, // lse);.        hi
	0x67, 0x68, 0x70, 0x20, 0x66, 0x6c, 0x6f, 0x61, 0x74, 0x20, 0x5f, 0x32, 0x33, 0x32, 0x20, 0x3d, // ghp float _232 =
	0x20, 0x5f, 0x31, 0x36, 0x39, 0x2e, 0x79, 0x3b, 0x0a, 0x20, 0x20, 0x20, 0x20, 0x20, 0x20, 0x20, //  _169.y;.       
	0x20, 0x68, 0x69, 0x67, 0x68, 0x70, 0x20, 0x66, 0x6c, 0x6f, 0x61, 0x74, 0x20, 0x5f, 0x33, 0x36, //  highp float _36
	0x30, 0x3b, 0x0a, 0x20, 0x20, 0x20, 0x20, 0x20, 0x20, 0x20, 0x20, 0x64, 0x6f, 0x0a, 0x20, 0x20, // 0;.        do.  
	0x20, 0x20, 0x20, 0x20, 0x20, 0x20, 0x7b, 0x0a, 0x20, 0x20, 0x20, 0x20, 0x20, 0x20, 0x20, 0x20, //       {.        
	0x20, 0x20, 0x20, 0x20, 0x69, 0x66, 0x20, 0x28, 0x5f, 0x32, 0x33, 0x32, 0x20, 0x3c, 0x3d, 0x20, //     if (_232 <= 
	0x30, 0x2e, 0x30, 0x34, 0x30, 0x34, 0x34, 0x39, 0x39, 0x39, 0x39, 0x32, 0x37, 0x32, 0x38, 0x32, // 0.04044999927282
	0x33, 0x33, 0x33, 0x33, 0x37, 0x34, 0x30, 0x32, 0x33, 0x34, 0x33, 0x37, 0x35, 0x29, 0x0a, 0x20, // 3333740234375). 
	0x20, 0x20, 0x20, 0x20, 0x20, 0x20, 0x20, 0x20, 0x20, 0x20, 0x20, 0x7b, 0x0a, 0x20, 0x20, 0x20, //            {.   
	0x20, 0x20, 0x20, 0x20, 0x20, 0x20, 0x20, 0x20, 0x20, 0x20, 0x20, 0x20, 0x20, 0x5f, 0x33, 0x36, //              _36
	0x30, 0x20, 0x3d, 0x20, 0x5f, 0x32, 0x33, 0x32, 0x20, 0x2a, 0x20, 0x30, 0x2e, 0x30, 0x37, 0x37, // 0 = _232 * 0.077
	0x33, 0x39, 0x39, 0x33, 0x38, 0x30, 0x35, 0x30, 0x35, 0x30, 0x38, 0x34, 0x39, 0x39, 0x31, 0x34, // 3993805050849914
	0x35, 0x35, 0x30, 0x37, 0x38, 0x31, 0x32, 0x35, 0x3b, 0x0a, 0x20, 0x20, 0x20, 0x20, 0x20, 0x20, // 55078125;.      
	0x20, 0x20, 0x20, 0x20, 0x20, 0x20, 0x20, 0x20, 0x20, 0x20, 0x62, 0x72, 0x65, 0x61, 0x6b, 0x3b, //           break;
	0x0a, 0x20, 0x20, 0x20, 0x20, 0x20, 0x20, 0x20, 0x20, 0x20, 0x20, 0x20, 0x20, 0x7d, 0x0a, 0x20, // .            }. 
	0x20, 0x20, 0x20, 0x20, 0x20, 0x20, 0x20, 0x20, 0x20, 0x20, 0x20, 0x65, 0x6c, 0x73, 0x65, 0x0a, //            else.
	0x20, 0x20, 0x20, 0x20, 0x20, 0x20, 0x20, 0x20, 0x20, 0x20, 0x20, 0x20, 0x7b, 0x0a, 0x20, 0x20, //             {.  
	0x20, 0x20, 0x20, 0x20, 0x20, 0x20, 0x20, 0x20, 0x20, 0x20, 0x20, 0x20, 0x20, 0x20, 0x5f, 0x33, //               _3
	0x36, 0x30, 0x20, 0x3d, 0x20, 0x70, 0x6f, 0x77, 0x28, 0x28, 0x5f, 0x32, 0x33, 0x32, 0x20, 0x2a, // 60 = pow((_232 *
	0x20, 0x30, 0x2e, 0x39, 0x34, 0x37, 0x38, 0x36, 0x37, 0x32, 0x37, 0x34, 0x32, 0x38, 0x34, 0x33, //  0.9478672742843
	0x36, 0x32, 0x37, 0x39, 0x32, 0x39, 0x36, 0x38, 0x37, 0x35, 0x29, 0x20, 0x2b, 0x20, 0x30, 0x2e, // 6279296875) + 0.
	0x30, 0x35, 0x32, 0x31, 0x33, 0x32, 0x36, 0x39, 0x39, 0x36, 0x33, 0x38, 0x36, 0x30, 0x35, 0x31, // 0521326996386051
	0x31, 0x37, 0x37, 0x39, 0x37, 0x38, 0x35, 0x31, 0x35, 0x36, 0x32, 0x35, 0x2c, 0x20, 0x32, 0x2e, // 177978515625, 2.
	0x34, 0x30, 0x30, 0x30, 0x30, 0x30, 0x30, 0x39, 0x35, 0x33, 0x36, 0x37, 0x34, 0x33, 0x31, 0x36, // 4000000953674316
	0x34, 0x30, 0x36, 0x32, 0x35, 0x29, 0x3b, 0x0a, 0x20, 0x20, 0x20, 0x20, 0x20, 0x20, 0x20, 0x20, // 40625);.        
	0x20, 0x20, 0x20, 0x20, 0x20, 0x20, 0x20, 0x20, 0x62, 0x72, 0x65, 0x61, 0x6b, 0x3b, 0x0a, 0x20, //         break;. 
	0x20, 0x20, 0x20, 0x20, 0x20, 0x20, 0x20, 0x20, 0x20, 0x20, 0x20, 0x7d, 0x0a, 0x20, 0x20, 0x20, //            }.   
	0x20, 0x20, 0x20, 0x20, 0x20, 0x20, 0x20, 0x20, 0x20, 0x62, 0x72, 0x65, 0x61, 0x6b, 0x3b, 0x20, //          break; 
	0x2f, 0x2f, 0x20, 0x75, 0x6e, 0x72, 0x65, 0x61, 0x63, 0x68, 0x61, 0x62, 0x6c, 0x65, 0x20, 0x77, // // unreachable w
	0x6f, 0x72, 0x6b, 0x61, 0x72, 0x6f, 0x75, 0x6e, 0x64, 0x0a, 0x20, 0x20, 0x20, 0x20, 0x20, 0x20, // orkaround.      
	0x20, 0x20, 0x7d, 0x20, 0x77, 0x68, 0x69, 0x6c, 0x65, 0x28, 0x66, 0x61, 0x6c, 0x73, 0x65, 0x29, //   } while(false)
	0x3b, 0x0a, 0x20, 0x20, 0x20, 0x20, 0x20, 0x20, 0x20, 0x20, 0x68, 0x69, 0x67, 0x68, 0x70, 0x20, // ;.        highp 
	0x66, 0x6c, 0x6f, 0x61, 0x74, 0x20, 0x5f, 0x32, 0x33, 0x35, 0x20, 0x3d, 0x20, 0x5f, 0x31, 0x36, // float _235 = _16
	0x39, 0x2e, 0x7a, 0x3b, 0x0a, 0x20, 0x20, 0x20, 0x20, 0x20, 0x20, 0x20, 0x20, 0x68, 0x69, 0x67, // 9.z;.        hig
	0x68, 0x70, 0x20, 0x66, 0x6c, 0x6f, 0x61, 0x74, 0x20, 0x5f, 0x33, 0x36, 0x31, 0x3b, 0x0a, 0x20, // hp float _361;. 
	0x20, 0x20, 0x20, 0x20, 0x20, 0x20, 0x20, 0x64, 0x6f, 0x0a, 0x20, 0x20, 0x20, 0x20, 0x20, 0x20, //        do.      
	0x20, 0x20, 0x7b, 0x0a, 0x20, 0x20, 0x20, 0x20, 0x20, 0x20, 0x20, 0x20, 0x20, 0x20, 0x20, 0x20, //   {.            
	0x69, 0x66, 0x20, 0x28, 0x5f, 0x32, 0x33, 0x35, 0x20, 0x3c, 0x3d, 0x20, 0x30, 0x2e, 0x30, 0x34, // if (_235 <= 0.04
	0x30, 0x34, 0x34, 0x39, 0x39, 0x39, 0x39, 0x32, 0x37, 0x32, 0x38, 0x32, 0x33, 0x33, 0x33, 0x33, // 0449999272823333
	0x37, 0x34, 0x30, 0x32, 0x33, 0x34, 0x33, 0x37, 0x35, 0x29, 0x0a, 0x20, 0x20, 0x20, 0x20, 0x20, // 740234375).     
	0x20, 0x20, 0x20, 0x20, 0x20, 0x20, 0x20, 0x7b, 0x0a, 0x20, 0x20, 0x20, 0x20, 0x20, 0x20, 0x20, //        {.       
	0x20, 0x20, 0x20, 0x20, 0x20, 0x20, 0x20, 0x20, 0x20, 0x5f, 0x33, 0x36, 0x31, 0x20, 0x3d, 0x20, //          _361 = 
	0x5f, 0x32, 0x33, 0x35, 0x20, 0x2a, 0x20, 0x30, 0x2e, 0x30, 0x37, 0x37, 0x33, 0x39, 0x39, 0x33, // _235 * 0.0773993
	0x38, 0x30, 0x35, 0x30, 0x35, 0x30, 0x38, 0x34, 0x39, 0x39, 0x31, 0x34, 0x35, 0x35, 0x30, 0x37, // 8050508499145507
	0x38, 0x31, 0x32, 0x35, 0x3b, 0x0a, 0x20, 0x20, 0x20, 0x20, 0x20, 0x20, 0x20, 0x20, 0x20, 0x20, // 8125;.          
	0x20, 0x20, 0x20, 0x20, 0x20, 0x20, 0x62, 0x72, 0x65, 0x61, 0x6b, 0x3b, 0x0a, 0x20, 0x20, 0x20, //       break;.   
	0x20, 0x20, 0x20, 0x20, 0x20, 0x20, 0x20, 0x20, 0x20, 0x7d, 0x0a, 0x20, 0x20, 0x20, 0x20, 0x20, //          }.     
	0x20, 0x20, 0x20, 0x20, 0x20, 0x20, 0x20, 0x65, 0x6c, 0x73, 0x65, 0x0a, 0x20, 0x20, 0x20, 0x20, //        else.    
	0x20, 0x20, 0x20, 0x20, 0x20, 0x20, 0x20, 0x20, 0x7b, 0x0a, 0x20, 0x20, 0x20, 0x20, 0x20, 0x20, //         {.      
	0x20, 0x20, 0x20, 0x20, 0x20, 0x20, 0x20, 0x20, 0x20, 0x20, 0x5f, 0x33, 0x36, 0x31, 0x20, 0x3d, //           _361 =
	0x20, 0x70, 0x6f, 0x77, 0x28, 0x28, 0x5f, 0x32, 0x33, 0x35, 0x20, 0x2a, 0x20, 0x30, 0x2e, 0x39, //  pow((_235 * 0.9
	0x34, 0x37, 0x38, 0x36, 0x37, 0x32, 0x37, 0x34, 0x32, 0x38, 0x34, 0x33, 0x36, 0x32, 0x37, 0x39, // 4786727428436279
	0x32, 0x39, 0x36, 0x38, 0x37, 0x35, 0x29, 0x20, 0x2b, 0x20, 0x30, 0x2e, 0x30, 0x35, 0x32, 0x31, // 296875) + 0.0521
	0x33, 0x32, 0x36, 0x39, 0x39, 0x36, 0x33, 0x38, 0x36, 0x30, 0x35, 0x31, 0x31, 0x37, 0x37, 0x39, // 3269963860511779
	0x37, 0x38, 0x35, 0x31, 0x35, 0x36, 0x32, 0x35, 0x2c, 0x20, 0x32, 0x2e, 0x34, 0x30, 0x30, 0x30, // 78515625, 2.4000
	0x30, 0x30, 0x30, 0x39, 0x35, 0x33, 0x36, 0x37, 0x34, 0x33, 0x31, 0x36, 0x34, 0x30, 0x36, 0x32, // 0009536743164062
	0x35, 0x29, 0x3b, 0x0a, 0x20, 0x20, 0x20, 0x20, 0x20, 0x20, 0x20, 0x20, 0x20, 0x20, 0x20, 0x20, // 5);.            
	0x20, 0x20, 0x20, 0x20, 0x62, 0x72, 0x65, 0x61, 0x6b, 0x3b, 0x0a, 0x20, 0x20, 0x20, 0x20, 0x20, //     break;.     
	0x20, 0x20, 0x20, 0x20, 0x20, 0x20, 0x20, 0x7d, 0x0a, 0x20, 0x20, 0x20, 0x20, 0x20, 0x20, 0x20, //        }.       
	0x20, 0x20, 0x20, 0x20, 0x20, 0x62, 0x72, 0x65, 0x61, 0x6b, 0x3b, 0x20, 0x2f, 0x2f, 0x20, 0x75, //      break; // u
	0x6e, 0x72, 0x65, 0x61, 0x63, 0x68, 0x61, 0x62, 0x6c, 0x65, 0x20, 0x77, 0x6f, 0x72, 0x6b, 0x61, // nreachable worka
	0x72, 0x6f, 0x75, 0x6e, 0x64, 0x0a, 0x20, 0x20, 0x20, 0x20, 0x20, 0x20, 0x20, 0x20, 0x7d, 0x20, // round.        } 
	0x77, 0x68, 0x69, 0x6c, 0x65, 0x28, 0x66, 0x61, 0x6c, 0x73, 0x65, 0x29, 0x3b, 0x0a, 0x20, 0x20, // while(false);.  
	0x20, 0x20, 0x20, 0x20, 0x20, 0x20, 0x68, 0x69, 0x67, 0x68, 0x70, 0x20, 0x76, 0x65, 0x63, 0x33, //       highp vec3
	0x20, 0x5f, 0x33, 0x32, 0x36, 0x20, 0x3d, 0x20, 0x70, 0x6f, 0x77, 0x28, 0x28, 0x76, 0x65, 0x63, //  _326 = pow((vec
	0x33, 0x28, 0x5f, 0x33, 0x35, 0x39, 0x2c, 0x20, 0x5f, 0x33, 0x36, 0x30, 0x2c, 0x20, 0x5f, 0x33, // 3(_359, _360, _3
	0x36, 0x31, 0x29, 0x20, 0x2a, 0x20, 0x73, 0x74, 0x61, 0x74, 0x69, 0x63, 0x43, 0x6f, 0x6c, 0x6f, // 61) * staticColo
	0x72, 0x5f, 0x41, 0x6c, 0x70, 0x68, 0x61, 0x2e, 0x77, 0x29, 0x20, 0x2a, 0x20, 0x6d, 0x61, 0x74, // r_Alpha.w) * mat
	0x33, 0x28, 0x76, 0x65, 0x63, 0x33, 0x28, 0x30, 0x2e, 0x36, 0x32, 0x37, 0x33, 0x39, 0x39, 0x39, // 3(vec3(0.6273999
	0x38, 0x31, 0x30, 0x32, 0x31, 0x38, 0x38, 0x31, 0x31, 0x30, 0x33, 0x35, 0x31, 0x35, 0x36, 0x32, // 8102188110351562
	0x35, 0x2c, 0x20, 0x30, 0x2e, 0x33, 0x32, 0x39, 0x32, 0x39, 0x39, 0x39, 0x38, 0x36, 0x33, 0x36, // 5, 0.32929998636
	0x32, 0x34, 0x35, 0x37, 0x32, 0x37, 0x35, 0x33, 0x39, 0x30, 0x36, 0x32, 0x35, 0x2c, 0x20, 0x30, // 2457275390625, 0
	0x2e, 0x30, 0x34, 0x33, 0x32, 0x39, 0x39, 0x39, 0x39, 0x39, 0x30, 0x38, 0x38, 0x30, 0x34, 0x38, // .043299999088048
	0x39, 0x33, 0x34, 0x39, 0x33, 0x36, 0x35, 0x32, 0x33, 0x34, 0x33, 0x37, 0x35, 0x29, 0x2c, 0x20, // 9349365234375), 
	0x76, 0x65, 0x63, 0x33, 0x28, 0x30, 0x2e, 0x30, 0x36, 0x39, 0x30, 0x39, 0x39, 0x39, 0x39, 0x39, // vec3(0.069099999
	0x39, 0x36, 0x34, 0x32, 0x33, 0x37, 0x32, 0x31, 0x33, 0x31, 0x33, 0x34, 0x37, 0x36, 0x35, 0x36, // 9642372131347656
	0x32, 0x35, 0x2c, 0x20, 0x30, 0x2e, 0x39, 0x31, 0x39, 0x34, 0x39, 0x39, 0x39, 0x39, 0x33, 0x33, // 25, 0.9194999933
	0x32, 0x34, 0x32, 0x37, 0x39, 0x37, 0x38, 0x35, 0x31, 0x35, 0x36, 0x32, 0x35, 0x2c, 0x20, 0x30, // 2427978515625, 0
	0x2e, 0x30, 0x31, 0x31, 0x33, 0x30, 0x30, 0x30, 0x30, 0x30, 0x33, 0x36, 0x32, 0x30, 0x39, 0x38, // .011300000362098
	0x32, 0x31, 0x37, 0x30, 0x31, 0x30, 0x34, 0x39, 0x38, 0x30, 0x34, 0x36, 0x38, 0x37, 0x35, 0x29, // 217010498046875)
	0x2c, 0x20, 0x76, 0x65, 0x63, 0x33, 0x28, 0x30, 0x2e, 0x30, 0x31, 0x36, 0x34, 0x30, 0x30, 0x30, // , vec3(0.0164000
	0x30, 0x30, 0x30, 0x38, 0x30, 0x34, 0x36, 0x36, 0x32, 0x37, 0x30, 0x34, 0x34, 0x36, 0x37, 0x37, // 0008046627044677
	0x37, 0x33, 0x34, 0x33, 0x37, 0x35, 0x2c, 0x20, 0x30, 0x2e, 0x30, 0x38, 0x37, 0x39, 0x39, 0x39, // 734375, 0.087999
	0x39, 0x39, 0x39, 0x35, 0x32, 0x33, 0x31, 0x36, 0x32, 0x38, 0x34, 0x31, 0x37, 0x39, 0x36, 0x38, // 9995231628417968
	0x37, 0x35, 0x2c, 0x20, 0x30, 0x2e, 0x38, 0x39, 0x35, 0x36, 0x30, 0x30, 0x30, 0x32, 0x30, 0x38, // 75, 0.8956000208
	0x38, 0x35, 0x34, 0x36, 0x37, 0x35, 0x32, 0x39, 0x32, 0x39, 0x36, 0x38, 0x37, 0x35, 0x29, 0x29, // 85467529296875))
	0x2c, 0x20, 0x76, 0x65, 0x63, 0x33, 0x28, 0x30, 0x2e, 0x31, 0x35, 0x39, 0x33, 0x30, 0x31, 0x37, // , vec3(0.1593017
	0x35, 0x37, 0x38, 0x31, 0x32, 0x35, 0x29, 0x29, 0x3b, 0x0a, 0x20, 0x20, 0x20, 0x20, 0x20, 0x20, // 578125));.      
	0x20, 0x20, 0x68, 0x69, 0x67, 0x68, 0x70, 0x20, 0x76, 0x65, 0x63, 0x33, 0x20, 0x5f, 0x33, 0x34, //   highp vec3 _34
	0x31, 0x20, 0x3d, 0x20, 0x70, 0x6f, 0x77, 0x28, 0x28, 0x76, 0x65, 0x63, 0x33, 0x28, 0x30, 0x2e, // 1 = pow((vec3(0.
	0x38, 0x33, 0x35, 0x39, 0x33, 0x37, 0x35, 0x29, 0x20, 0x2b, 0x20, 0x28, 0x5f, 0x33, 0x32, 0x36, // 8359375) + (_326
	0x20, 0x2a, 0x20, 0x31, 0x38, 0x2e, 0x38, 0x35, 0x31, 0x35, 0x36, 0x32, 0x35, 0x29, 0x29, 0x20, //  * 18.8515625)) 
	0x2f, 0x20, 0x28, 0x76, 0x65, 0x63, 0x33, 0x28, 0x31, 0x2e, 0x30, 0x29, 0x20, 0x2b, 0x20, 0x28, // / (vec3(1.0) + (
	0x5f, 0x33, 0x32, 0x36, 0x20, 0x2a, 0x20, 0x31, 0x38, 0x2e, 0x36, 0x38, 0x37, 0x35, 0x29, 0x29, // _326 * 18.6875))
	0x2c, 0x20, 0x76, 0x65, 0x63, 0x33, 0x28, 0x37, 0x38, 0x2e, 0x38, 0x34, 0x33, 0x37, 0x35, 0x29, // , vec3(78.84375)
	0x29, 0x3b, 0x0a, 0x20, 0x20, 0x20, 0x20, 0x20, 0x20, 0x20, 0x20, 0x68, 0x69, 0x67, 0x68, 0x70, // );.        highp
	0x20, 0x76, 0x65, 0x63, 0x34, 0x20, 0x5f, 0x33, 0x35, 0x34, 0x20, 0x3d, 0x20, 0x5f, 0x31, 0x36, //  vec4 _354 = _16
	0x39, 0x3b, 0x0a, 0x20, 0x20, 0x20, 0x20, 0x20, 0x20, 0x20, 0x20, 0x5f, 0x33, 0x35, 0x34, 0x2e, // 9;.        _354.
	0x78, 0x20, 0x3d, 0x20, 0x5f, 0x33, 0x34, 0x31, 0x2e, 0x78, 0x3b, 0x0a, 0x20, 0x20, 0x20, 0x20, // x = _341.x;.    
	0x20, 0x20, 0x20, 0x20, 0x5f, 0x33, 0x35, 0x34, 0x2e, 0x79, 0x20, 0x3d, 0x20, 0x5f, 0x33, 0x34, //     _354.y = _34
	0x31, 0x2e, 0x79, 0x3b, 0x0a, 0x20, 0x20, 0x20, 0x20, 0x20, 0x20, 0x20, 0x20, 0x5f, 0x33, 0x35, // 1.y;.        _35
	0x34, 0x2e, 0x7a, 0x20, 0x3d, 0x20, 0x5f, 0x33, 0x34, 0x31, 0x2e, 0x7a, 0x3b, 0x0a, 0x20, 0x20, // 4.z = _341.z;.  
	0x20, 0x20, 0x20, 0x20, 0x20, 0x20, 0x5f, 0x33, 0x36, 0x35, 0x20, 0x3d, 0x20, 0x5f, 0x33, 0x35, //       _365 = _35
	0x34, 0x3b, 0x0a, 0x20, 0x20, 0x20, 0x20, 0x7d, 0x0a, 0x20, 0x20, 0x20, 0x20, 0x65, 0x6c, 0x73, // 4;.    }.    els
	0x65, 0x0a, 0x20, 0x20, 0x20, 0x20, 0x7b, 0x0a, 0x20, 0x20, 0x20, 0x20, 0x20, 0x20, 0x20, 0x20, // e.    {.        
	0x5f, 0x33, 0x36, 0x35, 0x20, 0x3d, 0x20, 0x5f, 0x31, 0x36, 0x39, 0x3b, 0x0a, 0x20, 0x20, 0x20, // _365 = _169;.   
	0x20, 0x7d, 0x0a, 0x20, 0x20, 0x20, 0x20, 0x62, 0x67, 0x66, 0x78, 0x5f, 0x46, 0x72, 0x61, 0x67, //  }.    bgfx_Frag
	0x43, 0x6f, 0x6c, 0x6f, 0x72, 0x20, 0x3d, 0x20, 0x5f, 0x33, 0x36, 0x35, 0x3b, 0x0a, 0x7d, 0x0a, // Color = _365;.}.
	0x0a, 0x00,                                                                                     // ..
};
static const uint8_t fs_imgui_glsl[2898] =
{
	0x46, 0x53, 0x48, 0x0c, 0x4f, 0x45, 0x98, 0x49, 0x00, 0x00, 0x00, 0x00, 0x00, 0x00, 0x00, 0x00, // FSH.OE.I........
	0x00, 0x00, 0x00, 0x00, 0x03, 0x00, 0x0a, 0x63, 0x6c, 0x69, 0x70, 0x5f, 0x70, 0x6c, 0x61, 0x6e, // .......clip_plan
	0x65, 0x02, 0x01, 0x00, 0x00, 0x01, 0x00, 0x00, 0x00, 0x00, 0x00, 0x11, 0x73, 0x74, 0x61, 0x74, // e...........stat
	0x69, 0x63, 0x43, 0x6f, 0x6c, 0x6f, 0x72, 0x5f, 0x41, 0x6c, 0x70, 0x68, 0x61, 0x02, 0x01, 0x00, // icColor_Alpha...
	0x00, 0x01, 0x00, 0x00, 0x00, 0x00, 0x00, 0x0e, 0x74, 0x65, 0x78, 0x5f, 0x62, 0x61, 0x73, 0x65, // ........tex_base
	0x5f, 0x63, 0x6f, 0x6c, 0x6f, 0x72, 0x00, 0x01, 0x00, 0x00, 0x01, 0x00, 0x00, 0x02, 0x00, 0x00, // _color..........
	0xed, 0x0a, 0x00, 0x00, 0x0a, 0x75, 0x6e, 0x69, 0x66, 0x6f, 0x72, 0x6d, 0x20, 0x76, 0x65, 0x63, // .....uniform vec
	0x34, 0x20, 0x63, 0x6c, 0x69, 0x70, 0x5f, 0x70, 0x6c, 0x61, 0x6e, 0x65, 0x3b, 0x0a, 0x75, 0x6e, // 4 clip_plane;.un
	0x69, 0x66, 0x6f, 0x72, 0x6d, 0x20, 0x73, 0x61, 0x6d, 0x70, 0x6c, 0x65, 0x72, 0x32, 0x44, 0x20, // iform sampler2D 
	0x74, 0x65, 0x78, 0x5f, 0x62, 0x61, 0x73, 0x65, 0x5f, 0x63, 0x6f, 0x6c, 0x6f, 0x72, 0x3b, 0x0a, // tex_base_color;.
	0x75, 0x6e, 0x69, 0x66, 0x6f, 0x72, 0x6d, 0x20, 0x76, 0x65, 0x63, 0x34, 0x20, 0x73, 0x74, 0x61, // uniform vec4 sta
	0x74, 0x69, 0x63, 0x43, 0x6f, 0x6c, 0x6f, 0x72, 0x5f, 0x41, 0x6c, 0x70, 0x68, 0x61, 0x3b, 0x0a, // ticColor_Alpha;.
	0x0a, 0x69, 0x6e, 0x20, 0x76, 0x65, 0x63, 0x32, 0x20, 0x76, 0x5f, 0x74, 0x65, 0x78, 0x63, 0x6f, // .in vec2 v_texco
	0x6f, 0x72, 0x64, 0x31, 0x3b, 0x0a, 0x69, 0x6e, 0x20, 0x76, 0x65, 0x63, 0x32, 0x20, 0x76, 0x5f, // ord1;.in vec2 v_
	0x74, 0x65, 0x78, 0x63, 0x6f, 0x6f, 0x72, 0x64, 0x30, 0x3b, 0x0a, 0x69, 0x6e, 0x20, 0x76, 0x65, // texcoord0;.in ve
	0x63, 0x34, 0x20, 0x76, 0x5f, 0x63, 0x6f, 0x6c, 0x6f, 0x72, 0x30, 0x3b, 0x0a, 0x6c, 0x61, 0x79, // c4 v_color0;.lay
	0x6f, 0x75, 0x74, 0x28, 0x6c, 0x6f, 0x63, 0x61, 0x74, 0x69, 0x6f, 0x6e, 0x20, 0x3d, 0x20, 0x30, // out(location = 0
	0x29, 0x20, 0x6f, 0x75, 0x74, 0x20, 0x76, 0x65, 0x63, 0x34, 0x20, 0x62, 0x67, 0x66, 0x78, 0x5f, // ) out vec4 bgfx_
	0x46, 0x72, 0x61, 0x67, 0x43, 0x6f, 0x6c, 0x6f, 0x72, 0x3b, 0x0a, 0x0a, 0x76, 0x6f, 0x69, 0x64, // FragColor;..void
	0x20, 0x6d, 0x61, 0x69, 0x6e, 0x28, 0x29, 0x0a, 0x7b, 0x0a, 0x20, 0x20, 0x20, 0x20, 0x62, 0x6f, //  main().{.    bo
	0x6f, 0x6c, 0x20, 0x5f, 0x31, 0x34, 0x33, 0x20, 0x3d, 0x20, 0x61, 0x6e, 0x79, 0x28, 0x6c, 0x65, // ol _143 = any(le
	0x73, 0x73, 0x54, 0x68, 0x61, 0x6e, 0x28, 0x76, 0x5f, 0x74, 0x65, 0x78, 0x63, 0x6f, 0x6f, 0x72, // ssThan(v_texcoor
	0x64, 0x31, 0x2c, 0x20, 0x63, 0x6c, 0x69, 0x70, 0x5f, 0x70, 0x6c, 0x61, 0x6e, 0x65, 0x2e, 0x78, // d1, clip_plane.x
	0x79, 0x29, 0x29, 0x3b, 0x0a, 0x20, 0x20, 0x20, 0x20, 0x62, 0x6f, 0x6f, 0x6c, 0x20, 0x5f, 0x31, // y));.    bool _1
	0x35, 0x32, 0x3b, 0x0a, 0x20, 0x20, 0x20, 0x20, 0x69, 0x66, 0x20, 0x28, 0x21, 0x5f, 0x31, 0x34, // 52;.    if (!_14
	0x33, 0x29, 0x0a, 0x20, 0x20, 0x20, 0x20, 0x7b, 0x0a, 0x20, 0x20, 0x20, 0x20, 0x20, 0x20, 0x20, // 3).    {.       
	0x20, 0x5f, 0x31, 0x35, 0x32, 0x20, 0x3d, 0x20, 0x61, 0x6e, 0x79, 0x28, 0x67, 0x72, 0x65, 0x61, //  _152 = any(grea
	0x74, 0x65, 0x72, 0x54, 0x68, 0x61, 0x6e, 0x28, 0x76, 0x5f, 0x74, 0x65, 0x78, 0x63, 0x6f, 0x6f, // terThan(v_texcoo
	0x72, 0x64, 0x31, 0x2c, 0x20, 0x63, 0x6c, 0x69, 0x70, 0x5f, 0x70, 0x6c, 0x61, 0x6e, 0x65, 0x2e, // rd1, clip_plane.
	0x7a, 0x77, 0x29, 0x29, 0x3b, 0x0a, 0x20, 0x20, 0x20, 0x20, 0x7d, 0x0a, 0x20, 0x20, 0x20, 0x20, // zw));.    }.    
	0x65, 0x6c, 0x73, 0x65, 0x0a, 0x20, 0x20, 0x20, 0x20, 0x7b, 0x0a, 0x20, 0x20, 0x20, 0x20, 0x20, // else.    {.     
	0x20, 0x20, 0x20, 0x5f, 0x31, 0x35, 0x32, 0x20, 0x3d, 0x20, 0x5f, 0x31, 0x34, 0x33, 0x3b, 0x0a, //    _152 = _143;.
	0x20, 0x20, 0x20, 0x20, 0x7d, 0x0a, 0x20, 0x20, 0x20, 0x20, 0x69, 0x66, 0x20, 0x28, 0x5f, 0x31, //     }.    if (_1
	0x35, 0x32, 0x29, 0x0a, 0x20, 0x20, 0x20, 0x20, 0x7b, 0x0a, 0x20, 0x20, 0x20, 0x20, 0x20, 0x20, // 52).    {.      
	0x20, 0x20, 0x64, 0x69, 0x73, 0x63, 0x61, 0x72, 0x64, 0x3b, 0x0a, 0x20, 0x20, 0x20, 0x20, 0x7d, //   discard;.    }
	0x0a, 0x20, 0x20, 0x20, 0x20, 0x76, 0x65, 0x63, 0x34, 0x20, 0x5f, 0x31, 0x36, 0x35, 0x20, 0x3d, // .    vec4 _165 =
	0x20, 0x74, 0x65, 0x78, 0x74, 0x75, 0x72, 0x65, 0x28, 0x74, 0x65, 0x78, 0x5f, 0x62, 0x61, 0x73, //  texture(tex_bas
	0x65, 0x5f, 0x63, 0x6f, 0x6c, 0x6f, 0x72, 0x2c, 0x20, 0x76, 0x5f, 0x74, 0x65, 0x78, 0x63, 0x6f, // e_color, v_texco
	0x6f, 0x72, 0x64, 0x30, 0x29, 0x3b, 0x0a, 0x20, 0x20, 0x20, 0x20, 0x76, 0x65, 0x63, 0x34, 0x20, // ord0);.    vec4 
	0x5f, 0x31, 0x36, 0x39, 0x20, 0x3d, 0x20, 0x5f, 0x31, 0x36, 0x35, 0x20, 0x2a, 0x20, 0x76, 0x5f, // _169 = _165 * v_
	0x63, 0x6f, 0x6c, 0x6f, 0x72, 0x30, 0x3b, 0x0a, 0x20, 0x20, 0x20, 0x20, 0x76, 0x65, 0x63, 0x34, // color0;.    vec4
	0x20, 0x5f, 0x33, 0x36, 0x35, 0x3b, 0x0a, 0x20, 0x20, 0x20, 0x20, 0x69, 0x66, 0x20, 0x28, 0x73, //  _365;.    if (s
	0x74, 0x61, 0x74, 0x69, 0x63, 0x43, 0x6f, 0x6c, 0x6f, 0x72, 0x5f, 0x41, 0x6c, 0x70, 0x68, 0x61, // taticColor_Alpha
	0x2e, 0x77, 0x20, 0x3e, 0x20, 0x30, 0x2e, 0x30, 0x29, 0x0a, 0x20, 0x20, 0x20, 0x20, 0x7b, 0x0a, // .w > 0.0).    {.
	0x20, 0x20, 0x20, 0x20, 0x20, 0x20, 0x20, 0x20, 0x66, 0x6c, 0x6f, 0x61, 0x74, 0x20, 0x5f, 0x32, //         float _2
	0x32, 0x39, 0x20, 0x3d, 0x20, 0x5f, 0x31, 0x36, 0x39, 0x2e, 0x78, 0x3b, 0x0a, 0x20, 0x20, 0x20, // 29 = _169.x;.   
	0x20, 0x20, 0x20, 0x20, 0x20, 0x66, 0x6c, 0x6f, 0x61, 0x74, 0x20, 0x5f, 0x33, 0x35, 0x39, 0x3b, //      float _359;
	0x0a, 0x20, 0x20, 0x20, 0x20, 0x20, 0x20, 0x20, 0x20, 0x64, 0x6f, 0x0a, 0x20, 0x20, 0x20, 0x20, // .        do.    
	0x20, 0x20, 0x20, 0x20, 0x7b, 0x0a, 0x20, 0x20, 0x20, 0x20, 0x20, 0x20, 0x20, 0x20, 0x20, 0x20, //     {.          
	0x20, 0x20, 0x69, 0x66, 0x20, 0x28, 0x5f, 0x32, 0x32, 0x39, 0x20, 0x3c, 0x3d, 0x20, 0x30, 0x2e, //   if (_229 <= 0.
	0x30, 0x34, 0x30, 0x34, 0x34, 0x39, 0x39, 0x39, 0x39, 0x32, 0x37, 0x32, 0x38, 0x32, 0x33, 0x33, // 0404499992728233
	0x33, 0x33, 0x37, 0x34, 0x30, 0x32, 0x33, 0x34, 0x33, 0x37, 0x35, 0x29, 0x0a, 0x20, 0x20, 0x20, // 33740234375).   
	0x20, 0x20, 0x20, 0x20, 0x20, 0x20, 0x20, 0x20, 0x20, 0x7b, 0x0a, 0x20, 0x20, 0x20, 0x20, 0x20, //          {.     
	0x20, 0x20, 0x20, 0x20, 0x20, 0x20, 0x20, 0x20, 0x20, 0x20, 0x20, 0x5f, 0x33, 0x35, 0x39, 0x20, //            _359 
	0x3d, 0x20, 0x5f, 0x32, 0x32, 0x39, 0x20, 0x2a, 0x20, 0x30, 0x2e, 0x30, 0x37, 0x37, 0x33, 0x39, // = _229 * 0.07739
	0x39, 0x33, 0x38, 0x30, 0x35, 0x30, 0x35, 0x30, 0x38, 0x34, 0x39, 0x39, 0x31, 0x34, 0x35, 0x35, // 9380505084991455
	0x30, 0x37, 0x38, 0x31, 0x32, 0x35, 0x3b, 0x0a, 0x20, 0x20, 0x20, 0x20, 0x20, 0x20, 0x20, 0x20, // 078125;.        
	0x20, 0x20, 0x20, 0x20, 0x20, 0x20, 0x20, 0x20, 0x62, 0x72, 0x65, 0x61, 0x6b, 0x3b, 0x0a, 0x20, //         break;. 
	0x20, 0x20, 0x20, 0x20, 0x20, 0x20, 0x20, 0x20, 0x20, 0x20, 0x20, 0x7d, 0x0a, 0x20, 0x20, 0x20, //            }.   
	0x20, 0x20, 0x20, 0x20, 0x20, 0x20, 0x20, 0x20, 0x20, 0x65, 0x6c, 0x73, 0x65, 0x0a, 0x20, 0x20, //          else.  
	0x20, 0x20, 0x20, 0x20, 0x20, 0x20, 0x20, 0x20, 0x20, 0x20, 0x7b, 0x0a, 0x20, 0x20, 0x20, 0x20, //           {.    
	0x20, 0x20, 0x20, 0x20, 0x20, 0x20, 0x20, 0x20, 0x20, 0x20, 0x20, 0x20, 0x5f, 0x33, 0x35, 0x39, //             _359
	0x20, 0x3d, 0x20, 0x70, 0x6f, 0x77, 0x28, 0x28, 0x5f, 0x32, 0x32, 0x39, 0x20, 0x2a, 0x20, 0x30, //  = pow((_229 * 0
	0x2e, 0x39, 0x34, 0x37, 0x38, 0x36, 0x37, 0x32, 0x37, 0x34, 0x32, 0x38, 0x34, 0x33, 0x36, 0x32, // .947867274284362
	0x37, 0x39, 0x32, 0x39, 0x36, 0x38, 0x37, 0x35, 0x29, 0x20, 0x2b, 0x20, 0x30, 0x2e, 0x30, 0x35, // 79296875) + 0.05
	0x32, 0x31, 0x33, 0x32, 0x36, 0x39, 0x39, 0x36, 0x33, 0x38, 0x36, 0x30, 0x35, 0x31, 0x31, 0x37, // 2132699638605117
	0x37, 0x39, 0x37, 0x38, 0x35, 0x31, 0x35, 0x36, 0x32, 0x35, 0x2c, 0x20, 0x32, 0x2e, 0x34, 0x30, // 7978515625, 2.40
	0x30, 0x30, 0x30, 0x30, 0x30, 0x39, 0x35, 0x33, 0x36, 0x37, 0x34, 0x33, 0x31, 0x36, 0x34, 0x30, // 0000095367431640
	0x36, 0x32, 0x35, 0x29, 0x3b, 0x0a, 0x20, 0x20, 0x20, 0x20, 0x20, 0x20, 0x20, 0x20, 0x20, 0x20, // 625);.          
	0x20, 0x20, 0x20, 0x20, 0x20, 0x20, 0x62, 0x72, 0x65, 0x61, 0x6b, 0x3b, 0x0a, 0x20, 0x20, 0x20, //       break;.   
	0x20, 0x20, 0x20, 0x20, 0x20, 0x20, 0x20, 0x20, 0x20, 0x7d, 0x0a, 0x20, 0x20, 0x20, 0x20, 0x20, //          }.     
	0x20, 0x20, 0x20, 0x20, 0x20, 0x20, 0x20, 0x62, 0x72, 0x65, 0x61, 0x6b, 0x3b, 0x20, 0x2f, 0x2f, //        break; //
	0x20, 0x75, 0x6e, 0x72, 0x65, 0x61, 0x63, 0x68, 0x61, 0x62, 0x6c, 0x65, 0x20, 0x77, 0x6f, 0x72, //  unreachable wor
	0x6b, 0x61, 0x72, 0x6f, 0x75, 0x6e, 0x64, 0x0a, 0x20, 0x20, 0x20, 0x20, 0x20, 0x20, 0x20, 0x20, // karound.        
	0x7d, 0x20, 0x77, 0x68, 0x69, 0x6c, 0x65, 0x28, 0x66, 0x61, 0x6c, 0x73, 0x65, 0x29, 0x3b, 0x0a, // } while(false);.
	0x20, 0x20, 0x20, 0x20, 0x20, 0x20, 0x20, 0x20, 0x66, 0x6c, 0x6f, 0x61, 0x74, 0x20, 0x5f, 0x32, //         float _2
	0x33, 0x32, 0x20, 0x3d, 0x20, 0x5f, 0x31, 0x36, 0x39, 0x2e, 0x79, 0x3b, 0x0a, 0x20, 0x20, 0x20, // 32 = _169.y;.   
	0x20, 0x20, 0x20, 0x20, 0x20, 0x66, 0x6c, 0x6f, 0x61, 0x74, 0x20, 0x5f, 0x33, 0x36, 0x30, 0x3b, //      float _360;
	0x0a, 0x20, 0x20, 0x20, 0x20, 0x20, 0x20, 0x20, 0x20, 0x64, 0x6f, 0x0a, 0x20, 0x20, 0x20, 0x20, // .        do.    
	0x20, 0x20, 0x20, 0x20, 0x7b, 0x0a, 0x20, 0x20, 0x20, 0x20, 0x20, 0x20, 0x20, 0x20, 0x20, 0x20, //     {.          
	0x20, 0x20, 0x69, 0x66, 0x20, 0x28, 0x5f, 0x32, 0x33, 0x32, 0x20, 0x3c, 0x3d, 0x20, 0x30, 0x2e, //   if (_232 <= 0.
	0x30, 0x34, 0x30, 0x34, 0x34, 0x39, 0x39, 0x39, 0x39, 0x32, 0x37, 0x32, 0x38, 0x32, 0x33, 0x33, // 0404499992728233
	0x33, 0x33, 0x37, 0x34, 0x30, 0x32, 0x33, 0x34, 0x33, 0x37, 0x35, 0x29, 0x0a, 0x20, 0x20, 0x20, // 33740234375).   
	0x20, 0x20, 0x20, 0x20, 0x20, 0x20, 0x20, 0x20, 0x20, 0x7b, 0x0a, 0x20, 0x20, 0x20, 0x20, 0x20, //          {.     
	0x20, 0x20, 0x20, 0x20, 0x20, 0x20, 0x20, 0x20, 0x20, 0x20, 0x20, 0x5f, 0x33, 0x36, 0x30, 0x20, //            _360 
	0x3d, 0x20, 0x5f, 0x32, 0x33, 0x32, 0x20, 0x2a, 0x20, 0x30, 0x2e, 0x30, 0x37, 0x37, 0x33, 0x39, // = _232 * 0.07739
	0x39, 0x33, 0x38, 0x30, 0x35, 0x30, 0x35, 0x30, 0x38, 0x34, 0x39, 0x39, 0x31, 0x34, 0x35, 0x35, // 9380505084991455
	0x30, 0x37, 0x38, 0x31, 0x32, 0x35, 0x3b, 0x0a, 0x20, 0x20, 0x20, 0x20, 0x20, 0x20, 0x20, 0x20, // 078125;.        
	0x20, 0x20, 0x20, 0x20, 0x20, 0x20, 0x20, 0x20, 0x62, 0x72, 0x65, 0x61, 0x6b, 0x3b, 0x0a, 0x20, //         break;. 
	0x20, 0x20, 0x20, 0x20, 0x20, 0x20, 0x20, 0x20, 0x20, 0x20, 0x20, 0x7d, 0x0a, 0x20, 0x20, 0x20, //            }.   
	0x20, 0x20, 0x20, 0x20, 0x20, 0x20, 0x20, 0x20, 0x20, 0x65, 0x6c, 0x73, 0x65, 0x0a, 0x20, 0x20, //          else.  
	0x20, 0x20, 0x20, 0x20, 0x20, 0x20, 0x20, 0x20, 0x20, 0x20, 0x7b, 0x0a, 0x20, 0x20, 0x20, 0x20, //           {.    
	0x20, 0x20, 0x20, 0x20, 0x20, 0x20, 0x20, 0x20, 0x20, 0x20, 0x20, 0x20, 0x5f, 0x33, 0x36, 0x30, //             _360
	0x20, 0x3d, 0x20, 0x70, 0x6f, 0x77, 0x28, 0x28, 0x5f, 0x32, 0x33, 0x32, 0x20, 0x2a, 0x20, 0x30, //  = pow((_232 * 0
	0x2e, 0x39, 0x34, 0x37, 0x38, 0x36, 0x37, 0x32, 0x37, 0x34, 0x32, 0x38, 0x34, 0x33, 0x36, 0x32, // .947867274284362
	0x37, 0x39, 0x32, 0x39, 0x36, 0x38, 0x37, 0x35, 0x29, 0x20, 0x2b, 0x20, 0x30, 0x2e, 0x30, 0x35, // 79296875) + 0.05
	0x32, 0x31, 0x33, 0x32, 0x36, 0x39, 0x39, 0x36, 0x33, 0x38, 0x36, 0x30, 0x35, 0x31, 0x31, 0x37, // 2132699638605117
	0x37, 0x39, 0x37, 0x38, 0x35, 0x31, 0x35, 0x36, 0x32, 0x35, 0x2c, 0x20, 0x32, 0x2e, 0x34, 0x30, // 7978515625, 2.40
	0x30, 0x30, 0x30, 0x30, 0x30, 0x39, 0x35, 0x33, 0x36, 0x37, 0x34, 0x33, 0x31, 0x36, 0x34, 0x30, // 0000095367431640
	0x36, 0x32, 0x35, 0x29, 0x3b, 0x0a, 0x20, 0x20, 0x20, 0x20, 0x20, 0x20, 0x20, 0x20, 0x20, 0x20, // 625);.          
	0x20, 0x20, 0x20, 0x20, 0x20, 0x20, 0x62, 0x72, 0x65, 0x61, 0x6b, 0x3b, 0x0a, 0x20, 0x20, 0x20, //       break;.   
	0x20, 0x20, 0x20, 0x20, 0x20, 0x20, 0x20, 0x20, 0x20, 0x7d, 0x0a, 0x20, 0x20, 0x20, 0x20, 0x20, //          }.     
	0x20, 0x20, 0x20, 0x20, 0x20, 0x20, 0x20, 0x62, 0x72, 0x65, 0x61, 0x6b, 0x3b, 0x20, 0x2f, 0x2f, //        break; //
	0x20, 0x75, 0x6e, 0x72, 0x65, 0x61, 0x63, 0x68, 0x61, 0x62, 0x6c, 0x65, 0x20, 0x77, 0x6f, 0x72, //  unreachable wor
	0x6b, 0x61, 0x72, 0x6f, 0x75, 0x6e, 0x64, 0x0a, 0x20, 0x20, 0x20, 0x20, 0x20, 0x20, 0x20, 0x20, // karound.        
	0x7d, 0x20, 0x77, 0x68, 0x69, 0x6c, 0x65, 0x28, 0x66, 0x61, 0x6c, 0x73, 0x65, 0x29, 0x3b, 0x0a, // } while(false);.
	0x20, 0x20, 0x20, 0x20, 0x20, 0x20, 0x20, 0x20, 0x66, 0x6c, 0x6f, 0x61, 0x74, 0x20, 0x5f, 0x32, //         float _2
	0x33, 0x35, 0x20, 0x3d, 0x20, 0x5f, 0x31, 0x36, 0x39, 0x2e, 0x7a, 0x3b, 0x0a, 0x20, 0x20, 0x20, // 35 = _169.z;.   
	0x20, 0x20, 0x20, 0x20, 0x20, 0x66, 0x6c, 0x6f, 0x61, 0x74, 0x20, 0x5f, 0x33, 0x36, 0x31, 0x3b, //      float _361;
	0x0a, 0x20, 0x20, 0x20, 0x20, 0x20, 0x20, 0x20, 0x20, 0x64, 0x6f, 0x0a, 0x20, 0x20, 0x20, 0x20, // .        do.    
	0x20, 0x20, 0x20, 0x20, 0x7b, 0x0a, 0x20, 0x20, 0x20, 0x20, 0x20, 0x20, 0x20, 0x20, 0x20, 0x20, //     {.          
	0x20, 0x20, 0x69, 0x66, 0x20, 0x28, 0x5f, 0x32, 0x33, 0x35, 0x20, 0x3c, 0x3d, 0x20, 0x30, 0x2e, //   if (_235 <= 0.
	0x30, 0x34, 0x30, 0x34, 0x34, 0x39, 0x39, 0x39, 0x39, 0x32, 0x37, 0x32, 0x38, 0x32, 0x33, 0x33, // 0404499992728233
	0x33, 0x33, 0x37, 0x34, 0x30, 0x32, 0x33, 0x34, 0x33, 0x37, 0x35, 0x29, 0x0a, 0x20, 0x20, 0x20, // 33740234375).   
	0x20, 0x20, 0x20, 0x20, 0x20, 0x20, 0x20, 0x20, 0x20, 0x7b, 0x0a, 0x20, 0x20, 0x20, 0x20, 0x20, //          {.     
	0x20, 0x20, 0x20, 0x20, 0x20, 0x20, 0x20, 0x20, 0x20, 0x20, 0x20, 0x5f, 0x33, 0x36, 0x31, 0x20, //            _361 
	0x3d, 0x20, 0x5f, 0x32, 0x33, 0x35, 0x20, 0x2a, 0x20, 0x30, 0x2e, 0x30, 0x37, 0x37, 0x33, 0x39, // = _235 * 0.07739
	0x39, 0x33, 0x38, 0x30, 0x35, 0x30, 0x35, 0x30, 0x38, 0x34, 0x39, 0x39, 0x31, 0x34, 0x35, 0x35, // 9380505084991455
	0x30, 0x37, 0x38, 0x31, 0x32, 0x35, 0x3b, 0x0a, 0x20, 0x20, 0x20, 0x20, 0x20, 0x20, 0x20, 0x20, // 078125;.        
	0x20, 0x20, 0x20, 0x20, 0x20, 0x20, 0x20, 0x20, 0x62, 0x72, 0x65, 0x61, 0x6b, 0x3b, 0x0a, 0x20, //         break;. 
	0x20, 0x20, 0x20, 0x20, 0x20, 0x20, 0x20, 0x20, 0x20, 0x20, 0x20, 0x7d, 0x0a, 0x20, 0x20, 0x20, //            }.   
	0x20, 0x20, 0x20, 0x20, 0x20, 0x20, 0x20, 0x20, 0x20, 0x65, 0x6c, 0x73, 0x65, 0x0a, 0x20, 0x20, //          else.  
	0x20, 0x20, 0x20, 0x20, 0x20, 0x20, 0x20, 0x20, 0x20, 0x20, 0x7b, 0x0a, 0x20, 0x20, 0x20, 0x20, //           {.    
	0x20, 0x20, 0x20, 0x20, 0x20, 0x20, 0x20, 0x20, 0x20, 0x20, 0x20, 0x20, 0x5f, 0x33, 0x36, 0x31, //             _361
	0x20, 0x3d, 0x20, 0x70, 0x6f, 0x77, 0x28, 0x28, 0x5f, 0x32, 0x33, 0x35, 0x20, 0x2a, 0x20, 0x30, //  = pow((_235 * 0
	0x2e, 0x39, 0x34, 0x37, 0x38, 0x36, 0x37, 0x32, 0x37, 0x34, 0x32, 0x38, 0x34, 0x33, 0x36, 0x32, // .947867274284362
	0x37, 0x39, 0x32, 0x39, 0x36, 0x38, 0x37, 0x35, 0x29, 0x20, 0x2b, 0x20, 0x30, 0x2e, 0x30, 0x35, // 79296875) + 0.05
	0x32, 0x31, 0x33, 0x32, 0x36, 0x39, 0x39, 0x36, 0x33, 0x38, 0x36, 0x30, 0x35, 0x31, 0x31, 0x37, // 2132699638605117
	0x37, 0x39, 0x37, 0x38, 0x35, 0x31, 0x35, 0x36, 0x32, 0x35, 0x2c, 0x20, 0x32, 0x2e, 0x34, 0x30, // 7978515625, 2.40
	0x30, 0x30, 0x30, 0x30, 0x30, 0x39, 0x35, 0x33, 0x36, 0x37, 0x34, 0x33, 0x31, 0x36, 0x34, 0x30, // 0000095367431640
	0x36, 0x32, 0x35, 0x29, 0x3b, 0x0a, 0x20, 0x20, 0x20, 0x20, 0x20, 0x20, 0x20, 0x20, 0x20, 0x20, // 625);.          
	0x20, 0x20, 0x20, 0x20, 0x20, 0x20, 0x62, 0x72, 0x65, 0x61, 0x6b, 0x3b, 0x0a, 0x20, 0x20, 0x20, //       break;.   
	0x20, 0x20, 0x20, 0x20, 0x20, 0x20, 0x20, 0x20, 0x20, 0x7d, 0x0a, 0x20, 0x20, 0x20, 0x20, 0x20, //          }.     
	0x20, 0x20, 0x20, 0x20, 0x20, 0x20, 0x20, 0x62, 0x72, 0x65, 0x61, 0x6b, 0x3b, 0x20, 0x2f, 0x2f, //        break; //
	0x20, 0x75, 0x6e, 0x72, 0x65, 0x61, 0x63, 0x68, 0x61, 0x62, 0x6c, 0x65, 0x20, 0x77, 0x6f, 0x72, //  unreachable wor
	0x6b, 0x61, 0x72, 0x6f, 0x75, 0x6e, 0x64, 0x0a, 0x20, 0x20, 0x20, 0x20, 0x20, 0x20, 0x20, 0x20, // karound.        
	0x7d, 0x20, 0x77, 0x68, 0x69, 0x6c, 0x65, 0x28, 0x66, 0x61, 0x6c, 0x73, 0x65, 0x29, 0x3b, 0x0a, // } while(false);.
	0x20, 0x20, 0x20, 0x20, 0x20, 0x20, 0x20, 0x20, 0x76, 0x65, 0x63, 0x33, 0x20, 0x5f, 0x33, 0x32, //         vec3 _32
	0x36, 0x20, 0x3d, 0x20, 0x70, 0x6f, 0x77, 0x28, 0x28, 0x76, 0x65, 0x63, 0x33, 0x28, 0x5f, 0x33, // 6 = pow((vec3(_3
	0x35, 0x39, 0x2c, 0x20, 0x5f, 0x33, 0x36, 0x30, 0x2c, 0x20, 0x5f, 0x33, 0x36, 0x31, 0x29, 0x20, // 59, _360, _361) 
	0x2a, 0x20, 0x73, 0x74, 0x61, 0x74, 0x69, 0x63, 0x43, 0x6f, 0x6c, 0x6f, 0x72, 0x5f, 0x41, 0x6c, // * staticColor_Al
	0x70, 0x68, 0x61, 0x2e, 0x77, 0x29, 0x20, 0x2a, 0x20, 0x6d, 0x61, 0x74, 0x33, 0x28, 0x76, 0x65, // pha.w) * mat3(ve
	0x63, 0x33, 0x28, 0x30, 0x2e, 0x36, 0x32, 0x37, 0x33, 0x39, 0x39, 0x39, 0x38, 0x31, 0x30, 0x32, // c3(0.62739998102
	0x31, 0x38, 0x38, 0x31, 0x31, 0x30, 0x33, 0x35, 0x31, 0x35, 0x36, 0x32, 0x35, 0x2c, 0x20, 0x30, // 1881103515625, 0
	0x2e, 0x33, 0x32, 0x39, 0x32, 0x39, 0x39, 0x39, 0x38, 0x36, 0x33, 0x36, 0x32, 0x34, 0x35, 0x37, // .329299986362457
	0x32, 0x37, 0x35, 0x33, 0x39, 0x30, 0x36, 0x32, 0x35, 0x2c, 0x20, 0x30, 0x2e, 0x30, 0x34, 0x33, // 275390625, 0.043
	0x32, 0x39, 0x39, 0x39, 0x39, 0x39, 0x30, 0x38, 0x38, 0x30, 0x34, 0x38, 0x39, 0x33, 0x34, 0x39, // 2999990880489349
	0x33, 0x36, 0x35, 0x32, 0x33, 0x34, 0x33, 0x37, 0x35, 0x29, 0x2c, 0x20, 0x76, 0x65, 0x63, 0x33, // 365234375), vec3
	0x28, 0x30, 0x2e, 0x30, 0x36, 0x39, 0x30, 0x39, 0x39, 0x39, 0x39, 0x39, 0x39, 0x36, 0x34, 0x32, // (0.0690999999642
	0x33, 0x37, 0x32, 0x31, 0x33, 0x31, 0x33, 0x34, 0x37, 0x36, 0x35, 0x36, 0x32, 0x35, 0x2c, 0x20, // 37213134765625, 
	0x30, 0x2e, 0x39, 0x31, 0x39, 0x34, 0x39, 0x39, 0x39, 0x39, 0x33, 0x33, 0x32, 0x34, 0x32, 0x37, // 0.91949999332427
	0x39, 0x37, 0x38, 0x35, 0x31, 0x35, 0x36, 0x32, 0x35, 0x2c, 0x20, 0x30, 0x2e, 0x30, 0x31, 0x31, // 978515625, 0.011
	0x33, 0x30, 0x30, 0x30, 0x30, 0x30, 0x33, 0x36, 0x32, 0x30, 0x39, 0x38, 0x32, 0x31, 0x37, 0x30, // 3000003620982170
	0x31, 0x30, 0x34, 0x39, 0x38, 0x30, 0x34, 0x36, 0x38, 0x37, 0x35, 0x29, 0x2c, 0x20, 0x76, 0x65, // 10498046875), ve
	0x63, 0x33, 0x28, 0x30, 0x2e, 0x30, 0x31, 0x36, 0x34, 0x30, 0x30, 0x30, 0x30, 0x30, 0x30, 0x38, // c3(0.01640000008
	0x30, 0x34, 0x36, 0x36, 0x32, 0x37, 0x30, 0x34, 0x34, 0x36, 0x37, 0x37, 0x37, 0x33, 0x34, 0x33, // 0466270446777343
	0x37, 0x35, 0x2c, 0x20, 0x30, 0x2e, 0x30, 0x38, 0x37, 0x39, 0x39, 0x39, 0x39, 0x39, 0x39, 0x35, // 75, 0.0879999995
	0x32, 0x33, 0x31, 0x36, 0x32, 0x38, 0x34, 0x31, 0x37, 0x39, 0x36, 0x38, 0x37, 0x35, 0x2c, 0x20, // 23162841796875, 
	0x30, 0x2e, 0x38, 0x39, 0x35, 0x36, 0x30, 0x30, 0x30, 0x32, 0x30, 0x38, 0x38, 0x35, 0x34, 0x36, // 0.89560002088546
	0x37, 0x35, 0x32, 0x39, 0x32, 0x39, 0x36, 0x38, 0x37, 0x35, 0x29, 0x29, 0x2c, 0x20, 0x76, 0x65, // 7529296875)), ve
	0x63, 0x33, 0x28, 0x30, 0x2e, 0x31, 0x35, 0x39, 0x33, 0x30, 0x31, 0x37, 0x35, 0x37, 0x38, 0x31, // c3(0.15930175781
	0x32, 0x35, 0x29, 0x29, 0x3b, 0x0a, 0x20, 0x20, 0x20, 0x20, 0x20, 0x20, 0x20, 0x20, 0x76, 0x65, // 25));.        ve
	0x63, 0x33, 0x20, 0x5f, 0x33, 0x34, 0x31, 0x20, 0x3d, 0x20, 0x70, 0x6f, 0x77, 0x28, 0x28, 0x76, // c3 _341 = pow((v
	0x65, 0x63, 0x33, 0x28, 0x30, 0x2e, 0x38, 0x33, 0x35, 0x39, 0x33, 0x37, 0x35, 0x29, 0x20, 0x2b, // ec3(0.8359375) +
	0x20, 0x28, 0x5f, 0x33, 0x32, 0x36, 0x20, 0x2a, 0x20, 0x31, 0x38, 0x2e, 0x38, 0x35, 0x31, 0x35, //  (_326 * 18.8515
	0x36, 0x32, 0x35, 0x29, 0x29, 0x20, 0x2f, 0x20, 0x28, 0x76, 0x65, 0x63, 0x33, 0x28, 0x31, 0x2e, // 625)) / (vec3(1.
	0x30, 0x29, 0x20, 0x2b, 0x20, 0x28, 0x5f, 0x33, 0x32, 0x36, 0x20, 0x2a, 0x20, 0x31, 0x38, 0x2e, // 0) + (_326 * 18.
	0x36, 0x38, 0x37, 0x35, 0x29, 0x29, 0x2c, 0x20, 0x76, 0x65, 0x63, 0x33, 0x28, 0x37, 0x38, 0x2e, // 6875)), vec3(78.
	0x38, 0x34, 0x33, 0x37, 0x35, 0x29, 0x29, 0x3b, 0x0a, 0x20, 0x20, 0x20, 0x20, 0x20, 0x20, 0x20, // 84375));.       
	0x20, 0x76, 0x65, 0x63, 0x34, 0x20, 0x5f, 0x33, 0x35, 0x34, 0x20, 0x3d, 0x20, 0x5f, 0x31, 0x36, //  vec4 _354 = _16
	0x39, 0x3b, 0x0a, 0x20, 0x20, 0x20, 0x20, 0x20, 0x20, 0x20, 0x20, 0x5f, 0x33, 0x35, 0x34, 0x2e, // 9;.        _354.
	0x78, 0x20, 0x3d, 0x20, 0x5f, 0x33, 0x34, 0x31, 0x2e, 0x78, 0x3b, 0x0a, 0x20, 0x20, 0x20, 0x20, // x = _341.x;.    
	0x20, 0x20, 0x20, 0x20, 0x5f, 0x33, 0x35, 0x34, 0x2e, 0x79, 0x20, 0x3d, 0x20, 0x5f, 0x33, 0x34, //     _354.y = _34
	0x31, 0x2e, 0x79, 0x3b, 0x0a, 0x20, 0x20, 0x20, 0x20, 0x20, 0x20, 0x20, 0x20, 0x5f, 0x33, 0x35, // 1.y;.        _35
	0x34, 0x2e, 0x7a, 0x20, 0x3d, 0x20, 0x5f, 0x33, 0x34, 0x31, 0x2e, 0x7a, 0x3b, 0x0a, 0x20, 0x20, // 4.z = _341.z;.  
	0x20, 0x20, 0x20, 0x20, 0x20, 0x20, 0x5f, 0x33, 0x36, 0x35, 0x20, 0x3d, 0x20, 0x5f, 0x33, 0x35, //       _365 = _35
	0x34, 0x3b, 0x0a, 0x20, 0x20, 0x20, 0x20, 0x7d, 0x0a, 0x20, 0x20, 0x20, 0x20, 0x65, 0x6c, 0x73, // 4;.    }.    els
	0x65, 0x0a, 0x20, 0x20, 0x20, 0x20, 0x7b, 0x0a, 0x20, 0x20, 0x20, 0x20, 0x20, 0x20, 0x20, 0x20, // e.    {.        
	0x5f, 0x33, 0x36, 0x35, 0x20, 0x3d, 0x20, 0x5f, 0x31, 0x36, 0x39, 0x3b, 0x0a, 0x20, 0x20, 0x20, // _365 = _169;.   
	0x20, 0x7d, 0x0a, 0x20, 0x20, 0x20, 0x20, 0x62, 0x67, 0x66, 0x78, 0x5f, 0x46, 0x72, 0x61, 0x67, //  }.    bgfx_Frag
	0x43, 0x6f, 0x6c, 0x6f, 0x72, 0x20, 0x3d, 0x20, 0x5f, 0x33, 0x36, 0x35, 0x3b, 0x0a, 0x7d, 0x0a, // Color = _365;.}.
	0x0a, 0x00,                                                                                     // ..
};
static const uint8_t fs_imgui_dxbc[1688] =
{
	0x46, 0x53, 0x48, 0x0c, 0x4f, 0x45, 0x98, 0x49, 0x00, 0x00, 0x00, 0x00, 0x00, 0x00, 0x00, 0x00, // FSH.OE.I........
	0x00, 0x00, 0x00, 0x00, 0x03, 0x00, 0x0a, 0x63, 0x6c, 0x69, 0x70, 0x5f, 0x70, 0x6c, 0x61, 0x6e, // .......clip_plan
	0x65, 0x12, 0x00, 0x00, 0x00, 0x01, 0x00, 0x00, 0x00, 0x00, 0x00, 0x11, 0x73, 0x74, 0x61, 0x74, // e...........stat
	0x69, 0x63, 0x43, 0x6f, 0x6c, 0x6f, 0x72, 0x5f, 0x41, 0x6c, 0x70, 0x68, 0x61, 0x12, 0x00, 0x10, // icColor_Alpha...
	0x00, 0x01, 0x00, 0x00, 0x00, 0x00, 0x00, 0x0e, 0x74, 0x65, 0x78, 0x5f, 0x62, 0x61, 0x73, 0x65, // ........tex_base
	0x5f, 0x63, 0x6f, 0x6c, 0x6f, 0x72, 0x30, 0x01, 0x00, 0x00, 0x01, 0x00, 0x00, 0x02, 0x00, 0x00, // _color0.........
	0x30, 0x06, 0x00, 0x00, 0x44, 0x58, 0x42, 0x43, 0x71, 0x4a, 0xae, 0x0a, 0x99, 0x20, 0x39, 0xe6, // 0...DXBCqJ... 9.
	0xfb, 0x36, 0xdf, 0x7f, 0x82, 0x7e, 0x8c, 0x73, 0x01, 0x00, 0x00, 0x00, 0x30, 0x06, 0x00, 0x00, // .6...~.s....0...
	0x03, 0x00, 0x00, 0x00, 0x2c, 0x00, 0x00, 0x00, 0xb8, 0x00, 0x00, 0x00, 0xec, 0x00, 0x00, 0x00, // ....,...........
	0x49, 0x53, 0x47, 0x4e, 0x84, 0x00, 0x00, 0x00, 0x04, 0x00, 0x00, 0x00, 0x08, 0x00, 0x00, 0x00, // ISGN............
	0x68, 0x00, 0x00, 0x00, 0x00, 0x00, 0x00, 0x00, 0x01, 0x00, 0x00, 0x00, 0x03, 0x00, 0x00, 0x00, // h...............
	0x00, 0x00, 0x00, 0x00, 0x0f, 0x00, 0x00, 0x00, 0x74, 0x00, 0x00, 0x00, 0x00, 0x00, 0x00, 0x00, // ........t.......
	0x00, 0x00, 0x00, 0x00, 0x03, 0x00, 0x00, 0x00, 0x01, 0x00, 0x00, 0x00, 0x0f, 0x0f, 0x00, 0x00, // ................
	0x7a, 0x00, 0x00, 0x00, 0x00, 0x00, 0x00, 0x00, 0x00, 0x00, 0x00, 0x00, 0x03, 0x00, 0x00, 0x00, // z...............
	0x02, 0x00, 0x00, 0x00, 0x03, 0x03, 0x00, 0x00, 0x7a, 0x00, 0x00, 0x00, 0x01, 0x00, 0x00, 0x00, // ........z.......
	0x00, 0x00, 0x00, 0x00, 0x03, 0x00, 0x00, 0x00, 0x02, 0x00, 0x00, 0x00, 0x0c, 0x0c, 0x00, 0x00, // ................
	0x53, 0x56, 0x5f, 0x50, 0x4f, 0x53, 0x49, 0x54, 0x49, 0x4f, 0x4e, 0x00, 0x43, 0x4f, 0x4c, 0x4f, // SV_POSITION.COLO
	0x52, 0x00, 0x54, 0x45, 0x58, 0x43, 0x4f, 0x4f, 0x52, 0x44, 0x00, 0xab, 0x4f, 0x53, 0x47, 0x4e, // R.TEXCOORD..OSGN
	0x2c, 0x00, 0x00, 0x00, 0x01, 0x00, 0x00, 0x00, 0x08, 0x00, 0x00, 0x00, 0x20, 0x00, 0x00, 0x00, // ,........... ...
	0x00, 0x00, 0x00, 0x00, 0x00, 0x00, 0x00, 0x00, 0x03, 0x00, 0x00, 0x00, 0x00, 0x00, 0x00, 0x00, // ................
	0x0f, 0x00, 0x00, 0x00, 0x53, 0x56, 0x5f, 0x54, 0x41, 0x52, 0x47, 0x45, 0x54, 0x00, 0xab, 0xab, // ....SV_TARGET...
	0x53, 0x48, 0x45, 0x58, 0x3c, 0x05, 0x00, 0x00, 0x50, 0x00, 0x00, 0x00, 0x4f, 0x01, 0x00, 0x00, // SHEX<...P...O...
	0x6a, 0x08, 0x00, 0x01, 0x59, 0x00, 0x00, 0x04, 0x46, 0x8e, 0x20, 0x00, 0x00, 0x00, 0x00, 0x00, // j...Y...F. .....
	0x02, 0x00, 0x00, 0x00, 0x5a, 0x00, 0x00, 0x03, 0x00, 0x60, 0x10, 0x00, 0x00, 0x00, 0x00, 0x00, // ....Z....`......
	0x58, 0x18, 0x00, 0x04, 0x00, 0x70, 0x10, 0x00, 0x00, 0x00, 0x00, 0x00, 0x55, 0x55, 0x00, 0x00, // X....p......UU..
	0x62, 0x10, 0x00, 0x03, 0xf2, 0x10, 0x10, 0x00, 0x01, 0x00, 0x00, 0x00, 0x62, 0x10, 0x00, 0x03, // b...........b...
	0x32, 0x10, 0x10, 0x00, 0x02, 0x00, 0x00, 0x00, 0x62, 0x10, 0x00, 0x03, 0xc2, 0x10, 0x10, 0x00, // 2.......b.......
	0x02, 0x00, 0x00, 0x00, 0x65, 0x00, 0x00, 0x03, 0xf2, 0x20, 0x10, 0x00, 0x00, 0x00, 0x00, 0x00, // ....e.... ......
	0x68, 0x00, 0x00, 0x02, 0x04, 0x00, 0x00, 0x00, 0x31, 0x00, 0x00, 0x08, 0x32, 0x00, 0x10, 0x00, // h.......1...2...
	0x00, 0x00, 0x00, 0x00, 0xe6, 0x1a, 0x10, 0x00, 0x02, 0x00, 0x00, 0x00, 0x46, 0x80, 0x20, 0x00, // ............F. .
	0x00, 0x00, 0x00, 0x00, 0x00, 0x00, 0x00, 0x00, 0x3c, 0x00, 0x00, 0x07, 0x12, 0x00, 0x10, 0x00, // ........<.......
	0x00, 0x00, 0x00, 0x00, 0x1a, 0x00, 0x10, 0x00, 0x00, 0x00, 0x00, 0x00, 0x0a, 0x00, 0x10, 0x00, // ................
	0x00, 0x00, 0x00, 0x00, 0x31, 0x00, 0x00, 0x08, 0x62, 0x00, 0x10, 0x00, 0x00, 0x00, 0x00, 0x00, // ....1...b.......
	0xa6, 0x8b, 0x20, 0x00, 0x00, 0x00, 0x00, 0x00, 0x00, 0x00, 0x00, 0x00, 0xa6, 0x1b, 0x10, 0x00, // .. .............
	0x02, 0x00, 0x00, 0x00, 0x3c, 0x00, 0x00, 0x07, 0x22, 0x00, 0x10, 0x00, 0x00, 0x00, 0x00, 0x00, // ....<...".......
	0x2a, 0x00, 0x10, 0x00, 0x00, 0x00, 0x00, 0x00, 0x1a, 0x00, 0x10, 0x00, 0x00, 0x00, 0x00, 0x00, // *...............
	0x3c, 0x00, 0x00, 0x07, 0x12, 0x00, 0x10, 0x00, 0x00, 0x00, 0x00, 0x00, 0x1a, 0x00, 0x10, 0x00, // <...............
	0x00, 0x00, 0x00, 0x00, 0x0a, 0x00, 0x10, 0x00, 0x00, 0x00, 0x00, 0x00, 0x0d, 0x00, 0x04, 0x03, // ................
	0x0a, 0x00, 0x10, 0x00, 0x00, 0x00, 0x00, 0x00, 0x45, 0x00, 0x00, 0x8b, 0xc2, 0x00, 0x00, 0x80, // ........E.......
	0x43, 0x55, 0x15, 0x00, 0xf2, 0x00, 0x10, 0x00, 0x00, 0x00, 0x00, 0x00, 0x46, 0x10, 0x10, 0x00, // CU..........F...
	0x02, 0x00, 0x00, 0x00, 0x46, 0x7e, 0x10, 0x00, 0x00, 0x00, 0x00, 0x00, 0x00, 0x60, 0x10, 0x00, // ....F~.......`..
	0x00, 0x00, 0x00, 0x00, 0x38, 0x00, 0x00, 0x07, 0xf2, 0x00, 0x10, 0x00, 0x00, 0x00, 0x00, 0x00, // ....8...........
	0x46, 0x0e, 0x10, 0x00, 0x00, 0x00, 0x00, 0x00, 0x46, 0x1e, 0x10, 0x00, 0x01, 0x00, 0x00, 0x00, // F.......F.......
	0x31, 0x00, 0x00, 0x08, 0x12, 0x00, 0x10, 0x00, 0x01, 0x00, 0x00, 0x00, 0x01, 0x40, 0x00, 0x00, // 1............@..
	0x00, 0x00, 0x00, 0x00, 0x3a, 0x80, 0x20, 0x00, 0x00, 0x00, 0x00, 0x00, 0x01, 0x00, 0x00, 0x00, // ....:. .........
	0x1f, 0x00, 0x04, 0x03, 0x0a, 0x00, 0x10, 0x00, 0x01, 0x00, 0x00, 0x00, 0x1d, 0x00, 0x00, 0x0a, // ................
	0x72, 0x00, 0x10, 0x00, 0x01, 0x00, 0x00, 0x00, 0x02, 0x40, 0x00, 0x00, 0xe6, 0xae, 0x25, 0x3d, // r........@....%=
	0xe6, 0xae, 0x25, 0x3d, 0xe6, 0xae, 0x25, 0x3d, 0x00, 0x00, 0x00, 0x00, 0x46, 0x02, 0x10, 0x00, // ..%=..%=....F...
	0x00, 0x00, 0x00, 0x00, 0x38, 0x00, 0x00, 0x0a, 0x32, 0x00, 0x10, 0x00, 0x02, 0x00, 0x00, 0x00, // ....8...2.......
	0x46, 0x00, 0x10, 0x00, 0x00, 0x00, 0x00, 0x00, 0x02, 0x40, 0x00, 0x00, 0x91, 0x83, 0x9e, 0x3d, // F........@.....=
	0x91, 0x83, 0x9e, 0x3d, 0x00, 0x00, 0x00, 0x00, 0x00, 0x00, 0x00, 0x00, 0x32, 0x00, 0x00, 0x0f, // ...=........2...
	0xc2, 0x00, 0x10, 0x00, 0x02, 0x00, 0x00, 0x00, 0x06, 0x04, 0x10, 0x00, 0x00, 0x00, 0x00, 0x00, // ................
	0x02, 0x40, 0x00, 0x00, 0x00, 0x00, 0x00, 0x00, 0x00, 0x00, 0x00, 0x00, 0x6e, 0xa7, 0x72, 0x3f, // .@..........n.r?
	0x6e, 0xa7, 0x72, 0x3f, 0x02, 0x40, 0x00, 0x00, 0x00, 0x00, 0x00, 0x00, 0x00, 0x00, 0x00, 0x00, // n.r?.@..........
	0x19, 0x89, 0x55, 0x3d, 0x19, 0x89, 0x55, 0x3d, 0x2f, 0x00, 0x00, 0x05, 0xc2, 0x00, 0x10, 0x00, // ..U=..U=/.......
	0x02, 0x00, 0x00, 0x00, 0xa6, 0x0e, 0x10, 0x00, 0x02, 0x00, 0x00, 0x00, 0x38, 0x00, 0x00, 0x0a, // ............8...
	0xc2, 0x00, 0x10, 0x00, 0x02, 0x00, 0x00, 0x00, 0xa6, 0x0e, 0x10, 0x00, 0x02, 0x00, 0x00, 0x00, // ................
	0x02, 0x40, 0x00, 0x00, 0x00, 0x00, 0x00, 0x00, 0x00, 0x00, 0x00, 0x00, 0x9a, 0x99, 0x19, 0x40, // .@.............@
	0x9a, 0x99, 0x19, 0x40, 0x19, 0x00, 0x00, 0x05, 0xc2, 0x00, 0x10, 0x00, 0x02, 0x00, 0x00, 0x00, // ...@............
	0xa6, 0x0e, 0x10, 0x00, 0x02, 0x00, 0x00, 0x00, 0x37, 0x00, 0x00, 0x09, 0x32, 0x00, 0x10, 0x00, // ........7...2...
	0x02, 0x00, 0x00, 0x00, 0x46, 0x00, 0x10, 0x00, 0x01, 0x00, 0x00, 0x00, 0x46, 0x00, 0x10, 0x00, // ....F.......F...
	0x02, 0x00, 0x00, 0x00, 0xe6, 0x0a, 0x10, 0x00, 0x02, 0x00, 0x00, 0x00, 0x38, 0x00, 0x00, 0x07, // ............8...
	0x12, 0x00, 0x10, 0x00, 0x01, 0x00, 0x00, 0x00, 0x2a, 0x00, 0x10, 0x00, 0x00, 0x00, 0x00, 0x00, // ........*.......
	0x01, 0x40, 0x00, 0x00, 0x91, 0x83, 0x9e, 0x3d, 0x32, 0x00, 0x00, 0x09, 0x22, 0x00, 0x10, 0x00, // .@.....=2..."...
	0x01, 0x00, 0x00, 0x00, 0x2a, 0x00, 0x10, 0x00, 0x00, 0x00, 0x00, 0x00, 0x01, 0x40, 0x00, 0x00, // ....*........@..
	0x6e, 0xa7, 0x72, 0x3f, 0x01, 0x40, 0x00, 0x00, 0x19, 0x89, 0x55, 0x3d, 0x2f, 0x00, 0x00, 0x05, // n.r?.@....U=/...
	0x22, 0x00, 0x10, 0x00, 0x01, 0x00, 0x00, 0x00, 0x1a, 0x00, 0x10, 0x00, 0x01, 0x00, 0x00, 0x00, // "...............
	0x38, 0x00, 0x00, 0x07, 0x22, 0x00, 0x10, 0x00, 0x01, 0x00, 0x00, 0x00, 0x1a, 0x00, 0x10, 0x00, // 8..."...........
	0x01, 0x00, 0x00, 0x00, 0x01, 0x40, 0x00, 0x00, 0x9a, 0x99, 0x19, 0x40, 0x19, 0x00, 0x00, 0x05, // .....@.....@....
	0x22, 0x00, 0x10, 0x00, 0x01, 0x00, 0x00, 0x00, 0x1a, 0x00, 0x10, 0x00, 0x01, 0x00, 0x00, 0x00, // "...............
	0x37, 0x00, 0x00, 0x09, 0x42, 0x00, 0x10, 0x00, 0x02, 0x00, 0x00, 0x00, 0x2a, 0x00, 0x10, 0x00, // 7...B.......*...
	0x01, 0x00, 0x00, 0x00, 0x0a, 0x00, 0x10, 0x00, 0x01, 0x00, 0x00, 0x00, 0x1a, 0x00, 0x10, 0x00, // ................
	0x01, 0x00, 0x00, 0x00, 0x38, 0x00, 0x00, 0x08, 0x72, 0x00, 0x10, 0x00, 0x01, 0x00, 0x00, 0x00, // ....8...r.......
	0x46, 0x02, 0x10, 0x00, 0x02, 0x00, 0x00, 0x00, 0xf6, 0x8f, 0x20, 0x00, 0x00, 0x00, 0x00, 0x00, // F......... .....
	0x01, 0x00, 0x00, 0x00, 0x10, 0x00, 0x00, 0x0a, 0x82, 0x00, 0x10, 0x00, 0x01, 0x00, 0x00, 0x00, // ................
	0x46, 0x02, 0x10, 0x00, 0x01, 0x00, 0x00, 0x00, 0x02, 0x40, 0x00, 0x00, 0x49, 0x9d, 0x20, 0x3f, // F........@..I. ?
	0x02, 0x9a, 0xa8, 0x3e, 0x57, 0x5b, 0x31, 0x3d, 0x00, 0x00, 0x00, 0x00, 0x10, 0x00, 0x00, 0x0a, // ...>W[1=........
	0x12, 0x00, 0x10, 0x00, 0x02, 0x00, 0x00, 0x00, 0x46, 0x02, 0x10, 0x00, 0x01, 0x00, 0x00, 0x00, // ........F.......
	0x02, 0x40, 0x00, 0x00, 0x4d, 0x84, 0x8d, 0x3d, 0x5a, 0x64, 0x6b, 0x3f, 0xa3, 0x23, 0x39, 0x3c, // .@..M..=Zdk?.#9<
	0x00, 0x00, 0x00, 0x00, 0x10, 0x00, 0x00, 0x0a, 0x12, 0x00, 0x10, 0x00, 0x01, 0x00, 0x00, 0x00, // ................
	0x46, 0x02, 0x10, 0x00, 0x01, 0x00, 0x00, 0x00, 0x02, 0x40, 0x00, 0x00, 0x4b, 0x59, 0x86, 0x3c, // F........@..KY.<
	0x58, 0x39, 0xb4, 0x3d, 0x0b, 0x46, 0x65, 0x3f, 0x00, 0x00, 0x00, 0x00, 0x2f, 0x00, 0x00, 0x05, // X9.=.Fe?..../...
	0x12, 0x00, 0x10, 0x00, 0x03, 0x00, 0x00, 0x00, 0x3a, 0x00, 0x10, 0x00, 0x01, 0x00, 0x00, 0x00, // ........:.......
	0x2f, 0x00, 0x00, 0x05, 0x22, 0x00, 0x10, 0x00, 0x03, 0x00, 0x00, 0x00, 0x0a, 0x00, 0x10, 0x00, // /..."...........
	0x02, 0x00, 0x00, 0x00, 0x2f, 0x00, 0x00, 0x05, 0x42, 0x00, 0x10, 0x00, 0x03, 0x00, 0x00, 0x00, // ..../...B.......
	0x0a, 0x00, 0x10, 0x00, 0x01, 0x00, 0x00, 0x00, 0x38, 0x00, 0x00, 0x0a, 0x72, 0x00, 0x10, 0x00, // ........8...r...
	0x01, 0x00, 0x00, 0x00, 0x46, 0x02, 0x10, 0x00, 0x03, 0x00, 0x00, 0x00, 0x02, 0x40, 0x00, 0x00, // ....F........@..
	0x00, 0x20, 0x23, 0x3e, 0x00, 0x20, 0x23, 0x3e, 0x00, 0x20, 0x23, 0x3e, 0x00, 0x00, 0x00, 0x00, // . #>. #>. #>....
	0x19, 0x00, 0x00, 0x05, 0x72, 0x00, 0x10, 0x00, 0x01, 0x00, 0x00, 0x00, 0x46, 0x02, 0x10, 0x00, // ....r.......F...
	0x01, 0x00, 0x00, 0x00, 0x32, 0x00, 0x00, 0x0f, 0x72, 0x00, 0x10, 0x00, 0x02, 0x00, 0x00, 0x00, // ....2...r.......
	0x46, 0x02, 0x10, 0x00, 0x01, 0x00, 0x00, 0x00, 0x02, 0x40, 0x00, 0x00, 0x00, 0xd0, 0x96, 0x41, // F........@.....A
	0x00, 0xd0, 0x96, 0x41, 0x00, 0xd0, 0x96, 0x41, 0x00, 0x00, 0x00, 0x00, 0x02, 0x40, 0x00, 0x00, // ...A...A.....@..
	0x00, 0x00, 0x56, 0x3f, 0x00, 0x00, 0x56, 0x3f, 0x00, 0x00, 0x56, 0x3f, 0x00, 0x00, 0x00, 0x00, // ..V?..V?..V?....
	0x32, 0x00, 0x00, 0x0f, 0x72, 0x00, 0x10, 0x00, 0x01, 0x00, 0x00, 0x00, 0x46, 0x02, 0x10, 0x00, // 2...r.......F...
	0x01, 0x00, 0x00, 0x00, 0x02, 0x40, 0x00, 0x00, 0x00, 0x80, 0x95, 0x41, 0x00, 0x80, 0x95, 0x41, // .....@.....A...A
	0x00, 0x80, 0x95, 0x41, 0x00, 0x00, 0x00, 0x00, 0x02, 0x40, 0x00, 0x00, 0x00, 0x00, 0x80, 0x3f, // ...A.....@.....?
	0x00, 0x00, 0x80, 0x3f, 0x00, 0x00, 0x80, 0x3f, 0x00, 0x00, 0x00, 0x00, 0x0e, 0x00, 0x00, 0x07, // ...?...?........
	0x72, 0x00, 0x10, 0x00, 0x01, 0x00, 0x00, 0x00, 0x46, 0x02, 0x10, 0x00, 0x02, 0x00, 0x00, 0x00, // r.......F.......
	0x46, 0x02, 0x10, 0x00, 0x01, 0x00, 0x00, 0x00, 0x2f, 0x00, 0x00, 0x05, 0x72, 0x00, 0x10, 0x00, // F......./...r...
	0x01, 0x00, 0x00, 0x00, 0x46, 0x02, 0x10, 0x00, 0x01, 0x00, 0x00, 0x00, 0x38, 0x00, 0x00, 0x0a, // ....F.......8...
	0x72, 0x00, 0x10, 0x00, 0x01, 0x00, 0x00, 0x00, 0x46, 0x02, 0x10, 0x00, 0x01, 0x00, 0x00, 0x00, // r.......F.......
	0x02, 0x40, 0x00, 0x00, 0x00, 0xb0, 0x9d, 0x42, 0x00, 0xb0, 0x9d, 0x42, 0x00, 0xb0, 0x9d, 0x42, // .@.....B...B...B
	0x00, 0x00, 0x00, 0x00, 0x19, 0x00, 0x00, 0x05, 0x72, 0x00, 0x10, 0x00, 0x00, 0x00, 0x00, 0x00, // ........r.......
	0x46, 0x02, 0x10, 0x00, 0x01, 0x00, 0x00, 0x00, 0x15, 0x00, 0x00, 0x01, 0x36, 0x00, 0x00, 0x05, // F...........6...
	0xf2, 0x20, 0x10, 0x00, 0x00, 0x00, 0x00, 0x00, 0x46, 0x0e, 0x10, 0x00, 0x00, 0x00, 0x00, 0x00, // . ......F.......
	0x3e, 0x00, 0x00, 0x01, 0x00, 0x00, 0x20, 0x00,                                                 // >..... .
};
static const uint8_t fs_imgui_dxil[3776] =
{
	0x46, 0x53, 0x48, 0x0c, 0x4f, 0x45, 0x98, 0x49, 0x00, 0x00, 0x00, 0x00, 0x00, 0x00, 0x00, 0x00, // FSH.OE.I........
	0x00, 0x00, 0x00, 0x00, 0x03, 0x00, 0x0a, 0x63, 0x6c, 0x69, 0x70, 0x5f, 0x70, 0x6c, 0x61, 0x6e, // .......clip_plan
	0x65, 0x12, 0x00, 0x00, 0x00, 0x01, 0x00, 0x00, 0x00, 0x00, 0x00, 0x11, 0x73, 0x74, 0x61, 0x74, // e...........stat
	0x69, 0x63, 0x43, 0x6f, 0x6c, 0x6f, 0x72, 0x5f, 0x41, 0x6c, 0x70, 0x68, 0x61, 0x12, 0x00, 0x10, // icColor_Alpha...
	0x00, 0x01, 0x00, 0x00, 0x00, 0x00, 0x00, 0x0e, 0x74, 0x65, 0x78, 0x5f, 0x62, 0x61, 0x73, 0x65, // ........tex_base
	0x5f, 0x63, 0x6f, 0x6c, 0x6f, 0x72, 0x30, 0x01, 0x00, 0x00, 0x01, 0x00, 0x00, 0x02, 0x00, 0x00, // _color0.........
	0x58, 0x0e, 0x00, 0x00, 0x44, 0x58, 0x42, 0x43, 0x06, 0x36, 0x42, 0x8b, 0xbe, 0x5a, 0x73, 0x77, // X...DXBC.6B..Zsw
	0x27, 0x04, 0xcb, 0xf1, 0x38, 0x33, 0x25, 0x32, 0x01, 0x00, 0x00, 0x00, 0x58, 0x0e, 0x00, 0x00, // '...83%2....X...
	0x07, 0x00, 0x00, 0x00, 0x3c, 0x00, 0x00, 0x00, 0x4c, 0x00, 0x00, 0x00, 0xf8, 0x00, 0x00, 0x00, // ....<...L.......
	0x34, 0x01, 0x00, 0x00, 0x78, 0x02, 0x00, 0x00, 0xac, 0x02, 0x00, 0x00, 0xc8, 0x02, 0x00, 0x00, // 4...x...........
	0x53, 0x46, 0x49, 0x30, 0x08, 0x00, 0x00, 0x00, 0x00, 0x00, 0x00, 0x00, 0x00, 0x00, 0x00, 0x00, // SFI0............
	0x49, 0x53, 0x47, 0x31, 0xa4, 0x00, 0x00, 0x00, 0x04, 0x00, 0x00, 0x00, 0x08, 0x00, 0x00, 0x00, // ISG1............
	0x00, 0x00, 0x00, 0x00, 0x88, 0x00, 0x00, 0x00, 0x00, 0x00, 0x00, 0x00, 0x01, 0x00, 0x00, 0x00, // ................
	0x03, 0x00, 0x00, 0x00, 0x00, 0x00, 0x00, 0x00, 0x0f, 0x00, 0x00, 0x00, 0x00, 0x00, 0x00, 0x00, // ................
	0x00, 0x00, 0x00, 0x00, 0x94, 0x00, 0x00, 0x00, 0x00, 0x00, 0x00, 0x00, 0x00, 0x00, 0x00, 0x00, // ................
	0x03, 0x00, 0x00, 0x00, 0x01, 0x00, 0x00, 0x00, 0x0f, 0x0f, 0x00, 0x00, 0x00, 0x00, 0x00, 0x00, // ................
	0x00, 0x00, 0x00, 0x00, 0x9a, 0x00, 0x00, 0x00, 0x00, 0x00, 0x00, 0x00, 0x00, 0x00, 0x00, 0x00, // ................
	0x03, 0x00, 0x00, 0x00, 0x02, 0x00, 0x00, 0x00, 0x03, 0x03, 0x00, 0x00, 0x00, 0x00, 0x00, 0x00, // ................
	0x00, 0x00, 0x00, 0x00, 0x9a, 0x00, 0x00, 0x00, 0x01, 0x00, 0x00, 0x00, 0x00, 0x00, 0x00, 0x00, // ................
	0x03, 0x00, 0x00, 0x00, 0x02, 0x00, 0x00, 0x00, 0x0c, 0x0c, 0x00, 0x00, 0x00, 0x00, 0x00, 0x00, // ................
	0x53, 0x56, 0x5f, 0x50, 0x6f, 0x73, 0x69, 0x74, 0x69, 0x6f, 0x6e, 0x00, 0x43, 0x4f, 0x4c, 0x4f, // SV_Position.COLO
	0x52, 0x00, 0x54, 0x45, 0x58, 0x43, 0x4f, 0x4f, 0x52, 0x44, 0x00, 0x00, 0x4f, 0x53, 0x47, 0x31, // R.TEXCOORD..OSG1
	0x34, 0x00, 0x00, 0x00, 0x01, 0x00, 0x00, 0x00, 0x08, 0x00, 0x00, 0x00, 0x00, 0x00, 0x00, 0x00, // 4...............
	0x28, 0x00, 0x00, 0x00, 0x00, 0x00, 0x00, 0x00, 0x40, 0x00, 0x00, 0x00, 0x03, 0x00, 0x00, 0x00, // (.......@.......
	0x00, 0x00, 0x00, 0x00, 0x0f, 0x00, 0x00, 0x00, 0x00, 0x00, 0x00, 0x00, 0x53, 0x56, 0x5f, 0x54, // ............SV_T
	0x61, 0x72, 0x67, 0x65, 0x74, 0x00, 0x00, 0x00, 0x50, 0x53, 0x56, 0x30, 0x3c, 0x01, 0x00, 0x00, // arget...PSV0<...
	0x34, 0x00, 0x00, 0x00, 0x00, 0x00, 0x00, 0x00, 0x00, 0x00, 0x00, 0x00, 0x00, 0x00, 0x00, 0x00, // 4...............
	0x00, 0x00, 0x00, 0x00, 0x00, 0x00, 0x00, 0x00, 0xff, 0xff, 0xff, 0xff, 0x00, 0x00, 0x00, 0x00, // ................
	0x04, 0x01, 0x00, 0x03, 0x01, 0x00, 0x00, 0x00, 0x00, 0x00, 0x00, 0x00, 0x00, 0x00, 0x00, 0x00, // ................
	0x00, 0x00, 0x00, 0x00, 0x19, 0x00, 0x00, 0x00, 0x03, 0x00, 0x00, 0x00, 0x18, 0x00, 0x00, 0x00, // ................
	0x02, 0x00, 0x00, 0x00, 0x00, 0x00, 0x00, 0x00, 0x00, 0x00, 0x00, 0x00, 0x00, 0x00, 0x00, 0x00, // ................
	0x0d, 0x00, 0x00, 0x00, 0x00, 0x00, 0x00, 0x00, 0x01, 0x00, 0x00, 0x00, 0x00, 0x00, 0x00, 0x00, // ................
	0x00, 0x00, 0x00, 0x00, 0x00, 0x00, 0x00, 0x00, 0x0e, 0x00, 0x00, 0x00, 0x00, 0x00, 0x00, 0x00, // ................
	0x03, 0x00, 0x00, 0x00, 0x00, 0x00, 0x00, 0x00, 0x00, 0x00, 0x00, 0x00, 0x00, 0x00, 0x00, 0x00, // ................
	0x02, 0x00, 0x00, 0x00, 0x00, 0x00, 0x00, 0x00, 0x20, 0x00, 0x00, 0x00, 0x00, 0x43, 0x4f, 0x4c, // ........ ....COL
	0x4f, 0x52, 0x00, 0x54, 0x45, 0x58, 0x43, 0x4f, 0x4f, 0x52, 0x44, 0x00, 0x54, 0x45, 0x58, 0x43, // OR.TEXCOORD.TEXC
	0x4f, 0x4f, 0x52, 0x44, 0x00, 0x6d, 0x61, 0x69, 0x6e, 0x00, 0x00, 0x00, 0x02, 0x00, 0x00, 0x00, // OORD.main.......
	0x00, 0x00, 0x00, 0x00, 0x01, 0x00, 0x00, 0x00, 0x10, 0x00, 0x00, 0x00, 0x00, 0x00, 0x00, 0x00, // ................
	0x00, 0x00, 0x00, 0x00, 0x01, 0x00, 0x44, 0x03, 0x03, 0x04, 0x00, 0x00, 0x01, 0x00, 0x00, 0x00, // ......D.........
	0x00, 0x00, 0x00, 0x00, 0x01, 0x01, 0x44, 0x00, 0x03, 0x02, 0x00, 0x00, 0x07, 0x00, 0x00, 0x00, // ......D.........
	0x00, 0x00, 0x00, 0x00, 0x01, 0x02, 0x42, 0x00, 0x03, 0x02, 0x00, 0x00, 0x10, 0x00, 0x00, 0x00, // ......B.........
	0x01, 0x00, 0x00, 0x00, 0x01, 0x02, 0x62, 0x00, 0x03, 0x02, 0x00, 0x00, 0x00, 0x00, 0x00, 0x00, // ......b.........
	0x00, 0x00, 0x00, 0x00, 0x01, 0x00, 0x44, 0x10, 0x03, 0x00, 0x00, 0x00, 0x00, 0x00, 0x00, 0x00, // ......D.........
	0x00, 0x00, 0x00, 0x00, 0x00, 0x00, 0x00, 0x00, 0x00, 0x00, 0x00, 0x00, 0x07, 0x00, 0x00, 0x00, // ................
	0x07, 0x00, 0x00, 0x00, 0x07, 0x00, 0x00, 0x00, 0x08, 0x00, 0x00, 0x00, 0x0f, 0x00, 0x00, 0x00, // ................
	0x0f, 0x00, 0x00, 0x00, 0x00, 0x00, 0x00, 0x00, 0x00, 0x00, 0x00, 0x00, 0x49, 0x4c, 0x44, 0x4e, // ............ILDN
	0x2c, 0x00, 0x00, 0x00, 0x00, 0x00, 0x24, 0x00, 0x31, 0x62, 0x39, 0x64, 0x34, 0x66, 0x37, 0x64, // ,.....$.1b9d4f7d
	0x64, 0x62, 0x30, 0x61, 0x66, 0x32, 0x65, 0x32, 0x34, 0x64, 0x65, 0x37, 0x30, 0x62, 0x33, 0x31, // db0af2e24de70b31
	0x65, 0x62, 0x32, 0x31, 0x32, 0x38, 0x38, 0x31, 0x2e, 0x70, 0x64, 0x62, 0x00, 0x00, 0x00, 0x00, // eb212881.pdb....
	0x48, 0x41, 0x53, 0x48, 0x14, 0x00, 0x00, 0x00, 0x00, 0x00, 0x00, 0x00, 0x1b, 0x9d, 0x4f, 0x7d, // HASH..........O}
	0xdb, 0x0a, 0xf2, 0xe2, 0x4d, 0xe7, 0x0b, 0x31, 0xeb, 0x21, 0x28, 0x81, 0x44, 0x58, 0x49, 0x4c, // ....M..1.!(.DXIL
	0x88, 0x0b, 0x00, 0x00, 0x60, 0x00, 0x00, 0x00, 0xe2, 0x02, 0x00, 0x00, 0x44, 0x58, 0x49, 0x4c, // ....`.......DXIL
	0x00, 0x01, 0x00, 0x00, 0x10, 0x00, 0x00, 0x00, 0x70, 0x0b, 0x00, 0x00, 0x42, 0x43, 0xc0, 0xde, // ........p...BC..
	0x21, 0x0c, 0x00, 0x00, 0xd9, 0x02, 0x00, 0x00, 0x0b, 0x82, 0x20, 0x00, 0x02, 0x00, 0x00, 0x00, // !......... .....
	0x13, 0x00, 0x00, 0x00, 0x07, 0x81, 0x23, 0x91, 0x41, 0xc8, 0x04, 0x49, 0x06, 0x10, 0x32, 0x39, // ......#.A..I..29
	0x92, 0x01, 0x84, 0x0c, 0x25, 0x05, 0x08, 0x19, 0x1e, 0x04, 0x8b, 0x62, 0x80, 0x18, 0x45, 0x02, // ....%......b..E.
	0x42, 0x92, 0x0b, 0x42, 0xc4, 0x10, 0x32, 0x14, 0x38, 0x08, 0x18, 0x4b, 0x0a, 0x32, 0x62, 0x88, // B..B..2.8..K.2b.
	0x48, 0x90, 0x14, 0x20, 0x43, 0x46, 0x88, 0xa5, 0x00, 0x19, 0x32, 0x42, 0xe4, 0x48, 0x0e, 0x90, // H.. CF....2B.H..
	0x11, 0x23, 0xc4, 0x50, 0x41, 0x51, 0x81, 0x8c, 0xe1, 0x83, 0xe5, 0x8a, 0x04, 0x31, 0x46, 0x06, // .#.PAQ.......1F.
	0x51, 0x18, 0x00, 0x00, 0x08, 0x00, 0x00, 0x00, 0x1b, 0x8c, 0xe0, 0xff, 0xff, 0xff, 0xff, 0x07, // Q...............
	0x40, 0x02, 0xa8, 0x0d, 0x84, 0xf0, 0xff, 0xff, 0xff, 0xff, 0x03, 0x20, 0x6d, 0x30, 0x86, 0xff, // @.......... m0..
	0xff, 0xff, 0xff, 0x1f, 0x00, 0x09, 0xa8, 0x00, 0x49, 0x18, 0x00, 0x00, 0x03, 0x00, 0x00, 0x00, // ........I.......
	0x13, 0x82, 0x60, 0x42, 0x20, 0x4c, 0x08, 0x06, 0x00, 0x00, 0x00, 0x00, 0x89, 0x20, 0x00, 0x00, // ..`B L....... ..
	0x55, 0x00, 0x00, 0x00, 0x32, 0x22, 0x88, 0x09, 0x20, 0x64, 0x85, 0x04, 0x13, 0x23, 0xa4, 0x84, // U...2".. d...#..
	0x04, 0x13, 0x23, 0xe3, 0x84, 0xa1, 0x90, 0x14, 0x12, 0x4c, 0x8c, 0x8c, 0x0b, 0x84, 0xc4, 0x4c, // ..#......L.....L
	0x10, 0x98, 0xc1, 0x08, 0x40, 0x09, 0x00, 0x0a, 0x66, 0x00, 0xe6, 0x08, 0xc0, 0x60, 0x8e, 0x00, // ....@...f....`..
	0x29, 0xc6, 0x40, 0x10, 0x44, 0x41, 0x90, 0x51, 0x0c, 0x80, 0x20, 0x88, 0x62, 0x20, 0x64, 0x8e, // ).@.DA.Q.. .b d.
	0x20, 0x28, 0x03, 0x40, 0x28, 0xb4, 0xdc, 0x34, 0x5c, 0xfe, 0x84, 0x3d, 0x84, 0xe4, 0xaf, 0x84, //  (.@(..4...=....
	0xb4, 0x12, 0x93, 0x5f, 0xdc, 0x36, 0x2a, 0x86, 0x61, 0x18, 0x08, 0x2a, 0xee, 0x19, 0x2e, 0x7f, // ..._.6*.a..*....
	0xc2, 0x1e, 0x42, 0xf2, 0x43, 0xa0, 0x19, 0x16, 0x02, 0x05, 0x4e, 0x61, 0x1a, 0xe2, 0x79, 0x86, // ..B.C.....Na..y.
	0x61, 0x18, 0x08, 0x82, 0x18, 0x08, 0x2a, 0xc3, 0x40, 0x0c, 0x24, 0x1d, 0x35, 0x5c, 0xfe, 0x84, // a.....*.@.$.5...
	0x3d, 0x84, 0xe4, 0x73, 0x1b, 0x55, 0xac, 0xc4, 0xe4, 0x17, 0xb7, 0x8d, 0x88, 0x61, 0x18, 0x86, // =..s.U.......a..
	0x42, 0x50, 0xc4, 0x43, 0x50, 0x55, 0x8a, 0x81, 0x18, 0x86, 0x81, 0xae, 0x62, 0x3c, 0x44, 0x41, // BP.CPU......b<DA
	0x10, 0x0a, 0x65, 0x03, 0x01, 0xc3, 0x08, 0xc4, 0x30, 0x53, 0x1b, 0x8c, 0x03, 0x3b, 0x84, 0xc3, // ..e.....0S...;..
	0x3c, 0xcc, 0x83, 0x1b, 0xd0, 0x42, 0x39, 0xe0, 0x03, 0x3d, 0xd4, 0x83, 0x3c, 0x94, 0x83, 0x1c, // <....B9..=..<...
	0x90, 0x02, 0x1f, 0xd8, 0x43, 0x39, 0x8c, 0x03, 0x3d, 0xbc, 0x83, 0x3c, 0xf0, 0x81, 0x39, 0xb0, // ....C9..=..<..9.
	0xc3, 0x3b, 0x84, 0x03, 0x3d, 0xb0, 0x01, 0x18, 0xd0, 0x81, 0x1f, 0x80, 0x81, 0x1f, 0xe8, 0x81, // .;..=...........
	0x1e, 0xb4, 0x43, 0x3a, 0xc0, 0xc3, 0x3c, 0xfc, 0x02, 0x3d, 0xe4, 0x03, 0x3c, 0x94, 0x03, 0x0a, // ..C:..<..=..<...
	0x88, 0x99, 0xc4, 0x60, 0x1c, 0xd8, 0x21, 0x1c, 0xe6, 0x61, 0x1e, 0xdc, 0x80, 0x16, 0xca, 0x01, // ...`..!..a......
	0x1f, 0xe8, 0xa1, 0x1e, 0xe4, 0xa1, 0x1c, 0xe4, 0x80, 0x14, 0xf8, 0xc0, 0x1e, 0xca, 0x61, 0x1c, // ..............a.
	0xe8, 0xe1, 0x1d, 0xe4, 0x81, 0x0f, 0xcc, 0x81, 0x1d, 0xde, 0x21, 0x1c, 0xe8, 0x81, 0x0d, 0xc0, // ..........!.....
	0x80, 0x0e, 0xfc, 0x00, 0x0c, 0xfc, 0x00, 0x09, 0x5c, 0x47, 0xde, 0x4c, 0x08, 0x19, 0x9c, 0x02, // .........G.L....
	0x3b, 0xbc, 0x83, 0x38, 0x84, 0x03, 0x3b, 0xcc, 0x03, 0x12, 0x38, 0x8e, 0xc0, 0x9b, 0xa4, 0x29, // ;..8..;...8....)
	0xa2, 0x84, 0xc9, 0x67, 0x01, 0xe6, 0x59, 0x88, 0x88, 0x9d, 0x80, 0x89, 0x40, 0x01, 0x41, 0x62, // ...g..Y.....@.Ab
	0x3a, 0x10, 0x53, 0x00, 0x00, 0x00, 0x00, 0x00, 0x13, 0x14, 0x72, 0xc0, 0x87, 0x74, 0x60, 0x87, // :.S.......r..t`.
	0x36, 0x68, 0x87, 0x79, 0x68, 0x03, 0x72, 0xc0, 0x87, 0x0d, 0xaf, 0x50, 0x0e, 0x6d, 0xd0, 0x0e, // 6h.yh.r....P.m..
	0x7a, 0x50, 0x0e, 0x6d, 0x00, 0x0f, 0x7a, 0x30, 0x07, 0x72, 0xa0, 0x07, 0x73, 0x20, 0x07, 0x6d, // zP.m..z0.r..s .m
	0x90, 0x0e, 0x71, 0xa0, 0x07, 0x73, 0x20, 0x07, 0x6d, 0x90, 0x0e, 0x78, 0xa0, 0x07, 0x73, 0x20, // ..q..s .m..x..s 
	0x07, 0x6d, 0x90, 0x0e, 0x71, 0x60, 0x07, 0x7a, 0x30, 0x07, 0x72, 0xd0, 0x06, 0xe9, 0x30, 0x07, // .m..q`.z0.r...0.
	0x72, 0xa0, 0x07, 0x73, 0x20, 0x07, 0x6d, 0x90, 0x0e, 0x76, 0x40, 0x07, 0x7a, 0x60, 0x07, 0x74, // r..s .m..v@.z`.t
	0xd0, 0x06, 0xe6, 0x10, 0x07, 0x76, 0xa0, 0x07, 0x73, 0x20, 0x07, 0x6d, 0x60, 0x0e, 0x73, 0x20, // .....v..s .m`.s 
	0x07, 0x7a, 0x30, 0x07, 0x72, 0xd0, 0x06, 0xe6, 0x60, 0x07, 0x74, 0xa0, 0x07, 0x76, 0x40, 0x07, // .z0.r...`.t..v@.
	0x6d, 0xe0, 0x0e, 0x78, 0xa0, 0x07, 0x71, 0x60, 0x07, 0x7a, 0x30, 0x07, 0x72, 0xa0, 0x07, 0x76, // m..x..q`.z0.r..v
	0x40, 0x07, 0x43, 0x9e, 0x00, 0x00, 0x00, 0x00, 0x00, 0x00, 0x00, 0x00, 0x00, 0x00, 0x00, 0x86, // @.C.............
	0x3c, 0x06, 0x10, 0x00, 0x01, 0x00, 0x00, 0x00, 0x00, 0x00, 0x00, 0x00, 0x0c, 0x79, 0x10, 0x20, // <............y. 
	0x00, 0x04, 0x00, 0x00, 0x00, 0x00, 0x00, 0x00, 0x00, 0x18, 0xf2, 0x2c, 0x40, 0x00, 0x08, 0x00, // ...........,@...
	0x00, 0x00, 0x00, 0x00, 0x00, 0x00, 0x30, 0xe4, 0x81, 0x80, 0x00, 0x18, 0x00, 0x00, 0x00, 0x00, // ......0.........
	0x00, 0x00, 0x00, 0x60, 0xc8, 0x23, 0x01, 0x01, 0x10, 0x00, 0x00, 0x00, 0x00, 0x00, 0x00, 0x00, // ...`.#..........
	0xc0, 0x90, 0xa7, 0x02, 0x02, 0x60, 0x00, 0x00, 0x00, 0x00, 0x00, 0x00, 0x00, 0x80, 0x21, 0xcf, // .....`........!.
	0x05, 0x04, 0x40, 0x00, 0x00, 0x00, 0x00, 0x00, 0x00, 0x00, 0x00, 0x43, 0x9e, 0x0c, 0x08, 0x80, // ..@........C....
	0x01, 0x00, 0x00, 0x00, 0x00, 0x00, 0x00, 0x00, 0xb2, 0x40, 0x00, 0x00, 0x11, 0x00, 0x00, 0x00, // .........@......
	0x32, 0x1e, 0x98, 0x14, 0x19, 0x11, 0x4c, 0x90, 0x8c, 0x09, 0x26, 0x47, 0xc6, 0x04, 0x43, 0x22, // 2.....L...&G..C"
	0x4a, 0x60, 0x04, 0xa0, 0x20, 0x8a, 0xa1, 0x08, 0x4a, 0xa2, 0x80, 0xca, 0xa0, 0x3c, 0xa8, 0x28, // J`.. ...J....<.(
	0x89, 0x32, 0x28, 0x84, 0x11, 0x80, 0x22, 0x28, 0x10, 0xfa, 0x66, 0x00, 0x28, 0x9c, 0x01, 0xa0, // .2(..."(..f.(...
	0x71, 0x06, 0x80, 0xc8, 0xb1, 0x1c, 0x86, 0x00, 0x00, 0x00, 0x38, 0x8e, 0x03, 0x79, 0x1e, 0x00, // q.........8..y..
	0x00, 0x00, 0x00, 0x00, 0x79, 0x18, 0x00, 0x00, 0x74, 0x00, 0x00, 0x00, 0x1a, 0x03, 0x4c, 0x90, // ....y...t.....L.
	0x46, 0x02, 0x13, 0x44, 0x8f, 0x0c, 0x6f, 0xec, 0xed, 0x4d, 0x0c, 0x24, 0xc6, 0x05, 0xc7, 0x45, // F..D..o..M.$...E
	0xa6, 0x06, 0x46, 0xc6, 0x25, 0x26, 0x06, 0x04, 0x45, 0x66, 0x26, 0x27, 0x47, 0x26, 0xa6, 0x46, // ..F.%&..Ef&'G&.F
	0x46, 0x26, 0x65, 0x43, 0x10, 0x4c, 0x10, 0x88, 0x64, 0x82, 0x40, 0x28, 0x1b, 0x84, 0x81, 0x98, // F&eC.L..d.@(....
	0x20, 0x10, 0xcb, 0x06, 0x61, 0x30, 0x28, 0xc0, 0xcd, 0x4d, 0x10, 0x08, 0x66, 0xc3, 0x80, 0x24, //  ...a0(..M..f..$
	0xc4, 0x04, 0xe1, 0xc3, 0x08, 0x4c, 0x10, 0x88, 0x66, 0x82, 0x40, 0x38, 0x1b, 0x04, 0xc2, 0xd9, // .....L..f.@8....
	0x90, 0x10, 0x0b, 0x43, 0x10, 0x43, 0x43, 0x3c, 0x1b, 0x02, 0x68, 0x82, 0x10, 0x06, 0xd9, 0x04, // ...C.CC<..h.....
	0x81, 0x78, 0x36, 0x20, 0x84, 0xc4, 0x10, 0xc4, 0x30, 0x01, 0x1b, 0x02, 0x6a, 0x82, 0x30, 0x06, // .x6 ....0...j.0.
	0xda, 0x06, 0x84, 0xb0, 0x18, 0x82, 0x18, 0x08, 0x60, 0x43, 0x70, 0x6d, 0x20, 0x22, 0xa0, 0xc2, // ........`Cpm "..
	0x26, 0x08, 0x64, 0xb0, 0x6d, 0x08, 0xb4, 0x09, 0x82, 0x00, 0x90, 0x68, 0x0b, 0x4b, 0x73, 0xe3, // &.d.m......h.Ks.
	0x32, 0x65, 0xf5, 0x05, 0xf5, 0x36, 0x97, 0x46, 0x97, 0xf6, 0xe6, 0x36, 0x41, 0x28, 0xa4, 0x09, // 2e...6.F...6A(..
	0x42, 0x31, 0x6d, 0x08, 0x88, 0x09, 0x42, 0x41, 0x4d, 0x10, 0x8a, 0x6a, 0xc3, 0x42, 0x78, 0x1f, // B1m...BAM..j.Bx.
	0x18, 0x84, 0x81, 0x18, 0x0c, 0x62, 0x40, 0x8c, 0x01, 0xc0, 0x62, 0xe8, 0x89, 0xe9, 0x49, 0x6a, // .....b@...b...Ij
	0x82, 0x50, 0x58, 0x13, 0x04, 0x02, 0x9a, 0x20, 0x10, 0xd1, 0x06, 0xe1, 0x0c, 0xd0, 0x60, 0xc3, // .PX.... ......`.
	0x32, 0x94, 0xc1, 0x37, 0x06, 0x61, 0x60, 0x06, 0x83, 0x18, 0x0c, 0x63, 0x90, 0x06, 0x44, 0xa8, // 2..7.a`....c..D.
	0x8a, 0xb0, 0x86, 0x9e, 0x9e, 0xa4, 0x88, 0x36, 0x08, 0x67, 0x70, 0x06, 0x1b, 0x96, 0x66, 0x0d, // .......6.gp...f.
	0xbe, 0x31, 0x08, 0x03, 0x33, 0x18, 0xcc, 0xa0, 0x19, 0x03, 0x36, 0xd8, 0x10, 0x0c, 0x1b, 0x96, // .1..3.....6.....
	0x33, 0x58, 0x83, 0x6f, 0x0c, 0xdc, 0xc0, 0x0c, 0x06, 0x33, 0x68, 0xcc, 0x80, 0x0d, 0x36, 0x10, // 3X.o.....3h...6.
	0x64, 0xa0, 0x06, 0x6d, 0xf0, 0x06, 0x4c, 0xa6, 0xac, 0xbe, 0xa8, 0xc2, 0xe4, 0xce, 0xca, 0xe8, // d..m..L.........
	0x26, 0x08, 0xc5, 0xb5, 0x61, 0x21, 0xe2, 0xe0, 0x93, 0x83, 0x30, 0x18, 0x83, 0x41, 0x0c, 0x88, // &...a!....0..A..
	0x31, 0x48, 0x83, 0x0d, 0xc1, 0x1c, 0x6c, 0x18, 0xe0, 0x80, 0x0e, 0x80, 0x0d, 0x05, 0xd7, 0xd5, // 1H....l.........
	0x41, 0x06, 0x90, 0x22, 0xc3, 0x73, 0x19, 0x7b, 0x73, 0xa3, 0x93, 0x7b, 0x63, 0x33, 0x63, 0x7b, // A..".s.{s..{c3c{
	0xbb, 0x73, 0x41, 0x4b, 0x73, 0xa3, 0x9b, 0x5b, 0x31, 0xe0, 0xc1, 0x1d, 0x0c, 0x55, 0xd8, 0xd8, // .sAKs..[1....U..
	0xec, 0xda, 0x5c, 0xd2, 0xc8, 0xca, 0xdc, 0xe8, 0xa6, 0x04, 0x41, 0x15, 0x32, 0x3c, 0x17, 0xbb, // ..........A.2<..
	0x32, 0xb9, 0xb9, 0xb4, 0x37, 0xb7, 0x29, 0x01, 0xd1, 0x84, 0x0c, 0xcf, 0xc5, 0x2e, 0x8c, 0xcd, // 2...7.).........
	0xae, 0x4c, 0x6e, 0x4a, 0x60, 0xd4, 0x21, 0xc3, 0x73, 0x99, 0x43, 0x0b, 0x23, 0x2b, 0x93, 0x6b, // .LnJ`.!.s.C.#+.k
	0x7a, 0x23, 0x2b, 0x63, 0x9b, 0x12, 0x24, 0x65, 0xc8, 0xf0, 0x5c, 0xe4, 0xca, 0xe6, 0xde, 0xea, // z#+c..$e........
	0xe4, 0xc6, 0xca, 0xe6, 0xa6, 0x04, 0x58, 0x1d, 0x32, 0x3c, 0x17, 0xbb, 0xb4, 0xb2, 0xbb, 0x24, // ......X.2<.....$
	0xb2, 0x29, 0xba, 0x30, 0xba, 0xb2, 0x29, 0x81, 0x56, 0x87, 0x0c, 0xcf, 0xa5, 0xcc, 0x8d, 0x4e, // .).0..).V......N
	0x2e, 0x0f, 0xea, 0x2d, 0xcd, 0x8d, 0x6e, 0x6e, 0x4a, 0x50, 0x07, 0x00, 0x79, 0x18, 0x00, 0x00, // ...-..nnJP..y...
	0x59, 0x00, 0x00, 0x00, 0x33, 0x08, 0x80, 0x1c, 0xc4, 0xe1, 0x1c, 0x66, 0x14, 0x01, 0x3d, 0x88, // Y...3......f..=.
	0x43, 0x38, 0x84, 0xc3, 0x8c, 0x42, 0x80, 0x07, 0x79, 0x78, 0x07, 0x73, 0x98, 0x71, 0x0c, 0xe6, // C8...B..yx.s.q..
	0x00, 0x0f, 0xed, 0x10, 0x0e, 0xf4, 0x80, 0x0e, 0x33, 0x0c, 0x42, 0x1e, 0xc2, 0xc1, 0x1d, 0xce, // ........3.B.....
	0xa1, 0x1c, 0x66, 0x30, 0x05, 0x3d, 0x88, 0x43, 0x38, 0x84, 0x83, 0x1b, 0xcc, 0x03, 0x3d, 0xc8, // ..f0.=.C8.....=.
	0x43, 0x3d, 0x8c, 0x03, 0x3d, 0xcc, 0x78, 0x8c, 0x74, 0x70, 0x07, 0x7b, 0x08, 0x07, 0x79, 0x48, // C=..=.x.tp.{..yH
	0x87, 0x70, 0x70, 0x07, 0x7a, 0x70, 0x03, 0x76, 0x78, 0x87, 0x70, 0x20, 0x87, 0x19, 0xcc, 0x11, // .pp.zp.vx.p ....
	0x0e, 0xec, 0x90, 0x0e, 0xe1, 0x30, 0x0f, 0x6e, 0x30, 0x0f, 0xe3, 0xf0, 0x0e, 0xf0, 0x50, 0x0e, // .....0.n0.....P.
	0x33, 0x10, 0xc4, 0x1d, 0xde, 0x21, 0x1c, 0xd8, 0x21, 0x1d, 0xc2, 0x61, 0x1e, 0x66, 0x30, 0x89, // 3....!..!..a.f0.
	0x3b, 0xbc, 0x83, 0x3b, 0xd0, 0x43, 0x39, 0xb4, 0x03, 0x3c, 0xbc, 0x83, 0x3c, 0x84, 0x03, 0x3b, // ;..;.C9..<..<..;
	0xcc, 0xf0, 0x14, 0x76, 0x60, 0x07, 0x7b, 0x68, 0x07, 0x37, 0x68, 0x87, 0x72, 0x68, 0x07, 0x37, // ...v`.{h.7h.rh.7
	0x80, 0x87, 0x70, 0x90, 0x87, 0x70, 0x60, 0x07, 0x76, 0x28, 0x07, 0x76, 0xf8, 0x05, 0x76, 0x78, // ..p..p`.v(.v..vx
	0x87, 0x77, 0x80, 0x87, 0x5f, 0x08, 0x87, 0x71, 0x18, 0x87, 0x72, 0x98, 0x87, 0x79, 0x98, 0x81, // .w.._..q..r..y..
	0x2c, 0xee, 0xf0, 0x0e, 0xee, 0xe0, 0x0e, 0xf5, 0xc0, 0x0e, 0xec, 0x30, 0x03, 0x62, 0xc8, 0xa1, // ,..........0.b..
	0x1c, 0xe4, 0xa1, 0x1c, 0xcc, 0xa1, 0x1c, 0xe4, 0xa1, 0x1c, 0xdc, 0x61, 0x1c, 0xca, 0x21, 0x1c, // ...........a..!.
	0xc4, 0x81, 0x1d, 0xca, 0x61, 0x06, 0xd6, 0x90, 0x43, 0x39, 0xc8, 0x43, 0x39, 0x98, 0x43, 0x39, // ....a...C9.C9.C9
	0xc8, 0x43, 0x39, 0xb8, 0xc3, 0x38, 0x94, 0x43, 0x38, 0x88, 0x03, 0x3b, 0x94, 0xc3, 0x2f, 0xbc, // .C9..8.C8..;../.
	0x83, 0x3c, 0xfc, 0x82, 0x3b, 0xd4, 0x03, 0x3b, 0xb0, 0xc3, 0x0c, 0xc4, 0x21, 0x07, 0x7c, 0x70, // .<..;..;....!.|p
	0x03, 0x7a, 0x28, 0x87, 0x76, 0x80, 0x87, 0x19, 0xd5, 0x43, 0x0e, 0xf8, 0xe0, 0x06, 0xe3, 0xf0, // .z(.v....C......
	0x0e, 0xee, 0x40, 0x0f, 0xf2, 0xf0, 0x0e, 0xec, 0x60, 0x0e, 0xec, 0xf0, 0x0e, 0xf7, 0xe0, 0x06, // ..@.....`.......
	0xe8, 0x90, 0x0e, 0xee, 0x40, 0x0f, 0xf3, 0x30, 0x23, 0x82, 0xc8, 0x01, 0x1f, 0xdc, 0x80, 0x1c, // ....@..0#.......
	0xc4, 0xe1, 0x1c, 0xdc, 0xc0, 0x1e, 0xc2, 0x41, 0x1e, 0xd8, 0x21, 0x1c, 0xf2, 0xe1, 0x1d, 0xea, // .......A..!.....
	0x81, 0x1e, 0x66, 0x30, 0x11, 0x39, 0xe0, 0x83, 0x1b, 0x88, 0x83, 0x3c, 0x94, 0x43, 0x38, 0xac, // ..f0.9.....<.C8.
	0x83, 0x1b, 0x88, 0x83, 0x3c, 0x00, 0x00, 0x00, 0x71, 0x20, 0x00, 0x00, 0x22, 0x00, 0x00, 0x00, // ....<...q .."...
	0x66, 0xb0, 0x0d, 0x97, 0xef, 0x3c, 0xbe, 0x10, 0x50, 0x45, 0x41, 0x44, 0xa5, 0x03, 0x0c, 0x25, // f....<..PEAD...%
	0x61, 0x00, 0x02, 0xe6, 0x17, 0xb7, 0x6d, 0x08, 0xd2, 0x70, 0xf9, 0xce, 0xe3, 0x0b, 0x11, 0x01, // a.....m..p......
	0x4c, 0x44, 0x08, 0x34, 0xc3, 0x42, 0xd8, 0x40, 0x33, 0x5c, 0xbe, 0xf3, 0xf8, 0x03, 0x22, 0x09, // LD.4.B.@3.....".
	0x40, 0x34, 0x58, 0xc0, 0x34, 0x5c, 0xbe, 0xf3, 0xf8, 0x8b, 0x03, 0x0c, 0x62, 0xf3, 0x50, 0x93, // @4X.4.......b.P.
	0x5f, 0xdc, 0xb6, 0x11, 0x40, 0xc3, 0xe5, 0x3b, 0x8f, 0x2f, 0x01, 0xcc, 0xb3, 0x10, 0x7e, 0x71, // _...@..;./....~q
	0xdb, 0x26, 0x50, 0x0d, 0x97, 0xef, 0x3c, 0xbe, 0x34, 0x39, 0x11, 0x81, 0x52, 0xd3, 0x43, 0x4d, // .&P...<.49..R.CM
	0x7e, 0x71, 0xdb, 0x76, 0x20, 0x0d, 0x97, 0xef, 0x3c, 0xfe, 0x44, 0x44, 0x13, 0x02, 0x44, 0x98, // ~q.v ...<.DD..D.
	0x5f, 0xdc, 0xb6, 0x15, 0x3c, 0xc3, 0xe5, 0x3b, 0x8f, 0x4f, 0x35, 0x40, 0x84, 0xf9, 0xc5, 0x6d, // _...<..;.O5@...m
	0x1b, 0x00, 0xc1, 0x00, 0x48, 0x03, 0x00, 0x00, 0x61, 0x20, 0x00, 0x00, 0x12, 0x01, 0x00, 0x00, // ....H...a ......
	0x13, 0x04, 0x4f, 0x2c, 0x10, 0x00, 0x00, 0x00, 0x29, 0x00, 0x00, 0x00, 0xa4, 0xd4, 0xc0, 0x08, // ..O,....).......
	0x00, 0x15, 0x25, 0x40, 0x44, 0xe1, 0x15, 0x69, 0x40, 0xd9, 0x95, 0x5c, 0x29, 0x14, 0x57, 0x21, // ..%@D..i@...).W!
	0x94, 0x4a, 0xb9, 0xcc, 0x00, 0xd0, 0x30, 0x46, 0x90, 0xaa, 0x67, 0x28, 0x7f, 0x63, 0x04, 0x22, // .J....0F..g(.c."
	0x6c, 0xc6, 0xea, 0x37, 0x46, 0x70, 0xeb, 0xb6, 0x38, 0x7b, 0x63, 0x04, 0xad, 0x18, 0xee, 0xb8, // l..7Fp..8{c.....
	0x37, 0x46, 0xa0, 0x8b, 0xb9, 0x6d, 0x7f, 0x63, 0x04, 0x63, 0x8f, 0xca, 0xa3, 0x37, 0x46, 0xb0, // 7F...m.c.c...7F.
	0xaa, 0x36, 0x8b, 0x7a, 0x63, 0x04, 0xb8, 0xea, 0xa2, 0xbb, 0x37, 0x46, 0xb0, 0xc2, 0xb1, 0x6a, // .6.zc.....7F...j
	0x7f, 0x23, 0x00, 0x63, 0x04, 0x20, 0xc8, 0xee, 0x69, 0x18, 0x8c, 0x11, 0x80, 0x20, 0x08, 0xe2, // .#.c. ..i.... ..
	0xdf, 0x18, 0x01, 0x08, 0x82, 0x6b, 0x0e, 0x06, 0x63, 0x04, 0x20, 0x08, 0xb2, 0xf5, 0x37, 0x46, // .....k..c. ...7F
	0x00, 0x82, 0x74, 0x9b, 0x83, 0xc1, 0x18, 0x01, 0x08, 0xa2, 0xa6, 0xf8, 0x8d, 0x11, 0xe8, 0xac, // ..t.............
	0x39, 0x87, 0x60, 0x30, 0x46, 0x90, 0xa3, 0xe2, 0x5a, 0x7b, 0x63, 0x04, 0xee, 0x9e, 0x96, 0xf7, // 9.`0F...Z{c.....
	0x37, 0x46, 0x10, 0xf3, 0x60, 0x9f, 0x7b, 0x63, 0x04, 0xe6, 0xbd, 0xae, 0xb2, 0x37, 0x03, 0x00, // 7F..`.{c.....7..
	0x23, 0x06, 0x09, 0x00, 0x82, 0x60, 0x90, 0xdd, 0x41, 0xa7, 0x06, 0x75, 0x50, 0x07, 0x62, 0x30, // #....`..A..uP.b0
	0x62, 0x90, 0x00, 0x20, 0x08, 0x06, 0x19, 0x1e, 0x78, 0x6d, 0x60, 0x07, 0x76, 0x30, 0x06, 0x23, // b.. ....xm`.v0.#
	0x06, 0x09, 0x00, 0x82, 0x60, 0x90, 0xe5, 0xc1, 0xb7, 0x06, 0x77, 0x70, 0x07, 0x64, 0x30, 0x62, // ....`.....wp.d0b
	0x90, 0x00, 0x20, 0x08, 0x06, 0x46, 0x28, 0x74, 0x72, 0x80, 0x07, 0x6d, 0xa0, 0x8d, 0x18, 0x24, // .. ..F(tr..m...$
	0x00, 0x08, 0x82, 0x81, 0x21, 0x0a, 0xde, 0x1c, 0xe4, 0x41, 0x19, 0x6c, 0x23, 0x06, 0x09, 0x00, // ....!....A.l#...
	0x82, 0x60, 0x60, 0x8c, 0xc2, 0x77, 0x07, 0x7a, 0xf0, 0x06, 0xdc, 0x88, 0x41, 0x02, 0x80, 0x20, // .``..w.z....A.. 
	0x18, 0x18, 0xa4, 0x00, 0x06, 0x78, 0xb0, 0x07, 0x67, 0xd0, 0x8d, 0x18, 0x24, 0x00, 0x08, 0x82, // .....x..g...$...
	0x81, 0x51, 0x0a, 0x61, 0xd0, 0x07, 0x7c, 0x10, 0x07, 0xde, 0x88, 0x41, 0x02, 0x80, 0x20, 0x18, // .Q.a..|....A.. .
	0x18, 0xa6, 0x20, 0x06, 0x7e, 0xd0, 0x07, 0x69, 0xf0, 0x8d, 0x18, 0x24, 0x00, 0x08, 0x82, 0x81, // .. .~..i...$....
	0x71, 0x0a, 0x63, 0xf0, 0x07, 0x7e, 0x20, 0x07, 0x60, 0x30, 0x62, 0x90, 0x00, 0x20, 0x08, 0x06, // q.c..~ .`0b.. ..
	0x06, 0x2a, 0x90, 0x01, 0x28, 0xfc, 0x81, 0x1d, 0x84, 0xc1, 0x88, 0xc1, 0x01, 0x80, 0x20, 0x18, // .*..(......... .
	0x54, 0xa4, 0x90, 0x06, 0x09, 0x28, 0x8c, 0x26, 0x04, 0xc0, 0x68, 0x82, 0x10, 0x0c, 0x47, 0x2c, // T....(.&..h...G,
	0x02, 0xf1, 0x0d, 0x47, 0x2c, 0x02, 0xf1, 0x95, 0x10, 0xec, 0x2c, 0x83, 0x10, 0x04, 0xa3, 0x09, // ...G,.....,.....
	0x86, 0x30, 0x9a, 0x70, 0x0c, 0xc3, 0x11, 0x90, 0x20, 0x7c, 0xc3, 0x11, 0x90, 0x20, 0x7c, 0x25, // .0.p.... |... |%
	0x04, 0x3b, 0xcb, 0x20, 0x0c, 0xc1, 0x88, 0x81, 0x01, 0x80, 0x20, 0x18, 0x2c, 0xb2, 0x50, 0x07, // .;. ...... .,.P.
	0x79, 0x30, 0x4b, 0x30, 0x8c, 0x18, 0x3c, 0x00, 0x08, 0x82, 0x01, 0x14, 0x0b, 0x76, 0x60, 0x55, // y0K0..<......v`U
	0x11, 0x74, 0x5d, 0xab, 0xb0, 0x0a, 0x6d, 0x70, 0x8d, 0x26, 0x04, 0xc0, 0x68, 0x82, 0x10, 0x8c, // .t]...mp.&..h...
	0x26, 0x0c, 0xc2, 0x68, 0x02, 0x31, 0x18, 0x41, 0xc9, 0xc7, 0x08, 0x4a, 0x3e, 0x46, 0x50, 0xf2, // &..h.1.A...J>FP.
	0x31, 0x82, 0x92, 0xcf, 0x88, 0xc1, 0x01, 0x80, 0x20, 0x18, 0x54, 0xb8, 0xd0, 0x07, 0x5d, 0x2d, // 1....... .T...]-
	0x8c, 0x26, 0x04, 0xc3, 0x70, 0x44, 0xe0, 0x06, 0xc2, 0x37, 0xcb, 0x40, 0x38, 0xc1, 0x70, 0xc4, // .&..pD...7.@8.p.
	0x41, 0x06, 0xca, 0x37, 0xcb, 0x60, 0x14, 0x81, 0x21, 0x66, 0x20, 0x9f, 0x59, 0x82, 0xc3, 0x12, // A..7.`..!f .Y...
	0x34, 0x90, 0x8f, 0x05, 0x6a, 0x00, 0x9f, 0x11, 0x03, 0x03, 0x00, 0x41, 0x30, 0x90, 0xc0, 0xc1, // 4...j......A0...
	0x0f, 0x02, 0x0b, 0xda, 0x40, 0x3e, 0x23, 0x06, 0x06, 0x00, 0x82, 0x60, 0x20, 0x89, 0x43, 0x28, // ....@>#....` .C(
	0x04, 0xb3, 0x04, 0xc7, 0x40, 0xc5, 0xc0, 0x14, 0x82, 0x31, 0x1c, 0xe1, 0xb0, 0x81, 0xf2, 0xcd, // ....@....1......
	0x32, 0x24, 0x48, 0x60, 0x8f, 0x1b, 0xc8, 0x67, 0x96, 0x40, 0x31, 0x08, 0x0e, 0xe4, 0x63, 0x81, // 2$H`...g.@1...c.
	0x1c, 0xc0, 0x67, 0xc4, 0xc0, 0x00, 0x40, 0x10, 0x0c, 0x24, 0x74, 0x30, 0x85, 0xc0, 0x82, 0x3a, // ..g...@..$t0...:
	0x90, 0xcf, 0x88, 0x81, 0x01, 0x80, 0x20, 0x18, 0x48, 0xea, 0x90, 0x0a, 0xc1, 0x2c, 0x81, 0x32, // ...... .H....,.2
	0x50, 0x31, 0x30, 0x88, 0x90, 0x0c, 0x47, 0x54, 0x74, 0xa0, 0x7c, 0xb3, 0x0c, 0xcc, 0x12, 0x98, // P10...GTt.|.....
	0x65, 0x07, 0xf2, 0x99, 0x25, 0x68, 0xec, 0xc2, 0x03, 0xf9, 0x58, 0xa0, 0x07, 0xf0, 0x19, 0x31, // e...%h....X....1
	0x30, 0x00, 0x10, 0x04, 0x03, 0x09, 0x1e, 0x5c, 0x21, 0xb0, 0xa0, 0x0f, 0xe4, 0x33, 0x62, 0x60, // 0.......!....3b`
	0x00, 0x20, 0x08, 0x06, 0x92, 0x3c, 0xc4, 0x42, 0x30, 0x4b, 0xd0, 0x0c, 0x54, 0x0c, 0xcc, 0x22, // . ...<.B0K..T.."
	0x30, 0x16, 0x69, 0xf2, 0x31, 0x65, 0x93, 0x8f, 0x0d, 0x9c, 0x7c, 0x6c, 0x98, 0x05, 0xf9, 0x8c, // 0.i.1e....|l....
	0x18, 0x20, 0x00, 0x08, 0x82, 0xc1, 0x65, 0x0f, 0xb9, 0x30, 0xcc, 0x42, 0x30, 0x62, 0x80, 0x00, // . ....e..0.B0b..
	0x20, 0x08, 0x06, 0xd7, 0x3d, 0xe8, 0xc2, 0x30, 0x0b, 0x81, 0x19, 0xb3, 0x20, 0x9f, 0x11, 0x03, //  ...=..0.... ...
	0x04, 0x00, 0x41, 0x30, 0xb8, 0xf2, 0x81, 0x17, 0x8c, 0x59, 0x08, 0x46, 0x0c, 0x10, 0x00, 0x04, // ..A0.....Y.F....
	0xc1, 0xe0, 0xd2, 0x87, 0x5e, 0x30, 0x66, 0x21, 0xb0, 0x64, 0x16, 0xe4, 0x33, 0x62, 0x80, 0x00, // ....^0f!.d..3b..
	0x20, 0x08, 0x06, 0x17, 0x3f, 0xfc, 0x42, 0x32, 0x0b, 0xc1, 0x88, 0x01, 0x02, 0x80, 0x20, 0x18, //  ...?.B2...... .
	0x5c, 0xfd, 0x00, 0x0e, 0xc9, 0x2c, 0x04, 0x23, 0x06, 0x06, 0x00, 0x82, 0x60, 0x20, 0x81, 0x84, // .....,.#....` ..
	0x2f, 0x1c, 0x23, 0x06, 0x06, 0x00, 0x82, 0x60, 0x20, 0x85, 0xc4, 0x2f, 0x14, 0x23, 0x06, 0x06, // /.#....` ../.#..
	0x00, 0x82, 0x60, 0x20, 0x89, 0x04, 0x38, 0x0c, 0x36, 0xc0, 0x82, 0x7c, 0x6c, 0x88, 0x05, 0xf9, // ..` ..8.6..|l...
	0xd8, 0x20, 0x0b, 0xf2, 0x19, 0x31, 0x30, 0x00, 0x10, 0x04, 0x03, 0xc9, 0x24, 0xca, 0x61, 0x18, // . ...10.....$.a.
	0x31, 0x30, 0x00, 0x10, 0x04, 0x03, 0xe9, 0x24, 0xcc, 0x61, 0x18, 0x31, 0x30, 0x00, 0x10, 0x04, // 10.....$.a.10...
	0x03, 0x09, 0x25, 0xce, 0x61, 0xb0, 0xe1, 0x16, 0xe4, 0x63, 0x03, 0x2e, 0xc8, 0xc7, 0x86, 0x5c, // ..%.a....c......
	0x90, 0x8f, 0x0d, 0xbb, 0x00, 0x1f, 0x1b, 0x78, 0x01, 0x3e, 0x36, 0xf4, 0x02, 0x7c, 0x2c, 0xf9, // .......x.>6..|,.
	0x05, 0xf9, 0x58, 0x02, 0x0e, 0xf2, 0xb1, 0x24, 0x1c, 0xe4, 0x63, 0xc3, 0x38, 0xc0, 0xc7, 0x06, // ..X....$..c.8...
	0x72, 0x80, 0x8f, 0x0d, 0xe5, 0x00, 0x1f, 0x4b, 0x06, 0xfa, 0x58, 0x32, 0xd0, 0xc7, 0x92, 0x81, // r......K..X2....
	0x3e, 0x23, 0x06, 0x06, 0x00, 0x82, 0x60, 0x20, 0xe1, 0x84, 0x3d, 0x0c, 0x23, 0x06, 0x06, 0x00, // >#....` ..=.#...
	0x82, 0x60, 0x20, 0xe5, 0xc4, 0x3d, 0x0c, 0x23, 0x06, 0x06, 0x00, 0x82, 0x60, 0x20, 0xe9, 0x04, // .` ..=.#....` ..
	0x3e, 0x0c, 0x36, 0xb4, 0x83, 0x7c, 0x6c, 0x70, 0x07, 0xf9, 0xd8, 0xf0, 0x0e, 0xf2, 0x19, 0x31, // >.6..|lp.......1
	0x30, 0x00, 0x10, 0x04, 0x03, 0xc9, 0x27, 0xfa, 0x61, 0x18, 0x31, 0x30, 0x00, 0x10, 0x04, 0x03, // 0.....'.a.10....
	0xe9, 0x27, 0xfc, 0x61, 0x18, 0x31, 0x30, 0x00, 0x10, 0x04, 0x03, 0x09, 0x2c, 0xfe, 0x61, 0x98, // .'.a.10.....,.a.
	0x25, 0x70, 0x06, 0x2a, 0x06, 0xa3, 0xc1, 0x89, 0x61, 0xa0, 0x62, 0x30, 0x1a, 0x9c, 0x18, 0x06, // %p.*....a.b0....
	0x2a, 0x06, 0xa3, 0xc1, 0x89, 0x61, 0xc4, 0x20, 0x01, 0x40, 0x10, 0x0c, 0x90, 0xb3, 0x30, 0x89, // *....a. .@....0.
	0x9f, 0xf8, 0x09, 0x9a, 0x18, 0x46, 0x0c, 0x12, 0x00, 0x04, 0xc1, 0x00, 0x39, 0x0b, 0x93, 0xf8, // .....F......9...
	0x89, 0x9f, 0x58, 0x09, 0x61, 0xc4, 0x20, 0x01, 0x40, 0x10, 0x0c, 0x90, 0xb3, 0x30, 0x89, 0x9f, // ..X.a. .@....0..
	0xf8, 0x89, 0x99, 0x08, 0x46, 0x0c, 0x12, 0x00, 0x04, 0xc1, 0x00, 0x39, 0x0b, 0x93, 0xf8, 0x89, // ....F......9....
	0x9f, 0xb0, 0x09, 0x56, 0xc0, 0x80, 0x18, 0x00, 0x02, 0x00, 0x00, 0x00, 0x5b, 0x06, 0x33, 0x78, // ...V........[.3x
	0xee, 0x00, 0x00, 0x00, 0x00, 0x00, 0x00, 0x00, 0x00, 0x00, 0x00, 0x00, 0x00, 0x00, 0x20, 0x00, // .............. .
};
static const uint8_t fs_imgui_spv[3468] =
{
	0x46, 0x53, 0x48, 0x0c, 0x4f, 0x45, 0x98, 0x49, 0x00, 0x00, 0x00, 0x00, 0x00, 0x00, 0x00, 0x00, // FSH.OE.I........
	0x00, 0x00, 0x00, 0x00, 0x03, 0x00, 0x0a, 0x63, 0x6c, 0x69, 0x70, 0x5f, 0x70, 0x6c, 0x61, 0x6e, // .......clip_plan
	0x65, 0x12, 0x01, 0x00, 0x00, 0x01, 0x00, 0x00, 0x00, 0x00, 0x00, 0x11, 0x73, 0x74, 0x61, 0x74, // e...........stat
	0x69, 0x63, 0x43, 0x6f, 0x6c, 0x6f, 0x72, 0x5f, 0x41, 0x6c, 0x70, 0x68, 0x61, 0x12, 0x01, 0x10, // icColor_Alpha...
	0x00, 0x01, 0x00, 0x00, 0x00, 0x00, 0x00, 0x0e, 0x74, 0x65, 0x78, 0x5f, 0x62, 0x61, 0x73, 0x65, // ........tex_base
	0x5f, 0x63, 0x6f, 0x6c, 0x6f, 0x72, 0x30, 0x00, 0x02, 0x00, 0x00, 0x00, 0x00, 0x02, 0x29, 0x00, // _color0.......).
	0x24, 0x0d, 0x00, 0x00, 0x03, 0x02, 0x23, 0x07, 0x00, 0x00, 0x01, 0x00, 0x0b, 0x00, 0x08, 0x00, // $.....#.........
	0x22, 0x02, 0x00, 0x00, 0x00, 0x00, 0x00, 0x00, 0x11, 0x00, 0x02, 0x00, 0x01, 0x00, 0x00, 0x00, // "...............
	0x0b, 0x00, 0x06, 0x00, 0x01, 0x00, 0x00, 0x00, 0x47, 0x4c, 0x53, 0x4c, 0x2e, 0x73, 0x74, 0x64, // ........GLSL.std
	0x2e, 0x34, 0x35, 0x30, 0x00, 0x00, 0x00, 0x00, 0x0e, 0x00, 0x03, 0x00, 0x00, 0x00, 0x00, 0x00, // .450............
	0x01, 0x00, 0x00, 0x00, 0x0f, 0x00, 0x09, 0x00, 0x04, 0x00, 0x00, 0x00, 0x04, 0x00, 0x00, 0x00, // ................
	0x6d, 0x61, 0x69, 0x6e, 0x00, 0x00, 0x00, 0x00, 0x0c, 0x01, 0x00, 0x00, 0x10, 0x01, 0x00, 0x00, // main............
	0x13, 0x01, 0x00, 0x00, 0x22, 0x01, 0x00, 0x00, 0x10, 0x00, 0x03, 0x00, 0x04, 0x00, 0x00, 0x00, // ...."...........
	0x07, 0x00, 0x00, 0x00, 0x03, 0x00, 0x03, 0x00, 0x05, 0x00, 0x00, 0x00, 0xf4, 0x01, 0x00, 0x00, // ................
	0x05, 0x00, 0x04, 0x00, 0x04, 0x00, 0x00, 0x00, 0x6d, 0x61, 0x69, 0x6e, 0x00, 0x00, 0x00, 0x00, // ........main....
	0x05, 0x00, 0x08, 0x00, 0x43, 0x00, 0x00, 0x00, 0x74, 0x65, 0x78, 0x5f, 0x62, 0x61, 0x73, 0x65, // ....C...tex_base
	0x5f, 0x63, 0x6f, 0x6c, 0x6f, 0x72, 0x53, 0x61, 0x6d, 0x70, 0x6c, 0x65, 0x72, 0x00, 0x00, 0x00, // _colorSampler...
	0x05, 0x00, 0x08, 0x00, 0x46, 0x00, 0x00, 0x00, 0x74, 0x65, 0x78, 0x5f, 0x62, 0x61, 0x73, 0x65, // ....F...tex_base
	0x5f, 0x63, 0x6f, 0x6c, 0x6f, 0x72, 0x54, 0x65, 0x78, 0x74, 0x75, 0x72, 0x65, 0x00, 0x00, 0x00, // _colorTexture...
	0x05, 0x00, 0x06, 0x00, 0xd0, 0x00, 0x00, 0x00, 0x55, 0x6e, 0x69, 0x66, 0x6f, 0x72, 0x6d, 0x42, // ........UniformB
	0x6c, 0x6f, 0x63, 0x6b, 0x00, 0x00, 0x00, 0x00, 0x06, 0x00, 0x06, 0x00, 0xd0, 0x00, 0x00, 0x00, // lock............
	0x00, 0x00, 0x00, 0x00, 0x63, 0x6c, 0x69, 0x70, 0x5f, 0x70, 0x6c, 0x61, 0x6e, 0x65, 0x00, 0x00, // ....clip_plane..
	0x06, 0x00, 0x08, 0x00, 0xd0, 0x00, 0x00, 0x00, 0x01, 0x00, 0x00, 0x00, 0x73, 0x74, 0x61, 0x74, // ............stat
	0x69, 0x63, 0x43, 0x6f, 0x6c, 0x6f, 0x72, 0x5f, 0x41, 0x6c, 0x70, 0x68, 0x61, 0x00, 0x00, 0x00, // icColor_Alpha...
	0x05, 0x00, 0x03, 0x00, 0xd2, 0x00, 0x00, 0x00, 0x00, 0x00, 0x00, 0x00, 0x05, 0x00, 0x05, 0x00, // ................
	0x0c, 0x01, 0x00, 0x00, 0x76, 0x5f, 0x63, 0x6f, 0x6c, 0x6f, 0x72, 0x30, 0x00, 0x00, 0x00, 0x00, // ....v_color0....
	0x05, 0x00, 0x05, 0x00, 0x10, 0x01, 0x00, 0x00, 0x76, 0x5f, 0x74, 0x65, 0x78, 0x63, 0x6f, 0x6f, // ........v_texcoo
	0x72, 0x64, 0x30, 0x00, 0x05, 0x00, 0x05, 0x00, 0x13, 0x01, 0x00, 0x00, 0x76, 0x5f, 0x74, 0x65, // rd0.........v_te
	0x78, 0x63, 0x6f, 0x6f, 0x72, 0x64, 0x31, 0x00, 0x05, 0x00, 0x06, 0x00, 0x22, 0x01, 0x00, 0x00, // xcoord1....."...
	0x62, 0x67, 0x66, 0x78, 0x5f, 0x46, 0x72, 0x61, 0x67, 0x44, 0x61, 0x74, 0x61, 0x30, 0x00, 0x00, // bgfx_FragData0..
	0x47, 0x00, 0x04, 0x00, 0x43, 0x00, 0x00, 0x00, 0x21, 0x00, 0x00, 0x00, 0x12, 0x00, 0x00, 0x00, // G...C...!.......
	0x47, 0x00, 0x04, 0x00, 0x43, 0x00, 0x00, 0x00, 0x22, 0x00, 0x00, 0x00, 0x00, 0x00, 0x00, 0x00, // G...C...".......
	0x47, 0x00, 0x04, 0x00, 0x46, 0x00, 0x00, 0x00, 0x21, 0x00, 0x00, 0x00, 0x02, 0x00, 0x00, 0x00, // G...F...!.......
	0x47, 0x00, 0x04, 0x00, 0x46, 0x00, 0x00, 0x00, 0x22, 0x00, 0x00, 0x00, 0x00, 0x00, 0x00, 0x00, // G...F...".......
	0x47, 0x00, 0x03, 0x00, 0xd0, 0x00, 0x00, 0x00, 0x02, 0x00, 0x00, 0x00, 0x48, 0x00, 0x05, 0x00, // G...........H...
	0xd0, 0x00, 0x00, 0x00, 0x00, 0x00, 0x00, 0x00, 0x23, 0x00, 0x00, 0x00, 0x00, 0x00, 0x00, 0x00, // ........#.......
	0x48, 0x00, 0x05, 0x00, 0xd0, 0x00, 0x00, 0x00, 0x01, 0x00, 0x00, 0x00, 0x23, 0x00, 0x00, 0x00, // H...........#...
	0x10, 0x00, 0x00, 0x00, 0x47, 0x00, 0x04, 0x00, 0xd2, 0x00, 0x00, 0x00, 0x21, 0x00, 0x00, 0x00, // ....G.......!...
	0x01, 0x00, 0x00, 0x00, 0x47, 0x00, 0x04, 0x00, 0xd2, 0x00, 0x00, 0x00, 0x22, 0x00, 0x00, 0x00, // ....G......."...
	0x00, 0x00, 0x00, 0x00, 0x47, 0x00, 0x04, 0x00, 0x0c, 0x01, 0x00, 0x00, 0x1e, 0x00, 0x00, 0x00, // ....G...........
	0x00, 0x00, 0x00, 0x00, 0x47, 0x00, 0x04, 0x00, 0x10, 0x01, 0x00, 0x00, 0x1e, 0x00, 0x00, 0x00, // ....G...........
	0x01, 0x00, 0x00, 0x00, 0x47, 0x00, 0x04, 0x00, 0x13, 0x01, 0x00, 0x00, 0x1e, 0x00, 0x00, 0x00, // ....G...........
	0x02, 0x00, 0x00, 0x00, 0x47, 0x00, 0x04, 0x00, 0x22, 0x01, 0x00, 0x00, 0x1e, 0x00, 0x00, 0x00, // ....G...".......
	0x00, 0x00, 0x00, 0x00, 0x13, 0x00, 0x02, 0x00, 0x02, 0x00, 0x00, 0x00, 0x21, 0x00, 0x03, 0x00, // ............!...
	0x03, 0x00, 0x00, 0x00, 0x02, 0x00, 0x00, 0x00, 0x1a, 0x00, 0x02, 0x00, 0x06, 0x00, 0x00, 0x00, // ................
	0x16, 0x00, 0x03, 0x00, 0x07, 0x00, 0x00, 0x00, 0x20, 0x00, 0x00, 0x00, 0x19, 0x00, 0x09, 0x00, // ........ .......
	0x08, 0x00, 0x00, 0x00, 0x07, 0x00, 0x00, 0x00, 0x01, 0x00, 0x00, 0x00, 0x00, 0x00, 0x00, 0x00, // ................
	0x00, 0x00, 0x00, 0x00, 0x00, 0x00, 0x00, 0x00, 0x01, 0x00, 0x00, 0x00, 0x00, 0x00, 0x00, 0x00, // ................
	0x17, 0x00, 0x04, 0x00, 0x0b, 0x00, 0x00, 0x00, 0x07, 0x00, 0x00, 0x00, 0x02, 0x00, 0x00, 0x00, // ................
	0x17, 0x00, 0x04, 0x00, 0x0d, 0x00, 0x00, 0x00, 0x07, 0x00, 0x00, 0x00, 0x04, 0x00, 0x00, 0x00, // ................
	0x14, 0x00, 0x02, 0x00, 0x13, 0x00, 0x00, 0x00, 0x17, 0x00, 0x04, 0x00, 0x14, 0x00, 0x00, 0x00, // ................
	0x13, 0x00, 0x00, 0x00, 0x02, 0x00, 0x00, 0x00, 0x17, 0x00, 0x04, 0x00, 0x1f, 0x00, 0x00, 0x00, // ................
	0x07, 0x00, 0x00, 0x00, 0x03, 0x00, 0x00, 0x00, 0x20, 0x00, 0x04, 0x00, 0x42, 0x00, 0x00, 0x00, // ........ ...B...
	0x00, 0x00, 0x00, 0x00, 0x06, 0x00, 0x00, 0x00, 0x3b, 0x00, 0x04, 0x00, 0x42, 0x00, 0x00, 0x00, // ........;...B...
	0x43, 0x00, 0x00, 0x00, 0x00, 0x00, 0x00, 0x00, 0x20, 0x00, 0x04, 0x00, 0x45, 0x00, 0x00, 0x00, // C....... ...E...
	0x00, 0x00, 0x00, 0x00, 0x08, 0x00, 0x00, 0x00, 0x3b, 0x00, 0x04, 0x00, 0x45, 0x00, 0x00, 0x00, // ........;...E...
	0x46, 0x00, 0x00, 0x00, 0x00, 0x00, 0x00, 0x00, 0x15, 0x00, 0x04, 0x00, 0x49, 0x00, 0x00, 0x00, // F...........I...
	0x20, 0x00, 0x00, 0x00, 0x01, 0x00, 0x00, 0x00, 0x2b, 0x00, 0x04, 0x00, 0x49, 0x00, 0x00, 0x00, //  .......+...I...
	0x4a, 0x00, 0x00, 0x00, 0x01, 0x00, 0x00, 0x00, 0x2b, 0x00, 0x04, 0x00, 0x49, 0x00, 0x00, 0x00, // J.......+...I...
	0x4e, 0x00, 0x00, 0x00, 0x00, 0x00, 0x00, 0x00, 0x1b, 0x00, 0x03, 0x00, 0x52, 0x00, 0x00, 0x00, // N...........R...
	0x08, 0x00, 0x00, 0x00, 0x2b, 0x00, 0x04, 0x00, 0x07, 0x00, 0x00, 0x00, 0x6b, 0x00, 0x00, 0x00, // ....+.......k...
	0xe6, 0xae, 0x25, 0x3d, 0x2b, 0x00, 0x04, 0x00, 0x07, 0x00, 0x00, 0x00, 0x70, 0x00, 0x00, 0x00, // ..%=+.......p...
	0x91, 0x83, 0x9e, 0x3d, 0x2b, 0x00, 0x04, 0x00, 0x07, 0x00, 0x00, 0x00, 0x75, 0x00, 0x00, 0x00, // ...=+.......u...
	0x6e, 0xa7, 0x72, 0x3f, 0x2b, 0x00, 0x04, 0x00, 0x07, 0x00, 0x00, 0x00, 0x77, 0x00, 0x00, 0x00, // n.r?+.......w...
	0x19, 0x89, 0x55, 0x3d, 0x2b, 0x00, 0x04, 0x00, 0x07, 0x00, 0x00, 0x00, 0x79, 0x00, 0x00, 0x00, // ..U=+.......y...
	0x9a, 0x99, 0x19, 0x40, 0x15, 0x00, 0x04, 0x00, 0x83, 0x00, 0x00, 0x00, 0x20, 0x00, 0x00, 0x00, // ...@........ ...
	0x00, 0x00, 0x00, 0x00, 0x2b, 0x00, 0x04, 0x00, 0x83, 0x00, 0x00, 0x00, 0x84, 0x00, 0x00, 0x00, // ....+...........
	0x00, 0x00, 0x00, 0x00, 0x18, 0x00, 0x04, 0x00, 0x95, 0x00, 0x00, 0x00, 0x1f, 0x00, 0x00, 0x00, // ................
	0x03, 0x00, 0x00, 0x00, 0x2b, 0x00, 0x04, 0x00, 0x07, 0x00, 0x00, 0x00, 0x98, 0x00, 0x00, 0x00, // ....+...........
	0x49, 0x9d, 0x20, 0x3f, 0x2b, 0x00, 0x04, 0x00, 0x07, 0x00, 0x00, 0x00, 0x99, 0x00, 0x00, 0x00, // I. ?+...........
	0x4d, 0x84, 0x8d, 0x3d, 0x2b, 0x00, 0x04, 0x00, 0x07, 0x00, 0x00, 0x00, 0x9a, 0x00, 0x00, 0x00, // M..=+...........
	0x4b, 0x59, 0x86, 0x3c, 0x2c, 0x00, 0x06, 0x00, 0x1f, 0x00, 0x00, 0x00, 0x9b, 0x00, 0x00, 0x00, // KY.<,...........
	0x98, 0x00, 0x00, 0x00, 0x99, 0x00, 0x00, 0x00, 0x9a, 0x00, 0x00, 0x00, 0x2b, 0x00, 0x04, 0x00, // ............+...
	0x07, 0x00, 0x00, 0x00, 0x9c, 0x00, 0x00, 0x00, 0x02, 0x9a, 0xa8, 0x3e, 0x2b, 0x00, 0x04, 0x00, // ...........>+...
	0x07, 0x00, 0x00, 0x00, 0x9d, 0x00, 0x00, 0x00, 0x5a, 0x64, 0x6b, 0x3f, 0x2b, 0x00, 0x04, 0x00, // ........Zdk?+...
	0x07, 0x00, 0x00, 0x00, 0x9e, 0x00, 0x00, 0x00, 0x58, 0x39, 0xb4, 0x3d, 0x2c, 0x00, 0x06, 0x00, // ........X9.=,...
	0x1f, 0x00, 0x00, 0x00, 0x9f, 0x00, 0x00, 0x00, 0x9c, 0x00, 0x00, 0x00, 0x9d, 0x00, 0x00, 0x00, // ................
	0x9e, 0x00, 0x00, 0x00, 0x2b, 0x00, 0x04, 0x00, 0x07, 0x00, 0x00, 0x00, 0xa0, 0x00, 0x00, 0x00, // ....+...........
	0x57, 0x5b, 0x31, 0x3d, 0x2b, 0x00, 0x04, 0x00, 0x07, 0x00, 0x00, 0x00, 0xa1, 0x00, 0x00, 0x00, // W[1=+...........
	0xa3, 0x23, 0x39, 0x3c, 0x2b, 0x00, 0x04, 0x00, 0x07, 0x00, 0x00, 0x00, 0xa2, 0x00, 0x00, 0x00, // .#9<+...........
	0x0b, 0x46, 0x65, 0x3f, 0x2c, 0x00, 0x06, 0x00, 0x1f, 0x00, 0x00, 0x00, 0xa3, 0x00, 0x00, 0x00, // .Fe?,...........
	0xa0, 0x00, 0x00, 0x00, 0xa1, 0x00, 0x00, 0x00, 0xa2, 0x00, 0x00, 0x00, 0x2c, 0x00, 0x06, 0x00, // ............,...
	0x95, 0x00, 0x00, 0x00, 0xa4, 0x00, 0x00, 0x00, 0x9b, 0x00, 0x00, 0x00, 0x9f, 0x00, 0x00, 0x00, // ................
	0xa3, 0x00, 0x00, 0x00, 0x2b, 0x00, 0x04, 0x00, 0x07, 0x00, 0x00, 0x00, 0xaa, 0x00, 0x00, 0x00, // ....+...........
	0x00, 0x20, 0x23, 0x3e, 0x2b, 0x00, 0x04, 0x00, 0x07, 0x00, 0x00, 0x00, 0xac, 0x00, 0x00, 0x00, // . #>+...........
	0x00, 0xb0, 0x9d, 0x42, 0x2b, 0x00, 0x04, 0x00, 0x07, 0x00, 0x00, 0x00, 0xae, 0x00, 0x00, 0x00, // ...B+...........
	0x00, 0x00, 0x56, 0x3f, 0x2b, 0x00, 0x04, 0x00, 0x07, 0x00, 0x00, 0x00, 0xb0, 0x00, 0x00, 0x00, // ..V?+...........
	0x00, 0xd0, 0x96, 0x41, 0x2b, 0x00, 0x04, 0x00, 0x07, 0x00, 0x00, 0x00, 0xb2, 0x00, 0x00, 0x00, // ...A+...........
	0x00, 0x80, 0x95, 0x41, 0x2b, 0x00, 0x04, 0x00, 0x07, 0x00, 0x00, 0x00, 0xbf, 0x00, 0x00, 0x00, // ...A+...........
	0x00, 0x00, 0x80, 0x3f, 0x2b, 0x00, 0x04, 0x00, 0x07, 0x00, 0x00, 0x00, 0xcd, 0x00, 0x00, 0x00, // ...?+...........
	0x00, 0x00, 0x00, 0x00, 0x1e, 0x00, 0x04, 0x00, 0xd0, 0x00, 0x00, 0x00, 0x0d, 0x00, 0x00, 0x00, // ................
	0x0d, 0x00, 0x00, 0x00, 0x20, 0x00, 0x04, 0x00, 0xd1, 0x00, 0x00, 0x00, 0x02, 0x00, 0x00, 0x00, // .... ...........
	0xd0, 0x00, 0x00, 0x00, 0x3b, 0x00, 0x04, 0x00, 0xd1, 0x00, 0x00, 0x00, 0xd2, 0x00, 0x00, 0x00, // ....;...........
	0x02, 0x00, 0x00, 0x00, 0x20, 0x00, 0x04, 0x00, 0xd6, 0x00, 0x00, 0x00, 0x02, 0x00, 0x00, 0x00, // .... ...........
	0x0d, 0x00, 0x00, 0x00, 0x2b, 0x00, 0x04, 0x00, 0x83, 0x00, 0x00, 0x00, 0xf0, 0x00, 0x00, 0x00, // ....+...........
	0x03, 0x00, 0x00, 0x00, 0x20, 0x00, 0x04, 0x00, 0xf1, 0x00, 0x00, 0x00, 0x02, 0x00, 0x00, 0x00, // .... ...........
	0x07, 0x00, 0x00, 0x00, 0x20, 0x00, 0x04, 0x00, 0x08, 0x01, 0x00, 0x00, 0x01, 0x00, 0x00, 0x00, // .... ...........
	0x0d, 0x00, 0x00, 0x00, 0x3b, 0x00, 0x04, 0x00, 0x08, 0x01, 0x00, 0x00, 0x0c, 0x01, 0x00, 0x00, // ....;...........
	0x01, 0x00, 0x00, 0x00, 0x20, 0x00, 0x04, 0x00, 0x0f, 0x01, 0x00, 0x00, 0x01, 0x00, 0x00, 0x00, // .... ...........
	0x0b, 0x00, 0x00, 0x00, 0x3b, 0x00, 0x04, 0x00, 0x0f, 0x01, 0x00, 0x00, 0x10, 0x01, 0x00, 0x00, // ....;...........
	0x01, 0x00, 0x00, 0x00, 0x3b, 0x00, 0x04, 0x00, 0x0f, 0x01, 0x00, 0x00, 0x13, 0x01, 0x00, 0x00, // ....;...........
	0x01, 0x00, 0x00, 0x00, 0x20, 0x00, 0x04, 0x00, 0x21, 0x01, 0x00, 0x00, 0x03, 0x00, 0x00, 0x00, // .... ...!.......
	0x0d, 0x00, 0x00, 0x00, 0x3b, 0x00, 0x04, 0x00, 0x21, 0x01, 0x00, 0x00, 0x22, 0x01, 0x00, 0x00, // ....;...!..."...
	0x03, 0x00, 0x00, 0x00, 0x2c, 0x00, 0x06, 0x00, 0x1f, 0x00, 0x00, 0x00, 0x17, 0x02, 0x00, 0x00, // ....,...........
	0xaa, 0x00, 0x00, 0x00, 0xaa, 0x00, 0x00, 0x00, 0xaa, 0x00, 0x00, 0x00, 0x2c, 0x00, 0x06, 0x00, // ............,...
	0x1f, 0x00, 0x00, 0x00, 0x18, 0x02, 0x00, 0x00, 0xae, 0x00, 0x00, 0x00, 0xae, 0x00, 0x00, 0x00, // ................
	0xae, 0x00, 0x00, 0x00, 0x2c, 0x00, 0x06, 0x00, 0x1f, 0x00, 0x00, 0x00, 0x19, 0x02, 0x00, 0x00, // ....,...........
	0xbf, 0x00, 0x00, 0x00, 0xbf, 0x00, 0x00, 0x00, 0xbf, 0x00, 0x00, 0x00, 0x2c, 0x00, 0x06, 0x00, // ............,...
	0x1f, 0x00, 0x00, 0x00, 0x1a, 0x02, 0x00, 0x00, 0xac, 0x00, 0x00, 0x00, 0xac, 0x00, 0x00, 0x00, // ................
	0xac, 0x00, 0x00, 0x00, 0x36, 0x00, 0x05, 0x00, 0x02, 0x00, 0x00, 0x00, 0x04, 0x00, 0x00, 0x00, // ....6...........
	0x00, 0x00, 0x00, 0x00, 0x03, 0x00, 0x00, 0x00, 0xf8, 0x00, 0x02, 0x00, 0x05, 0x00, 0x00, 0x00, // ................
	0x3d, 0x00, 0x04, 0x00, 0x06, 0x00, 0x00, 0x00, 0x44, 0x00, 0x00, 0x00, 0x43, 0x00, 0x00, 0x00, // =.......D...C...
	0x3d, 0x00, 0x04, 0x00, 0x08, 0x00, 0x00, 0x00, 0x47, 0x00, 0x00, 0x00, 0x46, 0x00, 0x00, 0x00, // =.......G...F...
	0x3d, 0x00, 0x04, 0x00, 0x0d, 0x00, 0x00, 0x00, 0x0d, 0x01, 0x00, 0x00, 0x0c, 0x01, 0x00, 0x00, // =...............
	0x3d, 0x00, 0x04, 0x00, 0x0b, 0x00, 0x00, 0x00, 0x11, 0x01, 0x00, 0x00, 0x10, 0x01, 0x00, 0x00, // =...............
	0x3d, 0x00, 0x04, 0x00, 0x0b, 0x00, 0x00, 0x00, 0x14, 0x01, 0x00, 0x00, 0x13, 0x01, 0x00, 0x00, // =...............
	0x41, 0x00, 0x05, 0x00, 0xd6, 0x00, 0x00, 0x00, 0x4c, 0x01, 0x00, 0x00, 0xd2, 0x00, 0x00, 0x00, // A.......L.......
	0x4e, 0x00, 0x00, 0x00, 0x3d, 0x00, 0x04, 0x00, 0x0d, 0x00, 0x00, 0x00, 0x4d, 0x01, 0x00, 0x00, // N...=.......M...
	0x4c, 0x01, 0x00, 0x00, 0x4f, 0x00, 0x07, 0x00, 0x0b, 0x00, 0x00, 0x00, 0x4e, 0x01, 0x00, 0x00, // L...O.......N...
	0x4d, 0x01, 0x00, 0x00, 0x4d, 0x01, 0x00, 0x00, 0x00, 0x00, 0x00, 0x00, 0x01, 0x00, 0x00, 0x00, // M...M...........
	0xb8, 0x00, 0x05, 0x00, 0x14, 0x00, 0x00, 0x00, 0x7c, 0x01, 0x00, 0x00, 0x14, 0x01, 0x00, 0x00, // ........|.......
	0x4e, 0x01, 0x00, 0x00, 0x9a, 0x00, 0x04, 0x00, 0x13, 0x00, 0x00, 0x00, 0x50, 0x01, 0x00, 0x00, // N...........P...
	0x7c, 0x01, 0x00, 0x00, 0x4f, 0x00, 0x07, 0x00, 0x0b, 0x00, 0x00, 0x00, 0x54, 0x01, 0x00, 0x00, // |...O.......T...
	0x4d, 0x01, 0x00, 0x00, 0x4d, 0x01, 0x00, 0x00, 0x02, 0x00, 0x00, 0x00, 0x03, 0x00, 0x00, 0x00, // M...M...........
	0xba, 0x00, 0x05, 0x00, 0x14, 0x00, 0x00, 0x00, 0x81, 0x01, 0x00, 0x00, 0x14, 0x01, 0x00, 0x00, // ................
	0x54, 0x01, 0x00, 0x00, 0x9a, 0x00, 0x04, 0x00, 0x13, 0x00, 0x00, 0x00, 0x56, 0x01, 0x00, 0x00, // T...........V...
	0x81, 0x01, 0x00, 0x00, 0xa6, 0x00, 0x05, 0x00, 0x13, 0x00, 0x00, 0x00, 0x57, 0x01, 0x00, 0x00, // ............W...
	0x50, 0x01, 0x00, 0x00, 0x56, 0x01, 0x00, 0x00, 0xf7, 0x00, 0x03, 0x00, 0x59, 0x01, 0x00, 0x00, // P...V.......Y...
	0x00, 0x00, 0x00, 0x00, 0xfa, 0x00, 0x04, 0x00, 0x57, 0x01, 0x00, 0x00, 0x58, 0x01, 0x00, 0x00, // ........W...X...
	0x59, 0x01, 0x00, 0x00, 0xf8, 0x00, 0x02, 0x00, 0x58, 0x01, 0x00, 0x00, 0xfc, 0x00, 0x01, 0x00, // Y.......X.......
	0xf8, 0x00, 0x02, 0x00, 0x59, 0x01, 0x00, 0x00, 0x56, 0x00, 0x05, 0x00, 0x52, 0x00, 0x00, 0x00, // ....Y...V...R...
	0x88, 0x01, 0x00, 0x00, 0x47, 0x00, 0x00, 0x00, 0x44, 0x00, 0x00, 0x00, 0x57, 0x00, 0x05, 0x00, // ....G...D...W...
	0x0d, 0x00, 0x00, 0x00, 0x8a, 0x01, 0x00, 0x00, 0x88, 0x01, 0x00, 0x00, 0x11, 0x01, 0x00, 0x00, // ................
	0x85, 0x00, 0x05, 0x00, 0x0d, 0x00, 0x00, 0x00, 0x5e, 0x01, 0x00, 0x00, 0x8a, 0x01, 0x00, 0x00, // ........^.......
	0x0d, 0x01, 0x00, 0x00, 0x41, 0x00, 0x06, 0x00, 0xf1, 0x00, 0x00, 0x00, 0x5f, 0x01, 0x00, 0x00, // ....A......._...
	0xd2, 0x00, 0x00, 0x00, 0x4a, 0x00, 0x00, 0x00, 0xf0, 0x00, 0x00, 0x00, 0x3d, 0x00, 0x04, 0x00, // ....J.......=...
	0x07, 0x00, 0x00, 0x00, 0x60, 0x01, 0x00, 0x00, 0x5f, 0x01, 0x00, 0x00, 0xba, 0x00, 0x05, 0x00, // ....`..._.......
	0x13, 0x00, 0x00, 0x00, 0x61, 0x01, 0x00, 0x00, 0x60, 0x01, 0x00, 0x00, 0xcd, 0x00, 0x00, 0x00, // ....a...`.......
	0xf7, 0x00, 0x03, 0x00, 0x70, 0x01, 0x00, 0x00, 0x02, 0x00, 0x00, 0x00, 0xfa, 0x00, 0x04, 0x00, // ....p...........
	0x61, 0x01, 0x00, 0x00, 0x62, 0x01, 0x00, 0x00, 0x70, 0x01, 0x00, 0x00, 0xf8, 0x00, 0x02, 0x00, // a...b...p.......
	0x62, 0x01, 0x00, 0x00, 0x51, 0x00, 0x05, 0x00, 0x07, 0x00, 0x00, 0x00, 0x91, 0x01, 0x00, 0x00, // b...Q...........
	0x5e, 0x01, 0x00, 0x00, 0x00, 0x00, 0x00, 0x00, 0xf7, 0x00, 0x03, 0x00, 0xaf, 0x01, 0x00, 0x00, // ^...............
	0x00, 0x00, 0x00, 0x00, 0xfb, 0x00, 0x03, 0x00, 0x84, 0x00, 0x00, 0x00, 0xa3, 0x01, 0x00, 0x00, // ................
	0xf8, 0x00, 0x02, 0x00, 0xa3, 0x01, 0x00, 0x00, 0xbc, 0x00, 0x05, 0x00, 0x13, 0x00, 0x00, 0x00, // ................
	0xa5, 0x01, 0x00, 0x00, 0x91, 0x01, 0x00, 0x00, 0x6b, 0x00, 0x00, 0x00, 0xf7, 0x00, 0x03, 0x00, // ........k.......
	0xae, 0x01, 0x00, 0x00, 0x00, 0x00, 0x00, 0x00, 0xfa, 0x00, 0x04, 0x00, 0xa5, 0x01, 0x00, 0x00, // ................
	0xa6, 0x01, 0x00, 0x00, 0xa9, 0x01, 0x00, 0x00, 0xf8, 0x00, 0x02, 0x00, 0xa9, 0x01, 0x00, 0x00, // ................
	0x85, 0x00, 0x05, 0x00, 0x07, 0x00, 0x00, 0x00, 0xab, 0x01, 0x00, 0x00, 0x91, 0x01, 0x00, 0x00, // ................
	0x75, 0x00, 0x00, 0x00, 0x81, 0x00, 0x05, 0x00, 0x07, 0x00, 0x00, 0x00, 0xac, 0x01, 0x00, 0x00, // u...............
	0xab, 0x01, 0x00, 0x00, 0x77, 0x00, 0x00, 0x00, 0x0c, 0x00, 0x07, 0x00, 0x07, 0x00, 0x00, 0x00, // ....w...........
	0xad, 0x01, 0x00, 0x00, 0x01, 0x00, 0x00, 0x00, 0x1a, 0x00, 0x00, 0x00, 0xac, 0x01, 0x00, 0x00, // ................
	0x79, 0x00, 0x00, 0x00, 0xf9, 0x00, 0x02, 0x00, 0xaf, 0x01, 0x00, 0x00, 0xf8, 0x00, 0x02, 0x00, // y...............
	0xa6, 0x01, 0x00, 0x00, 0x85, 0x00, 0x05, 0x00, 0x07, 0x00, 0x00, 0x00, 0xa8, 0x01, 0x00, 0x00, // ................
	0x91, 0x01, 0x00, 0x00, 0x70, 0x00, 0x00, 0x00, 0xf9, 0x00, 0x02, 0x00, 0xaf, 0x01, 0x00, 0x00, // ....p...........
	0xf8, 0x00, 0x02, 0x00, 0xae, 0x01, 0x00, 0x00, 0xff, 0x00, 0x01, 0x00, 0xf8, 0x00, 0x02, 0x00, // ................
	0xaf, 0x01, 0x00, 0x00, 0xf5, 0x00, 0x07, 0x00, 0x07, 0x00, 0x00, 0x00, 0x1b, 0x02, 0x00, 0x00, // ................
	0xad, 0x01, 0x00, 0x00, 0xa9, 0x01, 0x00, 0x00, 0xa8, 0x01, 0x00, 0x00, 0xa6, 0x01, 0x00, 0x00, // ................
	0x51, 0x00, 0x05, 0x00, 0x07, 0x00, 0x00, 0x00, 0x94, 0x01, 0x00, 0x00, 0x5e, 0x01, 0x00, 0x00, // Q...........^...
	0x01, 0x00, 0x00, 0x00, 0xf7, 0x00, 0x03, 0x00, 0xc6, 0x01, 0x00, 0x00, 0x00, 0x00, 0x00, 0x00, // ................
	0xfb, 0x00, 0x03, 0x00, 0x84, 0x00, 0x00, 0x00, 0xba, 0x01, 0x00, 0x00, 0xf8, 0x00, 0x02, 0x00, // ................
	0xba, 0x01, 0x00, 0x00, 0xbc, 0x00, 0x05, 0x00, 0x13, 0x00, 0x00, 0x00, 0xbc, 0x01, 0x00, 0x00, // ................
	0x94, 0x01, 0x00, 0x00, 0x6b, 0x00, 0x00, 0x00, 0xf7, 0x00, 0x03, 0x00, 0xc5, 0x01, 0x00, 0x00, // ....k...........
	0x00, 0x00, 0x00, 0x00, 0xfa, 0x00, 0x04, 0x00, 0xbc, 0x01, 0x00, 0x00, 0xbd, 0x01, 0x00, 0x00, // ................
	0xc0, 0x01, 0x00, 0x00, 0xf8, 0x00, 0x02, 0x00, 0xc0, 0x01, 0x00, 0x00, 0x85, 0x00, 0x05, 0x00, // ................
	0x07, 0x00, 0x00, 0x00, 0xc2, 0x01, 0x00, 0x00, 0x94, 0x01, 0x00, 0x00, 0x75, 0x00, 0x00, 0x00, // ............u...
	0x81, 0x00, 0x05, 0x00, 0x07, 0x00, 0x00, 0x00, 0xc3, 0x01, 0x00, 0x00, 0xc2, 0x01, 0x00, 0x00, // ................
	0x77, 0x00, 0x00, 0x00, 0x0c, 0x00, 0x07, 0x00, 0x07, 0x00, 0x00, 0x00, 0xc4, 0x01, 0x00, 0x00, // w...............
	0x01, 0x00, 0x00, 0x00, 0x1a, 0x00, 0x00, 0x00, 0xc3, 0x01, 0x00, 0x00, 0x79, 0x00, 0x00, 0x00, // ............y...
	0xf9, 0x00, 0x02, 0x00, 0xc6, 0x01, 0x00, 0x00, 0xf8, 0x00, 0x02, 0x00, 0xbd, 0x01, 0x00, 0x00, // ................
	0x85, 0x00, 0x05, 0x00, 0x07, 0x00, 0x00, 0x00, 0xbf, 0x01, 0x00, 0x00, 0x94, 0x01, 0x00, 0x00, // ................
	0x70, 0x00, 0x00, 0x00, 0xf9, 0x00, 0x02, 0x00, 0xc6, 0x01, 0x00, 0x00, 0xf8, 0x00, 0x02, 0x00, // p...............
	0xc5, 0x01, 0x00, 0x00, 0xff, 0x00, 0x01, 0x00, 0xf8, 0x00, 0x02, 0x00, 0xc6, 0x01, 0x00, 0x00, // ................
	0xf5, 0x00, 0x07, 0x00, 0x07, 0x00, 0x00, 0x00, 0x1c, 0x02, 0x00, 0x00, 0xc4, 0x01, 0x00, 0x00, // ................
	0xc0, 0x01, 0x00, 0x00, 0xbf, 0x01, 0x00, 0x00, 0xbd, 0x01, 0x00, 0x00, 0x51, 0x00, 0x05, 0x00, // ............Q...
	0x07, 0x00, 0x00, 0x00, 0x97, 0x01, 0x00, 0x00, 0x5e, 0x01, 0x00, 0x00, 0x02, 0x00, 0x00, 0x00, // ........^.......
	0xf7, 0x00, 0x03, 0x00, 0xdd, 0x01, 0x00, 0x00, 0x00, 0x00, 0x00, 0x00, 0xfb, 0x00, 0x03, 0x00, // ................
	0x84, 0x00, 0x00, 0x00, 0xd1, 0x01, 0x00, 0x00, 0xf8, 0x00, 0x02, 0x00, 0xd1, 0x01, 0x00, 0x00, // ................
	0xbc, 0x00, 0x05, 0x00, 0x13, 0x00, 0x00, 0x00, 0xd3, 0x01, 0x00, 0x00, 0x97, 0x01, 0x00, 0x00, // ................
	0x6b, 0x00, 0x00, 0x00, 0xf7, 0x00, 0x03, 0x00, 0xdc, 0x01, 0x00, 0x00, 0x00, 0x00, 0x00, 0x00, // k...............
	0xfa, 0x00, 0x04, 0x00, 0xd3, 0x01, 0x00, 0x00, 0xd4, 0x01, 0x00, 0x00, 0xd7, 0x01, 0x00, 0x00, // ................
	0xf8, 0x00, 0x02, 0x00, 0xd7, 0x01, 0x00, 0x00, 0x85, 0x00, 0x05, 0x00, 0x07, 0x00, 0x00, 0x00, // ................
	0xd9, 0x01, 0x00, 0x00, 0x97, 0x01, 0x00, 0x00, 0x75, 0x00, 0x00, 0x00, 0x81, 0x00, 0x05, 0x00, // ........u.......
	0x07, 0x00, 0x00, 0x00, 0xda, 0x01, 0x00, 0x00, 0xd9, 0x01, 0x00, 0x00, 0x77, 0x00, 0x00, 0x00, // ............w...
	0x0c, 0x00, 0x07, 0x00, 0x07, 0x00, 0x00, 0x00, 0xdb, 0x01, 0x00, 0x00, 0x01, 0x00, 0x00, 0x00, // ................
	0x1a, 0x00, 0x00, 0x00, 0xda, 0x01, 0x00, 0x00, 0x79, 0x00, 0x00, 0x00, 0xf9, 0x00, 0x02, 0x00, // ........y.......
	0xdd, 0x01, 0x00, 0x00, 0xf8, 0x00, 0x02, 0x00, 0xd4, 0x01, 0x00, 0x00, 0x85, 0x00, 0x05, 0x00, // ................
	0x07, 0x00, 0x00, 0x00, 0xd6, 0x01, 0x00, 0x00, 0x97, 0x01, 0x00, 0x00, 0x70, 0x00, 0x00, 0x00, // ............p...
	0xf9, 0x00, 0x02, 0x00, 0xdd, 0x01, 0x00, 0x00, 0xf8, 0x00, 0x02, 0x00, 0xdc, 0x01, 0x00, 0x00, // ................
	0xff, 0x00, 0x01, 0x00, 0xf8, 0x00, 0x02, 0x00, 0xdd, 0x01, 0x00, 0x00, 0xf5, 0x00, 0x07, 0x00, // ................
	0x07, 0x00, 0x00, 0x00, 0x1d, 0x02, 0x00, 0x00, 0xdb, 0x01, 0x00, 0x00, 0xd7, 0x01, 0x00, 0x00, // ................
	0xd6, 0x01, 0x00, 0x00, 0xd4, 0x01, 0x00, 0x00, 0x50, 0x00, 0x06, 0x00, 0x1f, 0x00, 0x00, 0x00, // ........P.......
	0x99, 0x01, 0x00, 0x00, 0x1b, 0x02, 0x00, 0x00, 0x1c, 0x02, 0x00, 0x00, 0x1d, 0x02, 0x00, 0x00, // ................
	0x8e, 0x00, 0x05, 0x00, 0x1f, 0x00, 0x00, 0x00, 0x68, 0x01, 0x00, 0x00, 0x99, 0x01, 0x00, 0x00, // ........h.......
	0x60, 0x01, 0x00, 0x00, 0x91, 0x00, 0x05, 0x00, 0x1f, 0x00, 0x00, 0x00, 0xed, 0x01, 0x00, 0x00, // `...............
	0xa4, 0x00, 0x00, 0x00, 0x68, 0x01, 0x00, 0x00, 0x0c, 0x00, 0x07, 0x00, 0x1f, 0x00, 0x00, 0x00, // ....h...........
	0xf1, 0x01, 0x00, 0x00, 0x01, 0x00, 0x00, 0x00, 0x1a, 0x00, 0x00, 0x00, 0xed, 0x01, 0x00, 0x00, // ................
	0x17, 0x02, 0x00, 0x00, 0x8e, 0x00, 0x05, 0x00, 0x1f, 0x00, 0x00, 0x00, 0xf5, 0x01, 0x00, 0x00, // ................
	0xf1, 0x01, 0x00, 0x00, 0xb0, 0x00, 0x00, 0x00, 0x81, 0x00, 0x05, 0x00, 0x1f, 0x00, 0x00, 0x00, // ................
	0xf7, 0x01, 0x00, 0x00, 0x18, 0x02, 0x00, 0x00, 0xf5, 0x01, 0x00, 0x00, 0x8e, 0x00, 0x05, 0x00, // ................
	0x1f, 0x00, 0x00, 0x00, 0xfa, 0x01, 0x00, 0x00, 0xf1, 0x01, 0x00, 0x00, 0xb2, 0x00, 0x00, 0x00, // ................
	0x81, 0x00, 0x05, 0x00, 0x1f, 0x00, 0x00, 0x00, 0xfc, 0x01, 0x00, 0x00, 0x19, 0x02, 0x00, 0x00, // ................
	0xfa, 0x01, 0x00, 0x00, 0x88, 0x00, 0x05, 0x00, 0x1f, 0x00, 0x00, 0x00, 0xfd, 0x01, 0x00, 0x00, // ................
	0xf7, 0x01, 0x00, 0x00, 0xfc, 0x01, 0x00, 0x00, 0x0c, 0x00, 0x07, 0x00, 0x1f, 0x00, 0x00, 0x00, // ................
	0x00, 0x02, 0x00, 0x00, 0x01, 0x00, 0x00, 0x00, 0x1a, 0x00, 0x00, 0x00, 0xfd, 0x01, 0x00, 0x00, // ................
	0x1a, 0x02, 0x00, 0x00, 0x51, 0x00, 0x05, 0x00, 0x07, 0x00, 0x00, 0x00, 0x6b, 0x01, 0x00, 0x00, // ....Q.......k...
	0x00, 0x02, 0x00, 0x00, 0x00, 0x00, 0x00, 0x00, 0x52, 0x00, 0x06, 0x00, 0x0d, 0x00, 0x00, 0x00, // ........R.......
	0x11, 0x02, 0x00, 0x00, 0x6b, 0x01, 0x00, 0x00, 0x5e, 0x01, 0x00, 0x00, 0x00, 0x00, 0x00, 0x00, // ....k...^.......
	0x51, 0x00, 0x05, 0x00, 0x07, 0x00, 0x00, 0x00, 0x6d, 0x01, 0x00, 0x00, 0x00, 0x02, 0x00, 0x00, // Q.......m.......
	0x01, 0x00, 0x00, 0x00, 0x52, 0x00, 0x06, 0x00, 0x0d, 0x00, 0x00, 0x00, 0x13, 0x02, 0x00, 0x00, // ....R...........
	0x6d, 0x01, 0x00, 0x00, 0x11, 0x02, 0x00, 0x00, 0x01, 0x00, 0x00, 0x00, 0x51, 0x00, 0x05, 0x00, // m...........Q...
	0x07, 0x00, 0x00, 0x00, 0x6f, 0x01, 0x00, 0x00, 0x00, 0x02, 0x00, 0x00, 0x02, 0x00, 0x00, 0x00, // ....o...........
	0x52, 0x00, 0x06, 0x00, 0x0d, 0x00, 0x00, 0x00, 0x15, 0x02, 0x00, 0x00, 0x6f, 0x01, 0x00, 0x00, // R...........o...
	0x13, 0x02, 0x00, 0x00, 0x02, 0x00, 0x00, 0x00, 0xf9, 0x00, 0x02, 0x00, 0x70, 0x01, 0x00, 0x00, // ............p...
	0xf8, 0x00, 0x02, 0x00, 0x70, 0x01, 0x00, 0x00, 0xf5, 0x00, 0x07, 0x00, 0x0d, 0x00, 0x00, 0x00, // ....p...........
	0x21, 0x02, 0x00, 0x00, 0x5e, 0x01, 0x00, 0x00, 0x59, 0x01, 0x00, 0x00, 0x15, 0x02, 0x00, 0x00, // !...^...Y.......
	0xdd, 0x01, 0x00, 0x00, 0x3e, 0x00, 0x03, 0x00, 0x22, 0x01, 0x00, 0x00, 0x21, 0x02, 0x00, 0x00, // ....>..."...!...
	0xfd, 0x00, 0x01, 0x00, 0x38, 0x00, 0x01, 0x00, 0x00, 0x00, 0x20, 0x00,                         // ....8..... .
};
static const bgfx::EmbeddedShader fs_imgui = BGFX_EMBEDDED_SHADER(fs_imgui);

//////////////////////////////////////////////////////////////////////////////////////////////////////////////////////
// Build of vertex shader from vs_imgui.sc to vs_imgui_st with options: STEREO
static const uint8_t vs_imgui_st_mtl[1528] =
{
	0x56, 0x53, 0x48, 0x0c, 0x00, 0x00, 0x00, 0x00, 0x4f, 0x45, 0x98, 0x49, 0x00, 0x00, 0x00, 0x00, // VSH.....OE.I....
	0x00, 0x00, 0x00, 0x00, 0x02, 0x00, 0x11, 0x73, 0x74, 0x61, 0x74, 0x69, 0x63, 0x43, 0x6f, 0x6c, // .......staticCol
	0x6f, 0x72, 0x5f, 0x41, 0x6c, 0x70, 0x68, 0x61, 0x02, 0x01, 0x40, 0x00, 0x01, 0x00, 0x00, 0x00, // or_Alpha..@.....
	0x00, 0x00, 0x0c, 0x6d, 0x61, 0x74, 0x57, 0x6f, 0x72, 0x6c, 0x64, 0x56, 0x69, 0x65, 0x77, 0x04, // ...matWorldView.
	0x01, 0x00, 0x00, 0x04, 0x00, 0x00, 0x00, 0x00, 0x00, 0x9f, 0x05, 0x00, 0x00, 0x23, 0x69, 0x6e, // .............#in
	0x63, 0x6c, 0x75, 0x64, 0x65, 0x20, 0x3c, 0x6d, 0x65, 0x74, 0x61, 0x6c, 0x5f, 0x73, 0x74, 0x64, // clude <metal_std
	0x6c, 0x69, 0x62, 0x3e, 0x0a, 0x23, 0x69, 0x6e, 0x63, 0x6c, 0x75, 0x64, 0x65, 0x20, 0x3c, 0x73, // lib>.#include <s
	0x69, 0x6d, 0x64, 0x2f, 0x73, 0x69, 0x6d, 0x64, 0x2e, 0x68, 0x3e, 0x0a, 0x0a, 0x75, 0x73, 0x69, // imd/simd.h>..usi
	0x6e, 0x67, 0x20, 0x6e, 0x61, 0x6d, 0x65, 0x73, 0x70, 0x61, 0x63, 0x65, 0x20, 0x6d, 0x65, 0x74, // ng namespace met
	0x61, 0x6c, 0x3b, 0x0a, 0x0a, 0x73, 0x74, 0x72, 0x75, 0x63, 0x74, 0x20, 0x5f, 0x47, 0x6c, 0x6f, // al;..struct _Glo
	0x62, 0x61, 0x6c, 0x0a, 0x7b, 0x0a, 0x20, 0x20, 0x20, 0x20, 0x66, 0x6c, 0x6f, 0x61, 0x74, 0x34, // bal.{.    float4
	0x78, 0x34, 0x20, 0x6d, 0x61, 0x74, 0x57, 0x6f, 0x72, 0x6c, 0x64, 0x56, 0x69, 0x65, 0x77, 0x3b, // x4 matWorldView;
	0x0a, 0x20, 0x20, 0x20, 0x20, 0x66, 0x6c, 0x6f, 0x61, 0x74, 0x34, 0x20, 0x73, 0x74, 0x61, 0x74, // .    float4 stat
	0x69, 0x63, 0x43, 0x6f, 0x6c, 0x6f, 0x72, 0x5f, 0x41, 0x6c, 0x70, 0x68, 0x61, 0x3b, 0x0a, 0x7d, // icColor_Alpha;.}
	0x3b, 0x0a, 0x0a, 0x73, 0x74, 0x72, 0x75, 0x63, 0x74, 0x20, 0x78, 0x6c, 0x61, 0x74, 0x4d, 0x74, // ;..struct xlatMt
	0x6c, 0x4d, 0x61, 0x69, 0x6e, 0x5f, 0x6f, 0x75, 0x74, 0x0a, 0x7b, 0x0a, 0x20, 0x20, 0x20, 0x20, // lMain_out.{.    
	0x66, 0x6c, 0x6f, 0x61, 0x74, 0x34, 0x20, 0x5f, 0x65, 0x6e, 0x74, 0x72, 0x79, 0x50, 0x6f, 0x69, // float4 _entryPoi
	0x6e, 0x74, 0x4f, 0x75, 0x74, 0x70, 0x75, 0x74, 0x5f, 0x76, 0x5f, 0x63, 0x6f, 0x6c, 0x6f, 0x72, // ntOutput_v_color
	0x30, 0x20, 0x5b, 0x5b, 0x75, 0x73, 0x65, 0x72, 0x28, 0x6c, 0x6f, 0x63, 0x6e, 0x30, 0x29, 0x5d, // 0 [[user(locn0)]
	0x5d, 0x3b, 0x0a, 0x20, 0x20, 0x20, 0x20, 0x66, 0x6c, 0x6f, 0x61, 0x74, 0x32, 0x20, 0x5f, 0x65, // ];.    float2 _e
	0x6e, 0x74, 0x72, 0x79, 0x50, 0x6f, 0x69, 0x6e, 0x74, 0x4f, 0x75, 0x74, 0x70, 0x75, 0x74, 0x5f, // ntryPointOutput_
	0x76, 0x5f, 0x74, 0x65, 0x78, 0x63, 0x6f, 0x6f, 0x72, 0x64, 0x30, 0x20, 0x5b, 0x5b, 0x75, 0x73, // v_texcoord0 [[us
	0x65, 0x72, 0x28, 0x6c, 0x6f, 0x63, 0x6e, 0x31, 0x29, 0x5d, 0x5d, 0x3b, 0x0a, 0x20, 0x20, 0x20, // er(locn1)]];.   
	0x20, 0x66, 0x6c, 0x6f, 0x61, 0x74, 0x32, 0x20, 0x5f, 0x65, 0x6e, 0x74, 0x72, 0x79, 0x50, 0x6f, //  float2 _entryPo
	0x69, 0x6e, 0x74, 0x4f, 0x75, 0x74, 0x70, 0x75, 0x74, 0x5f, 0x76, 0x5f, 0x74, 0x65, 0x78, 0x63, // intOutput_v_texc
	0x6f, 0x6f, 0x72, 0x64, 0x31, 0x20, 0x5b, 0x5b, 0x75, 0x73, 0x65, 0x72, 0x28, 0x6c, 0x6f, 0x63, // oord1 [[user(loc
	0x6e, 0x32, 0x29, 0x5d, 0x5d, 0x3b, 0x0a, 0x20, 0x20, 0x20, 0x20, 0x66, 0x6c, 0x6f, 0x61, 0x74, // n2)]];.    float
	0x34, 0x20, 0x67, 0x6c, 0x5f, 0x50, 0x6f, 0x73, 0x69, 0x74, 0x69, 0x6f, 0x6e, 0x20, 0x5b, 0x5b, // 4 gl_Position [[
	0x70, 0x6f, 0x73, 0x69, 0x74, 0x69, 0x6f, 0x6e, 0x5d, 0x5d, 0x3b, 0x0a, 0x20, 0x20, 0x20, 0x20, // position]];.    
	0x75, 0x69, 0x6e, 0x74, 0x20, 0x67, 0x6c, 0x5f, 0x4c, 0x61, 0x79, 0x65, 0x72, 0x20, 0x5b, 0x5b, // uint gl_Layer [[
	0x72, 0x65, 0x6e, 0x64, 0x65, 0x72, 0x5f, 0x74, 0x61, 0x72, 0x67, 0x65, 0x74, 0x5f, 0x61, 0x72, // render_target_ar
	0x72, 0x61, 0x79, 0x5f, 0x69, 0x6e, 0x64, 0x65, 0x78, 0x5d, 0x5d, 0x3b, 0x0a, 0x7d, 0x3b, 0x0a, // ray_index]];.};.
	0x0a, 0x73, 0x74, 0x72, 0x75, 0x63, 0x74, 0x20, 0x78, 0x6c, 0x61, 0x74, 0x4d, 0x74, 0x6c, 0x4d, // .struct xlatMtlM
	0x61, 0x69, 0x6e, 0x5f, 0x69, 0x6e, 0x0a, 0x7b, 0x0a, 0x20, 0x20, 0x20, 0x20, 0x66, 0x6c, 0x6f, // ain_in.{.    flo
	0x61, 0x74, 0x33, 0x20, 0x61, 0x5f, 0x6e, 0x6f, 0x72, 0x6d, 0x61, 0x6c, 0x20, 0x5b, 0x5b, 0x61, // at3 a_normal [[a
	0x74, 0x74, 0x72, 0x69, 0x62, 0x75, 0x74, 0x65, 0x28, 0x30, 0x29, 0x5d, 0x5d, 0x3b, 0x0a, 0x20, // ttribute(0)]];. 
	0x20, 0x20, 0x20, 0x66, 0x6c, 0x6f, 0x61, 0x74, 0x33, 0x20, 0x61, 0x5f, 0x70, 0x6f, 0x73, 0x69, //    float3 a_posi
	0x74, 0x69, 0x6f, 0x6e, 0x20, 0x5b, 0x5b, 0x61, 0x74, 0x74, 0x72, 0x69, 0x62, 0x75, 0x74, 0x65, // tion [[attribute
	0x28, 0x31, 0x29, 0x5d, 0x5d, 0x3b, 0x0a, 0x20, 0x20, 0x20, 0x20, 0x66, 0x6c, 0x6f, 0x61, 0x74, // (1)]];.    float
	0x32, 0x20, 0x61, 0x5f, 0x74, 0x65, 0x78, 0x63, 0x6f, 0x6f, 0x72, 0x64, 0x30, 0x20, 0x5b, 0x5b, // 2 a_texcoord0 [[
	0x61, 0x74, 0x74, 0x72, 0x69, 0x62, 0x75, 0x74, 0x65, 0x28, 0x32, 0x29, 0x5d, 0x5d, 0x3b, 0x0a, // attribute(2)]];.
	0x7d, 0x3b, 0x0a, 0x0a, 0x76, 0x65, 0x72, 0x74, 0x65, 0x78, 0x20, 0x78, 0x6c, 0x61, 0x74, 0x4d, // };..vertex xlatM
	0x74, 0x6c, 0x4d, 0x61, 0x69, 0x6e, 0x5f, 0x6f, 0x75, 0x74, 0x20, 0x78, 0x6c, 0x61, 0x74, 0x4d, // tlMain_out xlatM
	0x74, 0x6c, 0x4d, 0x61, 0x69, 0x6e, 0x28, 0x78, 0x6c, 0x61, 0x74, 0x4d, 0x74, 0x6c, 0x4d, 0x61, // tlMain(xlatMtlMa
	0x69, 0x6e, 0x5f, 0x69, 0x6e, 0x20, 0x69, 0x6e, 0x20, 0x5b, 0x5b, 0x73, 0x74, 0x61, 0x67, 0x65, // in_in in [[stage
	0x5f, 0x69, 0x6e, 0x5d, 0x5d, 0x2c, 0x20, 0x63, 0x6f, 0x6e, 0x73, 0x74, 0x61, 0x6e, 0x74, 0x20, // _in]], constant 
	0x5f, 0x47, 0x6c, 0x6f, 0x62, 0x61, 0x6c, 0x26, 0x20, 0x5f, 0x6d, 0x74, 0x6c, 0x5f, 0x75, 0x20, // _Global& _mtl_u 
	0x5b, 0x5b, 0x62, 0x75, 0x66, 0x66, 0x65, 0x72, 0x28, 0x30, 0x29, 0x5d, 0x5d, 0x2c, 0x20, 0x75, // [[buffer(0)]], u
	0x69, 0x6e, 0x74, 0x20, 0x67, 0x6c, 0x5f, 0x49, 0x6e, 0x73, 0x74, 0x61, 0x6e, 0x63, 0x65, 0x49, // int gl_InstanceI
	0x6e, 0x64, 0x65, 0x78, 0x20, 0x5b, 0x5b, 0x69, 0x6e, 0x73, 0x74, 0x61, 0x6e, 0x63, 0x65, 0x5f, // ndex [[instance_
	0x69, 0x64, 0x5d, 0x5d, 0x29, 0x0a, 0x7b, 0x0a, 0x20, 0x20, 0x20, 0x20, 0x78, 0x6c, 0x61, 0x74, // id]]).{.    xlat
	0x4d, 0x74, 0x6c, 0x4d, 0x61, 0x69, 0x6e, 0x5f, 0x6f, 0x75, 0x74, 0x20, 0x6f, 0x75, 0x74, 0x20, // MtlMain_out out 
	0x3d, 0x20, 0x7b, 0x7d, 0x3b, 0x0a, 0x20, 0x20, 0x20, 0x20, 0x66, 0x6c, 0x6f, 0x61, 0x74, 0x34, // = {};.    float4
	0x20, 0x5f, 0x31, 0x37, 0x36, 0x20, 0x3d, 0x20, 0x66, 0x6c, 0x6f, 0x61, 0x74, 0x34, 0x28, 0x69, //  _176 = float4(i
	0x6e, 0x2e, 0x61, 0x5f, 0x70, 0x6f, 0x73, 0x69, 0x74, 0x69, 0x6f, 0x6e, 0x2e, 0x78, 0x79, 0x2c, // n.a_position.xy,
	0x20, 0x30, 0x2e, 0x30, 0x2c, 0x20, 0x31, 0x2e, 0x30, 0x29, 0x3b, 0x0a, 0x20, 0x20, 0x20, 0x20, //  0.0, 1.0);.    
	0x66, 0x6c, 0x6f, 0x61, 0x74, 0x34, 0x20, 0x5f, 0x32, 0x36, 0x33, 0x3b, 0x0a, 0x20, 0x20, 0x20, // float4 _263;.   
	0x20, 0x69, 0x66, 0x20, 0x28, 0x67, 0x6c, 0x5f, 0x49, 0x6e, 0x73, 0x74, 0x61, 0x6e, 0x63, 0x65, //  if (gl_Instance
	0x49, 0x6e, 0x64, 0x65, 0x78, 0x20, 0x3d, 0x3d, 0x20, 0x30, 0x75, 0x29, 0x0a, 0x20, 0x20, 0x20, // Index == 0u).   
	0x20, 0x7b, 0x0a, 0x20, 0x20, 0x20, 0x20, 0x20, 0x20, 0x20, 0x20, 0x66, 0x6c, 0x6f, 0x61, 0x74, //  {.        float
	0x34, 0x20, 0x5f, 0x32, 0x35, 0x36, 0x20, 0x3d, 0x20, 0x5f, 0x31, 0x37, 0x36, 0x3b, 0x0a, 0x20, // 4 _256 = _176;. 
	0x20, 0x20, 0x20, 0x20, 0x20, 0x20, 0x20, 0x5f, 0x32, 0x35, 0x36, 0x2e, 0x78, 0x20, 0x3d, 0x20, //        _256.x = 
	0x69, 0x6e, 0x2e, 0x61, 0x5f, 0x70, 0x6f, 0x73, 0x69, 0x74, 0x69, 0x6f, 0x6e, 0x2e, 0x78, 0x20, // in.a_position.x 
	0x2b, 0x20, 0x5f, 0x6d, 0x74, 0x6c, 0x5f, 0x75, 0x2e, 0x73, 0x74, 0x61, 0x74, 0x69, 0x63, 0x43, // + _mtl_u.staticC
	0x6f, 0x6c, 0x6f, 0x72, 0x5f, 0x41, 0x6c, 0x70, 0x68, 0x61, 0x2e, 0x78, 0x3b, 0x0a, 0x20, 0x20, // olor_Alpha.x;.  
	0x20, 0x20, 0x20, 0x20, 0x20, 0x20, 0x5f, 0x32, 0x36, 0x33, 0x20, 0x3d, 0x20, 0x5f, 0x32, 0x35, //       _263 = _25
	0x36, 0x3b, 0x0a, 0x20, 0x20, 0x20, 0x20, 0x7d, 0x0a, 0x20, 0x20, 0x20, 0x20, 0x65, 0x6c, 0x73, // 6;.    }.    els
	0x65, 0x0a, 0x20, 0x20, 0x20, 0x20, 0x7b, 0x0a, 0x20, 0x20, 0x20, 0x20, 0x20, 0x20, 0x20, 0x20, // e.    {.        
	0x66, 0x6c, 0x6f, 0x61, 0x74, 0x34, 0x20, 0x5f, 0x32, 0x35, 0x39, 0x20, 0x3d, 0x20, 0x5f, 0x31, // float4 _259 = _1
	0x37, 0x36, 0x3b, 0x0a, 0x20, 0x20, 0x20, 0x20, 0x20, 0x20, 0x20, 0x20, 0x5f, 0x32, 0x35, 0x39, // 76;.        _259
	0x2e, 0x78, 0x20, 0x3d, 0x20, 0x69, 0x6e, 0x2e, 0x61, 0x5f, 0x70, 0x6f, 0x73, 0x69, 0x74, 0x69, // .x = in.a_positi
	0x6f, 0x6e, 0x2e, 0x78, 0x20, 0x2d, 0x20, 0x5f, 0x6d, 0x74, 0x6c, 0x5f, 0x75, 0x2e, 0x73, 0x74, // on.x - _mtl_u.st
	0x61, 0x74, 0x69, 0x63, 0x43, 0x6f, 0x6c, 0x6f, 0x72, 0x5f, 0x41, 0x6c, 0x70, 0x68, 0x61, 0x2e, // aticColor_Alpha.
	0x78, 0x3b, 0x0a, 0x20, 0x20, 0x20, 0x20, 0x20, 0x20, 0x20, 0x20, 0x5f, 0x32, 0x36, 0x33, 0x20, // x;.        _263 
	0x3d, 0x20, 0x5f, 0x32, 0x35, 0x39, 0x3b, 0x0a, 0x20, 0x20, 0x20, 0x20, 0x7d, 0x0a, 0x20, 0x20, // = _259;.    }.  
	0x20, 0x20, 0x6f, 0x75, 0x74, 0x2e, 0x67, 0x6c, 0x5f, 0x50, 0x6f, 0x73, 0x69, 0x74, 0x69, 0x6f, //   out.gl_Positio
	0x6e, 0x20, 0x3d, 0x20, 0x66, 0x6c, 0x6f, 0x61, 0x74, 0x34, 0x28, 0x28, 0x5f, 0x6d, 0x74, 0x6c, // n = float4((_mtl
	0x5f, 0x75, 0x2e, 0x6d, 0x61, 0x74, 0x57, 0x6f, 0x72, 0x6c, 0x64, 0x56, 0x69, 0x65, 0x77, 0x20, // _u.matWorldView 
	0x2a, 0x20, 0x5f, 0x32, 0x36, 0x33, 0x29, 0x2e, 0x78, 0x79, 0x2c, 0x20, 0x30, 0x2e, 0x30, 0x2c, // * _263).xy, 0.0,
	0x20, 0x31, 0x2e, 0x30, 0x29, 0x3b, 0x0a, 0x20, 0x20, 0x20, 0x20, 0x6f, 0x75, 0x74, 0x2e, 0x5f, //  1.0);.    out._
	0x65, 0x6e, 0x74, 0x72, 0x79, 0x50, 0x6f, 0x69, 0x6e, 0x74, 0x4f, 0x75, 0x74, 0x70, 0x75, 0x74, // entryPointOutput
	0x5f, 0x76, 0x5f, 0x63, 0x6f, 0x6c, 0x6f, 0x72, 0x30, 0x20, 0x3d, 0x20, 0x66, 0x6c, 0x6f, 0x61, // _v_color0 = floa
	0x74, 0x34, 0x28, 0x69, 0x6e, 0x2e, 0x61, 0x5f, 0x6e, 0x6f, 0x72, 0x6d, 0x61, 0x6c, 0x2c, 0x20, // t4(in.a_normal, 
	0x69, 0x6e, 0x2e, 0x61, 0x5f, 0x70, 0x6f, 0x73, 0x69, 0x74, 0x69, 0x6f, 0x6e, 0x2e, 0x7a, 0x29, // in.a_position.z)
	0x3b, 0x0a, 0x20, 0x20, 0x20, 0x20, 0x6f, 0x75, 0x74, 0x2e, 0x5f, 0x65, 0x6e, 0x74, 0x72, 0x79, // ;.    out._entry
	0x50, 0x6f, 0x69, 0x6e, 0x74, 0x4f, 0x75, 0x74, 0x70, 0x75, 0x74, 0x5f, 0x76, 0x5f, 0x74, 0x65, // PointOutput_v_te
	0x78, 0x63, 0x6f, 0x6f, 0x72, 0x64, 0x30, 0x20, 0x3d, 0x20, 0x69, 0x6e, 0x2e, 0x61, 0x5f, 0x74, // xcoord0 = in.a_t
	0x65, 0x78, 0x63, 0x6f, 0x6f, 0x72, 0x64, 0x30, 0x3b, 0x0a, 0x20, 0x20, 0x20, 0x20, 0x6f, 0x75, // excoord0;.    ou
	0x74, 0x2e, 0x5f, 0x65, 0x6e, 0x74, 0x72, 0x79, 0x50, 0x6f, 0x69, 0x6e, 0x74, 0x4f, 0x75, 0x74, // t._entryPointOut
	0x70, 0x75, 0x74, 0x5f, 0x76, 0x5f, 0x74, 0x65, 0x78, 0x63, 0x6f, 0x6f, 0x72, 0x64, 0x31, 0x20, // put_v_texcoord1 
	0x3d, 0x20, 0x69, 0x6e, 0x2e, 0x61, 0x5f, 0x70, 0x6f, 0x73, 0x69, 0x74, 0x69, 0x6f, 0x6e, 0x2e, // = in.a_position.
	0x78, 0x79, 0x3b, 0x0a, 0x20, 0x20, 0x20, 0x20, 0x6f, 0x75, 0x74, 0x2e, 0x67, 0x6c, 0x5f, 0x4c, // xy;.    out.gl_L
	0x61, 0x79, 0x65, 0x72, 0x20, 0x3d, 0x20, 0x67, 0x6c, 0x5f, 0x49, 0x6e, 0x73, 0x74, 0x61, 0x6e, // ayer = gl_Instan
	0x63, 0x65, 0x49, 0x6e, 0x64, 0x65, 0x78, 0x3b, 0x0a, 0x20, 0x20, 0x20, 0x20, 0x72, 0x65, 0x74, // ceIndex;.    ret
	0x75, 0x72, 0x6e, 0x20, 0x6f, 0x75, 0x74, 0x3b, 0x0a, 0x7d, 0x0a, 0x0a, 0x00, 0x04, 0x02, 0x00, // urn out;.}......
	0x01, 0x00, 0x10, 0x00, 0xff, 0xff, 0x50, 0x00,                                                 // ......P.
};
static const uint8_t vs_imgui_st_essl[904] =
{
	0x56, 0x53, 0x48, 0x0c, 0x00, 0x00, 0x00, 0x00, 0x4f, 0x45, 0x98, 0x49, 0x00, 0x00, 0x00, 0x00, // VSH.....OE.I....
	0x00, 0x00, 0x00, 0x00, 0x02, 0x00, 0x11, 0x73, 0x74, 0x61, 0x74, 0x69, 0x63, 0x43, 0x6f, 0x6c, // .......staticCol
	0x6f, 0x72, 0x5f, 0x41, 0x6c, 0x70, 0x68, 0x61, 0x02, 0x01, 0x00, 0x00, 0x01, 0x00, 0x00, 0x00, // or_Alpha........
	0x00, 0x00, 0x0c, 0x6d, 0x61, 0x74, 0x57, 0x6f, 0x72, 0x6c, 0x64, 0x56, 0x69, 0x65, 0x77, 0x04, // ...matWorldView.
	0x01, 0x00, 0x00, 0x04, 0x00, 0x00, 0x00, 0x00, 0x00, 0x3a, 0x03, 0x00, 0x00, 0x23, 0x65, 0x78, // .........:...#ex
	0x74, 0x65, 0x6e, 0x73, 0x69, 0x6f, 0x6e, 0x20, 0x47, 0x4c, 0x5f, 0x4e, 0x56, 0x5f, 0x76, 0x69, // tension GL_NV_vi
	0x65, 0x77, 0x70, 0x6f, 0x72, 0x74, 0x5f, 0x61, 0x72, 0x72, 0x61, 0x79, 0x32, 0x20, 0x3a, 0x20, // ewport_array2 : 
	0x72, 0x65, 0x71, 0x75, 0x69, 0x72, 0x65, 0x0a, 0x0a, 0x75, 0x6e, 0x69, 0x66, 0x6f, 0x72, 0x6d, // require..uniform
	0x20, 0x76, 0x65, 0x63, 0x34, 0x20, 0x73, 0x74, 0x61, 0x74, 0x69, 0x63, 0x43, 0x6f, 0x6c, 0x6f, //  vec4 staticColo
	0x72, 0x5f, 0x41, 0x6c, 0x70, 0x68, 0x61, 0x3b, 0x0a, 0x75, 0x6e, 0x69, 0x66, 0x6f, 0x72, 0x6d, // r_Alpha;.uniform
	0x20, 0x6d, 0x61, 0x74, 0x34, 0x20, 0x6d, 0x61, 0x74, 0x57, 0x6f, 0x72, 0x6c, 0x64, 0x56, 0x69, //  mat4 matWorldVi
	0x65, 0x77, 0x3b, 0x0a, 0x0a, 0x6f, 0x75, 0x74, 0x20, 0x76, 0x65, 0x63, 0x32, 0x20, 0x76, 0x5f, // ew;..out vec2 v_
	0x74, 0x65, 0x78, 0x63, 0x6f, 0x6f, 0x72, 0x64, 0x31, 0x3b, 0x0a, 0x6c, 0x61, 0x79, 0x6f, 0x75, // texcoord1;.layou
	0x74, 0x28, 0x6c, 0x6f, 0x63, 0x61, 0x74, 0x69, 0x6f, 0x6e, 0x20, 0x3d, 0x20, 0x31, 0x29, 0x20, // t(location = 1) 
	0x69, 0x6e, 0x20, 0x76, 0x65, 0x63, 0x33, 0x20, 0x61, 0x5f, 0x70, 0x6f, 0x73, 0x69, 0x74, 0x69, // in vec3 a_positi
	0x6f, 0x6e, 0x3b, 0x0a, 0x6f, 0x75, 0x74, 0x20, 0x76, 0x65, 0x63, 0x32, 0x20, 0x76, 0x5f, 0x74, // on;.out vec2 v_t
	0x65, 0x78, 0x63, 0x6f, 0x6f, 0x72, 0x64, 0x30, 0x3b, 0x0a, 0x6c, 0x61, 0x79, 0x6f, 0x75, 0x74, // excoord0;.layout
	0x28, 0x6c, 0x6f, 0x63, 0x61, 0x74, 0x69, 0x6f, 0x6e, 0x20, 0x3d, 0x20, 0x32, 0x29, 0x20, 0x69, // (location = 2) i
	0x6e, 0x20, 0x76, 0x65, 0x63, 0x32, 0x20, 0x61, 0x5f, 0x74, 0x65, 0x78, 0x63, 0x6f, 0x6f, 0x72, // n vec2 a_texcoor
	0x64, 0x30, 0x3b, 0x0a, 0x6f, 0x75, 0x74, 0x20, 0x76, 0x65, 0x63, 0x34, 0x20, 0x76, 0x5f, 0x63, // d0;.out vec4 v_c
	0x6f, 0x6c, 0x6f, 0x72, 0x30, 0x3b, 0x0a, 0x6c, 0x61, 0x79, 0x6f, 0x75, 0x74, 0x28, 0x6c, 0x6f, // olor0;.layout(lo
	0x63, 0x61, 0x74, 0x69, 0x6f, 0x6e, 0x20, 0x3d, 0x20, 0x30, 0x29, 0x20, 0x69, 0x6e, 0x20, 0x76, // cation = 0) in v
	0x65, 0x63, 0x33, 0x20, 0x61, 0x5f, 0x6e, 0x6f, 0x72, 0x6d, 0x61, 0x6c, 0x3b, 0x0a, 0x0a, 0x76, // ec3 a_normal;..v
	0x6f, 0x69, 0x64, 0x20, 0x6d, 0x61, 0x69, 0x6e, 0x28, 0x29, 0x0a, 0x7b, 0x0a, 0x20, 0x20, 0x20, // oid main().{.   
	0x20, 0x76, 0x5f, 0x74, 0x65, 0x78, 0x63, 0x6f, 0x6f, 0x72, 0x64, 0x31, 0x20, 0x3d, 0x20, 0x61, //  v_texcoord1 = a
	0x5f, 0x70, 0x6f, 0x73, 0x69, 0x74, 0x69, 0x6f, 0x6e, 0x2e, 0x78, 0x79, 0x3b, 0x0a, 0x20, 0x20, // _position.xy;.  
	0x20, 0x20, 0x76, 0x65, 0x63, 0x34, 0x20, 0x5f, 0x32, 0x34, 0x20, 0x3d, 0x20, 0x76, 0x65, 0x63, //   vec4 _24 = vec
	0x34, 0x28, 0x61, 0x5f, 0x70, 0x6f, 0x73, 0x69, 0x74, 0x69, 0x6f, 0x6e, 0x2e, 0x78, 0x79, 0x2c, // 4(a_position.xy,
	0x20, 0x30, 0x2e, 0x30, 0x2c, 0x20, 0x31, 0x2e, 0x30, 0x29, 0x3b, 0x0a, 0x20, 0x20, 0x20, 0x20, //  0.0, 1.0);.    
	0x76, 0x65, 0x63, 0x34, 0x20, 0x5f, 0x31, 0x31, 0x35, 0x3b, 0x0a, 0x20, 0x20, 0x20, 0x20, 0x69, // vec4 _115;.    i
	0x66, 0x20, 0x28, 0x67, 0x6c, 0x5f, 0x49, 0x6e, 0x73, 0x74, 0x61, 0x6e, 0x63, 0x65, 0x49, 0x44, // f (gl_InstanceID
	0x20, 0x3d, 0x3d, 0x20, 0x30, 0x29, 0x0a, 0x20, 0x20, 0x20, 0x20, 0x7b, 0x0a, 0x20, 0x20, 0x20, //  == 0).    {.   
	0x20, 0x20, 0x20, 0x20, 0x20, 0x76, 0x65, 0x63, 0x34, 0x20, 0x5f, 0x31, 0x30, 0x39, 0x20, 0x3d, //      vec4 _109 =
	0x20, 0x5f, 0x32, 0x34, 0x3b, 0x0a, 0x20, 0x20, 0x20, 0x20, 0x20, 0x20, 0x20, 0x20, 0x5f, 0x31, //  _24;.        _1
	0x30, 0x39, 0x2e, 0x78, 0x20, 0x3d, 0x20, 0x61, 0x5f, 0x70, 0x6f, 0x73, 0x69, 0x74, 0x69, 0x6f, // 09.x = a_positio
	0x6e, 0x2e, 0x78, 0x20, 0x2b, 0x20, 0x73, 0x74, 0x61, 0x74, 0x69, 0x63, 0x43, 0x6f, 0x6c, 0x6f, // n.x + staticColo
	0x72, 0x5f, 0x41, 0x6c, 0x70, 0x68, 0x61, 0x2e, 0x78, 0x3b, 0x0a, 0x20, 0x20, 0x20, 0x20, 0x20, // r_Alpha.x;.     
	0x20, 0x20, 0x20, 0x5f, 0x31, 0x31, 0x35, 0x20, 0x3d, 0x20, 0x5f, 0x31, 0x30, 0x39, 0x3b, 0x0a, //    _115 = _109;.
	0x20, 0x20, 0x20, 0x20, 0x7d, 0x0a, 0x20, 0x20, 0x20, 0x20, 0x65, 0x6c, 0x73, 0x65, 0x0a, 0x20, //     }.    else. 
	0x20, 0x20, 0x20, 0x7b, 0x0a, 0x20, 0x20, 0x20, 0x20, 0x20, 0x20, 0x20, 0x20, 0x76, 0x65, 0x63, //    {.        vec
	0x34, 0x20, 0x5f, 0x31, 0x31, 0x32, 0x20, 0x3d, 0x20, 0x5f, 0x32, 0x34, 0x3b, 0x0a, 0x20, 0x20, // 4 _112 = _24;.  
	0x20, 0x20, 0x20, 0x20, 0x20, 0x20, 0x5f, 0x31, 0x31, 0x32, 0x2e, 0x78, 0x20, 0x3d, 0x20, 0x61, //       _112.x = a
	0x5f, 0x70, 0x6f, 0x73, 0x69, 0x74, 0x69, 0x6f, 0x6e, 0x2e, 0x78, 0x20, 0x2d, 0x20, 0x73, 0x74, // _position.x - st
	0x61, 0x74, 0x69, 0x63, 0x43, 0x6f, 0x6c, 0x6f, 0x72, 0x5f, 0x41, 0x6c, 0x70, 0x68, 0x61, 0x2e, // aticColor_Alpha.
	0x78, 0x3b, 0x0a, 0x20, 0x20, 0x20, 0x20, 0x20, 0x20, 0x20, 0x20, 0x5f, 0x31, 0x31, 0x35, 0x20, // x;.        _115 
	0x3d, 0x20, 0x5f, 0x31, 0x31, 0x32, 0x3b, 0x0a, 0x20, 0x20, 0x20, 0x20, 0x7d, 0x0a, 0x20, 0x20, // = _112;.    }.  
	0x20, 0x20, 0x67, 0x6c, 0x5f, 0x4c, 0x61, 0x79, 0x65, 0x72, 0x20, 0x3d, 0x20, 0x67, 0x6c, 0x5f, //   gl_Layer = gl_
	0x49, 0x6e, 0x73, 0x74, 0x61, 0x6e, 0x63, 0x65, 0x49, 0x44, 0x3b, 0x0a, 0x20, 0x20, 0x20, 0x20, // InstanceID;.    
	0x67, 0x6c, 0x5f, 0x50, 0x6f, 0x73, 0x69, 0x74, 0x69, 0x6f, 0x6e, 0x20, 0x3d, 0x20, 0x76, 0x65, // gl_Position = ve
	0x63, 0x34, 0x28, 0x28, 0x6d, 0x61, 0x74, 0x57, 0x6f, 0x72, 0x6c, 0x64, 0x56, 0x69, 0x65, 0x77, // c4((matWorldView
	0x20, 0x2a, 0x20, 0x5f, 0x31, 0x31, 0x35, 0x29, 0x2e, 0x78, 0x79, 0x2c, 0x20, 0x30, 0x2e, 0x30, //  * _115).xy, 0.0
	0x2c, 0x20, 0x31, 0x2e, 0x30, 0x29, 0x3b, 0x0a, 0x20, 0x20, 0x20, 0x20, 0x76, 0x5f, 0x74, 0x65, // , 1.0);.    v_te
	0x78, 0x63, 0x6f, 0x6f, 0x72, 0x64, 0x30, 0x20, 0x3d, 0x20, 0x61, 0x5f, 0x74, 0x65, 0x78, 0x63, // xcoord0 = a_texc
	0x6f, 0x6f, 0x72, 0x64, 0x30, 0x3b, 0x0a, 0x20, 0x20, 0x20, 0x20, 0x76, 0x5f, 0x63, 0x6f, 0x6c, // oord0;.    v_col
	0x6f, 0x72, 0x30, 0x20, 0x3d, 0x20, 0x76, 0x65, 0x63, 0x34, 0x28, 0x61, 0x5f, 0x6e, 0x6f, 0x72, // or0 = vec4(a_nor
	0x6d, 0x61, 0x6c, 0x2c, 0x20, 0x61, 0x5f, 0x70, 0x6f, 0x73, 0x69, 0x74, 0x69, 0x6f, 0x6e, 0x2e, // mal, a_position.
	0x7a, 0x29, 0x3b, 0x0a, 0x7d, 0x0a, 0x0a, 0x00,                                                 // z);.}...
};
static const uint8_t vs_imgui_st_glsl[917] =
{
	0x56, 0x53, 0x48, 0x0c, 0x00, 0x00, 0x00, 0x00, 0x4f, 0x45, 0x98, 0x49, 0x00, 0x00, 0x00, 0x00, // VSH.....OE.I....
	0x00, 0x00, 0x00, 0x00, 0x02, 0x00, 0x11, 0x73, 0x74, 0x61, 0x74, 0x69, 0x63, 0x43, 0x6f, 0x6c, // .......staticCol
	0x6f, 0x72, 0x5f, 0x41, 0x6c, 0x70, 0x68, 0x61, 0x02, 0x01, 0x00, 0x00, 0x01, 0x00, 0x00, 0x00, // or_Alpha........
	0x00, 0x00, 0x0c, 0x6d, 0x61, 0x74, 0x57, 0x6f, 0x72, 0x6c, 0x64, 0x56, 0x69, 0x65, 0x77, 0x04, // ...matWorldView.
	0x01, 0x00, 0x00, 0x04, 0x00, 0x00, 0x00, 0x00, 0x00, 0x47, 0x03, 0x00, 0x00, 0x23, 0x65, 0x78, // .........G...#ex
	0x74, 0x65, 0x6e, 0x73, 0x69, 0x6f, 0x6e, 0x20, 0x47, 0x4c, 0x5f, 0x41, 0x52, 0x42, 0x5f, 0x73, // tension GL_ARB_s
	0x68, 0x61, 0x64, 0x65, 0x72, 0x5f, 0x76, 0x69, 0x65, 0x77, 0x70, 0x6f, 0x72, 0x74, 0x5f, 0x6c, // hader_viewport_l
	0x61, 0x79, 0x65, 0x72, 0x5f, 0x61, 0x72, 0x72, 0x61, 0x79, 0x20, 0x3a, 0x20, 0x72, 0x65, 0x71, // ayer_array : req
	0x75, 0x69, 0x72, 0x65, 0x0a, 0x0a, 0x75, 0x6e, 0x69, 0x66, 0x6f, 0x72, 0x6d, 0x20, 0x76, 0x65, // uire..uniform ve
	0x63, 0x34, 0x20, 0x73, 0x74, 0x61, 0x74, 0x69, 0x63, 0x43, 0x6f, 0x6c, 0x6f, 0x72, 0x5f, 0x41, // c4 staticColor_A
	0x6c, 0x70, 0x68, 0x61, 0x3b, 0x0a, 0x75, 0x6e, 0x69, 0x66, 0x6f, 0x72, 0x6d, 0x20, 0x6d, 0x61, // lpha;.uniform ma
	0x74, 0x34, 0x20, 0x6d, 0x61, 0x74, 0x57, 0x6f, 0x72, 0x6c, 0x64, 0x56, 0x69, 0x65, 0x77, 0x3b, // t4 matWorldView;
	0x0a, 0x0a, 0x6f, 0x75, 0x74, 0x20, 0x76, 0x65, 0x63, 0x32, 0x20, 0x76, 0x5f, 0x74, 0x65, 0x78, // ..out vec2 v_tex
	0x63, 0x6f, 0x6f, 0x72, 0x64, 0x31, 0x3b, 0x0a, 0x6c, 0x61, 0x79, 0x6f, 0x75, 0x74, 0x28, 0x6c, // coord1;.layout(l
	0x6f, 0x63, 0x61, 0x74, 0x69, 0x6f, 0x6e, 0x20, 0x3d, 0x20, 0x31, 0x29, 0x20, 0x69, 0x6e, 0x20, // ocation = 1) in 
	0x76, 0x65, 0x63, 0x33, 0x20, 0x61, 0x5f, 0x70, 0x6f, 0x73, 0x69, 0x74, 0x69, 0x6f, 0x6e, 0x3b, // vec3 a_position;
	0x0a, 0x6f, 0x75, 0x74, 0x20, 0x76, 0x65, 0x63, 0x32, 0x20, 0x76, 0x5f, 0x74, 0x65, 0x78, 0x63, // .out vec2 v_texc
	0x6f, 0x6f, 0x72, 0x64, 0x30, 0x3b, 0x0a, 0x6c, 0x61, 0x79, 0x6f, 0x75, 0x74, 0x28, 0x6c, 0x6f, // oord0;.layout(lo
	0x63, 0x61, 0x74, 0x69, 0x6f, 0x6e, 0x20, 0x3d, 0x20, 0x32, 0x29, 0x20, 0x69, 0x6e, 0x20, 0x76, // cation = 2) in v
	0x65, 0x63, 0x32, 0x20, 0x61, 0x5f, 0x74, 0x65, 0x78, 0x63, 0x6f, 0x6f, 0x72, 0x64, 0x30, 0x3b, // ec2 a_texcoord0;
	0x0a, 0x6f, 0x75, 0x74, 0x20, 0x76, 0x65, 0x63, 0x34, 0x20, 0x76, 0x5f, 0x63, 0x6f, 0x6c, 0x6f, // .out vec4 v_colo
	0x72, 0x30, 0x3b, 0x0a, 0x6c, 0x61, 0x79, 0x6f, 0x75, 0x74, 0x28, 0x6c, 0x6f, 0x63, 0x61, 0x74, // r0;.layout(locat
	0x69, 0x6f, 0x6e, 0x20, 0x3d, 0x20, 0x30, 0x29, 0x20, 0x69, 0x6e, 0x20, 0x76, 0x65, 0x63, 0x33, // ion = 0) in vec3
	0x20, 0x61, 0x5f, 0x6e, 0x6f, 0x72, 0x6d, 0x61, 0x6c, 0x3b, 0x0a, 0x0a, 0x76, 0x6f, 0x69, 0x64, //  a_normal;..void
	0x20, 0x6d, 0x61, 0x69, 0x6e, 0x28, 0x29, 0x0a, 0x7b, 0x0a, 0x20, 0x20, 0x20, 0x20, 0x76, 0x5f, //  main().{.    v_
	0x74, 0x65, 0x78, 0x63, 0x6f, 0x6f, 0x72, 0x64, 0x31, 0x20, 0x3d, 0x20, 0x61, 0x5f, 0x70, 0x6f, // texcoord1 = a_po
	0x73, 0x69, 0x74, 0x69, 0x6f, 0x6e, 0x2e, 0x78, 0x79, 0x3b, 0x0a, 0x20, 0x20, 0x20, 0x20, 0x76, // sition.xy;.    v
	0x65, 0x63, 0x34, 0x20, 0x5f, 0x32, 0x34, 0x20, 0x3d, 0x20, 0x76, 0x65, 0x63, 0x34, 0x28, 0x61, // ec4 _24 = vec4(a
	0x5f, 0x70, 0x6f, 0x73, 0x69, 0x74, 0x69, 0x6f, 0x6e, 0x2e, 0x78, 0x79, 0x2c, 0x20, 0x30, 0x2e, // _position.xy, 0.
	0x30, 0x2c, 0x20, 0x31, 0x2e, 0x30, 0x29, 0x3b, 0x0a, 0x20, 0x20, 0x20, 0x20, 0x76, 0x65, 0x63, // 0, 1.0);.    vec
	0x34, 0x20, 0x5f, 0x31, 0x31, 0x35, 0x3b, 0x0a, 0x20, 0x20, 0x20, 0x20, 0x69, 0x66, 0x20, 0x28, // 4 _115;.    if (
	0x67, 0x6c, 0x5f, 0x49, 0x6e, 0x73, 0x74, 0x61, 0x6e, 0x63, 0x65, 0x49, 0x44, 0x20, 0x3d, 0x3d, // gl_InstanceID ==
	0x20, 0x30, 0x29, 0x0a, 0x20, 0x20, 0x20, 0x20, 0x7b, 0x0a, 0x20, 0x20, 0x20, 0x20, 0x20, 0x20, //  0).    {.      
	0x20, 0x20, 0x76, 0x65, 0x63, 0x34, 0x20, 0x5f, 0x31, 0x30, 0x39, 0x20, 0x3d, 0x20, 0x5f, 0x32, //   vec4 _109 = _2
	0x34, 0x3b, 0x0a, 0x20, 0x20, 0x20, 0x20, 0x20, 0x20, 0x20, 0x20, 0x5f, 0x31, 0x30, 0x39, 0x2e, // 4;.        _109.
	0x78, 0x20, 0x3d, 0x20, 0x61, 0x5f, 0x70, 0x6f, 0x73, 0x69, 0x74, 0x69, 0x6f, 0x6e, 0x2e, 0x78, // x = a_position.x
	0x20, 0x2b, 0x20, 0x73, 0x74, 0x61, 0x74, 0x69, 0x63, 0x43, 0x6f, 0x6c, 0x6f, 0x72, 0x5f, 0x41, //  + staticColor_A
	0x6c, 0x70, 0x68, 0x61, 0x2e, 0x78, 0x3b, 0x0a, 0x20, 0x20, 0x20, 0x20, 0x20, 0x20, 0x20, 0x20, // lpha.x;.        
	0x5f, 0x31, 0x31, 0x35, 0x20, 0x3d, 0x20, 0x5f, 0x31, 0x30, 0x39, 0x3b, 0x0a, 0x20, 0x20, 0x20, // _115 = _109;.   
	0x20, 0x7d, 0x0a, 0x20, 0x20, 0x20, 0x20, 0x65, 0x6c, 0x73, 0x65, 0x0a, 0x20, 0x20, 0x20, 0x20, //  }.    else.    
	0x7b, 0x0a, 0x20, 0x20, 0x20, 0x20, 0x20, 0x20, 0x20, 0x20, 0x76, 0x65, 0x63, 0x34, 0x20, 0x5f, // {.        vec4 _
	0x31, 0x31, 0x32, 0x20, 0x3d, 0x20, 0x5f, 0x32, 0x34, 0x3b, 0x0a, 0x20, 0x20, 0x20, 0x20, 0x20, // 112 = _24;.     
	0x20, 0x20, 0x20, 0x5f, 0x31, 0x31, 0x32, 0x2e, 0x78, 0x20, 0x3d, 0x20, 0x61, 0x5f, 0x70, 0x6f, //    _112.x = a_po
	0x73, 0x69, 0x74, 0x69, 0x6f, 0x6e, 0x2e, 0x78, 0x20, 0x2d, 0x20, 0x73, 0x74, 0x61, 0x74, 0x69, // sition.x - stati
	0x63, 0x43, 0x6f, 0x6c, 0x6f, 0x72, 0x5f, 0x41, 0x6c, 0x70, 0x68, 0x61, 0x2e, 0x78, 0x3b, 0x0a, // cColor_Alpha.x;.
	0x20, 0x20, 0x20, 0x20, 0x20, 0x20, 0x20, 0x20, 0x5f, 0x31, 0x31, 0x35, 0x20, 0x3d, 0x20, 0x5f, //         _115 = _
	0x31, 0x31, 0x32, 0x3b, 0x0a, 0x20, 0x20, 0x20, 0x20, 0x7d, 0x0a, 0x20, 0x20, 0x20, 0x20, 0x67, // 112;.    }.    g
	0x6c, 0x5f, 0x4c, 0x61, 0x79, 0x65, 0x72, 0x20, 0x3d, 0x20, 0x67, 0x6c, 0x5f, 0x49, 0x6e, 0x73, // l_Layer = gl_Ins
	0x74, 0x61, 0x6e, 0x63, 0x65, 0x49, 0x44, 0x3b, 0x0a, 0x20, 0x20, 0x20, 0x20, 0x67, 0x6c, 0x5f, // tanceID;.    gl_
	0x50, 0x6f, 0x73, 0x69, 0x74, 0x69, 0x6f, 0x6e, 0x20, 0x3d, 0x20, 0x76, 0x65, 0x63, 0x34, 0x28, // Position = vec4(
	0x28, 0x6d, 0x61, 0x74, 0x57, 0x6f, 0x72, 0x6c, 0x64, 0x56, 0x69, 0x65, 0x77, 0x20, 0x2a, 0x20, // (matWorldView * 
	0x5f, 0x31, 0x31, 0x35, 0x29, 0x2e, 0x78, 0x79, 0x2c, 0x20, 0x30, 0x2e, 0x30, 0x2c, 0x20, 0x31, // _115).xy, 0.0, 1
	0x2e, 0x30, 0x29, 0x3b, 0x0a, 0x20, 0x20, 0x20, 0x20, 0x76, 0x5f, 0x74, 0x65, 0x78, 0x63, 0x6f, // .0);.    v_texco
	0x6f, 0x72, 0x64, 0x30, 0x20, 0x3d, 0x20, 0x61, 0x5f, 0x74, 0x65, 0x78, 0x63, 0x6f, 0x6f, 0x72, // ord0 = a_texcoor
	0x64, 0x30, 0x3b, 0x0a, 0x20, 0x20, 0x20, 0x20, 0x76, 0x5f, 0x63, 0x6f, 0x6c, 0x6f, 0x72, 0x30, // d0;.    v_color0
	0x20, 0x3d, 0x20, 0x76, 0x65, 0x63, 0x34, 0x28, 0x61, 0x5f, 0x6e, 0x6f, 0x72, 0x6d, 0x61, 0x6c, //  = vec4(a_normal
	0x2c, 0x20, 0x61, 0x5f, 0x70, 0x6f, 0x73, 0x69, 0x74, 0x69, 0x6f, 0x6e, 0x2e, 0x7a, 0x29, 0x3b, // , a_position.z);
	0x0a, 0x7d, 0x0a, 0x0a, 0x00,                                                                   // .}...
};
static const uint8_t vs_imgui_st_dxbc[1003] =
{
	0x56, 0x53, 0x48, 0x0c, 0x00, 0x00, 0x00, 0x00, 0x4f, 0x45, 0x98, 0x49, 0x00, 0x00, 0x00, 0x00, // VSH.....OE.I....
	0x00, 0x00, 0x00, 0x00, 0x02, 0x00, 0x0c, 0x6d, 0x61, 0x74, 0x57, 0x6f, 0x72, 0x6c, 0x64, 0x56, // .......matWorldV
	0x69, 0x65, 0x77, 0x04, 0x00, 0x00, 0x00, 0x04, 0x00, 0x00, 0x00, 0x00, 0x00, 0x11, 0x73, 0x74, // iew...........st
	0x61, 0x74, 0x69, 0x63, 0x43, 0x6f, 0x6c, 0x6f, 0x72, 0x5f, 0x41, 0x6c, 0x70, 0x68, 0x61, 0x02, // aticColor_Alpha.
	0x00, 0x40, 0x00, 0x01, 0x00, 0x00, 0x00, 0x00, 0x00, 0x94, 0x03, 0x00, 0x00, 0x44, 0x58, 0x42, // .@...........DXB
	0x43, 0x54, 0x57, 0x0b, 0x6b, 0x6f, 0x83, 0xcb, 0x9e, 0x6a, 0x84, 0x50, 0x33, 0x0a, 0x82, 0x39, // CTW.ko...j.P3..9
	0x1d, 0x01, 0x00, 0x00, 0x00, 0x94, 0x03, 0x00, 0x00, 0x04, 0x00, 0x00, 0x00, 0x30, 0x00, 0x00, // .............0..
	0x00, 0xc8, 0x00, 0x00, 0x00, 0x88, 0x01, 0x00, 0x00, 0x84, 0x03, 0x00, 0x00, 0x49, 0x53, 0x47, // .............ISG
	0x4e, 0x90, 0x00, 0x00, 0x00, 0x04, 0x00, 0x00, 0x00, 0x08, 0x00, 0x00, 0x00, 0x68, 0x00, 0x00, // N............h..
	0x00, 0x00, 0x00, 0x00, 0x00, 0x00, 0x00, 0x00, 0x00, 0x03, 0x00, 0x00, 0x00, 0x00, 0x00, 0x00, // ................
	0x00, 0x07, 0x07, 0x00, 0x00, 0x6f, 0x00, 0x00, 0x00, 0x00, 0x00, 0x00, 0x00, 0x00, 0x00, 0x00, // .....o..........
	0x00, 0x03, 0x00, 0x00, 0x00, 0x01, 0x00, 0x00, 0x00, 0x07, 0x07, 0x00, 0x00, 0x78, 0x00, 0x00, // .............x..
	0x00, 0x00, 0x00, 0x00, 0x00, 0x00, 0x00, 0x00, 0x00, 0x03, 0x00, 0x00, 0x00, 0x02, 0x00, 0x00, // ................
	0x00, 0x03, 0x03, 0x00, 0x00, 0x81, 0x00, 0x00, 0x00, 0x00, 0x00, 0x00, 0x00, 0x08, 0x00, 0x00, // ................
	0x00, 0x01, 0x00, 0x00, 0x00, 0x03, 0x00, 0x00, 0x00, 0x01, 0x01, 0x00, 0x00, 0x4e, 0x4f, 0x52, // .............NOR
	0x4d, 0x41, 0x4c, 0x00, 0x50, 0x4f, 0x53, 0x49, 0x54, 0x49, 0x4f, 0x4e, 0x00, 0x54, 0x45, 0x58, // MAL.POSITION.TEX
	0x43, 0x4f, 0x4f, 0x52, 0x44, 0x00, 0x53, 0x56, 0x5f, 0x49, 0x6e, 0x73, 0x74, 0x61, 0x6e, 0x63, // COORD.SV_Instanc
	0x65, 0x49, 0x44, 0x00, 0xab, 0x4f, 0x53, 0x47, 0x4e, 0xb8, 0x00, 0x00, 0x00, 0x05, 0x00, 0x00, // eID..OSGN.......
	0x00, 0x08, 0x00, 0x00, 0x00, 0x80, 0x00, 0x00, 0x00, 0x00, 0x00, 0x00, 0x00, 0x01, 0x00, 0x00, // ................
	0x00, 0x03, 0x00, 0x00, 0x00, 0x00, 0x00, 0x00, 0x00, 0x0f, 0x00, 0x00, 0x00, 0x8c, 0x00, 0x00, // ................
	0x00, 0x00, 0x00, 0x00, 0x00, 0x00, 0x00, 0x00, 0x00, 0x03, 0x00, 0x00, 0x00, 0x01, 0x00, 0x00, // ................
	0x00, 0x0f, 0x00, 0x00, 0x00, 0x92, 0x00, 0x00, 0x00, 0x00, 0x00, 0x00, 0x00, 0x00, 0x00, 0x00, // ................
	0x00, 0x03, 0x00, 0x00, 0x00, 0x02, 0x00, 0x00, 0x00, 0x03, 0x0c, 0x00, 0x00, 0x92, 0x00, 0x00, // ................
	0x00, 0x01, 0x00, 0x00, 0x00, 0x00, 0x00, 0x00, 0x00, 0x03, 0x00, 0x00, 0x00, 0x02, 0x00, 0x00, // ................
	0x00, 0x0c, 0x03, 0x00, 0x00, 0x9b, 0x00, 0x00, 0x00, 0x00, 0x00, 0x00, 0x00, 0x04, 0x00, 0x00, // ................
	0x00, 0x01, 0x00, 0x00, 0x00, 0x03, 0x00, 0x00, 0x00, 0x01, 0x0e, 0x00, 0x00, 0x53, 0x56, 0x5f, // .............SV_
	0x50, 0x4f, 0x53, 0x49, 0x54, 0x49, 0x4f, 0x4e, 0x00, 0x43, 0x4f, 0x4c, 0x4f, 0x52, 0x00, 0x54, // POSITION.COLOR.T
	0x45, 0x58, 0x43, 0x4f, 0x4f, 0x52, 0x44, 0x00, 0x53, 0x56, 0x5f, 0x52, 0x65, 0x6e, 0x64, 0x65, // EXCOORD.SV_Rende
	0x72, 0x54, 0x61, 0x72, 0x67, 0x65, 0x74, 0x41, 0x72, 0x72, 0x61, 0x79, 0x49, 0x6e, 0x64, 0x65, // rTargetArrayInde
	0x78, 0x00, 0xab, 0xab, 0xab, 0x53, 0x48, 0x45, 0x58, 0xf4, 0x01, 0x00, 0x00, 0x50, 0x00, 0x01, // x....SHEX....P..
	0x00, 0x7d, 0x00, 0x00, 0x00, 0x6a, 0x08, 0x00, 0x01, 0x59, 0x00, 0x00, 0x04, 0x46, 0x8e, 0x20, // .}...j...Y...F. 
	0x00, 0x00, 0x00, 0x00, 0x00, 0x05, 0x00, 0x00, 0x00, 0x5f, 0x00, 0x00, 0x03, 0x72, 0x10, 0x10, // ........._...r..
	0x00, 0x00, 0x00, 0x00, 0x00, 0x5f, 0x00, 0x00, 0x03, 0x72, 0x10, 0x10, 0x00, 0x01, 0x00, 0x00, // ....._...r......
	0x00, 0x5f, 0x00, 0x00, 0x03, 0x32, 0x10, 0x10, 0x00, 0x02, 0x00, 0x00, 0x00, 0x60, 0x00, 0x00, // ._...2.......`..
	0x04, 0x12, 0x10, 0x10, 0x00, 0x03, 0x00, 0x00, 0x00, 0x08, 0x00, 0x00, 0x00, 0x67, 0x00, 0x00, // .............g..
	0x04, 0xf2, 0x20, 0x10, 0x00, 0x00, 0x00, 0x00, 0x00, 0x01, 0x00, 0x00, 0x00, 0x65, 0x00, 0x00, // .. ..........e..
	0x03, 0xf2, 0x20, 0x10, 0x00, 0x01, 0x00, 0x00, 0x00, 0x65, 0x00, 0x00, 0x03, 0x32, 0x20, 0x10, // .. ......e...2 .
	0x00, 0x02, 0x00, 0x00, 0x00, 0x65, 0x00, 0x00, 0x03, 0xc2, 0x20, 0x10, 0x00, 0x02, 0x00, 0x00, // .....e.... .....
	0x00, 0x67, 0x00, 0x00, 0x04, 0x12, 0x20, 0x10, 0x00, 0x03, 0x00, 0x00, 0x00, 0x04, 0x00, 0x00, // .g.... .........
	0x00, 0x68, 0x00, 0x00, 0x02, 0x01, 0x00, 0x00, 0x00, 0x00, 0x00, 0x00, 0x08, 0x12, 0x00, 0x10, // .h..............
	0x00, 0x00, 0x00, 0x00, 0x00, 0x0a, 0x10, 0x10, 0x00, 0x01, 0x00, 0x00, 0x00, 0x0a, 0x80, 0x20, // ............... 
	0x00, 0x00, 0x00, 0x00, 0x00, 0x04, 0x00, 0x00, 0x00, 0x00, 0x00, 0x00, 0x09, 0x22, 0x00, 0x10, // ............."..
	0x00, 0x00, 0x00, 0x00, 0x00, 0x0a, 0x10, 0x10, 0x00, 0x01, 0x00, 0x00, 0x00, 0x0a, 0x80, 0x20, // ............... 
	0x80, 0x41, 0x00, 0x00, 0x00, 0x00, 0x00, 0x00, 0x00, 0x04, 0x00, 0x00, 0x00, 0x37, 0x00, 0x00, // .A...........7..
	0x09, 0x12, 0x00, 0x10, 0x00, 0x00, 0x00, 0x00, 0x00, 0x0a, 0x10, 0x10, 0x00, 0x03, 0x00, 0x00, // ................
	0x00, 0x1a, 0x00, 0x10, 0x00, 0x00, 0x00, 0x00, 0x00, 0x0a, 0x00, 0x10, 0x00, 0x00, 0x00, 0x00, // ................
	0x00, 0x38, 0x00, 0x00, 0x08, 0x62, 0x00, 0x10, 0x00, 0x00, 0x00, 0x00, 0x00, 0x56, 0x15, 0x10, // .8...b.......V..
	0x00, 0x01, 0x00, 0x00, 0x00, 0x06, 0x81, 0x20, 0x00, 0x00, 0x00, 0x00, 0x00, 0x01, 0x00, 0x00, // ....... ........
	0x00, 0x32, 0x00, 0x00, 0x0a, 0x32, 0x00, 0x10, 0x00, 0x00, 0x00, 0x00, 0x00, 0x46, 0x80, 0x20, // .2...2.......F. 
	0x00, 0x00, 0x00, 0x00, 0x00, 0x00, 0x00, 0x00, 0x00, 0x06, 0x00, 0x10, 0x00, 0x00, 0x00, 0x00, // ................
	0x00, 0x96, 0x05, 0x10, 0x00, 0x00, 0x00, 0x00, 0x00, 0x00, 0x00, 0x00, 0x08, 0x32, 0x20, 0x10, // .............2 .
	0x00, 0x00, 0x00, 0x00, 0x00, 0x46, 0x00, 0x10, 0x00, 0x00, 0x00, 0x00, 0x00, 0x46, 0x80, 0x20, // .....F.......F. 
	0x00, 0x00, 0x00, 0x00, 0x00, 0x03, 0x00, 0x00, 0x00, 0x36, 0x00, 0x00, 0x08, 0xc2, 0x20, 0x10, // .........6.... .
	0x00, 0x00, 0x00, 0x00, 0x00, 0x02, 0x40, 0x00, 0x00, 0x00, 0x00, 0x00, 0x00, 0x00, 0x00, 0x00, // ......@.........
	0x00, 0x00, 0x00, 0x00, 0x00, 0x00, 0x00, 0x80, 0x3f, 0x36, 0x00, 0x00, 0x05, 0x72, 0x20, 0x10, // ........?6...r .
	0x00, 0x01, 0x00, 0x00, 0x00, 0x46, 0x12, 0x10, 0x00, 0x00, 0x00, 0x00, 0x00, 0x36, 0x00, 0x00, // .....F.......6..
	0x05, 0x82, 0x20, 0x10, 0x00, 0x01, 0x00, 0x00, 0x00, 0x2a, 0x10, 0x10, 0x00, 0x01, 0x00, 0x00, // .. ......*......
	0x00, 0x36, 0x00, 0x00, 0x05, 0x32, 0x20, 0x10, 0x00, 0x02, 0x00, 0x00, 0x00, 0x46, 0x10, 0x10, // .6...2 ......F..
	0x00, 0x02, 0x00, 0x00, 0x00, 0x36, 0x00, 0x00, 0x05, 0xc2, 0x20, 0x10, 0x00, 0x02, 0x00, 0x00, // .....6.... .....
	0x00, 0x06, 0x14, 0x10, 0x00, 0x01, 0x00, 0x00, 0x00, 0x36, 0x00, 0x00, 0x05, 0x12, 0x20, 0x10, // .........6.... .
	0x00, 0x03, 0x00, 0x00, 0x00, 0x0a, 0x10, 0x10, 0x00, 0x03, 0x00, 0x00, 0x00, 0x3e, 0x00, 0x00, // .............>..
	0x01, 0x53, 0x46, 0x49, 0x30, 0x08, 0x00, 0x00, 0x00, 0x00, 0x20, 0x00, 0x00, 0x00, 0x00, 0x00, // .SFI0..... .....
	0x00, 0x00, 0x03, 0x02, 0x00, 0x01, 0x00, 0x10, 0x00, 0x50, 0x00,                               // .........P.
};
static const uint8_t vs_imgui_st_dxil[3239] =
{
	0x56, 0x53, 0x48, 0x0c, 0x00, 0x00, 0x00, 0x00, 0x4f, 0x45, 0x98, 0x49, 0x00, 0x00, 0x00, 0x00, // VSH.....OE.I....
	0x00, 0x00, 0x00, 0x00, 0x02, 0x00, 0x0c, 0x6d, 0x61, 0x74, 0x57, 0x6f, 0x72, 0x6c, 0x64, 0x56, // .......matWorldV
	0x69, 0x65, 0x77, 0x04, 0x00, 0x00, 0x00, 0x04, 0x00, 0x00, 0x00, 0x00, 0x00, 0x11, 0x73, 0x74, // iew...........st
	0x61, 0x74, 0x69, 0x63, 0x43, 0x6f, 0x6c, 0x6f, 0x72, 0x5f, 0x41, 0x6c, 0x70, 0x68, 0x61, 0x02, // aticColor_Alpha.
	0x00, 0x40, 0x00, 0x01, 0x00, 0x00, 0x00, 0x00, 0x00, 0x50, 0x0c, 0x00, 0x00, 0x44, 0x58, 0x42, // .@.......P...DXB
	0x43, 0x26, 0x67, 0x6b, 0xde, 0xe9, 0x98, 0xcb, 0x19, 0x23, 0x8c, 0xca, 0xe4, 0xce, 0x71, 0xc1, // C&gk.....#....q.
	0x5e, 0x01, 0x00, 0x00, 0x00, 0x50, 0x0c, 0x00, 0x00, 0x07, 0x00, 0x00, 0x00, 0x3c, 0x00, 0x00, // ^....P.......<..
	0x00, 0x4c, 0x00, 0x00, 0x00, 0x04, 0x01, 0x00, 0x00, 0xec, 0x01, 0x00, 0x00, 0x68, 0x03, 0x00, // .L...........h..
	0x00, 0x9c, 0x03, 0x00, 0x00, 0xb8, 0x03, 0x00, 0x00, 0x53, 0x46, 0x49, 0x30, 0x08, 0x00, 0x00, // .........SFI0...
	0x00, 0x00, 0x20, 0x00, 0x00, 0x00, 0x00, 0x00, 0x00, 0x49, 0x53, 0x47, 0x31, 0xb0, 0x00, 0x00, // .. ......ISG1...
	0x00, 0x04, 0x00, 0x00, 0x00, 0x08, 0x00, 0x00, 0x00, 0x00, 0x00, 0x00, 0x00, 0x88, 0x00, 0x00, // ................
	0x00, 0x00, 0x00, 0x00, 0x00, 0x00, 0x00, 0x00, 0x00, 0x03, 0x00, 0x00, 0x00, 0x00, 0x00, 0x00, // ................
	0x00, 0x07, 0x07, 0x00, 0x00, 0x00, 0x00, 0x00, 0x00, 0x00, 0x00, 0x00, 0x00, 0x8f, 0x00, 0x00, // ................
	0x00, 0x00, 0x00, 0x00, 0x00, 0x00, 0x00, 0x00, 0x00, 0x03, 0x00, 0x00, 0x00, 0x01, 0x00, 0x00, // ................
	0x00, 0x07, 0x07, 0x00, 0x00, 0x00, 0x00, 0x00, 0x00, 0x00, 0x00, 0x00, 0x00, 0x98, 0x00, 0x00, // ................
	0x00, 0x00, 0x00, 0x00, 0x00, 0x00, 0x00, 0x00, 0x00, 0x03, 0x00, 0x00, 0x00, 0x02, 0x00, 0x00, // ................
	0x00, 0x03, 0x03, 0x00, 0x00, 0x00, 0x00, 0x00, 0x00, 0x00, 0x00, 0x00, 0x00, 0xa1, 0x00, 0x00, // ................
	0x00, 0x00, 0x00, 0x00, 0x00, 0x08, 0x00, 0x00, 0x00, 0x01, 0x00, 0x00, 0x00, 0x03, 0x00, 0x00, // ................
	0x00, 0x01, 0x01, 0x00, 0x00, 0x00, 0x00, 0x00, 0x00, 0x4e, 0x4f, 0x52, 0x4d, 0x41, 0x4c, 0x00, // .........NORMAL.
	0x50, 0x4f, 0x53, 0x49, 0x54, 0x49, 0x4f, 0x4e, 0x00, 0x54, 0x45, 0x58, 0x43, 0x4f, 0x4f, 0x52, // POSITION.TEXCOOR
	0x44, 0x00, 0x53, 0x56, 0x5f, 0x49, 0x6e, 0x73, 0x74, 0x61, 0x6e, 0x63, 0x65, 0x49, 0x44, 0x00, // D.SV_InstanceID.
	0x00, 0x4f, 0x53, 0x47, 0x31, 0xe0, 0x00, 0x00, 0x00, 0x05, 0x00, 0x00, 0x00, 0x08, 0x00, 0x00, // .OSG1...........
	0x00, 0x00, 0x00, 0x00, 0x00, 0xa8, 0x00, 0x00, 0x00, 0x00, 0x00, 0x00, 0x00, 0x01, 0x00, 0x00, // ................
	0x00, 0x03, 0x00, 0x00, 0x00, 0x00, 0x00, 0x00, 0x00, 0x0f, 0x00, 0x00, 0x00, 0x00, 0x00, 0x00, // ................
	0x00, 0x00, 0x00, 0x00, 0x00, 0xb4, 0x00, 0x00, 0x00, 0x00, 0x00, 0x00, 0x00, 0x00, 0x00, 0x00, // ................
	0x00, 0x03, 0x00, 0x00, 0x00, 0x01, 0x00, 0x00, 0x00, 0x0f, 0x00, 0x00, 0x00, 0x00, 0x00, 0x00, // ................
	0x00, 0x00, 0x00, 0x00, 0x00, 0xba, 0x00, 0x00, 0x00, 0x00, 0x00, 0x00, 0x00, 0x00, 0x00, 0x00, // ................
	0x00, 0x03, 0x00, 0x00, 0x00, 0x02, 0x00, 0x00, 0x00, 0x03, 0x0c, 0x00, 0x00, 0x00, 0x00, 0x00, // ................
	0x00, 0x00, 0x00, 0x00, 0x00, 0xba, 0x00, 0x00, 0x00, 0x01, 0x00, 0x00, 0x00, 0x00, 0x00, 0x00, // ................
	0x00, 0x03, 0x00, 0x00, 0x00, 0x02, 0x00, 0x00, 0x00, 0x0c, 0x03, 0x00, 0x00, 0x00, 0x00, 0x00, // ................
	0x00, 0x00, 0x00, 0x00, 0x00, 0xc3, 0x00, 0x00, 0x00, 0x00, 0x00, 0x00, 0x00, 0x04, 0x00, 0x00, // ................
	0x00, 0x01, 0x00, 0x00, 0x00, 0x03, 0x00, 0x00, 0x00, 0x01, 0x0e, 0x00, 0x00, 0x00, 0x00, 0x00, // ................
	0x00, 0x53, 0x56, 0x5f, 0x50, 0x6f, 0x73, 0x69, 0x74, 0x69, 0x6f, 0x6e, 0x00, 0x43, 0x4f, 0x4c, // .SV_Position.COL
	0x4f, 0x52, 0x00, 0x54, 0x45, 0x58, 0x43, 0x4f, 0x4f, 0x52, 0x44, 0x00, 0x53, 0x56, 0x5f, 0x52, // OR.TEXCOORD.SV_R
	0x65, 0x6e, 0x64, 0x65, 0x72, 0x54, 0x61, 0x72, 0x67, 0x65, 0x74, 0x41, 0x72, 0x72, 0x61, 0x79, // enderTargetArray
	0x49, 0x6e, 0x64, 0x65, 0x78, 0x00, 0x00, 0x00, 0x00, 0x50, 0x53, 0x56, 0x30, 0x74, 0x01, 0x00, // Index....PSV0t..
	0x00, 0x34, 0x00, 0x00, 0x00, 0x01, 0x00, 0x00, 0x00, 0x00, 0x00, 0x00, 0x00, 0x00, 0x00, 0x00, // .4..............
	0x00, 0x00, 0x00, 0x00, 0x00, 0x00, 0x00, 0x00, 0x00, 0xff, 0xff, 0xff, 0xff, 0x01, 0x00, 0x00, // ................
	0x00, 0x04, 0x05, 0x00, 0x04, 0x04, 0x00, 0x00, 0x00, 0x00, 0x00, 0x00, 0x00, 0x00, 0x00, 0x00, // ................
	0x00, 0x00, 0x00, 0x00, 0x00, 0x32, 0x00, 0x00, 0x00, 0x01, 0x00, 0x00, 0x00, 0x18, 0x00, 0x00, // .....2..........
	0x00, 0x02, 0x00, 0x00, 0x00, 0x00, 0x00, 0x00, 0x00, 0x00, 0x00, 0x00, 0x00, 0x00, 0x00, 0x00, // ................
	0x00, 0x0d, 0x00, 0x00, 0x00, 0x00, 0x00, 0x00, 0x00, 0x38, 0x00, 0x00, 0x00, 0x00, 0x4e, 0x4f, // .........8....NO
	0x52, 0x4d, 0x41, 0x4c, 0x00, 0x50, 0x4f, 0x53, 0x49, 0x54, 0x49, 0x4f, 0x4e, 0x00, 0x54, 0x45, // RMAL.POSITION.TE
	0x58, 0x43, 0x4f, 0x4f, 0x52, 0x44, 0x00, 0x43, 0x4f, 0x4c, 0x4f, 0x52, 0x00, 0x54, 0x45, 0x58, // XCOORD.COLOR.TEX
	0x43, 0x4f, 0x4f, 0x52, 0x44, 0x00, 0x54, 0x45, 0x58, 0x43, 0x4f, 0x4f, 0x52, 0x44, 0x00, 0x6d, // COORD.TEXCOORD.m
	0x61, 0x69, 0x6e, 0x00, 0x00, 0x02, 0x00, 0x00, 0x00, 0x00, 0x00, 0x00, 0x00, 0x01, 0x00, 0x00, // ain.............
	0x00, 0x10, 0x00, 0x00, 0x00, 0x01, 0x00, 0x00, 0x00, 0x00, 0x00, 0x00, 0x00, 0x01, 0x00, 0x43, // ...............C
	0x00, 0x03, 0x00, 0x00, 0x00, 0x08, 0x00, 0x00, 0x00, 0x00, 0x00, 0x00, 0x00, 0x01, 0x01, 0x43, // ...............C
	0x00, 0x03, 0x00, 0x00, 0x00, 0x11, 0x00, 0x00, 0x00, 0x00, 0x00, 0x00, 0x00, 0x01, 0x02, 0x42, // ...............B
	0x00, 0x03, 0x00, 0x00, 0x00, 0x00, 0x00, 0x00, 0x00, 0x00, 0x00, 0x00, 0x00, 0x01, 0x03, 0x41, // ...............A
	0x02, 0x01, 0x00, 0x00, 0x00, 0x00, 0x00, 0x00, 0x00, 0x00, 0x00, 0x00, 0x00, 0x01, 0x00, 0x44, // ...............D
	0x03, 0x03, 0x04, 0x00, 0x00, 0x1a, 0x00, 0x00, 0x00, 0x00, 0x00, 0x00, 0x00, 0x01, 0x01, 0x44, // ...............D
	0x00, 0x03, 0x02, 0x00, 0x00, 0x20, 0x00, 0x00, 0x00, 0x00, 0x00, 0x00, 0x00, 0x01, 0x02, 0x42, // ..... .........B
	0x00, 0x03, 0x02, 0x00, 0x00, 0x29, 0x00, 0x00, 0x00, 0x01, 0x00, 0x00, 0x00, 0x01, 0x02, 0x62, // .....).........b
	0x00, 0x03, 0x02, 0x00, 0x00, 0x00, 0x00, 0x00, 0x00, 0x00, 0x00, 0x00, 0x00, 0x01, 0x03, 0x41, // ...............A
	0x04, 0x01, 0x01, 0x00, 0x00, 0x10, 0x00, 0x00, 0x00, 0x20, 0x00, 0x00, 0x00, 0x40, 0x00, 0x00, // ......... ...@..
	0x00, 0x00, 0x00, 0x00, 0x00, 0x03, 0x04, 0x00, 0x00, 0x03, 0x08, 0x00, 0x00, 0x80, 0x00, 0x00, // ................
	0x00, 0x00, 0x00, 0x00, 0x00, 0x00, 0x01, 0x00, 0x00, 0x00, 0x02, 0x00, 0x00, 0x00, 0x00, 0x00, // ................
	0x00, 0x00, 0x00, 0x00, 0x00, 0x03, 0x10, 0x00, 0x00, 0x00, 0x00, 0x00, 0x00, 0x00, 0x00, 0x00, // ................
	0x00, 0x00, 0x00, 0x00, 0x00, 0x49, 0x4c, 0x44, 0x4e, 0x2c, 0x00, 0x00, 0x00, 0x00, 0x00, 0x24, // .....ILDN,.....$
	0x00, 0x64, 0x35, 0x39, 0x62, 0x33, 0x33, 0x66, 0x32, 0x64, 0x62, 0x66, 0x38, 0x61, 0x32, 0x32, // .d59b33f2dbf8a22
	0x31, 0x35, 0x30, 0x61, 0x63, 0x65, 0x33, 0x38, 0x61, 0x63, 0x32, 0x66, 0x64, 0x63, 0x62, 0x32, // 150ace38ac2fdcb2
	0x36, 0x2e, 0x70, 0x64, 0x62, 0x00, 0x00, 0x00, 0x00, 0x48, 0x41, 0x53, 0x48, 0x14, 0x00, 0x00, // 6.pdb....HASH...
	0x00, 0x00, 0x00, 0x00, 0x00, 0xd5, 0x9b, 0x33, 0xf2, 0xdb, 0xf8, 0xa2, 0x21, 0x50, 0xac, 0xe3, // .......3....!P..
	0x8a, 0xc2, 0xfd, 0xcb, 0x26, 0x44, 0x58, 0x49, 0x4c, 0x90, 0x08, 0x00, 0x00, 0x60, 0x00, 0x01, // ....&DXIL....`..
	0x00, 0x24, 0x02, 0x00, 0x00, 0x44, 0x58, 0x49, 0x4c, 0x00, 0x01, 0x00, 0x00, 0x10, 0x00, 0x00, // .$...DXIL.......
	0x00, 0x78, 0x08, 0x00, 0x00, 0x42, 0x43, 0xc0, 0xde, 0x21, 0x0c, 0x00, 0x00, 0x1b, 0x02, 0x00, // .x...BC..!......
	0x00, 0x0b, 0x82, 0x20, 0x00, 0x02, 0x00, 0x00, 0x00, 0x13, 0x00, 0x00, 0x00, 0x07, 0x81, 0x23, // ... ...........#
	0x91, 0x41, 0xc8, 0x04, 0x49, 0x06, 0x10, 0x32, 0x39, 0x92, 0x01, 0x84, 0x0c, 0x25, 0x05, 0x08, // .A..I..29....%..
	0x19, 0x1e, 0x04, 0x8b, 0x62, 0x80, 0x14, 0x45, 0x02, 0x42, 0x92, 0x0b, 0x42, 0xa4, 0x10, 0x32, // ....b..E.B..B..2
	0x14, 0x38, 0x08, 0x18, 0x4b, 0x0a, 0x32, 0x52, 0x88, 0x48, 0x90, 0x14, 0x20, 0x43, 0x46, 0x88, // .8..K.2R.H.. CF.
	0xa5, 0x00, 0x19, 0x32, 0x42, 0xe4, 0x48, 0x0e, 0x90, 0x91, 0x22, 0xc4, 0x50, 0x41, 0x51, 0x81, // ...2B.H...".PAQ.
	0x8c, 0xe1, 0x83, 0xe5, 0x8a, 0x04, 0x29, 0x46, 0x06, 0x51, 0x18, 0x00, 0x00, 0x08, 0x00, 0x00, // ......)F.Q......
	0x00, 0x1b, 0x8c, 0xe0, 0xff, 0xff, 0xff, 0xff, 0x07, 0x40, 0x02, 0xa8, 0x0d, 0x84, 0xf0, 0xff, // .........@......
	0xff, 0xff, 0xff, 0x03, 0x20, 0x6d, 0x30, 0x86, 0xff, 0xff, 0xff, 0xff, 0x1f, 0x00, 0x09, 0xa8, // .... m0.........
	0x00, 0x49, 0x18, 0x00, 0x00, 0x03, 0x00, 0x00, 0x00, 0x13, 0x82, 0x60, 0x42, 0x20, 0x4c, 0x08, // .I.........`B L.
	0x06, 0x00, 0x00, 0x00, 0x00, 0x89, 0x20, 0x00, 0x00, 0x2b, 0x00, 0x00, 0x00, 0x32, 0x22, 0x48, // ...... ..+...2"H
	0x09, 0x20, 0x64, 0x85, 0x04, 0x93, 0x22, 0xa4, 0x84, 0x04, 0x93, 0x22, 0xe3, 0x84, 0xa1, 0x90, // . d..."...."....
	0x14, 0x12, 0x4c, 0x8a, 0x8c, 0x0b, 0x84, 0xa4, 0x4c, 0x10, 0x7c, 0x23, 0x00, 0x25, 0x00, 0x14, // ..L.....L.|#.%..
	0x66, 0x00, 0xe6, 0x08, 0xc0, 0x60, 0x8e, 0x00, 0x29, 0xc6, 0x20, 0x84, 0x14, 0x42, 0xa6, 0x18, // f....`..). ..B..
	0x84, 0x10, 0x52, 0x08, 0xa1, 0x62, 0x00, 0x42, 0x48, 0x19, 0xa4, 0x8a, 0x01, 0x08, 0x21, 0x85, // ..R..b.BH.....!.
	0x10, 0x3b, 0x6a, 0xb8, 0xfc, 0x09, 0x7b, 0x08, 0xc9, 0xe7, 0x36, 0xaa, 0x58, 0x89, 0xc9, 0x2f, // .;j...{...6.X../
	0x6e, 0x1b, 0x11, 0x63, 0x8c, 0x41, 0xe5, 0x9e, 0xe1, 0xf2, 0x27, 0xec, 0x21, 0x24, 0x3f, 0x04, // n..c.A....'.!$?.
	0x9a, 0x61, 0x21, 0x50, 0xf0, 0x0a, 0xe1, 0x08, 0x24, 0x14, 0x4b, 0x31, 0xc8, 0x18, 0x83, 0xe6, // .a!P....$.K1....
	0x1c, 0x41, 0x50, 0x0c, 0x48, 0x0a, 0x21, 0x95, 0xec, 0x40, 0xc0, 0x30, 0x02, 0x31, 0x24, 0x41, // .AP.H.!..@.0.1$A
	0x9e, 0x69, 0x42, 0x87, 0x77, 0x98, 0x07, 0x7a, 0x60, 0x87, 0x70, 0xc8, 0x87, 0x77, 0xa8, 0x07, // .iB.w..z`.p..w..
	0x7a, 0x70, 0x03, 0x32, 0x38, 0x05, 0x76, 0x78, 0x07, 0x71, 0x08, 0x07, 0x76, 0x98, 0x07, 0x24, // zp.28.vx.q..v..$
	0xe8, 0x4c, 0x3b, 0x1f, 0xc8, 0x1c, 0x01, 0x28, 0x00, 0x13, 0x14, 0x72, 0xc0, 0x87, 0x74, 0x60, // .L;....(...r..t`
	0x87, 0x36, 0x68, 0x87, 0x79, 0x68, 0x03, 0x72, 0xc0, 0x87, 0x0d, 0xaf, 0x50, 0x0e, 0x6d, 0xd0, // .6h.yh.r....P.m.
	0x0e, 0x7a, 0x50, 0x0e, 0x6d, 0x00, 0x0f, 0x7a, 0x30, 0x07, 0x72, 0xa0, 0x07, 0x73, 0x20, 0x07, // .zP.m..z0.r..s .
	0x6d, 0x90, 0x0e, 0x71, 0xa0, 0x07, 0x73, 0x20, 0x07, 0x6d, 0x90, 0x0e, 0x78, 0xa0, 0x07, 0x73, // m..q..s .m..x..s
	0x20, 0x07, 0x6d, 0x90, 0x0e, 0x71, 0x60, 0x07, 0x7a, 0x30, 0x07, 0x72, 0xd0, 0x06, 0xe9, 0x30, //  .m..q`.z0.r...0
	0x07, 0x72, 0xa0, 0x07, 0x73, 0x20, 0x07, 0x6d, 0x90, 0x0e, 0x76, 0x40, 0x07, 0x7a, 0x60, 0x07, // .r..s .m..v@.z`.
	0x74, 0xd0, 0x06, 0xe6, 0x10, 0x07, 0x76, 0xa0, 0x07, 0x73, 0x20, 0x07, 0x6d, 0x60, 0x0e, 0x73, // t.....v..s .m`.s
	0x20, 0x07, 0x7a, 0x30, 0x07, 0x72, 0xd0, 0x06, 0xe6, 0x60, 0x07, 0x74, 0xa0, 0x07, 0x76, 0x40, //  .z0.r...`.t..v@
	0x07, 0x6d, 0xe0, 0x0e, 0x78, 0xa0, 0x07, 0x71, 0x60, 0x07, 0x7a, 0x30, 0x07, 0x72, 0xa0, 0x07, // .m..x..q`.z0.r..
	0x76, 0x40, 0x07, 0x43, 0x9e, 0x00, 0x00, 0x00, 0x00, 0x00, 0x00, 0x00, 0x00, 0x00, 0x00, 0x00, // v@.C............
	0x86, 0x3c, 0x06, 0x10, 0x00, 0x01, 0x00, 0x00, 0x00, 0x00, 0x00, 0x00, 0x00, 0x0c, 0x79, 0x10, // .<............y.
	0x20, 0x00, 0x02, 0x00, 0x00, 0x00, 0x00, 0x00, 0x00, 0x00, 0x18, 0xf2, 0x28, 0x40, 0x00, 0x08, //  ...........(@..
	0x00, 0x00, 0x00, 0x00, 0x00, 0x00, 0x00, 0x30, 0xe4, 0x61, 0x80, 0x00, 0x10, 0x00, 0x00, 0x00, // .......0.a......
	0x00, 0x00, 0x00, 0x00, 0x60, 0xc8, 0x13, 0x01, 0x01, 0x30, 0x00, 0x00, 0x00, 0x00, 0x00, 0x00, // ....`....0......
	0x00, 0xc0, 0x90, 0x67, 0x02, 0x02, 0x20, 0x00, 0x00, 0x00, 0x00, 0x00, 0x00, 0x00, 0x80, 0x21, // ...g.. ........!
	0x8f, 0x05, 0x04, 0xc0, 0x00, 0x00, 0x00, 0x00, 0x00, 0x00, 0x00, 0x00, 0x59, 0x20, 0x00, 0x00, // ............Y ..
	0x00, 0x13, 0x00, 0x00, 0x00, 0x32, 0x1e, 0x98, 0x14, 0x19, 0x11, 0x4c, 0x90, 0x8c, 0x09, 0x26, // .....2.....L...&
	0x47, 0xc6, 0x04, 0x43, 0x22, 0x25, 0x30, 0x02, 0x50, 0x10, 0xc5, 0x50, 0xa0, 0x01, 0x65, 0x50, // G..C"%0.P..P..eP
	0x0e, 0x45, 0x50, 0x1e, 0x85, 0x40, 0xa5, 0x24, 0x46, 0x00, 0xca, 0xa0, 0x08, 0x4a, 0xa1, 0x04, // .EP..@.$F....J..
	0x0a, 0x81, 0x7c, 0x01, 0x22, 0x50, 0x1f, 0xeb, 0x69, 0x1a, 0x08, 0x0c, 0x40, 0x01, 0x18, 0xc1, // ..|."P..i...@...
	0x60, 0x04, 0x05, 0x90, 0x00, 0x40, 0x04, 0x84, 0x00, 0x60, 0x04, 0x09, 0xe2, 0x33, 0x00, 0x00, // `....@...`...3..
	0x00, 0x79, 0x18, 0x00, 0x00, 0x82, 0x00, 0x00, 0x00, 0x1a, 0x03, 0x4c, 0x90, 0x46, 0x02, 0x13, // .y.........L.F..
	0x44, 0x8f, 0x0c, 0x6f, 0xec, 0xed, 0x4d, 0x0c, 0x24, 0xc6, 0x05, 0xc7, 0x45, 0xa6, 0x06, 0x46, // D..o..M.$...E..F
	0xc6, 0x25, 0x26, 0x06, 0x04, 0x45, 0x66, 0x26, 0x27, 0x47, 0x26, 0xa6, 0x46, 0x46, 0x26, 0x65, // .%&..Ef&'G&.FF&e
	0x43, 0x10, 0x4c, 0x10, 0x08, 0x64, 0x82, 0x40, 0x24, 0x1b, 0x84, 0x81, 0x98, 0x20, 0x10, 0xca, // C.L..d.@$.... ..
	0x06, 0x61, 0x30, 0x28, 0xd8, 0xcd, 0x4d, 0x10, 0x88, 0x65, 0xc3, 0x80, 0x24, 0xc4, 0x04, 0x81, // .a0(..M..e..$...
	0xdb, 0x08, 0x4c, 0x10, 0x08, 0x66, 0x03, 0x42, 0x2c, 0x0c, 0x41, 0x0c, 0x0d, 0xb0, 0x21, 0x70, // ..L..f.B,.A...!p
	0x36, 0x10, 0x00, 0xf0, 0x00, 0x13, 0x84, 0x4e, 0xdb, 0x10, 0x44, 0x13, 0x04, 0x01, 0x20, 0xd1, // 6......N..D... .
	0x16, 0x96, 0xe6, 0x46, 0xc3, 0xe9, 0x49, 0xaa, 0x29, 0x88, 0x69, 0x82, 0x50, 0x48, 0x13, 0x84, // ...F..I.).i.PH..
	0x62, 0xda, 0x10, 0x10, 0x13, 0x84, 0x82, 0x9a, 0x20, 0x10, 0xcd, 0x04, 0x81, 0x70, 0x36, 0x08, // b....... ....p6.
	0xda, 0xb6, 0x61, 0x21, 0x2a, 0xeb, 0xc2, 0xae, 0x21, 0x23, 0x2e, 0x8e, 0x08, 0xd4, 0xd3, 0x54, // ..a!*...!#.....T
	0x12, 0x55, 0xd2, 0x93, 0xd3, 0x86, 0x65, 0xf0, 0xac, 0x0b, 0xbb, 0x86, 0x6c, 0xb8, 0xb8, 0x09, // .U....e.....l...
	0x02, 0xf1, 0x10, 0xa1, 0x2a, 0xc2, 0x1a, 0x7a, 0x7a, 0x92, 0x22, 0x9a, 0x20, 0x14, 0xd5, 0x06, // ....*..zz.". ...
	0x41, 0xd3, 0x36, 0x2c, 0x60, 0x10, 0x06, 0xd6, 0x85, 0x5d, 0x83, 0x18, 0x80, 0xc1, 0x35, 0x06, // A.6,`....]....5.
	0x6c, 0xa6, 0xac, 0xbe, 0x92, 0xdc, 0xe6, 0xe8, 0xc2, 0xdc, 0xc6, 0xca, 0x92, 0x88, 0x26, 0x08, // l.............&.
	0x85, 0x35, 0x41, 0x28, 0xae, 0x0d, 0x82, 0x36, 0x6c, 0x58, 0xb4, 0x32, 0x30, 0x03, 0x31, 0xc0, // .5A(...6lX.20.1.
	0xae, 0xe1, 0x0c, 0xb4, 0x0b, 0x0d, 0x36, 0x10, 0xdd, 0x47, 0x06, 0x69, 0xc0, 0x65, 0xca, 0xea, // ......6..G.i.e..
	0x0b, 0xea, 0x6d, 0x2e, 0x8d, 0x2e, 0xed, 0xcd, 0x6d, 0x82, 0x50, 0x60, 0x13, 0x04, 0x02, 0xda, // ..m.....m.P`....
	0x20, 0x68, 0x6d, 0xb0, 0x61, 0x21, 0xd6, 0xc0, 0xca, 0x30, 0x36, 0x18, 0xd8, 0x80, 0xb8, 0xdc, //  hm.a!...06.....
	0x80, 0xc5, 0xd0, 0x13, 0xd3, 0x93, 0xd4, 0x86, 0x65, 0x80, 0x03, 0xeb, 0xc2, 0xc4, 0x60, 0x60, // ........e.....``
	0x83, 0xe1, 0x72, 0x83, 0x0d, 0x0b, 0x18, 0x84, 0x81, 0x75, 0x61, 0x62, 0x30, 0x88, 0x01, 0x18, // ..r......uab0...
	0x5c, 0x63, 0xb0, 0x21, 0x18, 0x36, 0x2c, 0x5a, 0x18, 0x58, 0xd7, 0x1c, 0x88, 0xc1, 0x20, 0x06, // .c.!.6,Z.X.... .
	0x60, 0x20, 0x06, 0x63, 0x30, 0x41, 0x20, 0x22, 0x66, 0x53, 0x56, 0x5f, 0x52, 0x65, 0x6e, 0x64, // ` .c0A "fSV_Rend
	0x65, 0x72, 0x54, 0x61, 0x72, 0x67, 0x65, 0x74, 0x41, 0x72, 0x72, 0x61, 0x79, 0x49, 0x6e, 0x64, // erTargetArrayInd
	0x65, 0x78, 0x1b, 0x96, 0x3a, 0xb0, 0x03, 0x33, 0x60, 0x03, 0xec, 0x0c, 0x86, 0x33, 0xd0, 0x2e, // ex..:..3`....3..
	0x34, 0xd8, 0x50, 0xbc, 0x41, 0x1c, 0xc8, 0x01, 0x1d, 0xdc, 0xc1, 0x86, 0x41, 0x0d, 0xf0, 0x00, // 4.P.A.......A...
	0x98, 0x20, 0x78, 0xd9, 0x06, 0x81, 0xd0, 0x83, 0x0d, 0xc5, 0x44, 0xe5, 0x01, 0xb4, 0x07, 0x55, // . x.......D....U
	0xd8, 0xd8, 0xec, 0xda, 0x5c, 0xd2, 0xc8, 0xca, 0xdc, 0xe8, 0xa6, 0x04, 0x41, 0x15, 0x32, 0x3c, // ............A.2<
	0x17, 0xbb, 0x32, 0xb9, 0xb9, 0xb4, 0x37, 0xb7, 0x29, 0x01, 0xd1, 0x84, 0x0c, 0xcf, 0xc5, 0x2e, // ..2...7.).......
	0x8c, 0xcd, 0xae, 0x4c, 0x6e, 0x4a, 0x60, 0xd4, 0x21, 0xc3, 0x73, 0x99, 0x43, 0x0b, 0x23, 0x2b, // ...LnJ`.!.s.C.#+
	0x93, 0x6b, 0x7a, 0x23, 0x2b, 0x63, 0x9b, 0x12, 0x24, 0x65, 0xc8, 0xf0, 0x5c, 0xe4, 0xca, 0xe6, // .kz#+c..$e......
	0xde, 0xea, 0xe4, 0xc6, 0xca, 0xe6, 0xa6, 0x04, 0x4f, 0x1d, 0x32, 0x3c, 0x17, 0xbb, 0xb4, 0xb2, // ........O.2<....
	0xbb, 0x24, 0xb2, 0x29, 0xba, 0x30, 0xba, 0xb2, 0x29, 0x41, 0x54, 0x87, 0x0c, 0xcf, 0xa5, 0xcc, // .$.).0..)AT.....
	0x8d, 0x4e, 0x2e, 0x0f, 0xea, 0x2d, 0xcd, 0x8d, 0x6e, 0x6e, 0x4a, 0xb0, 0x07, 0x00, 0x00, 0x00, // .N...-..nnJ.....
	0x00, 0x79, 0x18, 0x00, 0x00, 0x4c, 0x00, 0x00, 0x00, 0x33, 0x08, 0x80, 0x1c, 0xc4, 0xe1, 0x1c, // .y...L...3......
	0x66, 0x14, 0x01, 0x3d, 0x88, 0x43, 0x38, 0x84, 0xc3, 0x8c, 0x42, 0x80, 0x07, 0x79, 0x78, 0x07, // f..=.C8...B..yx.
	0x73, 0x98, 0x71, 0x0c, 0xe6, 0x00, 0x0f, 0xed, 0x10, 0x0e, 0xf4, 0x80, 0x0e, 0x33, 0x0c, 0x42, // s.q..........3.B
	0x1e, 0xc2, 0xc1, 0x1d, 0xce, 0xa1, 0x1c, 0x66, 0x30, 0x05, 0x3d, 0x88, 0x43, 0x38, 0x84, 0x83, // .......f0.=.C8..
	0x1b, 0xcc, 0x03, 0x3d, 0xc8, 0x43, 0x3d, 0x8c, 0x03, 0x3d, 0xcc, 0x78, 0x8c, 0x74, 0x70, 0x07, // ...=.C=..=.x.tp.
	0x7b, 0x08, 0x07, 0x79, 0x48, 0x87, 0x70, 0x70, 0x07, 0x7a, 0x70, 0x03, 0x76, 0x78, 0x87, 0x70, // {..yH.pp.zp.vx.p
	0x20, 0x87, 0x19, 0xcc, 0x11, 0x0e, 0xec, 0x90, 0x0e, 0xe1, 0x30, 0x0f, 0x6e, 0x30, 0x0f, 0xe3, //  .........0.n0..
	0xf0, 0x0e, 0xf0, 0x50, 0x0e, 0x33, 0x10, 0xc4, 0x1d, 0xde, 0x21, 0x1c, 0xd8, 0x21, 0x1d, 0xc2, // ...P.3....!..!..
	0x61, 0x1e, 0x66, 0x30, 0x89, 0x3b, 0xbc, 0x83, 0x3b, 0xd0, 0x43, 0x39, 0xb4, 0x03, 0x3c, 0xbc, // a.f0.;..;.C9..<.
	0x83, 0x3c, 0x84, 0x03, 0x3b, 0xcc, 0xf0, 0x14, 0x76, 0x60, 0x07, 0x7b, 0x68, 0x07, 0x37, 0x68, // .<..;...v`.{h.7h
	0x87, 0x72, 0x68, 0x07, 0x37, 0x80, 0x87, 0x70, 0x90, 0x87, 0x70, 0x60, 0x07, 0x76, 0x28, 0x07, // .rh.7..p..p`.v(.
	0x76, 0xf8, 0x05, 0x76, 0x78, 0x87, 0x77, 0x80, 0x87, 0x5f, 0x08, 0x87, 0x71, 0x18, 0x87, 0x72, // v..vx.w.._..q..r
	0x98, 0x87, 0x79, 0x98, 0x81, 0x2c, 0xee, 0xf0, 0x0e, 0xee, 0xe0, 0x0e, 0xf5, 0xc0, 0x0e, 0xec, // ..y..,..........
	0x30, 0x03, 0x62, 0xc8, 0xa1, 0x1c, 0xe4, 0xa1, 0x1c, 0xcc, 0xa1, 0x1c, 0xe4, 0xa1, 0x1c, 0xdc, // 0.b.............
	0x61, 0x1c, 0xca, 0x21, 0x1c, 0xc4, 0x81, 0x1d, 0xca, 0x61, 0x06, 0xd6, 0x90, 0x43, 0x39, 0xc8, // a..!.....a...C9.
	0x43, 0x39, 0x98, 0x43, 0x39, 0xc8, 0x43, 0x39, 0xb8, 0xc3, 0x38, 0x94, 0x43, 0x38, 0x88, 0x03, // C9.C9.C9..8.C8..
	0x3b, 0x94, 0xc3, 0x2f, 0xbc, 0x83, 0x3c, 0xfc, 0x82, 0x3b, 0xd4, 0x03, 0x3b, 0xb0, 0xc3, 0x0c, // ;../..<..;..;...
	0xc4, 0x21, 0x07, 0x7c, 0x70, 0x03, 0x7a, 0x28, 0x87, 0x76, 0x80, 0x87, 0x19, 0xd1, 0x43, 0x0e, // .!.|p.z(.v....C.
	0xf8, 0xe0, 0x06, 0xe4, 0x20, 0x0e, 0xe7, 0xe0, 0x06, 0xf6, 0x10, 0x0e, 0xf2, 0xc0, 0x0e, 0xe1, // .... ...........
	0x90, 0x0f, 0xef, 0x50, 0x0f, 0xf4, 0x00, 0x00, 0x00, 0x71, 0x20, 0x00, 0x00, 0x21, 0x00, 0x00, // ...P.....q ..!..
	0x00, 0x56, 0xb0, 0x0d, 0x97, 0xef, 0x3c, 0xbe, 0x10, 0x50, 0x45, 0x41, 0x44, 0xa5, 0x03, 0x0c, // .V....<..PEAD...
	0x25, 0x61, 0x00, 0x02, 0xe6, 0x17, 0xb7, 0x6d, 0x07, 0xd2, 0x70, 0xf9, 0xce, 0xe3, 0x0b, 0x11, // %a.....m..p.....
	0x01, 0x4c, 0x44, 0x08, 0x34, 0xc3, 0x42, 0x58, 0xc0, 0x34, 0x5c, 0xbe, 0xf3, 0xf8, 0x8b, 0x03, // .LD.4.BX.4......
	0x0c, 0x62, 0xf3, 0x50, 0x93, 0x5f, 0xdc, 0xb6, 0x09, 0x4c, 0xc3, 0xe5, 0x3b, 0x8f, 0xbf, 0x38, // .b.P._...L..;..8
	0xc0, 0x20, 0x36, 0x0f, 0x35, 0xf9, 0xc8, 0x6d, 0xdb, 0x40, 0x35, 0x5c, 0xbe, 0xf3, 0xf8, 0xd2, // . 6.5..m.@5.....
	0xe4, 0x44, 0x04, 0x4a, 0x4d, 0x0f, 0x35, 0xf9, 0xc5, 0x6d, 0x1b, 0x41, 0x35, 0x5c, 0xbe, 0xf3, // .D.JM.5..m.A5...
	0xf8, 0xd2, 0xe4, 0x44, 0x04, 0x4a, 0x4d, 0x0f, 0x35, 0xf9, 0xc8, 0x6d, 0x9b, 0x81, 0x34, 0x5c, // ...D.JM.5..m..4.
	0xbe, 0xf3, 0xf8, 0x13, 0x11, 0x4d, 0x08, 0x10, 0x61, 0x7e, 0x71, 0xdb, 0x06, 0x40, 0x30, 0x00, // .....M..a~q..@0.
	0xd2, 0x00, 0x00, 0x00, 0x00, 0x61, 0x20, 0x00, 0x00, 0x7f, 0x00, 0x00, 0x00, 0x13, 0x04, 0x41, // .....a ........A
	0x2c, 0x10, 0x00, 0x00, 0x00, 0x08, 0x00, 0x00, 0x00, 0x54, 0x47, 0x00, 0x88, 0x94, 0x5c, 0x71, // ,........TG....q
	0x95, 0xc2, 0x0c, 0x40, 0xd9, 0xd1, 0x18, 0x23, 0x00, 0x41, 0x10, 0xc4, 0xbf, 0x11, 0x80, 0x31, // ...@...#.A.....1
	0x02, 0x10, 0x04, 0x41, 0x10, 0x14, 0x00, 0x00, 0x00, 0x23, 0x06, 0x09, 0x00, 0x82, 0x60, 0x60, // ...A.....#....``
	0x79, 0x08, 0xc4, 0x71, 0xc9, 0x88, 0x41, 0x02, 0x80, 0x20, 0x18, 0x20, 0x64, 0x50, 0x65, 0xdd, // y..q..A.. . dPe.
	0x64, 0x8c, 0x18, 0x24, 0x00, 0x08, 0x82, 0x81, 0x61, 0x06, 0x16, 0xe6, 0x51, 0xc7, 0x88, 0x41, // d..$....a...Q..A
	0x02, 0x80, 0x20, 0x18, 0x18, 0x67, 0x70, 0x65, 0x5f, 0x84, 0x8c, 0x18, 0x24, 0x00, 0x08, 0x82, // .. ..gpe_...$...
	0x81, 0x81, 0x06, 0x58, 0x18, 0x80, 0x81, 0x95, 0x8c, 0x18, 0x24, 0x00, 0x08, 0x82, 0x81, 0x91, // ...X......$.....
	0x06, 0x99, 0x18, 0x84, 0xc1, 0xa4, 0x8c, 0x18, 0x24, 0x00, 0x08, 0x82, 0x81, 0xa1, 0x06, 0xda, // ........$.......
	0x18, 0x88, 0x81, 0xb5, 0x8c, 0x18, 0x24, 0x00, 0x08, 0x82, 0x81, 0xb1, 0x06, 0xdb, 0x18, 0x8c, // ......$.........
	0x41, 0xc6, 0x8c, 0x18, 0x24, 0x00, 0x08, 0x82, 0x81, 0xc1, 0x06, 0x1c, 0x19, 0x90, 0x81, 0xd5, // A...$...........
	0x8c, 0x18, 0x24, 0x00, 0x08, 0x82, 0x81, 0xd1, 0x06, 0x5d, 0x19, 0x94, 0x41, 0xe6, 0x0c, 0x37, // ..$......]..A..7
	0x24, 0x66, 0x00, 0x06, 0x23, 0x06, 0x07, 0x00, 0x82, 0x60, 0x10, 0xad, 0xc1, 0xb3, 0x7c, 0xa3, // $f..#....`....|.
	0x09, 0x01, 0x60, 0x4e, 0x10, 0x9f, 0xe9, 0x06, 0x21, 0x20, 0x6c, 0x09, 0xe0, 0x33, 0x62, 0x70, // ..`N....! l..3bp
	0x00, 0x20, 0x08, 0x06, 0x11, 0x1c, 0x50, 0x10, 0x1b, 0x8c, 0x26, 0x04, 0xc0, 0x68, 0x82, 0x10, // . ....P...&..h..
	0x8c, 0x18, 0x1c, 0x00, 0x08, 0x82, 0x41, 0x34, 0x07, 0xd7, 0x04, 0x07, 0xa3, 0x09, 0x01, 0x30, // ......A4.......0
	0x9a, 0x20, 0x04, 0x23, 0x06, 0x07, 0x00, 0x82, 0x60, 0x10, 0xd9, 0x81, 0x66, 0xb9, 0xc1, 0x68, // . .#....`...f..h
	0x42, 0x00, 0x8c, 0x26, 0x08, 0x81, 0x21, 0x8a, 0x7c, 0x46, 0x0c, 0x10, 0x00, 0x04, 0xc1, 0x60, // B..&..!.|F.....`
	0xca, 0x83, 0x30, 0x30, 0xaa, 0xc0, 0x88, 0x00, 0x3a, 0xa6, 0x34, 0xf2, 0x19, 0x31, 0x40, 0x00, // ..00....:.4..1@.
	0x10, 0x04, 0x83, 0x89, 0x0f, 0xc8, 0x00, 0xc1, 0x02, 0x0b, 0x0c, 0xe8, 0x8c, 0x18, 0x24, 0x00, // ..............$.
	0x08, 0x82, 0x81, 0x12, 0x0a, 0x65, 0xb0, 0x07, 0x7b, 0x10, 0x07, 0xc4, 0x88, 0x41, 0x02, 0x80, // .....e..{....A..
	0x20, 0x18, 0x28, 0xa1, 0x50, 0x06, 0x7b, 0xb0, 0x07, 0x6d, 0x10, 0x8c, 0x18, 0x24, 0x00, 0x08, //  .(.P.{..m...$..
	0x82, 0x81, 0x12, 0x0a, 0x65, 0xb0, 0x07, 0x7b, 0xf0, 0x06, 0x61, 0x30, 0x62, 0x90, 0x00, 0x20, // ....e..{..a0b.. 
	0x08, 0x06, 0x4a, 0x28, 0x94, 0xc1, 0x1e, 0xec, 0x01, 0x1c, 0x88, 0xc1, 0x88, 0x41, 0x02, 0x80, // ..J(.........A..
	0x20, 0x18, 0x28, 0xa1, 0x50, 0x06, 0x7c, 0xb0, 0x07, 0x71, 0x80, 0x8d, 0x18, 0x24, 0x00, 0x08, //  .(.P.|..q...$..
	0x82, 0x81, 0x12, 0x0a, 0x65, 0xc0, 0x07, 0x7b, 0xd0, 0x06, 0xd7, 0x88, 0x41, 0x02, 0x80, 0x20, // ....e..{....A.. 
	0x18, 0x28, 0xa1, 0x50, 0x06, 0x7c, 0xb0, 0x07, 0x6f, 0x60, 0x8d, 0x18, 0x24, 0x00, 0x08, 0x82, // .(.P.|..o`..$...
	0x81, 0x12, 0x0a, 0x65, 0xc0, 0x07, 0x7b, 0x00, 0x07, 0xd9, 0x88, 0x41, 0x02, 0x80, 0x20, 0x18, // ...e..{....A.. .
	0x28, 0xa1, 0x50, 0x06, 0x75, 0xb0, 0x07, 0x71, 0xd0, 0x8d, 0x18, 0x24, 0x00, 0x08, 0x82, 0x81, // (.P.u..q...$....
	0x12, 0x0a, 0x65, 0x50, 0x07, 0x7b, 0xd0, 0x06, 0xdc, 0x88, 0x41, 0x02, 0x80, 0x20, 0x18, 0x28, // ..eP.{....A.. .(
	0xa1, 0x50, 0x06, 0x77, 0xb0, 0x07, 0x71, 0xb0, 0x8d, 0x18, 0x24, 0x00, 0x08, 0x82, 0x81, 0x12, // .P.w..q...$.....
	0x0a, 0x65, 0x70, 0x07, 0x7b, 0xd0, 0x06, 0xda, 0x88, 0x41, 0x02, 0x80, 0x20, 0x18, 0x30, 0xa0, // .ep.{....A.. .0.
	0x50, 0x06, 0x73, 0xb0, 0x07, 0x71, 0xe0, 0x21, 0x00, 0x00, 0x00, 0x00, 0x00, 0x00, 0x03, 0x02, // P.s..q.!........
	0x00, 0x01, 0x00, 0x10, 0x00, 0x50, 0x00,                                                       // .....P.
};
static const uint8_t vs_imgui_st_spv[2229] =
{
	0x56, 0x53, 0x48, 0x0c, 0x00, 0x00, 0x00, 0x00, 0x4f, 0x45, 0x98, 0x49, 0x00, 0x00, 0x00, 0x00, // VSH.....OE.I....
	0x00, 0x00, 0x00, 0x00, 0x02, 0x00, 0x11, 0x73, 0x74, 0x61, 0x74, 0x69, 0x63, 0x43, 0x6f, 0x6c, // .......staticCol
	0x6f, 0x72, 0x5f, 0x41, 0x6c, 0x70, 0x68, 0x61, 0x02, 0x01, 0x40, 0x00, 0x01, 0x00, 0x00, 0x00, // or_Alpha..@.....
	0x00, 0x00, 0x0c, 0x6d, 0x61, 0x74, 0x57, 0x6f, 0x72, 0x6c, 0x64, 0x56, 0x69, 0x65, 0x77, 0x04, // ...matWorldView.
	0x01, 0x00, 0x00, 0x04, 0x00, 0x00, 0x00, 0x00, 0x00, 0x5c, 0x08, 0x00, 0x00, 0x03, 0x02, 0x23, // ...............#
	0x07, 0x00, 0x00, 0x01, 0x00, 0x0b, 0x00, 0x08, 0x00, 0x08, 0x01, 0x00, 0x00, 0x00, 0x00, 0x00, // ................
	0x00, 0x11, 0x00, 0x02, 0x00, 0x01, 0x00, 0x00, 0x00, 0x11, 0x00, 0x02, 0x00, 0x86, 0x14, 0x00, // ................
	0x00, 0x0a, 0x00, 0x0a, 0x00, 0x53, 0x50, 0x56, 0x5f, 0x45, 0x58, 0x54, 0x5f, 0x73, 0x68, 0x61, // .....SPV_EXT_sha
	0x64, 0x65, 0x72, 0x5f, 0x76, 0x69, 0x65, 0x77, 0x70, 0x6f, 0x72, 0x74, 0x5f, 0x69, 0x6e, 0x64, // der_viewport_ind
	0x65, 0x78, 0x5f, 0x6c, 0x61, 0x79, 0x65, 0x72, 0x00, 0x0b, 0x00, 0x06, 0x00, 0x01, 0x00, 0x00, // ex_layer........
	0x00, 0x47, 0x4c, 0x53, 0x4c, 0x2e, 0x73, 0x74, 0x64, 0x2e, 0x34, 0x35, 0x30, 0x00, 0x00, 0x00, // .GLSL.std.450...
	0x00, 0x0e, 0x00, 0x03, 0x00, 0x00, 0x00, 0x00, 0x00, 0x01, 0x00, 0x00, 0x00, 0x0f, 0x00, 0x0e, // ................
	0x00, 0x00, 0x00, 0x00, 0x00, 0x04, 0x00, 0x00, 0x00, 0x6d, 0x61, 0x69, 0x6e, 0x00, 0x00, 0x00, // .........main...
	0x00, 0x67, 0x00, 0x00, 0x00, 0x6a, 0x00, 0x00, 0x00, 0x6e, 0x00, 0x00, 0x00, 0x72, 0x00, 0x00, // .g...j...n...r..
	0x00, 0x7f, 0x00, 0x00, 0x00, 0x82, 0x00, 0x00, 0x00, 0x86, 0x00, 0x00, 0x00, 0x89, 0x00, 0x00, // ................
	0x00, 0x8d, 0x00, 0x00, 0x00, 0x03, 0x00, 0x03, 0x00, 0x05, 0x00, 0x00, 0x00, 0xf4, 0x01, 0x00, // ................
	0x00, 0x05, 0x00, 0x04, 0x00, 0x04, 0x00, 0x00, 0x00, 0x6d, 0x61, 0x69, 0x6e, 0x00, 0x00, 0x00, // .........main...
	0x00, 0x05, 0x00, 0x06, 0x00, 0x34, 0x00, 0x00, 0x00, 0x55, 0x6e, 0x69, 0x66, 0x6f, 0x72, 0x6d, // .....4...Uniform
	0x42, 0x6c, 0x6f, 0x63, 0x6b, 0x00, 0x00, 0x00, 0x00, 0x06, 0x00, 0x07, 0x00, 0x34, 0x00, 0x00, // Block........4..
	0x00, 0x00, 0x00, 0x00, 0x00, 0x6d, 0x61, 0x74, 0x57, 0x6f, 0x72, 0x6c, 0x64, 0x56, 0x69, 0x65, // .....matWorldVie
	0x77, 0x00, 0x00, 0x00, 0x00, 0x06, 0x00, 0x08, 0x00, 0x34, 0x00, 0x00, 0x00, 0x01, 0x00, 0x00, // w........4......
	0x00, 0x73, 0x74, 0x61, 0x74, 0x69, 0x63, 0x43, 0x6f, 0x6c, 0x6f, 0x72, 0x5f, 0x41, 0x6c, 0x70, // .staticColor_Alp
	0x68, 0x61, 0x00, 0x00, 0x00, 0x05, 0x00, 0x03, 0x00, 0x36, 0x00, 0x00, 0x00, 0x00, 0x00, 0x00, // ha.......6......
	0x00, 0x05, 0x00, 0x05, 0x00, 0x67, 0x00, 0x00, 0x00, 0x61, 0x5f, 0x6e, 0x6f, 0x72, 0x6d, 0x61, // .....g...a_norma
	0x6c, 0x00, 0x00, 0x00, 0x00, 0x05, 0x00, 0x05, 0x00, 0x6a, 0x00, 0x00, 0x00, 0x61, 0x5f, 0x70, // l........j...a_p
	0x6f, 0x73, 0x69, 0x74, 0x69, 0x6f, 0x6e, 0x00, 0x00, 0x05, 0x00, 0x05, 0x00, 0x6e, 0x00, 0x00, // osition......n..
	0x00, 0x61, 0x5f, 0x74, 0x65, 0x78, 0x63, 0x6f, 0x6f, 0x72, 0x64, 0x30, 0x00, 0x05, 0x00, 0x06, // .a_texcoord0....
	0x00, 0x72, 0x00, 0x00, 0x00, 0x67, 0x6c, 0x5f, 0x49, 0x6e, 0x73, 0x74, 0x61, 0x6e, 0x63, 0x65, // .r...gl_Instance
	0x49, 0x44, 0x00, 0x00, 0x00, 0x05, 0x00, 0x0a, 0x00, 0x7f, 0x00, 0x00, 0x00, 0x40, 0x65, 0x6e, // ID...........@en
	0x74, 0x72, 0x79, 0x50, 0x6f, 0x69, 0x6e, 0x74, 0x4f, 0x75, 0x74, 0x70, 0x75, 0x74, 0x2e, 0x67, // tryPointOutput.g
	0x6c, 0x5f, 0x50, 0x6f, 0x73, 0x69, 0x74, 0x69, 0x6f, 0x6e, 0x00, 0x00, 0x00, 0x05, 0x00, 0x09, // l_Position......
	0x00, 0x82, 0x00, 0x00, 0x00, 0x40, 0x65, 0x6e, 0x74, 0x72, 0x79, 0x50, 0x6f, 0x69, 0x6e, 0x74, // .....@entryPoint
	0x4f, 0x75, 0x74, 0x70, 0x75, 0x74, 0x2e, 0x76, 0x5f, 0x63, 0x6f, 0x6c, 0x6f, 0x72, 0x30, 0x00, // Output.v_color0.
	0x00, 0x05, 0x00, 0x0a, 0x00, 0x86, 0x00, 0x00, 0x00, 0x40, 0x65, 0x6e, 0x74, 0x72, 0x79, 0x50, // .........@entryP
	0x6f, 0x69, 0x6e, 0x74, 0x4f, 0x75, 0x74, 0x70, 0x75, 0x74, 0x2e, 0x76, 0x5f, 0x74, 0x65, 0x78, // ointOutput.v_tex
	0x63, 0x6f, 0x6f, 0x72, 0x64, 0x30, 0x00, 0x00, 0x00, 0x05, 0x00, 0x0a, 0x00, 0x89, 0x00, 0x00, // coord0..........
	0x00, 0x40, 0x65, 0x6e, 0x74, 0x72, 0x79, 0x50, 0x6f, 0x69, 0x6e, 0x74, 0x4f, 0x75, 0x74, 0x70, // .@entryPointOutp
	0x75, 0x74, 0x2e, 0x76, 0x5f, 0x74, 0x65, 0x78, 0x63, 0x6f, 0x6f, 0x72, 0x64, 0x31, 0x00, 0x00, // ut.v_texcoord1..
	0x00, 0x05, 0x00, 0x09, 0x00, 0x8d, 0x00, 0x00, 0x00, 0x40, 0x65, 0x6e, 0x74, 0x72, 0x79, 0x50, // .........@entryP
	0x6f, 0x69, 0x6e, 0x74, 0x4f, 0x75, 0x74, 0x70, 0x75, 0x74, 0x2e, 0x67, 0x6c, 0x5f, 0x4c, 0x61, // ointOutput.gl_La
	0x79, 0x65, 0x72, 0x00, 0x00, 0x47, 0x00, 0x03, 0x00, 0x34, 0x00, 0x00, 0x00, 0x02, 0x00, 0x00, // yer..G...4......
	0x00, 0x48, 0x00, 0x04, 0x00, 0x34, 0x00, 0x00, 0x00, 0x00, 0x00, 0x00, 0x00, 0x04, 0x00, 0x00, // .H...4..........
	0x00, 0x48, 0x00, 0x05, 0x00, 0x34, 0x00, 0x00, 0x00, 0x00, 0x00, 0x00, 0x00, 0x07, 0x00, 0x00, // .H...4..........
	0x00, 0x10, 0x00, 0x00, 0x00, 0x48, 0x00, 0x05, 0x00, 0x34, 0x00, 0x00, 0x00, 0x00, 0x00, 0x00, // .....H...4......
	0x00, 0x23, 0x00, 0x00, 0x00, 0x00, 0x00, 0x00, 0x00, 0x48, 0x00, 0x05, 0x00, 0x34, 0x00, 0x00, // .#.......H...4..
	0x00, 0x01, 0x00, 0x00, 0x00, 0x23, 0x00, 0x00, 0x00, 0x40, 0x00, 0x00, 0x00, 0x47, 0x00, 0x04, // .....#...@...G..
	0x00, 0x36, 0x00, 0x00, 0x00, 0x21, 0x00, 0x00, 0x00, 0x00, 0x00, 0x00, 0x00, 0x47, 0x00, 0x04, // .6...!.......G..
	0x00, 0x36, 0x00, 0x00, 0x00, 0x22, 0x00, 0x00, 0x00, 0x00, 0x00, 0x00, 0x00, 0x47, 0x00, 0x04, // .6...".......G..
	0x00, 0x67, 0x00, 0x00, 0x00, 0x1e, 0x00, 0x00, 0x00, 0x00, 0x00, 0x00, 0x00, 0x47, 0x00, 0x04, // .g...........G..
	0x00, 0x6a, 0x00, 0x00, 0x00, 0x1e, 0x00, 0x00, 0x00, 0x01, 0x00, 0x00, 0x00, 0x47, 0x00, 0x04, // .j...........G..
	0x00, 0x6e, 0x00, 0x00, 0x00, 0x1e, 0x00, 0x00, 0x00, 0x02, 0x00, 0x00, 0x00, 0x47, 0x00, 0x04, // .n...........G..
	0x00, 0x72, 0x00, 0x00, 0x00, 0x0b, 0x00, 0x00, 0x00, 0x2b, 0x00, 0x00, 0x00, 0x47, 0x00, 0x04, // .r.......+...G..
	0x00, 0x7f, 0x00, 0x00, 0x00, 0x0b, 0x00, 0x00, 0x00, 0x00, 0x00, 0x00, 0x00, 0x47, 0x00, 0x04, // .............G..
	0x00, 0x82, 0x00, 0x00, 0x00, 0x1e, 0x00, 0x00, 0x00, 0x00, 0x00, 0x00, 0x00, 0x47, 0x00, 0x04, // .............G..
	0x00, 0x86, 0x00, 0x00, 0x00, 0x1e, 0x00, 0x00, 0x00, 0x01, 0x00, 0x00, 0x00, 0x47, 0x00, 0x04, // .............G..
	0x00, 0x89, 0x00, 0x00, 0x00, 0x1e, 0x00, 0x00, 0x00, 0x02, 0x00, 0x00, 0x00, 0x47, 0x00, 0x04, // .............G..
	0x00, 0x8d, 0x00, 0x00, 0x00, 0x0b, 0x00, 0x00, 0x00, 0x09, 0x00, 0x00, 0x00, 0x13, 0x00, 0x02, // ................
	0x00, 0x02, 0x00, 0x00, 0x00, 0x21, 0x00, 0x03, 0x00, 0x03, 0x00, 0x00, 0x00, 0x02, 0x00, 0x00, // .....!..........
	0x00, 0x16, 0x00, 0x03, 0x00, 0x06, 0x00, 0x00, 0x00, 0x20, 0x00, 0x00, 0x00, 0x17, 0x00, 0x04, // ......... ......
	0x00, 0x07, 0x00, 0x00, 0x00, 0x06, 0x00, 0x00, 0x00, 0x03, 0x00, 0x00, 0x00, 0x17, 0x00, 0x04, // ................
	0x00, 0x09, 0x00, 0x00, 0x00, 0x06, 0x00, 0x00, 0x00, 0x02, 0x00, 0x00, 0x00, 0x15, 0x00, 0x04, // ................
	0x00, 0x0b, 0x00, 0x00, 0x00, 0x20, 0x00, 0x00, 0x00, 0x00, 0x00, 0x00, 0x00, 0x17, 0x00, 0x04, // ..... ..........
	0x00, 0x0d, 0x00, 0x00, 0x00, 0x06, 0x00, 0x00, 0x00, 0x04, 0x00, 0x00, 0x00, 0x15, 0x00, 0x04, // ................
	0x00, 0x18, 0x00, 0x00, 0x00, 0x20, 0x00, 0x00, 0x00, 0x01, 0x00, 0x00, 0x00, 0x2b, 0x00, 0x04, // ..... .......+..
	0x00, 0x18, 0x00, 0x00, 0x00, 0x19, 0x00, 0x00, 0x00, 0x01, 0x00, 0x00, 0x00, 0x2b, 0x00, 0x04, // .............+..
	0x00, 0x06, 0x00, 0x00, 0x00, 0x1a, 0x00, 0x00, 0x00, 0x00, 0x00, 0x80, 0x3f, 0x2b, 0x00, 0x04, // ............?+..
	0x00, 0x06, 0x00, 0x00, 0x00, 0x1b, 0x00, 0x00, 0x00, 0x00, 0x00, 0x00, 0x00, 0x2b, 0x00, 0x04, // .............+..
	0x00, 0x0b, 0x00, 0x00, 0x00, 0x2e, 0x00, 0x00, 0x00, 0x00, 0x00, 0x00, 0x00, 0x14, 0x00, 0x02, // ................
	0x00, 0x2f, 0x00, 0x00, 0x00, 0x18, 0x00, 0x04, 0x00, 0x33, 0x00, 0x00, 0x00, 0x0d, 0x00, 0x00, // ./.......3......
	0x00, 0x04, 0x00, 0x00, 0x00, 0x1e, 0x00, 0x04, 0x00, 0x34, 0x00, 0x00, 0x00, 0x33, 0x00, 0x00, // .........4...3..
	0x00, 0x0d, 0x00, 0x00, 0x00, 0x20, 0x00, 0x04, 0x00, 0x35, 0x00, 0x00, 0x00, 0x02, 0x00, 0x00, // ..... ...5......
	0x00, 0x34, 0x00, 0x00, 0x00, 0x3b, 0x00, 0x04, 0x00, 0x35, 0x00, 0x00, 0x00, 0x36, 0x00, 0x00, // .4...;...5...6..
	0x00, 0x02, 0x00, 0x00, 0x00, 0x20, 0x00, 0x04, 0x00, 0x37, 0x00, 0x00, 0x00, 0x02, 0x00, 0x00, // ..... ...7......
	0x00, 0x06, 0x00, 0x00, 0x00, 0x2b, 0x00, 0x04, 0x00, 0x18, 0x00, 0x00, 0x00, 0x4b, 0x00, 0x00, // .....+.......K..
	0x00, 0x00, 0x00, 0x00, 0x00, 0x20, 0x00, 0x04, 0x00, 0x4c, 0x00, 0x00, 0x00, 0x02, 0x00, 0x00, // ..... ...L......
	0x00, 0x33, 0x00, 0x00, 0x00, 0x20, 0x00, 0x04, 0x00, 0x66, 0x00, 0x00, 0x00, 0x01, 0x00, 0x00, // .3... ...f......
	0x00, 0x07, 0x00, 0x00, 0x00, 0x3b, 0x00, 0x04, 0x00, 0x66, 0x00, 0x00, 0x00, 0x67, 0x00, 0x00, // .....;...f...g..
	0x00, 0x01, 0x00, 0x00, 0x00, 0x3b, 0x00, 0x04, 0x00, 0x66, 0x00, 0x00, 0x00, 0x6a, 0x00, 0x00, // .....;...f...j..
	0x00, 0x01, 0x00, 0x00, 0x00, 0x20, 0x00, 0x04, 0x00, 0x6d, 0x00, 0x00, 0x00, 0x01, 0x00, 0x00, // ..... ...m......
	0x00, 0x09, 0x00, 0x00, 0x00, 0x3b, 0x00, 0x04, 0x00, 0x6d, 0x00, 0x00, 0x00, 0x6e, 0x00, 0x00, // .....;...m...n..
	0x00, 0x01, 0x00, 0x00, 0x00, 0x20, 0x00, 0x04, 0x00, 0x71, 0x00, 0x00, 0x00, 0x01, 0x00, 0x00, // ..... ...q......
	0x00, 0x0b, 0x00, 0x00, 0x00, 0x3b, 0x00, 0x04, 0x00, 0x71, 0x00, 0x00, 0x00, 0x72, 0x00, 0x00, // .....;...q...r..
	0x00, 0x01, 0x00, 0x00, 0x00, 0x20, 0x00, 0x04, 0x00, 0x7e, 0x00, 0x00, 0x00, 0x03, 0x00, 0x00, // ..... ...~......
	0x00, 0x0d, 0x00, 0x00, 0x00, 0x3b, 0x00, 0x04, 0x00, 0x7e, 0x00, 0x00, 0x00, 0x7f, 0x00, 0x00, // .....;...~......
	0x00, 0x03, 0x00, 0x00, 0x00, 0x3b, 0x00, 0x04, 0x00, 0x7e, 0x00, 0x00, 0x00, 0x82, 0x00, 0x00, // .....;...~......
	0x00, 0x03, 0x00, 0x00, 0x00, 0x20, 0x00, 0x04, 0x00, 0x85, 0x00, 0x00, 0x00, 0x03, 0x00, 0x00, // ..... ..........
	0x00, 0x09, 0x00, 0x00, 0x00, 0x3b, 0x00, 0x04, 0x00, 0x85, 0x00, 0x00, 0x00, 0x86, 0x00, 0x00, // .....;..........
	0x00, 0x03, 0x00, 0x00, 0x00, 0x3b, 0x00, 0x04, 0x00, 0x85, 0x00, 0x00, 0x00, 0x89, 0x00, 0x00, // .....;..........
	0x00, 0x03, 0x00, 0x00, 0x00, 0x20, 0x00, 0x04, 0x00, 0x8c, 0x00, 0x00, 0x00, 0x03, 0x00, 0x00, // ..... ..........
	0x00, 0x0b, 0x00, 0x00, 0x00, 0x3b, 0x00, 0x04, 0x00, 0x8c, 0x00, 0x00, 0x00, 0x8d, 0x00, 0x00, // .....;..........
	0x00, 0x03, 0x00, 0x00, 0x00, 0x36, 0x00, 0x05, 0x00, 0x02, 0x00, 0x00, 0x00, 0x04, 0x00, 0x00, // .....6..........
	0x00, 0x00, 0x00, 0x00, 0x00, 0x03, 0x00, 0x00, 0x00, 0xf8, 0x00, 0x02, 0x00, 0x05, 0x00, 0x00, // ................
	0x00, 0x3d, 0x00, 0x04, 0x00, 0x07, 0x00, 0x00, 0x00, 0x68, 0x00, 0x00, 0x00, 0x67, 0x00, 0x00, // .=.......h...g..
	0x00, 0x3d, 0x00, 0x04, 0x00, 0x07, 0x00, 0x00, 0x00, 0x6b, 0x00, 0x00, 0x00, 0x6a, 0x00, 0x00, // .=.......k...j..
	0x00, 0x3d, 0x00, 0x04, 0x00, 0x09, 0x00, 0x00, 0x00, 0x6f, 0x00, 0x00, 0x00, 0x6e, 0x00, 0x00, // .=.......o...n..
	0x00, 0x3d, 0x00, 0x04, 0x00, 0x0b, 0x00, 0x00, 0x00, 0x73, 0x00, 0x00, 0x00, 0x72, 0x00, 0x00, // .=.......s...r..
	0x00, 0x4f, 0x00, 0x07, 0x00, 0x09, 0x00, 0x00, 0x00, 0xaa, 0x00, 0x00, 0x00, 0x6b, 0x00, 0x00, // .O...........k..
	0x00, 0x6b, 0x00, 0x00, 0x00, 0x00, 0x00, 0x00, 0x00, 0x01, 0x00, 0x00, 0x00, 0x51, 0x00, 0x05, // .k...........Q..
	0x00, 0x06, 0x00, 0x00, 0x00, 0xae, 0x00, 0x00, 0x00, 0x6b, 0x00, 0x00, 0x00, 0x00, 0x00, 0x00, // .........k......
	0x00, 0x51, 0x00, 0x05, 0x00, 0x06, 0x00, 0x00, 0x00, 0xaf, 0x00, 0x00, 0x00, 0x6b, 0x00, 0x00, // .Q...........k..
	0x00, 0x01, 0x00, 0x00, 0x00, 0x50, 0x00, 0x07, 0x00, 0x0d, 0x00, 0x00, 0x00, 0xb0, 0x00, 0x00, // .....P..........
	0x00, 0xae, 0x00, 0x00, 0x00, 0xaf, 0x00, 0x00, 0x00, 0x1b, 0x00, 0x00, 0x00, 0x1a, 0x00, 0x00, // ................
	0x00, 0xaa, 0x00, 0x05, 0x00, 0x2f, 0x00, 0x00, 0x00, 0xb2, 0x00, 0x00, 0x00, 0x73, 0x00, 0x00, // ...../.......s..
	0x00, 0x2e, 0x00, 0x00, 0x00, 0xf7, 0x00, 0x03, 0x00, 0xc1, 0x00, 0x00, 0x00, 0x00, 0x00, 0x00, // ................
	0x00, 0xfa, 0x00, 0x04, 0x00, 0xb2, 0x00, 0x00, 0x00, 0xb3, 0x00, 0x00, 0x00, 0xba, 0x00, 0x00, // ................
	0x00, 0xf8, 0x00, 0x02, 0x00, 0xb3, 0x00, 0x00, 0x00, 0x41, 0x00, 0x06, 0x00, 0x37, 0x00, 0x00, // .........A...7..
	0x00, 0xb4, 0x00, 0x00, 0x00, 0x36, 0x00, 0x00, 0x00, 0x19, 0x00, 0x00, 0x00, 0x2e, 0x00, 0x00, // .....6..........
	0x00, 0x3d, 0x00, 0x04, 0x00, 0x06, 0x00, 0x00, 0x00, 0xb5, 0x00, 0x00, 0x00, 0xb4, 0x00, 0x00, // .=..............
	0x00, 0x81, 0x00, 0x05, 0x00, 0x06, 0x00, 0x00, 0x00, 0xb8, 0x00, 0x00, 0x00, 0xae, 0x00, 0x00, // ................
	0x00, 0xb5, 0x00, 0x00, 0x00, 0x52, 0x00, 0x06, 0x00, 0x0d, 0x00, 0x00, 0x00, 0x00, 0x01, 0x00, // .....R..........
	0x00, 0xb8, 0x00, 0x00, 0x00, 0xb0, 0x00, 0x00, 0x00, 0x00, 0x00, 0x00, 0x00, 0xf9, 0x00, 0x02, // ................
	0x00, 0xc1, 0x00, 0x00, 0x00, 0xf8, 0x00, 0x02, 0x00, 0xba, 0x00, 0x00, 0x00, 0x41, 0x00, 0x06, // .............A..
	0x00, 0x37, 0x00, 0x00, 0x00, 0xbb, 0x00, 0x00, 0x00, 0x36, 0x00, 0x00, 0x00, 0x19, 0x00, 0x00, // .7.......6......
	0x00, 0x2e, 0x00, 0x00, 0x00, 0x3d, 0x00, 0x04, 0x00, 0x06, 0x00, 0x00, 0x00, 0xbc, 0x00, 0x00, // .....=..........
	0x00, 0xbb, 0x00, 0x00, 0x00, 0x83, 0x00, 0x05, 0x00, 0x06, 0x00, 0x00, 0x00, 0xbf, 0x00, 0x00, // ................
	0x00, 0xae, 0x00, 0x00, 0x00, 0xbc, 0x00, 0x00, 0x00, 0x52, 0x00, 0x06, 0x00, 0x0d, 0x00, 0x00, // .........R......
	0x00, 0x03, 0x01, 0x00, 0x00, 0xbf, 0x00, 0x00, 0x00, 0xb0, 0x00, 0x00, 0x00, 0x00, 0x00, 0x00, // ................
	0x00, 0xf9, 0x00, 0x02, 0x00, 0xc1, 0x00, 0x00, 0x00, 0xf8, 0x00, 0x02, 0x00, 0xc1, 0x00, 0x00, // ................
	0x00, 0xf5, 0x00, 0x07, 0x00, 0x0d, 0x00, 0x00, 0x00, 0x07, 0x01, 0x00, 0x00, 0x00, 0x01, 0x00, // ................
	0x00, 0xb3, 0x00, 0x00, 0x00, 0x03, 0x01, 0x00, 0x00, 0xba, 0x00, 0x00, 0x00, 0x41, 0x00, 0x05, // .............A..
	0x00, 0x4c, 0x00, 0x00, 0x00, 0xc5, 0x00, 0x00, 0x00, 0x36, 0x00, 0x00, 0x00, 0x4b, 0x00, 0x00, // .L.......6...K..
	0x00, 0x3d, 0x00, 0x04, 0x00, 0x33, 0x00, 0x00, 0x00, 0xc6, 0x00, 0x00, 0x00, 0xc5, 0x00, 0x00, // .=...3..........
	0x00, 0x90, 0x00, 0x05, 0x00, 0x0d, 0x00, 0x00, 0x00, 0xc7, 0x00, 0x00, 0x00, 0x07, 0x01, 0x00, // ................
	0x00, 0xc6, 0x00, 0x00, 0x00, 0x51, 0x00, 0x05, 0x00, 0x06, 0x00, 0x00, 0x00, 0xc9, 0x00, 0x00, // .....Q..........
	0x00, 0xc7, 0x00, 0x00, 0x00, 0x00, 0x00, 0x00, 0x00, 0x51, 0x00, 0x05, 0x00, 0x06, 0x00, 0x00, // .........Q......
	0x00, 0xcb, 0x00, 0x00, 0x00, 0xc7, 0x00, 0x00, 0x00, 0x01, 0x00, 0x00, 0x00, 0x50, 0x00, 0x07, // .............P..
	0x00, 0x0d, 0x00, 0x00, 0x00, 0xcc, 0x00, 0x00, 0x00, 0xc9, 0x00, 0x00, 0x00, 0xcb, 0x00, 0x00, // ................
	0x00, 0x1b, 0x00, 0x00, 0x00, 0x1a, 0x00, 0x00, 0x00, 0x51, 0x00, 0x05, 0x00, 0x06, 0x00, 0x00, // .........Q......
	0x00, 0xd2, 0x00, 0x00, 0x00, 0x6b, 0x00, 0x00, 0x00, 0x02, 0x00, 0x00, 0x00, 0x51, 0x00, 0x05, // .....k.......Q..
	0x00, 0x06, 0x00, 0x00, 0x00, 0xd3, 0x00, 0x00, 0x00, 0x68, 0x00, 0x00, 0x00, 0x00, 0x00, 0x00, // .........h......
	0x00, 0x51, 0x00, 0x05, 0x00, 0x06, 0x00, 0x00, 0x00, 0xd4, 0x00, 0x00, 0x00, 0x68, 0x00, 0x00, // .Q...........h..
	0x00, 0x01, 0x00, 0x00, 0x00, 0x51, 0x00, 0x05, 0x00, 0x06, 0x00, 0x00, 0x00, 0xd5, 0x00, 0x00, // .....Q..........
	0x00, 0x68, 0x00, 0x00, 0x00, 0x02, 0x00, 0x00, 0x00, 0x50, 0x00, 0x07, 0x00, 0x0d, 0x00, 0x00, // .h.......P......
	0x00, 0xd6, 0x00, 0x00, 0x00, 0xd3, 0x00, 0x00, 0x00, 0xd4, 0x00, 0x00, 0x00, 0xd5, 0x00, 0x00, // ................
	0x00, 0xd2, 0x00, 0x00, 0x00, 0x3e, 0x00, 0x03, 0x00, 0x7f, 0x00, 0x00, 0x00, 0xcc, 0x00, 0x00, // .....>..........
	0x00, 0x3e, 0x00, 0x03, 0x00, 0x82, 0x00, 0x00, 0x00, 0xd6, 0x00, 0x00, 0x00, 0x3e, 0x00, 0x03, // .>...........>..
	0x00, 0x86, 0x00, 0x00, 0x00, 0x6f, 0x00, 0x00, 0x00, 0x3e, 0x00, 0x03, 0x00, 0x89, 0x00, 0x00, // .....o...>......
	0x00, 0xaa, 0x00, 0x00, 0x00, 0x3e, 0x00, 0x03, 0x00, 0x8d, 0x00, 0x00, 0x00, 0x73, 0x00, 0x00, // .....>.......s..
	0x00, 0xfd, 0x00, 0x01, 0x00, 0x38, 0x00, 0x01, 0x00, 0x00, 0x04, 0x02, 0x00, 0x01, 0x00, 0x10, // .....8..........
	0x00, 0xff, 0xff, 0x50, 0x00,                                                                   // ...P.
};
static const bgfx::EmbeddedShader vs_imgui_st = BGFX_EMBEDDED_SHADER(vs_imgui_st);

//////////////////////////////////////////////////////////////////////////////////////////////////////////////////////
// Build of fragment shader from fs_imgui.sc to fs_imgui_st with options: STEREO
static const uint8_t fs_imgui_st_mtl[3335] =
{
	0x46, 0x53, 0x48, 0x0c, 0x4f, 0x45, 0x98, 0x49, 0x00, 0x00, 0x00, 0x00, 0x00, 0x00, 0x00, 0x00, // FSH.OE.I........
	0x00, 0x00, 0x00, 0x00, 0x05, 0x00, 0x15, 0x74, 0x65, 0x78, 0x5f, 0x62, 0x61, 0x73, 0x65, 0x5f, // .......tex_base_
	0x63, 0x6f, 0x6c, 0x6f, 0x72, 0x53, 0x61, 0x6d, 0x70, 0x6c, 0x65, 0x72, 0x11, 0x01, 0xff, 0xff, // colorSampler....
	0x01, 0x00, 0x00, 0x00, 0x00, 0x00, 0x15, 0x74, 0x65, 0x78, 0x5f, 0x62, 0x61, 0x73, 0x65, 0x5f, // .......tex_base_
	0x63, 0x6f, 0x6c, 0x6f, 0x72, 0x54, 0x65, 0x78, 0x74, 0x75, 0x72, 0x65, 0x11, 0x01, 0xff, 0xff, // colorTexture....
	0x01, 0x00, 0x00, 0x00, 0x00, 0x00, 0x0a, 0x63, 0x6c, 0x69, 0x70, 0x5f, 0x70, 0x6c, 0x61, 0x6e, // .......clip_plan
	0x65, 0x12, 0x01, 0x00, 0x00, 0x01, 0x00, 0x00, 0x00, 0x00, 0x00, 0x11, 0x73, 0x74, 0x61, 0x74, // e...........stat
	0x69, 0x63, 0x43, 0x6f, 0x6c, 0x6f, 0x72, 0x5f, 0x41, 0x6c, 0x70, 0x68, 0x61, 0x12, 0x01, 0x10, // icColor_Alpha...
	0x00, 0x01, 0x00, 0x00, 0x00, 0x00, 0x00, 0x0e, 0x74, 0x65, 0x78, 0x5f, 0x62, 0x61, 0x73, 0x65, // ........tex_base
	0x5f, 0x63, 0x6f, 0x6c, 0x6f, 0x72, 0x10, 0x00, 0x00, 0x00, 0x00, 0x00, 0x00, 0x02, 0x00, 0x00, // _color..........
	0x5f, 0x0c, 0x00, 0x00, 0x23, 0x69, 0x6e, 0x63, 0x6c, 0x75, 0x64, 0x65, 0x20, 0x3c, 0x6d, 0x65, // _...#include <me
	0x74, 0x61, 0x6c, 0x5f, 0x73, 0x74, 0x64, 0x6c, 0x69, 0x62, 0x3e, 0x0a, 0x23, 0x69, 0x6e, 0x63, // tal_stdlib>.#inc
	0x6c, 0x75, 0x64, 0x65, 0x20, 0x3c, 0x73, 0x69, 0x6d, 0x64, 0x2f, 0x73, 0x69, 0x6d, 0x64, 0x2e, // lude <simd/simd.
	0x68, 0x3e, 0x0a, 0x0a, 0x75, 0x73, 0x69, 0x6e, 0x67, 0x20, 0x6e, 0x61, 0x6d, 0x65, 0x73, 0x70, // h>..using namesp
	0x61, 0x63, 0x65, 0x20, 0x6d, 0x65, 0x74, 0x61, 0x6c, 0x3b, 0x0a, 0x0a, 0x73, 0x74, 0x72, 0x75, // ace metal;..stru
	0x63, 0x74, 0x20, 0x5f, 0x47, 0x6c, 0x6f, 0x62, 0x61, 0x6c, 0x0a, 0x7b, 0x0a, 0x20, 0x20, 0x20, // ct _Global.{.   
	0x20, 0x66, 0x6c, 0x6f, 0x61, 0x74, 0x34, 0x20, 0x63, 0x6c, 0x69, 0x70, 0x5f, 0x70, 0x6c, 0x61, //  float4 clip_pla
	0x6e, 0x65, 0x3b, 0x0a, 0x20, 0x20, 0x20, 0x20, 0x66, 0x6c, 0x6f, 0x61, 0x74, 0x34, 0x20, 0x73, // ne;.    float4 s
	0x74, 0x61, 0x74, 0x69, 0x63, 0x43, 0x6f, 0x6c, 0x6f, 0x72, 0x5f, 0x41, 0x6c, 0x70, 0x68, 0x61, // taticColor_Alpha
	0x3b, 0x0a, 0x7d, 0x3b, 0x0a, 0x0a, 0x73, 0x74, 0x72, 0x75, 0x63, 0x74, 0x20, 0x78, 0x6c, 0x61, // ;.};..struct xla
	0x74, 0x4d, 0x74, 0x6c, 0x4d, 0x61, 0x69, 0x6e, 0x5f, 0x6f, 0x75, 0x74, 0x0a, 0x7b, 0x0a, 0x20, // tMtlMain_out.{. 
	0x20, 0x20, 0x20, 0x66, 0x6c, 0x6f, 0x61, 0x74, 0x34, 0x20, 0x62, 0x67, 0x66, 0x78, 0x5f, 0x46, //    float4 bgfx_F
	0x72, 0x61, 0x67, 0x44, 0x61, 0x74, 0x61, 0x30, 0x20, 0x5b, 0x5b, 0x63, 0x6f, 0x6c, 0x6f, 0x72, // ragData0 [[color
	0x28, 0x30, 0x29, 0x5d, 0x5d, 0x3b, 0x0a, 0x7d, 0x3b, 0x0a, 0x0a, 0x73, 0x74, 0x72, 0x75, 0x63, // (0)]];.};..struc
	0x74, 0x20, 0x78, 0x6c, 0x61, 0x74, 0x4d, 0x74, 0x6c, 0x4d, 0x61, 0x69, 0x6e, 0x5f, 0x69, 0x6e, // t xlatMtlMain_in
	0x0a, 0x7b, 0x0a, 0x20, 0x20, 0x20, 0x20, 0x66, 0x6c, 0x6f, 0x61, 0x74, 0x34, 0x20, 0x76, 0x5f, // .{.    float4 v_
	0x63, 0x6f, 0x6c, 0x6f, 0x72, 0x30, 0x20, 0x5b, 0x5b, 0x75, 0x73, 0x65, 0x72, 0x28, 0x6c, 0x6f, // color0 [[user(lo
	0x63, 0x6e, 0x30, 0x29, 0x5d, 0x5d, 0x3b, 0x0a, 0x20, 0x20, 0x20, 0x20, 0x66, 0x6c, 0x6f, 0x61, // cn0)]];.    floa
	0x74, 0x32, 0x20, 0x76, 0x5f, 0x74, 0x65, 0x78, 0x63, 0x6f, 0x6f, 0x72, 0x64, 0x30, 0x20, 0x5b, // t2 v_texcoord0 [
	0x5b, 0x75, 0x73, 0x65, 0x72, 0x28, 0x6c, 0x6f, 0x63, 0x6e, 0x31, 0x29, 0x5d, 0x5d, 0x3b, 0x0a, // [user(locn1)]];.
	0x20, 0x20, 0x20, 0x20, 0x66, 0x6c, 0x6f, 0x61, 0x74, 0x32, 0x20, 0x76, 0x5f, 0x74, 0x65, 0x78, //     float2 v_tex
	0x63, 0x6f, 0x6f, 0x72, 0x64, 0x31, 0x20, 0x5b, 0x5b, 0x75, 0x73, 0x65, 0x72, 0x28, 0x6c, 0x6f, // coord1 [[user(lo
	0x63, 0x6e, 0x32, 0x29, 0x5d, 0x5d, 0x3b, 0x0a, 0x7d, 0x3b, 0x0a, 0x0a, 0x66, 0x72, 0x61, 0x67, // cn2)]];.};..frag
	0x6d, 0x65, 0x6e, 0x74, 0x20, 0x78, 0x6c, 0x61, 0x74, 0x4d, 0x74, 0x6c, 0x4d, 0x61, 0x69, 0x6e, // ment xlatMtlMain
	0x5f, 0x6f, 0x75, 0x74, 0x20, 0x78, 0x6c, 0x61, 0x74, 0x4d, 0x74, 0x6c, 0x4d, 0x61, 0x69, 0x6e, // _out xlatMtlMain
	0x28, 0x78, 0x6c, 0x61, 0x74, 0x4d, 0x74, 0x6c, 0x4d, 0x61, 0x69, 0x6e, 0x5f, 0x69, 0x6e, 0x20, // (xlatMtlMain_in 
	0x69, 0x6e, 0x20, 0x5b, 0x5b, 0x73, 0x74, 0x61, 0x67, 0x65, 0x5f, 0x69, 0x6e, 0x5d, 0x5d, 0x2c, // in [[stage_in]],
	0x20, 0x63, 0x6f, 0x6e, 0x73, 0x74, 0x61, 0x6e, 0x74, 0x20, 0x5f, 0x47, 0x6c, 0x6f, 0x62, 0x61, //  constant _Globa
	0x6c, 0x26, 0x20, 0x5f, 0x6d, 0x74, 0x6c, 0x5f, 0x75, 0x20, 0x5b, 0x5b, 0x62, 0x75, 0x66, 0x66, // l& _mtl_u [[buff
	0x65, 0x72, 0x28, 0x30, 0x29, 0x5d, 0x5d, 0x2c, 0x20, 0x74, 0x65, 0x78, 0x74, 0x75, 0x72, 0x65, // er(0)]], texture
	0x32, 0x64, 0x3c, 0x66, 0x6c, 0x6f, 0x61, 0x74, 0x3e, 0x20, 0x74, 0x65, 0x78, 0x5f, 0x62, 0x61, // 2d<float> tex_ba
	0x73, 0x65, 0x5f, 0x63, 0x6f, 0x6c, 0x6f, 0x72, 0x20, 0x5b, 0x5b, 0x74, 0x65, 0x78, 0x74, 0x75, // se_color [[textu
	0x72, 0x65, 0x28, 0x30, 0x29, 0x5d, 0x5d, 0x2c, 0x20, 0x73, 0x61, 0x6d, 0x70, 0x6c, 0x65, 0x72, // re(0)]], sampler
	0x20, 0x74, 0x65, 0x78, 0x5f, 0x62, 0x61, 0x73, 0x65, 0x5f, 0x63, 0x6f, 0x6c, 0x6f, 0x72, 0x53, //  tex_base_colorS
	0x61, 0x6d, 0x70, 0x6c, 0x65, 0x72, 0x20, 0x5b, 0x5b, 0x73, 0x61, 0x6d, 0x70, 0x6c, 0x65, 0x72, // ampler [[sampler
	0x28, 0x30, 0x29, 0x5d, 0x5d, 0x29, 0x0a, 0x7b, 0x0a, 0x20, 0x20, 0x20, 0x20, 0x78, 0x6c, 0x61, // (0)]]).{.    xla
	0x74, 0x4d, 0x74, 0x6c, 0x4d, 0x61, 0x69, 0x6e, 0x5f, 0x6f, 0x75, 0x74, 0x20, 0x6f, 0x75, 0x74, // tMtlMain_out out
	0x20, 0x3d, 0x20, 0x7b, 0x7d, 0x3b, 0x0a, 0x20, 0x20, 0x20, 0x20, 0x69, 0x66, 0x20, 0x28, 0x61, //  = {};.    if (a
	0x6e, 0x79, 0x28, 0x69, 0x6e, 0x2e, 0x76, 0x5f, 0x74, 0x65, 0x78, 0x63, 0x6f, 0x6f, 0x72, 0x64, // ny(in.v_texcoord
	0x31, 0x20, 0x3c, 0x20, 0x5f, 0x6d, 0x74, 0x6c, 0x5f, 0x75, 0x2e, 0x63, 0x6c, 0x69, 0x70, 0x5f, // 1 < _mtl_u.clip_
	0x70, 0x6c, 0x61, 0x6e, 0x65, 0x2e, 0x78, 0x79, 0x29, 0x20, 0x7c, 0x7c, 0x20, 0x61, 0x6e, 0x79, // plane.xy) || any
	0x28, 0x69, 0x6e, 0x2e, 0x76, 0x5f, 0x74, 0x65, 0x78, 0x63, 0x6f, 0x6f, 0x72, 0x64, 0x31, 0x20, // (in.v_texcoord1 
	0x3e, 0x20, 0x5f, 0x6d, 0x74, 0x6c, 0x5f, 0x75, 0x2e, 0x63, 0x6c, 0x69, 0x70, 0x5f, 0x70, 0x6c, // > _mtl_u.clip_pl
	0x61, 0x6e, 0x65, 0x2e, 0x7a, 0x77, 0x29, 0x29, 0x0a, 0x20, 0x20, 0x20, 0x20, 0x7b, 0x0a, 0x20, // ane.zw)).    {. 
	0x20, 0x20, 0x20, 0x20, 0x20, 0x20, 0x20, 0x64, 0x69, 0x73, 0x63, 0x61, 0x72, 0x64, 0x5f, 0x66, //        discard_f
	0x72, 0x61, 0x67, 0x6d, 0x65, 0x6e, 0x74, 0x28, 0x29, 0x3b, 0x0a, 0x20, 0x20, 0x20, 0x20, 0x7d, // ragment();.    }
	0x0a, 0x20, 0x20, 0x20, 0x20, 0x66, 0x6c, 0x6f, 0x61, 0x74, 0x34, 0x20, 0x5f, 0x33, 0x36, 0x35, // .    float4 _365
	0x20, 0x3d, 0x20, 0x74, 0x65, 0x78, 0x5f, 0x62, 0x61, 0x73, 0x65, 0x5f, 0x63, 0x6f, 0x6c, 0x6f, //  = tex_base_colo
	0x72, 0x2e, 0x73, 0x61, 0x6d, 0x70, 0x6c, 0x65, 0x28, 0x74, 0x65, 0x78, 0x5f, 0x62, 0x61, 0x73, // r.sample(tex_bas
	0x65, 0x5f, 0x63, 0x6f, 0x6c, 0x6f, 0x72, 0x53, 0x61, 0x6d, 0x70, 0x6c, 0x65, 0x72, 0x2c, 0x20, // e_colorSampler, 
	0x69, 0x6e, 0x2e, 0x76, 0x5f, 0x74, 0x65, 0x78, 0x63, 0x6f, 0x6f, 0x72, 0x64, 0x30, 0x29, 0x3b, // in.v_texcoord0);
	0x0a, 0x20, 0x20, 0x20, 0x20, 0x66, 0x6c, 0x6f, 0x61, 0x74, 0x34, 0x20, 0x5f, 0x33, 0x32, 0x31, // .    float4 _321
	0x20, 0x3d, 0x20, 0x5f, 0x33, 0x36, 0x35, 0x20, 0x2a, 0x20, 0x69, 0x6e, 0x2e, 0x76, 0x5f, 0x63, //  = _365 * in.v_c
	0x6f, 0x6c, 0x6f, 0x72, 0x30, 0x3b, 0x0a, 0x20, 0x20, 0x20, 0x20, 0x66, 0x6c, 0x6f, 0x61, 0x74, // olor0;.    float
	0x34, 0x20, 0x5f, 0x34, 0x37, 0x39, 0x3b, 0x0a, 0x20, 0x20, 0x20, 0x20, 0x69, 0x66, 0x20, 0x28, // 4 _479;.    if (
	0x5f, 0x6d, 0x74, 0x6c, 0x5f, 0x75, 0x2e, 0x73, 0x74, 0x61, 0x74, 0x69, 0x63, 0x43, 0x6f, 0x6c, // _mtl_u.staticCol
	0x6f, 0x72, 0x5f, 0x41, 0x6c, 0x70, 0x68, 0x61, 0x2e, 0x77, 0x20, 0x3e, 0x20, 0x30, 0x2e, 0x30, // or_Alpha.w > 0.0
	0x29, 0x0a, 0x20, 0x20, 0x20, 0x20, 0x7b, 0x0a, 0x20, 0x20, 0x20, 0x20, 0x20, 0x20, 0x20, 0x20, // ).    {.        
	0x66, 0x6c, 0x6f, 0x61, 0x74, 0x20, 0x5f, 0x33, 0x36, 0x38, 0x20, 0x3d, 0x20, 0x5f, 0x33, 0x32, // float _368 = _32
	0x31, 0x2e, 0x78, 0x3b, 0x0a, 0x20, 0x20, 0x20, 0x20, 0x20, 0x20, 0x20, 0x20, 0x66, 0x6c, 0x6f, // 1.x;.        flo
	0x61, 0x74, 0x20, 0x5f, 0x34, 0x37, 0x33, 0x3b, 0x0a, 0x20, 0x20, 0x20, 0x20, 0x20, 0x20, 0x20, // at _473;.       
	0x20, 0x64, 0x6f, 0x0a, 0x20, 0x20, 0x20, 0x20, 0x20, 0x20, 0x20, 0x20, 0x7b, 0x0a, 0x20, 0x20, //  do.        {.  
	0x20, 0x20, 0x20, 0x20, 0x20, 0x20, 0x20, 0x20, 0x20, 0x20, 0x69, 0x66, 0x20, 0x28, 0x5f, 0x33, //           if (_3
	0x36, 0x38, 0x20, 0x3c, 0x3d, 0x20, 0x30, 0x2e, 0x30, 0x34, 0x30, 0x34, 0x34, 0x39, 0x39, 0x39, // 68 <= 0.04044999
	0x39, 0x32, 0x37, 0x32, 0x38, 0x32, 0x33, 0x33, 0x33, 0x33, 0x37, 0x34, 0x30, 0x32, 0x33, 0x34, // 9272823333740234
	0x33, 0x37, 0x35, 0x29, 0x0a, 0x20, 0x20, 0x20, 0x20, 0x20, 0x20, 0x20, 0x20, 0x20, 0x20, 0x20, // 375).           
	0x20, 0x7b, 0x0a, 0x20, 0x20, 0x20, 0x20, 0x20, 0x20, 0x20, 0x20, 0x20, 0x20, 0x20, 0x20, 0x20, //  {.             
	0x20, 0x20, 0x20, 0x5f, 0x34, 0x37, 0x33, 0x20, 0x3d, 0x20, 0x5f, 0x33, 0x36, 0x38, 0x20, 0x2a, //    _473 = _368 *
	0x20, 0x30, 0x2e, 0x30, 0x37, 0x37, 0x33, 0x39, 0x39, 0x33, 0x38, 0x30, 0x35, 0x30, 0x35, 0x30, //  0.0773993805050
	0x38, 0x34, 0x39, 0x39, 0x31, 0x34, 0x35, 0x35, 0x30, 0x37, 0x38, 0x31, 0x32, 0x35, 0x3b, 0x0a, // 84991455078125;.
	0x20, 0x20, 0x20, 0x20, 0x20, 0x20, 0x20, 0x20, 0x20, 0x20, 0x20, 0x20, 0x20, 0x20, 0x20, 0x20, //                 
	0x62, 0x72, 0x65, 0x61, 0x6b, 0x3b, 0x0a, 0x20, 0x20, 0x20, 0x20, 0x20, 0x20, 0x20, 0x20, 0x20, // break;.         
	0x20, 0x20, 0x20, 0x7d, 0x0a, 0x20, 0x20, 0x20, 0x20, 0x20, 0x20, 0x20, 0x20, 0x20, 0x20, 0x20, //    }.           
	0x20, 0x65, 0x6c, 0x73, 0x65, 0x0a, 0x20, 0x20, 0x20, 0x20, 0x20, 0x20, 0x20, 0x20, 0x20, 0x20, //  else.          
	0x20, 0x20, 0x7b, 0x0a, 0x20, 0x20, 0x20, 0x20, 0x20, 0x20, 0x20, 0x20, 0x20, 0x20, 0x20, 0x20, //   {.            
	0x20, 0x20, 0x20, 0x20, 0x5f, 0x34, 0x37, 0x33, 0x20, 0x3d, 0x20, 0x70, 0x6f, 0x77, 0x72, 0x28, //     _473 = powr(
	0x28, 0x5f, 0x33, 0x36, 0x38, 0x20, 0x2a, 0x20, 0x30, 0x2e, 0x39, 0x34, 0x37, 0x38, 0x36, 0x37, // (_368 * 0.947867
	0x32, 0x37, 0x34, 0x32, 0x38, 0x34, 0x33, 0x36, 0x32, 0x37, 0x39, 0x32, 0x39, 0x36, 0x38, 0x37, // 2742843627929687
	0x35, 0x29, 0x20, 0x2b, 0x20, 0x30, 0x2e, 0x30, 0x35, 0x32, 0x31, 0x33, 0x32, 0x36, 0x39, 0x39, // 5) + 0.052132699
	0x36, 0x33, 0x38, 0x36, 0x30, 0x35, 0x31, 0x31, 0x37, 0x37, 0x39, 0x37, 0x38, 0x35, 0x31, 0x35, // 6386051177978515
	0x36, 0x32, 0x35, 0x2c, 0x20, 0x32, 0x2e, 0x34, 0x30, 0x30, 0x30, 0x30, 0x30, 0x30, 0x39, 0x35, // 625, 2.400000095
	0x33, 0x36, 0x37, 0x34, 0x33, 0x31, 0x36, 0x34, 0x30, 0x36, 0x32, 0x35, 0x29, 0x3b, 0x0a, 0x20, // 367431640625);. 
	0x20, 0x20, 0x20, 0x20, 0x20, 0x20, 0x20, 0x20, 0x20, 0x20, 0x20, 0x20, 0x20, 0x20, 0x20, 0x62, //                b
	0x72, 0x65, 0x61, 0x6b, 0x3b, 0x0a, 0x20, 0x20, 0x20, 0x20, 0x20, 0x20, 0x20, 0x20, 0x20, 0x20, // reak;.          
	0x20, 0x20, 0x7d, 0x0a, 0x20, 0x20, 0x20, 0x20, 0x20, 0x20, 0x20, 0x20, 0x20, 0x20, 0x20, 0x20, //   }.            
	0x62, 0x72, 0x65, 0x61, 0x6b, 0x3b, 0x20, 0x2f, 0x2f, 0x20, 0x75, 0x6e, 0x72, 0x65, 0x61, 0x63, // break; // unreac
	0x68, 0x61, 0x62, 0x6c, 0x65, 0x20, 0x77, 0x6f, 0x72, 0x6b, 0x61, 0x72, 0x6f, 0x75, 0x6e, 0x64, // hable workaround
	0x0a, 0x20, 0x20, 0x20, 0x20, 0x20, 0x20, 0x20, 0x20, 0x7d, 0x20, 0x77, 0x68, 0x69, 0x6c, 0x65, // .        } while
	0x28, 0x66, 0x61, 0x6c, 0x73, 0x65, 0x29, 0x3b, 0x0a, 0x20, 0x20, 0x20, 0x20, 0x20, 0x20, 0x20, // (false);.       
	0x20, 0x66, 0x6c, 0x6f, 0x61, 0x74, 0x20, 0x5f, 0x33, 0x37, 0x30, 0x20, 0x3d, 0x20, 0x5f, 0x33, //  float _370 = _3
	0x32, 0x31, 0x2e, 0x79, 0x3b, 0x0a, 0x20, 0x20, 0x20, 0x20, 0x20, 0x20, 0x20, 0x20, 0x66, 0x6c, // 21.y;.        fl
	0x6f, 0x61, 0x74, 0x20, 0x5f, 0x34, 0x37, 0x34, 0x3b, 0x0a, 0x20, 0x20, 0x20, 0x20, 0x20, 0x20, // oat _474;.      
	0x20, 0x20, 0x64, 0x6f, 0x0a, 0x20, 0x20, 0x20, 0x20, 0x20, 0x20, 0x20, 0x20, 0x7b, 0x0a, 0x20, //   do.        {. 
	0x20, 0x20, 0x20, 0x20, 0x20, 0x20, 0x20, 0x20, 0x20, 0x20, 0x20, 0x69, 0x66, 0x20, 0x28, 0x5f, //            if (_
	0x33, 0x37, 0x30, 0x20, 0x3c, 0x3d, 0x20, 0x30, 0x2e, 0x30, 0x34, 0x30, 0x34, 0x34, 0x39, 0x39, // 370 <= 0.0404499
	0x39, 0x39, 0x32, 0x37, 0x32, 0x38, 0x32, 0x33, 0x33, 0x33, 0x33, 0x37, 0x34, 0x30, 0x32, 0x33, // 9927282333374023
	0x34, 0x33, 0x37, 0x35, 0x29, 0x0a, 0x20, 0x20, 0x20, 0x20, 0x20, 0x20, 0x20, 0x20, 0x20, 0x20, // 4375).          
	0x20, 0x20, 0x7b, 0x0a, 0x20, 0x20, 0x20, 0x20, 0x20, 0x20, 0x20, 0x20, 0x20, 0x20, 0x20, 0x20, //   {.            
	0x20, 0x20, 0x20, 0x20, 0x5f, 0x34, 0x37, 0x34, 0x20, 0x3d, 0x20, 0x5f, 0x33, 0x37, 0x30, 0x20, //     _474 = _370 
	0x2a, 0x20, 0x30, 0x2e, 0x30, 0x37, 0x37, 0x33, 0x39, 0x39, 0x33, 0x38, 0x30, 0x35, 0x30, 0x35, // * 0.077399380505
	0x30, 0x38, 0x34, 0x39, 0x39, 0x31, 0x34, 0x35, 0x35, 0x30, 0x37, 0x38, 0x31, 0x32, 0x35, 0x3b, // 084991455078125;
	0x0a, 0x20, 0x20, 0x20, 0x20, 0x20, 0x20, 0x20, 0x20, 0x20, 0x20, 0x20, 0x20, 0x20, 0x20, 0x20, // .               
	0x20, 0x62, 0x72, 0x65, 0x61, 0x6b, 0x3b, 0x0a, 0x20, 0x20, 0x20, 0x20, 0x20, 0x20, 0x20, 0x20, //  break;.        
	0x20, 0x20, 0x20, 0x20, 0x7d, 0x0a, 0x20, 0x20, 0x20, 0x20, 0x20, 0x20, 0x20, 0x20, 0x20, 0x20, //     }.          
	0x20, 0x20, 0x65, 0x6c, 0x73, 0x65, 0x0a, 0x20, 0x20, 0x20, 0x20, 0x20, 0x20, 0x20, 0x20, 0x20, //   else.         
	0x20, 0x20, 0x20, 0x7b, 0x0a, 0x20, 0x20, 0x20, 0x20, 0x20, 0x20, 0x20, 0x20, 0x20, 0x20, 0x20, //    {.           
	0x20, 0x20, 0x20, 0x20, 0x20, 0x5f, 0x34, 0x37, 0x34, 0x20, 0x3d, 0x20, 0x70, 0x6f, 0x77, 0x72, //      _474 = powr
	0x28, 0x28, 0x5f, 0x33, 0x37, 0x30, 0x20, 0x2a, 0x20, 0x30, 0x2e, 0x39, 0x34, 0x37, 0x38, 0x36, // ((_370 * 0.94786
	0x37, 0x32, 0x37, 0x34, 0x32, 0x38, 0x34, 0x33, 0x36, 0x32, 0x37, 0x39, 0x32, 0x39, 0x36, 0x38, // 7274284362792968
	0x37, 0x35, 0x29, 0x20, 0x2b, 0x20, 0x30, 0x2e, 0x30, 0x35, 0x32, 0x31, 0x33, 0x32, 0x36, 0x39, // 75) + 0.05213269
	0x39, 0x36, 0x33, 0x38, 0x36, 0x30, 0x35, 0x31, 0x31, 0x37, 0x37, 0x39, 0x37, 0x38, 0x35, 0x31, // 9638605117797851
	0x35, 0x36, 0x32, 0x35, 0x2c, 0x20, 0x32, 0x2e, 0x34, 0x30, 0x30, 0x30, 0x30, 0x30, 0x30, 0x39, // 5625, 2.40000009
	0x35, 0x33, 0x36, 0x37, 0x34, 0x33, 0x31, 0x36, 0x34, 0x30, 0x36, 0x32, 0x35, 0x29, 0x3b, 0x0a, // 5367431640625);.
	0x20, 0x20, 0x20, 0x20, 0x20, 0x20, 0x20, 0x20, 0x20, 0x20, 0x20, 0x20, 0x20, 0x20, 0x20, 0x20, //                 
	0x62, 0x72, 0x65, 0x61, 0x6b, 0x3b, 0x0a, 0x20, 0x20, 0x20, 0x20, 0x20, 0x20, 0x20, 0x20, 0x20, // break;.         
	0x20, 0x20, 0x20, 0x7d, 0x0a, 0x20, 0x20, 0x20, 0x20, 0x20, 0x20, 0x20, 0x20, 0x20, 0x20, 0x20, //    }.           
	0x20, 0x62, 0x72, 0x65, 0x61, 0x6b, 0x3b, 0x20, 0x2f, 0x2f, 0x20, 0x75, 0x6e, 0x72, 0x65, 0x61, //  break; // unrea
	0x63, 0x68, 0x61, 0x62, 0x6c, 0x65, 0x20, 0x77, 0x6f, 0x72, 0x6b, 0x61, 0x72, 0x6f, 0x75, 0x6e, // chable workaroun
	0x64, 0x0a, 0x20, 0x20, 0x20, 0x20, 0x20, 0x20, 0x20, 0x20, 0x7d, 0x20, 0x77, 0x68, 0x69, 0x6c, // d.        } whil
	0x65, 0x28, 0x66, 0x61, 0x6c, 0x73, 0x65, 0x29, 0x3b, 0x0a, 0x20, 0x20, 0x20, 0x20, 0x20, 0x20, // e(false);.      
	0x20, 0x20, 0x66, 0x6c, 0x6f, 0x61, 0x74, 0x20, 0x5f, 0x33, 0x37, 0x32, 0x20, 0x3d, 0x20, 0x5f, //   float _372 = _
	0x33, 0x32, 0x31, 0x2e, 0x7a, 0x3b, 0x0a, 0x20, 0x20, 0x20, 0x20, 0x20, 0x20, 0x20, 0x20, 0x66, // 321.z;.        f
	0x6c, 0x6f, 0x61, 0x74, 0x20, 0x5f, 0x34, 0x37, 0x35, 0x3b, 0x0a, 0x20, 0x20, 0x20, 0x20, 0x20, // loat _475;.     
	0x20, 0x20, 0x20, 0x64, 0x6f, 0x0a, 0x20, 0x20, 0x20, 0x20, 0x20, 0x20, 0x20, 0x20, 0x7b, 0x0a, //    do.        {.
	0x20, 0x20, 0x20, 0x20, 0x20, 0x20, 0x20, 0x20, 0x20, 0x20, 0x20, 0x20, 0x69, 0x66, 0x20, 0x28, //             if (
	0x5f, 0x33, 0x37, 0x32, 0x20, 0x3c, 0x3d, 0x20, 0x30, 0x2e, 0x30, 0x34, 0x30, 0x34, 0x34, 0x39, // _372 <= 0.040449
	0x39, 0x39, 0x39, 0x32, 0x37, 0x32, 0x38, 0x32, 0x33, 0x33, 0x33, 0x33, 0x37, 0x34, 0x30, 0x32, // 9992728233337402
	0x33, 0x34, 0x33, 0x37, 0x35, 0x29, 0x0a, 0x20, 0x20, 0x20, 0x20, 0x20, 0x20, 0x20, 0x20, 0x20, // 34375).         
	0x20, 0x20, 0x20, 0x7b, 0x0a, 0x20, 0x20, 0x20, 0x20, 0x20, 0x20, 0x20, 0x20, 0x20, 0x20, 0x20, //    {.           
	0x20, 0x20, 0x20, 0x20, 0x20, 0x5f, 0x34, 0x37, 0x35, 0x20, 0x3d, 0x20, 0x5f, 0x33, 0x37, 0x32, //      _475 = _372
	0x20, 0x2a, 0x20, 0x30, 0x2e, 0x30, 0x37, 0x37, 0x33, 0x39, 0x39, 0x33, 0x38, 0x30, 0x35, 0x30, //  * 0.07739938050
	0x35, 0x30, 0x38, 0x34, 0x39, 0x39, 0x31, 0x34, 0x35, 0x35, 0x30, 0x37, 0x38, 0x31, 0x32, 0x35, // 5084991455078125
	0x3b, 0x0a, 0x20, 0x20, 0x20, 0x20, 0x20, 0x20, 0x20, 0x20, 0x20, 0x20, 0x20, 0x20, 0x20, 0x20, // ;.              
	0x20, 0x20, 0x62, 0x72, 0x65, 0x61, 0x6b, 0x3b, 0x0a, 0x20, 0x20, 0x20, 0x20, 0x20, 0x20, 0x20, //   break;.       
	0x20, 0x20, 0x20, 0x20, 0x20, 0x7d, 0x0a, 0x20, 0x20, 0x20, 0x20, 0x20, 0x20, 0x20, 0x20, 0x20, //      }.         
	0x20, 0x20, 0x20, 0x65, 0x6c, 0x73, 0x65, 0x0a, 0x20, 0x20, 0x20, 0x20, 0x20, 0x20, 0x20, 0x20, //    else.        
	0x20, 0x20, 0x20, 0x20, 0x7b, 0x0a, 0x20, 0x20, 0x20, 0x20, 0x20, 0x20, 0x20, 0x20, 0x20, 0x20, //     {.          
	0x20, 0x20, 0x20, 0x20, 0x20, 0x20, 0x5f, 0x34, 0x37, 0x35, 0x20, 0x3d, 0x20, 0x70, 0x6f, 0x77, //       _475 = pow
	0x72, 0x28, 0x28, 0x5f, 0x33, 0x37, 0x32, 0x20, 0x2a, 0x20, 0x30, 0x2e, 0x39, 0x34, 0x37, 0x38, // r((_372 * 0.9478
	0x36, 0x37, 0x32, 0x37, 0x34, 0x32, 0x38, 0x34, 0x33, 0x36, 0x32, 0x37, 0x39, 0x32, 0x39, 0x36, // 6727428436279296
	0x38, 0x37, 0x35, 0x29, 0x20, 0x2b, 0x20, 0x30, 0x2e, 0x30, 0x35, 0x32, 0x31, 0x33, 0x32, 0x36, // 875) + 0.0521326
	0x39, 0x39, 0x36, 0x33, 0x38, 0x36, 0x30, 0x35, 0x31, 0x31, 0x37, 0x37, 0x39, 0x37, 0x38, 0x35, // 9963860511779785
	0x31, 0x35, 0x36, 0x32, 0x35, 0x2c, 0x20, 0x32, 0x2e, 0x34, 0x30, 0x30, 0x30, 0x30, 0x30, 0x30, // 15625, 2.4000000
	0x39, 0x35, 0x33, 0x36, 0x37, 0x34, 0x33, 0x31, 0x36, 0x34, 0x30, 0x36, 0x32, 0x35, 0x29, 0x3b, // 95367431640625);
	0x0a, 0x20, 0x20, 0x20, 0x20, 0x20, 0x20, 0x20, 0x20, 0x20, 0x20, 0x20, 0x20, 0x20, 0x20, 0x20, // .               
	0x20, 0x62, 0x72, 0x65, 0x61, 0x6b, 0x3b, 0x0a, 0x20, 0x20, 0x20, 0x20, 0x20, 0x20, 0x20, 0x20, //  break;.        
	0x20, 0x20, 0x20, 0x20, 0x7d, 0x0a, 0x20, 0x20, 0x20, 0x20, 0x20, 0x20, 0x20, 0x20, 0x20, 0x20, //     }.          
	0x20, 0x20, 0x62, 0x72, 0x65, 0x61, 0x6b, 0x3b, 0x20, 0x2f, 0x2f, 0x20, 0x75, 0x6e, 0x72, 0x65, //   break; // unre
	0x61, 0x63, 0x68, 0x61, 0x62, 0x6c, 0x65, 0x20, 0x77, 0x6f, 0x72, 0x6b, 0x61, 0x72, 0x6f, 0x75, // achable workarou
	0x6e, 0x64, 0x0a, 0x20, 0x20, 0x20, 0x20, 0x20, 0x20, 0x20, 0x20, 0x7d, 0x20, 0x77, 0x68, 0x69, // nd.        } whi
	0x6c, 0x65, 0x28, 0x66, 0x61, 0x6c, 0x73, 0x65, 0x29, 0x3b, 0x0a, 0x20, 0x20, 0x20, 0x20, 0x20, // le(false);.     
	0x20, 0x20, 0x20, 0x66, 0x6c, 0x6f, 0x61, 0x74, 0x33, 0x20, 0x5f, 0x34, 0x33, 0x38, 0x20, 0x3d, //    float3 _438 =
	0x20, 0x70, 0x6f, 0x77, 0x72, 0x28, 0x66, 0x6c, 0x6f, 0x61, 0x74, 0x33, 0x78, 0x33, 0x28, 0x66, //  powr(float3x3(f
	0x6c, 0x6f, 0x61, 0x74, 0x33, 0x28, 0x30, 0x2e, 0x36, 0x32, 0x37, 0x33, 0x39, 0x39, 0x39, 0x38, // loat3(0.62739998
	0x31, 0x30, 0x32, 0x31, 0x38, 0x38, 0x31, 0x31, 0x30, 0x33, 0x35, 0x31, 0x35, 0x36, 0x32, 0x35, // 1021881103515625
	0x2c, 0x20, 0x30, 0x2e, 0x30, 0x36, 0x39, 0x30, 0x39, 0x39, 0x39, 0x39, 0x39, 0x39, 0x36, 0x34, // , 0.069099999964
	0x32, 0x33, 0x37, 0x32, 0x31, 0x33, 0x31, 0x33, 0x34, 0x37, 0x36, 0x35, 0x36, 0x32, 0x35, 0x2c, // 237213134765625,
	0x20, 0x30, 0x2e, 0x30, 0x31, 0x36, 0x34, 0x30, 0x30, 0x30, 0x30, 0x30, 0x30, 0x38, 0x30, 0x34, //  0.0164000000804
	0x36, 0x36, 0x32, 0x37, 0x30, 0x34, 0x34, 0x36, 0x37, 0x37, 0x37, 0x33, 0x34, 0x33, 0x37, 0x35, // 6627044677734375
	0x29, 0x2c, 0x20, 0x66, 0x6c, 0x6f, 0x61, 0x74, 0x33, 0x28, 0x30, 0x2e, 0x33, 0x32, 0x39, 0x32, // ), float3(0.3292
	0x39, 0x39, 0x39, 0x38, 0x36, 0x33, 0x36, 0x32, 0x34, 0x35, 0x37, 0x32, 0x37, 0x35, 0x33, 0x39, // 9998636245727539
	0x30, 0x36, 0x32, 0x35, 0x2c, 0x20, 0x30, 0x2e, 0x39, 0x31, 0x39, 0x34, 0x39, 0x39, 0x39, 0x39, // 0625, 0.91949999
	0x33, 0x33, 0x32, 0x34, 0x32, 0x37, 0x39, 0x37, 0x38, 0x35, 0x31, 0x35, 0x36, 0x32, 0x35, 0x2c, // 332427978515625,
	0x20, 0x30, 0x2e, 0x30, 0x38, 0x37, 0x39, 0x39, 0x39, 0x39, 0x39, 0x39, 0x35, 0x32, 0x33, 0x31, //  0.0879999995231
	0x36, 0x32, 0x38, 0x34, 0x31, 0x37, 0x39, 0x36, 0x38, 0x37, 0x35, 0x29, 0x2c, 0x20, 0x66, 0x6c, // 62841796875), fl
	0x6f, 0x61, 0x74, 0x33, 0x28, 0x30, 0x2e, 0x30, 0x34, 0x33, 0x32, 0x39, 0x39, 0x39, 0x39, 0x39, // oat3(0.043299999
	0x30, 0x38, 0x38, 0x30, 0x34, 0x38, 0x39, 0x33, 0x34, 0x39, 0x33, 0x36, 0x35, 0x32, 0x33, 0x34, // 0880489349365234
	0x33, 0x37, 0x35, 0x2c, 0x20, 0x30, 0x2e, 0x30, 0x31, 0x31, 0x33, 0x30, 0x30, 0x30, 0x30, 0x30, // 375, 0.011300000
	0x33, 0x36, 0x32, 0x30, 0x39, 0x38, 0x32, 0x31, 0x37, 0x30, 0x31, 0x30, 0x34, 0x39, 0x38, 0x30, // 3620982170104980
	0x34, 0x36, 0x38, 0x37, 0x35, 0x2c, 0x20, 0x30, 0x2e, 0x38, 0x39, 0x35, 0x36, 0x30, 0x30, 0x30, // 46875, 0.8956000
	0x32, 0x30, 0x38, 0x38, 0x35, 0x34, 0x36, 0x37, 0x35, 0x32, 0x39, 0x32, 0x39, 0x36, 0x38, 0x37, // 2088546752929687
	0x35, 0x29, 0x29, 0x20, 0x2a, 0x20, 0x28, 0x66, 0x6c, 0x6f, 0x61, 0x74, 0x33, 0x28, 0x5f, 0x34, // 5)) * (float3(_4
	0x37, 0x33, 0x2c, 0x20, 0x5f, 0x34, 0x37, 0x34, 0x2c, 0x20, 0x5f, 0x34, 0x37, 0x35, 0x29, 0x20, // 73, _474, _475) 
	0x2a, 0x20, 0x5f, 0x6d, 0x74, 0x6c, 0x5f, 0x75, 0x2e, 0x73, 0x74, 0x61, 0x74, 0x69, 0x63, 0x43, // * _mtl_u.staticC
	0x6f, 0x6c, 0x6f, 0x72, 0x5f, 0x41, 0x6c, 0x70, 0x68, 0x61, 0x2e, 0x77, 0x29, 0x2c, 0x20, 0x66, // olor_Alpha.w), f
	0x6c, 0x6f, 0x61, 0x74, 0x33, 0x28, 0x30, 0x2e, 0x31, 0x35, 0x39, 0x33, 0x30, 0x31, 0x37, 0x35, // loat3(0.15930175
	0x37, 0x38, 0x31, 0x32, 0x35, 0x29, 0x29, 0x3b, 0x0a, 0x20, 0x20, 0x20, 0x20, 0x20, 0x20, 0x20, // 78125));.       
	0x20, 0x66, 0x6c, 0x6f, 0x61, 0x74, 0x33, 0x20, 0x5f, 0x34, 0x34, 0x39, 0x20, 0x3d, 0x20, 0x70, //  float3 _449 = p
	0x6f, 0x77, 0x72, 0x28, 0x28, 0x66, 0x6c, 0x6f, 0x61, 0x74, 0x33, 0x28, 0x30, 0x2e, 0x38, 0x33, // owr((float3(0.83
	0x35, 0x39, 0x33, 0x37, 0x35, 0x29, 0x20, 0x2b, 0x20, 0x28, 0x5f, 0x34, 0x33, 0x38, 0x20, 0x2a, // 59375) + (_438 *
	0x20, 0x31, 0x38, 0x2e, 0x38, 0x35, 0x31, 0x35, 0x36, 0x32, 0x35, 0x29, 0x29, 0x20, 0x2f, 0x20, //  18.8515625)) / 
	0x28, 0x66, 0x6c, 0x6f, 0x61, 0x74, 0x33, 0x28, 0x31, 0x2e, 0x30, 0x29, 0x20, 0x2b, 0x20, 0x28, // (float3(1.0) + (
	0x5f, 0x34, 0x33, 0x38, 0x20, 0x2a, 0x20, 0x31, 0x38, 0x2e, 0x36, 0x38, 0x37, 0x35, 0x29, 0x29, // _438 * 18.6875))
	0x2c, 0x20, 0x66, 0x6c, 0x6f, 0x61, 0x74, 0x33, 0x28, 0x37, 0x38, 0x2e, 0x38, 0x34, 0x33, 0x37, // , float3(78.8437
	0x35, 0x29, 0x29, 0x3b, 0x0a, 0x20, 0x20, 0x20, 0x20, 0x20, 0x20, 0x20, 0x20, 0x66, 0x6c, 0x6f, // 5));.        flo
	0x61, 0x74, 0x34, 0x20, 0x5f, 0x34, 0x36, 0x33, 0x20, 0x3d, 0x20, 0x5f, 0x33, 0x32, 0x31, 0x3b, // at4 _463 = _321;
	0x0a, 0x20, 0x20, 0x20, 0x20, 0x20, 0x20, 0x20, 0x20, 0x5f, 0x34, 0x36, 0x33, 0x2e, 0x78, 0x20, // .        _463.x 
	0x3d, 0x20, 0x5f, 0x34, 0x34, 0x39, 0x2e, 0x78, 0x3b, 0x0a, 0x20, 0x20, 0x20, 0x20, 0x20, 0x20, // = _449.x;.      
	0x20, 0x20, 0x5f, 0x34, 0x36, 0x33, 0x2e, 0x79, 0x20, 0x3d, 0x20, 0x5f, 0x34, 0x34, 0x39, 0x2e, //   _463.y = _449.
	0x79, 0x3b, 0x0a, 0x20, 0x20, 0x20, 0x20, 0x20, 0x20, 0x20, 0x20, 0x5f, 0x34, 0x36, 0x33, 0x2e, // y;.        _463.
	0x7a, 0x20, 0x3d, 0x20, 0x5f, 0x34, 0x34, 0x39, 0x2e, 0x7a, 0x3b, 0x0a, 0x20, 0x20, 0x20, 0x20, // z = _449.z;.    
	0x20, 0x20, 0x20, 0x20, 0x5f, 0x34, 0x37, 0x39, 0x20, 0x3d, 0x20, 0x5f, 0x34, 0x36, 0x33, 0x3b, //     _479 = _463;
	0x0a, 0x20, 0x20, 0x20, 0x20, 0x7d, 0x0a, 0x20, 0x20, 0x20, 0x20, 0x65, 0x6c, 0x73, 0x65, 0x0a, // .    }.    else.
	0x20, 0x20, 0x20, 0x20, 0x7b, 0x0a, 0x20, 0x20, 0x20, 0x20, 0x20, 0x20, 0x20, 0x20, 0x5f, 0x34, //     {.        _4
	0x37, 0x39, 0x20, 0x3d, 0x20, 0x5f, 0x33, 0x32, 0x31, 0x3b, 0x0a, 0x20, 0x20, 0x20, 0x20, 0x7d, // 79 = _321;.    }
	0x0a, 0x20, 0x20, 0x20, 0x20, 0x6f, 0x75, 0x74, 0x2e, 0x62, 0x67, 0x66, 0x78, 0x5f, 0x46, 0x72, // .    out.bgfx_Fr
	0x61, 0x67, 0x44, 0x61, 0x74, 0x61, 0x30, 0x20, 0x3d, 0x20, 0x5f, 0x34, 0x37, 0x39, 0x3b, 0x0a, // agData0 = _479;.
	0x20, 0x20, 0x20, 0x20, 0x72, 0x65, 0x74, 0x75, 0x72, 0x6e, 0x20, 0x6f, 0x75, 0x74, 0x3b, 0x0a, //     return out;.
	0x7d, 0x0a, 0x0a, 0x00, 0x00, 0x40, 0x00,                                                       // }....@.
};
static const uint8_t fs_imgui_st_essl[3058] =
{
	0x46, 0x53, 0x48, 0x0c, 0x4f, 0x45, 0x98, 0x49, 0x00, 0x00, 0x00, 0x00, 0x00, 0x00, 0x00, 0x00, // FSH.OE.I........
	0x00, 0x00, 0x00, 0x00, 0x03, 0x00, 0x0a, 0x63, 0x6c, 0x69, 0x70, 0x5f, 0x70, 0x6c, 0x61, 0x6e, // .......clip_plan
	0x65, 0x02, 0x01, 0x00, 0x00, 0x01, 0x00, 0x00, 0x00, 0x00, 0x00, 0x11, 0x73, 0x74, 0x61, 0x74, // e...........stat
	0x69, 0x63, 0x43, 0x6f, 0x6c, 0x6f, 0x72, 0x5f, 0x41, 0x6c, 0x70, 0x68, 0x61, 0x02, 0x01, 0x00, // icColor_Alpha...
	0x00, 0x01, 0x00, 0x00, 0x00, 0x00, 0x00, 0x0e, 0x74, 0x65, 0x78, 0x5f, 0x62, 0x61, 0x73, 0x65, // ........tex_base
	0x5f, 0x63, 0x6f, 0x6c, 0x6f, 0x72, 0x00, 0x01, 0x00, 0x00, 0x01, 0x00, 0x00, 0x02, 0x00, 0x00, // _color..........
	0x8d, 0x0b, 0x00, 0x00, 0x70, 0x72, 0x65, 0x63, 0x69, 0x73, 0x69, 0x6f, 0x6e, 0x20, 0x6d, 0x65, // ....precision me
	0x64, 0x69, 0x75, 0x6d, 0x70, 0x20, 0x66, 0x6c, 0x6f, 0x61, 0x74, 0x3b, 0x0a, 0x70, 0x72, 0x65, // diump float;.pre
	0x63, 0x69, 0x73, 0x69, 0x6f, 0x6e, 0x20, 0x68, 0x69, 0x67, 0x68, 0x70, 0x20, 0x69, 0x6e, 0x74, // cision highp int
	0x3b, 0x0a, 0x0a, 0x75, 0x6e, 0x69, 0x66, 0x6f, 0x72, 0x6d, 0x20, 0x68, 0x69, 0x67, 0x68, 0x70, // ;..uniform highp
	0x20, 0x76, 0x65, 0x63, 0x34, 0x20, 0x63, 0x6c, 0x69, 0x70, 0x5f, 0x70, 0x6c, 0x61, 0x6e, 0x65, //  vec4 clip_plane
	0x3b, 0x0a, 0x75, 0x6e, 0x69, 0x66, 0x6f, 0x72, 0x6d, 0x20, 0x68, 0x69, 0x67, 0x68, 0x70, 0x20, // ;.uniform highp 
	0x73, 0x61, 0x6d, 0x70, 0x6c, 0x65, 0x72, 0x32, 0x44, 0x20, 0x74, 0x65, 0x78, 0x5f, 0x62, 0x61, // sampler2D tex_ba
	0x73, 0x65, 0x5f, 0x63, 0x6f, 0x6c, 0x6f, 0x72, 0x3b, 0x0a, 0x75, 0x6e, 0x69, 0x66, 0x6f, 0x72, // se_color;.unifor
	0x6d, 0x20, 0x68, 0x69, 0x67, 0x68, 0x70, 0x20, 0x76, 0x65, 0x63, 0x34, 0x20, 0x73, 0x74, 0x61, // m highp vec4 sta
	0x74, 0x69, 0x63, 0x43, 0x6f, 0x6c, 0x6f, 0x72, 0x5f, 0x41, 0x6c, 0x70, 0x68, 0x61, 0x3b, 0x0a, // ticColor_Alpha;.
	0x0a, 0x69, 0x6e, 0x20, 0x68, 0x69, 0x67, 0x68, 0x70, 0x20, 0x76, 0x65, 0x63, 0x32, 0x20, 0x76, // .in highp vec2 v
	0x5f, 0x74, 0x65, 0x78, 0x63, 0x6f, 0x6f, 0x72, 0x64, 0x31, 0x3b, 0x0a, 0x69, 0x6e, 0x20, 0x68, // _texcoord1;.in h
	0x69, 0x67, 0x68, 0x70, 0x20, 0x76, 0x65, 0x63, 0x32, 0x20, 0x76, 0x5f, 0x74, 0x65, 0x78, 0x63, // ighp vec2 v_texc
	0x6f, 0x6f, 0x72, 0x64, 0x30, 0x3b, 0x0a, 0x69, 0x6e, 0x20, 0x68, 0x69, 0x67, 0x68, 0x70, 0x20, // oord0;.in highp 
	0x76, 0x65, 0x63, 0x34, 0x20, 0x76, 0x5f, 0x63, 0x6f, 0x6c, 0x6f, 0x72, 0x30, 0x3b, 0x0a, 0x6c, // vec4 v_color0;.l
	0x61, 0x79, 0x6f, 0x75, 0x74, 0x28, 0x6c, 0x6f, 0x63, 0x61, 0x74, 0x69, 0x6f, 0x6e, 0x20, 0x3d, // ayout(location =
	0x20, 0x30, 0x29, 0x20, 0x6f, 0x75, 0x74, 0x20, 0x68, 0x69, 0x67, 0x68, 0x70, 0x20, 0x76, 0x65, //  0) out highp ve
	0x63, 0x34, 0x20, 0x62, 0x67, 0x66, 0x78, 0x5f, 0x46, 0x72, 0x61, 0x67, 0x43, 0x6f, 0x6c, 0x6f, // c4 bgfx_FragColo
	0x72, 0x3b, 0x0a, 0x0a, 0x76, 0x6f, 0x69, 0x64, 0x20, 0x6d, 0x61, 0x69, 0x6e, 0x28, 0x29, 0x0a, // r;..void main().
	0x7b, 0x0a, 0x20, 0x20, 0x20, 0x20, 0x62, 0x6f, 0x6f, 0x6c, 0x20, 0x5f, 0x31, 0x34, 0x33, 0x20, // {.    bool _143 
	0x3d, 0x20, 0x61, 0x6e, 0x79, 0x28, 0x6c, 0x65, 0x73, 0x73, 0x54, 0x68, 0x61, 0x6e, 0x28, 0x76, // = any(lessThan(v
	0x5f, 0x74, 0x65, 0x78, 0x63, 0x6f, 0x6f, 0x72, 0x64, 0x31, 0x2c, 0x20, 0x63, 0x6c, 0x69, 0x70, // _texcoord1, clip
	0x5f, 0x70, 0x6c, 0x61, 0x6e, 0x65, 0x2e, 0x78, 0x79, 0x29, 0x29, 0x3b, 0x0a, 0x20, 0x20, 0x20, // _plane.xy));.   
	0x20, 0x62, 0x6f, 0x6f, 0x6c, 0x20, 0x5f, 0x31, 0x35, 0x32, 0x3b, 0x0a, 0x20, 0x20, 0x20, 0x20, //  bool _152;.    
	0x69, 0x66, 0x20, 0x28, 0x21, 0x5f, 0x31, 0x34, 0x33, 0x29, 0x0a, 0x20, 0x20, 0x20, 0x20, 0x7b, // if (!_143).    {
	0x0a, 0x20, 0x20, 0x20, 0x20, 0x20, 0x20, 0x20, 0x20, 0x5f, 0x31, 0x35, 0x32, 0x20, 0x3d, 0x20, // .        _152 = 
	0x61, 0x6e, 0x79, 0x28, 0x67, 0x72, 0x65, 0x61, 0x74, 0x65, 0x72, 0x54, 0x68, 0x61, 0x6e, 0x28, // any(greaterThan(
	0x76, 0x5f, 0x74, 0x65, 0x78, 0x63, 0x6f, 0x6f, 0x72, 0x64, 0x31, 0x2c, 0x20, 0x63, 0x6c, 0x69, // v_texcoord1, cli
	0x70, 0x5f, 0x70, 0x6c, 0x61, 0x6e, 0x65, 0x2e, 0x7a, 0x77, 0x29, 0x29, 0x3b, 0x0a, 0x20, 0x20, // p_plane.zw));.  
	0x20, 0x20, 0x7d, 0x0a, 0x20, 0x20, 0x20, 0x20, 0x65, 0x6c, 0x73, 0x65, 0x0a, 0x20, 0x20, 0x20, //   }.    else.   
	0x20, 0x7b, 0x0a, 0x20, 0x20, 0x20, 0x20, 0x20, 0x20, 0x20, 0x20, 0x5f, 0x31, 0x35, 0x32, 0x20, //  {.        _152 
	0x3d, 0x20, 0x5f, 0x31, 0x34, 0x33, 0x3b, 0x0a, 0x20, 0x20, 0x20, 0x20, 0x7d, 0x0a, 0x20, 0x20, // = _143;.    }.  
	0x20, 0x20, 0x69, 0x66, 0x20, 0x28, 0x5f, 0x31, 0x35, 0x32, 0x29, 0x0a, 0x20, 0x20, 0x20, 0x20, //   if (_152).    
	0x7b, 0x0a, 0x20, 0x20, 0x20, 0x20, 0x20, 0x20, 0x20, 0x20, 0x64, 0x69, 0x73, 0x63, 0x61, 0x72, // {.        discar
	0x64, 0x3b, 0x0a, 0x20, 0x20, 0x20, 0x20, 0x7d, 0x0a, 0x20, 0x20, 0x20, 0x20, 0x68, 0x69, 0x67, // d;.    }.    hig
	0x68, 0x70, 0x20, 0x76, 0x65, 0x63, 0x34, 0x20, 0x5f, 0x31, 0x36, 0x35, 0x20, 0x3d, 0x20, 0x74, // hp vec4 _165 = t
	0x65, 0x78, 0x74, 0x75, 0x72, 0x65, 0x28, 0x74, 0x65, 0x78, 0x5f, 0x62, 0x61, 0x73, 0x65, 0x5f, // exture(tex_base_
	0x63, 0x6f, 0x6c, 0x6f, 0x72, 0x2c, 0x20, 0x76, 0x5f, 0x74, 0x65, 0x78, 0x63, 0x6f, 0x6f, 0x72, // color, v_texcoor
	0x64, 0x30, 0x29, 0x3b, 0x0a, 0x20, 0x20, 0x20, 0x20, 0x68, 0x69, 0x67, 0x68, 0x70, 0x20, 0x76, // d0);.    highp v
	0x65, 0x63, 0x34, 0x20, 0x5f, 0x31, 0x36, 0x39, 0x20, 0x3d, 0x20, 0x5f, 0x31, 0x36, 0x35, 0x20, // ec4 _169 = _165 
	0x2a, 0x20, 0x76, 0x5f, 0x63, 0x6f, 0x6c, 0x6f, 0x72, 0x30, 0x3b, 0x0a, 0x20, 0x20, 0x20, 0x20, // * v_color0;.    
	0x68, 0x69, 0x67, 0x68, 0x70, 0x20, 0x76, 0x65, 0x63, 0x34, 0x20, 0x5f, 0x33, 0x36, 0x35, 0x3b, // highp vec4 _365;
	0x0a, 0x20, 0x20, 0x20, 0x20, 0x69, 0x66, 0x20, 0x28, 0x73, 0x74, 0x61, 0x74, 0x69, 0x63, 0x43, // .    if (staticC
	0x6f, 0x6c, 0x6f, 0x72, 0x5f, 0x41, 0x6c, 0x70, 0x68, 0x61, 0x2e, 0x77, 0x20, 0x3e, 0x20, 0x30, // olor_Alpha.w > 0
	0x2e, 0x30, 0x29, 0x0a, 0x20, 0x20, 0x20, 0x20, 0x7b, 0x0a, 0x20, 0x20, 0x20, 0x20, 0x20, 0x20, // .0).    {.      
	0x20, 0x20, 0x68, 0x69, 0x67, 0x68, 0x70, 0x20, 0x66, 0x6c, 0x6f, 0x61, 0x74, 0x20, 0x5f, 0x32, //   highp float _2
	0x32, 0x39, 0x20, 0x3d, 0x20, 0x5f, 0x31, 0x36, 0x39, 0x2e, 0x78, 0x3b, 0x0a, 0x20, 0x20, 0x20, // 29 = _169.x;.   
	0x20, 0x20, 0x20, 0x20, 0x20, 0x68, 0x69, 0x67, 0x68, 0x70, 0x20, 0x66, 0x6c, 0x6f, 0x61, 0x74, //      highp float
	0x20, 0x5f, 0x33, 0x35, 0x39, 0x3b, 0x0a, 0x20, 0x20, 0x20, 0x20, 0x20, 0x20, 0x20, 0x20, 0x64, //  _359;.        d
	0x6f, 0x0a, 0x20, 0x20, 0x20, 0x20, 0x20, 0x20, 0x20, 0x20, 0x7b, 0x0a, 0x20, 0x20, 0x20, 0x20, // o.        {.    
	0x20, 0x20, 0x20, 0x20, 0x20, 0x20, 0x20, 0x20, 0x69, 0x66, 0x20, 0x28, 0x5f, 0x32, 0x32, 0x39, //         if (_229
	0x20, 0x3c, 0x3d, 0x20, 0x30, 0x2e, 0x30, 0x34, 0x30, 0x34, 0x34, 0x39, 0x39, 0x39, 0x39, 0x32, //  <= 0.0404499992
	0x37, 0x32, 0x38, 0x32, 0x33, 0x33, 0x33, 0x33, 0x37, 0x34, 0x30, 0x32, 0x33, 0x34, 0x33, 0x37, // 7282333374023437
	0x35, 0x29, 0x0a, 0x20, 0x20, 0x20, 0x20, 0x20, 0x20, 0x20, 0x20, 0x20, 0x20, 0x20, 0x20, 0x7b, // 5).            {
	0x0a, 0x20, 0x20, 0x20, 0x20, 0x20, 0x20, 0x20, 0x20, 0x20, 0x20, 0x20, 0x20, 0x20, 0x20, 0x20, // .               
	0x20, 0x5f, 0x33, 0x35, 0x39, 0x20, 0x3d, 0x20, 0x5f, 0x32, 0x32, 0x39, 0x20, 0x2a, 0x20, 0x30, //  _359 = _229 * 0
	0x2e, 0x30, 0x37, 0x37, 0x33, 0x39, 0x39, 0x33, 0x38, 0x30, 0x35, 0x30, 0x35, 0x30, 0x38, 0x34, // .077399380505084
	0x39, 0x39, 0x31, 0x34, 0x35, 0x35, 0x30, 0x37, 0x38, 0x31, 0x32, 0x35, 0x3b, 0x0a, 0x20, 0x20, // 991455078125;.  
	0x20, 0x20, 0x20, 0x20, 0x20, 0x20, 0x20, 0x20, 0x20, 0x20, 0x20, 0x20, 0x20, 0x20, 0x62, 0x72, //               br
	0x65, 0x61, 0x6b, 0x3b, 0x0a, 0x20, 0x20, 0x20, 0x20, 0x20, 0x20, 0x20, 0x20, 0x20, 0x20, 0x20, // eak;.           
	0x20, 0x7d, 0x0a, 0x20, 0x20, 0x20, 0x20, 0x20, 0x20, 0x20, 0x20, 0x20, 0x20, 0x20, 0x20, 0x65, //  }.            e
	0x6c, 0x73, 0x65, 0x0a, 0x20, 0x20, 0x20, 0x20, 0x20, 0x20, 0x20, 0x20, 0x20, 0x20, 0x20, 0x20, // lse.            
	0x7b, 0x0a, 0x20, 0x20, 0x20, 0x20, 0x20, 0x20, 0x20, 0x20, 0x20, 0x20, 0x20, 0x20, 0x20, 0x20, // {.              
	0x20, 0x20, 0x5f, 0x33, 0x35, 0x39, 0x20, 0x3d, 0x20, 0x70, 0x6f, 0x77, 0x28, 0x28, 0x5f, 0x32, //   _359 = pow((_2
	0x32, 0x39, 0x20, 0x2a, 0x20, 0x30, 0x2e, 0x39, 0x34, 0x37, 0x38, 0x36, 0x37, 0x32, 0x37, 0x34, // 29 * 0.947867274
	0x32, 0x38, 0x34, 0x33, 0x36, 0x32, 0x37, 0x39, 0x32, 0x39, 0x36, 0x38, 0x37, 0x35, 0x29, 0x20, // 28436279296875) 
	0x2b, 0x20, 0x30, 0x2e, 0x30, 0x35, 0x32, 0x31, 0x33, 0x32, 0x36, 0x39, 0x39, 0x36, 0x33, 0x38, // + 0.052132699638
	0x36, 0x30, 0x35, 0x31, 0x31, 0x37, 0x37, 0x39, 0x37, 0x38, 0x35, 0x31, 0x35, 0x36, 0x32, 0x35, // 6051177978515625
	0x2c, 0x20, 0x32, 0x2e, 0x34, 0x30, 0x30, 0x30, 0x30, 0x30, 0x30, 0x39, 0x35, 0x33, 0x36, 0x37, // , 2.400000095367
	0x34, 0x33, 0x31, 0x36, 0x34, 0x30, 0x36, 0x32, 0x35, 0x29, 0x3b, 0x0a, 0x20, 0x20, 0x20, 0x20, // 431640625);.    
	0x20, 0x20, 0x20, 0x20, 0x20, 0x20, 0x20, 0x20, 0x20, 0x20, 0x20, 0x20, 0x62, 0x72, 0x65, 0x61, //             brea
	0x6b, 0x3b, 0x0a, 0x20, 0x20, 0x20, 0x20, 0x20, 0x20, 0x20, 0x20, 0x20, 0x20, 0x20, 0x20, 0x7d, // k;.            }
	0x0a, 0x20, 0x20, 0x20, 0x20, 0x20, 0x20, 0x20, 0x20, 0x20, 0x20, 0x20, 0x20, 0x62, 0x72, 0x65, // .            bre
	0x61, 0x6b, 0x3b, 0x20, 0x2f, 0x2f, 0x20, 0x75, 0x6e, 0x72, 0x65, 0x61, 0x63, 0x68, 0x61, 0x62, // ak; // unreachab
	0x6c, 0x65, 0x20, 0x77, 0x6f, 0x72, 0x6b, 0x61, 0x72, 0x6f, 0x75, 0x6e, 0x64, 0x0a, 0x20, 0x20, // le workaround.  
	0x20, 0x20, 0x20, 0x20, 0x20, 0x20, 0x7d, 0x20, 0x77, 0x68, 0x69, 0x6c, 0x65, 0x28, 0x66, 0x61, //       } while(fa
	0x6c, 0x73, 0x65, 0x29, 0x3b, 0x0a, 0x20, 0x20, 0x20, 0x20, 0x20, 0x20, 0x20, 0x20, 0x68, 0x69, // lse);.        hi
	0x67, 0x68, 0x70, 0x20, 0x66, 0x6c, 0x6f, 0x61, 0x74, 0x20, 0x5f, 0x32, 0x33, 0x32, 0x20, 0x3d, // ghp float _232 =
	0x20, 0x5f, 0x31, 0x36, 0x39, 0x2e, 0x79, 0x3b, 0x0a, 0x20, 0x20, 0x20, 0x20, 0x20, 0x20, 0x20, //  _169.y;.       
	0x20, 0x68, 0x69, 0x67, 0x68, 0x70, 0x20, 0x66, 0x6c, 0x6f, 0x61, 0x74, 0x20, 0x5f, 0x33, 0x36, //  highp float _36
	0x30, 0x3b, 0x0a, 0x20, 0x20, 0x20, 0x20, 0x20, 0x20, 0x20, 0x20, 0x64, 0x6f, 0x0a, 0x20, 0x20, // 0;.        do.  
	0x20, 0x20, 0x20, 0x20, 0x20, 0x20, 0x7b, 0x0a, 0x20, 0x20, 0x20, 0x20, 0x20, 0x20, 0x20, 0x20, //       {.        
	0x20, 0x20, 0x20, 0x20, 0x69, 0x66, 0x20, 0x28, 0x5f, 0x32, 0x33, 0x32, 0x20, 0x3c, 0x3d, 0x20, //     if (_232 <= 
	0x30, 0x2e, 0x30, 0x34, 0x30, 0x34, 0x34, 0x39, 0x39, 0x39, 0x39, 0x32, 0x37, 0x32, 0x38, 0x32, // 0.04044999927282
	0x33, 0x33, 0x33, 0x33, 0x37, 0x34, 0x30, 0x32, 0x33, 0x34, 0x33, 0x37, 0x35, 0x29, 0x0a, 0x20, // 3333740234375). 
	0x20, 0x20, 0x20, 0x20, 0x20, 0x20, 0x20, 0x20, 0x20, 0x20, 0x20, 0x7b, 0x0a, 0x20, 0x20, 0x20, //            {.   
	0x20, 0x20, 0x20, 0x20, 0x20, 0x20, 0x20, 0x20, 0x20, 0x20, 0x20, 0x20, 0x20, 0x5f, 0x33, 0x36, //              _36
	0x30, 0x20, 0x3d, 0x20, 0x5f, 0x32, 0x33, 0x32, 0x20, 0x2a, 0x20, 0x30, 0x2e, 0x30, 0x37, 0x37, // 0 = _232 * 0.077
	0x33, 0x39, 0x39, 0x33, 0x38, 0x30, 0x35, 0x30, 0x35, 0x30, 0x38, 0x34, 0x39, 0x39, 0x31, 0x34, // 3993805050849914
	0x35, 0x35, 0x30, 0x37, 0x38, 0x31, 0x32, 0x35, 0x3b, 0x0a, 0x20, 0x20, 0x20, 0x20, 0x20, 0x20, // 55078125;.      
	0x20, 0x20, 0x20, 0x20, 0x20, 0x20, 0x20, 0x20, 0x20, 0x20, 0x62, 0x72, 0x65, 0x61, 0x6b, 0x3b, //           break;
	0x0a, 0x20, 0x20, 0x20, 0x20, 0x20, 0x20, 0x20, 0x20, 0x20, 0x20, 0x20, 0x20, 0x7d, 0x0a, 0x20, // .            }. 
	0x20, 0x20, 0x20, 0x20, 0x20, 0x20, 0x20, 0x20, 0x20, 0x20, 0x20, 0x65, 0x6c, 0x73, 0x65, 0x0a, //            else.
	0x20, 0x20, 0x20, 0x20, 0x20, 0x20, 0x20, 0x20, 0x20, 0x20, 0x20, 0x20, 0x7b, 0x0a, 0x20, 0x20, //             {.  
	0x20, 0x20, 0x20, 0x20, 0x20, 0x20, 0x20, 0x20, 0x20, 0x20, 0x20, 0x20, 0x20, 0x20, 0x5f, 0x33, //               _3
	0x36, 0x30, 0x20, 0x3d, 0x20, 0x70, 0x6f, 0x77, 0x28, 0x28, 0x5f, 0x32, 0x33, 0x32, 0x20, 0x2a, // 60 = pow((_232 *
	0x20, 0x30, 0x2e, 0x39, 0x34, 0x37, 0x38, 0x36, 0x37, 0x32, 0x37, 0x34, 0x32, 0x38, 0x34, 0x33, //  0.9478672742843
	0x36, 0x32, 0x37, 0x39, 0x32, 0x39, 0x36, 0x38, 0x37, 0x35, 0x29, 0x20, 0x2b, 0x20, 0x30, 0x2e, // 6279296875) + 0.
	0x30, 0x35, 0x32, 0x31, 0x33, 0x32, 0x36, 0x39, 0x39, 0x36, 0x33, 0x38, 0x36, 0x30, 0x35, 0x31, // 0521326996386051
	0x31, 0x37, 0x37, 0x39, 0x37, 0x38, 0x35, 0x31, 0x35, 0x36, 0x32, 0x35, 0x2c, 0x20, 0x32, 0x2e, // 177978515625, 2.
	0x34, 0x30, 0x30, 0x30, 0x30, 0x30, 0x30, 0x39, 0x35, 0x33, 0x36, 0x37, 0x34, 0x33, 0x31, 0x36, // 4000000953674316
	0x34, 0x30, 0x36, 0x32, 0x35, 0x29, 0x3b, 0x0a, 0x20, 0x20, 0x20, 0x20, 0x20, 0x20, 0x20, 0x20, // 40625);.        
	0x20, 0x20, 0x20, 0x20, 0x20, 0x20, 0x20, 0x20, 0x62, 0x72, 0x65, 0x61, 0x6b, 0x3b, 0x0a, 0x20, //         break;. 
	0x20, 0x20, 0x20, 0x20, 0x20, 0x20, 0x20, 0x20, 0x20, 0x20, 0x20, 0x7d, 0x0a, 0x20, 0x20, 0x20, //            }.   
	0x20, 0x20, 0x20, 0x20, 0x20, 0x20, 0x20, 0x20, 0x20, 0x62, 0x72, 0x65, 0x61, 0x6b, 0x3b, 0x20, //          break; 
	0x2f, 0x2f, 0x20, 0x75, 0x6e, 0x72, 0x65, 0x61, 0x63, 0x68, 0x61, 0x62, 0x6c, 0x65, 0x20, 0x77, // // unreachable w
	0x6f, 0x72, 0x6b, 0x61, 0x72, 0x6f, 0x75, 0x6e, 0x64, 0x0a, 0x20, 0x20, 0x20, 0x20, 0x20, 0x20, // orkaround.      
	0x20, 0x20, 0x7d, 0x20, 0x77, 0x68, 0x69, 0x6c, 0x65, 0x28, 0x66, 0x61, 0x6c, 0x73, 0x65, 0x29, //   } while(false)
	0x3b, 0x0a, 0x20, 0x20, 0x20, 0x20, 0x20, 0x20, 0x20, 0x20, 0x68, 0x69, 0x67, 0x68, 0x70, 0x20, // ;.        highp 
	0x66, 0x6c, 0x6f, 0x61, 0x74, 0x20, 0x5f, 0x32, 0x33, 0x35, 0x20, 0x3d, 0x20, 0x5f, 0x31, 0x36, // float _235 = _16
	0x39, 0x2e, 0x7a, 0x3b, 0x0a, 0x20, 0x20, 0x20, 0x20, 0x20, 0x20, 0x20, 0x20, 0x68, 0x69, 0x67, // 9.z;.        hig
	0x68, 0x70, 0x20, 0x66, 0x6c, 0x6f, 0x61, 0x74, 0x20, 0x5f, 0x33, 0x36, 0x31, 0x3b, 0x0a, 0x20, // hp float _361;. 
	0x20, 0x20, 0x20, 0x20, 0x20, 0x20, 0x20, 0x64, 0x6f, 0x0a, 0x20, 0x20, 0x20, 0x20, 0x20, 0x20, //        do.      
	0x20, 0x20, 0x7b, 0x0a, 0x20, 0x20, 0x20, 0x20, 0x20, 0x20, 0x20, 0x20, 0x20, 0x20, 0x20, 0x20, //   {.            
	0x69, 0x66, 0x20, 0x28, 0x5f, 0x32, 0x33, 0x35, 0x20, 0x3c, 0x3d, 0x20, 0x30, 0x2e, 0x30, 0x34, // if (_235 <= 0.04
	0x30, 0x34, 0x34, 0x39, 0x39, 0x39, 0x39, 0x32, 0x37, 0x32, 0x38, 0x32, 0x33, 0x33, 0x33, 0x33, // 0449999272823333
	0x37, 0x34, 0x30, 0x32, 0x33, 0x34, 0x33, 0x37, 0x35, 0x29, 0x0a, 0x20, 0x20, 0x20, 0x20, 0x20, // 740234375).     
	0x20, 0x20, 0x20, 0x20, 0x20, 0x20, 0x20, 0x7b, 0x0a, 0x20, 0x20, 0x20, 0x20, 0x20, 0x20, 0x20, //        {.       
	0x20, 0x20, 0x20, 0x20, 0x20, 0x20, 0x20, 0x20, 0x20, 0x5f, 0x33, 0x36, 0x31, 0x20, 0x3d, 0x20, //          _361 = 
	0x5f, 0x32, 0x33, 0x35, 0x20, 0x2a, 0x20, 0x30, 0x2e, 0x30, 0x37, 0x37, 0x33, 0x39, 0x39, 0x33, // _235 * 0.0773993
	0x38, 0x30, 0x35, 0x30, 0x35, 0x30, 0x38, 0x34, 0x39, 0x39, 0x31, 0x34, 0x35, 0x35, 0x30, 0x37, // 8050508499145507
	0x38, 0x31, 0x32, 0x35, 0x3b, 0x0a, 0x20, 0x20, 0x20, 0x20, 0x20, 0x20, 0x20, 0x20, 0x20, 0x20, // 8125;.          
	0x20, 0x20, 0x20, 0x20, 0x20, 0x20, 0x62, 0x72, 0x65, 0x61, 0x6b, 0x3b, 0x0a, 0x20, 0x20, 0x20, //       break;.   
	0x20, 0x20, 0x20, 0x20, 0x20, 0x20, 0x20, 0x20, 0x20, 0x7d, 0x0a, 0x20, 0x20, 0x20, 0x20, 0x20, //          }.     
	0x20, 0x20, 0x20, 0x20, 0x20, 0x20, 0x20, 0x65, 0x6c, 0x73, 0x65, 0x0a, 0x20, 0x20, 0x20, 0x20, //        else.    
	0x20, 0x20, 0x20, 0x20, 0x20, 0x20, 0x20, 0x20, 0x7b, 0x0a, 0x20, 0x20, 0x20, 0x20, 0x20, 0x20, //         {.      
	0x20, 0x20, 0x20, 0x20, 0x20, 0x20, 0x20, 0x20, 0x20, 0x20, 0x5f, 0x33, 0x36, 0x31, 0x20, 0x3d, //           _361 =
	0x20, 0x70, 0x6f, 0x77, 0x28, 0x28, 0x5f, 0x32, 0x33, 0x35, 0x20, 0x2a, 0x20, 0x30, 0x2e, 0x39, //  pow((_235 * 0.9
	0x34, 0x37, 0x38, 0x36, 0x37, 0x32, 0x37, 0x34, 0x32, 0x38, 0x34, 0x33, 0x36, 0x32, 0x37, 0x39, // 4786727428436279
	0x32, 0x39, 0x36, 0x38, 0x37, 0x35, 0x29, 0x20, 0x2b, 0x20, 0x30, 0x2e, 0x30, 0x35, 0x32, 0x31, // 296875) + 0.0521
	0x33, 0x32, 0x36, 0x39, 0x39, 0x36, 0x33, 0x38, 0x36, 0x30, 0x35, 0x31, 0x31, 0x37, 0x37, 0x39, // 3269963860511779
	0x37, 0x38, 0x35, 0x31, 0x35, 0x36, 0x32, 0x35, 0x2c, 0x20, 0x32, 0x2e, 0x34, 0x30, 0x30, 0x30, // 78515625, 2.4000
	0x30, 0x30, 0x30, 0x39, 0x35, 0x33, 0x36, 0x37, 0x34, 0x33, 0x31, 0x36, 0x34, 0x30, 0x36, 0x32, // 0009536743164062
	0x35, 0x29, 0x3b, 0x0a, 0x20, 0x20, 0x20, 0x20, 0x20, 0x20, 0x20, 0x20, 0x20, 0x20, 0x20, 0x20, // 5);.            
	0x20, 0x20, 0x20, 0x20, 0x62, 0x72, 0x65, 0x61, 0x6b, 0x3b, 0x0a, 0x20, 0x20, 0x20, 0x20, 0x20, //     break;.     
	0x20, 0x20, 0x20, 0x20, 0x20, 0x20, 0x20, 0x7d, 0x0a, 0x20, 0x20, 0x20, 0x20, 0x20, 0x20, 0x20, //        }.       
	0x20, 0x20, 0x20, 0x20, 0x20, 0x62, 0x72, 0x65, 0x61, 0x6b, 0x3b, 0x20, 0x2f, 0x2f, 0x20, 0x75, //      break; // u
	0x6e, 0x72, 0x65, 0x61, 0x63, 0x68, 0x61, 0x62, 0x6c, 0x65, 0x20, 0x77, 0x6f, 0x72, 0x6b, 0x61, // nreachable worka
	0x72, 0x6f, 0x75, 0x6e, 0x64, 0x0a, 0x20, 0x20, 0x20, 0x20, 0x20, 0x20, 0x20, 0x20, 0x7d, 0x20, // round.        } 
	0x77, 0x68, 0x69, 0x6c, 0x65, 0x28, 0x66, 0x61, 0x6c, 0x73, 0x65, 0x29, 0x3b, 0x0a, 0x20, 0x20, // while(false);.  
	0x20, 0x20, 0x20, 0x20, 0x20, 0x20, 0x68, 0x69, 0x67, 0x68, 0x70, 0x20, 0x76, 0x65, 0x63, 0x33, //       highp vec3
	0x20, 0x5f, 0x33, 0x32, 0x36, 0x20, 0x3d, 0x20, 0x70, 0x6f, 0x77, 0x28, 0x28, 0x76, 0x65, 0x63, //  _326 = pow((vec
	0x33, 0x28, 0x5f, 0x33, 0x35, 0x39, 0x2c, 0x20, 0x5f, 0x33, 0x36, 0x30, 0x2c, 0x20, 0x5f, 0x33, // 3(_359, _360, _3
	0x36, 0x31, 0x29, 0x20, 0x2a, 0x20, 0x73, 0x74, 0x61, 0x74, 0x69, 0x63, 0x43, 0x6f, 0x6c, 0x6f, // 61) * staticColo
	0x72, 0x5f, 0x41, 0x6c, 0x70, 0x68, 0x61, 0x2e, 0x77, 0x29, 0x20, 0x2a, 0x20, 0x6d, 0x61, 0x74, // r_Alpha.w) * mat
	0x33, 0x28, 0x76, 0x65, 0x63, 0x33, 0x28, 0x30, 0x2e, 0x36, 0x32, 0x37, 0x33, 0x39, 0x39, 0x39, // 3(vec3(0.6273999
	0x38, 0x31, 0x30, 0x32, 0x31, 0x38, 0x38, 0x31, 0x31, 0x30, 0x33, 0x35, 0x31, 0x35, 0x36, 0x32, // 8102188110351562
	0x35, 0x2c, 0x20, 0x30, 0x2e, 0x33, 0x32, 0x39, 0x32, 0x39, 0x39, 0x39, 0x38, 0x36, 0x33, 0x36, // 5, 0.32929998636
	0x32, 0x34, 0x35, 0x37, 0x32, 0x37, 0x35, 0x33, 0x39, 0x30, 0x36, 0x32, 0x35, 0x2c, 0x20, 0x30, // 2457275390625, 0
	0x2e, 0x30, 0x34, 0x33, 0x32, 0x39, 0x39, 0x39, 0x39, 0x39, 0x30, 0x38, 0x38, 0x30, 0x34, 0x38, // .043299999088048
	0x39, 0x33, 0x34, 0x39, 0x33, 0x36, 0x35, 0x32, 0x33, 0x34, 0x33, 0x37, 0x35, 0x29, 0x2c, 0x20, // 9349365234375), 
	0x76, 0x65, 0x63, 0x33, 0x28, 0x30, 0x2e, 0x30, 0x36, 0x39, 0x30, 0x39, 0x39, 0x39, 0x39, 0x39, // vec3(0.069099999
	0x39, 0x36, 0x34, 0x32, 0x33, 0x37, 0x32, 0x31, 0x33, 0x31, 0x33, 0x34, 0x37, 0x36, 0x35, 0x36, // 9642372131347656
	0x32, 0x35, 0x2c, 0x20, 0x30, 0x2e, 0x39, 0x31, 0x39, 0x34, 0x39, 0x39, 0x39, 0x39, 0x33, 0x33, // 25, 0.9194999933
	0x32, 0x34, 0x32, 0x37, 0x39, 0x37, 0x38, 0x35, 0x31, 0x35, 0x36, 0x32, 0x35, 0x2c, 0x20, 0x30, // 2427978515625, 0
	0x2e, 0x30, 0x31, 0x31, 0x33, 0x30, 0x30, 0x30, 0x30, 0x30, 0x33, 0x36, 0x32, 0x30, 0x39, 0x38, // .011300000362098
	0x32, 0x31, 0x37, 0x30, 0x31, 0x30, 0x34, 0x39, 0x38, 0x30, 0x34, 0x36, 0x38, 0x37, 0x35, 0x29, // 217010498046875)
	0x2c, 0x20, 0x76, 0x65, 0x63, 0x33, 0x28, 0x30, 0x2e, 0x30, 0x31, 0x36, 0x34, 0x30, 0x30, 0x30, // , vec3(0.0164000
	0x30, 0x30, 0x30, 0x38, 0x30, 0x34, 0x36, 0x36, 0x32, 0x37, 0x30, 0x34, 0x34, 0x36, 0x37, 0x37, // 0008046627044677
	0x37, 0x33, 0x34, 0x33, 0x37, 0x35, 0x2c, 0x20, 0x30, 0x2e, 0x30, 0x38, 0x37, 0x39, 0x39, 0x39, // 734375, 0.087999
	0x39, 0x39, 0x39, 0x35, 0x32, 0x33, 0x31, 0x36, 0x32, 0x38, 0x34, 0x31, 0x37, 0x39, 0x36, 0x38, // 9995231628417968
	0x37, 0x35, 0x2c, 0x20, 0x30, 0x2e, 0x38, 0x39, 0x35, 0x36, 0x30, 0x30, 0x30, 0x32, 0x30, 0x38, // 75, 0.8956000208
	0x38, 0x35, 0x34, 0x36, 0x37, 0x35, 0x32, 0x39, 0x32, 0x39, 0x36, 0x38, 0x37, 0x35, 0x29, 0x29, // 85467529296875))
	0x2c, 0x20, 0x76, 0x65, 0x63, 0x33, 0x28, 0x30, 0x2e, 0x31, 0x35, 0x39, 0x33, 0x30, 0x31, 0x37, // , vec3(0.1593017
	0x35, 0x37, 0x38, 0x31, 0x32, 0x35, 0x29, 0x29, 0x3b, 0x0a, 0x20, 0x20, 0x20, 0x20, 0x20, 0x20, // 578125));.      
	0x20, 0x20, 0x68, 0x69, 0x67, 0x68, 0x70, 0x20, 0x76, 0x65, 0x63, 0x33, 0x20, 0x5f, 0x33, 0x34, //   highp vec3 _34
	0x31, 0x20, 0x3d, 0x20, 0x70, 0x6f, 0x77, 0x28, 0x28, 0x76, 0x65, 0x63, 0x33, 0x28, 0x30, 0x2e, // 1 = pow((vec3(0.
	0x38, 0x33, 0x35, 0x39, 0x33, 0x37, 0x35, 0x29, 0x20, 0x2b, 0x20, 0x28, 0x5f, 0x33, 0x32, 0x36, // 8359375) + (_326
	0x20, 0x2a, 0x20, 0x31, 0x38, 0x2e, 0x38, 0x35, 0x31, 0x35, 0x36, 0x32, 0x35, 0x29, 0x29, 0x20, //  * 18.8515625)) 
	0x2f, 0x20, 0x28, 0x76, 0x65, 0x63, 0x33, 0x28, 0x31, 0x2e, 0x30, 0x29, 0x20, 0x2b, 0x20, 0x28, // / (vec3(1.0) + (
	0x5f, 0x33, 0x32, 0x36, 0x20, 0x2a, 0x20, 0x31, 0x38, 0x2e, 0x36, 0x38, 0x37, 0x35, 0x29, 0x29, // _326 * 18.6875))
	0x2c, 0x20, 0x76, 0x65, 0x63, 0x33, 0x28, 0x37, 0x38, 0x2e, 0x38, 0x34, 0x33, 0x37, 0x35, 0x29, // , vec3(78.84375)
	0x29, 0x3b, 0x0a, 0x20, 0x20, 0x20, 0x20, 0x20, 0x20, 0x20, 0x20, 0x68, 0x69, 0x67, 0x68, 0x70, // );.        highp
	0x20, 0x76, 0x65, 0x63, 0x34, 0x20, 0x5f, 0x33, 0x35, 0x34, 0x20, 0x3d, 0x20, 0x5f, 0x31, 0x36, //  vec4 _354 = _16
	0x39, 0x3b, 0x0a, 0x20, 0x20, 0x20, 0x20, 0x20, 0x20, 0x20, 0x20, 0x5f, 0x33, 0x35, 0x34, 0x2e, // 9;.        _354.
	0x78, 0x20, 0x3d, 0x20, 0x5f, 0x33, 0x34, 0x31, 0x2e, 0x78, 0x3b, 0x0a, 0x20, 0x20, 0x20, 0x20, // x = _341.x;.    
	0x20, 0x20, 0x20, 0x20, 0x5f, 0x33, 0x35, 0x34, 0x2e, 0x79, 0x20, 0x3d, 0x20, 0x5f, 0x33, 0x34, //     _354.y = _34
	0x31, 0x2e, 0x79, 0x3b, 0x0a, 0x20, 0x20, 0x20, 0x20, 0x20, 0x20, 0x20, 0x20, 0x5f, 0x33, 0x35, // 1.y;.        _35
	0x34, 0x2e, 0x7a, 0x20, 0x3d, 0x20, 0x5f, 0x33, 0x34, 0x31, 0x2e, 0x7a, 0x3b, 0x0a, 0x20, 0x20, // 4.z = _341.z;.  
	0x20, 0x20, 0x20, 0x20, 0x20, 0x20, 0x5f, 0x33, 0x36, 0x35, 0x20, 0x3d, 0x20, 0x5f, 0x33, 0x35, //       _365 = _35
	0x34, 0x3b, 0x0a, 0x20, 0x20, 0x20, 0x20, 0x7d, 0x0a, 0x20, 0x20, 0x20, 0x20, 0x65, 0x6c, 0x73, // 4;.    }.    els
	0x65, 0x0a, 0x20, 0x20, 0x20, 0x20, 0x7b, 0x0a, 0x20, 0x20, 0x20, 0x20, 0x20, 0x20, 0x20, 0x20, // e.    {.        
	0x5f, 0x33, 0x36, 0x35, 0x20, 0x3d, 0x20, 0x5f, 0x31, 0x36, 0x39, 0x3b, 0x0a, 0x20, 0x20, 0x20, // _365 = _169;.   
	0x20, 0x7d, 0x0a, 0x20, 0x20, 0x20, 0x20, 0x62, 0x67, 0x66, 0x78, 0x5f, 0x46, 0x72, 0x61, 0x67, //  }.    bgfx_Frag
	0x43, 0x6f, 0x6c, 0x6f, 0x72, 0x20, 0x3d, 0x20, 0x5f, 0x33, 0x36, 0x35, 0x3b, 0x0a, 0x7d, 0x0a, // Color = _365;.}.
	0x0a, 0x00,                                                                                     // ..
};
static const uint8_t fs_imgui_st_glsl[2898] =
{
	0x46, 0x53, 0x48, 0x0c, 0x4f, 0x45, 0x98, 0x49, 0x00, 0x00, 0x00, 0x00, 0x00, 0x00, 0x00, 0x00, // FSH.OE.I........
	0x00, 0x00, 0x00, 0x00, 0x03, 0x00, 0x0a, 0x63, 0x6c, 0x69, 0x70, 0x5f, 0x70, 0x6c, 0x61, 0x6e, // .......clip_plan
	0x65, 0x02, 0x01, 0x00, 0x00, 0x01, 0x00, 0x00, 0x00, 0x00, 0x00, 0x11, 0x73, 0x74, 0x61, 0x74, // e...........stat
	0x69, 0x63, 0x43, 0x6f, 0x6c, 0x6f, 0x72, 0x5f, 0x41, 0x6c, 0x70, 0x68, 0x61, 0x02, 0x01, 0x00, // icColor_Alpha...
	0x00, 0x01, 0x00, 0x00, 0x00, 0x00, 0x00, 0x0e, 0x74, 0x65, 0x78, 0x5f, 0x62, 0x61, 0x73, 0x65, // ........tex_base
	0x5f, 0x63, 0x6f, 0x6c, 0x6f, 0x72, 0x00, 0x01, 0x00, 0x00, 0x01, 0x00, 0x00, 0x02, 0x00, 0x00, // _color..........
	0xed, 0x0a, 0x00, 0x00, 0x0a, 0x75, 0x6e, 0x69, 0x66, 0x6f, 0x72, 0x6d, 0x20, 0x76, 0x65, 0x63, // .....uniform vec
	0x34, 0x20, 0x63, 0x6c, 0x69, 0x70, 0x5f, 0x70, 0x6c, 0x61, 0x6e, 0x65, 0x3b, 0x0a, 0x75, 0x6e, // 4 clip_plane;.un
	0x69, 0x66, 0x6f, 0x72, 0x6d, 0x20, 0x73, 0x61, 0x6d, 0x70, 0x6c, 0x65, 0x72, 0x32, 0x44, 0x20, // iform sampler2D 
	0x74, 0x65, 0x78, 0x5f, 0x62, 0x61, 0x73, 0x65, 0x5f, 0x63, 0x6f, 0x6c, 0x6f, 0x72, 0x3b, 0x0a, // tex_base_color;.
	0x75, 0x6e, 0x69, 0x66, 0x6f, 0x72, 0x6d, 0x20, 0x76, 0x65, 0x63, 0x34, 0x20, 0x73, 0x74, 0x61, // uniform vec4 sta
	0x74, 0x69, 0x63, 0x43, 0x6f, 0x6c, 0x6f, 0x72, 0x5f, 0x41, 0x6c, 0x70, 0x68, 0x61, 0x3b, 0x0a, // ticColor_Alpha;.
	0x0a, 0x69, 0x6e, 0x20, 0x76, 0x65, 0x63, 0x32, 0x20, 0x76, 0x5f, 0x74, 0x65, 0x78, 0x63, 0x6f, // .in vec2 v_texco
	0x6f, 0x72, 0x64, 0x31, 0x3b, 0x0a, 0x69, 0x6e, 0x20, 0x76, 0x65, 0x63, 0x32, 0x20, 0x76, 0x5f, // ord1;.in vec2 v_
	0x74, 0x65, 0x78, 0x63, 0x6f, 0x6f, 0x72, 0x64, 0x30, 0x3b, 0x0a, 0x69, 0x6e, 0x20, 0x76, 0x65, // texcoord0;.in ve
	0x63, 0x34, 0x20, 0x76, 0x5f, 0x63, 0x6f, 0x6c, 0x6f, 0x72, 0x30, 0x3b, 0x0a, 0x6c, 0x61, 0x79, // c4 v_color0;.lay
	0x6f, 0x75, 0x74, 0x28, 0x6c, 0x6f, 0x63, 0x61, 0x74, 0x69, 0x6f, 0x6e, 0x20, 0x3d, 0x20, 0x30, // out(location = 0
	0x29, 0x20, 0x6f, 0x75, 0x74, 0x20, 0x76, 0x65, 0x63, 0x34, 0x20, 0x62, 0x67, 0x66, 0x78, 0x5f, // ) out vec4 bgfx_
	0x46, 0x72, 0x61, 0x67, 0x43, 0x6f, 0x6c, 0x6f, 0x72, 0x3b, 0x0a, 0x0a, 0x76, 0x6f, 0x69, 0x64, // FragColor;..void
	0x20, 0x6d, 0x61, 0x69, 0x6e, 0x28, 0x29, 0x0a, 0x7b, 0x0a, 0x20, 0x20, 0x20, 0x20, 0x62, 0x6f, //  main().{.    bo
	0x6f, 0x6c, 0x20, 0x5f, 0x31, 0x34, 0x33, 0x20, 0x3d, 0x20, 0x61, 0x6e, 0x79, 0x28, 0x6c, 0x65, // ol _143 = any(le
	0x73, 0x73, 0x54, 0x68, 0x61, 0x6e, 0x28, 0x76, 0x5f, 0x74, 0x65, 0x78, 0x63, 0x6f, 0x6f, 0x72, // ssThan(v_texcoor
	0x64, 0x31, 0x2c, 0x20, 0x63, 0x6c, 0x69, 0x70, 0x5f, 0x70, 0x6c, 0x61, 0x6e, 0x65, 0x2e, 0x78, // d1, clip_plane.x
	0x79, 0x29, 0x29, 0x3b, 0x0a, 0x20, 0x20, 0x20, 0x20, 0x62, 0x6f, 0x6f, 0x6c, 0x20, 0x5f, 0x31, // y));.    bool _1
	0x35, 0x32, 0x3b, 0x0a, 0x20, 0x20, 0x20, 0x20, 0x69, 0x66, 0x20, 0x28, 0x21, 0x5f, 0x31, 0x34, // 52;.    if (!_14
	0x33, 0x29, 0x0a, 0x20, 0x20, 0x20, 0x20, 0x7b, 0x0a, 0x20, 0x20, 0x20, 0x20, 0x20, 0x20, 0x20, // 3).    {.       
	0x20, 0x5f, 0x31, 0x35, 0x32, 0x20, 0x3d, 0x20, 0x61, 0x6e, 0x79, 0x28, 0x67, 0x72, 0x65, 0x61, //  _152 = any(grea
	0x74, 0x65, 0x72, 0x54, 0x68, 0x61, 0x6e, 0x28, 0x76, 0x5f, 0x74, 0x65, 0x78, 0x63, 0x6f, 0x6f, // terThan(v_texcoo
	0x72, 0x64, 0x31, 0x2c, 0x20, 0x63, 0x6c, 0x69, 0x70, 0x5f, 0x70, 0x6c, 0x61, 0x6e, 0x65, 0x2e, // rd1, clip_plane.
	0x7a, 0x77, 0x29, 0x29, 0x3b, 0x0a, 0x20, 0x20, 0x20, 0x20, 0x7d, 0x0a, 0x20, 0x20, 0x20, 0x20, // zw));.    }.    
	0x65, 0x6c, 0x73, 0x65, 0x0a, 0x20, 0x20, 0x20, 0x20, 0x7b, 0x0a, 0x20, 0x20, 0x20, 0x20, 0x20, // else.    {.     
	0x20, 0x20, 0x20, 0x5f, 0x31, 0x35, 0x32, 0x20, 0x3d, 0x20, 0x5f, 0x31, 0x34, 0x33, 0x3b, 0x0a, //    _152 = _143;.
	0x20, 0x20, 0x20, 0x20, 0x7d, 0x0a, 0x20, 0x20, 0x20, 0x20, 0x69, 0x66, 0x20, 0x28, 0x5f, 0x31, //     }.    if (_1
	0x35, 0x32, 0x29, 0x0a, 0x20, 0x20, 0x20, 0x20, 0x7b, 0x0a, 0x20, 0x20, 0x20, 0x20, 0x20, 0x20, // 52).    {.      
	0x20, 0x20, 0x64, 0x69, 0x73, 0x63, 0x61, 0x72, 0x64, 0x3b, 0x0a, 0x20, 0x20, 0x20, 0x20, 0x7d, //   discard;.    }
	0x0a, 0x20, 0x20, 0x20, 0x20, 0x76, 0x65, 0x63, 0x34, 0x20, 0x5f, 0x31, 0x36, 0x35, 0x20, 0x3d, // .    vec4 _165 =
	0x20, 0x74, 0x65, 0x78, 0x74, 0x75, 0x72, 0x65, 0x28, 0x74, 0x65, 0x78, 0x5f, 0x62, 0x61, 0x73, //  texture(tex_bas
	0x65, 0x5f, 0x63, 0x6f, 0x6c, 0x6f, 0x72, 0x2c, 0x20, 0x76, 0x5f, 0x74, 0x65, 0x78, 0x63, 0x6f, // e_color, v_texco
	0x6f, 0x72, 0x64, 0x30, 0x29, 0x3b, 0x0a, 0x20, 0x20, 0x20, 0x20, 0x76, 0x65, 0x63, 0x34, 0x20, // ord0);.    vec4 
	0x5f, 0x31, 0x36, 0x39, 0x20, 0x3d, 0x20, 0x5f, 0x31, 0x36, 0x35, 0x20, 0x2a, 0x20, 0x76, 0x5f, // _169 = _165 * v_
	0x63, 0x6f, 0x6c, 0x6f, 0x72, 0x30, 0x3b, 0x0a, 0x20, 0x20, 0x20, 0x20, 0x76, 0x65, 0x63, 0x34, // color0;.    vec4
	0x20, 0x5f, 0x33, 0x36, 0x35, 0x3b, 0x0a, 0x20, 0x20, 0x20, 0x20, 0x69, 0x66, 0x20, 0x28, 0x73, //  _365;.    if (s
	0x74, 0x61, 0x74, 0x69, 0x63, 0x43, 0x6f, 0x6c, 0x6f, 0x72, 0x5f, 0x41, 0x6c, 0x70, 0x68, 0x61, // taticColor_Alpha
	0x2e, 0x77, 0x20, 0x3e, 0x20, 0x30, 0x2e, 0x30, 0x29, 0x0a, 0x20, 0x20, 0x20, 0x20, 0x7b, 0x0a, // .w > 0.0).    {.
	0x20, 0x20, 0x20, 0x20, 0x20, 0x20, 0x20, 0x20, 0x66, 0x6c, 0x6f, 0x61, 0x74, 0x20, 0x5f, 0x32, //         float _2
	0x32, 0x39, 0x20, 0x3d, 0x20, 0x5f, 0x31, 0x36, 0x39, 0x2e, 0x78, 0x3b, 0x0a, 0x20, 0x20, 0x20, // 29 = _169.x;.   
	0x20, 0x20, 0x20, 0x20, 0x20, 0x66, 0x6c, 0x6f, 0x61, 0x74, 0x20, 0x5f, 0x33, 0x35, 0x39, 0x3b, //      float _359;
	0x0a, 0x20, 0x20, 0x20, 0x20, 0x20, 0x20, 0x20, 0x20, 0x64, 0x6f, 0x0a, 0x20, 0x20, 0x20, 0x20, // .        do.    
	0x20, 0x20, 0x20, 0x20, 0x7b, 0x0a, 0x20, 0x20, 0x20, 0x20, 0x20, 0x20, 0x20, 0x20, 0x20, 0x20, //     {.          
	0x20, 0x20, 0x69, 0x66, 0x20, 0x28, 0x5f, 0x32, 0x32, 0x39, 0x20, 0x3c, 0x3d, 0x20, 0x30, 0x2e, //   if (_229 <= 0.
	0x30, 0x34, 0x30, 0x34, 0x34, 0x39, 0x39, 0x39, 0x39, 0x32, 0x37, 0x32, 0x38, 0x32, 0x33, 0x33, // 0404499992728233
	0x33, 0x33, 0x37, 0x34, 0x30, 0x32, 0x33, 0x34, 0x33, 0x37, 0x35, 0x29, 0x0a, 0x20, 0x20, 0x20, // 33740234375).   
	0x20, 0x20, 0x20, 0x20, 0x20, 0x20, 0x20, 0x20, 0x20, 0x7b, 0x0a, 0x20, 0x20, 0x20, 0x20, 0x20, //          {.     
	0x20, 0x20, 0x20, 0x20, 0x20, 0x20, 0x20, 0x20, 0x20, 0x20, 0x20, 0x5f, 0x33, 0x35, 0x39, 0x20, //            _359 
	0x3d, 0x20, 0x5f, 0x32, 0x32, 0x39, 0x20, 0x2a, 0x20, 0x30, 0x2e, 0x30, 0x37, 0x37, 0x33, 0x39, // = _229 * 0.07739
	0x39, 0x33, 0x38, 0x30, 0x35, 0x30, 0x35, 0x30, 0x38, 0x34, 0x39, 0x39, 0x31, 0x34, 0x35, 0x35, // 9380505084991455
	0x30, 0x37, 0x38, 0x31, 0x32, 0x35, 0x3b, 0x0a, 0x20, 0x20, 0x20, 0x20, 0x20, 0x20, 0x20, 0x20, // 078125;.        
	0x20, 0x20, 0x20, 0x20, 0x20, 0x20, 0x20, 0x20, 0x62, 0x72, 0x65, 0x61, 0x6b, 0x3b, 0x0a, 0x20, //         break;. 
	0x20, 0x20, 0x20, 0x20, 0x20, 0x20, 0x20, 0x20, 0x20, 0x20, 0x20, 0x7d, 0x0a, 0x20, 0x20, 0x20, //            }.   
	0x20, 0x20, 0x20, 0x20, 0x20, 0x20, 0x20, 0x20, 0x20, 0x65, 0x6c, 0x73, 0x65, 0x0a, 0x20, 0x20, //          else.  
	0x20, 0x20, 0x20, 0x20, 0x20, 0x20, 0x20, 0x20, 0x20, 0x20, 0x7b, 0x0a, 0x20, 0x20, 0x20, 0x20, //           {.    
	0x20, 0x20, 0x20, 0x20, 0x20, 0x20, 0x20, 0x20, 0x20, 0x20, 0x20, 0x20, 0x5f, 0x33, 0x35, 0x39, //             _359
	0x20, 0x3d, 0x20, 0x70, 0x6f, 0x77, 0x28, 0x28, 0x5f, 0x32, 0x32, 0x39, 0x20, 0x2a, 0x20, 0x30, //  = pow((_229 * 0
	0x2e, 0x39, 0x34, 0x37, 0x38, 0x36, 0x37, 0x32, 0x37, 0x34, 0x32, 0x38, 0x34, 0x33, 0x36, 0x32, // .947867274284362
	0x37, 0x39, 0x32, 0x39, 0x36, 0x38, 0x37, 0x35, 0x29, 0x20, 0x2b, 0x20, 0x30, 0x2e, 0x30, 0x35, // 79296875) + 0.05
	0x32, 0x31, 0x33, 0x32, 0x36, 0x39, 0x39, 0x36, 0x33, 0x38, 0x36, 0x30, 0x35, 0x31, 0x31, 0x37, // 2132699638605117
	0x37, 0x39, 0x37, 0x38, 0x35, 0x31, 0x35, 0x36, 0x32, 0x35, 0x2c, 0x20, 0x32, 0x2e, 0x34, 0x30, // 7978515625, 2.40
	0x30, 0x30, 0x30, 0x30, 0x30, 0x39, 0x35, 0x33, 0x36, 0x37, 0x34, 0x33, 0x31, 0x36, 0x34, 0x30, // 0000095367431640
	0x36, 0x32, 0x35, 0x29, 0x3b, 0x0a, 0x20, 0x20, 0x20, 0x20, 0x20, 0x20, 0x20, 0x20, 0x20, 0x20, // 625);.          
	0x20, 0x20, 0x20, 0x20, 0x20, 0x20, 0x62, 0x72, 0x65, 0x61, 0x6b, 0x3b, 0x0a, 0x20, 0x20, 0x20, //       break;.   
	0x20, 0x20, 0x20, 0x20, 0x20, 0x20, 0x20, 0x20, 0x20, 0x7d, 0x0a, 0x20, 0x20, 0x20, 0x20, 0x20, //          }.     
	0x20, 0x20, 0x20, 0x20, 0x20, 0x20, 0x20, 0x62, 0x72, 0x65, 0x61, 0x6b, 0x3b, 0x20, 0x2f, 0x2f, //        break; //
	0x20, 0x75, 0x6e, 0x72, 0x65, 0x61, 0x63, 0x68, 0x61, 0x62, 0x6c, 0x65, 0x20, 0x77, 0x6f, 0x72, //  unreachable wor
	0x6b, 0x61, 0x72, 0x6f, 0x75, 0x6e, 0x64, 0x0a, 0x20, 0x20, 0x20, 0x20, 0x20, 0x20, 0x20, 0x20, // karound.        
	0x7d, 0x20, 0x77, 0x68, 0x69, 0x6c, 0x65, 0x28, 0x66, 0x61, 0x6c, 0x73, 0x65, 0x29, 0x3b, 0x0a, // } while(false);.
	0x20, 0x20, 0x20, 0x20, 0x20, 0x20, 0x20, 0x20, 0x66, 0x6c, 0x6f, 0x61, 0x74, 0x20, 0x5f, 0x32, //         float _2
	0x33, 0x32, 0x20, 0x3d, 0x20, 0x5f, 0x31, 0x36, 0x39, 0x2e, 0x79, 0x3b, 0x0a, 0x20, 0x20, 0x20, // 32 = _169.y;.   
	0x20, 0x20, 0x20, 0x20, 0x20, 0x66, 0x6c, 0x6f, 0x61, 0x74, 0x20, 0x5f, 0x33, 0x36, 0x30, 0x3b, //      float _360;
	0x0a, 0x20, 0x20, 0x20, 0x20, 0x20, 0x20, 0x20, 0x20, 0x64, 0x6f, 0x0a, 0x20, 0x20, 0x20, 0x20, // .        do.    
	0x20, 0x20, 0x20, 0x20, 0x7b, 0x0a, 0x20, 0x20, 0x20, 0x20, 0x20, 0x20, 0x20, 0x20, 0x20, 0x20, //     {.          
	0x20, 0x20, 0x69, 0x66, 0x20, 0x28, 0x5f, 0x32, 0x33, 0x32, 0x20, 0x3c, 0x3d, 0x20, 0x30, 0x2e, //   if (_232 <= 0.
	0x30, 0x34, 0x30, 0x34, 0x34, 0x39, 0x39, 0x39, 0x39, 0x32, 0x37, 0x32, 0x38, 0x32, 0x33, 0x33, // 0404499992728233
	0x33, 0x33, 0x37, 0x34, 0x30, 0x32, 0x33, 0x34, 0x33, 0x37, 0x35, 0x29, 0x0a, 0x20, 0x20, 0x20, // 33740234375).   
	0x20, 0x20, 0x20, 0x20, 0x20, 0x20, 0x20, 0x20, 0x20, 0x7b, 0x0a, 0x20, 0x20, 0x20, 0x20, 0x20, //          {.     
	0x20, 0x20, 0x20, 0x20, 0x20, 0x20, 0x20, 0x20, 0x20, 0x20, 0x20, 0x5f, 0x33, 0x36, 0x30, 0x20, //            _360 
	0x3d, 0x20, 0x5f, 0x32, 0x33, 0x32, 0x20, 0x2a, 0x20, 0x30, 0x2e, 0x30, 0x37, 0x37, 0x33, 0x39, // = _232 * 0.07739
	0x39, 0x33, 0x38, 0x30, 0x35, 0x30, 0x35, 0x30, 0x38, 0x34, 0x39, 0x39, 0x31, 0x34, 0x35, 0x35, // 9380505084991455
	0x30, 0x37, 0x38, 0x31, 0x32, 0x35, 0x3b, 0x0a, 0x20, 0x20, 0x20, 0x20, 0x20, 0x20, 0x20, 0x20, // 078125;.        
	0x20, 0x20, 0x20, 0x20, 0x20, 0x20, 0x20, 0x20, 0x62, 0x72, 0x65, 0x61, 0x6b, 0x3b, 0x0a, 0x20, //         break;. 
	0x20, 0x20, 0x20, 0x20, 0x20, 0x20, 0x20, 0x20, 0x20, 0x20, 0x20, 0x7d, 0x0a, 0x20, 0x20, 0x20, //            }.   
	0x20, 0x20, 0x20, 0x20, 0x20, 0x20, 0x20, 0x20, 0x20, 0x65, 0x6c, 0x73, 0x65, 0x0a, 0x20, 0x20, //          else.  
	0x20, 0x20, 0x20, 0x20, 0x20, 0x20, 0x20, 0x20, 0x20, 0x20, 0x7b, 0x0a, 0x20, 0x20, 0x20, 0x20, //           {.    
	0x20, 0x20, 0x20, 0x20, 0x20, 0x20, 0x20, 0x20, 0x20, 0x20, 0x20, 0x20, 0x5f, 0x33, 0x36, 0x30, //             _360
	0x20, 0x3d, 0x20, 0x70, 0x6f, 0x77, 0x28, 0x28, 0x5f, 0x32, 0x33, 0x32, 0x20, 0x2a, 0x20, 0x30, //  = pow((_232 * 0
	0x2e, 0x39, 0x34, 0x37, 0x38, 0x36, 0x37, 0x32, 0x37, 0x34, 0x32, 0x38, 0x34, 0x33, 0x36, 0x32, // .947867274284362
	0x37, 0x39, 0x32, 0x39, 0x36, 0x38, 0x37, 0x35, 0x29, 0x20, 0x2b, 0x20, 0x30, 0x2e, 0x30, 0x35, // 79296875) + 0.05
	0x32, 0x31, 0x33, 0x32, 0x36, 0x39, 0x39, 0x36, 0x33, 0x38, 0x36, 0x30, 0x35, 0x31, 0x31, 0x37, // 2132699638605117
	0x37, 0x39, 0x37, 0x38, 0x35, 0x31, 0x35, 0x36, 0x32, 0x35, 0x2c, 0x20, 0x32, 0x2e, 0x34, 0x30, // 7978515625, 2.40
	0x30, 0x30, 0x30, 0x30, 0x30, 0x39, 0x35, 0x33, 0x36, 0x37, 0x34, 0x33, 0x31, 0x36, 0x34, 0x30, // 0000095367431640
	0x36, 0x32, 0x35, 0x29, 0x3b, 0x0a, 0x20, 0x20, 0x20, 0x20, 0x20, 0x20, 0x20, 0x20, 0x20, 0x20, // 625);.          
	0x20, 0x20, 0x20, 0x20, 0x20, 0x20, 0x62, 0x72, 0x65, 0x61, 0x6b, 0x3b, 0x0a, 0x20, 0x20, 0x20, //       break;.   
	0x20, 0x20, 0x20, 0x20, 0x20, 0x20, 0x20, 0x20, 0x20, 0x7d, 0x0a, 0x20, 0x20, 0x20, 0x20, 0x20, //          }.     
	0x20, 0x20, 0x20, 0x20, 0x20, 0x20, 0x20, 0x62, 0x72, 0x65, 0x61, 0x6b, 0x3b, 0x20, 0x2f, 0x2f, //        break; //
	0x20, 0x75, 0x6e, 0x72, 0x65, 0x61, 0x63, 0x68, 0x61, 0x62, 0x6c, 0x65, 0x20, 0x77, 0x6f, 0x72, //  unreachable wor
	0x6b, 0x61, 0x72, 0x6f, 0x75, 0x6e, 0x64, 0x0a, 0x20, 0x20, 0x20, 0x20, 0x20, 0x20, 0x20, 0x20, // karound.        
	0x7d, 0x20, 0x77, 0x68, 0x69, 0x6c, 0x65, 0x28, 0x66, 0x61, 0x6c, 0x73, 0x65, 0x29, 0x3b, 0x0a, // } while(false);.
	0x20, 0x20, 0x20, 0x20, 0x20, 0x20, 0x20, 0x20, 0x66, 0x6c, 0x6f, 0x61, 0x74, 0x20, 0x5f, 0x32, //         float _2
	0x33, 0x35, 0x20, 0x3d, 0x20, 0x5f, 0x31, 0x36, 0x39, 0x2e, 0x7a, 0x3b, 0x0a, 0x20, 0x20, 0x20, // 35 = _169.z;.   
	0x20, 0x20, 0x20, 0x20, 0x20, 0x66, 0x6c, 0x6f, 0x61, 0x74, 0x20, 0x5f, 0x33, 0x36, 0x31, 0x3b, //      float _361;
	0x0a, 0x20, 0x20, 0x20, 0x20, 0x20, 0x20, 0x20, 0x20, 0x64, 0x6f, 0x0a, 0x20, 0x20, 0x20, 0x20, // .        do.    
	0x20, 0x20, 0x20, 0x20, 0x7b, 0x0a, 0x20, 0x20, 0x20, 0x20, 0x20, 0x20, 0x20, 0x20, 0x20, 0x20, //     {.          
	0x20, 0x20, 0x69, 0x66, 0x20, 0x28, 0x5f, 0x32, 0x33, 0x35, 0x20, 0x3c, 0x3d, 0x20, 0x30, 0x2e, //   if (_235 <= 0.
	0x30, 0x34, 0x30, 0x34, 0x34, 0x39, 0x39, 0x39, 0x39, 0x32, 0x37, 0x32, 0x38, 0x32, 0x33, 0x33, // 0404499992728233
	0x33, 0x33, 0x37, 0x34, 0x30, 0x32, 0x33, 0x34, 0x33, 0x37, 0x35, 0x29, 0x0a, 0x20, 0x20, 0x20, // 33740234375).   
	0x20, 0x20, 0x20, 0x20, 0x20, 0x20, 0x20, 0x20, 0x20, 0x7b, 0x0a, 0x20, 0x20, 0x20, 0x20, 0x20, //          {.     
	0x20, 0x20, 0x20, 0x20, 0x20, 0x20, 0x20, 0x20, 0x20, 0x20, 0x20, 0x5f, 0x33, 0x36, 0x31, 0x20, //            _361 
	0x3d, 0x20, 0x5f, 0x32, 0x33, 0x35, 0x20, 0x2a, 0x20, 0x30, 0x2e, 0x30, 0x37, 0x37, 0x33, 0x39, // = _235 * 0.07739
	0x39, 0x33, 0x38, 0x30, 0x35, 0x30, 0x35, 0x30, 0x38, 0x34, 0x39, 0x39, 0x31, 0x34, 0x35, 0x35, // 9380505084991455
	0x30, 0x37, 0x38, 0x31, 0x32, 0x35, 0x3b, 0x0a, 0x20, 0x20, 0x20, 0x20, 0x20, 0x20, 0x20, 0x20, // 078125;.        
	0x20, 0x20, 0x20, 0x20, 0x20, 0x20, 0x20, 0x20, 0x62, 0x72, 0x65, 0x61, 0x6b, 0x3b, 0x0a, 0x20, //         break;. 
	0x20, 0x20, 0x20, 0x20, 0x20, 0x20, 0x20, 0x20, 0x20, 0x20, 0x20, 0x7d, 0x0a, 0x20, 0x20, 0x20, //            }.   
	0x20, 0x20, 0x20, 0x20, 0x20, 0x20, 0x20, 0x20, 0x20, 0x65, 0x6c, 0x73, 0x65, 0x0a, 0x20, 0x20, //          else.  
	0x20, 0x20, 0x20, 0x20, 0x20, 0x20, 0x20, 0x20, 0x20, 0x20, 0x7b, 0x0a, 0x20, 0x20, 0x20, 0x20, //           {.    
	0x20, 0x20, 0x20, 0x20, 0x20, 0x20, 0x20, 0x20, 0x20, 0x20, 0x20, 0x20, 0x5f, 0x33, 0x36, 0x31, //             _361
	0x20, 0x3d, 0x20, 0x70, 0x6f, 0x77, 0x28, 0x28, 0x5f, 0x32, 0x33, 0x35, 0x20, 0x2a, 0x20, 0x30, //  = pow((_235 * 0
	0x2e, 0x39, 0x34, 0x37, 0x38, 0x36, 0x37, 0x32, 0x37, 0x34, 0x32, 0x38, 0x34, 0x33, 0x36, 0x32, // .947867274284362
	0x37, 0x39, 0x32, 0x39, 0x36, 0x38, 0x37, 0x35, 0x29, 0x20, 0x2b, 0x20, 0x30, 0x2e, 0x30, 0x35, // 79296875) + 0.05
	0x32, 0x31, 0x33, 0x32, 0x36, 0x39, 0x39, 0x36, 0x33, 0x38, 0x36, 0x30, 0x35, 0x31, 0x31, 0x37, // 2132699638605117
	0x37, 0x39, 0x37, 0x38, 0x35, 0x31, 0x35, 0x36, 0x32, 0x35, 0x2c, 0x20, 0x32, 0x2e, 0x34, 0x30, // 7978515625, 2.40
	0x30, 0x30, 0x30, 0x30, 0x30, 0x39, 0x35, 0x33, 0x36, 0x37, 0x34, 0x33, 0x31, 0x36, 0x34, 0x30, // 0000095367431640
	0x36, 0x32, 0x35, 0x29, 0x3b, 0x0a, 0x20, 0x20, 0x20, 0x20, 0x20, 0x20, 0x20, 0x20, 0x20, 0x20, // 625);.          
	0x20, 0x20, 0x20, 0x20, 0x20, 0x20, 0x62, 0x72, 0x65, 0x61, 0x6b, 0x3b, 0x0a, 0x20, 0x20, 0x20, //       break;.   
	0x20, 0x20, 0x20, 0x20, 0x20, 0x20, 0x20, 0x20, 0x20, 0x7d, 0x0a, 0x20, 0x20, 0x20, 0x20, 0x20, //          }.     
	0x20, 0x20, 0x20, 0x20, 0x20, 0x20, 0x20, 0x62, 0x72, 0x65, 0x61, 0x6b, 0x3b, 0x20, 0x2f, 0x2f, //        break; //
	0x20, 0x75, 0x6e, 0x72, 0x65, 0x61, 0x63, 0x68, 0x61, 0x62, 0x6c, 0x65, 0x20, 0x77, 0x6f, 0x72, //  unreachable wor
	0x6b, 0x61, 0x72, 0x6f, 0x75, 0x6e, 0x64, 0x0a, 0x20, 0x20, 0x20, 0x20, 0x20, 0x20, 0x20, 0x20, // karound.        
	0x7d, 0x20, 0x77, 0x68, 0x69, 0x6c, 0x65, 0x28, 0x66, 0x61, 0x6c, 0x73, 0x65, 0x29, 0x3b, 0x0a, // } while(false);.
	0x20, 0x20, 0x20, 0x20, 0x20, 0x20, 0x20, 0x20, 0x76, 0x65, 0x63, 0x33, 0x20, 0x5f, 0x33, 0x32, //         vec3 _32
	0x36, 0x20, 0x3d, 0x20, 0x70, 0x6f, 0x77, 0x28, 0x28, 0x76, 0x65, 0x63, 0x33, 0x28, 0x5f, 0x33, // 6 = pow((vec3(_3
	0x35, 0x39, 0x2c, 0x20, 0x5f, 0x33, 0x36, 0x30, 0x2c, 0x20, 0x5f, 0x33, 0x36, 0x31, 0x29, 0x20, // 59, _360, _361) 
	0x2a, 0x20, 0x73, 0x74, 0x61, 0x74, 0x69, 0x63, 0x43, 0x6f, 0x6c, 0x6f, 0x72, 0x5f, 0x41, 0x6c, // * staticColor_Al
	0x70, 0x68, 0x61, 0x2e, 0x77, 0x29, 0x20, 0x2a, 0x20, 0x6d, 0x61, 0x74, 0x33, 0x28, 0x76, 0x65, // pha.w) * mat3(ve
	0x63, 0x33, 0x28, 0x30, 0x2e, 0x36, 0x32, 0x37, 0x33, 0x39, 0x39, 0x39, 0x38, 0x31, 0x30, 0x32, // c3(0.62739998102
	0x31, 0x38, 0x38, 0x31, 0x31, 0x30, 0x33, 0x35, 0x31, 0x35, 0x36, 0x32, 0x35, 0x2c, 0x20, 0x30, // 1881103515625, 0
	0x2e, 0x33, 0x32, 0x39, 0x32, 0x39, 0x39, 0x39, 0x38, 0x36, 0x33, 0x36, 0x32, 0x34, 0x35, 0x37, // .329299986362457
	0x32, 0x37, 0x35, 0x33, 0x39, 0x30, 0x36, 0x32, 0x35, 0x2c, 0x20, 0x30, 0x2e, 0x30, 0x34, 0x33, // 275390625, 0.043
	0x32, 0x39, 0x39, 0x39, 0x39, 0x39, 0x30, 0x38, 0x38, 0x30, 0x34, 0x38, 0x39, 0x33, 0x34, 0x39, // 2999990880489349
	0x33, 0x36, 0x35, 0x32, 0x33, 0x34, 0x33, 0x37, 0x35, 0x29, 0x2c, 0x20, 0x76, 0x65, 0x63, 0x33, // 365234375), vec3
	0x28, 0x30, 0x2e, 0x30, 0x36, 0x39, 0x30, 0x39, 0x39, 0x39, 0x39, 0x39, 0x39, 0x36, 0x34, 0x32, // (0.0690999999642
	0x33, 0x37, 0x32, 0x31, 0x33, 0x31, 0x33, 0x34, 0x37, 0x36, 0x35, 0x36, 0x32, 0x35, 0x2c, 0x20, // 37213134765625, 
	0x30, 0x2e, 0x39, 0x31, 0x39, 0x34, 0x39, 0x39, 0x39, 0x39, 0x33, 0x33, 0x32, 0x34, 0x32, 0x37, // 0.91949999332427
	0x39, 0x37, 0x38, 0x35, 0x31, 0x35, 0x36, 0x32, 0x35, 0x2c, 0x20, 0x30, 0x2e, 0x30, 0x31, 0x31, // 978515625, 0.011
	0x33, 0x30, 0x30, 0x30, 0x30, 0x30, 0x33, 0x36, 0x32, 0x30, 0x39, 0x38, 0x32, 0x31, 0x37, 0x30, // 3000003620982170
	0x31, 0x30, 0x34, 0x39, 0x38, 0x30, 0x34, 0x36, 0x38, 0x37, 0x35, 0x29, 0x2c, 0x20, 0x76, 0x65, // 10498046875), ve
	0x63, 0x33, 0x28, 0x30, 0x2e, 0x30, 0x31, 0x36, 0x34, 0x30, 0x30, 0x30, 0x30, 0x30, 0x30, 0x38, // c3(0.01640000008
	0x30, 0x34, 0x36, 0x36, 0x32, 0x37, 0x30, 0x34, 0x34, 0x36, 0x37, 0x37, 0x37, 0x33, 0x34, 0x33, // 0466270446777343
	0x37, 0x35, 0x2c, 0x20, 0x30, 0x2e, 0x30, 0x38, 0x37, 0x39, 0x39, 0x39, 0x39, 0x39, 0x39, 0x35, // 75, 0.0879999995
	0x32, 0x33, 0x31, 0x36, 0x32, 0x38, 0x34, 0x31, 0x37, 0x39, 0x36, 0x38, 0x37, 0x35, 0x2c, 0x20, // 23162841796875, 
	0x30, 0x2e, 0x38, 0x39, 0x35, 0x36, 0x30, 0x30, 0x30, 0x32, 0x30, 0x38, 0x38, 0x35, 0x34, 0x36, // 0.89560002088546
	0x37, 0x35, 0x32, 0x39, 0x32, 0x39, 0x36, 0x38, 0x37, 0x35, 0x29, 0x29, 0x2c, 0x20, 0x76, 0x65, // 7529296875)), ve
	0x63, 0x33, 0x28, 0x30, 0x2e, 0x31, 0x35, 0x39, 0x33, 0x30, 0x31, 0x37, 0x35, 0x37, 0x38, 0x31, // c3(0.15930175781
	0x32, 0x35, 0x29, 0x29, 0x3b, 0x0a, 0x20, 0x20, 0x20, 0x20, 0x20, 0x20, 0x20, 0x20, 0x76, 0x65, // 25));.        ve
	0x63, 0x33, 0x20, 0x5f, 0x33, 0x34, 0x31, 0x20, 0x3d, 0x20, 0x70, 0x6f, 0x77, 0x28, 0x28, 0x76, // c3 _341 = pow((v
	0x65, 0x63, 0x33, 0x28, 0x30, 0x2e, 0x38, 0x33, 0x35, 0x39, 0x33, 0x37, 0x35, 0x29, 0x20, 0x2b, // ec3(0.8359375) +
	0x20, 0x28, 0x5f, 0x33, 0x32, 0x36, 0x20, 0x2a, 0x20, 0x31, 0x38, 0x2e, 0x38, 0x35, 0x31, 0x35, //  (_326 * 18.8515
	0x36, 0x32, 0x35, 0x29, 0x29, 0x20, 0x2f, 0x20, 0x28, 0x76, 0x65, 0x63, 0x33, 0x28, 0x31, 0x2e, // 625)) / (vec3(1.
	0x30, 0x29, 0x20, 0x2b, 0x20, 0x28, 0x5f, 0x33, 0x32, 0x36, 0x20, 0x2a, 0x20, 0x31, 0x38, 0x2e, // 0) + (_326 * 18.
	0x36, 0x38, 0x37, 0x35, 0x29, 0x29, 0x2c, 0x20, 0x76, 0x65, 0x63, 0x33, 0x28, 0x37, 0x38, 0x2e, // 6875)), vec3(78.
	0x38, 0x34, 0x33, 0x37, 0x35, 0x29, 0x29, 0x3b, 0x0a, 0x20, 0x20, 0x20, 0x20, 0x20, 0x20, 0x20, // 84375));.       
	0x20, 0x76, 0x65, 0x63, 0x34, 0x20, 0x5f, 0x33, 0x35, 0x34, 0x20, 0x3d, 0x20, 0x5f, 0x31, 0x36, //  vec4 _354 = _16
	0x39, 0x3b, 0x0a, 0x20, 0x20, 0x20, 0x20, 0x20, 0x20, 0x20, 0x20, 0x5f, 0x33, 0x35, 0x34, 0x2e, // 9;.        _354.
	0x78, 0x20, 0x3d, 0x20, 0x5f, 0x33, 0x34, 0x31, 0x2e, 0x78, 0x3b, 0x0a, 0x20, 0x20, 0x20, 0x20, // x = _341.x;.    
	0x20, 0x20, 0x20, 0x20, 0x5f, 0x33, 0x35, 0x34, 0x2e, 0x79, 0x20, 0x3d, 0x20, 0x5f, 0x33, 0x34, //     _354.y = _34
	0x31, 0x2e, 0x79, 0x3b, 0x0a, 0x20, 0x20, 0x20, 0x20, 0x20, 0x20, 0x20, 0x20, 0x5f, 0x33, 0x35, // 1.y;.        _35
	0x34, 0x2e, 0x7a, 0x20, 0x3d, 0x20, 0x5f, 0x33, 0x34, 0x31, 0x2e, 0x7a, 0x3b, 0x0a, 0x20, 0x20, // 4.z = _341.z;.  
	0x20, 0x20, 0x20, 0x20, 0x20, 0x20, 0x5f, 0x33, 0x36, 0x35, 0x20, 0x3d, 0x20, 0x5f, 0x33, 0x35, //       _365 = _35
	0x34, 0x3b, 0x0a, 0x20, 0x20, 0x20, 0x20, 0x7d, 0x0a, 0x20, 0x20, 0x20, 0x20, 0x65, 0x6c, 0x73, // 4;.    }.    els
	0x65, 0x0a, 0x20, 0x20, 0x20, 0x20, 0x7b, 0x0a, 0x20, 0x20, 0x20, 0x20, 0x20, 0x20, 0x20, 0x20, // e.    {.        
	0x5f, 0x33, 0x36, 0x35, 0x20, 0x3d, 0x20, 0x5f, 0x31, 0x36, 0x39, 0x3b, 0x0a, 0x20, 0x20, 0x20, // _365 = _169;.   
	0x20, 0x7d, 0x0a, 0x20, 0x20, 0x20, 0x20, 0x62, 0x67, 0x66, 0x78, 0x5f, 0x46, 0x72, 0x61, 0x67, //  }.    bgfx_Frag
	0x43, 0x6f, 0x6c, 0x6f, 0x72, 0x20, 0x3d, 0x20, 0x5f, 0x33, 0x36, 0x35, 0x3b, 0x0a, 0x7d, 0x0a, // Color = _365;.}.
	0x0a, 0x00,                                                                                     // ..
};
static const uint8_t fs_imgui_st_dxbc[1688] =
{
	0x46, 0x53, 0x48, 0x0c, 0x4f, 0x45, 0x98, 0x49, 0x00, 0x00, 0x00, 0x00, 0x00, 0x00, 0x00, 0x00, // FSH.OE.I........
	0x00, 0x00, 0x00, 0x00, 0x03, 0x00, 0x0a, 0x63, 0x6c, 0x69, 0x70, 0x5f, 0x70, 0x6c, 0x61, 0x6e, // .......clip_plan
	0x65, 0x12, 0x00, 0x00, 0x00, 0x01, 0x00, 0x00, 0x00, 0x00, 0x00, 0x11, 0x73, 0x74, 0x61, 0x74, // e...........stat
	0x69, 0x63, 0x43, 0x6f, 0x6c, 0x6f, 0x72, 0x5f, 0x41, 0x6c, 0x70, 0x68, 0x61, 0x12, 0x00, 0x10, // icColor_Alpha...
	0x00, 0x01, 0x00, 0x00, 0x00, 0x00, 0x00, 0x0e, 0x74, 0x65, 0x78, 0x5f, 0x62, 0x61, 0x73, 0x65, // ........tex_base
	0x5f, 0x63, 0x6f, 0x6c, 0x6f, 0x72, 0x30, 0x01, 0x00, 0x00, 0x01, 0x00, 0x00, 0x02, 0x00, 0x00, // _color0.........
	0x30, 0x06, 0x00, 0x00, 0x44, 0x58, 0x42, 0x43, 0x71, 0x4a, 0xae, 0x0a, 0x99, 0x20, 0x39, 0xe6, // 0...DXBCqJ... 9.
	0xfb, 0x36, 0xdf, 0x7f, 0x82, 0x7e, 0x8c, 0x73, 0x01, 0x00, 0x00, 0x00, 0x30, 0x06, 0x00, 0x00, // .6...~.s....0...
	0x03, 0x00, 0x00, 0x00, 0x2c, 0x00, 0x00, 0x00, 0xb8, 0x00, 0x00, 0x00, 0xec, 0x00, 0x00, 0x00, // ....,...........
	0x49, 0x53, 0x47, 0x4e, 0x84, 0x00, 0x00, 0x00, 0x04, 0x00, 0x00, 0x00, 0x08, 0x00, 0x00, 0x00, // ISGN............
	0x68, 0x00, 0x00, 0x00, 0x00, 0x00, 0x00, 0x00, 0x01, 0x00, 0x00, 0x00, 0x03, 0x00, 0x00, 0x00, // h...............
	0x00, 0x00, 0x00, 0x00, 0x0f, 0x00, 0x00, 0x00, 0x74, 0x00, 0x00, 0x00, 0x00, 0x00, 0x00, 0x00, // ........t.......
	0x00, 0x00, 0x00, 0x00, 0x03, 0x00, 0x00, 0x00, 0x01, 0x00, 0x00, 0x00, 0x0f, 0x0f, 0x00, 0x00, // ................
	0x7a, 0x00, 0x00, 0x00, 0x00, 0x00, 0x00, 0x00, 0x00, 0x00, 0x00, 0x00, 0x03, 0x00, 0x00, 0x00, // z...............
	0x02, 0x00, 0x00, 0x00, 0x03, 0x03, 0x00, 0x00, 0x7a, 0x00, 0x00, 0x00, 0x01, 0x00, 0x00, 0x00, // ........z.......
	0x00, 0x00, 0x00, 0x00, 0x03, 0x00, 0x00, 0x00, 0x02, 0x00, 0x00, 0x00, 0x0c, 0x0c, 0x00, 0x00, // ................
	0x53, 0x56, 0x5f, 0x50, 0x4f, 0x53, 0x49, 0x54, 0x49, 0x4f, 0x4e, 0x00, 0x43, 0x4f, 0x4c, 0x4f, // SV_POSITION.COLO
	0x52, 0x00, 0x54, 0x45, 0x58, 0x43, 0x4f, 0x4f, 0x52, 0x44, 0x00, 0xab, 0x4f, 0x53, 0x47, 0x4e, // R.TEXCOORD..OSGN
	0x2c, 0x00, 0x00, 0x00, 0x01, 0x00, 0x00, 0x00, 0x08, 0x00, 0x00, 0x00, 0x20, 0x00, 0x00, 0x00, // ,........... ...
	0x00, 0x00, 0x00, 0x00, 0x00, 0x00, 0x00, 0x00, 0x03, 0x00, 0x00, 0x00, 0x00, 0x00, 0x00, 0x00, // ................
	0x0f, 0x00, 0x00, 0x00, 0x53, 0x56, 0x5f, 0x54, 0x41, 0x52, 0x47, 0x45, 0x54, 0x00, 0xab, 0xab, // ....SV_TARGET...
	0x53, 0x48, 0x45, 0x58, 0x3c, 0x05, 0x00, 0x00, 0x50, 0x00, 0x00, 0x00, 0x4f, 0x01, 0x00, 0x00, // SHEX<...P...O...
	0x6a, 0x08, 0x00, 0x01, 0x59, 0x00, 0x00, 0x04, 0x46, 0x8e, 0x20, 0x00, 0x00, 0x00, 0x00, 0x00, // j...Y...F. .....
	0x02, 0x00, 0x00, 0x00, 0x5a, 0x00, 0x00, 0x03, 0x00, 0x60, 0x10, 0x00, 0x00, 0x00, 0x00, 0x00, // ....Z....`......
	0x58, 0x18, 0x00, 0x04, 0x00, 0x70, 0x10, 0x00, 0x00, 0x00, 0x00, 0x00, 0x55, 0x55, 0x00, 0x00, // X....p......UU..
	0x62, 0x10, 0x00, 0x03, 0xf2, 0x10, 0x10, 0x00, 0x01, 0x00, 0x00, 0x00, 0x62, 0x10, 0x00, 0x03, // b...........b...
	0x32, 0x10, 0x10, 0x00, 0x02, 0x00, 0x00, 0x00, 0x62, 0x10, 0x00, 0x03, 0xc2, 0x10, 0x10, 0x00, // 2.......b.......
	0x02, 0x00, 0x00, 0x00, 0x65, 0x00, 0x00, 0x03, 0xf2, 0x20, 0x10, 0x00, 0x00, 0x00, 0x00, 0x00, // ....e.... ......
	0x68, 0x00, 0x00, 0x02, 0x04, 0x00, 0x00, 0x00, 0x31, 0x00, 0x00, 0x08, 0x32, 0x00, 0x10, 0x00, // h.......1...2...
	0x00, 0x00, 0x00, 0x00, 0xe6, 0x1a, 0x10, 0x00, 0x02, 0x00, 0x00, 0x00, 0x46, 0x80, 0x20, 0x00, // ............F. .
	0x00, 0x00, 0x00, 0x00, 0x00, 0x00, 0x00, 0x00, 0x3c, 0x00, 0x00, 0x07, 0x12, 0x00, 0x10, 0x00, // ........<.......
	0x00, 0x00, 0x00, 0x00, 0x1a, 0x00, 0x10, 0x00, 0x00, 0x00, 0x00, 0x00, 0x0a, 0x00, 0x10, 0x00, // ................
	0x00, 0x00, 0x00, 0x00, 0x31, 0x00, 0x00, 0x08, 0x62, 0x00, 0x10, 0x00, 0x00, 0x00, 0x00, 0x00, // ....1...b.......
	0xa6, 0x8b, 0x20, 0x00, 0x00, 0x00, 0x00, 0x00, 0x00, 0x00, 0x00, 0x00, 0xa6, 0x1b, 0x10, 0x00, // .. .............
	0x02, 0x00, 0x00, 0x00, 0x3c, 0x00, 0x00, 0x07, 0x22, 0x00, 0x10, 0x00, 0x00, 0x00, 0x00, 0x00, // ....<...".......
	0x2a, 0x00, 0x10, 0x00, 0x00, 0x00, 0x00, 0x00, 0x1a, 0x00, 0x10, 0x00, 0x00, 0x00, 0x00, 0x00, // *...............
	0x3c, 0x00, 0x00, 0x07, 0x12, 0x00, 0x10, 0x00, 0x00, 0x00, 0x00, 0x00, 0x1a, 0x00, 0x10, 0x00, // <...............
	0x00, 0x00, 0x00, 0x00, 0x0a, 0x00, 0x10, 0x00, 0x00, 0x00, 0x00, 0x00, 0x0d, 0x00, 0x04, 0x03, // ................
	0x0a, 0x00, 0x10, 0x00, 0x00, 0x00, 0x00, 0x00, 0x45, 0x00, 0x00, 0x8b, 0xc2, 0x00, 0x00, 0x80, // ........E.......
	0x43, 0x55, 0x15, 0x00, 0xf2, 0x00, 0x10, 0x00, 0x00, 0x00, 0x00, 0x00, 0x46, 0x10, 0x10, 0x00, // CU..........F...
	0x02, 0x00, 0x00, 0x00, 0x46, 0x7e, 0x10, 0x00, 0x00, 0x00, 0x00, 0x00, 0x00, 0x60, 0x10, 0x00, // ....F~.......`..
	0x00, 0x00, 0x00, 0x00, 0x38, 0x00, 0x00, 0x07, 0xf2, 0x00, 0x10, 0x00, 0x00, 0x00, 0x00, 0x00, // ....8...........
	0x46, 0x0e, 0x10, 0x00, 0x00, 0x00, 0x00, 0x00, 0x46, 0x1e, 0x10, 0x00, 0x01, 0x00, 0x00, 0x00, // F.......F.......
	0x31, 0x00, 0x00, 0x08, 0x12, 0x00, 0x10, 0x00, 0x01, 0x00, 0x00, 0x00, 0x01, 0x40, 0x00, 0x00, // 1............@..
	0x00, 0x00, 0x00, 0x00, 0x3a, 0x80, 0x20, 0x00, 0x00, 0x00, 0x00, 0x00, 0x01, 0x00, 0x00, 0x00, // ....:. .........
	0x1f, 0x00, 0x04, 0x03, 0x0a, 0x00, 0x10, 0x00, 0x01, 0x00, 0x00, 0x00, 0x1d, 0x00, 0x00, 0x0a, // ................
	0x72, 0x00, 0x10, 0x00, 0x01, 0x00, 0x00, 0x00, 0x02, 0x40, 0x00, 0x00, 0xe6, 0xae, 0x25, 0x3d, // r........@....%=
	0xe6, 0xae, 0x25, 0x3d, 0xe6, 0xae, 0x25, 0x3d, 0x00, 0x00, 0x00, 0x00, 0x46, 0x02, 0x10, 0x00, // ..%=..%=....F...
	0x00, 0x00, 0x00, 0x00, 0x38, 0x00, 0x00, 0x0a, 0x32, 0x00, 0x10, 0x00, 0x02, 0x00, 0x00, 0x00, // ....8...2.......
	0x46, 0x00, 0x10, 0x00, 0x00, 0x00, 0x00, 0x00, 0x02, 0x40, 0x00, 0x00, 0x91, 0x83, 0x9e, 0x3d, // F........@.....=
	0x91, 0x83, 0x9e, 0x3d, 0x00, 0x00, 0x00, 0x00, 0x00, 0x00, 0x00, 0x00, 0x32, 0x00, 0x00, 0x0f, // ...=........2...
	0xc2, 0x00, 0x10, 0x00, 0x02, 0x00, 0x00, 0x00, 0x06, 0x04, 0x10, 0x00, 0x00, 0x00, 0x00, 0x00, // ................
	0x02, 0x40, 0x00, 0x00, 0x00, 0x00, 0x00, 0x00, 0x00, 0x00, 0x00, 0x00, 0x6e, 0xa7, 0x72, 0x3f, // .@..........n.r?
	0x6e, 0xa7, 0x72, 0x3f, 0x02, 0x40, 0x00, 0x00, 0x00, 0x00, 0x00, 0x00, 0x00, 0x00, 0x00, 0x00, // n.r?.@..........
	0x19, 0x89, 0x55, 0x3d, 0x19, 0x89, 0x55, 0x3d, 0x2f, 0x00, 0x00, 0x05, 0xc2, 0x00, 0x10, 0x00, // ..U=..U=/.......
	0x02, 0x00, 0x00, 0x00, 0xa6, 0x0e, 0x10, 0x00, 0x02, 0x00, 0x00, 0x00, 0x38, 0x00, 0x00, 0x0a, // ............8...
	0xc2, 0x00, 0x10, 0x00, 0x02, 0x00, 0x00, 0x00, 0xa6, 0x0e, 0x10, 0x00, 0x02, 0x00, 0x00, 0x00, // ................
	0x02, 0x40, 0x00, 0x00, 0x00, 0x00, 0x00, 0x00, 0x00, 0x00, 0x00, 0x00, 0x9a, 0x99, 0x19, 0x40, // .@.............@
	0x9a, 0x99, 0x19, 0x40, 0x19, 0x00, 0x00, 0x05, 0xc2, 0x00, 0x10, 0x00, 0x02, 0x00, 0x00, 0x00, // ...@............
	0xa6, 0x0e, 0x10, 0x00, 0x02, 0x00, 0x00, 0x00, 0x37, 0x00, 0x00, 0x09, 0x32, 0x00, 0x10, 0x00, // ........7...2...
	0x02, 0x00, 0x00, 0x00, 0x46, 0x00, 0x10, 0x00, 0x01, 0x00, 0x00, 0x00, 0x46, 0x00, 0x10, 0x00, // ....F.......F...
	0x02, 0x00, 0x00, 0x00, 0xe6, 0x0a, 0x10, 0x00, 0x02, 0x00, 0x00, 0x00, 0x38, 0x00, 0x00, 0x07, // ............8...
	0x12, 0x00, 0x10, 0x00, 0x01, 0x00, 0x00, 0x00, 0x2a, 0x00, 0x10, 0x00, 0x00, 0x00, 0x00, 0x00, // ........*.......
	0x01, 0x40, 0x00, 0x00, 0x91, 0x83, 0x9e, 0x3d, 0x32, 0x00, 0x00, 0x09, 0x22, 0x00, 0x10, 0x00, // .@.....=2..."...
	0x01, 0x00, 0x00, 0x00, 0x2a, 0x00, 0x10, 0x00, 0x00, 0x00, 0x00, 0x00, 0x01, 0x40, 0x00, 0x00, // ....*........@..
	0x6e, 0xa7, 0x72, 0x3f, 0x01, 0x40, 0x00, 0x00, 0x19, 0x89, 0x55, 0x3d, 0x2f, 0x00, 0x00, 0x05, // n.r?.@....U=/...
	0x22, 0x00, 0x10, 0x00, 0x01, 0x00, 0x00, 0x00, 0x1a, 0x00, 0x10, 0x00, 0x01, 0x00, 0x00, 0x00, // "...............
	0x38, 0x00, 0x00, 0x07, 0x22, 0x00, 0x10, 0x00, 0x01, 0x00, 0x00, 0x00, 0x1a, 0x00, 0x10, 0x00, // 8..."...........
	0x01, 0x00, 0x00, 0x00, 0x01, 0x40, 0x00, 0x00, 0x9a, 0x99, 0x19, 0x40, 0x19, 0x00, 0x00, 0x05, // .....@.....@....
	0x22, 0x00, 0x10, 0x00, 0x01, 0x00, 0x00, 0x00, 0x1a, 0x00, 0x10, 0x00, 0x01, 0x00, 0x00, 0x00, // "...............
	0x37, 0x00, 0x00, 0x09, 0x42, 0x00, 0x10, 0x00, 0x02, 0x00, 0x00, 0x00, 0x2a, 0x00, 0x10, 0x00, // 7...B.......*...
	0x01, 0x00, 0x00, 0x00, 0x0a, 0x00, 0x10, 0x00, 0x01, 0x00, 0x00, 0x00, 0x1a, 0x00, 0x10, 0x00, // ................
	0x01, 0x00, 0x00, 0x00, 0x38, 0x00, 0x00, 0x08, 0x72, 0x00, 0x10, 0x00, 0x01, 0x00, 0x00, 0x00, // ....8...r.......
	0x46, 0x02, 0x10, 0x00, 0x02, 0x00, 0x00, 0x00, 0xf6, 0x8f, 0x20, 0x00, 0x00, 0x00, 0x00, 0x00, // F......... .....
	0x01, 0x00, 0x00, 0x00, 0x10, 0x00, 0x00, 0x0a, 0x82, 0x00, 0x10, 0x00, 0x01, 0x00, 0x00, 0x00, // ................
	0x46, 0x02, 0x10, 0x00, 0x01, 0x00, 0x00, 0x00, 0x02, 0x40, 0x00, 0x00, 0x49, 0x9d, 0x20, 0x3f, // F........@..I. ?
	0x02, 0x9a, 0xa8, 0x3e, 0x57, 0x5b, 0x31, 0x3d, 0x00, 0x00, 0x00, 0x00, 0x10, 0x00, 0x00, 0x0a, // ...>W[1=........
	0x12, 0x00, 0x10, 0x00, 0x02, 0x00, 0x00, 0x00, 0x46, 0x02, 0x10, 0x00, 0x01, 0x00, 0x00, 0x00, // ........F.......
	0x02, 0x40, 0x00, 0x00, 0x4d, 0x84, 0x8d, 0x3d, 0x5a, 0x64, 0x6b, 0x3f, 0xa3, 0x23, 0x39, 0x3c, // .@..M..=Zdk?.#9<
	0x00, 0x00, 0x00, 0x00, 0x10, 0x00, 0x00, 0x0a, 0x12, 0x00, 0x10, 0x00, 0x01, 0x00, 0x00, 0x00, // ................
	0x46, 0x02, 0x10, 0x00, 0x01, 0x00, 0x00, 0x00, 0x02, 0x40, 0x00, 0x00, 0x4b, 0x59, 0x86, 0x3c, // F........@..KY.<
	0x58, 0x39, 0xb4, 0x3d, 0x0b, 0x46, 0x65, 0x3f, 0x00, 0x00, 0x00, 0x00, 0x2f, 0x00, 0x00, 0x05, // X9.=.Fe?..../...
	0x12, 0x00, 0x10, 0x00, 0x03, 0x00, 0x00, 0x00, 0x3a, 0x00, 0x10, 0x00, 0x01, 0x00, 0x00, 0x00, // ........:.......
	0x2f, 0x00, 0x00, 0x05, 0x22, 0x00, 0x10, 0x00, 0x03, 0x00, 0x00, 0x00, 0x0a, 0x00, 0x10, 0x00, // /..."...........
	0x02, 0x00, 0x00, 0x00, 0x2f, 0x00, 0x00, 0x05, 0x42, 0x00, 0x10, 0x00, 0x03, 0x00, 0x00, 0x00, // ..../...B.......
	0x0a, 0x00, 0x10, 0x00, 0x01, 0x00, 0x00, 0x00, 0x38, 0x00, 0x00, 0x0a, 0x72, 0x00, 0x10, 0x00, // ........8...r...
	0x01, 0x00, 0x00, 0x00, 0x46, 0x02, 0x10, 0x00, 0x03, 0x00, 0x00, 0x00, 0x02, 0x40, 0x00, 0x00, // ....F........@..
	0x00, 0x20, 0x23, 0x3e, 0x00, 0x20, 0x23, 0x3e, 0x00, 0x20, 0x23, 0x3e, 0x00, 0x00, 0x00, 0x00, // . #>. #>. #>....
	0x19, 0x00, 0x00, 0x05, 0x72, 0x00, 0x10, 0x00, 0x01, 0x00, 0x00, 0x00, 0x46, 0x02, 0x10, 0x00, // ....r.......F...
	0x01, 0x00, 0x00, 0x00, 0x32, 0x00, 0x00, 0x0f, 0x72, 0x00, 0x10, 0x00, 0x02, 0x00, 0x00, 0x00, // ....2...r.......
	0x46, 0x02, 0x10, 0x00, 0x01, 0x00, 0x00, 0x00, 0x02, 0x40, 0x00, 0x00, 0x00, 0xd0, 0x96, 0x41, // F........@.....A
	0x00, 0xd0, 0x96, 0x41, 0x00, 0xd0, 0x96, 0x41, 0x00, 0x00, 0x00, 0x00, 0x02, 0x40, 0x00, 0x00, // ...A...A.....@..
	0x00, 0x00, 0x56, 0x3f, 0x00, 0x00, 0x56, 0x3f, 0x00, 0x00, 0x56, 0x3f, 0x00, 0x00, 0x00, 0x00, // ..V?..V?..V?....
	0x32, 0x00, 0x00, 0x0f, 0x72, 0x00, 0x10, 0x00, 0x01, 0x00, 0x00, 0x00, 0x46, 0x02, 0x10, 0x00, // 2...r.......F...
	0x01, 0x00, 0x00, 0x00, 0x02, 0x40, 0x00, 0x00, 0x00, 0x80, 0x95, 0x41, 0x00, 0x80, 0x95, 0x41, // .....@.....A...A
	0x00, 0x80, 0x95, 0x41, 0x00, 0x00, 0x00, 0x00, 0x02, 0x40, 0x00, 0x00, 0x00, 0x00, 0x80, 0x3f, // ...A.....@.....?
	0x00, 0x00, 0x80, 0x3f, 0x00, 0x00, 0x80, 0x3f, 0x00, 0x00, 0x00, 0x00, 0x0e, 0x00, 0x00, 0x07, // ...?...?........
	0x72, 0x00, 0x10, 0x00, 0x01, 0x00, 0x00, 0x00, 0x46, 0x02, 0x10, 0x00, 0x02, 0x00, 0x00, 0x00, // r.......F.......
	0x46, 0x02, 0x10, 0x00, 0x01, 0x00, 0x00, 0x00, 0x2f, 0x00, 0x00, 0x05, 0x72, 0x00, 0x10, 0x00, // F......./...r...
	0x01, 0x00, 0x00, 0x00, 0x46, 0x02, 0x10, 0x00, 0x01, 0x00, 0x00, 0x00, 0x38, 0x00, 0x00, 0x0a, // ....F.......8...
	0x72, 0x00, 0x10, 0x00, 0x01, 0x00, 0x00, 0x00, 0x46, 0x02, 0x10, 0x00, 0x01, 0x00, 0x00, 0x00, // r.......F.......
	0x02, 0x40, 0x00, 0x00, 0x00, 0xb0, 0x9d, 0x42, 0x00, 0xb0, 0x9d, 0x42, 0x00, 0xb0, 0x9d, 0x42, // .@.....B...B...B
	0x00, 0x00, 0x00, 0x00, 0x19, 0x00, 0x00, 0x05, 0x72, 0x00, 0x10, 0x00, 0x00, 0x00, 0x00, 0x00, // ........r.......
	0x46, 0x02, 0x10, 0x00, 0x01, 0x00, 0x00, 0x00, 0x15, 0x00, 0x00, 0x01, 0x36, 0x00, 0x00, 0x05, // F...........6...
	0xf2, 0x20, 0x10, 0x00, 0x00, 0x00, 0x00, 0x00, 0x46, 0x0e, 0x10, 0x00, 0x00, 0x00, 0x00, 0x00, // . ......F.......
	0x3e, 0x00, 0x00, 0x01, 0x00, 0x00, 0x20, 0x00,                                                 // >..... .
};
static const uint8_t fs_imgui_st_dxil[3776] =
{
	0x46, 0x53, 0x48, 0x0c, 0x4f, 0x45, 0x98, 0x49, 0x00, 0x00, 0x00, 0x00, 0x00, 0x00, 0x00, 0x00, // FSH.OE.I........
	0x00, 0x00, 0x00, 0x00, 0x03, 0x00, 0x0a, 0x63, 0x6c, 0x69, 0x70, 0x5f, 0x70, 0x6c, 0x61, 0x6e, // .......clip_plan
	0x65, 0x12, 0x00, 0x00, 0x00, 0x01, 0x00, 0x00, 0x00, 0x00, 0x00, 0x11, 0x73, 0x74, 0x61, 0x74, // e...........stat
	0x69, 0x63, 0x43, 0x6f, 0x6c, 0x6f, 0x72, 0x5f, 0x41, 0x6c, 0x70, 0x68, 0x61, 0x12, 0x00, 0x10, // icColor_Alpha...
	0x00, 0x01, 0x00, 0x00, 0x00, 0x00, 0x00, 0x0e, 0x74, 0x65, 0x78, 0x5f, 0x62, 0x61, 0x73, 0x65, // ........tex_base
	0x5f, 0x63, 0x6f, 0x6c, 0x6f, 0x72, 0x30, 0x01, 0x00, 0x00, 0x01, 0x00, 0x00, 0x02, 0x00, 0x00, // _color0.........
	0x58, 0x0e, 0x00, 0x00, 0x44, 0x58, 0x42, 0x43, 0x06, 0x36, 0x42, 0x8b, 0xbe, 0x5a, 0x73, 0x77, // X...DXBC.6B..Zsw
	0x27, 0x04, 0xcb, 0xf1, 0x38, 0x33, 0x25, 0x32, 0x01, 0x00, 0x00, 0x00, 0x58, 0x0e, 0x00, 0x00, // '...83%2....X...
	0x07, 0x00, 0x00, 0x00, 0x3c, 0x00, 0x00, 0x00, 0x4c, 0x00, 0x00, 0x00, 0xf8, 0x00, 0x00, 0x00, // ....<...L.......
	0x34, 0x01, 0x00, 0x00, 0x78, 0x02, 0x00, 0x00, 0xac, 0x02, 0x00, 0x00, 0xc8, 0x02, 0x00, 0x00, // 4...x...........
	0x53, 0x46, 0x49, 0x30, 0x08, 0x00, 0x00, 0x00, 0x00, 0x00, 0x00, 0x00, 0x00, 0x00, 0x00, 0x00, // SFI0............
	0x49, 0x53, 0x47, 0x31, 0xa4, 0x00, 0x00, 0x00, 0x04, 0x00, 0x00, 0x00, 0x08, 0x00, 0x00, 0x00, // ISG1............
	0x00, 0x00, 0x00, 0x00, 0x88, 0x00, 0x00, 0x00, 0x00, 0x00, 0x00, 0x00, 0x01, 0x00, 0x00, 0x00, // ................
	0x03, 0x00, 0x00, 0x00, 0x00, 0x00, 0x00, 0x00, 0x0f, 0x00, 0x00, 0x00, 0x00, 0x00, 0x00, 0x00, // ................
	0x00, 0x00, 0x00, 0x00, 0x94, 0x00, 0x00, 0x00, 0x00, 0x00, 0x00, 0x00, 0x00, 0x00, 0x00, 0x00, // ................
	0x03, 0x00, 0x00, 0x00, 0x01, 0x00, 0x00, 0x00, 0x0f, 0x0f, 0x00, 0x00, 0x00, 0x00, 0x00, 0x00, // ................
	0x00, 0x00, 0x00, 0x00, 0x9a, 0x00, 0x00, 0x00, 0x00, 0x00, 0x00, 0x00, 0x00, 0x00, 0x00, 0x00, // ................
	0x03, 0x00, 0x00, 0x00, 0x02, 0x00, 0x00, 0x00, 0x03, 0x03, 0x00, 0x00, 0x00, 0x00, 0x00, 0x00, // ................
	0x00, 0x00, 0x00, 0x00, 0x9a, 0x00, 0x00, 0x00, 0x01, 0x00, 0x00, 0x00, 0x00, 0x00, 0x00, 0x00, // ................
	0x03, 0x00, 0x00, 0x00, 0x02, 0x00, 0x00, 0x00, 0x0c, 0x0c, 0x00, 0x00, 0x00, 0x00, 0x00, 0x00, // ................
	0x53, 0x56, 0x5f, 0x50, 0x6f, 0x73, 0x69, 0x74, 0x69, 0x6f, 0x6e, 0x00, 0x43, 0x4f, 0x4c, 0x4f, // SV_Position.COLO
	0x52, 0x00, 0x54, 0x45, 0x58, 0x43, 0x4f, 0x4f, 0x52, 0x44, 0x00, 0x00, 0x4f, 0x53, 0x47, 0x31, // R.TEXCOORD..OSG1
	0x34, 0x00, 0x00, 0x00, 0x01, 0x00, 0x00, 0x00, 0x08, 0x00, 0x00, 0x00, 0x00, 0x00, 0x00, 0x00, // 4...............
	0x28, 0x00, 0x00, 0x00, 0x00, 0x00, 0x00, 0x00, 0x40, 0x00, 0x00, 0x00, 0x03, 0x00, 0x00, 0x00, // (.......@.......
	0x00, 0x00, 0x00, 0x00, 0x0f, 0x00, 0x00, 0x00, 0x00, 0x00, 0x00, 0x00, 0x53, 0x56, 0x5f, 0x54, // ............SV_T
	0x61, 0x72, 0x67, 0x65, 0x74, 0x00, 0x00, 0x00, 0x50, 0x53, 0x56, 0x30, 0x3c, 0x01, 0x00, 0x00, // arget...PSV0<...
	0x34, 0x00, 0x00, 0x00, 0x00, 0x00, 0x00, 0x00, 0x00, 0x00, 0x00, 0x00, 0x00, 0x00, 0x00, 0x00, // 4...............
	0x00, 0x00, 0x00, 0x00, 0x00, 0x00, 0x00, 0x00, 0xff, 0xff, 0xff, 0xff, 0x00, 0x00, 0x00, 0x00, // ................
	0x04, 0x01, 0x00, 0x03, 0x01, 0x00, 0x00, 0x00, 0x00, 0x00, 0x00, 0x00, 0x00, 0x00, 0x00, 0x00, // ................
	0x00, 0x00, 0x00, 0x00, 0x19, 0x00, 0x00, 0x00, 0x03, 0x00, 0x00, 0x00, 0x18, 0x00, 0x00, 0x00, // ................
	0x02, 0x00, 0x00, 0x00, 0x00, 0x00, 0x00, 0x00, 0x00, 0x00, 0x00, 0x00, 0x00, 0x00, 0x00, 0x00, // ................
	0x0d, 0x00, 0x00, 0x00, 0x00, 0x00, 0x00, 0x00, 0x01, 0x00, 0x00, 0x00, 0x00, 0x00, 0x00, 0x00, // ................
	0x00, 0x00, 0x00, 0x00, 0x00, 0x00, 0x00, 0x00, 0x0e, 0x00, 0x00, 0x00, 0x00, 0x00, 0x00, 0x00, // ................
	0x03, 0x00, 0x00, 0x00, 0x00, 0x00, 0x00, 0x00, 0x00, 0x00, 0x00, 0x00, 0x00, 0x00, 0x00, 0x00, // ................
	0x02, 0x00, 0x00, 0x00, 0x00, 0x00, 0x00, 0x00, 0x20, 0x00, 0x00, 0x00, 0x00, 0x43, 0x4f, 0x4c, // ........ ....COL
	0x4f, 0x52, 0x00, 0x54, 0x45, 0x58, 0x43, 0x4f, 0x4f, 0x52, 0x44, 0x00, 0x54, 0x45, 0x58, 0x43, // OR.TEXCOORD.TEXC
	0x4f, 0x4f, 0x52, 0x44, 0x00, 0x6d, 0x61, 0x69, 0x6e, 0x00, 0x00, 0x00, 0x02, 0x00, 0x00, 0x00, // OORD.main.......
	0x00, 0x00, 0x00, 0x00, 0x01, 0x00, 0x00, 0x00, 0x10, 0x00, 0x00, 0x00, 0x00, 0x00, 0x00, 0x00, // ................
	0x00, 0x00, 0x00, 0x00, 0x01, 0x00, 0x44, 0x03, 0x03, 0x04, 0x00, 0x00, 0x01, 0x00, 0x00, 0x00, // ......D.........
	0x00, 0x00, 0x00, 0x00, 0x01, 0x01, 0x44, 0x00, 0x03, 0x02, 0x00, 0x00, 0x07, 0x00, 0x00, 0x00, // ......D.........
	0x00, 0x00, 0x00, 0x00, 0x01, 0x02, 0x42, 0x00, 0x03, 0x02, 0x00, 0x00, 0x10, 0x00, 0x00, 0x00, // ......B.........
	0x01, 0x00, 0x00, 0x00, 0x01, 0x02, 0x62, 0x00, 0x03, 0x02, 0x00, 0x00, 0x00, 0x00, 0x00, 0x00, // ......b.........
	0x00, 0x00, 0x00, 0x00, 0x01, 0x00, 0x44, 0x10, 0x03, 0x00, 0x00, 0x00, 0x00, 0x00, 0x00, 0x00, // ......D.........
	0x00, 0x00, 0x00, 0x00, 0x00, 0x00, 0x00, 0x00, 0x00, 0x00, 0x00, 0x00, 0x07, 0x00, 0x00, 0x00, // ................
	0x07, 0x00, 0x00, 0x00, 0x07, 0x00, 0x00, 0x00, 0x08, 0x00, 0x00, 0x00, 0x0f, 0x00, 0x00, 0x00, // ................
	0x0f, 0x00, 0x00, 0x00, 0x00, 0x00, 0x00, 0x00, 0x00, 0x00, 0x00, 0x00, 0x49, 0x4c, 0x44, 0x4e, // ............ILDN
	0x2c, 0x00, 0x00, 0x00, 0x00, 0x00, 0x24, 0x00, 0x31, 0x62, 0x39, 0x64, 0x34, 0x66, 0x37, 0x64, // ,.....$.1b9d4f7d
	0x64, 0x62, 0x30, 0x61, 0x66, 0x32, 0x65, 0x32, 0x34, 0x64, 0x65, 0x37, 0x30, 0x62, 0x33, 0x31, // db0af2e24de70b31
	0x65, 0x62, 0x32, 0x31, 0x32, 0x38, 0x38, 0x31, 0x2e, 0x70, 0x64, 0x62, 0x00, 0x00, 0x00, 0x00, // eb212881.pdb....
	0x48, 0x41, 0x53, 0x48, 0x14, 0x00, 0x00, 0x00, 0x00, 0x00, 0x00, 0x00, 0x1b, 0x9d, 0x4f, 0x7d, // HASH..........O}
	0xdb, 0x0a, 0xf2, 0xe2, 0x4d, 0xe7, 0x0b, 0x31, 0xeb, 0x21, 0x28, 0x81, 0x44, 0x58, 0x49, 0x4c, // ....M..1.!(.DXIL
	0x88, 0x0b, 0x00, 0x00, 0x60, 0x00, 0x00, 0x00, 0xe2, 0x02, 0x00, 0x00, 0x44, 0x58, 0x49, 0x4c, // ....`.......DXIL
	0x00, 0x01, 0x00, 0x00, 0x10, 0x00, 0x00, 0x00, 0x70, 0x0b, 0x00, 0x00, 0x42, 0x43, 0xc0, 0xde, // ........p...BC..
	0x21, 0x0c, 0x00, 0x00, 0xd9, 0x02, 0x00, 0x00, 0x0b, 0x82, 0x20, 0x00, 0x02, 0x00, 0x00, 0x00, // !......... .....
	0x13, 0x00, 0x00, 0x00, 0x07, 0x81, 0x23, 0x91, 0x41, 0xc8, 0x04, 0x49, 0x06, 0x10, 0x32, 0x39, // ......#.A..I..29
	0x92, 0x01, 0x84, 0x0c, 0x25, 0x05, 0x08, 0x19, 0x1e, 0x04, 0x8b, 0x62, 0x80, 0x18, 0x45, 0x02, // ....%......b..E.
	0x42, 0x92, 0x0b, 0x42, 0xc4, 0x10, 0x32, 0x14, 0x38, 0x08, 0x18, 0x4b, 0x0a, 0x32, 0x62, 0x88, // B..B..2.8..K.2b.
	0x48, 0x90, 0x14, 0x20, 0x43, 0x46, 0x88, 0xa5, 0x00, 0x19, 0x32, 0x42, 0xe4, 0x48, 0x0e, 0x90, // H.. CF....2B.H..
	0x11, 0x23, 0xc4, 0x50, 0x41, 0x51, 0x81, 0x8c, 0xe1, 0x83, 0xe5, 0x8a, 0x04, 0x31, 0x46, 0x06, // .#.PAQ.......1F.
	0x51, 0x18, 0x00, 0x00, 0x08, 0x00, 0x00, 0x00, 0x1b, 0x8c, 0xe0, 0xff, 0xff, 0xff, 0xff, 0x07, // Q...............
	0x40, 0x02, 0xa8, 0x0d, 0x84, 0xf0, 0xff, 0xff, 0xff, 0xff, 0x03, 0x20, 0x6d, 0x30, 0x86, 0xff, // @.......... m0..
	0xff, 0xff, 0xff, 0x1f, 0x00, 0x09, 0xa8, 0x00, 0x49, 0x18, 0x00, 0x00, 0x03, 0x00, 0x00, 0x00, // ........I.......
	0x13, 0x82, 0x60, 0x42, 0x20, 0x4c, 0x08, 0x06, 0x00, 0x00, 0x00, 0x00, 0x89, 0x20, 0x00, 0x00, // ..`B L....... ..
	0x55, 0x00, 0x00, 0x00, 0x32, 0x22, 0x88, 0x09, 0x20, 0x64, 0x85, 0x04, 0x13, 0x23, 0xa4, 0x84, // U...2".. d...#..
	0x04, 0x13, 0x23, 0xe3, 0x84, 0xa1, 0x90, 0x14, 0x12, 0x4c, 0x8c, 0x8c, 0x0b, 0x84, 0xc4, 0x4c, // ..#......L.....L
	0x10, 0x98, 0xc1, 0x08, 0x40, 0x09, 0x00, 0x0a, 0x66, 0x00, 0xe6, 0x08, 0xc0, 0x60, 0x8e, 0x00, // ....@...f....`..
	0x29, 0xc6, 0x40, 0x10, 0x44, 0x41, 0x90, 0x51, 0x0c, 0x80, 0x20, 0x88, 0x62, 0x20, 0x64, 0x8e, // ).@.DA.Q.. .b d.
	0x20, 0x28, 0x03, 0x40, 0x28, 0xb4, 0xdc, 0x34, 0x5c, 0xfe, 0x84, 0x3d, 0x84, 0xe4, 0xaf, 0x84, //  (.@(..4...=....
	0xb4, 0x12, 0x93, 0x5f, 0xdc, 0x36, 0x2a, 0x86, 0x61, 0x18, 0x08, 0x2a, 0xee, 0x19, 0x2e, 0x7f, // ..._.6*.a..*....
	0xc2, 0x1e, 0x42, 0xf2, 0x43, 0xa0, 0x19, 0x16, 0x02, 0x05, 0x4e, 0x61, 0x1a, 0xe2, 0x79, 0x86, // ..B.C.....Na..y.
	0x61, 0x18, 0x08, 0x82, 0x18, 0x08, 0x2a, 0xc3, 0x40, 0x0c, 0x24, 0x1d, 0x35, 0x5c, 0xfe, 0x84, // a.....*.@.$.5...
	0x3d, 0x84, 0xe4, 0x73, 0x1b, 0x55, 0xac, 0xc4, 0xe4, 0x17, 0xb7, 0x8d, 0x88, 0x61, 0x18, 0x86, // =..s.U.......a..
	0x42, 0x50, 0xc4, 0x43, 0x50, 0x55, 0x8a, 0x81, 0x18, 0x86, 0x81, 0xae, 0x62, 0x3c, 0x44, 0x41, // BP.CPU......b<DA
	0x10, 0x0a, 0x65, 0x03, 0x01, 0xc3, 0x08, 0xc4, 0x30, 0x53, 0x1b, 0x8c, 0x03, 0x3b, 0x84, 0xc3, // ..e.....0S...;..
	0x3c, 0xcc, 0x83, 0x1b, 0xd0, 0x42, 0x39, 0xe0, 0x03, 0x3d, 0xd4, 0x83, 0x3c, 0x94, 0x83, 0x1c, // <....B9..=..<...
	0x90, 0x02, 0x1f, 0xd8, 0x43, 0x39, 0x8c, 0x03, 0x3d, 0xbc, 0x83, 0x3c, 0xf0, 0x81, 0x39, 0xb0, // ....C9..=..<..9.
	0xc3, 0x3b, 0x84, 0x03, 0x3d, 0xb0, 0x01, 0x18, 0xd0, 0x81, 0x1f, 0x80, 0x81, 0x1f, 0xe8, 0x81, // .;..=...........
	0x1e, 0xb4, 0x43, 0x3a, 0xc0, 0xc3, 0x3c, 0xfc, 0x02, 0x3d, 0xe4, 0x03, 0x3c, 0x94, 0x03, 0x0a, // ..C:..<..=..<...
	0x88, 0x99, 0xc4, 0x60, 0x1c, 0xd8, 0x21, 0x1c, 0xe6, 0x61, 0x1e, 0xdc, 0x80, 0x16, 0xca, 0x01, // ...`..!..a......
	0x1f, 0xe8, 0xa1, 0x1e, 0xe4, 0xa1, 0x1c, 0xe4, 0x80, 0x14, 0xf8, 0xc0, 0x1e, 0xca, 0x61, 0x1c, // ..............a.
	0xe8, 0xe1, 0x1d, 0xe4, 0x81, 0x0f, 0xcc, 0x81, 0x1d, 0xde, 0x21, 0x1c, 0xe8, 0x81, 0x0d, 0xc0, // ..........!.....
	0x80, 0x0e, 0xfc, 0x00, 0x0c, 0xfc, 0x00, 0x09, 0x5c, 0x47, 0xde, 0x4c, 0x08, 0x19, 0x9c, 0x02, // .........G.L....
	0x3b, 0xbc, 0x83, 0x38, 0x84, 0x03, 0x3b, 0xcc, 0x03, 0x12, 0x38, 0x8e, 0xc0, 0x9b, 0xa4, 0x29, // ;..8..;...8....)
	0xa2, 0x84, 0xc9, 0x67, 0x01, 0xe6, 0x59, 0x88, 0x88, 0x9d, 0x80, 0x89, 0x40, 0x01, 0x41, 0x62, // ...g..Y.....@.Ab
	0x3a, 0x10, 0x53, 0x00, 0x00, 0x00, 0x00, 0x00, 0x13, 0x14, 0x72, 0xc0, 0x87, 0x74, 0x60, 0x87, // :.S.......r..t`.
	0x36, 0x68, 0x87, 0x79, 0x68, 0x03, 0x72, 0xc0, 0x87, 0x0d, 0xaf, 0x50, 0x0e, 0x6d, 0xd0, 0x0e, // 6h.yh.r....P.m..
	0x7a, 0x50, 0x0e, 0x6d, 0x00, 0x0f, 0x7a, 0x30, 0x07, 0x72, 0xa0, 0x07, 0x73, 0x20, 0x07, 0x6d, // zP.m..z0.r..s .m
	0x90, 0x0e, 0x71, 0xa0, 0x07, 0x73, 0x20, 0x07, 0x6d, 0x90, 0x0e, 0x78, 0xa0, 0x07, 0x73, 0x20, // ..q..s .m..x..s 
	0x07, 0x6d, 0x90, 0x0e, 0x71, 0x60, 0x07, 0x7a, 0x30, 0x07, 0x72, 0xd0, 0x06, 0xe9, 0x30, 0x07, // .m..q`.z0.r...0.
	0x72, 0xa0, 0x07, 0x73, 0x20, 0x07, 0x6d, 0x90, 0x0e, 0x76, 0x40, 0x07, 0x7a, 0x60, 0x07, 0x74, // r..s .m..v@.z`.t
	0xd0, 0x06, 0xe6, 0x10, 0x07, 0x76, 0xa0, 0x07, 0x73, 0x20, 0x07, 0x6d, 0x60, 0x0e, 0x73, 0x20, // .....v..s .m`.s 
	0x07, 0x7a, 0x30, 0x07, 0x72, 0xd0, 0x06, 0xe6, 0x60, 0x07, 0x74, 0xa0, 0x07, 0x76, 0x40, 0x07, // .z0.r...`.t..v@.
	0x6d, 0xe0, 0x0e, 0x78, 0xa0, 0x07, 0x71, 0x60, 0x07, 0x7a, 0x30, 0x07, 0x72, 0xa0, 0x07, 0x76, // m..x..q`.z0.r..v
	0x40, 0x07, 0x43, 0x9e, 0x00, 0x00, 0x00, 0x00, 0x00, 0x00, 0x00, 0x00, 0x00, 0x00, 0x00, 0x86, // @.C.............
	0x3c, 0x06, 0x10, 0x00, 0x01, 0x00, 0x00, 0x00, 0x00, 0x00, 0x00, 0x00, 0x0c, 0x79, 0x10, 0x20, // <............y. 
	0x00, 0x04, 0x00, 0x00, 0x00, 0x00, 0x00, 0x00, 0x00, 0x18, 0xf2, 0x2c, 0x40, 0x00, 0x08, 0x00, // ...........,@...
	0x00, 0x00, 0x00, 0x00, 0x00, 0x00, 0x30, 0xe4, 0x81, 0x80, 0x00, 0x18, 0x00, 0x00, 0x00, 0x00, // ......0.........
	0x00, 0x00, 0x00, 0x60, 0xc8, 0x23, 0x01, 0x01, 0x10, 0x00, 0x00, 0x00, 0x00, 0x00, 0x00, 0x00, // ...`.#..........
	0xc0, 0x90, 0xa7, 0x02, 0x02, 0x60, 0x00, 0x00, 0x00, 0x00, 0x00, 0x00, 0x00, 0x80, 0x21, 0xcf, // .....`........!.
	0x05, 0x04, 0x40, 0x00, 0x00, 0x00, 0x00, 0x00, 0x00, 0x00, 0x00, 0x43, 0x9e, 0x0c, 0x08, 0x80, // ..@........C....
	0x01, 0x00, 0x00, 0x00, 0x00, 0x00, 0x00, 0x00, 0xb2, 0x40, 0x00, 0x00, 0x11, 0x00, 0x00, 0x00, // .........@......
	0x32, 0x1e, 0x98, 0x14, 0x19, 0x11, 0x4c, 0x90, 0x8c, 0x09, 0x26, 0x47, 0xc6, 0x04, 0x43, 0x22, // 2.....L...&G..C"
	0x4a, 0x60, 0x04, 0xa0, 0x20, 0x8a, 0xa1, 0x08, 0x4a, 0xa2, 0x80, 0xca, 0xa0, 0x3c, 0xa8, 0x28, // J`.. ...J....<.(
	0x89, 0x32, 0x28, 0x84, 0x11, 0x80, 0x22, 0x28, 0x10, 0xfa, 0x66, 0x00, 0x28, 0x9c, 0x01, 0xa0, // .2(..."(..f.(...
	0x71, 0x06, 0x80, 0xc8, 0xb1, 0x1c, 0x86, 0x00, 0x00, 0x00, 0x38, 0x8e, 0x03, 0x79, 0x1e, 0x00, // q.........8..y..
	0x00, 0x00, 0x00, 0x00, 0x79, 0x18, 0x00, 0x00, 0x74, 0x00, 0x00, 0x00, 0x1a, 0x03, 0x4c, 0x90, // ....y...t.....L.
	0x46, 0x02, 0x13, 0x44, 0x8f, 0x0c, 0x6f, 0xec, 0xed, 0x4d, 0x0c, 0x24, 0xc6, 0x05, 0xc7, 0x45, // F..D..o..M.$...E
	0xa6, 0x06, 0x46, 0xc6, 0x25, 0x26, 0x06, 0x04, 0x45, 0x66, 0x26, 0x27, 0x47, 0x26, 0xa6, 0x46, // ..F.%&..Ef&'G&.F
	0x46, 0x26, 0x65, 0x43, 0x10, 0x4c, 0x10, 0x88, 0x64, 0x82, 0x40, 0x28, 0x1b, 0x84, 0x81, 0x98, // F&eC.L..d.@(....
	0x20, 0x10, 0xcb, 0x06, 0x61, 0x30, 0x28, 0xc0, 0xcd, 0x4d, 0x10, 0x08, 0x66, 0xc3, 0x80, 0x24, //  ...a0(..M..f..$
	0xc4, 0x04, 0xe1, 0xc3, 0x08, 0x4c, 0x10, 0x88, 0x66, 0x82, 0x40, 0x38, 0x1b, 0x04, 0xc2, 0xd9, // .....L..f.@8....
	0x90, 0x10, 0x0b, 0x43, 0x10, 0x43, 0x43, 0x3c, 0x1b, 0x02, 0x68, 0x82, 0x10, 0x06, 0xd9, 0x04, // ...C.CC<..h.....
	0x81, 0x78, 0x36, 0x20, 0x84, 0xc4, 0x10, 0xc4, 0x30, 0x01, 0x1b, 0x02, 0x6a, 0x82, 0x30, 0x06, // .x6 ....0...j.0.
	0xda, 0x06, 0x84, 0xb0, 0x18, 0x82, 0x18, 0x08, 0x60, 0x43, 0x70, 0x6d, 0x20, 0x22, 0xa0, 0xc2, // ........`Cpm "..
	0x26, 0x08, 0x64, 0xb0, 0x6d, 0x08, 0xb4, 0x09, 0x82, 0x00, 0x90, 0x68, 0x0b, 0x4b, 0x73, 0xe3, // &.d.m......h.Ks.
	0x32, 0x65, 0xf5, 0x05, 0xf5, 0x36, 0x97, 0x46, 0x97, 0xf6, 0xe6, 0x36, 0x41, 0x28, 0xa4, 0x09, // 2e...6.F...6A(..
	0x42, 0x31, 0x6d, 0x08, 0x88, 0x09, 0x42, 0x41, 0x4d, 0x10, 0x8a, 0x6a, 0xc3, 0x42, 0x78, 0x1f, // B1m...BAM..j.Bx.
	0x18, 0x84, 0x81, 0x18, 0x0c, 0x62, 0x40, 0x8c, 0x01, 0xc0, 0x62, 0xe8, 0x89, 0xe9, 0x49, 0x6a, // .....b@...b...Ij
	0x82, 0x50, 0x58, 0x13, 0x04, 0x02, 0x9a, 0x20, 0x10, 0xd1, 0x06, 0xe1, 0x0c, 0xd0, 0x60, 0xc3, // .PX.... ......`.
	0x32, 0x94, 0xc1, 0x37, 0x06, 0x61, 0x60, 0x06, 0x83, 0x18, 0x0c, 0x63, 0x90, 0x06, 0x44, 0xa8, // 2..7.a`....c..D.
	0x8a, 0xb0, 0x86, 0x9e, 0x9e, 0xa4, 0x88, 0x36, 0x08, 0x67, 0x70, 0x06, 0x1b, 0x96, 0x66, 0x0d, // .......6.gp...f.
	0xbe, 0x31, 0x08, 0x03, 0x33, 0x18, 0xcc, 0xa0, 0x19, 0x03, 0x36, 0xd8, 0x10, 0x0c, 0x1b, 0x96, // .1..3.....6.....
	0x33, 0x58, 0x83, 0x6f, 0x0c, 0xdc, 0xc0, 0x0c, 0x06, 0x33, 0x68, 0xcc, 0x80, 0x0d, 0x36, 0x10, // 3X.o.....3h...6.
	0x64, 0xa0, 0x06, 0x6d, 0xf0, 0x06, 0x4c, 0xa6, 0xac, 0xbe, 0xa8, 0xc2, 0xe4, 0xce, 0xca, 0xe8, // d..m..L.........
	0x26, 0x08, 0xc5, 0xb5, 0x61, 0x21, 0xe2, 0xe0, 0x93, 0x83, 0x30, 0x18, 0x83, 0x41, 0x0c, 0x88, // &...a!....0..A..
	0x31, 0x48, 0x83, 0x0d, 0xc1, 0x1c, 0x6c, 0x18, 0xe0, 0x80, 0x0e, 0x80, 0x0d, 0x05, 0xd7, 0xd5, // 1H....l.........
	0x41, 0x06, 0x90, 0x22, 0xc3, 0x73, 0x19, 0x7b, 0x73, 0xa3, 0x93, 0x7b, 0x63, 0x33, 0x63, 0x7b, // A..".s.{s..{c3c{
	0xbb, 0x73, 0x41, 0x4b, 0x73, 0xa3, 0x9b, 0x5b, 0x31, 0xe0, 0xc1, 0x1d, 0x0c, 0x55, 0xd8, 0xd8, // .sAKs..[1....U..
	0xec, 0xda, 0x5c, 0xd2, 0xc8, 0xca, 0xdc, 0xe8, 0xa6, 0x04, 0x41, 0x15, 0x32, 0x3c, 0x17, 0xbb, // ..........A.2<..
	0x32, 0xb9, 0xb9, 0xb4, 0x37, 0xb7, 0x29, 0x01, 0xd1, 0x84, 0x0c, 0xcf, 0xc5, 0x2e, 0x8c, 0xcd, // 2...7.).........
	0xae, 0x4c, 0x6e, 0x4a, 0x60, 0xd4, 0x21, 0xc3, 0x73, 0x99, 0x43, 0x0b, 0x23, 0x2b, 0x93, 0x6b, // .LnJ`.!.s.C.#+.k
	0x7a, 0x23, 0x2b, 0x63, 0x9b, 0x12, 0x24, 0x65, 0xc8, 0xf0, 0x5c, 0xe4, 0xca, 0xe6, 0xde, 0xea, // z#+c..$e........
	0xe4, 0xc6, 0xca, 0xe6, 0xa6, 0x04, 0x58, 0x1d, 0x32, 0x3c, 0x17, 0xbb, 0xb4, 0xb2, 0xbb, 0x24, // ......X.2<.....$
	0xb2, 0x29, 0xba, 0x30, 0xba, 0xb2, 0x29, 0x81, 0x56, 0x87, 0x0c, 0xcf, 0xa5, 0xcc, 0x8d, 0x4e, // .).0..).V......N
	0x2e, 0x0f, 0xea, 0x2d, 0xcd, 0x8d, 0x6e, 0x6e, 0x4a, 0x50, 0x07, 0x00, 0x79, 0x18, 0x00, 0x00, // ...-..nnJP..y...
	0x59, 0x00, 0x00, 0x00, 0x33, 0x08, 0x80, 0x1c, 0xc4, 0xe1, 0x1c, 0x66, 0x14, 0x01, 0x3d, 0x88, // Y...3......f..=.
	0x43, 0x38, 0x84, 0xc3, 0x8c, 0x42, 0x80, 0x07, 0x79, 0x78, 0x07, 0x73, 0x98, 0x71, 0x0c, 0xe6, // C8...B..yx.s.q..
	0x00, 0x0f, 0xed, 0x10, 0x0e, 0xf4, 0x80, 0x0e, 0x33, 0x0c, 0x42, 0x1e, 0xc2, 0xc1, 0x1d, 0xce, // ........3.B.....
	0xa1, 0x1c, 0x66, 0x30, 0x05, 0x3d, 0x88, 0x43, 0x38, 0x84, 0x83, 0x1b, 0xcc, 0x03, 0x3d, 0xc8, // ..f0.=.C8.....=.
	0x43, 0x3d, 0x8c, 0x03, 0x3d, 0xcc, 0x78, 0x8c, 0x74, 0x70, 0x07, 0x7b, 0x08, 0x07, 0x79, 0x48, // C=..=.x.tp.{..yH
	0x87, 0x70, 0x70, 0x07, 0x7a, 0x70, 0x03, 0x76, 0x78, 0x87, 0x70, 0x20, 0x87, 0x19, 0xcc, 0x11, // .pp.zp.vx.p ....
	0x0e, 0xec, 0x90, 0x0e, 0xe1, 0x30, 0x0f, 0x6e, 0x30, 0x0f, 0xe3, 0xf0, 0x0e, 0xf0, 0x50, 0x0e, // .....0.n0.....P.
	0x33, 0x10, 0xc4, 0x1d, 0xde, 0x21, 0x1c, 0xd8, 0x21, 0x1d, 0xc2, 0x61, 0x1e, 0x66, 0x30, 0x89, // 3....!..!..a.f0.
	0x3b, 0xbc, 0x83, 0x3b, 0xd0, 0x43, 0x39, 0xb4, 0x03, 0x3c, 0xbc, 0x83, 0x3c, 0x84, 0x03, 0x3b, // ;..;.C9..<..<..;
	0xcc, 0xf0, 0x14, 0x76, 0x60, 0x07, 0x7b, 0x68, 0x07, 0x37, 0x68, 0x87, 0x72, 0x68, 0x07, 0x37, // ...v`.{h.7h.rh.7
	0x80, 0x87, 0x70, 0x90, 0x87, 0x70, 0x60, 0x07, 0x76, 0x28, 0x07, 0x76, 0xf8, 0x05, 0x76, 0x78, // ..p..p`.v(.v..vx
	0x87, 0x77, 0x80, 0x87, 0x5f, 0x08, 0x87, 0x71, 0x18, 0x87, 0x72, 0x98, 0x87, 0x79, 0x98, 0x81, // .w.._..q..r..y..
	0x2c, 0xee, 0xf0, 0x0e, 0xee, 0xe0, 0x0e, 0xf5, 0xc0, 0x0e, 0xec, 0x30, 0x03, 0x62, 0xc8, 0xa1, // ,..........0.b..
	0x1c, 0xe4, 0xa1, 0x1c, 0xcc, 0xa1, 0x1c, 0xe4, 0xa1, 0x1c, 0xdc, 0x61, 0x1c, 0xca, 0x21, 0x1c, // ...........a..!.
	0xc4, 0x81, 0x1d, 0xca, 0x61, 0x06, 0xd6, 0x90, 0x43, 0x39, 0xc8, 0x43, 0x39, 0x98, 0x43, 0x39, // ....a...C9.C9.C9
	0xc8, 0x43, 0x39, 0xb8, 0xc3, 0x38, 0x94, 0x43, 0x38, 0x88, 0x03, 0x3b, 0x94, 0xc3, 0x2f, 0xbc, // .C9..8.C8..;../.
	0x83, 0x3c, 0xfc, 0x82, 0x3b, 0xd4, 0x03, 0x3b, 0xb0, 0xc3, 0x0c, 0xc4, 0x21, 0x07, 0x7c, 0x70, // .<..;..;....!.|p
	0x03, 0x7a, 0x28, 0x87, 0x76, 0x80, 0x87, 0x19, 0xd5, 0x43, 0x0e, 0xf8, 0xe0, 0x06, 0xe3, 0xf0, // .z(.v....C......
	0x0e, 0xee, 0x40, 0x0f, 0xf2, 0xf0, 0x0e, 0xec, 0x60, 0x0e, 0xec, 0xf0, 0x0e, 0xf7, 0xe0, 0x06, // ..@.....`.......
	0xe8, 0x90, 0x0e, 0xee, 0x40, 0x0f, 0xf3, 0x30, 0x23, 0x82, 0xc8, 0x01, 0x1f, 0xdc, 0x80, 0x1c, // ....@..0#.......
	0xc4, 0xe1, 0x1c, 0xdc, 0xc0, 0x1e, 0xc2, 0x41, 0x1e, 0xd8, 0x21, 0x1c, 0xf2, 0xe1, 0x1d, 0xea, // .......A..!.....
	0x81, 0x1e, 0x66, 0x30, 0x11, 0x39, 0xe0, 0x83, 0x1b, 0x88, 0x83, 0x3c, 0x94, 0x43, 0x38, 0xac, // ..f0.9.....<.C8.
	0x83, 0x1b, 0x88, 0x83, 0x3c, 0x00, 0x00, 0x00, 0x71, 0x20, 0x00, 0x00, 0x22, 0x00, 0x00, 0x00, // ....<...q .."...
	0x66, 0xb0, 0x0d, 0x97, 0xef, 0x3c, 0xbe, 0x10, 0x50, 0x45, 0x41, 0x44, 0xa5, 0x03, 0x0c, 0x25, // f....<..PEAD...%
	0x61, 0x00, 0x02, 0xe6, 0x17, 0xb7, 0x6d, 0x08, 0xd2, 0x70, 0xf9, 0xce, 0xe3, 0x0b, 0x11, 0x01, // a.....m..p......
	0x4c, 0x44, 0x08, 0x34, 0xc3, 0x42, 0xd8, 0x40, 0x33, 0x5c, 0xbe, 0xf3, 0xf8, 0x03, 0x22, 0x09, // LD.4.B.@3.....".
	0x40, 0x34, 0x58, 0xc0, 0x34, 0x5c, 0xbe, 0xf3, 0xf8, 0x8b, 0x03, 0x0c, 0x62, 0xf3, 0x50, 0x93, // @4X.4.......b.P.
	0x5f, 0xdc, 0xb6, 0x11, 0x40, 0xc3, 0xe5, 0x3b, 0x8f, 0x2f, 0x01, 0xcc, 0xb3, 0x10, 0x7e, 0x71, // _...@..;./....~q
	0xdb, 0x26, 0x50, 0x0d, 0x97, 0xef, 0x3c, 0xbe, 0x34, 0x39, 0x11, 0x81, 0x52, 0xd3, 0x43, 0x4d, // .&P...<.49..R.CM
	0x7e, 0x71, 0xdb, 0x76, 0x20, 0x0d, 0x97, 0xef, 0x3c, 0xfe, 0x44, 0x44, 0x13, 0x02, 0x44, 0x98, // ~q.v ...<.DD..D.
	0x5f, 0xdc, 0xb6, 0x15, 0x3c, 0xc3, 0xe5, 0x3b, 0x8f, 0x4f, 0x35, 0x40, 0x84, 0xf9, 0xc5, 0x6d, // _...<..;.O5@...m
	0x1b, 0x00, 0xc1, 0x00, 0x48, 0x03, 0x00, 0x00, 0x61, 0x20, 0x00, 0x00, 0x12, 0x01, 0x00, 0x00, // ....H...a ......
	0x13, 0x04, 0x4f, 0x2c, 0x10, 0x00, 0x00, 0x00, 0x29, 0x00, 0x00, 0x00, 0xa4, 0xd4, 0xc0, 0x08, // ..O,....).......
	0x00, 0x15, 0x25, 0x40, 0x44, 0xe1, 0x15, 0x69, 0x40, 0xd9, 0x95, 0x5c, 0x29, 0x14, 0x57, 0x21, // ..%@D..i@...).W!
	0x94, 0x4a, 0xb9, 0xcc, 0x00, 0xd0, 0x30, 0x46, 0x90, 0xaa, 0x67, 0x28, 0x7f, 0x63, 0x04, 0x22, // .J....0F..g(.c."
	0x6c, 0xc6, 0xea, 0x37, 0x46, 0x70, 0xeb, 0xb6, 0x38, 0x7b, 0x63, 0x04, 0xad, 0x18, 0xee, 0xb8, // l..7Fp..8{c.....
	0x37, 0x46, 0xa0, 0x8b, 0xb9, 0x6d, 0x7f, 0x63, 0x04, 0x63, 0x8f, 0xca, 0xa3, 0x37, 0x46, 0xb0, // 7F...m.c.c...7F.
	0xaa, 0x36, 0x8b, 0x7a, 0x63, 0x04, 0xb8, 0xea, 0xa2, 0xbb, 0x37, 0x46, 0xb0, 0xc2, 0xb1, 0x6a, // .6.zc.....7F...j
	0x7f, 0x23, 0x00, 0x63, 0x04, 0x20, 0xc8, 0xee, 0x69, 0x18, 0x8c, 0x11, 0x80, 0x20, 0x08, 0xe2, // .#.c. ..i.... ..
	0xdf, 0x18, 0x01, 0x08, 0x82, 0x6b, 0x0e, 0x06, 0x63, 0x04, 0x20, 0x08, 0xb2, 0xf5, 0x37, 0x46, // .....k..c. ...7F
	0x00, 0x82, 0x74, 0x9b, 0x83, 0xc1, 0x18, 0x01, 0x08, 0xa2, 0xa6, 0xf8, 0x8d, 0x11, 0xe8, 0xac, // ..t.............
	0x39, 0x87, 0x60, 0x30, 0x46, 0x90, 0xa3, 0xe2, 0x5a, 0x7b, 0x63, 0x04, 0xee, 0x9e, 0x96, 0xf7, // 9.`0F...Z{c.....
	0x37, 0x46, 0x10, 0xf3, 0x60, 0x9f, 0x7b, 0x63, 0x04, 0xe6, 0xbd, 0xae, 0xb2, 0x37, 0x03, 0x00, // 7F..`.{c.....7..
	0x23, 0x06, 0x09, 0x00, 0x82, 0x60, 0x90, 0xdd, 0x41, 0xa7, 0x06, 0x75, 0x50, 0x07, 0x62, 0x30, // #....`..A..uP.b0
	0x62, 0x90, 0x00, 0x20, 0x08, 0x06, 0x19, 0x1e, 0x78, 0x6d, 0x60, 0x07, 0x76, 0x30, 0x06, 0x23, // b.. ....xm`.v0.#
	0x06, 0x09, 0x00, 0x82, 0x60, 0x90, 0xe5, 0xc1, 0xb7, 0x06, 0x77, 0x70, 0x07, 0x64, 0x30, 0x62, // ....`.....wp.d0b
	0x90, 0x00, 0x20, 0x08, 0x06, 0x46, 0x28, 0x74, 0x72, 0x80, 0x07, 0x6d, 0xa0, 0x8d, 0x18, 0x24, // .. ..F(tr..m...$
	0x00, 0x08, 0x82, 0x81, 0x21, 0x0a, 0xde, 0x1c, 0xe4, 0x41, 0x19, 0x6c, 0x23, 0x06, 0x09, 0x00, // ....!....A.l#...
	0x82, 0x60, 0x60, 0x8c, 0xc2, 0x77, 0x07, 0x7a, 0xf0, 0x06, 0xdc, 0x88, 0x41, 0x02, 0x80, 0x20, // .``..w.z....A.. 
	0x18, 0x18, 0xa4, 0x00, 0x06, 0x78, 0xb0, 0x07, 0x67, 0xd0, 0x8d, 0x18, 0x24, 0x00, 0x08, 0x82, // .....x..g...$...
	0x81, 0x51, 0x0a, 0x61, 0xd0, 0x07, 0x7c, 0x10, 0x07, 0xde, 0x88, 0x41, 0x02, 0x80, 0x20, 0x18, // .Q.a..|....A.. .
	0x18, 0xa6, 0x20, 0x06, 0x7e, 0xd0, 0x07, 0x69, 0xf0, 0x8d, 0x18, 0x24, 0x00, 0x08, 0x82, 0x81, // .. .~..i...$....
	0x71, 0x0a, 0x63, 0xf0, 0x07, 0x7e, 0x20, 0x07, 0x60, 0x30, 0x62, 0x90, 0x00, 0x20, 0x08, 0x06, // q.c..~ .`0b.. ..
	0x06, 0x2a, 0x90, 0x01, 0x28, 0xfc, 0x81, 0x1d, 0x84, 0xc1, 0x88, 0xc1, 0x01, 0x80, 0x20, 0x18, // .*..(......... .
	0x54, 0xa4, 0x90, 0x06, 0x09, 0x28, 0x8c, 0x26, 0x04, 0xc0, 0x68, 0x82, 0x10, 0x0c, 0x47, 0x2c, // T....(.&..h...G,
	0x02, 0xf1, 0x0d, 0x47, 0x2c, 0x02, 0xf1, 0x95, 0x10, 0xec, 0x2c, 0x83, 0x10, 0x04, 0xa3, 0x09, // ...G,.....,.....
	0x86, 0x30, 0x9a, 0x70, 0x0c, 0xc3, 0x11, 0x90, 0x20, 0x7c, 0xc3, 0x11, 0x90, 0x20, 0x7c, 0x25, // .0.p.... |... |%
	0x04, 0x3b, 0xcb, 0x20, 0x0c, 0xc1, 0x88, 0x81, 0x01, 0x80, 0x20, 0x18, 0x2c, 0xb2, 0x50, 0x07, // .;. ...... .,.P.
	0x79, 0x30, 0x4b, 0x30, 0x8c, 0x18, 0x3c, 0x00, 0x08, 0x82, 0x01, 0x14, 0x0b, 0x76, 0x60, 0x55, // y0K0..<......v`U
	0x11, 0x74, 0x5d, 0xab, 0xb0, 0x0a, 0x6d, 0x70, 0x8d, 0x26, 0x04, 0xc0, 0x68, 0x82, 0x10, 0x8c, // .t]...mp.&..h...
	0x26, 0x0c, 0xc2, 0x68, 0x02, 0x31, 0x18, 0x41, 0xc9, 0xc7, 0x08, 0x4a, 0x3e, 0x46, 0x50, 0xf2, // &..h.1.A...J>FP.
	0x31, 0x82, 0x92, 0xcf, 0x88, 0xc1, 0x01, 0x80, 0x20, 0x18, 0x54, 0xb8, 0xd0, 0x07, 0x5d, 0x2d, // 1....... .T...]-
	0x8c, 0x26, 0x04, 0xc3, 0x70, 0x44, 0xe0, 0x06, 0xc2, 0x37, 0xcb, 0x40, 0x38, 0xc1, 0x70, 0xc4, // .&..pD...7.@8.p.
	0x41, 0x06, 0xca, 0x37, 0xcb, 0x60, 0x14, 0x81, 0x21, 0x66, 0x20, 0x9f, 0x59, 0x82, 0xc3, 0x12, // A..7.`..!f .Y...
	0x34, 0x90, 0x8f, 0x05, 0x6a, 0x00, 0x9f, 0x11, 0x03, 0x03, 0x00, 0x41, 0x30, 0x90, 0xc0, 0xc1, // 4...j......A0...
	0x0f, 0x02, 0x0b, 0xda, 0x40, 0x3e, 0x23, 0x06, 0x06, 0x00, 0x82, 0x60, 0x20, 0x89, 0x43, 0x28, // ....@>#....` .C(
	0x04, 0xb3, 0x04, 0xc7, 0x40, 0xc5, 0xc0, 0x14, 0x82, 0x31, 0x1c, 0xe1, 0xb0, 0x81, 0xf2, 0xcd, // ....@....1......
	0x32, 0x24, 0x48, 0x60, 0x8f, 0x1b, 0xc8, 0x67, 0x96, 0x40, 0x31, 0x08, 0x0e, 0xe4, 0x63, 0x81, // 2$H`...g.@1...c.
	0x1c, 0xc0, 0x67, 0xc4, 0xc0, 0x00, 0x40, 0x10, 0x0c, 0x24, 0x74, 0x30, 0x85, 0xc0, 0x82, 0x3a, // ..g...@..$t0...:
	0x90, 0xcf, 0x88, 0x81, 0x01, 0x80, 0x20, 0x18, 0x48, 0xea, 0x90, 0x0a, 0xc1, 0x2c, 0x81, 0x32, // ...... .H....,.2
	0x50, 0x31, 0x30, 0x88, 0x90, 0x0c, 0x47, 0x54, 0x74, 0xa0, 0x7c, 0xb3, 0x0c, 0xcc, 0x12, 0x98, // P10...GTt.|.....
	0x65, 0x07, 0xf2, 0x99, 0x25, 0x68, 0xec, 0xc2, 0x03, 0xf9, 0x58, 0xa0, 0x07, 0xf0, 0x19, 0x31, // e...%h....X....1
	0x30, 0x00, 0x10, 0x04, 0x03, 0x09, 0x1e, 0x5c, 0x21, 0xb0, 0xa0, 0x0f, 0xe4, 0x33, 0x62, 0x60, // 0.......!....3b`
	0x00, 0x20, 0x08, 0x06, 0x92, 0x3c, 0xc4, 0x42, 0x30, 0x4b, 0xd0, 0x0c, 0x54, 0x0c, 0xcc, 0x22, // . ...<.B0K..T.."
	0x30, 0x16, 0x69, 0xf2, 0x31, 0x65, 0x93, 0x8f, 0x0d, 0x9c, 0x7c, 0x6c, 0x98, 0x05, 0xf9, 0x8c, // 0.i.1e....|l....
	0x18, 0x20, 0x00, 0x08, 0x82, 0xc1, 0x65, 0x0f, 0xb9, 0x30, 0xcc, 0x42, 0x30, 0x62, 0x80, 0x00, // . ....e..0.B0b..
	0x20, 0x08, 0x06, 0xd7, 0x3d, 0xe8, 0xc2, 0x30, 0x0b, 0x81, 0x19, 0xb3, 0x20, 0x9f, 0x11, 0x03, //  ...=..0.... ...
	0x04, 0x00, 0x41, 0x30, 0xb8, 0xf2, 0x81, 0x17, 0x8c, 0x59, 0x08, 0x46, 0x0c, 0x10, 0x00, 0x04, // ..A0.....Y.F....
	0xc1, 0xe0, 0xd2, 0x87, 0x5e, 0x30, 0x66, 0x21, 0xb0, 0x64, 0x16, 0xe4, 0x33, 0x62, 0x80, 0x00, // ....^0f!.d..3b..
	0x20, 0x08, 0x06, 0x17, 0x3f, 0xfc, 0x42, 0x32, 0x0b, 0xc1, 0x88, 0x01, 0x02, 0x80, 0x20, 0x18, //  ...?.B2...... .
	0x5c, 0xfd, 0x00, 0x0e, 0xc9, 0x2c, 0x04, 0x23, 0x06, 0x06, 0x00, 0x82, 0x60, 0x20, 0x81, 0x84, // .....,.#....` ..
	0x2f, 0x1c, 0x23, 0x06, 0x06, 0x00, 0x82, 0x60, 0x20, 0x85, 0xc4, 0x2f, 0x14, 0x23, 0x06, 0x06, // /.#....` ../.#..
	0x00, 0x82, 0x60, 0x20, 0x89, 0x04, 0x38, 0x0c, 0x36, 0xc0, 0x82, 0x7c, 0x6c, 0x88, 0x05, 0xf9, // ..` ..8.6..|l...
	0xd8, 0x20, 0x0b, 0xf2, 0x19, 0x31, 0x30, 0x00, 0x10, 0x04, 0x03, 0xc9, 0x24, 0xca, 0x61, 0x18, // . ...10.....$.a.
	0x31, 0x30, 0x00, 0x10, 0x04, 0x03, 0xe9, 0x24, 0xcc, 0x61, 0x18, 0x31, 0x30, 0x00, 0x10, 0x04, // 10.....$.a.10...
	0x03, 0x09, 0x25, 0xce, 0x61, 0xb0, 0xe1, 0x16, 0xe4, 0x63, 0x03, 0x2e, 0xc8, 0xc7, 0x86, 0x5c, // ..%.a....c......
	0x90, 0x8f, 0x0d, 0xbb, 0x00, 0x1f, 0x1b, 0x78, 0x01, 0x3e, 0x36, 0xf4, 0x02, 0x7c, 0x2c, 0xf9, // .......x.>6..|,.
	0x05, 0xf9, 0x58, 0x02, 0x0e, 0xf2, 0xb1, 0x24, 0x1c, 0xe4, 0x63, 0xc3, 0x38, 0xc0, 0xc7, 0x06, // ..X....$..c.8...
	0x72, 0x80, 0x8f, 0x0d, 0xe5, 0x00, 0x1f, 0x4b, 0x06, 0xfa, 0x58, 0x32, 0xd0, 0xc7, 0x92, 0x81, // r......K..X2....
	0x3e, 0x23, 0x06, 0x06, 0x00, 0x82, 0x60, 0x20, 0xe1, 0x84, 0x3d, 0x0c, 0x23, 0x06, 0x06, 0x00, // >#....` ..=.#...
	0x82, 0x60, 0x20, 0xe5, 0xc4, 0x3d, 0x0c, 0x23, 0x06, 0x06, 0x00, 0x82, 0x60, 0x20, 0xe9, 0x04, // .` ..=.#....` ..
	0x3e, 0x0c, 0x36, 0xb4, 0x83, 0x7c, 0x6c, 0x70, 0x07, 0xf9, 0xd8, 0xf0, 0x0e, 0xf2, 0x19, 0x31, // >.6..|lp.......1
	0x30, 0x00, 0x10, 0x04, 0x03, 0xc9, 0x27, 0xfa, 0x61, 0x18, 0x31, 0x30, 0x00, 0x10, 0x04, 0x03, // 0.....'.a.10....
	0xe9, 0x27, 0xfc, 0x61, 0x18, 0x31, 0x30, 0x00, 0x10, 0x04, 0x03, 0x09, 0x2c, 0xfe, 0x61, 0x98, // .'.a.10.....,.a.
	0x25, 0x70, 0x06, 0x2a, 0x06, 0xa3, 0xc1, 0x89, 0x61, 0xa0, 0x62, 0x30, 0x1a, 0x9c, 0x18, 0x06, // %p.*....a.b0....
	0x2a, 0x06, 0xa3, 0xc1, 0x89, 0x61, 0xc4, 0x20, 0x01, 0x40, 0x10, 0x0c, 0x90, 0xb3, 0x30, 0x89, // *....a. .@....0.
	0x9f, 0xf8, 0x09, 0x9a, 0x18, 0x46, 0x0c, 0x12, 0x00, 0x04, 0xc1, 0x00, 0x39, 0x0b, 0x93, 0xf8, // .....F......9...
	0x89, 0x9f, 0x58, 0x09, 0x61, 0xc4, 0x20, 0x01, 0x40, 0x10, 0x0c, 0x90, 0xb3, 0x30, 0x89, 0x9f, // ..X.a. .@....0..
	0xf8, 0x89, 0x99, 0x08, 0x46, 0x0c, 0x12, 0x00, 0x04, 0xc1, 0x00, 0x39, 0x0b, 0x93, 0xf8, 0x89, // ....F......9....
	0x9f, 0xb0, 0x09, 0x56, 0xc0, 0x80, 0x18, 0x00, 0x02, 0x00, 0x00, 0x00, 0x5b, 0x06, 0x33, 0x78, // ...V........[.3x
	0xee, 0x00, 0x00, 0x00, 0x00, 0x00, 0x00, 0x00, 0x00, 0x00, 0x00, 0x00, 0x00, 0x00, 0x20, 0x00, // .............. .
};
static const uint8_t fs_imgui_st_spv[3468] =
{
	0x46, 0x53, 0x48, 0x0c, 0x4f, 0x45, 0x98, 0x49, 0x00, 0x00, 0x00, 0x00, 0x00, 0x00, 0x00, 0x00, // FSH.OE.I........
	0x00, 0x00, 0x00, 0x00, 0x03, 0x00, 0x0a, 0x63, 0x6c, 0x69, 0x70, 0x5f, 0x70, 0x6c, 0x61, 0x6e, // .......clip_plan
	0x65, 0x12, 0x01, 0x00, 0x00, 0x01, 0x00, 0x00, 0x00, 0x00, 0x00, 0x11, 0x73, 0x74, 0x61, 0x74, // e...........stat
	0x69, 0x63, 0x43, 0x6f, 0x6c, 0x6f, 0x72, 0x5f, 0x41, 0x6c, 0x70, 0x68, 0x61, 0x12, 0x01, 0x10, // icColor_Alpha...
	0x00, 0x01, 0x00, 0x00, 0x00, 0x00, 0x00, 0x0e, 0x74, 0x65, 0x78, 0x5f, 0x62, 0x61, 0x73, 0x65, // ........tex_base
	0x5f, 0x63, 0x6f, 0x6c, 0x6f, 0x72, 0x30, 0x00, 0x02, 0x00, 0x00, 0x00, 0x00, 0x02, 0x29, 0x00, // _color0.......).
	0x24, 0x0d, 0x00, 0x00, 0x03, 0x02, 0x23, 0x07, 0x00, 0x00, 0x01, 0x00, 0x0b, 0x00, 0x08, 0x00, // $.....#.........
	0x22, 0x02, 0x00, 0x00, 0x00, 0x00, 0x00, 0x00, 0x11, 0x00, 0x02, 0x00, 0x01, 0x00, 0x00, 0x00, // "...............
	0x0b, 0x00, 0x06, 0x00, 0x01, 0x00, 0x00, 0x00, 0x47, 0x4c, 0x53, 0x4c, 0x2e, 0x73, 0x74, 0x64, // ........GLSL.std
	0x2e, 0x34, 0x35, 0x30, 0x00, 0x00, 0x00, 0x00, 0x0e, 0x00, 0x03, 0x00, 0x00, 0x00, 0x00, 0x00, // .450............
	0x01, 0x00, 0x00, 0x00, 0x0f, 0x00, 0x09, 0x00, 0x04, 0x00, 0x00, 0x00, 0x04, 0x00, 0x00, 0x00, // ................
	0x6d, 0x61, 0x69, 0x6e, 0x00, 0x00, 0x00, 0x00, 0x0c, 0x01, 0x00, 0x00, 0x10, 0x01, 0x00, 0x00, // main............
	0x13, 0x01, 0x00, 0x00, 0x22, 0x01, 0x00, 0x00, 0x10, 0x00, 0x03, 0x00, 0x04, 0x00, 0x00, 0x00, // ...."...........
	0x07, 0x00, 0x00, 0x00, 0x03, 0x00, 0x03, 0x00, 0x05, 0x00, 0x00, 0x00, 0xf4, 0x01, 0x00, 0x00, // ................
	0x05, 0x00, 0x04, 0x00, 0x04, 0x00, 0x00, 0x00, 0x6d, 0x61, 0x69, 0x6e, 0x00, 0x00, 0x00, 0x00, // ........main....
	0x05, 0x00, 0x08, 0x00, 0x43, 0x00, 0x00, 0x00, 0x74, 0x65, 0x78, 0x5f, 0x62, 0x61, 0x73, 0x65, // ....C...tex_base
	0x5f, 0x63, 0x6f, 0x6c, 0x6f, 0x72, 0x53, 0x61, 0x6d, 0x70, 0x6c, 0x65, 0x72, 0x00, 0x00, 0x00, // _colorSampler...
	0x05, 0x00, 0x08, 0x00, 0x46, 0x00, 0x00, 0x00, 0x74, 0x65, 0x78, 0x5f, 0x62, 0x61, 0x73, 0x65, // ....F...tex_base
	0x5f, 0x63, 0x6f, 0x6c, 0x6f, 0x72, 0x54, 0x65, 0x78, 0x74, 0x75, 0x72, 0x65, 0x00, 0x00, 0x00, // _colorTexture...
	0x05, 0x00, 0x06, 0x00, 0xd0, 0x00, 0x00, 0x00, 0x55, 0x6e, 0x69, 0x66, 0x6f, 0x72, 0x6d, 0x42, // ........UniformB
	0x6c, 0x6f, 0x63, 0x6b, 0x00, 0x00, 0x00, 0x00, 0x06, 0x00, 0x06, 0x00, 0xd0, 0x00, 0x00, 0x00, // lock............
	0x00, 0x00, 0x00, 0x00, 0x63, 0x6c, 0x69, 0x70, 0x5f, 0x70, 0x6c, 0x61, 0x6e, 0x65, 0x00, 0x00, // ....clip_plane..
	0x06, 0x00, 0x08, 0x00, 0xd0, 0x00, 0x00, 0x00, 0x01, 0x00, 0x00, 0x00, 0x73, 0x74, 0x61, 0x74, // ............stat
	0x69, 0x63, 0x43, 0x6f, 0x6c, 0x6f, 0x72, 0x5f, 0x41, 0x6c, 0x70, 0x68, 0x61, 0x00, 0x00, 0x00, // icColor_Alpha...
	0x05, 0x00, 0x03, 0x00, 0xd2, 0x00, 0x00, 0x00, 0x00, 0x00, 0x00, 0x00, 0x05, 0x00, 0x05, 0x00, // ................
	0x0c, 0x01, 0x00, 0x00, 0x76, 0x5f, 0x63, 0x6f, 0x6c, 0x6f, 0x72, 0x30, 0x00, 0x00, 0x00, 0x00, // ....v_color0....
	0x05, 0x00, 0x05, 0x00, 0x10, 0x01, 0x00, 0x00, 0x76, 0x5f, 0x74, 0x65, 0x78, 0x63, 0x6f, 0x6f, // ........v_texcoo
	0x72, 0x64, 0x30, 0x00, 0x05, 0x00, 0x05, 0x00, 0x13, 0x01, 0x00, 0x00, 0x76, 0x5f, 0x74, 0x65, // rd0.........v_te
	0x78, 0x63, 0x6f, 0x6f, 0x72, 0x64, 0x31, 0x00, 0x05, 0x00, 0x06, 0x00, 0x22, 0x01, 0x00, 0x00, // xcoord1....."...
	0x62, 0x67, 0x66, 0x78, 0x5f, 0x46, 0x72, 0x61, 0x67, 0x44, 0x61, 0x74, 0x61, 0x30, 0x00, 0x00, // bgfx_FragData0..
	0x47, 0x00, 0x04, 0x00, 0x43, 0x00, 0x00, 0x00, 0x21, 0x00, 0x00, 0x00, 0x12, 0x00, 0x00, 0x00, // G...C...!.......
	0x47, 0x00, 0x04, 0x00, 0x43, 0x00, 0x00, 0x00, 0x22, 0x00, 0x00, 0x00, 0x00, 0x00, 0x00, 0x00, // G...C...".......
	0x47, 0x00, 0x04, 0x00, 0x46, 0x00, 0x00, 0x00, 0x21, 0x00, 0x00, 0x00, 0x02, 0x00, 0x00, 0x00, // G...F...!.......
	0x47, 0x00, 0x04, 0x00, 0x46, 0x00, 0x00, 0x00, 0x22, 0x00, 0x00, 0x00, 0x00, 0x00, 0x00, 0x00, // G...F...".......
	0x47, 0x00, 0x03, 0x00, 0xd0, 0x00, 0x00, 0x00, 0x02, 0x00, 0x00, 0x00, 0x48, 0x00, 0x05, 0x00, // G...........H...
	0xd0, 0x00, 0x00, 0x00, 0x00, 0x00, 0x00, 0x00, 0x23, 0x00, 0x00, 0x00, 0x00, 0x00, 0x00, 0x00, // ........#.......
	0x48, 0x00, 0x05, 0x00, 0xd0, 0x00, 0x00, 0x00, 0x01, 0x00, 0x00, 0x00, 0x23, 0x00, 0x00, 0x00, // H...........#...
	0x10, 0x00, 0x00, 0x00, 0x47, 0x00, 0x04, 0x00, 0xd2, 0x00, 0x00, 0x00, 0x21, 0x00, 0x00, 0x00, // ....G.......!...
	0x01, 0x00, 0x00, 0x00, 0x47, 0x00, 0x04, 0x00, 0xd2, 0x00, 0x00, 0x00, 0x22, 0x00, 0x00, 0x00, // ....G......."...
	0x00, 0x00, 0x00, 0x00, 0x47, 0x00, 0x04, 0x00, 0x0c, 0x01, 0x00, 0x00, 0x1e, 0x00, 0x00, 0x00, // ....G...........
	0x00, 0x00, 0x00, 0x00, 0x47, 0x00, 0x04, 0x00, 0x10, 0x01, 0x00, 0x00, 0x1e, 0x00, 0x00, 0x00, // ....G...........
	0x01, 0x00, 0x00, 0x00, 0x47, 0x00, 0x04, 0x00, 0x13, 0x01, 0x00, 0x00, 0x1e, 0x00, 0x00, 0x00, // ....G...........
	0x02, 0x00, 0x00, 0x00, 0x47, 0x00, 0x04, 0x00, 0x22, 0x01, 0x00, 0x00, 0x1e, 0x00, 0x00, 0x00, // ....G...".......
	0x00, 0x00, 0x00, 0x00, 0x13, 0x00, 0x02, 0x00, 0x02, 0x00, 0x00, 0x00, 0x21, 0x00, 0x03, 0x00, // ............!...
	0x03, 0x00, 0x00, 0x00, 0x02, 0x00, 0x00, 0x00, 0x1a, 0x00, 0x02, 0x00, 0x06, 0x00, 0x00, 0x00, // ................
	0x16, 0x00, 0x03, 0x00, 0x07, 0x00, 0x00, 0x00, 0x20, 0x00, 0x00, 0x00, 0x19, 0x00, 0x09, 0x00, // ........ .......
	0x08, 0x00, 0x00, 0x00, 0x07, 0x00, 0x00, 0x00, 0x01, 0x00, 0x00, 0x00, 0x00, 0x00, 0x00, 0x00, // ................
	0x00, 0x00, 0x00, 0x00, 0x00, 0x00, 0x00, 0x00, 0x01, 0x00, 0x00, 0x00, 0x00, 0x00, 0x00, 0x00, // ................
	0x17, 0x00, 0x04, 0x00, 0x0b, 0x00, 0x00, 0x00, 0x07, 0x00, 0x00, 0x00, 0x02, 0x00, 0x00, 0x00, // ................
	0x17, 0x00, 0x04, 0x00, 0x0d, 0x00, 0x00, 0x00, 0x07, 0x00, 0x00, 0x00, 0x04, 0x00, 0x00, 0x00, // ................
	0x14, 0x00, 0x02, 0x00, 0x13, 0x00, 0x00, 0x00, 0x17, 0x00, 0x04, 0x00, 0x14, 0x00, 0x00, 0x00, // ................
	0x13, 0x00, 0x00, 0x00, 0x02, 0x00, 0x00, 0x00, 0x17, 0x00, 0x04, 0x00, 0x1f, 0x00, 0x00, 0x00, // ................
	0x07, 0x00, 0x00, 0x00, 0x03, 0x00, 0x00, 0x00, 0x20, 0x00, 0x04, 0x00, 0x42, 0x00, 0x00, 0x00, // ........ ...B...
	0x00, 0x00, 0x00, 0x00, 0x06, 0x00, 0x00, 0x00, 0x3b, 0x00, 0x04, 0x00, 0x42, 0x00, 0x00, 0x00, // ........;...B...
	0x43, 0x00, 0x00, 0x00, 0x00, 0x00, 0x00, 0x00, 0x20, 0x00, 0x04, 0x00, 0x45, 0x00, 0x00, 0x00, // C....... ...E...
	0x00, 0x00, 0x00, 0x00, 0x08, 0x00, 0x00, 0x00, 0x3b, 0x00, 0x04, 0x00, 0x45, 0x00, 0x00, 0x00, // ........;...E...
	0x46, 0x00, 0x00, 0x00, 0x00, 0x00, 0x00, 0x00, 0x15, 0x00, 0x04, 0x00, 0x49, 0x00, 0x00, 0x00, // F...........I...
	0x20, 0x00, 0x00, 0x00, 0x01, 0x00, 0x00, 0x00, 0x2b, 0x00, 0x04, 0x00, 0x49, 0x00, 0x00, 0x00, //  .......+...I...
	0x4a, 0x00, 0x00, 0x00, 0x01, 0x00, 0x00, 0x00, 0x2b, 0x00, 0x04, 0x00, 0x49, 0x00, 0x00, 0x00, // J.......+...I...
	0x4e, 0x00, 0x00, 0x00, 0x00, 0x00, 0x00, 0x00, 0x1b, 0x00, 0x03, 0x00, 0x52, 0x00, 0x00, 0x00, // N...........R...
	0x08, 0x00, 0x00, 0x00, 0x2b, 0x00, 0x04, 0x00, 0x07, 0x00, 0x00, 0x00, 0x6b, 0x00, 0x00, 0x00, // ....+.......k...
	0xe6, 0xae, 0x25, 0x3d, 0x2b, 0x00, 0x04, 0x00, 0x07, 0x00, 0x00, 0x00, 0x70, 0x00, 0x00, 0x00, // ..%=+.......p...
	0x91, 0x83, 0x9e, 0x3d, 0x2b, 0x00, 0x04, 0x00, 0x07, 0x00, 0x00, 0x00, 0x75, 0x00, 0x00, 0x00, // ...=+.......u...
	0x6e, 0xa7, 0x72, 0x3f, 0x2b, 0x00, 0x04, 0x00, 0x07, 0x00, 0x00, 0x00, 0x77, 0x00, 0x00, 0x00, // n.r?+.......w...
	0x19, 0x89, 0x55, 0x3d, 0x2b, 0x00, 0x04, 0x00, 0x07, 0x00, 0x00, 0x00, 0x79, 0x00, 0x00, 0x00, // ..U=+.......y...
	0x9a, 0x99, 0x19, 0x40, 0x15, 0x00, 0x04, 0x00, 0x83, 0x00, 0x00, 0x00, 0x20, 0x00, 0x00, 0x00, // ...@........ ...
	0x00, 0x00, 0x00, 0x00, 0x2b, 0x00, 0x04, 0x00, 0x83, 0x00, 0x00, 0x00, 0x84, 0x00, 0x00, 0x00, // ....+...........
	0x00, 0x00, 0x00, 0x00, 0x18, 0x00, 0x04, 0x00, 0x95, 0x00, 0x00, 0x00, 0x1f, 0x00, 0x00, 0x00, // ................
	0x03, 0x00, 0x00, 0x00, 0x2b, 0x00, 0x04, 0x00, 0x07, 0x00, 0x00, 0x00, 0x98, 0x00, 0x00, 0x00, // ....+...........
	0x49, 0x9d, 0x20, 0x3f, 0x2b, 0x00, 0x04, 0x00, 0x07, 0x00, 0x00, 0x00, 0x99, 0x00, 0x00, 0x00, // I. ?+...........
	0x4d, 0x84, 0x8d, 0x3d, 0x2b, 0x00, 0x04, 0x00, 0x07, 0x00, 0x00, 0x00, 0x9a, 0x00, 0x00, 0x00, // M..=+...........
	0x4b, 0x59, 0x86, 0x3c, 0x2c, 0x00, 0x06, 0x00, 0x1f, 0x00, 0x00, 0x00, 0x9b, 0x00, 0x00, 0x00, // KY.<,...........
	0x98, 0x00, 0x00, 0x00, 0x99, 0x00, 0x00, 0x00, 0x9a, 0x00, 0x00, 0x00, 0x2b, 0x00, 0x04, 0x00, // ............+...
	0x07, 0x00, 0x00, 0x00, 0x9c, 0x00, 0x00, 0x00, 0x02, 0x9a, 0xa8, 0x3e, 0x2b, 0x00, 0x04, 0x00, // ...........>+...
	0x07, 0x00, 0x00, 0x00, 0x9d, 0x00, 0x00, 0x00, 0x5a, 0x64, 0x6b, 0x3f, 0x2b, 0x00, 0x04, 0x00, // ........Zdk?+...
	0x07, 0x00, 0x00, 0x00, 0x9e, 0x00, 0x00, 0x00, 0x58, 0x39, 0xb4, 0x3d, 0x2c, 0x00, 0x06, 0x00, // ........X9.=,...
	0x1f, 0x00, 0x00, 0x00, 0x9f, 0x00, 0x00, 0x00, 0x9c, 0x00, 0x00, 0x00, 0x9d, 0x00, 0x00, 0x00, // ................
	0x9e, 0x00, 0x00, 0x00, 0x2b, 0x00, 0x04, 0x00, 0x07, 0x00, 0x00, 0x00, 0xa0, 0x00, 0x00, 0x00, // ....+...........
	0x57, 0x5b, 0x31, 0x3d, 0x2b, 0x00, 0x04, 0x00, 0x07, 0x00, 0x00, 0x00, 0xa1, 0x00, 0x00, 0x00, // W[1=+...........
	0xa3, 0x23, 0x39, 0x3c, 0x2b, 0x00, 0x04, 0x00, 0x07, 0x00, 0x00, 0x00, 0xa2, 0x00, 0x00, 0x00, // .#9<+...........
	0x0b, 0x46, 0x65, 0x3f, 0x2c, 0x00, 0x06, 0x00, 0x1f, 0x00, 0x00, 0x00, 0xa3, 0x00, 0x00, 0x00, // .Fe?,...........
	0xa0, 0x00, 0x00, 0x00, 0xa1, 0x00, 0x00, 0x00, 0xa2, 0x00, 0x00, 0x00, 0x2c, 0x00, 0x06, 0x00, // ............,...
	0x95, 0x00, 0x00, 0x00, 0xa4, 0x00, 0x00, 0x00, 0x9b, 0x00, 0x00, 0x00, 0x9f, 0x00, 0x00, 0x00, // ................
	0xa3, 0x00, 0x00, 0x00, 0x2b, 0x00, 0x04, 0x00, 0x07, 0x00, 0x00, 0x00, 0xaa, 0x00, 0x00, 0x00, // ....+...........
	0x00, 0x20, 0x23, 0x3e, 0x2b, 0x00, 0x04, 0x00, 0x07, 0x00, 0x00, 0x00, 0xac, 0x00, 0x00, 0x00, // . #>+...........
	0x00, 0xb0, 0x9d, 0x42, 0x2b, 0x00, 0x04, 0x00, 0x07, 0x00, 0x00, 0x00, 0xae, 0x00, 0x00, 0x00, // ...B+...........
	0x00, 0x00, 0x56, 0x3f, 0x2b, 0x00, 0x04, 0x00, 0x07, 0x00, 0x00, 0x00, 0xb0, 0x00, 0x00, 0x00, // ..V?+...........
	0x00, 0xd0, 0x96, 0x41, 0x2b, 0x00, 0x04, 0x00, 0x07, 0x00, 0x00, 0x00, 0xb2, 0x00, 0x00, 0x00, // ...A+...........
	0x00, 0x80, 0x95, 0x41, 0x2b, 0x00, 0x04, 0x00, 0x07, 0x00, 0x00, 0x00, 0xbf, 0x00, 0x00, 0x00, // ...A+...........
	0x00, 0x00, 0x80, 0x3f, 0x2b, 0x00, 0x04, 0x00, 0x07, 0x00, 0x00, 0x00, 0xcd, 0x00, 0x00, 0x00, // ...?+...........
	0x00, 0x00, 0x00, 0x00, 0x1e, 0x00, 0x04, 0x00, 0xd0, 0x00, 0x00, 0x00, 0x0d, 0x00, 0x00, 0x00, // ................
	0x0d, 0x00, 0x00, 0x00, 0x20, 0x00, 0x04, 0x00, 0xd1, 0x00, 0x00, 0x00, 0x02, 0x00, 0x00, 0x00, // .... ...........
	0xd0, 0x00, 0x00, 0x00, 0x3b, 0x00, 0x04, 0x00, 0xd1, 0x00, 0x00, 0x00, 0xd2, 0x00, 0x00, 0x00, // ....;...........
	0x02, 0x00, 0x00, 0x00, 0x20, 0x00, 0x04, 0x00, 0xd6, 0x00, 0x00, 0x00, 0x02, 0x00, 0x00, 0x00, // .... ...........
	0x0d, 0x00, 0x00, 0x00, 0x2b, 0x00, 0x04, 0x00, 0x83, 0x00, 0x00, 0x00, 0xf0, 0x00, 0x00, 0x00, // ....+...........
	0x03, 0x00, 0x00, 0x00, 0x20, 0x00, 0x04, 0x00, 0xf1, 0x00, 0x00, 0x00, 0x02, 0x00, 0x00, 0x00, // .... ...........
	0x07, 0x00, 0x00, 0x00, 0x20, 0x00, 0x04, 0x00, 0x08, 0x01, 0x00, 0x00, 0x01, 0x00, 0x00, 0x00, // .... ...........
	0x0d, 0x00, 0x00, 0x00, 0x3b, 0x00, 0x04, 0x00, 0x08, 0x01, 0x00, 0x00, 0x0c, 0x01, 0x00, 0x00, // ....;...........
	0x01, 0x00, 0x00, 0x00, 0x20, 0x00, 0x04, 0x00, 0x0f, 0x01, 0x00, 0x00, 0x01, 0x00, 0x00, 0x00, // .... ...........
	0x0b, 0x00, 0x00, 0x00, 0x3b, 0x00, 0x04, 0x00, 0x0f, 0x01, 0x00, 0x00, 0x10, 0x01, 0x00, 0x00, // ....;...........
	0x01, 0x00, 0x00, 0x00, 0x3b, 0x00, 0x04, 0x00, 0x0f, 0x01, 0x00, 0x00, 0x13, 0x01, 0x00, 0x00, // ....;...........
	0x01, 0x00, 0x00, 0x00, 0x20, 0x00, 0x04, 0x00, 0x21, 0x01, 0x00, 0x00, 0x03, 0x00, 0x00, 0x00, // .... ...!.......
	0x0d, 0x00, 0x00, 0x00, 0x3b, 0x00, 0x04, 0x00, 0x21, 0x01, 0x00, 0x00, 0x22, 0x01, 0x00, 0x00, // ....;...!..."...
	0x03, 0x00, 0x00, 0x00, 0x2c, 0x00, 0x06, 0x00, 0x1f, 0x00, 0x00, 0x00, 0x17, 0x02, 0x00, 0x00, // ....,...........
	0xaa, 0x00, 0x00, 0x00, 0xaa, 0x00, 0x00, 0x00, 0xaa, 0x00, 0x00, 0x00, 0x2c, 0x00, 0x06, 0x00, // ............,...
	0x1f, 0x00, 0x00, 0x00, 0x18, 0x02, 0x00, 0x00, 0xae, 0x00, 0x00, 0x00, 0xae, 0x00, 0x00, 0x00, // ................
	0xae, 0x00, 0x00, 0x00, 0x2c, 0x00, 0x06, 0x00, 0x1f, 0x00, 0x00, 0x00, 0x19, 0x02, 0x00, 0x00, // ....,...........
	0xbf, 0x00, 0x00, 0x00, 0xbf, 0x00, 0x00, 0x00, 0xbf, 0x00, 0x00, 0x00, 0x2c, 0x00, 0x06, 0x00, // ............,...
	0x1f, 0x00, 0x00, 0x00, 0x1a, 0x02, 0x00, 0x00, 0xac, 0x00, 0x00, 0x00, 0xac, 0x00, 0x00, 0x00, // ................
	0xac, 0x00, 0x00, 0x00, 0x36, 0x00, 0x05, 0x00, 0x02, 0x00, 0x00, 0x00, 0x04, 0x00, 0x00, 0x00, // ....6...........
	0x00, 0x00, 0x00, 0x00, 0x03, 0x00, 0x00, 0x00, 0xf8, 0x00, 0x02, 0x00, 0x05, 0x00, 0x00, 0x00, // ................
	0x3d, 0x00, 0x04, 0x00, 0x06, 0x00, 0x00, 0x00, 0x44, 0x00, 0x00, 0x00, 0x43, 0x00, 0x00, 0x00, // =.......D...C...
	0x3d, 0x00, 0x04, 0x00, 0x08, 0x00, 0x00, 0x00, 0x47, 0x00, 0x00, 0x00, 0x46, 0x00, 0x00, 0x00, // =.......G...F...
	0x3d, 0x00, 0x04, 0x00, 0x0d, 0x00, 0x00, 0x00, 0x0d, 0x01, 0x00, 0x00, 0x0c, 0x01, 0x00, 0x00, // =...............
	0x3d, 0x00, 0x04, 0x00, 0x0b, 0x00, 0x00, 0x00, 0x11, 0x01, 0x00, 0x00, 0x10, 0x01, 0x00, 0x00, // =...............
	0x3d, 0x00, 0x04, 0x00, 0x0b, 0x00, 0x00, 0x00, 0x14, 0x01, 0x00, 0x00, 0x13, 0x01, 0x00, 0x00, // =...............
	0x41, 0x00, 0x05, 0x00, 0xd6, 0x00, 0x00, 0x00, 0x4c, 0x01, 0x00, 0x00, 0xd2, 0x00, 0x00, 0x00, // A.......L.......
	0x4e, 0x00, 0x00, 0x00, 0x3d, 0x00, 0x04, 0x00, 0x0d, 0x00, 0x00, 0x00, 0x4d, 0x01, 0x00, 0x00, // N...=.......M...
	0x4c, 0x01, 0x00, 0x00, 0x4f, 0x00, 0x07, 0x00, 0x0b, 0x00, 0x00, 0x00, 0x4e, 0x01, 0x00, 0x00, // L...O.......N...
	0x4d, 0x01, 0x00, 0x00, 0x4d, 0x01, 0x00, 0x00, 0x00, 0x00, 0x00, 0x00, 0x01, 0x00, 0x00, 0x00, // M...M...........
	0xb8, 0x00, 0x05, 0x00, 0x14, 0x00, 0x00, 0x00, 0x7c, 0x01, 0x00, 0x00, 0x14, 0x01, 0x00, 0x00, // ........|.......
	0x4e, 0x01, 0x00, 0x00, 0x9a, 0x00, 0x04, 0x00, 0x13, 0x00, 0x00, 0x00, 0x50, 0x01, 0x00, 0x00, // N...........P...
	0x7c, 0x01, 0x00, 0x00, 0x4f, 0x00, 0x07, 0x00, 0x0b, 0x00, 0x00, 0x00, 0x54, 0x01, 0x00, 0x00, // |...O.......T...
	0x4d, 0x01, 0x00, 0x00, 0x4d, 0x01, 0x00, 0x00, 0x02, 0x00, 0x00, 0x00, 0x03, 0x00, 0x00, 0x00, // M...M...........
	0xba, 0x00, 0x05, 0x00, 0x14, 0x00, 0x00, 0x00, 0x81, 0x01, 0x00, 0x00, 0x14, 0x01, 0x00, 0x00, // ................
	0x54, 0x01, 0x00, 0x00, 0x9a, 0x00, 0x04, 0x00, 0x13, 0x00, 0x00, 0x00, 0x56, 0x01, 0x00, 0x00, // T...........V...
	0x81, 0x01, 0x00, 0x00, 0xa6, 0x00, 0x05, 0x00, 0x13, 0x00, 0x00, 0x00, 0x57, 0x01, 0x00, 0x00, // ............W...
	0x50, 0x01, 0x00, 0x00, 0x56, 0x01, 0x00, 0x00, 0xf7, 0x00, 0x03, 0x00, 0x59, 0x01, 0x00, 0x00, // P...V.......Y...
	0x00, 0x00, 0x00, 0x00, 0xfa, 0x00, 0x04, 0x00, 0x57, 0x01, 0x00, 0x00, 0x58, 0x01, 0x00, 0x00, // ........W...X...
	0x59, 0x01, 0x00, 0x00, 0xf8, 0x00, 0x02, 0x00, 0x58, 0x01, 0x00, 0x00, 0xfc, 0x00, 0x01, 0x00, // Y.......X.......
	0xf8, 0x00, 0x02, 0x00, 0x59, 0x01, 0x00, 0x00, 0x56, 0x00, 0x05, 0x00, 0x52, 0x00, 0x00, 0x00, // ....Y...V...R...
	0x88, 0x01, 0x00, 0x00, 0x47, 0x00, 0x00, 0x00, 0x44, 0x00, 0x00, 0x00, 0x57, 0x00, 0x05, 0x00, // ....G...D...W...
	0x0d, 0x00, 0x00, 0x00, 0x8a, 0x01, 0x00, 0x00, 0x88, 0x01, 0x00, 0x00, 0x11, 0x01, 0x00, 0x00, // ................
	0x85, 0x00, 0x05, 0x00, 0x0d, 0x00, 0x00, 0x00, 0x5e, 0x01, 0x00, 0x00, 0x8a, 0x01, 0x00, 0x00, // ........^.......
	0x0d, 0x01, 0x00, 0x00, 0x41, 0x00, 0x06, 0x00, 0xf1, 0x00, 0x00, 0x00, 0x5f, 0x01, 0x00, 0x00, // ....A......._...
	0xd2, 0x00, 0x00, 0x00, 0x4a, 0x00, 0x00, 0x00, 0xf0, 0x00, 0x00, 0x00, 0x3d, 0x00, 0x04, 0x00, // ....J.......=...
	0x07, 0x00, 0x00, 0x00, 0x60, 0x01, 0x00, 0x00, 0x5f, 0x01, 0x00, 0x00, 0xba, 0x00, 0x05, 0x00, // ....`..._.......
	0x13, 0x00, 0x00, 0x00, 0x61, 0x01, 0x00, 0x00, 0x60, 0x01, 0x00, 0x00, 0xcd, 0x00, 0x00, 0x00, // ....a...`.......
	0xf7, 0x00, 0x03, 0x00, 0x70, 0x01, 0x00, 0x00, 0x02, 0x00, 0x00, 0x00, 0xfa, 0x00, 0x04, 0x00, // ....p...........
	0x61, 0x01, 0x00, 0x00, 0x62, 0x01, 0x00, 0x00, 0x70, 0x01, 0x00, 0x00, 0xf8, 0x00, 0x02, 0x00, // a...b...p.......
	0x62, 0x01, 0x00, 0x00, 0x51, 0x00, 0x05, 0x00, 0x07, 0x00, 0x00, 0x00, 0x91, 0x01, 0x00, 0x00, // b...Q...........
	0x5e, 0x01, 0x00, 0x00, 0x00, 0x00, 0x00, 0x00, 0xf7, 0x00, 0x03, 0x00, 0xaf, 0x01, 0x00, 0x00, // ^...............
	0x00, 0x00, 0x00, 0x00, 0xfb, 0x00, 0x03, 0x00, 0x84, 0x00, 0x00, 0x00, 0xa3, 0x01, 0x00, 0x00, // ................
	0xf8, 0x00, 0x02, 0x00, 0xa3, 0x01, 0x00, 0x00, 0xbc, 0x00, 0x05, 0x00, 0x13, 0x00, 0x00, 0x00, // ................
	0xa5, 0x01, 0x00, 0x00, 0x91, 0x01, 0x00, 0x00, 0x6b, 0x00, 0x00, 0x00, 0xf7, 0x00, 0x03, 0x00, // ........k.......
	0xae, 0x01, 0x00, 0x00, 0x00, 0x00, 0x00, 0x00, 0xfa, 0x00, 0x04, 0x00, 0xa5, 0x01, 0x00, 0x00, // ................
	0xa6, 0x01, 0x00, 0x00, 0xa9, 0x01, 0x00, 0x00, 0xf8, 0x00, 0x02, 0x00, 0xa9, 0x01, 0x00, 0x00, // ................
	0x85, 0x00, 0x05, 0x00, 0x07, 0x00, 0x00, 0x00, 0xab, 0x01, 0x00, 0x00, 0x91, 0x01, 0x00, 0x00, // ................
	0x75, 0x00, 0x00, 0x00, 0x81, 0x00, 0x05, 0x00, 0x07, 0x00, 0x00, 0x00, 0xac, 0x01, 0x00, 0x00, // u...............
	0xab, 0x01, 0x00, 0x00, 0x77, 0x00, 0x00, 0x00, 0x0c, 0x00, 0x07, 0x00, 0x07, 0x00, 0x00, 0x00, // ....w...........
	0xad, 0x01, 0x00, 0x00, 0x01, 0x00, 0x00, 0x00, 0x1a, 0x00, 0x00, 0x00, 0xac, 0x01, 0x00, 0x00, // ................
	0x79, 0x00, 0x00, 0x00, 0xf9, 0x00, 0x02, 0x00, 0xaf, 0x01, 0x00, 0x00, 0xf8, 0x00, 0x02, 0x00, // y...............
	0xa6, 0x01, 0x00, 0x00, 0x85, 0x00, 0x05, 0x00, 0x07, 0x00, 0x00, 0x00, 0xa8, 0x01, 0x00, 0x00, // ................
	0x91, 0x01, 0x00, 0x00, 0x70, 0x00, 0x00, 0x00, 0xf9, 0x00, 0x02, 0x00, 0xaf, 0x01, 0x00, 0x00, // ....p...........
	0xf8, 0x00, 0x02, 0x00, 0xae, 0x01, 0x00, 0x00, 0xff, 0x00, 0x01, 0x00, 0xf8, 0x00, 0x02, 0x00, // ................
	0xaf, 0x01, 0x00, 0x00, 0xf5, 0x00, 0x07, 0x00, 0x07, 0x00, 0x00, 0x00, 0x1b, 0x02, 0x00, 0x00, // ................
	0xad, 0x01, 0x00, 0x00, 0xa9, 0x01, 0x00, 0x00, 0xa8, 0x01, 0x00, 0x00, 0xa6, 0x01, 0x00, 0x00, // ................
	0x51, 0x00, 0x05, 0x00, 0x07, 0x00, 0x00, 0x00, 0x94, 0x01, 0x00, 0x00, 0x5e, 0x01, 0x00, 0x00, // Q...........^...
	0x01, 0x00, 0x00, 0x00, 0xf7, 0x00, 0x03, 0x00, 0xc6, 0x01, 0x00, 0x00, 0x00, 0x00, 0x00, 0x00, // ................
	0xfb, 0x00, 0x03, 0x00, 0x84, 0x00, 0x00, 0x00, 0xba, 0x01, 0x00, 0x00, 0xf8, 0x00, 0x02, 0x00, // ................
	0xba, 0x01, 0x00, 0x00, 0xbc, 0x00, 0x05, 0x00, 0x13, 0x00, 0x00, 0x00, 0xbc, 0x01, 0x00, 0x00, // ................
	0x94, 0x01, 0x00, 0x00, 0x6b, 0x00, 0x00, 0x00, 0xf7, 0x00, 0x03, 0x00, 0xc5, 0x01, 0x00, 0x00, // ....k...........
	0x00, 0x00, 0x00, 0x00, 0xfa, 0x00, 0x04, 0x00, 0xbc, 0x01, 0x00, 0x00, 0xbd, 0x01, 0x00, 0x00, // ................
	0xc0, 0x01, 0x00, 0x00, 0xf8, 0x00, 0x02, 0x00, 0xc0, 0x01, 0x00, 0x00, 0x85, 0x00, 0x05, 0x00, // ................
	0x07, 0x00, 0x00, 0x00, 0xc2, 0x01, 0x00, 0x00, 0x94, 0x01, 0x00, 0x00, 0x75, 0x00, 0x00, 0x00, // ............u...
	0x81, 0x00, 0x05, 0x00, 0x07, 0x00, 0x00, 0x00, 0xc3, 0x01, 0x00, 0x00, 0xc2, 0x01, 0x00, 0x00, // ................
	0x77, 0x00, 0x00, 0x00, 0x0c, 0x00, 0x07, 0x00, 0x07, 0x00, 0x00, 0x00, 0xc4, 0x01, 0x00, 0x00, // w...............
	0x01, 0x00, 0x00, 0x00, 0x1a, 0x00, 0x00, 0x00, 0xc3, 0x01, 0x00, 0x00, 0x79, 0x00, 0x00, 0x00, // ............y...
	0xf9, 0x00, 0x02, 0x00, 0xc6, 0x01, 0x00, 0x00, 0xf8, 0x00, 0x02, 0x00, 0xbd, 0x01, 0x00, 0x00, // ................
	0x85, 0x00, 0x05, 0x00, 0x07, 0x00, 0x00, 0x00, 0xbf, 0x01, 0x00, 0x00, 0x94, 0x01, 0x00, 0x00, // ................
	0x70, 0x00, 0x00, 0x00, 0xf9, 0x00, 0x02, 0x00, 0xc6, 0x01, 0x00, 0x00, 0xf8, 0x00, 0x02, 0x00, // p...............
	0xc5, 0x01, 0x00, 0x00, 0xff, 0x00, 0x01, 0x00, 0xf8, 0x00, 0x02, 0x00, 0xc6, 0x01, 0x00, 0x00, // ................
	0xf5, 0x00, 0x07, 0x00, 0x07, 0x00, 0x00, 0x00, 0x1c, 0x02, 0x00, 0x00, 0xc4, 0x01, 0x00, 0x00, // ................
	0xc0, 0x01, 0x00, 0x00, 0xbf, 0x01, 0x00, 0x00, 0xbd, 0x01, 0x00, 0x00, 0x51, 0x00, 0x05, 0x00, // ............Q...
	0x07, 0x00, 0x00, 0x00, 0x97, 0x01, 0x00, 0x00, 0x5e, 0x01, 0x00, 0x00, 0x02, 0x00, 0x00, 0x00, // ........^.......
	0xf7, 0x00, 0x03, 0x00, 0xdd, 0x01, 0x00, 0x00, 0x00, 0x00, 0x00, 0x00, 0xfb, 0x00, 0x03, 0x00, // ................
	0x84, 0x00, 0x00, 0x00, 0xd1, 0x01, 0x00, 0x00, 0xf8, 0x00, 0x02, 0x00, 0xd1, 0x01, 0x00, 0x00, // ................
	0xbc, 0x00, 0x05, 0x00, 0x13, 0x00, 0x00, 0x00, 0xd3, 0x01, 0x00, 0x00, 0x97, 0x01, 0x00, 0x00, // ................
	0x6b, 0x00, 0x00, 0x00, 0xf7, 0x00, 0x03, 0x00, 0xdc, 0x01, 0x00, 0x00, 0x00, 0x00, 0x00, 0x00, // k...............
	0xfa, 0x00, 0x04, 0x00, 0xd3, 0x01, 0x00, 0x00, 0xd4, 0x01, 0x00, 0x00, 0xd7, 0x01, 0x00, 0x00, // ................
	0xf8, 0x00, 0x02, 0x00, 0xd7, 0x01, 0x00, 0x00, 0x85, 0x00, 0x05, 0x00, 0x07, 0x00, 0x00, 0x00, // ................
	0xd9, 0x01, 0x00, 0x00, 0x97, 0x01, 0x00, 0x00, 0x75, 0x00, 0x00, 0x00, 0x81, 0x00, 0x05, 0x00, // ........u.......
	0x07, 0x00, 0x00, 0x00, 0xda, 0x01, 0x00, 0x00, 0xd9, 0x01, 0x00, 0x00, 0x77, 0x00, 0x00, 0x00, // ............w...
	0x0c, 0x00, 0x07, 0x00, 0x07, 0x00, 0x00, 0x00, 0xdb, 0x01, 0x00, 0x00, 0x01, 0x00, 0x00, 0x00, // ................
	0x1a, 0x00, 0x00, 0x00, 0xda, 0x01, 0x00, 0x00, 0x79, 0x00, 0x00, 0x00, 0xf9, 0x00, 0x02, 0x00, // ........y.......
	0xdd, 0x01, 0x00, 0x00, 0xf8, 0x00, 0x02, 0x00, 0xd4, 0x01, 0x00, 0x00, 0x85, 0x00, 0x05, 0x00, // ................
	0x07, 0x00, 0x00, 0x00, 0xd6, 0x01, 0x00, 0x00, 0x97, 0x01, 0x00, 0x00, 0x70, 0x00, 0x00, 0x00, // ............p...
	0xf9, 0x00, 0x02, 0x00, 0xdd, 0x01, 0x00, 0x00, 0xf8, 0x00, 0x02, 0x00, 0xdc, 0x01, 0x00, 0x00, // ................
	0xff, 0x00, 0x01, 0x00, 0xf8, 0x00, 0x02, 0x00, 0xdd, 0x01, 0x00, 0x00, 0xf5, 0x00, 0x07, 0x00, // ................
	0x07, 0x00, 0x00, 0x00, 0x1d, 0x02, 0x00, 0x00, 0xdb, 0x01, 0x00, 0x00, 0xd7, 0x01, 0x00, 0x00, // ................
	0xd6, 0x01, 0x00, 0x00, 0xd4, 0x01, 0x00, 0x00, 0x50, 0x00, 0x06, 0x00, 0x1f, 0x00, 0x00, 0x00, // ........P.......
	0x99, 0x01, 0x00, 0x00, 0x1b, 0x02, 0x00, 0x00, 0x1c, 0x02, 0x00, 0x00, 0x1d, 0x02, 0x00, 0x00, // ................
	0x8e, 0x00, 0x05, 0x00, 0x1f, 0x00, 0x00, 0x00, 0x68, 0x01, 0x00, 0x00, 0x99, 0x01, 0x00, 0x00, // ........h.......
	0x60, 0x01, 0x00, 0x00, 0x91, 0x00, 0x05, 0x00, 0x1f, 0x00, 0x00, 0x00, 0xed, 0x01, 0x00, 0x00, // `...............
	0xa4, 0x00, 0x00, 0x00, 0x68, 0x01, 0x00, 0x00, 0x0c, 0x00, 0x07, 0x00, 0x1f, 0x00, 0x00, 0x00, // ....h...........
	0xf1, 0x01, 0x00, 0x00, 0x01, 0x00, 0x00, 0x00, 0x1a, 0x00, 0x00, 0x00, 0xed, 0x01, 0x00, 0x00, // ................
	0x17, 0x02, 0x00, 0x00, 0x8e, 0x00, 0x05, 0x00, 0x1f, 0x00, 0x00, 0x00, 0xf5, 0x01, 0x00, 0x00, // ................
	0xf1, 0x01, 0x00, 0x00, 0xb0, 0x00, 0x00, 0x00, 0x81, 0x00, 0x05, 0x00, 0x1f, 0x00, 0x00, 0x00, // ................
	0xf7, 0x01, 0x00, 0x00, 0x18, 0x02, 0x00, 0x00, 0xf5, 0x01, 0x00, 0x00, 0x8e, 0x00, 0x05, 0x00, // ................
	0x1f, 0x00, 0x00, 0x00, 0xfa, 0x01, 0x00, 0x00, 0xf1, 0x01, 0x00, 0x00, 0xb2, 0x00, 0x00, 0x00, // ................
	0x81, 0x00, 0x05, 0x00, 0x1f, 0x00, 0x00, 0x00, 0xfc, 0x01, 0x00, 0x00, 0x19, 0x02, 0x00, 0x00, // ................
	0xfa, 0x01, 0x00, 0x00, 0x88, 0x00, 0x05, 0x00, 0x1f, 0x00, 0x00, 0x00, 0xfd, 0x01, 0x00, 0x00, // ................
	0xf7, 0x01, 0x00, 0x00, 0xfc, 0x01, 0x00, 0x00, 0x0c, 0x00, 0x07, 0x00, 0x1f, 0x00, 0x00, 0x00, // ................
	0x00, 0x02, 0x00, 0x00, 0x01, 0x00, 0x00, 0x00, 0x1a, 0x00, 0x00, 0x00, 0xfd, 0x01, 0x00, 0x00, // ................
	0x1a, 0x02, 0x00, 0x00, 0x51, 0x00, 0x05, 0x00, 0x07, 0x00, 0x00, 0x00, 0x6b, 0x01, 0x00, 0x00, // ....Q.......k...
	0x00, 0x02, 0x00, 0x00, 0x00, 0x00, 0x00, 0x00, 0x52, 0x00, 0x06, 0x00, 0x0d, 0x00, 0x00, 0x00, // ........R.......
	0x11, 0x02, 0x00, 0x00, 0x6b, 0x01, 0x00, 0x00, 0x5e, 0x01, 0x00, 0x00, 0x00, 0x00, 0x00, 0x00, // ....k...^.......
	0x51, 0x00, 0x05, 0x00, 0x07, 0x00, 0x00, 0x00, 0x6d, 0x01, 0x00, 0x00, 0x00, 0x02, 0x00, 0x00, // Q.......m.......
	0x01, 0x00, 0x00, 0x00, 0x52, 0x00, 0x06, 0x00, 0x0d, 0x00, 0x00, 0x00, 0x13, 0x02, 0x00, 0x00, // ....R...........
	0x6d, 0x01, 0x00, 0x00, 0x11, 0x02, 0x00, 0x00, 0x01, 0x00, 0x00, 0x00, 0x51, 0x00, 0x05, 0x00, // m...........Q...
	0x07, 0x00, 0x00, 0x00, 0x6f, 0x01, 0x00, 0x00, 0x00, 0x02, 0x00, 0x00, 0x02, 0x00, 0x00, 0x00, // ....o...........
	0x52, 0x00, 0x06, 0x00, 0x0d, 0x00, 0x00, 0x00, 0x15, 0x02, 0x00, 0x00, 0x6f, 0x01, 0x00, 0x00, // R...........o...
	0x13, 0x02, 0x00, 0x00, 0x02, 0x00, 0x00, 0x00, 0xf9, 0x00, 0x02, 0x00, 0x70, 0x01, 0x00, 0x00, // ............p...
	0xf8, 0x00, 0x02, 0x00, 0x70, 0x01, 0x00, 0x00, 0xf5, 0x00, 0x07, 0x00, 0x0d, 0x00, 0x00, 0x00, // ....p...........
	0x21, 0x02, 0x00, 0x00, 0x5e, 0x01, 0x00, 0x00, 0x59, 0x01, 0x00, 0x00, 0x15, 0x02, 0x00, 0x00, // !...^...Y.......
	0xdd, 0x01, 0x00, 0x00, 0x3e, 0x00, 0x03, 0x00, 0x22, 0x01, 0x00, 0x00, 0x21, 0x02, 0x00, 0x00, // ....>..."...!...
	0xfd, 0x00, 0x01, 0x00, 0x38, 0x00, 0x01, 0x00, 0x00, 0x00, 0x20, 0x00,                         // ....8..... .
};
static const bgfx::EmbeddedShader fs_imgui_st = BGFX_EMBEDDED_SHADER(fs_imgui_st);
