// MipMap Shaders

//////////////////////////////////////////////////////////////////////////////////////////////////////////////////////
// Build of compute shader from cs_mipmap.sc to cs_mipmap_srgba8 with options: FMT_srgba8
static const uint8_t cs_mipmap_srgba8_mtl[7536] =
{
	0x43, 0x53, 0x48, 0x0c, 0x00, 0x00, 0x00, 0x00, 0x00, 0x00, 0x00, 0x00, 0x00, 0x00, 0x00, 0x00, // CSH.............
	0x00, 0x00, 0x00, 0x00, 0x03, 0x00, 0x08, 0x75, 0x5f, 0x53, 0x6f, 0x75, 0x72, 0x63, 0x65, 0x01, // .......u_Source.
	0x01, 0xff, 0xff, 0x01, 0x00, 0x00, 0x00, 0x00, 0x00, 0x0d, 0x75, 0x5f, 0x44, 0x65, 0x73, 0x74, // ..........u_Dest
	0x69, 0x6e, 0x61, 0x74, 0x69, 0x6f, 0x6e, 0x01, 0x01, 0xff, 0xff, 0x01, 0x00, 0x00, 0x00, 0x00, // ination.........
	0x00, 0x08, 0x75, 0x5f, 0x53, 0x6f, 0x75, 0x72, 0x63, 0x65, 0x00, 0x00, 0x00, 0x00, 0x00, 0x00, // ..u_Source......
	0x00, 0x02, 0x00, 0x00, 0x08, 0x00, 0x08, 0x00, 0x01, 0x00, 0x0e, 0x1d, 0x00, 0x00, 0x23, 0x70, // ..............#p
	0x72, 0x61, 0x67, 0x6d, 0x61, 0x20, 0x63, 0x6c, 0x61, 0x6e, 0x67, 0x20, 0x64, 0x69, 0x61, 0x67, // ragma clang diag
	0x6e, 0x6f, 0x73, 0x74, 0x69, 0x63, 0x20, 0x69, 0x67, 0x6e, 0x6f, 0x72, 0x65, 0x64, 0x20, 0x22, // nostic ignored "
	0x2d, 0x57, 0x6d, 0x69, 0x73, 0x73, 0x69, 0x6e, 0x67, 0x2d, 0x70, 0x72, 0x6f, 0x74, 0x6f, 0x74, // -Wmissing-protot
	0x79, 0x70, 0x65, 0x73, 0x22, 0x0a, 0x23, 0x70, 0x72, 0x61, 0x67, 0x6d, 0x61, 0x20, 0x63, 0x6c, // ypes".#pragma cl
	0x61, 0x6e, 0x67, 0x20, 0x64, 0x69, 0x61, 0x67, 0x6e, 0x6f, 0x73, 0x74, 0x69, 0x63, 0x20, 0x69, // ang diagnostic i
	0x67, 0x6e, 0x6f, 0x72, 0x65, 0x64, 0x20, 0x22, 0x2d, 0x57, 0x6d, 0x69, 0x73, 0x73, 0x69, 0x6e, // gnored "-Wmissin
	0x67, 0x2d, 0x62, 0x72, 0x61, 0x63, 0x65, 0x73, 0x22, 0x0a, 0x0a, 0x23, 0x69, 0x6e, 0x63, 0x6c, // g-braces"..#incl
	0x75, 0x64, 0x65, 0x20, 0x3c, 0x6d, 0x65, 0x74, 0x61, 0x6c, 0x5f, 0x73, 0x74, 0x64, 0x6c, 0x69, // ude <metal_stdli
	0x62, 0x3e, 0x0a, 0x23, 0x69, 0x6e, 0x63, 0x6c, 0x75, 0x64, 0x65, 0x20, 0x3c, 0x73, 0x69, 0x6d, // b>.#include <sim
	0x64, 0x2f, 0x73, 0x69, 0x6d, 0x64, 0x2e, 0x68, 0x3e, 0x0a, 0x0a, 0x75, 0x73, 0x69, 0x6e, 0x67, // d/simd.h>..using
	0x20, 0x6e, 0x61, 0x6d, 0x65, 0x73, 0x70, 0x61, 0x63, 0x65, 0x20, 0x6d, 0x65, 0x74, 0x61, 0x6c, //  namespace metal
	0x3b, 0x0a, 0x0a, 0x74, 0x65, 0x6d, 0x70, 0x6c, 0x61, 0x74, 0x65, 0x3c, 0x74, 0x79, 0x70, 0x65, // ;..template<type
	0x6e, 0x61, 0x6d, 0x65, 0x20, 0x54, 0x2c, 0x20, 0x73, 0x69, 0x7a, 0x65, 0x5f, 0x74, 0x20, 0x4e, // name T, size_t N
	0x75, 0x6d, 0x3e, 0x0a, 0x73, 0x74, 0x72, 0x75, 0x63, 0x74, 0x20, 0x73, 0x70, 0x76, 0x55, 0x6e, // um>.struct spvUn
	0x73, 0x61, 0x66, 0x65, 0x41, 0x72, 0x72, 0x61, 0x79, 0x0a, 0x7b, 0x0a, 0x20, 0x20, 0x20, 0x20, // safeArray.{.    
	0x54, 0x20, 0x65, 0x6c, 0x65, 0x6d, 0x65, 0x6e, 0x74, 0x73, 0x5b, 0x4e, 0x75, 0x6d, 0x20, 0x3f, // T elements[Num ?
	0x20, 0x4e, 0x75, 0x6d, 0x20, 0x3a, 0x20, 0x31, 0x5d, 0x3b, 0x0a, 0x20, 0x20, 0x20, 0x20, 0x0a, //  Num : 1];.    .
	0x20, 0x20, 0x20, 0x20, 0x74, 0x68, 0x72, 0x65, 0x61, 0x64, 0x20, 0x54, 0x26, 0x20, 0x6f, 0x70, //     thread T& op
	0x65, 0x72, 0x61, 0x74, 0x6f, 0x72, 0x20, 0x5b, 0x5d, 0x20, 0x28, 0x73, 0x69, 0x7a, 0x65, 0x5f, // erator [] (size_
	0x74, 0x20, 0x70, 0x6f, 0x73, 0x29, 0x20, 0x74, 0x68, 0x72, 0x65, 0x61, 0x64, 0x0a, 0x20, 0x20, // t pos) thread.  
	0x20, 0x20, 0x7b, 0x0a, 0x20, 0x20, 0x20, 0x20, 0x20, 0x20, 0x20, 0x20, 0x72, 0x65, 0x74, 0x75, //   {.        retu
	0x72, 0x6e, 0x20, 0x65, 0x6c, 0x65, 0x6d, 0x65, 0x6e, 0x74, 0x73, 0x5b, 0x70, 0x6f, 0x73, 0x5d, // rn elements[pos]
	0x3b, 0x0a, 0x20, 0x20, 0x20, 0x20, 0x7d, 0x0a, 0x20, 0x20, 0x20, 0x20, 0x63, 0x6f, 0x6e, 0x73, // ;.    }.    cons
	0x74, 0x65, 0x78, 0x70, 0x72, 0x20, 0x63, 0x6f, 0x6e, 0x73, 0x74, 0x20, 0x74, 0x68, 0x72, 0x65, // texpr const thre
	0x61, 0x64, 0x20, 0x54, 0x26, 0x20, 0x6f, 0x70, 0x65, 0x72, 0x61, 0x74, 0x6f, 0x72, 0x20, 0x5b, // ad T& operator [
	0x5d, 0x20, 0x28, 0x73, 0x69, 0x7a, 0x65, 0x5f, 0x74, 0x20, 0x70, 0x6f, 0x73, 0x29, 0x20, 0x63, // ] (size_t pos) c
	0x6f, 0x6e, 0x73, 0x74, 0x20, 0x74, 0x68, 0x72, 0x65, 0x61, 0x64, 0x0a, 0x20, 0x20, 0x20, 0x20, // onst thread.    
	0x7b, 0x0a, 0x20, 0x20, 0x20, 0x20, 0x20, 0x20, 0x20, 0x20, 0x72, 0x65, 0x74, 0x75, 0x72, 0x6e, // {.        return
	0x20, 0x65, 0x6c, 0x65, 0x6d, 0x65, 0x6e, 0x74, 0x73, 0x5b, 0x70, 0x6f, 0x73, 0x5d, 0x3b, 0x0a, //  elements[pos];.
	0x20, 0x20, 0x20, 0x20, 0x7d, 0x0a, 0x20, 0x20, 0x20, 0x20, 0x0a, 0x20, 0x20, 0x20, 0x20, 0x64, //     }.    .    d
	0x65, 0x76, 0x69, 0x63, 0x65, 0x20, 0x54, 0x26, 0x20, 0x6f, 0x70, 0x65, 0x72, 0x61, 0x74, 0x6f, // evice T& operato
	0x72, 0x20, 0x5b, 0x5d, 0x20, 0x28, 0x73, 0x69, 0x7a, 0x65, 0x5f, 0x74, 0x20, 0x70, 0x6f, 0x73, // r [] (size_t pos
	0x29, 0x20, 0x64, 0x65, 0x76, 0x69, 0x63, 0x65, 0x0a, 0x20, 0x20, 0x20, 0x20, 0x7b, 0x0a, 0x20, // ) device.    {. 
	0x20, 0x20, 0x20, 0x20, 0x20, 0x20, 0x20, 0x72, 0x65, 0x74, 0x75, 0x72, 0x6e, 0x20, 0x65, 0x6c, //        return el
	0x65, 0x6d, 0x65, 0x6e, 0x74, 0x73, 0x5b, 0x70, 0x6f, 0x73, 0x5d, 0x3b, 0x0a, 0x20, 0x20, 0x20, // ements[pos];.   
	0x20, 0x7d, 0x0a, 0x20, 0x20, 0x20, 0x20, 0x63, 0x6f, 0x6e, 0x73, 0x74, 0x65, 0x78, 0x70, 0x72, //  }.    constexpr
	0x20, 0x63, 0x6f, 0x6e, 0x73, 0x74, 0x20, 0x64, 0x65, 0x76, 0x69, 0x63, 0x65, 0x20, 0x54, 0x26, //  const device T&
	0x20, 0x6f, 0x70, 0x65, 0x72, 0x61, 0x74, 0x6f, 0x72, 0x20, 0x5b, 0x5d, 0x20, 0x28, 0x73, 0x69, //  operator [] (si
	0x7a, 0x65, 0x5f, 0x74, 0x20, 0x70, 0x6f, 0x73, 0x29, 0x20, 0x63, 0x6f, 0x6e, 0x73, 0x74, 0x20, // ze_t pos) const 
	0x64, 0x65, 0x76, 0x69, 0x63, 0x65, 0x0a, 0x20, 0x20, 0x20, 0x20, 0x7b, 0x0a, 0x20, 0x20, 0x20, // device.    {.   
	0x20, 0x20, 0x20, 0x20, 0x20, 0x72, 0x65, 0x74, 0x75, 0x72, 0x6e, 0x20, 0x65, 0x6c, 0x65, 0x6d, //      return elem
	0x65, 0x6e, 0x74, 0x73, 0x5b, 0x70, 0x6f, 0x73, 0x5d, 0x3b, 0x0a, 0x20, 0x20, 0x20, 0x20, 0x7d, // ents[pos];.    }
	0x0a, 0x20, 0x20, 0x20, 0x20, 0x0a, 0x20, 0x20, 0x20, 0x20, 0x63, 0x6f, 0x6e, 0x73, 0x74, 0x65, // .    .    conste
	0x78, 0x70, 0x72, 0x20, 0x63, 0x6f, 0x6e, 0x73, 0x74, 0x20, 0x63, 0x6f, 0x6e, 0x73, 0x74, 0x61, // xpr const consta
	0x6e, 0x74, 0x20, 0x54, 0x26, 0x20, 0x6f, 0x70, 0x65, 0x72, 0x61, 0x74, 0x6f, 0x72, 0x20, 0x5b, // nt T& operator [
	0x5d, 0x20, 0x28, 0x73, 0x69, 0x7a, 0x65, 0x5f, 0x74, 0x20, 0x70, 0x6f, 0x73, 0x29, 0x20, 0x63, // ] (size_t pos) c
	0x6f, 0x6e, 0x73, 0x74, 0x20, 0x63, 0x6f, 0x6e, 0x73, 0x74, 0x61, 0x6e, 0x74, 0x0a, 0x20, 0x20, // onst constant.  
	0x20, 0x20, 0x7b, 0x0a, 0x20, 0x20, 0x20, 0x20, 0x20, 0x20, 0x20, 0x20, 0x72, 0x65, 0x74, 0x75, //   {.        retu
	0x72, 0x6e, 0x20, 0x65, 0x6c, 0x65, 0x6d, 0x65, 0x6e, 0x74, 0x73, 0x5b, 0x70, 0x6f, 0x73, 0x5d, // rn elements[pos]
	0x3b, 0x0a, 0x20, 0x20, 0x20, 0x20, 0x7d, 0x0a, 0x20, 0x20, 0x20, 0x20, 0x0a, 0x20, 0x20, 0x20, // ;.    }.    .   
	0x20, 0x74, 0x68, 0x72, 0x65, 0x61, 0x64, 0x67, 0x72, 0x6f, 0x75, 0x70, 0x20, 0x54, 0x26, 0x20, //  threadgroup T& 
	0x6f, 0x70, 0x65, 0x72, 0x61, 0x74, 0x6f, 0x72, 0x20, 0x5b, 0x5d, 0x20, 0x28, 0x73, 0x69, 0x7a, // operator [] (siz
	0x65, 0x5f, 0x74, 0x20, 0x70, 0x6f, 0x73, 0x29, 0x20, 0x74, 0x68, 0x72, 0x65, 0x61, 0x64, 0x67, // e_t pos) threadg
	0x72, 0x6f, 0x75, 0x70, 0x0a, 0x20, 0x20, 0x20, 0x20, 0x7b, 0x0a, 0x20, 0x20, 0x20, 0x20, 0x20, // roup.    {.     
	0x20, 0x20, 0x20, 0x72, 0x65, 0x74, 0x75, 0x72, 0x6e, 0x20, 0x65, 0x6c, 0x65, 0x6d, 0x65, 0x6e, //    return elemen
	0x74, 0x73, 0x5b, 0x70, 0x6f, 0x73, 0x5d, 0x3b, 0x0a, 0x20, 0x20, 0x20, 0x20, 0x7d, 0x0a, 0x20, // ts[pos];.    }. 
	0x20, 0x20, 0x20, 0x63, 0x6f, 0x6e, 0x73, 0x74, 0x65, 0x78, 0x70, 0x72, 0x20, 0x63, 0x6f, 0x6e, //    constexpr con
	0x73, 0x74, 0x20, 0x74, 0x68, 0x72, 0x65, 0x61, 0x64, 0x67, 0x72, 0x6f, 0x75, 0x70, 0x20, 0x54, // st threadgroup T
	0x26, 0x20, 0x6f, 0x70, 0x65, 0x72, 0x61, 0x74, 0x6f, 0x72, 0x20, 0x5b, 0x5d, 0x20, 0x28, 0x73, // & operator [] (s
	0x69, 0x7a, 0x65, 0x5f, 0x74, 0x20, 0x70, 0x6f, 0x73, 0x29, 0x20, 0x63, 0x6f, 0x6e, 0x73, 0x74, // ize_t pos) const
	0x20, 0x74, 0x68, 0x72, 0x65, 0x61, 0x64, 0x67, 0x72, 0x6f, 0x75, 0x70, 0x0a, 0x20, 0x20, 0x20, //  threadgroup.   
	0x20, 0x7b, 0x0a, 0x20, 0x20, 0x20, 0x20, 0x20, 0x20, 0x20, 0x20, 0x72, 0x65, 0x74, 0x75, 0x72, //  {.        retur
	0x6e, 0x20, 0x65, 0x6c, 0x65, 0x6d, 0x65, 0x6e, 0x74, 0x73, 0x5b, 0x70, 0x6f, 0x73, 0x5d, 0x3b, // n elements[pos];
	0x0a, 0x20, 0x20, 0x20, 0x20, 0x7d, 0x0a, 0x7d, 0x3b, 0x0a, 0x0a, 0x63, 0x6f, 0x6e, 0x73, 0x74, // .    }.};..const
	0x61, 0x6e, 0x74, 0x20, 0x73, 0x70, 0x76, 0x55, 0x6e, 0x73, 0x61, 0x66, 0x65, 0x41, 0x72, 0x72, // ant spvUnsafeArr
	0x61, 0x79, 0x3c, 0x66, 0x6c, 0x6f, 0x61, 0x74, 0x2c, 0x20, 0x34, 0x3e, 0x20, 0x5f, 0x32, 0x38, // ay<float, 4> _28
	0x38, 0x20, 0x3d, 0x20, 0x73, 0x70, 0x76, 0x55, 0x6e, 0x73, 0x61, 0x66, 0x65, 0x41, 0x72, 0x72, // 8 = spvUnsafeArr
	0x61, 0x79, 0x3c, 0x66, 0x6c, 0x6f, 0x61, 0x74, 0x2c, 0x20, 0x34, 0x3e, 0x28, 0x7b, 0x20, 0x39, // ay<float, 4>({ 9
	0x2e, 0x38, 0x39, 0x39, 0x39, 0x39, 0x39, 0x37, 0x31, 0x33, 0x35, 0x32, 0x35, 0x31, 0x37, 0x36, // .899999713525176
	0x30, 0x34, 0x38, 0x32, 0x37, 0x38, 0x38, 0x30, 0x38, 0x35, 0x39, 0x33, 0x37, 0x35, 0x65, 0x2d, // 04827880859375e-
	0x30, 0x35, 0x2c, 0x20, 0x30, 0x2e, 0x30, 0x30, 0x34, 0x38, 0x37, 0x39, 0x39, 0x39, 0x39, 0x39, // 05, 0.0048799999
	0x30, 0x35, 0x38, 0x32, 0x34, 0x36, 0x36, 0x31, 0x32, 0x35, 0x34, 0x38, 0x38, 0x32, 0x38, 0x31, // 0582466125488281
	0x32, 0x35, 0x2c, 0x20, 0x30, 0x2e, 0x30, 0x30, 0x34, 0x38, 0x37, 0x39, 0x39, 0x39, 0x39, 0x39, // 25, 0.0048799999
	0x30, 0x35, 0x38, 0x32, 0x34, 0x36, 0x36, 0x31, 0x32, 0x35, 0x34, 0x38, 0x38, 0x32, 0x38, 0x31, // 0582466125488281
	0x32, 0x35, 0x2c, 0x20, 0x39, 0x2e, 0x38, 0x39, 0x39, 0x39, 0x39, 0x39, 0x37, 0x31, 0x33, 0x35, // 25, 9.8999997135
	0x32, 0x35, 0x31, 0x37, 0x36, 0x30, 0x34, 0x38, 0x32, 0x37, 0x38, 0x38, 0x30, 0x38, 0x35, 0x39, // 2517604827880859
	0x33, 0x37, 0x35, 0x65, 0x2d, 0x30, 0x35, 0x20, 0x7d, 0x29, 0x3b, 0x0a, 0x63, 0x6f, 0x6e, 0x73, // 375e-05 });.cons
	0x74, 0x61, 0x6e, 0x74, 0x20, 0x73, 0x70, 0x76, 0x55, 0x6e, 0x73, 0x61, 0x66, 0x65, 0x41, 0x72, // tant spvUnsafeAr
	0x72, 0x61, 0x79, 0x3c, 0x66, 0x6c, 0x6f, 0x61, 0x74, 0x2c, 0x20, 0x34, 0x3e, 0x20, 0x5f, 0x32, // ray<float, 4> _2
	0x39, 0x30, 0x20, 0x3d, 0x20, 0x73, 0x70, 0x76, 0x55, 0x6e, 0x73, 0x61, 0x66, 0x65, 0x41, 0x72, // 90 = spvUnsafeAr
	0x72, 0x61, 0x79, 0x3c, 0x66, 0x6c, 0x6f, 0x61, 0x74, 0x2c, 0x20, 0x34, 0x3e, 0x28, 0x7b, 0x20, // ray<float, 4>({ 
	0x30, 0x2e, 0x30, 0x30, 0x34, 0x38, 0x37, 0x39, 0x39, 0x39, 0x39, 0x39, 0x30, 0x35, 0x38, 0x32, // 0.00487999990582
	0x34, 0x36, 0x36, 0x31, 0x32, 0x35, 0x34, 0x38, 0x38, 0x32, 0x38, 0x31, 0x32, 0x35, 0x2c, 0x20, // 46612548828125, 
	0x30, 0x2e, 0x32, 0x34, 0x30, 0x31, 0x34, 0x31, 0x30, 0x30, 0x34, 0x33, 0x32, 0x33, 0x39, 0x35, // 0.24014100432395
	0x39, 0x33, 0x35, 0x30, 0x35, 0x38, 0x35, 0x39, 0x33, 0x37, 0x35, 0x2c, 0x20, 0x30, 0x2e, 0x32, // 93505859375, 0.2
	0x34, 0x30, 0x31, 0x34, 0x31, 0x30, 0x30, 0x34, 0x33, 0x32, 0x33, 0x39, 0x35, 0x39, 0x33, 0x35, // 4014100432395935
	0x30, 0x35, 0x38, 0x35, 0x39, 0x33, 0x37, 0x35, 0x2c, 0x20, 0x30, 0x2e, 0x30, 0x30, 0x34, 0x38, // 05859375, 0.0048
	0x37, 0x39, 0x39, 0x39, 0x39, 0x39, 0x30, 0x35, 0x38, 0x32, 0x34, 0x36, 0x36, 0x31, 0x32, 0x35, // 7999990582466125
	0x34, 0x38, 0x38, 0x32, 0x38, 0x31, 0x32, 0x35, 0x20, 0x7d, 0x29, 0x3b, 0x0a, 0x63, 0x6f, 0x6e, // 48828125 });.con
	0x73, 0x74, 0x61, 0x6e, 0x74, 0x20, 0x73, 0x70, 0x76, 0x55, 0x6e, 0x73, 0x61, 0x66, 0x65, 0x41, // stant spvUnsafeA
	0x72, 0x72, 0x61, 0x79, 0x3c, 0x73, 0x70, 0x76, 0x55, 0x6e, 0x73, 0x61, 0x66, 0x65, 0x41, 0x72, // rray<spvUnsafeAr
	0x72, 0x61, 0x79, 0x3c, 0x66, 0x6c, 0x6f, 0x61, 0x74, 0x2c, 0x20, 0x34, 0x3e, 0x2c, 0x20, 0x34, // ray<float, 4>, 4
	0x3e, 0x20, 0x5f, 0x32, 0x39, 0x31, 0x20, 0x3d, 0x20, 0x73, 0x70, 0x76, 0x55, 0x6e, 0x73, 0x61, // > _291 = spvUnsa
	0x66, 0x65, 0x41, 0x72, 0x72, 0x61, 0x79, 0x3c, 0x73, 0x70, 0x76, 0x55, 0x6e, 0x73, 0x61, 0x66, // feArray<spvUnsaf
	0x65, 0x41, 0x72, 0x72, 0x61, 0x79, 0x3c, 0x66, 0x6c, 0x6f, 0x61, 0x74, 0x2c, 0x20, 0x34, 0x3e, // eArray<float, 4>
	0x2c, 0x20, 0x34, 0x3e, 0x28, 0x7b, 0x20, 0x73, 0x70, 0x76, 0x55, 0x6e, 0x73, 0x61, 0x66, 0x65, // , 4>({ spvUnsafe
	0x41, 0x72, 0x72, 0x61, 0x79, 0x3c, 0x66, 0x6c, 0x6f, 0x61, 0x74, 0x2c, 0x20, 0x34, 0x3e, 0x28, // Array<float, 4>(
	0x7b, 0x20, 0x39, 0x2e, 0x38, 0x39, 0x39, 0x39, 0x39, 0x39, 0x37, 0x31, 0x33, 0x35, 0x32, 0x35, // { 9.899999713525
	0x31, 0x37, 0x36, 0x30, 0x34, 0x38, 0x32, 0x37, 0x38, 0x38, 0x30, 0x38, 0x35, 0x39, 0x33, 0x37, // 1760482788085937
	0x35, 0x65, 0x2d, 0x30, 0x35, 0x2c, 0x20, 0x30, 0x2e, 0x30, 0x30, 0x34, 0x38, 0x37, 0x39, 0x39, // 5e-05, 0.0048799
	0x39, 0x39, 0x39, 0x30, 0x35, 0x38, 0x32, 0x34, 0x36, 0x36, 0x31, 0x32, 0x35, 0x34, 0x38, 0x38, // 9990582466125488
	0x32, 0x38, 0x31, 0x32, 0x35, 0x2c, 0x20, 0x30, 0x2e, 0x30, 0x30, 0x34, 0x38, 0x37, 0x39, 0x39, // 28125, 0.0048799
	0x39, 0x39, 0x39, 0x30, 0x35, 0x38, 0x32, 0x34, 0x36, 0x36, 0x31, 0x32, 0x35, 0x34, 0x38, 0x38, // 9990582466125488
	0x32, 0x38, 0x31, 0x32, 0x35, 0x2c, 0x20, 0x39, 0x2e, 0x38, 0x39, 0x39, 0x39, 0x39, 0x39, 0x37, // 28125, 9.8999997
	0x31, 0x33, 0x35, 0x32, 0x35, 0x31, 0x37, 0x36, 0x30, 0x34, 0x38, 0x32, 0x37, 0x38, 0x38, 0x30, // 1352517604827880
	0x38, 0x35, 0x39, 0x33, 0x37, 0x35, 0x65, 0x2d, 0x30, 0x35, 0x20, 0x7d, 0x29, 0x2c, 0x20, 0x73, // 859375e-05 }), s
	0x70, 0x76, 0x55, 0x6e, 0x73, 0x61, 0x66, 0x65, 0x41, 0x72, 0x72, 0x61, 0x79, 0x3c, 0x66, 0x6c, // pvUnsafeArray<fl
	0x6f, 0x61, 0x74, 0x2c, 0x20, 0x34, 0x3e, 0x28, 0x7b, 0x20, 0x30, 0x2e, 0x30, 0x30, 0x34, 0x38, // oat, 4>({ 0.0048
	0x37, 0x39, 0x39, 0x39, 0x39, 0x39, 0x30, 0x35, 0x38, 0x32, 0x34, 0x36, 0x36, 0x31, 0x32, 0x35, // 7999990582466125
	0x34, 0x38, 0x38, 0x32, 0x38, 0x31, 0x32, 0x35, 0x2c, 0x20, 0x30, 0x2e, 0x32, 0x34, 0x30, 0x31, // 48828125, 0.2401
	0x34, 0x31, 0x30, 0x30, 0x34, 0x33, 0x32, 0x33, 0x39, 0x35, 0x39, 0x33, 0x35, 0x30, 0x35, 0x38, // 4100432395935058
	0x35, 0x39, 0x33, 0x37, 0x35, 0x2c, 0x20, 0x30, 0x2e, 0x32, 0x34, 0x30, 0x31, 0x34, 0x31, 0x30, // 59375, 0.2401410
	0x30, 0x34, 0x33, 0x32, 0x33, 0x39, 0x35, 0x39, 0x33, 0x35, 0x30, 0x35, 0x38, 0x35, 0x39, 0x33, // 0432395935058593
	0x37, 0x35, 0x2c, 0x20, 0x30, 0x2e, 0x30, 0x30, 0x34, 0x38, 0x37, 0x39, 0x39, 0x39, 0x39, 0x39, // 75, 0.0048799999
	0x30, 0x35, 0x38, 0x32, 0x34, 0x36, 0x36, 0x31, 0x32, 0x35, 0x34, 0x38, 0x38, 0x32, 0x38, 0x31, // 0582466125488281
	0x32, 0x35, 0x20, 0x7d, 0x29, 0x2c, 0x20, 0x73, 0x70, 0x76, 0x55, 0x6e, 0x73, 0x61, 0x66, 0x65, // 25 }), spvUnsafe
	0x41, 0x72, 0x72, 0x61, 0x79, 0x3c, 0x66, 0x6c, 0x6f, 0x61, 0x74, 0x2c, 0x20, 0x34, 0x3e, 0x28, // Array<float, 4>(
	0x7b, 0x20, 0x30, 0x2e, 0x30, 0x30, 0x34, 0x38, 0x37, 0x39, 0x39, 0x39, 0x39, 0x39, 0x30, 0x35, // { 0.004879999905
	0x38, 0x32, 0x34, 0x36, 0x36, 0x31, 0x32, 0x35, 0x34, 0x38, 0x38, 0x32, 0x38, 0x31, 0x32, 0x35, // 8246612548828125
	0x2c, 0x20, 0x30, 0x2e, 0x32, 0x34, 0x30, 0x31, 0x34, 0x31, 0x30, 0x30, 0x34, 0x33, 0x32, 0x33, // , 0.240141004323
	0x39, 0x35, 0x39, 0x33, 0x35, 0x30, 0x35, 0x38, 0x35, 0x39, 0x33, 0x37, 0x35, 0x2c, 0x20, 0x30, // 9593505859375, 0
	0x2e, 0x32, 0x34, 0x30, 0x31, 0x34, 0x31, 0x30, 0x30, 0x34, 0x33, 0x32, 0x33, 0x39, 0x35, 0x39, // .240141004323959
	0x33, 0x35, 0x30, 0x35, 0x38, 0x35, 0x39, 0x33, 0x37, 0x35, 0x2c, 0x20, 0x30, 0x2e, 0x30, 0x30, // 3505859375, 0.00
	0x34, 0x38, 0x37, 0x39, 0x39, 0x39, 0x39, 0x39, 0x30, 0x35, 0x38, 0x32, 0x34, 0x36, 0x36, 0x31, // 4879999905824661
	0x32, 0x35, 0x34, 0x38, 0x38, 0x32, 0x38, 0x31, 0x32, 0x35, 0x20, 0x7d, 0x29, 0x2c, 0x20, 0x73, // 2548828125 }), s
	0x70, 0x76, 0x55, 0x6e, 0x73, 0x61, 0x66, 0x65, 0x41, 0x72, 0x72, 0x61, 0x79, 0x3c, 0x66, 0x6c, // pvUnsafeArray<fl
	0x6f, 0x61, 0x74, 0x2c, 0x20, 0x34, 0x3e, 0x28, 0x7b, 0x20, 0x39, 0x2e, 0x38, 0x39, 0x39, 0x39, // oat, 4>({ 9.8999
	0x39, 0x39, 0x37, 0x31, 0x33, 0x35, 0x32, 0x35, 0x31, 0x37, 0x36, 0x30, 0x34, 0x38, 0x32, 0x37, // 9971352517604827
	0x38, 0x38, 0x30, 0x38, 0x35, 0x39, 0x33, 0x37, 0x35, 0x65, 0x2d, 0x30, 0x35, 0x2c, 0x20, 0x30, // 880859375e-05, 0
	0x2e, 0x30, 0x30, 0x34, 0x38, 0x37, 0x39, 0x39, 0x39, 0x39, 0x39, 0x30, 0x35, 0x38, 0x32, 0x34, // .004879999905824
	0x36, 0x36, 0x31, 0x32, 0x35, 0x34, 0x38, 0x38, 0x32, 0x38, 0x31, 0x32, 0x35, 0x2c, 0x20, 0x30, // 6612548828125, 0
	0x2e, 0x30, 0x30, 0x34, 0x38, 0x37, 0x39, 0x39, 0x39, 0x39, 0x39, 0x30, 0x35, 0x38, 0x32, 0x34, // .004879999905824
	0x36, 0x36, 0x31, 0x32, 0x35, 0x34, 0x38, 0x38, 0x32, 0x38, 0x31, 0x32, 0x35, 0x2c, 0x20, 0x39, // 6612548828125, 9
	0x2e, 0x38, 0x39, 0x39, 0x39, 0x39, 0x39, 0x37, 0x31, 0x33, 0x35, 0x32, 0x35, 0x31, 0x37, 0x36, // .899999713525176
	0x30, 0x34, 0x38, 0x32, 0x37, 0x38, 0x38, 0x30, 0x38, 0x35, 0x39, 0x33, 0x37, 0x35, 0x65, 0x2d, // 04827880859375e-
	0x30, 0x35, 0x20, 0x7d, 0x29, 0x20, 0x7d, 0x29, 0x3b, 0x0a, 0x0a, 0x6b, 0x65, 0x72, 0x6e, 0x65, // 05 }) });..kerne
	0x6c, 0x20, 0x76, 0x6f, 0x69, 0x64, 0x20, 0x78, 0x6c, 0x61, 0x74, 0x4d, 0x74, 0x6c, 0x4d, 0x61, // l void xlatMtlMa
	0x69, 0x6e, 0x28, 0x74, 0x65, 0x78, 0x74, 0x75, 0x72, 0x65, 0x32, 0x64, 0x3c, 0x66, 0x6c, 0x6f, // in(texture2d<flo
	0x61, 0x74, 0x3e, 0x20, 0x75, 0x5f, 0x53, 0x6f, 0x75, 0x72, 0x63, 0x65, 0x20, 0x5b, 0x5b, 0x74, // at> u_Source [[t
	0x65, 0x78, 0x74, 0x75, 0x72, 0x65, 0x28, 0x30, 0x29, 0x5d, 0x5d, 0x2c, 0x20, 0x74, 0x65, 0x78, // exture(0)]], tex
	0x74, 0x75, 0x72, 0x65, 0x32, 0x64, 0x3c, 0x66, 0x6c, 0x6f, 0x61, 0x74, 0x2c, 0x20, 0x61, 0x63, // ture2d<float, ac
	0x63, 0x65, 0x73, 0x73, 0x3a, 0x3a, 0x77, 0x72, 0x69, 0x74, 0x65, 0x3e, 0x20, 0x75, 0x5f, 0x44, // cess::write> u_D
	0x65, 0x73, 0x74, 0x69, 0x6e, 0x61, 0x74, 0x69, 0x6f, 0x6e, 0x20, 0x5b, 0x5b, 0x74, 0x65, 0x78, // estination [[tex
	0x74, 0x75, 0x72, 0x65, 0x28, 0x31, 0x29, 0x5d, 0x5d, 0x2c, 0x20, 0x75, 0x69, 0x6e, 0x74, 0x33, // ture(1)]], uint3
	0x20, 0x67, 0x6c, 0x5f, 0x47, 0x6c, 0x6f, 0x62, 0x61, 0x6c, 0x49, 0x6e, 0x76, 0x6f, 0x63, 0x61, //  gl_GlobalInvoca
	0x74, 0x69, 0x6f, 0x6e, 0x49, 0x44, 0x20, 0x5b, 0x5b, 0x74, 0x68, 0x72, 0x65, 0x61, 0x64, 0x5f, // tionID [[thread_
	0x70, 0x6f, 0x73, 0x69, 0x74, 0x69, 0x6f, 0x6e, 0x5f, 0x69, 0x6e, 0x5f, 0x67, 0x72, 0x69, 0x64, // position_in_grid
	0x5d, 0x5d, 0x29, 0x0a, 0x7b, 0x0a, 0x20, 0x20, 0x20, 0x20, 0x64, 0x6f, 0x0a, 0x20, 0x20, 0x20, // ]]).{.    do.   
	0x20, 0x7b, 0x0a, 0x20, 0x20, 0x20, 0x20, 0x20, 0x20, 0x20, 0x20, 0x69, 0x6e, 0x74, 0x32, 0x20, //  {.        int2 
	0x5f, 0x35, 0x33, 0x34, 0x20, 0x3d, 0x20, 0x69, 0x6e, 0x74, 0x32, 0x28, 0x75, 0x69, 0x6e, 0x74, // _534 = int2(uint
	0x32, 0x28, 0x75, 0x5f, 0x53, 0x6f, 0x75, 0x72, 0x63, 0x65, 0x2e, 0x67, 0x65, 0x74, 0x5f, 0x77, // 2(u_Source.get_w
	0x69, 0x64, 0x74, 0x68, 0x28, 0x29, 0x2c, 0x20, 0x75, 0x5f, 0x53, 0x6f, 0x75, 0x72, 0x63, 0x65, // idth(), u_Source
	0x2e, 0x67, 0x65, 0x74, 0x5f, 0x68, 0x65, 0x69, 0x67, 0x68, 0x74, 0x28, 0x29, 0x29, 0x29, 0x3b, // .get_height()));
	0x0a, 0x20, 0x20, 0x20, 0x20, 0x20, 0x20, 0x20, 0x20, 0x69, 0x66, 0x20, 0x28, 0x61, 0x6e, 0x79, // .        if (any
	0x28, 0x66, 0x6c, 0x6f, 0x61, 0x74, 0x32, 0x28, 0x69, 0x6e, 0x74, 0x33, 0x28, 0x67, 0x6c, 0x5f, // (float2(int3(gl_
	0x47, 0x6c, 0x6f, 0x62, 0x61, 0x6c, 0x49, 0x6e, 0x76, 0x6f, 0x63, 0x61, 0x74, 0x69, 0x6f, 0x6e, // GlobalInvocation
	0x49, 0x44, 0x29, 0x2e, 0x78, 0x79, 0x29, 0x20, 0x3e, 0x3d, 0x20, 0x66, 0x6c, 0x6f, 0x61, 0x74, // ID).xy) >= float
	0x32, 0x28, 0x69, 0x6e, 0x74, 0x32, 0x28, 0x75, 0x69, 0x6e, 0x74, 0x32, 0x28, 0x75, 0x5f, 0x44, // 2(int2(uint2(u_D
	0x65, 0x73, 0x74, 0x69, 0x6e, 0x61, 0x74, 0x69, 0x6f, 0x6e, 0x2e, 0x67, 0x65, 0x74, 0x5f, 0x77, // estination.get_w
	0x69, 0x64, 0x74, 0x68, 0x28, 0x29, 0x2c, 0x20, 0x75, 0x5f, 0x44, 0x65, 0x73, 0x74, 0x69, 0x6e, // idth(), u_Destin
	0x61, 0x74, 0x69, 0x6f, 0x6e, 0x2e, 0x67, 0x65, 0x74, 0x5f, 0x68, 0x65, 0x69, 0x67, 0x68, 0x74, // ation.get_height
	0x28, 0x29, 0x29, 0x29, 0x29, 0x29, 0x29, 0x0a, 0x20, 0x20, 0x20, 0x20, 0x20, 0x20, 0x20, 0x20, // ()))))).        
	0x7b, 0x0a, 0x20, 0x20, 0x20, 0x20, 0x20, 0x20, 0x20, 0x20, 0x20, 0x20, 0x20, 0x20, 0x62, 0x72, // {.            br
	0x65, 0x61, 0x6b, 0x3b, 0x0a, 0x20, 0x20, 0x20, 0x20, 0x20, 0x20, 0x20, 0x20, 0x7d, 0x0a, 0x20, // eak;.        }. 
	0x20, 0x20, 0x20, 0x20, 0x20, 0x20, 0x20, 0x69, 0x6e, 0x74, 0x32, 0x20, 0x5f, 0x34, 0x34, 0x35, //        int2 _445
	0x20, 0x3d, 0x20, 0x28, 0x69, 0x6e, 0x74, 0x33, 0x28, 0x67, 0x6c, 0x5f, 0x47, 0x6c, 0x6f, 0x62, //  = (int3(gl_Glob
	0x61, 0x6c, 0x49, 0x6e, 0x76, 0x6f, 0x63, 0x61, 0x74, 0x69, 0x6f, 0x6e, 0x49, 0x44, 0x29, 0x2e, // alInvocationID).
	0x78, 0x79, 0x20, 0x2a, 0x20, 0x69, 0x6e, 0x74, 0x32, 0x28, 0x32, 0x29, 0x29, 0x20, 0x2d, 0x20, // xy * int2(2)) - 
	0x69, 0x6e, 0x74, 0x32, 0x28, 0x31, 0x29, 0x3b, 0x0a, 0x20, 0x20, 0x20, 0x20, 0x20, 0x20, 0x20, // int2(1);.       
	0x20, 0x66, 0x6c, 0x6f, 0x61, 0x74, 0x34, 0x20, 0x5f, 0x37, 0x34, 0x33, 0x3b, 0x0a, 0x20, 0x20, //  float4 _743;.  
	0x20, 0x20, 0x20, 0x20, 0x20, 0x20, 0x66, 0x6c, 0x6f, 0x61, 0x74, 0x20, 0x5f, 0x37, 0x34, 0x34, //       float _744
	0x3b, 0x0a, 0x20, 0x20, 0x20, 0x20, 0x20, 0x20, 0x20, 0x20, 0x5f, 0x37, 0x34, 0x34, 0x20, 0x3d, // ;.        _744 =
	0x20, 0x30, 0x2e, 0x30, 0x3b, 0x0a, 0x20, 0x20, 0x20, 0x20, 0x20, 0x20, 0x20, 0x20, 0x5f, 0x37, //  0.0;.        _7
	0x34, 0x33, 0x20, 0x3d, 0x20, 0x66, 0x6c, 0x6f, 0x61, 0x74, 0x34, 0x28, 0x30, 0x2e, 0x30, 0x29, // 43 = float4(0.0)
	0x3b, 0x0a, 0x20, 0x20, 0x20, 0x20, 0x20, 0x20, 0x20, 0x20, 0x66, 0x6c, 0x6f, 0x61, 0x74, 0x34, // ;.        float4
	0x20, 0x5f, 0x37, 0x35, 0x36, 0x3b, 0x0a, 0x20, 0x20, 0x20, 0x20, 0x20, 0x20, 0x20, 0x20, 0x66, //  _756;.        f
	0x6c, 0x6f, 0x61, 0x74, 0x20, 0x5f, 0x37, 0x36, 0x36, 0x3b, 0x0a, 0x20, 0x20, 0x20, 0x20, 0x20, // loat _766;.     
	0x20, 0x20, 0x20, 0x66, 0x6f, 0x72, 0x20, 0x28, 0x69, 0x6e, 0x74, 0x20, 0x5f, 0x37, 0x34, 0x32, //    for (int _742
	0x20, 0x3d, 0x20, 0x30, 0x3b, 0x20, 0x5f, 0x37, 0x34, 0x32, 0x20, 0x3c, 0x20, 0x34, 0x3b, 0x20, //  = 0; _742 < 4; 
	0x5f, 0x37, 0x34, 0x34, 0x20, 0x3d, 0x20, 0x5f, 0x37, 0x36, 0x36, 0x2c, 0x20, 0x5f, 0x37, 0x34, // _744 = _766, _74
	0x33, 0x20, 0x3d, 0x20, 0x5f, 0x37, 0x35, 0x36, 0x2c, 0x20, 0x5f, 0x37, 0x34, 0x32, 0x2b, 0x2b, // 3 = _756, _742++
	0x29, 0x0a, 0x20, 0x20, 0x20, 0x20, 0x20, 0x20, 0x20, 0x20, 0x7b, 0x0a, 0x20, 0x20, 0x20, 0x20, // ).        {.    
	0x20, 0x20, 0x20, 0x20, 0x20, 0x20, 0x20, 0x20, 0x5f, 0x37, 0x36, 0x36, 0x20, 0x3d, 0x20, 0x5f, //         _766 = _
	0x37, 0x34, 0x34, 0x3b, 0x0a, 0x20, 0x20, 0x20, 0x20, 0x20, 0x20, 0x20, 0x20, 0x20, 0x20, 0x20, // 744;.           
	0x20, 0x5f, 0x37, 0x35, 0x36, 0x20, 0x3d, 0x20, 0x5f, 0x37, 0x34, 0x33, 0x3b, 0x0a, 0x20, 0x20, //  _756 = _743;.  
	0x20, 0x20, 0x20, 0x20, 0x20, 0x20, 0x20, 0x20, 0x20, 0x20, 0x66, 0x6c, 0x6f, 0x61, 0x74, 0x34, //           float4
	0x20, 0x5f, 0x37, 0x36, 0x39, 0x3b, 0x0a, 0x20, 0x20, 0x20, 0x20, 0x20, 0x20, 0x20, 0x20, 0x20, //  _769;.         
	0x20, 0x20, 0x20, 0x66, 0x6c, 0x6f, 0x61, 0x74, 0x20, 0x5f, 0x37, 0x37, 0x30, 0x3b, 0x0a, 0x20, //    float _770;. 
	0x20, 0x20, 0x20, 0x20, 0x20, 0x20, 0x20, 0x20, 0x20, 0x20, 0x20, 0x66, 0x6f, 0x72, 0x20, 0x28, //            for (
	0x69, 0x6e, 0x74, 0x20, 0x5f, 0x37, 0x34, 0x38, 0x20, 0x3d, 0x20, 0x30, 0x3b, 0x20, 0x5f, 0x37, // int _748 = 0; _7
	0x34, 0x38, 0x20, 0x3c, 0x20, 0x34, 0x3b, 0x20, 0x5f, 0x37, 0x36, 0x36, 0x20, 0x3d, 0x20, 0x5f, // 48 < 4; _766 = _
	0x37, 0x37, 0x30, 0x2c, 0x20, 0x5f, 0x37, 0x35, 0x36, 0x20, 0x3d, 0x20, 0x5f, 0x37, 0x36, 0x39, // 770, _756 = _769
	0x2c, 0x20, 0x5f, 0x37, 0x34, 0x38, 0x2b, 0x2b, 0x29, 0x0a, 0x20, 0x20, 0x20, 0x20, 0x20, 0x20, // , _748++).      
	0x20, 0x20, 0x20, 0x20, 0x20, 0x20, 0x7b, 0x0a, 0x20, 0x20, 0x20, 0x20, 0x20, 0x20, 0x20, 0x20, //       {.        
	0x20, 0x20, 0x20, 0x20, 0x20, 0x20, 0x20, 0x20, 0x69, 0x6e, 0x74, 0x32, 0x20, 0x5f, 0x34, 0x36, //         int2 _46
	0x30, 0x20, 0x3d, 0x20, 0x5f, 0x34, 0x34, 0x35, 0x20, 0x2b, 0x20, 0x69, 0x6e, 0x74, 0x32, 0x28, // 0 = _445 + int2(
	0x5f, 0x37, 0x34, 0x38, 0x2c, 0x20, 0x5f, 0x37, 0x34, 0x32, 0x29, 0x3b, 0x0a, 0x20, 0x20, 0x20, // _748, _742);.   
	0x20, 0x20, 0x20, 0x20, 0x20, 0x20, 0x20, 0x20, 0x20, 0x20, 0x20, 0x20, 0x20, 0x69, 0x6e, 0x74, //              int
	0x20, 0x5f, 0x34, 0x36, 0x32, 0x20, 0x3d, 0x20, 0x5f, 0x34, 0x36, 0x30, 0x2e, 0x78, 0x3b, 0x0a, //  _462 = _460.x;.
	0x20, 0x20, 0x20, 0x20, 0x20, 0x20, 0x20, 0x20, 0x20, 0x20, 0x20, 0x20, 0x20, 0x20, 0x20, 0x20, //                 
	0x69, 0x6e, 0x74, 0x20, 0x5f, 0x34, 0x36, 0x35, 0x20, 0x3d, 0x20, 0x5f, 0x34, 0x36, 0x30, 0x2e, // int _465 = _460.
	0x79, 0x3b, 0x0a, 0x20, 0x20, 0x20, 0x20, 0x20, 0x20, 0x20, 0x20, 0x20, 0x20, 0x20, 0x20, 0x20, // y;.             
	0x20, 0x20, 0x20, 0x69, 0x66, 0x20, 0x28, 0x28, 0x28, 0x28, 0x5f, 0x34, 0x36, 0x32, 0x20, 0x3e, //    if ((((_462 >
	0x3d, 0x20, 0x30, 0x29, 0x20, 0x26, 0x26, 0x20, 0x28, 0x5f, 0x34, 0x36, 0x35, 0x20, 0x3e, 0x3d, // = 0) && (_465 >=
	0x20, 0x30, 0x29, 0x29, 0x20, 0x26, 0x26, 0x20, 0x28, 0x5f, 0x34, 0x36, 0x32, 0x20, 0x3c, 0x20, //  0)) && (_462 < 
	0x5f, 0x35, 0x33, 0x34, 0x2e, 0x78, 0x29, 0x29, 0x20, 0x26, 0x26, 0x20, 0x28, 0x5f, 0x34, 0x36, // _534.x)) && (_46
	0x35, 0x20, 0x3c, 0x20, 0x5f, 0x35, 0x33, 0x34, 0x2e, 0x79, 0x29, 0x29, 0x0a, 0x20, 0x20, 0x20, // 5 < _534.y)).   
	0x20, 0x20, 0x20, 0x20, 0x20, 0x20, 0x20, 0x20, 0x20, 0x20, 0x20, 0x20, 0x20, 0x7b, 0x0a, 0x20, //              {. 
	0x20, 0x20, 0x20, 0x20, 0x20, 0x20, 0x20, 0x20, 0x20, 0x20, 0x20, 0x20, 0x20, 0x20, 0x20, 0x20, //                 
	0x20, 0x20, 0x20, 0x66, 0x6c, 0x6f, 0x61, 0x74, 0x34, 0x20, 0x5f, 0x35, 0x36, 0x33, 0x20, 0x3d, //    float4 _563 =
	0x20, 0x75, 0x5f, 0x53, 0x6f, 0x75, 0x72, 0x63, 0x65, 0x2e, 0x72, 0x65, 0x61, 0x64, 0x28, 0x75, //  u_Source.read(u
	0x69, 0x6e, 0x74, 0x32, 0x28, 0x5f, 0x34, 0x36, 0x30, 0x29, 0x2c, 0x20, 0x30, 0x29, 0x3b, 0x0a, // int2(_460), 0);.
	0x20, 0x20, 0x20, 0x20, 0x20, 0x20, 0x20, 0x20, 0x20, 0x20, 0x20, 0x20, 0x20, 0x20, 0x20, 0x20, //                 
	0x20, 0x20, 0x20, 0x20, 0x66, 0x6c, 0x6f, 0x61, 0x74, 0x20, 0x5f, 0x35, 0x37, 0x30, 0x20, 0x3d, //     float _570 =
	0x20, 0x5f, 0x35, 0x36, 0x33, 0x2e, 0x78, 0x3b, 0x0a, 0x20, 0x20, 0x20, 0x20, 0x20, 0x20, 0x20, //  _563.x;.       
	0x20, 0x20, 0x20, 0x20, 0x20, 0x20, 0x20, 0x20, 0x20, 0x20, 0x20, 0x20, 0x20, 0x66, 0x6c, 0x6f, //              flo
	0x61, 0x74, 0x20, 0x5f, 0x37, 0x35, 0x30, 0x3b, 0x0a, 0x20, 0x20, 0x20, 0x20, 0x20, 0x20, 0x20, // at _750;.       
	0x20, 0x20, 0x20, 0x20, 0x20, 0x20, 0x20, 0x20, 0x20, 0x20, 0x20, 0x20, 0x20, 0x64, 0x6f, 0x0a, //              do.
	0x20, 0x20, 0x20, 0x20, 0x20, 0x20, 0x20, 0x20, 0x20, 0x20, 0x20, 0x20, 0x20, 0x20, 0x20, 0x20, //                 
	0x20, 0x20, 0x20, 0x20, 0x7b, 0x0a, 0x20, 0x20, 0x20, 0x20, 0x20, 0x20, 0x20, 0x20, 0x20, 0x20, //     {.          
	0x20, 0x20, 0x20, 0x20, 0x20, 0x20, 0x20, 0x20, 0x20, 0x20, 0x20, 0x20, 0x20, 0x20, 0x69, 0x66, //               if
	0x20, 0x28, 0x5f, 0x35, 0x37, 0x30, 0x20, 0x3c, 0x3d, 0x20, 0x30, 0x2e, 0x30, 0x34, 0x30, 0x34, //  (_570 <= 0.0404
	0x34, 0x39, 0x39, 0x39, 0x39, 0x32, 0x37, 0x32, 0x38, 0x32, 0x33, 0x33, 0x33, 0x33, 0x37, 0x34, // 4999927282333374
	0x30, 0x32, 0x33, 0x34, 0x33, 0x37, 0x35, 0x29, 0x0a, 0x20, 0x20, 0x20, 0x20, 0x20, 0x20, 0x20, // 0234375).       
	0x20, 0x20, 0x20, 0x20, 0x20, 0x20, 0x20, 0x20, 0x20, 0x20, 0x20, 0x20, 0x20, 0x20, 0x20, 0x20, //                 
	0x20, 0x7b, 0x0a, 0x20, 0x20, 0x20, 0x20, 0x20, 0x20, 0x20, 0x20, 0x20, 0x20, 0x20, 0x20, 0x20, //  {.             
	0x20, 0x20, 0x20, 0x20, 0x20, 0x20, 0x20, 0x20, 0x20, 0x20, 0x20, 0x20, 0x20, 0x20, 0x20, 0x5f, //                _
	0x37, 0x35, 0x30, 0x20, 0x3d, 0x20, 0x5f, 0x35, 0x37, 0x30, 0x20, 0x2a, 0x20, 0x30, 0x2e, 0x30, // 750 = _570 * 0.0
	0x37, 0x37, 0x33, 0x39, 0x39, 0x33, 0x38, 0x30, 0x35, 0x30, 0x35, 0x30, 0x38, 0x34, 0x39, 0x39, // 7739938050508499
	0x31, 0x34, 0x35, 0x35, 0x30, 0x37, 0x38, 0x31, 0x32, 0x35, 0x3b, 0x0a, 0x20, 0x20, 0x20, 0x20, // 1455078125;.    
	0x20, 0x20, 0x20, 0x20, 0x20, 0x20, 0x20, 0x20, 0x20, 0x20, 0x20, 0x20, 0x20, 0x20, 0x20, 0x20, //                 
	0x20, 0x20, 0x20, 0x20, 0x20, 0x20, 0x20, 0x20, 0x62, 0x72, 0x65, 0x61, 0x6b, 0x3b, 0x0a, 0x20, //         break;. 
	0x20, 0x20, 0x20, 0x20, 0x20, 0x20, 0x20, 0x20, 0x20, 0x20, 0x20, 0x20, 0x20, 0x20, 0x20, 0x20, //                 
	0x20, 0x20, 0x20, 0x20, 0x20, 0x20, 0x20, 0x7d, 0x0a, 0x20, 0x20, 0x20, 0x20, 0x20, 0x20, 0x20, //        }.       
	0x20, 0x20, 0x20, 0x20, 0x20, 0x20, 0x20, 0x20, 0x20, 0x20, 0x20, 0x20, 0x20, 0x20, 0x20, 0x20, //                 
	0x20, 0x65, 0x6c, 0x73, 0x65, 0x0a, 0x20, 0x20, 0x20, 0x20, 0x20, 0x20, 0x20, 0x20, 0x20, 0x20, //  else.          
	0x20, 0x20, 0x20, 0x20, 0x20, 0x20, 0x20, 0x20, 0x20, 0x20, 0x20, 0x20, 0x20, 0x20, 0x7b, 0x0a, //               {.
	0x20, 0x20, 0x20, 0x20, 0x20, 0x20, 0x20, 0x20, 0x20, 0x20, 0x20, 0x20, 0x20, 0x20, 0x20, 0x20, //                 
	0x20, 0x20, 0x20, 0x20, 0x20, 0x20, 0x20, 0x20, 0x20, 0x20, 0x20, 0x20, 0x5f, 0x37, 0x35, 0x30, //             _750
	0x20, 0x3d, 0x20, 0x70, 0x6f, 0x77, 0x72, 0x28, 0x28, 0x5f, 0x35, 0x37, 0x30, 0x20, 0x2a, 0x20, //  = powr((_570 * 
	0x30, 0x2e, 0x39, 0x34, 0x37, 0x38, 0x36, 0x37, 0x32, 0x37, 0x34, 0x32, 0x38, 0x34, 0x33, 0x36, // 0.94786727428436
	0x32, 0x37, 0x39, 0x32, 0x39, 0x36, 0x38, 0x37, 0x35, 0x29, 0x20, 0x2b, 0x20, 0x30, 0x2e, 0x30, // 279296875) + 0.0
	0x35, 0x32, 0x31, 0x33, 0x32, 0x36, 0x39, 0x39, 0x36, 0x33, 0x38, 0x36, 0x30, 0x35, 0x31, 0x31, // 5213269963860511
	0x37, 0x37, 0x39, 0x37, 0x38, 0x35, 0x31, 0x35, 0x36, 0x32, 0x35, 0x2c, 0x20, 0x32, 0x2e, 0x34, // 77978515625, 2.4
	0x30, 0x30, 0x30, 0x30, 0x30, 0x30, 0x39, 0x35, 0x33, 0x36, 0x37, 0x34, 0x33, 0x31, 0x36, 0x34, // 0000009536743164
	0x30, 0x36, 0x32, 0x35, 0x29, 0x3b, 0x0a, 0x20, 0x20, 0x20, 0x20, 0x20, 0x20, 0x20, 0x20, 0x20, // 0625);.         
	0x20, 0x20, 0x20, 0x20, 0x20, 0x20, 0x20, 0x20, 0x20, 0x20, 0x20, 0x20, 0x20, 0x20, 0x20, 0x20, //                 
	0x20, 0x20, 0x20, 0x62, 0x72, 0x65, 0x61, 0x6b, 0x3b, 0x0a, 0x20, 0x20, 0x20, 0x20, 0x20, 0x20, //    break;.      
	0x20, 0x20, 0x20, 0x20, 0x20, 0x20, 0x20, 0x20, 0x20, 0x20, 0x20, 0x20, 0x20, 0x20, 0x20, 0x20, //                 
	0x20, 0x20, 0x7d, 0x0a, 0x20, 0x20, 0x20, 0x20, 0x20, 0x20, 0x20, 0x20, 0x20, 0x20, 0x20, 0x20, //   }.            
	0x20, 0x20, 0x20, 0x20, 0x20, 0x20, 0x20, 0x20, 0x20, 0x20, 0x20, 0x20, 0x62, 0x72, 0x65, 0x61, //             brea
	0x6b, 0x3b, 0x20, 0x2f, 0x2f, 0x20, 0x75, 0x6e, 0x72, 0x65, 0x61, 0x63, 0x68, 0x61, 0x62, 0x6c, // k; // unreachabl
	0x65, 0x20, 0x77, 0x6f, 0x72, 0x6b, 0x61, 0x72, 0x6f, 0x75, 0x6e, 0x64, 0x0a, 0x20, 0x20, 0x20, // e workaround.   
	0x20, 0x20, 0x20, 0x20, 0x20, 0x20, 0x20, 0x20, 0x20, 0x20, 0x20, 0x20, 0x20, 0x20, 0x20, 0x20, //                 
	0x20, 0x7d, 0x20, 0x77, 0x68, 0x69, 0x6c, 0x65, 0x28, 0x66, 0x61, 0x6c, 0x73, 0x65, 0x29, 0x3b, //  } while(false);
	0x0a, 0x20, 0x20, 0x20, 0x20, 0x20, 0x20, 0x20, 0x20, 0x20, 0x20, 0x20, 0x20, 0x20, 0x20, 0x20, // .               
	0x20, 0x20, 0x20, 0x20, 0x20, 0x66, 0x6c, 0x6f, 0x61, 0x74, 0x20, 0x5f, 0x35, 0x37, 0x33, 0x20, //      float _573 
	0x3d, 0x20, 0x5f, 0x35, 0x36, 0x33, 0x2e, 0x79, 0x3b, 0x0a, 0x20, 0x20, 0x20, 0x20, 0x20, 0x20, // = _563.y;.      
	0x20, 0x20, 0x20, 0x20, 0x20, 0x20, 0x20, 0x20, 0x20, 0x20, 0x20, 0x20, 0x20, 0x20, 0x66, 0x6c, //               fl
	0x6f, 0x61, 0x74, 0x20, 0x5f, 0x37, 0x35, 0x31, 0x3b, 0x0a, 0x20, 0x20, 0x20, 0x20, 0x20, 0x20, // oat _751;.      
	0x20, 0x20, 0x20, 0x20, 0x20, 0x20, 0x20, 0x20, 0x20, 0x20, 0x20, 0x20, 0x20, 0x20, 0x64, 0x6f, //               do
	0x0a, 0x20, 0x20, 0x20, 0x20, 0x20, 0x20, 0x20, 0x20, 0x20, 0x20, 0x20, 0x20, 0x20, 0x20, 0x20, // .               
	0x20, 0x20, 0x20, 0x20, 0x20, 0x7b, 0x0a, 0x20, 0x20, 0x20, 0x20, 0x20, 0x20, 0x20, 0x20, 0x20, //      {.         
	0x20, 0x20, 0x20, 0x20, 0x20, 0x20, 0x20, 0x20, 0x20, 0x20, 0x20, 0x20, 0x20, 0x20, 0x20, 0x69, //                i
	0x66, 0x20, 0x28, 0x5f, 0x35, 0x37, 0x33, 0x20, 0x3c, 0x3d, 0x20, 0x30, 0x2e, 0x30, 0x34, 0x30, // f (_573 <= 0.040
	0x34, 0x34, 0x39, 0x39, 0x39, 0x39, 0x32, 0x37, 0x32, 0x38, 0x32, 0x33, 0x33, 0x33, 0x33, 0x37, // 4499992728233337
	0x34, 0x30, 0x32, 0x33, 0x34, 0x33, 0x37, 0x35, 0x29, 0x0a, 0x20, 0x20, 0x20, 0x20, 0x20, 0x20, // 40234375).      
	0x20, 0x20, 0x20, 0x20, 0x20, 0x20, 0x20, 0x20, 0x20, 0x20, 0x20, 0x20, 0x20, 0x20, 0x20, 0x20, //                 
	0x20, 0x20, 0x7b, 0x0a, 0x20, 0x20, 0x20, 0x20, 0x20, 0x20, 0x20, 0x20, 0x20, 0x20, 0x20, 0x20, //   {.            
	0x20, 0x20, 0x20, 0x20, 0x20, 0x20, 0x20, 0x20, 0x20, 0x20, 0x20, 0x20, 0x20, 0x20, 0x20, 0x20, //                 
	0x5f, 0x37, 0x35, 0x31, 0x20, 0x3d, 0x20, 0x5f, 0x35, 0x37, 0x33, 0x20, 0x2a, 0x20, 0x30, 0x2e, // _751 = _573 * 0.
	0x30, 0x37, 0x37, 0x33, 0x39, 0x39, 0x33, 0x38, 0x30, 0x35, 0x30, 0x35, 0x30, 0x38, 0x34, 0x39, // 0773993805050849
	0x39, 0x31, 0x34, 0x35, 0x35, 0x30, 0x37, 0x38, 0x31, 0x32, 0x35, 0x3b, 0x0a, 0x20, 0x20, 0x20, // 91455078125;.   
	0x20, 0x20, 0x20, 0x20, 0x20, 0x20, 0x20, 0x20, 0x20, 0x20, 0x20, 0x20, 0x20, 0x20, 0x20, 0x20, //                 
	0x20, 0x20, 0x20, 0x20, 0x20, 0x20, 0x20, 0x20, 0x20, 0x62, 0x72, 0x65, 0x61, 0x6b, 0x3b, 0x0a, //          break;.
	0x20, 0x20, 0x20, 0x20, 0x20, 0x20, 0x20, 0x20, 0x20, 0x20, 0x20, 0x20, 0x20, 0x20, 0x20, 0x20, //                 
	0x20, 0x20, 0x20, 0x20, 0x20, 0x20, 0x20, 0x20, 0x7d, 0x0a, 0x20, 0x20, 0x20, 0x20, 0x20, 0x20, //         }.      
	0x20, 0x20, 0x20, 0x20, 0x20, 0x20, 0x20, 0x20, 0x20, 0x20, 0x20, 0x20, 0x20, 0x20, 0x20, 0x20, //                 
	0x20, 0x20, 0x65, 0x6c, 0x73, 0x65, 0x0a, 0x20, 0x20, 0x20, 0x20, 0x20, 0x20, 0x20, 0x20, 0x20, //   else.         
	0x20, 0x20, 0x20, 0x20, 0x20, 0x20, 0x20, 0x20, 0x20, 0x20, 0x20, 0x20, 0x20, 0x20, 0x20, 0x7b, //                {
	0x0a, 0x20, 0x20, 0x20, 0x20, 0x20, 0x20, 0x20, 0x20, 0x20, 0x20, 0x20, 0x20, 0x20, 0x20, 0x20, // .               
	0x20, 0x20, 0x20, 0x20, 0x20, 0x20, 0x20, 0x20, 0x20, 0x20, 0x20, 0x20, 0x20, 0x5f, 0x37, 0x35, //              _75
	0x31, 0x20, 0x3d, 0x20, 0x70, 0x6f, 0x77, 0x72, 0x28, 0x28, 0x5f, 0x35, 0x37, 0x33, 0x20, 0x2a, // 1 = powr((_573 *
	0x20, 0x30, 0x2e, 0x39, 0x34, 0x37, 0x38, 0x36, 0x37, 0x32, 0x37, 0x34, 0x32, 0x38, 0x34, 0x33, //  0.9478672742843
	0x36, 0x32, 0x37, 0x39, 0x32, 0x39, 0x36, 0x38, 0x37, 0x35, 0x29, 0x20, 0x2b, 0x20, 0x30, 0x2e, // 6279296875) + 0.
	0x30, 0x35, 0x32, 0x31, 0x33, 0x32, 0x36, 0x39, 0x39, 0x36, 0x33, 0x38, 0x36, 0x30, 0x35, 0x31, // 0521326996386051
	0x31, 0x37, 0x37, 0x39, 0x37, 0x38, 0x35, 0x31, 0x35, 0x36, 0x32, 0x35, 0x2c, 0x20, 0x32, 0x2e, // 177978515625, 2.
	0x34, 0x30, 0x30, 0x30, 0x30, 0x30, 0x30, 0x39, 0x35, 0x33, 0x36, 0x37, 0x34, 0x33, 0x31, 0x36, // 4000000953674316
	0x34, 0x30, 0x36, 0x32, 0x35, 0x29, 0x3b, 0x0a, 0x20, 0x20, 0x20, 0x20, 0x20, 0x20, 0x20, 0x20, // 40625);.        
	0x20, 0x20, 0x20, 0x20, 0x20, 0x20, 0x20, 0x20, 0x20, 0x20, 0x20, 0x20, 0x20, 0x20, 0x20, 0x20, //                 
	0x20, 0x20, 0x20, 0x20, 0x62, 0x72, 0x65, 0x61, 0x6b, 0x3b, 0x0a, 0x20, 0x20, 0x20, 0x20, 0x20, //     break;.     
	0x20, 0x20, 0x20, 0x20, 0x20, 0x20, 0x20, 0x20, 0x20, 0x20, 0x20, 0x20, 0x20, 0x20, 0x20, 0x20, //                 
	0x20, 0x20, 0x20, 0x7d, 0x0a, 0x20, 0x20, 0x20, 0x20, 0x20, 0x20, 0x20, 0x20, 0x20, 0x20, 0x20, //    }.           
	0x20, 0x20, 0x20, 0x20, 0x20, 0x20, 0x20, 0x20, 0x20, 0x20, 0x20, 0x20, 0x20, 0x62, 0x72, 0x65, //              bre
	0x61, 0x6b, 0x3b, 0x20, 0x2f, 0x2f, 0x20, 0x75, 0x6e, 0x72, 0x65, 0x61, 0x63, 0x68, 0x61, 0x62, // ak; // unreachab
	0x6c, 0x65, 0x20, 0x77, 0x6f, 0x72, 0x6b, 0x61, 0x72, 0x6f, 0x75, 0x6e, 0x64, 0x0a, 0x20, 0x20, // le workaround.  
	0x20, 0x20, 0x20, 0x20, 0x20, 0x20, 0x20, 0x20, 0x20, 0x20, 0x20, 0x20, 0x20, 0x20, 0x20, 0x20, //                 
	0x20, 0x20, 0x7d, 0x20, 0x77, 0x68, 0x69, 0x6c, 0x65, 0x28, 0x66, 0x61, 0x6c, 0x73, 0x65, 0x29, //   } while(false)
	0x3b, 0x0a, 0x20, 0x20, 0x20, 0x20, 0x20, 0x20, 0x20, 0x20, 0x20, 0x20, 0x20, 0x20, 0x20, 0x20, // ;.              
	0x20, 0x20, 0x20, 0x20, 0x20, 0x20, 0x66, 0x6c, 0x6f, 0x61, 0x74, 0x20, 0x5f, 0x35, 0x37, 0x36, //       float _576
	0x20, 0x3d, 0x20, 0x5f, 0x35, 0x36, 0x33, 0x2e, 0x7a, 0x3b, 0x0a, 0x20, 0x20, 0x20, 0x20, 0x20, //  = _563.z;.     
	0x20, 0x20, 0x20, 0x20, 0x20, 0x20, 0x20, 0x20, 0x20, 0x20, 0x20, 0x20, 0x20, 0x20, 0x20, 0x66, //                f
	0x6c, 0x6f, 0x61, 0x74, 0x20, 0x5f, 0x37, 0x35, 0x32, 0x3b, 0x0a, 0x20, 0x20, 0x20, 0x20, 0x20, // loat _752;.     
	0x20, 0x20, 0x20, 0x20, 0x20, 0x20, 0x20, 0x20, 0x20, 0x20, 0x20, 0x20, 0x20, 0x20, 0x20, 0x64, //                d
	0x6f, 0x0a, 0x20, 0x20, 0x20, 0x20, 0x20, 0x20, 0x20, 0x20, 0x20, 0x20, 0x20, 0x20, 0x20, 0x20, // o.              
	0x20, 0x20, 0x20, 0x20, 0x20, 0x20, 0x7b, 0x0a, 0x20, 0x20, 0x20, 0x20, 0x20, 0x20, 0x20, 0x20, //       {.        
	0x20, 0x20, 0x20, 0x20, 0x20, 0x20, 0x20, 0x20, 0x20, 0x20, 0x20, 0x20, 0x20, 0x20, 0x20, 0x20, //                 
	0x69, 0x66, 0x20, 0x28, 0x5f, 0x35, 0x37, 0x36, 0x20, 0x3c, 0x3d, 0x20, 0x30, 0x2e, 0x30, 0x34, // if (_576 <= 0.04
	0x30, 0x34, 0x34, 0x39, 0x39, 0x39, 0x39, 0x32, 0x37, 0x32, 0x38, 0x32, 0x33, 0x33, 0x33, 0x33, // 0449999272823333
	0x37, 0x34, 0x30, 0x32, 0x33, 0x34, 0x33, 0x37, 0x35, 0x29, 0x0a, 0x20, 0x20, 0x20, 0x20, 0x20, // 740234375).     
	0x20, 0x20, 0x20, 0x20, 0x20, 0x20, 0x20, 0x20, 0x20, 0x20, 0x20, 0x20, 0x20, 0x20, 0x20, 0x20, //                 
	0x20, 0x20, 0x20, 0x7b, 0x0a, 0x20, 0x20, 0x20, 0x20, 0x20, 0x20, 0x20, 0x20, 0x20, 0x20, 0x20, //    {.           
	0x20, 0x20, 0x20, 0x20, 0x20, 0x20, 0x20, 0x20, 0x20, 0x20, 0x20, 0x20, 0x20, 0x20, 0x20, 0x20, //                 
	0x20, 0x5f, 0x37, 0x35, 0x32, 0x20, 0x3d, 0x20, 0x5f, 0x35, 0x37, 0x36, 0x20, 0x2a, 0x20, 0x30, //  _752 = _576 * 0
	0x2e, 0x30, 0x37, 0x37, 0x33, 0x39, 0x39, 0x33, 0x38, 0x30, 0x35, 0x30, 0x35, 0x30, 0x38, 0x34, // .077399380505084
	0x39, 0x39, 0x31, 0x34, 0x35, 0x35, 0x30, 0x37, 0x38, 0x31, 0x32, 0x35, 0x3b, 0x0a, 0x20, 0x20, // 991455078125;.  
	0x20, 0x20, 0x20, 0x20, 0x20, 0x20, 0x20, 0x20, 0x20, 0x20, 0x20, 0x20, 0x20, 0x20, 0x20, 0x20, //                 
	0x20, 0x20, 0x20, 0x20, 0x20, 0x20, 0x20, 0x20, 0x20, 0x20, 0x62, 0x72, 0x65, 0x61, 0x6b, 0x3b, //           break;
	0x0a, 0x20, 0x20, 0x20, 0x20, 0x20, 0x20, 0x20, 0x20, 0x20, 0x20, 0x20, 0x20, 0x20, 0x20, 0x20, // .               
	0x20, 0x20, 0x20, 0x20, 0x20, 0x20, 0x20, 0x20, 0x20, 0x7d, 0x0a, 0x20, 0x20, 0x20, 0x20, 0x20, //          }.     
	0x20, 0x20, 0x20, 0x20, 0x20, 0x20, 0x20, 0x20, 0x20, 0x20, 0x20, 0x20, 0x20, 0x20, 0x20, 0x20, //                 
	0x20, 0x20, 0x20, 0x65, 0x6c, 0x73, 0x65, 0x0a, 0x20, 0x20, 0x20, 0x20, 0x20, 0x20, 0x20, 0x20, //    else.        
	0x20, 0x20, 0x20, 0x20, 0x20, 0x20, 0x20, 0x20, 0x20, 0x20, 0x20, 0x20, 0x20, 0x20, 0x20, 0x20, //                 
	0x7b, 0x0a, 0x20, 0x20, 0x20, 0x20, 0x20, 0x20, 0x20, 0x20, 0x20, 0x20, 0x20, 0x20, 0x20, 0x20, // {.              
	0x20, 0x20, 0x20, 0x20, 0x20, 0x20, 0x20, 0x20, 0x20, 0x20, 0x20, 0x20, 0x20, 0x20, 0x5f, 0x37, //               _7
	0x35, 0x32, 0x20, 0x3d, 0x20, 0x70, 0x6f, 0x77, 0x72, 0x28, 0x28, 0x5f, 0x35, 0x37, 0x36, 0x20, // 52 = powr((_576 
	0x2a, 0x20, 0x30, 0x2e, 0x39, 0x34, 0x37, 0x38, 0x36, 0x37, 0x32, 0x37, 0x34, 0x32, 0x38, 0x34, // * 0.947867274284
	0x33, 0x36, 0x32, 0x37, 0x39, 0x32, 0x39, 0x36, 0x38, 0x37, 0x35, 0x29, 0x20, 0x2b, 0x20, 0x30, // 36279296875) + 0
	0x2e, 0x30, 0x35, 0x32, 0x31, 0x33, 0x32, 0x36, 0x39, 0x39, 0x36, 0x33, 0x38, 0x36, 0x30, 0x35, // .052132699638605
	0x31, 0x31, 0x37, 0x37, 0x39, 0x37, 0x38, 0x35, 0x31, 0x35, 0x36, 0x32, 0x35, 0x2c, 0x20, 0x32, // 1177978515625, 2
	0x2e, 0x34, 0x30, 0x30, 0x30, 0x30, 0x30, 0x30, 0x39, 0x35, 0x33, 0x36, 0x37, 0x34, 0x33, 0x31, // .400000095367431
	0x36, 0x34, 0x30, 0x36, 0x32, 0x35, 0x29, 0x3b, 0x0a, 0x20, 0x20, 0x20, 0x20, 0x20, 0x20, 0x20, // 640625);.       
	0x20, 0x20, 0x20, 0x20, 0x20, 0x20, 0x20, 0x20, 0x20, 0x20, 0x20, 0x20, 0x20, 0x20, 0x20, 0x20, //                 
	0x20, 0x20, 0x20, 0x20, 0x20, 0x62, 0x72, 0x65, 0x61, 0x6b, 0x3b, 0x0a, 0x20, 0x20, 0x20, 0x20, //      break;.    
	0x20, 0x20, 0x20, 0x20, 0x20, 0x20, 0x20, 0x20, 0x20, 0x20, 0x20, 0x20, 0x20, 0x20, 0x20, 0x20, //                 
	0x20, 0x20, 0x20, 0x20, 0x7d, 0x0a, 0x20, 0x20, 0x20, 0x20, 0x20, 0x20, 0x20, 0x20, 0x20, 0x20, //     }.          
	0x20, 0x20, 0x20, 0x20, 0x20, 0x20, 0x20, 0x20, 0x20, 0x20, 0x20, 0x20, 0x20, 0x20, 0x62, 0x72, //               br
	0x65, 0x61, 0x6b, 0x3b, 0x20, 0x2f, 0x2f, 0x20, 0x75, 0x6e, 0x72, 0x65, 0x61, 0x63, 0x68, 0x61, // eak; // unreacha
	0x62, 0x6c, 0x65, 0x20, 0x77, 0x6f, 0x72, 0x6b, 0x61, 0x72, 0x6f, 0x75, 0x6e, 0x64, 0x0a, 0x20, // ble workaround. 
	0x20, 0x20, 0x20, 0x20, 0x20, 0x20, 0x20, 0x20, 0x20, 0x20, 0x20, 0x20, 0x20, 0x20, 0x20, 0x20, //                 
	0x20, 0x20, 0x20, 0x7d, 0x20, 0x77, 0x68, 0x69, 0x6c, 0x65, 0x28, 0x66, 0x61, 0x6c, 0x73, 0x65, //    } while(false
	0x29, 0x3b, 0x0a, 0x20, 0x20, 0x20, 0x20, 0x20, 0x20, 0x20, 0x20, 0x20, 0x20, 0x20, 0x20, 0x20, // );.             
	0x20, 0x20, 0x20, 0x20, 0x20, 0x20, 0x20, 0x5f, 0x37, 0x37, 0x30, 0x20, 0x3d, 0x20, 0x5f, 0x37, //        _770 = _7
	0x36, 0x36, 0x20, 0x2b, 0x20, 0x5f, 0x32, 0x39, 0x31, 0x5b, 0x5f, 0x37, 0x34, 0x38, 0x5d, 0x5b, // 66 + _291[_748][
	0x5f, 0x37, 0x34, 0x32, 0x5d, 0x3b, 0x0a, 0x20, 0x20, 0x20, 0x20, 0x20, 0x20, 0x20, 0x20, 0x20, // _742];.         
	0x20, 0x20, 0x20, 0x20, 0x20, 0x20, 0x20, 0x20, 0x20, 0x20, 0x20, 0x5f, 0x37, 0x36, 0x39, 0x20, //            _769 
	0x3d, 0x20, 0x5f, 0x37, 0x35, 0x36, 0x20, 0x2b, 0x20, 0x28, 0x66, 0x6c, 0x6f, 0x61, 0x74, 0x34, // = _756 + (float4
	0x28, 0x5f, 0x37, 0x35, 0x30, 0x2c, 0x20, 0x5f, 0x37, 0x35, 0x31, 0x2c, 0x20, 0x5f, 0x37, 0x35, // (_750, _751, _75
	0x32, 0x2c, 0x20, 0x5f, 0x35, 0x36, 0x33, 0x2e, 0x77, 0x29, 0x20, 0x2a, 0x20, 0x5f, 0x32, 0x39, // 2, _563.w) * _29
	0x31, 0x5b, 0x5f, 0x37, 0x34, 0x38, 0x5d, 0x5b, 0x5f, 0x37, 0x34, 0x32, 0x5d, 0x29, 0x3b, 0x0a, // 1[_748][_742]);.
	0x20, 0x20, 0x20, 0x20, 0x20, 0x20, 0x20, 0x20, 0x20, 0x20, 0x20, 0x20, 0x20, 0x20, 0x20, 0x20, //                 
	0x7d, 0x0a, 0x20, 0x20, 0x20, 0x20, 0x20, 0x20, 0x20, 0x20, 0x20, 0x20, 0x20, 0x20, 0x20, 0x20, // }.              
	0x20, 0x20, 0x65, 0x6c, 0x73, 0x65, 0x0a, 0x20, 0x20, 0x20, 0x20, 0x20, 0x20, 0x20, 0x20, 0x20, //   else.         
	0x20, 0x20, 0x20, 0x20, 0x20, 0x20, 0x20, 0x7b, 0x0a, 0x20, 0x20, 0x20, 0x20, 0x20, 0x20, 0x20, //        {.       
	0x20, 0x20, 0x20, 0x20, 0x20, 0x20, 0x20, 0x20, 0x20, 0x20, 0x20, 0x20, 0x20, 0x5f, 0x37, 0x37, //              _77
	0x30, 0x20, 0x3d, 0x20, 0x5f, 0x37, 0x36, 0x36, 0x3b, 0x0a, 0x20, 0x20, 0x20, 0x20, 0x20, 0x20, // 0 = _766;.      
	0x20, 0x20, 0x20, 0x20, 0x20, 0x20, 0x20, 0x20, 0x20, 0x20, 0x20, 0x20, 0x20, 0x20, 0x5f, 0x37, //               _7
	0x36, 0x39, 0x20, 0x3d, 0x20, 0x5f, 0x37, 0x35, 0x36, 0x3b, 0x0a, 0x20, 0x20, 0x20, 0x20, 0x20, // 69 = _756;.     
	0x20, 0x20, 0x20, 0x20, 0x20, 0x20, 0x20, 0x20, 0x20, 0x20, 0x20, 0x7d, 0x0a, 0x20, 0x20, 0x20, //            }.   
	0x20, 0x20, 0x20, 0x20, 0x20, 0x20, 0x20, 0x20, 0x20, 0x7d, 0x0a, 0x20, 0x20, 0x20, 0x20, 0x20, //          }.     
	0x20, 0x20, 0x20, 0x7d, 0x0a, 0x20, 0x20, 0x20, 0x20, 0x20, 0x20, 0x20, 0x20, 0x66, 0x6c, 0x6f, //    }.        flo
	0x61, 0x74, 0x34, 0x20, 0x5f, 0x35, 0x31, 0x34, 0x20, 0x3d, 0x20, 0x5f, 0x37, 0x34, 0x33, 0x20, // at4 _514 = _743 
	0x2f, 0x20, 0x66, 0x6c, 0x6f, 0x61, 0x74, 0x34, 0x28, 0x5f, 0x37, 0x34, 0x34, 0x29, 0x3b, 0x0a, // / float4(_744);.
	0x20, 0x20, 0x20, 0x20, 0x20, 0x20, 0x20, 0x20, 0x66, 0x6c, 0x6f, 0x61, 0x74, 0x20, 0x5f, 0x36, //         float _6
	0x34, 0x31, 0x20, 0x3d, 0x20, 0x5f, 0x35, 0x31, 0x34, 0x2e, 0x78, 0x3b, 0x0a, 0x20, 0x20, 0x20, // 41 = _514.x;.   
	0x20, 0x20, 0x20, 0x20, 0x20, 0x66, 0x6c, 0x6f, 0x61, 0x74, 0x20, 0x5f, 0x37, 0x34, 0x35, 0x3b, //      float _745;
	0x0a, 0x20, 0x20, 0x20, 0x20, 0x20, 0x20, 0x20, 0x20, 0x64, 0x6f, 0x0a, 0x20, 0x20, 0x20, 0x20, // .        do.    
	0x20, 0x20, 0x20, 0x20, 0x7b, 0x0a, 0x20, 0x20, 0x20, 0x20, 0x20, 0x20, 0x20, 0x20, 0x20, 0x20, //     {.          
	0x20, 0x20, 0x69, 0x66, 0x20, 0x28, 0x5f, 0x36, 0x34, 0x31, 0x20, 0x3c, 0x3d, 0x20, 0x30, 0x2e, //   if (_641 <= 0.
	0x30, 0x30, 0x33, 0x31, 0x33, 0x30, 0x38, 0x30, 0x30, 0x30, 0x39, 0x30, 0x37, 0x33, 0x30, 0x31, // 0031308000907301
	0x39, 0x30, 0x32, 0x37, 0x37, 0x30, 0x39, 0x39, 0x36, 0x30, 0x39, 0x33, 0x37, 0x35, 0x29, 0x0a, // 90277099609375).
	0x20, 0x20, 0x20, 0x20, 0x20, 0x20, 0x20, 0x20, 0x20, 0x20, 0x20, 0x20, 0x7b, 0x0a, 0x20, 0x20, //             {.  
	0x20, 0x20, 0x20, 0x20, 0x20, 0x20, 0x20, 0x20, 0x20, 0x20, 0x20, 0x20, 0x20, 0x20, 0x5f, 0x37, //               _7
	0x34, 0x35, 0x20, 0x3d, 0x20, 0x31, 0x32, 0x2e, 0x39, 0x32, 0x30, 0x30, 0x30, 0x30, 0x30, 0x37, // 45 = 12.92000007
	0x36, 0x32, 0x39, 0x33, 0x39, 0x34, 0x35, 0x33, 0x31, 0x32, 0x35, 0x20, 0x2a, 0x20, 0x5f, 0x36, // 62939453125 * _6
	0x34, 0x31, 0x3b, 0x0a, 0x20, 0x20, 0x20, 0x20, 0x20, 0x20, 0x20, 0x20, 0x20, 0x20, 0x20, 0x20, // 41;.            
	0x20, 0x20, 0x20, 0x20, 0x62, 0x72, 0x65, 0x61, 0x6b, 0x3b, 0x0a, 0x20, 0x20, 0x20, 0x20, 0x20, //     break;.     
	0x20, 0x20, 0x20, 0x20, 0x20, 0x20, 0x20, 0x7d, 0x0a, 0x20, 0x20, 0x20, 0x20, 0x20, 0x20, 0x20, //        }.       
	0x20, 0x20, 0x20, 0x20, 0x20, 0x65, 0x6c, 0x73, 0x65, 0x0a, 0x20, 0x20, 0x20, 0x20, 0x20, 0x20, //      else.      
	0x20, 0x20, 0x20, 0x20, 0x20, 0x20, 0x7b, 0x0a, 0x20, 0x20, 0x20, 0x20, 0x20, 0x20, 0x20, 0x20, //       {.        
	0x20, 0x20, 0x20, 0x20, 0x20, 0x20, 0x20, 0x20, 0x5f, 0x37, 0x34, 0x35, 0x20, 0x3d, 0x20, 0x28, //         _745 = (
	0x31, 0x2e, 0x30, 0x35, 0x34, 0x39, 0x39, 0x39, 0x39, 0x34, 0x37, 0x35, 0x34, 0x37, 0x39, 0x31, // 1.05499994754791
	0x32, 0x35, 0x39, 0x37, 0x36, 0x35, 0x36, 0x32, 0x35, 0x20, 0x2a, 0x20, 0x70, 0x6f, 0x77, 0x72, // 259765625 * powr
	0x28, 0x5f, 0x36, 0x34, 0x31, 0x2c, 0x20, 0x30, 0x2e, 0x34, 0x31, 0x36, 0x36, 0x36, 0x36, 0x36, // (_641, 0.4166666
	0x35, 0x36, 0x37, 0x33, 0x32, 0x35, 0x35, 0x39, 0x32, 0x30, 0x34, 0x31, 0x30, 0x31, 0x35, 0x36, // 5673255920410156
	0x32, 0x35, 0x29, 0x29, 0x20, 0x2d, 0x20, 0x30, 0x2e, 0x30, 0x35, 0x34, 0x39, 0x39, 0x39, 0x39, // 25)) - 0.0549999
	0x39, 0x39, 0x37, 0x30, 0x31, 0x39, 0x37, 0x36, 0x37, 0x37, 0x36, 0x31, 0x32, 0x33, 0x30, 0x34, // 9970197677612304
	0x36, 0x38, 0x37, 0x35, 0x3b, 0x0a, 0x20, 0x20, 0x20, 0x20, 0x20, 0x20, 0x20, 0x20, 0x20, 0x20, // 6875;.          
	0x20, 0x20, 0x20, 0x20, 0x20, 0x20, 0x62, 0x72, 0x65, 0x61, 0x6b, 0x3b, 0x0a, 0x20, 0x20, 0x20, //       break;.   
	0x20, 0x20, 0x20, 0x20, 0x20, 0x20, 0x20, 0x20, 0x20, 0x7d, 0x0a, 0x20, 0x20, 0x20, 0x20, 0x20, //          }.     
	0x20, 0x20, 0x20, 0x20, 0x20, 0x20, 0x20, 0x62, 0x72, 0x65, 0x61, 0x6b, 0x3b, 0x20, 0x2f, 0x2f, //        break; //
	0x20, 0x75, 0x6e, 0x72, 0x65, 0x61, 0x63, 0x68, 0x61, 0x62, 0x6c, 0x65, 0x20, 0x77, 0x6f, 0x72, //  unreachable wor
	0x6b, 0x61, 0x72, 0x6f, 0x75, 0x6e, 0x64, 0x0a, 0x20, 0x20, 0x20, 0x20, 0x20, 0x20, 0x20, 0x20, // karound.        
	0x7d, 0x20, 0x77, 0x68, 0x69, 0x6c, 0x65, 0x28, 0x66, 0x61, 0x6c, 0x73, 0x65, 0x29, 0x3b, 0x0a, // } while(false);.
	0x20, 0x20, 0x20, 0x20, 0x20, 0x20, 0x20, 0x20, 0x66, 0x6c, 0x6f, 0x61, 0x74, 0x20, 0x5f, 0x36, //         float _6
	0x34, 0x34, 0x20, 0x3d, 0x20, 0x5f, 0x35, 0x31, 0x34, 0x2e, 0x79, 0x3b, 0x0a, 0x20, 0x20, 0x20, // 44 = _514.y;.   
	0x20, 0x20, 0x20, 0x20, 0x20, 0x66, 0x6c, 0x6f, 0x61, 0x74, 0x20, 0x5f, 0x37, 0x34, 0x36, 0x3b, //      float _746;
	0x0a, 0x20, 0x20, 0x20, 0x20, 0x20, 0x20, 0x20, 0x20, 0x64, 0x6f, 0x0a, 0x20, 0x20, 0x20, 0x20, // .        do.    
	0x20, 0x20, 0x20, 0x20, 0x7b, 0x0a, 0x20, 0x20, 0x20, 0x20, 0x20, 0x20, 0x20, 0x20, 0x20, 0x20, //     {.          
	0x20, 0x20, 0x69, 0x66, 0x20, 0x28, 0x5f, 0x36, 0x34, 0x34, 0x20, 0x3c, 0x3d, 0x20, 0x30, 0x2e, //   if (_644 <= 0.
	0x30, 0x30, 0x33, 0x31, 0x33, 0x30, 0x38, 0x30, 0x30, 0x30, 0x39, 0x30, 0x37, 0x33, 0x30, 0x31, // 0031308000907301
	0x39, 0x30, 0x32, 0x37, 0x37, 0x30, 0x39, 0x39, 0x36, 0x30, 0x39, 0x33, 0x37, 0x35, 0x29, 0x0a, // 90277099609375).
	0x20, 0x20, 0x20, 0x20, 0x20, 0x20, 0x20, 0x20, 0x20, 0x20, 0x20, 0x20, 0x7b, 0x0a, 0x20, 0x20, //             {.  
	0x20, 0x20, 0x20, 0x20, 0x20, 0x20, 0x20, 0x20, 0x20, 0x20, 0x20, 0x20, 0x20, 0x20, 0x5f, 0x37, //               _7
	0x34, 0x36, 0x20, 0x3d, 0x20, 0x31, 0x32, 0x2e, 0x39, 0x32, 0x30, 0x30, 0x30, 0x30, 0x30, 0x37, // 46 = 12.92000007
	0x36, 0x32, 0x39, 0x33, 0x39, 0x34, 0x35, 0x33, 0x31, 0x32, 0x35, 0x20, 0x2a, 0x20, 0x5f, 0x36, // 62939453125 * _6
	0x34, 0x34, 0x3b, 0x0a, 0x20, 0x20, 0x20, 0x20, 0x20, 0x20, 0x20, 0x20, 0x20, 0x20, 0x20, 0x20, // 44;.            
	0x20, 0x20, 0x20, 0x20, 0x62, 0x72, 0x65, 0x61, 0x6b, 0x3b, 0x0a, 0x20, 0x20, 0x20, 0x20, 0x20, //     break;.     
	0x20, 0x20, 0x20, 0x20, 0x20, 0x20, 0x20, 0x7d, 0x0a, 0x20, 0x20, 0x20, 0x20, 0x20, 0x20, 0x20, //        }.       
	0x20, 0x20, 0x20, 0x20, 0x20, 0x65, 0x6c, 0x73, 0x65, 0x0a, 0x20, 0x20, 0x20, 0x20, 0x20, 0x20, //      else.      
	0x20, 0x20, 0x20, 0x20, 0x20, 0x20, 0x7b, 0x0a, 0x20, 0x20, 0x20, 0x20, 0x20, 0x20, 0x20, 0x20, //       {.        
	0x20, 0x20, 0x20, 0x20, 0x20, 0x20, 0x20, 0x20, 0x5f, 0x37, 0x34, 0x36, 0x20, 0x3d, 0x20, 0x28, //         _746 = (
	0x31, 0x2e, 0x30, 0x35, 0x34, 0x39, 0x39, 0x39, 0x39, 0x34, 0x37, 0x35, 0x34, 0x37, 0x39, 0x31, // 1.05499994754791
	0x32, 0x35, 0x39, 0x37, 0x36, 0x35, 0x36, 0x32, 0x35, 0x20, 0x2a, 0x20, 0x70, 0x6f, 0x77, 0x72, // 259765625 * powr
	0x28, 0x5f, 0x36, 0x34, 0x34, 0x2c, 0x20, 0x30, 0x2e, 0x34, 0x31, 0x36, 0x36, 0x36, 0x36, 0x36, // (_644, 0.4166666
	0x35, 0x36, 0x37, 0x33, 0x32, 0x35, 0x35, 0x39, 0x32, 0x30, 0x34, 0x31, 0x30, 0x31, 0x35, 0x36, // 5673255920410156
	0x32, 0x35, 0x29, 0x29, 0x20, 0x2d, 0x20, 0x30, 0x2e, 0x30, 0x35, 0x34, 0x39, 0x39, 0x39, 0x39, // 25)) - 0.0549999
	0x39, 0x39, 0x37, 0x30, 0x31, 0x39, 0x37, 0x36, 0x37, 0x37, 0x36, 0x31, 0x32, 0x33, 0x30, 0x34, // 9970197677612304
	0x36, 0x38, 0x37, 0x35, 0x3b, 0x0a, 0x20, 0x20, 0x20, 0x20, 0x20, 0x20, 0x20, 0x20, 0x20, 0x20, // 6875;.          
	0x20, 0x20, 0x20, 0x20, 0x20, 0x20, 0x62, 0x72, 0x65, 0x61, 0x6b, 0x3b, 0x0a, 0x20, 0x20, 0x20, //       break;.   
	0x20, 0x20, 0x20, 0x20, 0x20, 0x20, 0x20, 0x20, 0x20, 0x7d, 0x0a, 0x20, 0x20, 0x20, 0x20, 0x20, //          }.     
	0x20, 0x20, 0x20, 0x20, 0x20, 0x20, 0x20, 0x62, 0x72, 0x65, 0x61, 0x6b, 0x3b, 0x20, 0x2f, 0x2f, //        break; //
	0x20, 0x75, 0x6e, 0x72, 0x65, 0x61, 0x63, 0x68, 0x61, 0x62, 0x6c, 0x65, 0x20, 0x77, 0x6f, 0x72, //  unreachable wor
	0x6b, 0x61, 0x72, 0x6f, 0x75, 0x6e, 0x64, 0x0a, 0x20, 0x20, 0x20, 0x20, 0x20, 0x20, 0x20, 0x20, // karound.        
	0x7d, 0x20, 0x77, 0x68, 0x69, 0x6c, 0x65, 0x28, 0x66, 0x61, 0x6c, 0x73, 0x65, 0x29, 0x3b, 0x0a, // } while(false);.
	0x20, 0x20, 0x20, 0x20, 0x20, 0x20, 0x20, 0x20, 0x66, 0x6c, 0x6f, 0x61, 0x74, 0x20, 0x5f, 0x36, //         float _6
	0x34, 0x37, 0x20, 0x3d, 0x20, 0x5f, 0x35, 0x31, 0x34, 0x2e, 0x7a, 0x3b, 0x0a, 0x20, 0x20, 0x20, // 47 = _514.z;.   
	0x20, 0x20, 0x20, 0x20, 0x20, 0x66, 0x6c, 0x6f, 0x61, 0x74, 0x20, 0x5f, 0x37, 0x34, 0x37, 0x3b, //      float _747;
	0x0a, 0x20, 0x20, 0x20, 0x20, 0x20, 0x20, 0x20, 0x20, 0x64, 0x6f, 0x0a, 0x20, 0x20, 0x20, 0x20, // .        do.    
	0x20, 0x20, 0x20, 0x20, 0x7b, 0x0a, 0x20, 0x20, 0x20, 0x20, 0x20, 0x20, 0x20, 0x20, 0x20, 0x20, //     {.          
	0x20, 0x20, 0x69, 0x66, 0x20, 0x28, 0x5f, 0x36, 0x34, 0x37, 0x20, 0x3c, 0x3d, 0x20, 0x30, 0x2e, //   if (_647 <= 0.
	0x30, 0x30, 0x33, 0x31, 0x33, 0x30, 0x38, 0x30, 0x30, 0x30, 0x39, 0x30, 0x37, 0x33, 0x30, 0x31, // 0031308000907301
	0x39, 0x30, 0x32, 0x37, 0x37, 0x30, 0x39, 0x39, 0x36, 0x30, 0x39, 0x33, 0x37, 0x35, 0x29, 0x0a, // 90277099609375).
	0x20, 0x20, 0x20, 0x20, 0x20, 0x20, 0x20, 0x20, 0x20, 0x20, 0x20, 0x20, 0x7b, 0x0a, 0x20, 0x20, //             {.  
	0x20, 0x20, 0x20, 0x20, 0x20, 0x20, 0x20, 0x20, 0x20, 0x20, 0x20, 0x20, 0x20, 0x20, 0x5f, 0x37, //               _7
	0x34, 0x37, 0x20, 0x3d, 0x20, 0x31, 0x32, 0x2e, 0x39, 0x32, 0x30, 0x30, 0x30, 0x30, 0x30, 0x37, // 47 = 12.92000007
	0x36, 0x32, 0x39, 0x33, 0x39, 0x34, 0x35, 0x33, 0x31, 0x32, 0x35, 0x20, 0x2a, 0x20, 0x5f, 0x36, // 62939453125 * _6
	0x34, 0x37, 0x3b, 0x0a, 0x20, 0x20, 0x20, 0x20, 0x20, 0x20, 0x20, 0x20, 0x20, 0x20, 0x20, 0x20, // 47;.            
	0x20, 0x20, 0x20, 0x20, 0x62, 0x72, 0x65, 0x61, 0x6b, 0x3b, 0x0a, 0x20, 0x20, 0x20, 0x20, 0x20, //     break;.     
	0x20, 0x20, 0x20, 0x20, 0x20, 0x20, 0x20, 0x7d, 0x0a, 0x20, 0x20, 0x20, 0x20, 0x20, 0x20, 0x20, //        }.       
	0x20, 0x20, 0x20, 0x20, 0x20, 0x65, 0x6c, 0x73, 0x65, 0x0a, 0x20, 0x20, 0x20, 0x20, 0x20, 0x20, //      else.      
	0x20, 0x20, 0x20, 0x20, 0x20, 0x20, 0x7b, 0x0a, 0x20, 0x20, 0x20, 0x20, 0x20, 0x20, 0x20, 0x20, //       {.        
	0x20, 0x20, 0x20, 0x20, 0x20, 0x20, 0x20, 0x20, 0x5f, 0x37, 0x34, 0x37, 0x20, 0x3d, 0x20, 0x28, //         _747 = (
	0x31, 0x2e, 0x30, 0x35, 0x34, 0x39, 0x39, 0x39, 0x39, 0x34, 0x37, 0x35, 0x34, 0x37, 0x39, 0x31, // 1.05499994754791
	0x32, 0x35, 0x39, 0x37, 0x36, 0x35, 0x36, 0x32, 0x35, 0x20, 0x2a, 0x20, 0x70, 0x6f, 0x77, 0x72, // 259765625 * powr
	0x28, 0x5f, 0x36, 0x34, 0x37, 0x2c, 0x20, 0x30, 0x2e, 0x34, 0x31, 0x36, 0x36, 0x36, 0x36, 0x36, // (_647, 0.4166666
	0x35, 0x36, 0x37, 0x33, 0x32, 0x35, 0x35, 0x39, 0x32, 0x30, 0x34, 0x31, 0x30, 0x31, 0x35, 0x36, // 5673255920410156
	0x32, 0x35, 0x29, 0x29, 0x20, 0x2d, 0x20, 0x30, 0x2e, 0x30, 0x35, 0x34, 0x39, 0x39, 0x39, 0x39, // 25)) - 0.0549999
	0x39, 0x39, 0x37, 0x30, 0x31, 0x39, 0x37, 0x36, 0x37, 0x37, 0x36, 0x31, 0x32, 0x33, 0x30, 0x34, // 9970197677612304
	0x36, 0x38, 0x37, 0x35, 0x3b, 0x0a, 0x20, 0x20, 0x20, 0x20, 0x20, 0x20, 0x20, 0x20, 0x20, 0x20, // 6875;.          
	0x20, 0x20, 0x20, 0x20, 0x20, 0x20, 0x62, 0x72, 0x65, 0x61, 0x6b, 0x3b, 0x0a, 0x20, 0x20, 0x20, //       break;.   
	0x20, 0x20, 0x20, 0x20, 0x20, 0x20, 0x20, 0x20, 0x20, 0x7d, 0x0a, 0x20, 0x20, 0x20, 0x20, 0x20, //          }.     
	0x20, 0x20, 0x20, 0x20, 0x20, 0x20, 0x20, 0x62, 0x72, 0x65, 0x61, 0x6b, 0x3b, 0x20, 0x2f, 0x2f, //        break; //
	0x20, 0x75, 0x6e, 0x72, 0x65, 0x61, 0x63, 0x68, 0x61, 0x62, 0x6c, 0x65, 0x20, 0x77, 0x6f, 0x72, //  unreachable wor
	0x6b, 0x61, 0x72, 0x6f, 0x75, 0x6e, 0x64, 0x0a, 0x20, 0x20, 0x20, 0x20, 0x20, 0x20, 0x20, 0x20, // karound.        
	0x7d, 0x20, 0x77, 0x68, 0x69, 0x6c, 0x65, 0x28, 0x66, 0x61, 0x6c, 0x73, 0x65, 0x29, 0x3b, 0x0a, // } while(false);.
	0x20, 0x20, 0x20, 0x20, 0x20, 0x20, 0x20, 0x20, 0x75, 0x5f, 0x44, 0x65, 0x73, 0x74, 0x69, 0x6e, //         u_Destin
	0x61, 0x74, 0x69, 0x6f, 0x6e, 0x2e, 0x77, 0x72, 0x69, 0x74, 0x65, 0x28, 0x66, 0x6c, 0x6f, 0x61, // ation.write(floa
	0x74, 0x34, 0x28, 0x5f, 0x37, 0x34, 0x35, 0x2c, 0x20, 0x5f, 0x37, 0x34, 0x36, 0x2c, 0x20, 0x5f, // t4(_745, _746, _
	0x37, 0x34, 0x37, 0x2c, 0x20, 0x5f, 0x35, 0x31, 0x34, 0x2e, 0x77, 0x29, 0x2c, 0x20, 0x75, 0x69, // 747, _514.w), ui
	0x6e, 0x74, 0x32, 0x28, 0x69, 0x6e, 0x74, 0x33, 0x28, 0x67, 0x6c, 0x5f, 0x47, 0x6c, 0x6f, 0x62, // nt2(int3(gl_Glob
	0x61, 0x6c, 0x49, 0x6e, 0x76, 0x6f, 0x63, 0x61, 0x74, 0x69, 0x6f, 0x6e, 0x49, 0x44, 0x29, 0x2e, // alInvocationID).
	0x78, 0x79, 0x29, 0x29, 0x3b, 0x0a, 0x20, 0x20, 0x20, 0x20, 0x20, 0x20, 0x20, 0x20, 0x62, 0x72, // xy));.        br
	0x65, 0x61, 0x6b, 0x3b, 0x0a, 0x20, 0x20, 0x20, 0x20, 0x7d, 0x20, 0x77, 0x68, 0x69, 0x6c, 0x65, // eak;.    } while
	0x28, 0x66, 0x61, 0x6c, 0x73, 0x65, 0x29, 0x3b, 0x0a, 0x7d, 0x0a, 0x0a, 0x00, 0x00, 0x20, 0x00, // (false);.}.... .
};
static const uint8_t cs_mipmap_srgba8_essl[6426] =
{
	0x43, 0x53, 0x48, 0x0c, 0x00, 0x00, 0x00, 0x00, 0x00, 0x00, 0x00, 0x00, 0x00, 0x00, 0x00, 0x00, // CSH.............
	0x00, 0x00, 0x00, 0x00, 0x00, 0x00, 0xff, 0x18, 0x00, 0x00, 0x6c, 0x61, 0x79, 0x6f, 0x75, 0x74, // ..........layout
	0x28, 0x6c, 0x6f, 0x63, 0x61, 0x6c, 0x5f, 0x73, 0x69, 0x7a, 0x65, 0x5f, 0x78, 0x20, 0x3d, 0x20, // (local_size_x = 
	0x38, 0x2c, 0x20, 0x6c, 0x6f, 0x63, 0x61, 0x6c, 0x5f, 0x73, 0x69, 0x7a, 0x65, 0x5f, 0x79, 0x20, // 8, local_size_y 
	0x3d, 0x20, 0x38, 0x2c, 0x20, 0x6c, 0x6f, 0x63, 0x61, 0x6c, 0x5f, 0x73, 0x69, 0x7a, 0x65, 0x5f, // = 8, local_size_
	0x7a, 0x20, 0x3d, 0x20, 0x31, 0x29, 0x20, 0x69, 0x6e, 0x3b, 0x0a, 0x0a, 0x63, 0x6f, 0x6e, 0x73, // z = 1) in;..cons
	0x74, 0x20, 0x66, 0x6c, 0x6f, 0x61, 0x74, 0x20, 0x5f, 0x32, 0x31, 0x32, 0x5b, 0x34, 0x5d, 0x5b, // t float _212[4][
	0x34, 0x5d, 0x20, 0x3d, 0x20, 0x66, 0x6c, 0x6f, 0x61, 0x74, 0x5b, 0x5d, 0x5b, 0x5d, 0x28, 0x66, // 4] = float[][](f
	0x6c, 0x6f, 0x61, 0x74, 0x5b, 0x5d, 0x28, 0x39, 0x2e, 0x38, 0x39, 0x39, 0x39, 0x39, 0x39, 0x37, // loat[](9.8999997
	0x31, 0x33, 0x35, 0x32, 0x35, 0x31, 0x37, 0x36, 0x30, 0x34, 0x38, 0x32, 0x37, 0x38, 0x38, 0x30, // 1352517604827880
	0x38, 0x35, 0x39, 0x33, 0x37, 0x35, 0x65, 0x2d, 0x30, 0x35, 0x2c, 0x20, 0x30, 0x2e, 0x30, 0x30, // 859375e-05, 0.00
	0x34, 0x38, 0x37, 0x39, 0x39, 0x39, 0x39, 0x39, 0x30, 0x35, 0x38, 0x32, 0x34, 0x36, 0x36, 0x31, // 4879999905824661
	0x32, 0x35, 0x34, 0x38, 0x38, 0x32, 0x38, 0x31, 0x32, 0x35, 0x2c, 0x20, 0x30, 0x2e, 0x30, 0x30, // 2548828125, 0.00
	0x34, 0x38, 0x37, 0x39, 0x39, 0x39, 0x39, 0x39, 0x30, 0x35, 0x38, 0x32, 0x34, 0x36, 0x36, 0x31, // 4879999905824661
	0x32, 0x35, 0x34, 0x38, 0x38, 0x32, 0x38, 0x31, 0x32, 0x35, 0x2c, 0x20, 0x39, 0x2e, 0x38, 0x39, // 2548828125, 9.89
	0x39, 0x39, 0x39, 0x39, 0x37, 0x31, 0x33, 0x35, 0x32, 0x35, 0x31, 0x37, 0x36, 0x30, 0x34, 0x38, // 9999713525176048
	0x32, 0x37, 0x38, 0x38, 0x30, 0x38, 0x35, 0x39, 0x33, 0x37, 0x35, 0x65, 0x2d, 0x30, 0x35, 0x29, // 27880859375e-05)
	0x2c, 0x20, 0x66, 0x6c, 0x6f, 0x61, 0x74, 0x5b, 0x5d, 0x28, 0x30, 0x2e, 0x30, 0x30, 0x34, 0x38, // , float[](0.0048
	0x37, 0x39, 0x39, 0x39, 0x39, 0x39, 0x30, 0x35, 0x38, 0x32, 0x34, 0x36, 0x36, 0x31, 0x32, 0x35, // 7999990582466125
	0x34, 0x38, 0x38, 0x32, 0x38, 0x31, 0x32, 0x35, 0x2c, 0x20, 0x30, 0x2e, 0x32, 0x34, 0x30, 0x31, // 48828125, 0.2401
	0x34, 0x31, 0x30, 0x30, 0x34, 0x33, 0x32, 0x33, 0x39, 0x35, 0x39, 0x33, 0x35, 0x30, 0x35, 0x38, // 4100432395935058
	0x35, 0x39, 0x33, 0x37, 0x35, 0x2c, 0x20, 0x30, 0x2e, 0x32, 0x34, 0x30, 0x31, 0x34, 0x31, 0x30, // 59375, 0.2401410
	0x30, 0x34, 0x33, 0x32, 0x33, 0x39, 0x35, 0x39, 0x33, 0x35, 0x30, 0x35, 0x38, 0x35, 0x39, 0x33, // 0432395935058593
	0x37, 0x35, 0x2c, 0x20, 0x30, 0x2e, 0x30, 0x30, 0x34, 0x38, 0x37, 0x39, 0x39, 0x39, 0x39, 0x39, // 75, 0.0048799999
	0x30, 0x35, 0x38, 0x32, 0x34, 0x36, 0x36, 0x31, 0x32, 0x35, 0x34, 0x38, 0x38, 0x32, 0x38, 0x31, // 0582466125488281
	0x32, 0x35, 0x29, 0x2c, 0x20, 0x66, 0x6c, 0x6f, 0x61, 0x74, 0x5b, 0x5d, 0x28, 0x30, 0x2e, 0x30, // 25), float[](0.0
	0x30, 0x34, 0x38, 0x37, 0x39, 0x39, 0x39, 0x39, 0x39, 0x30, 0x35, 0x38, 0x32, 0x34, 0x36, 0x36, // 0487999990582466
	0x31, 0x32, 0x35, 0x34, 0x38, 0x38, 0x32, 0x38, 0x31, 0x32, 0x35, 0x2c, 0x20, 0x30, 0x2e, 0x32, // 12548828125, 0.2
	0x34, 0x30, 0x31, 0x34, 0x31, 0x30, 0x30, 0x34, 0x33, 0x32, 0x33, 0x39, 0x35, 0x39, 0x33, 0x35, // 4014100432395935
	0x30, 0x35, 0x38, 0x35, 0x39, 0x33, 0x37, 0x35, 0x2c, 0x20, 0x30, 0x2e, 0x32, 0x34, 0x30, 0x31, // 05859375, 0.2401
	0x34, 0x31, 0x30, 0x30, 0x34, 0x33, 0x32, 0x33, 0x39, 0x35, 0x39, 0x33, 0x35, 0x30, 0x35, 0x38, // 4100432395935058
	0x35, 0x39, 0x33, 0x37, 0x35, 0x2c, 0x20, 0x30, 0x2e, 0x30, 0x30, 0x34, 0x38, 0x37, 0x39, 0x39, // 59375, 0.0048799
	0x39, 0x39, 0x39, 0x30, 0x35, 0x38, 0x32, 0x34, 0x36, 0x36, 0x31, 0x32, 0x35, 0x34, 0x38, 0x38, // 9990582466125488
	0x32, 0x38, 0x31, 0x32, 0x35, 0x29, 0x2c, 0x20, 0x66, 0x6c, 0x6f, 0x61, 0x74, 0x5b, 0x5d, 0x28, // 28125), float[](
	0x39, 0x2e, 0x38, 0x39, 0x39, 0x39, 0x39, 0x39, 0x37, 0x31, 0x33, 0x35, 0x32, 0x35, 0x31, 0x37, // 9.89999971352517
	0x36, 0x30, 0x34, 0x38, 0x32, 0x37, 0x38, 0x38, 0x30, 0x38, 0x35, 0x39, 0x33, 0x37, 0x35, 0x65, // 604827880859375e
	0x2d, 0x30, 0x35, 0x2c, 0x20, 0x30, 0x2e, 0x30, 0x30, 0x34, 0x38, 0x37, 0x39, 0x39, 0x39, 0x39, // -05, 0.004879999
	0x39, 0x30, 0x35, 0x38, 0x32, 0x34, 0x36, 0x36, 0x31, 0x32, 0x35, 0x34, 0x38, 0x38, 0x32, 0x38, // 9058246612548828
	0x31, 0x32, 0x35, 0x2c, 0x20, 0x30, 0x2e, 0x30, 0x30, 0x34, 0x38, 0x37, 0x39, 0x39, 0x39, 0x39, // 125, 0.004879999
	0x39, 0x30, 0x35, 0x38, 0x32, 0x34, 0x36, 0x36, 0x31, 0x32, 0x35, 0x34, 0x38, 0x38, 0x32, 0x38, // 9058246612548828
	0x31, 0x32, 0x35, 0x2c, 0x20, 0x39, 0x2e, 0x38, 0x39, 0x39, 0x39, 0x39, 0x39, 0x37, 0x31, 0x33, // 125, 9.899999713
	0x35, 0x32, 0x35, 0x31, 0x37, 0x36, 0x30, 0x34, 0x38, 0x32, 0x37, 0x38, 0x38, 0x30, 0x38, 0x35, // 5251760482788085
	0x39, 0x33, 0x37, 0x35, 0x65, 0x2d, 0x30, 0x35, 0x29, 0x29, 0x3b, 0x0a, 0x0a, 0x6c, 0x61, 0x79, // 9375e-05));..lay
	0x6f, 0x75, 0x74, 0x28, 0x6c, 0x6f, 0x63, 0x61, 0x74, 0x69, 0x6f, 0x6e, 0x20, 0x3d, 0x20, 0x30, // out(location = 0
	0x2c, 0x20, 0x62, 0x69, 0x6e, 0x64, 0x69, 0x6e, 0x67, 0x20, 0x3d, 0x20, 0x30, 0x2c, 0x20, 0x72, // , binding = 0, r
	0x67, 0x62, 0x61, 0x38, 0x29, 0x20, 0x75, 0x6e, 0x69, 0x66, 0x6f, 0x72, 0x6d, 0x20, 0x72, 0x65, // gba8) uniform re
	0x61, 0x64, 0x6f, 0x6e, 0x6c, 0x79, 0x20, 0x68, 0x69, 0x67, 0x68, 0x70, 0x20, 0x69, 0x6d, 0x61, // adonly highp ima
	0x67, 0x65, 0x32, 0x44, 0x20, 0x75, 0x5f, 0x53, 0x6f, 0x75, 0x72, 0x63, 0x65, 0x3b, 0x0a, 0x6c, // ge2D u_Source;.l
	0x61, 0x79, 0x6f, 0x75, 0x74, 0x28, 0x6c, 0x6f, 0x63, 0x61, 0x74, 0x69, 0x6f, 0x6e, 0x20, 0x3d, // ayout(location =
	0x20, 0x31, 0x2c, 0x20, 0x62, 0x69, 0x6e, 0x64, 0x69, 0x6e, 0x67, 0x20, 0x3d, 0x20, 0x31, 0x2c, //  1, binding = 1,
	0x20, 0x72, 0x67, 0x62, 0x61, 0x38, 0x29, 0x20, 0x75, 0x6e, 0x69, 0x66, 0x6f, 0x72, 0x6d, 0x20, //  rgba8) uniform 
	0x77, 0x72, 0x69, 0x74, 0x65, 0x6f, 0x6e, 0x6c, 0x79, 0x20, 0x68, 0x69, 0x67, 0x68, 0x70, 0x20, // writeonly highp 
	0x69, 0x6d, 0x61, 0x67, 0x65, 0x32, 0x44, 0x20, 0x75, 0x5f, 0x44, 0x65, 0x73, 0x74, 0x69, 0x6e, // image2D u_Destin
	0x61, 0x74, 0x69, 0x6f, 0x6e, 0x3b, 0x0a, 0x0a, 0x76, 0x6f, 0x69, 0x64, 0x20, 0x6d, 0x61, 0x69, // ation;..void mai
	0x6e, 0x28, 0x29, 0x0a, 0x7b, 0x0a, 0x20, 0x20, 0x20, 0x20, 0x64, 0x6f, 0x0a, 0x20, 0x20, 0x20, // n().{.    do.   
	0x20, 0x7b, 0x0a, 0x20, 0x20, 0x20, 0x20, 0x20, 0x20, 0x20, 0x20, 0x69, 0x76, 0x65, 0x63, 0x32, //  {.        ivec2
	0x20, 0x5f, 0x31, 0x32, 0x30, 0x20, 0x3d, 0x20, 0x69, 0x76, 0x65, 0x63, 0x32, 0x28, 0x67, 0x6c, //  _120 = ivec2(gl
	0x5f, 0x47, 0x6c, 0x6f, 0x62, 0x61, 0x6c, 0x49, 0x6e, 0x76, 0x6f, 0x63, 0x61, 0x74, 0x69, 0x6f, // _GlobalInvocatio
	0x6e, 0x49, 0x44, 0x2e, 0x78, 0x79, 0x29, 0x3b, 0x0a, 0x20, 0x20, 0x20, 0x20, 0x20, 0x20, 0x20, // nID.xy);.       
	0x20, 0x69, 0x76, 0x65, 0x63, 0x32, 0x20, 0x5f, 0x31, 0x32, 0x36, 0x20, 0x3d, 0x20, 0x69, 0x6d, //  ivec2 _126 = im
	0x61, 0x67, 0x65, 0x53, 0x69, 0x7a, 0x65, 0x28, 0x75, 0x5f, 0x53, 0x6f, 0x75, 0x72, 0x63, 0x65, // ageSize(u_Source
	0x29, 0x3b, 0x0a, 0x20, 0x20, 0x20, 0x20, 0x20, 0x20, 0x20, 0x20, 0x69, 0x66, 0x20, 0x28, 0x61, // );.        if (a
	0x6e, 0x79, 0x28, 0x67, 0x72, 0x65, 0x61, 0x74, 0x65, 0x72, 0x54, 0x68, 0x61, 0x6e, 0x45, 0x71, // ny(greaterThanEq
	0x75, 0x61, 0x6c, 0x28, 0x5f, 0x31, 0x32, 0x30, 0x2c, 0x20, 0x69, 0x6d, 0x61, 0x67, 0x65, 0x53, // ual(_120, imageS
	0x69, 0x7a, 0x65, 0x28, 0x75, 0x5f, 0x44, 0x65, 0x73, 0x74, 0x69, 0x6e, 0x61, 0x74, 0x69, 0x6f, // ize(u_Destinatio
	0x6e, 0x29, 0x29, 0x29, 0x29, 0x0a, 0x20, 0x20, 0x20, 0x20, 0x20, 0x20, 0x20, 0x20, 0x7b, 0x0a, // n)))).        {.
	0x20, 0x20, 0x20, 0x20, 0x20, 0x20, 0x20, 0x20, 0x20, 0x20, 0x20, 0x20, 0x62, 0x72, 0x65, 0x61, //             brea
	0x6b, 0x3b, 0x0a, 0x20, 0x20, 0x20, 0x20, 0x20, 0x20, 0x20, 0x20, 0x7d, 0x0a, 0x20, 0x20, 0x20, // k;.        }.   
	0x20, 0x20, 0x20, 0x20, 0x20, 0x69, 0x76, 0x65, 0x63, 0x32, 0x20, 0x5f, 0x31, 0x35, 0x30, 0x20, //      ivec2 _150 
	0x3d, 0x20, 0x28, 0x5f, 0x31, 0x32, 0x30, 0x20, 0x2a, 0x20, 0x69, 0x76, 0x65, 0x63, 0x32, 0x28, // = (_120 * ivec2(
	0x32, 0x29, 0x29, 0x20, 0x2d, 0x20, 0x69, 0x76, 0x65, 0x63, 0x32, 0x28, 0x31, 0x29, 0x3b, 0x0a, // 2)) - ivec2(1);.
	0x20, 0x20, 0x20, 0x20, 0x20, 0x20, 0x20, 0x20, 0x76, 0x65, 0x63, 0x34, 0x20, 0x5f, 0x34, 0x37, //         vec4 _47
	0x33, 0x3b, 0x0a, 0x20, 0x20, 0x20, 0x20, 0x20, 0x20, 0x20, 0x20, 0x66, 0x6c, 0x6f, 0x61, 0x74, // 3;.        float
	0x20, 0x5f, 0x34, 0x37, 0x34, 0x3b, 0x0a, 0x20, 0x20, 0x20, 0x20, 0x20, 0x20, 0x20, 0x20, 0x5f, //  _474;.        _
	0x34, 0x37, 0x34, 0x20, 0x3d, 0x20, 0x30, 0x2e, 0x30, 0x3b, 0x0a, 0x20, 0x20, 0x20, 0x20, 0x20, // 474 = 0.0;.     
	0x20, 0x20, 0x20, 0x5f, 0x34, 0x37, 0x33, 0x20, 0x3d, 0x20, 0x76, 0x65, 0x63, 0x34, 0x28, 0x30, //    _473 = vec4(0
	0x2e, 0x30, 0x29, 0x3b, 0x0a, 0x20, 0x20, 0x20, 0x20, 0x20, 0x20, 0x20, 0x20, 0x76, 0x65, 0x63, // .0);.        vec
	0x34, 0x20, 0x5f, 0x34, 0x39, 0x35, 0x3b, 0x0a, 0x20, 0x20, 0x20, 0x20, 0x20, 0x20, 0x20, 0x20, // 4 _495;.        
	0x66, 0x6c, 0x6f, 0x61, 0x74, 0x20, 0x5f, 0x35, 0x30, 0x38, 0x3b, 0x0a, 0x20, 0x20, 0x20, 0x20, // float _508;.    
	0x20, 0x20, 0x20, 0x20, 0x66, 0x6f, 0x72, 0x20, 0x28, 0x69, 0x6e, 0x74, 0x20, 0x5f, 0x34, 0x37, //     for (int _47
	0x32, 0x20, 0x3d, 0x20, 0x30, 0x3b, 0x20, 0x5f, 0x34, 0x37, 0x32, 0x20, 0x3c, 0x20, 0x34, 0x3b, // 2 = 0; _472 < 4;
	0x20, 0x5f, 0x34, 0x37, 0x34, 0x20, 0x3d, 0x20, 0x5f, 0x35, 0x30, 0x38, 0x2c, 0x20, 0x5f, 0x34, //  _474 = _508, _4
	0x37, 0x33, 0x20, 0x3d, 0x20, 0x5f, 0x34, 0x39, 0x35, 0x2c, 0x20, 0x5f, 0x34, 0x37, 0x32, 0x2b, // 73 = _495, _472+
	0x2b, 0x29, 0x0a, 0x20, 0x20, 0x20, 0x20, 0x20, 0x20, 0x20, 0x20, 0x7b, 0x0a, 0x20, 0x20, 0x20, // +).        {.   
	0x20, 0x20, 0x20, 0x20, 0x20, 0x20, 0x20, 0x20, 0x20, 0x5f, 0x35, 0x30, 0x38, 0x20, 0x3d, 0x20, //          _508 = 
	0x5f, 0x34, 0x37, 0x34, 0x3b, 0x0a, 0x20, 0x20, 0x20, 0x20, 0x20, 0x20, 0x20, 0x20, 0x20, 0x20, // _474;.          
	0x20, 0x20, 0x5f, 0x34, 0x39, 0x35, 0x20, 0x3d, 0x20, 0x5f, 0x34, 0x37, 0x33, 0x3b, 0x0a, 0x20, //   _495 = _473;. 
	0x20, 0x20, 0x20, 0x20, 0x20, 0x20, 0x20, 0x20, 0x20, 0x20, 0x20, 0x76, 0x65, 0x63, 0x34, 0x20, //            vec4 
	0x5f, 0x35, 0x31, 0x32, 0x3b, 0x0a, 0x20, 0x20, 0x20, 0x20, 0x20, 0x20, 0x20, 0x20, 0x20, 0x20, // _512;.          
	0x20, 0x20, 0x66, 0x6c, 0x6f, 0x61, 0x74, 0x20, 0x5f, 0x35, 0x31, 0x35, 0x3b, 0x0a, 0x20, 0x20, //   float _515;.  
	0x20, 0x20, 0x20, 0x20, 0x20, 0x20, 0x20, 0x20, 0x20, 0x20, 0x66, 0x6f, 0x72, 0x20, 0x28, 0x69, //           for (i
	0x6e, 0x74, 0x20, 0x5f, 0x34, 0x37, 0x38, 0x20, 0x3d, 0x20, 0x30, 0x3b, 0x20, 0x5f, 0x34, 0x37, // nt _478 = 0; _47
	0x38, 0x20, 0x3c, 0x20, 0x34, 0x3b, 0x20, 0x5f, 0x35, 0x30, 0x38, 0x20, 0x3d, 0x20, 0x5f, 0x35, // 8 < 4; _508 = _5
	0x31, 0x35, 0x2c, 0x20, 0x5f, 0x34, 0x39, 0x35, 0x20, 0x3d, 0x20, 0x5f, 0x35, 0x31, 0x32, 0x2c, // 15, _495 = _512,
	0x20, 0x5f, 0x34, 0x37, 0x38, 0x2b, 0x2b, 0x29, 0x0a, 0x20, 0x20, 0x20, 0x20, 0x20, 0x20, 0x20, //  _478++).       
	0x20, 0x20, 0x20, 0x20, 0x20, 0x7b, 0x0a, 0x20, 0x20, 0x20, 0x20, 0x20, 0x20, 0x20, 0x20, 0x20, //      {.         
	0x20, 0x20, 0x20, 0x20, 0x20, 0x20, 0x20, 0x69, 0x76, 0x65, 0x63, 0x32, 0x20, 0x5f, 0x31, 0x37, //        ivec2 _17
	0x36, 0x20, 0x3d, 0x20, 0x5f, 0x31, 0x35, 0x30, 0x20, 0x2b, 0x20, 0x69, 0x76, 0x65, 0x63, 0x32, // 6 = _150 + ivec2
	0x28, 0x5f, 0x34, 0x37, 0x38, 0x2c, 0x20, 0x5f, 0x34, 0x37, 0x32, 0x29, 0x3b, 0x0a, 0x20, 0x20, // (_478, _472);.  
	0x20, 0x20, 0x20, 0x20, 0x20, 0x20, 0x20, 0x20, 0x20, 0x20, 0x20, 0x20, 0x20, 0x20, 0x69, 0x6e, //               in
	0x74, 0x20, 0x5f, 0x31, 0x37, 0x38, 0x20, 0x3d, 0x20, 0x5f, 0x31, 0x37, 0x36, 0x2e, 0x78, 0x3b, // t _178 = _176.x;
	0x0a, 0x20, 0x20, 0x20, 0x20, 0x20, 0x20, 0x20, 0x20, 0x20, 0x20, 0x20, 0x20, 0x20, 0x20, 0x20, // .               
	0x20, 0x62, 0x6f, 0x6f, 0x6c, 0x20, 0x5f, 0x31, 0x37, 0x39, 0x20, 0x3d, 0x20, 0x5f, 0x31, 0x37, //  bool _179 = _17
	0x38, 0x20, 0x3e, 0x3d, 0x20, 0x30, 0x3b, 0x0a, 0x20, 0x20, 0x20, 0x20, 0x20, 0x20, 0x20, 0x20, // 8 >= 0;.        
	0x20, 0x20, 0x20, 0x20, 0x20, 0x20, 0x20, 0x20, 0x62, 0x6f, 0x6f, 0x6c, 0x20, 0x5f, 0x31, 0x38, //         bool _18
	0x35, 0x3b, 0x0a, 0x20, 0x20, 0x20, 0x20, 0x20, 0x20, 0x20, 0x20, 0x20, 0x20, 0x20, 0x20, 0x20, // 5;.             
	0x20, 0x20, 0x20, 0x69, 0x66, 0x20, 0x28, 0x5f, 0x31, 0x37, 0x39, 0x29, 0x0a, 0x20, 0x20, 0x20, //    if (_179).   
	0x20, 0x20, 0x20, 0x20, 0x20, 0x20, 0x20, 0x20, 0x20, 0x20, 0x20, 0x20, 0x20, 0x7b, 0x0a, 0x20, //              {. 
	0x20, 0x20, 0x20, 0x20, 0x20, 0x20, 0x20, 0x20, 0x20, 0x20, 0x20, 0x20, 0x20, 0x20, 0x20, 0x20, //                 
	0x20, 0x20, 0x20, 0x5f, 0x31, 0x38, 0x35, 0x20, 0x3d, 0x20, 0x5f, 0x31, 0x37, 0x36, 0x2e, 0x79, //    _185 = _176.y
	0x20, 0x3e, 0x3d, 0x20, 0x30, 0x3b, 0x0a, 0x20, 0x20, 0x20, 0x20, 0x20, 0x20, 0x20, 0x20, 0x20, //  >= 0;.         
	0x20, 0x20, 0x20, 0x20, 0x20, 0x20, 0x20, 0x7d, 0x0a, 0x20, 0x20, 0x20, 0x20, 0x20, 0x20, 0x20, //        }.       
	0x20, 0x20, 0x20, 0x20, 0x20, 0x20, 0x20, 0x20, 0x20, 0x65, 0x6c, 0x73, 0x65, 0x0a, 0x20, 0x20, //          else.  
	0x20, 0x20, 0x20, 0x20, 0x20, 0x20, 0x20, 0x20, 0x20, 0x20, 0x20, 0x20, 0x20, 0x20, 0x7b, 0x0a, //               {.
	0x20, 0x20, 0x20, 0x20, 0x20, 0x20, 0x20, 0x20, 0x20, 0x20, 0x20, 0x20, 0x20, 0x20, 0x20, 0x20, //                 
	0x20, 0x20, 0x20, 0x20, 0x5f, 0x31, 0x38, 0x35, 0x20, 0x3d, 0x20, 0x5f, 0x31, 0x37, 0x39, 0x3b, //     _185 = _179;
	0x0a, 0x20, 0x20, 0x20, 0x20, 0x20, 0x20, 0x20, 0x20, 0x20, 0x20, 0x20, 0x20, 0x20, 0x20, 0x20, // .               
	0x20, 0x7d, 0x0a, 0x20, 0x20, 0x20, 0x20, 0x20, 0x20, 0x20, 0x20, 0x20, 0x20, 0x20, 0x20, 0x20, //  }.             
	0x20, 0x20, 0x20, 0x62, 0x6f, 0x6f, 0x6c, 0x20, 0x5f, 0x31, 0x39, 0x33, 0x3b, 0x0a, 0x20, 0x20, //    bool _193;.  
	0x20, 0x20, 0x20, 0x20, 0x20, 0x20, 0x20, 0x20, 0x20, 0x20, 0x20, 0x20, 0x20, 0x20, 0x69, 0x66, //               if
	0x20, 0x28, 0x5f, 0x31, 0x38, 0x35, 0x29, 0x0a, 0x20, 0x20, 0x20, 0x20, 0x20, 0x20, 0x20, 0x20, //  (_185).        
	0x20, 0x20, 0x20, 0x20, 0x20, 0x20, 0x20, 0x20, 0x7b, 0x0a, 0x20, 0x20, 0x20, 0x20, 0x20, 0x20, //         {.      
	0x20, 0x20, 0x20, 0x20, 0x20, 0x20, 0x20, 0x20, 0x20, 0x20, 0x20, 0x20, 0x20, 0x20, 0x5f, 0x31, //               _1
	0x39, 0x33, 0x20, 0x3d, 0x20, 0x5f, 0x31, 0x37, 0x38, 0x20, 0x3c, 0x20, 0x5f, 0x31, 0x32, 0x36, // 93 = _178 < _126
	0x2e, 0x78, 0x3b, 0x0a, 0x20, 0x20, 0x20, 0x20, 0x20, 0x20, 0x20, 0x20, 0x20, 0x20, 0x20, 0x20, // .x;.            
	0x20, 0x20, 0x20, 0x20, 0x7d, 0x0a, 0x20, 0x20, 0x20, 0x20, 0x20, 0x20, 0x20, 0x20, 0x20, 0x20, //     }.          
	0x20, 0x20, 0x20, 0x20, 0x20, 0x20, 0x65, 0x6c, 0x73, 0x65, 0x0a, 0x20, 0x20, 0x20, 0x20, 0x20, //       else.     
	0x20, 0x20, 0x20, 0x20, 0x20, 0x20, 0x20, 0x20, 0x20, 0x20, 0x20, 0x7b, 0x0a, 0x20, 0x20, 0x20, //            {.   
	0x20, 0x20, 0x20, 0x20, 0x20, 0x20, 0x20, 0x20, 0x20, 0x20, 0x20, 0x20, 0x20, 0x20, 0x20, 0x20, //                 
	0x20, 0x5f, 0x31, 0x39, 0x33, 0x20, 0x3d, 0x20, 0x5f, 0x31, 0x38, 0x35, 0x3b, 0x0a, 0x20, 0x20, //  _193 = _185;.  
	0x20, 0x20, 0x20, 0x20, 0x20, 0x20, 0x20, 0x20, 0x20, 0x20, 0x20, 0x20, 0x20, 0x20, 0x7d, 0x0a, //               }.
	0x20, 0x20, 0x20, 0x20, 0x20, 0x20, 0x20, 0x20, 0x20, 0x20, 0x20, 0x20, 0x20, 0x20, 0x20, 0x20, //                 
	0x62, 0x6f, 0x6f, 0x6c, 0x20, 0x5f, 0x32, 0x30, 0x31, 0x3b, 0x0a, 0x20, 0x20, 0x20, 0x20, 0x20, // bool _201;.     
	0x20, 0x20, 0x20, 0x20, 0x20, 0x20, 0x20, 0x20, 0x20, 0x20, 0x20, 0x69, 0x66, 0x20, 0x28, 0x5f, //            if (_
	0x31, 0x39, 0x33, 0x29, 0x0a, 0x20, 0x20, 0x20, 0x20, 0x20, 0x20, 0x20, 0x20, 0x20, 0x20, 0x20, // 193).           
	0x20, 0x20, 0x20, 0x20, 0x20, 0x7b, 0x0a, 0x20, 0x20, 0x20, 0x20, 0x20, 0x20, 0x20, 0x20, 0x20, //      {.         
	0x20, 0x20, 0x20, 0x20, 0x20, 0x20, 0x20, 0x20, 0x20, 0x20, 0x20, 0x5f, 0x32, 0x30, 0x31, 0x20, //            _201 
	0x3d, 0x20, 0x5f, 0x31, 0x37, 0x36, 0x2e, 0x79, 0x20, 0x3c, 0x20, 0x5f, 0x31, 0x32, 0x36, 0x2e, // = _176.y < _126.
	0x79, 0x3b, 0x0a, 0x20, 0x20, 0x20, 0x20, 0x20, 0x20, 0x20, 0x20, 0x20, 0x20, 0x20, 0x20, 0x20, // y;.             
	0x20, 0x20, 0x20, 0x7d, 0x0a, 0x20, 0x20, 0x20, 0x20, 0x20, 0x20, 0x20, 0x20, 0x20, 0x20, 0x20, //    }.           
	0x20, 0x20, 0x20, 0x20, 0x20, 0x65, 0x6c, 0x73, 0x65, 0x0a, 0x20, 0x20, 0x20, 0x20, 0x20, 0x20, //      else.      
	0x20, 0x20, 0x20, 0x20, 0x20, 0x20, 0x20, 0x20, 0x20, 0x20, 0x7b, 0x0a, 0x20, 0x20, 0x20, 0x20, //           {.    
	0x20, 0x20, 0x20, 0x20, 0x20, 0x20, 0x20, 0x20, 0x20, 0x20, 0x20, 0x20, 0x20, 0x20, 0x20, 0x20, //                 
	0x5f, 0x32, 0x30, 0x31, 0x20, 0x3d, 0x20, 0x5f, 0x31, 0x39, 0x33, 0x3b, 0x0a, 0x20, 0x20, 0x20, // _201 = _193;.   
	0x20, 0x20, 0x20, 0x20, 0x20, 0x20, 0x20, 0x20, 0x20, 0x20, 0x20, 0x20, 0x20, 0x7d, 0x0a, 0x20, //              }. 
	0x20, 0x20, 0x20, 0x20, 0x20, 0x20, 0x20, 0x20, 0x20, 0x20, 0x20, 0x20, 0x20, 0x20, 0x20, 0x69, //                i
	0x66, 0x20, 0x28, 0x5f, 0x32, 0x30, 0x31, 0x29, 0x0a, 0x20, 0x20, 0x20, 0x20, 0x20, 0x20, 0x20, // f (_201).       
	0x20, 0x20, 0x20, 0x20, 0x20, 0x20, 0x20, 0x20, 0x20, 0x7b, 0x0a, 0x20, 0x20, 0x20, 0x20, 0x20, //          {.     
	0x20, 0x20, 0x20, 0x20, 0x20, 0x20, 0x20, 0x20, 0x20, 0x20, 0x20, 0x20, 0x20, 0x20, 0x20, 0x76, //                v
	0x65, 0x63, 0x34, 0x20, 0x5f, 0x32, 0x32, 0x35, 0x20, 0x3d, 0x20, 0x69, 0x6d, 0x61, 0x67, 0x65, // ec4 _225 = image
	0x4c, 0x6f, 0x61, 0x64, 0x28, 0x75, 0x5f, 0x53, 0x6f, 0x75, 0x72, 0x63, 0x65, 0x2c, 0x20, 0x5f, // Load(u_Source, _
	0x31, 0x37, 0x36, 0x29, 0x3b, 0x0a, 0x20, 0x20, 0x20, 0x20, 0x20, 0x20, 0x20, 0x20, 0x20, 0x20, // 176);.          
	0x20, 0x20, 0x20, 0x20, 0x20, 0x20, 0x20, 0x20, 0x20, 0x20, 0x66, 0x6c, 0x6f, 0x61, 0x74, 0x20, //           float 
	0x5f, 0x33, 0x32, 0x32, 0x20, 0x3d, 0x20, 0x5f, 0x32, 0x32, 0x35, 0x2e, 0x78, 0x3b, 0x0a, 0x20, // _322 = _225.x;. 
	0x20, 0x20, 0x20, 0x20, 0x20, 0x20, 0x20, 0x20, 0x20, 0x20, 0x20, 0x20, 0x20, 0x20, 0x20, 0x20, //                 
	0x20, 0x20, 0x20, 0x66, 0x6c, 0x6f, 0x61, 0x74, 0x20, 0x5f, 0x34, 0x38, 0x36, 0x3b, 0x0a, 0x20, //    float _486;. 
	0x20, 0x20, 0x20, 0x20, 0x20, 0x20, 0x20, 0x20, 0x20, 0x20, 0x20, 0x20, 0x20, 0x20, 0x20, 0x20, //                 
	0x20, 0x20, 0x20, 0x64, 0x6f, 0x0a, 0x20, 0x20, 0x20, 0x20, 0x20, 0x20, 0x20, 0x20, 0x20, 0x20, //    do.          
	0x20, 0x20, 0x20, 0x20, 0x20, 0x20, 0x20, 0x20, 0x20, 0x20, 0x7b, 0x0a, 0x20, 0x20, 0x20, 0x20, //           {.    
	0x20, 0x20, 0x20, 0x20, 0x20, 0x20, 0x20, 0x20, 0x20, 0x20, 0x20, 0x20, 0x20, 0x20, 0x20, 0x20, //                 
	0x20, 0x20, 0x20, 0x20, 0x69, 0x66, 0x20, 0x28, 0x5f, 0x33, 0x32, 0x32, 0x20, 0x3c, 0x3d, 0x20, //     if (_322 <= 
	0x30, 0x2e, 0x30, 0x34, 0x30, 0x34, 0x34, 0x39, 0x39, 0x39, 0x39, 0x32, 0x37, 0x32, 0x38, 0x32, // 0.04044999927282
	0x33, 0x33, 0x33, 0x33, 0x37, 0x34, 0x30, 0x32, 0x33, 0x34, 0x33, 0x37, 0x35, 0x29, 0x0a, 0x20, // 3333740234375). 
	0x20, 0x20, 0x20, 0x20, 0x20, 0x20, 0x20, 0x20, 0x20, 0x20, 0x20, 0x20, 0x20, 0x20, 0x20, 0x20, //                 
	0x20, 0x20, 0x20, 0x20, 0x20, 0x20, 0x20, 0x7b, 0x0a, 0x20, 0x20, 0x20, 0x20, 0x20, 0x20, 0x20, //        {.       
	0x20, 0x20, 0x20, 0x20, 0x20, 0x20, 0x20, 0x20, 0x20, 0x20, 0x20, 0x20, 0x20, 0x20, 0x20, 0x20, //                 
	0x20, 0x20, 0x20, 0x20, 0x20, 0x5f, 0x34, 0x38, 0x36, 0x20, 0x3d, 0x20, 0x5f, 0x33, 0x32, 0x32, //      _486 = _322
	0x20, 0x2a, 0x20, 0x30, 0x2e, 0x30, 0x37, 0x37, 0x33, 0x39, 0x39, 0x33, 0x38, 0x30, 0x35, 0x30, //  * 0.07739938050
	0x35, 0x30, 0x38, 0x34, 0x39, 0x39, 0x31, 0x34, 0x35, 0x35, 0x30, 0x37, 0x38, 0x31, 0x32, 0x35, // 5084991455078125
	0x3b, 0x0a, 0x20, 0x20, 0x20, 0x20, 0x20, 0x20, 0x20, 0x20, 0x20, 0x20, 0x20, 0x20, 0x20, 0x20, // ;.              
	0x20, 0x20, 0x20, 0x20, 0x20, 0x20, 0x20, 0x20, 0x20, 0x20, 0x20, 0x20, 0x20, 0x20, 0x62, 0x72, //               br
	0x65, 0x61, 0x6b, 0x3b, 0x0a, 0x20, 0x20, 0x20, 0x20, 0x20, 0x20, 0x20, 0x20, 0x20, 0x20, 0x20, // eak;.           
	0x20, 0x20, 0x20, 0x20, 0x20, 0x20, 0x20, 0x20, 0x20, 0x20, 0x20, 0x20, 0x20, 0x7d, 0x0a, 0x20, //              }. 
	0x20, 0x20, 0x20, 0x20, 0x20, 0x20, 0x20, 0x20, 0x20, 0x20, 0x20, 0x20, 0x20, 0x20, 0x20, 0x20, //                 
	0x20, 0x20, 0x20, 0x20, 0x20, 0x20, 0x20, 0x65, 0x6c, 0x73, 0x65, 0x0a, 0x20, 0x20, 0x20, 0x20, //        else.    
	0x20, 0x20, 0x20, 0x20, 0x20, 0x20, 0x20, 0x20, 0x20, 0x20, 0x20, 0x20, 0x20, 0x20, 0x20, 0x20, //                 
	0x20, 0x20, 0x20, 0x20, 0x7b, 0x0a, 0x20, 0x20, 0x20, 0x20, 0x20, 0x20, 0x20, 0x20, 0x20, 0x20, //     {.          
	0x20, 0x20, 0x20, 0x20, 0x20, 0x20, 0x20, 0x20, 0x20, 0x20, 0x20, 0x20, 0x20, 0x20, 0x20, 0x20, //                 
	0x20, 0x20, 0x5f, 0x34, 0x38, 0x36, 0x20, 0x3d, 0x20, 0x70, 0x6f, 0x77, 0x28, 0x28, 0x5f, 0x33, //   _486 = pow((_3
	0x32, 0x32, 0x20, 0x2a, 0x20, 0x30, 0x2e, 0x39, 0x34, 0x37, 0x38, 0x36, 0x37, 0x32, 0x37, 0x34, // 22 * 0.947867274
	0x32, 0x38, 0x34, 0x33, 0x36, 0x32, 0x37, 0x39, 0x32, 0x39, 0x36, 0x38, 0x37, 0x35, 0x29, 0x20, // 28436279296875) 
	0x2b, 0x20, 0x30, 0x2e, 0x30, 0x35, 0x32, 0x31, 0x33, 0x32, 0x36, 0x39, 0x39, 0x36, 0x33, 0x38, // + 0.052132699638
	0x36, 0x30, 0x35, 0x31, 0x31, 0x37, 0x37, 0x39, 0x37, 0x38, 0x35, 0x31, 0x35, 0x36, 0x32, 0x35, // 6051177978515625
	0x2c, 0x20, 0x32, 0x2e, 0x34, 0x30, 0x30, 0x30, 0x30, 0x30, 0x30, 0x39, 0x35, 0x33, 0x36, 0x37, // , 2.400000095367
	0x34, 0x33, 0x31, 0x36, 0x34, 0x30, 0x36, 0x32, 0x35, 0x29, 0x3b, 0x0a, 0x20, 0x20, 0x20, 0x20, // 431640625);.    
	0x20, 0x20, 0x20, 0x20, 0x20, 0x20, 0x20, 0x20, 0x20, 0x20, 0x20, 0x20, 0x20, 0x20, 0x20, 0x20, //                 
	0x20, 0x20, 0x20, 0x20, 0x20, 0x20, 0x20, 0x20, 0x62, 0x72, 0x65, 0x61, 0x6b, 0x3b, 0x0a, 0x20, //         break;. 
	0x20, 0x20, 0x20, 0x20, 0x20, 0x20, 0x20, 0x20, 0x20, 0x20, 0x20, 0x20, 0x20, 0x20, 0x20, 0x20, //                 
	0x20, 0x20, 0x20, 0x20, 0x20, 0x20, 0x20, 0x7d, 0x0a, 0x20, 0x20, 0x20, 0x20, 0x20, 0x20, 0x20, //        }.       
	0x20, 0x20, 0x20, 0x20, 0x20, 0x20, 0x20, 0x20, 0x20, 0x20, 0x20, 0x20, 0x20, 0x20, 0x20, 0x20, //                 
	0x20, 0x62, 0x72, 0x65, 0x61, 0x6b, 0x3b, 0x20, 0x2f, 0x2f, 0x20, 0x75, 0x6e, 0x72, 0x65, 0x61, //  break; // unrea
	0x63, 0x68, 0x61, 0x62, 0x6c, 0x65, 0x20, 0x77, 0x6f, 0x72, 0x6b, 0x61, 0x72, 0x6f, 0x75, 0x6e, // chable workaroun
	0x64, 0x0a, 0x20, 0x20, 0x20, 0x20, 0x20, 0x20, 0x20, 0x20, 0x20, 0x20, 0x20, 0x20, 0x20, 0x20, // d.              
	0x20, 0x20, 0x20, 0x20, 0x20, 0x20, 0x7d, 0x20, 0x77, 0x68, 0x69, 0x6c, 0x65, 0x28, 0x66, 0x61, //       } while(fa
	0x6c, 0x73, 0x65, 0x29, 0x3b, 0x0a, 0x20, 0x20, 0x20, 0x20, 0x20, 0x20, 0x20, 0x20, 0x20, 0x20, // lse);.          
	0x20, 0x20, 0x20, 0x20, 0x20, 0x20, 0x20, 0x20, 0x20, 0x20, 0x66, 0x6c, 0x6f, 0x61, 0x74, 0x20, //           float 
	0x5f, 0x33, 0x32, 0x35, 0x20, 0x3d, 0x20, 0x5f, 0x32, 0x32, 0x35, 0x2e, 0x79, 0x3b, 0x0a, 0x20, // _325 = _225.y;. 
	0x20, 0x20, 0x20, 0x20, 0x20, 0x20, 0x20, 0x20, 0x20, 0x20, 0x20, 0x20, 0x20, 0x20, 0x20, 0x20, //                 
	0x20, 0x20, 0x20, 0x66, 0x6c, 0x6f, 0x61, 0x74, 0x20, 0x5f, 0x34, 0x38, 0x37, 0x3b, 0x0a, 0x20, //    float _487;. 
	0x20, 0x20, 0x20, 0x20, 0x20, 0x20, 0x20, 0x20, 0x20, 0x20, 0x20, 0x20, 0x20, 0x20, 0x20, 0x20, //                 
	0x20, 0x20, 0x20, 0x64, 0x6f, 0x0a, 0x20, 0x20, 0x20, 0x20, 0x20, 0x20, 0x20, 0x20, 0x20, 0x20, //    do.          
	0x20, 0x20, 0x20, 0x20, 0x20, 0x20, 0x20, 0x20, 0x20, 0x20, 0x7b, 0x0a, 0x20, 0x20, 0x20, 0x20, //           {.    
	0x20, 0x20, 0x20, 0x20, 0x20, 0x20, 0x20, 0x20, 0x20, 0x20, 0x20, 0x20, 0x20, 0x20, 0x20, 0x20, //                 
	0x20, 0x20, 0x20, 0x20, 0x69, 0x66, 0x20, 0x28, 0x5f, 0x33, 0x32, 0x35, 0x20, 0x3c, 0x3d, 0x20, //     if (_325 <= 
	0x30, 0x2e, 0x30, 0x34, 0x30, 0x34, 0x34, 0x39, 0x39, 0x39, 0x39, 0x32, 0x37, 0x32, 0x38, 0x32, // 0.04044999927282
	0x33, 0x33, 0x33, 0x33, 0x37, 0x34, 0x30, 0x32, 0x33, 0x34, 0x33, 0x37, 0x35, 0x29, 0x0a, 0x20, // 3333740234375). 
	0x20, 0x20, 0x20, 0x20, 0x20, 0x20, 0x20, 0x20, 0x20, 0x20, 0x20, 0x20, 0x20, 0x20, 0x20, 0x20, //                 
	0x20, 0x20, 0x20, 0x20, 0x20, 0x20, 0x20, 0x7b, 0x0a, 0x20, 0x20, 0x20, 0x20, 0x20, 0x20, 0x20, //        {.       
	0x20, 0x20, 0x20, 0x20, 0x20, 0x20, 0x20, 0x20, 0x20, 0x20, 0x20, 0x20, 0x20, 0x20, 0x20, 0x20, //                 
	0x20, 0x20, 0x20, 0x20, 0x20, 0x5f, 0x34, 0x38, 0x37, 0x20, 0x3d, 0x20, 0x5f, 0x33, 0x32, 0x35, //      _487 = _325
	0x20, 0x2a, 0x20, 0x30, 0x2e, 0x30, 0x37, 0x37, 0x33, 0x39, 0x39, 0x33, 0x38, 0x30, 0x35, 0x30, //  * 0.07739938050
	0x35, 0x30, 0x38, 0x34, 0x39, 0x39, 0x31, 0x34, 0x35, 0x35, 0x30, 0x37, 0x38, 0x31, 0x32, 0x35, // 5084991455078125
	0x3b, 0x0a, 0x20, 0x20, 0x20, 0x20, 0x20, 0x20, 0x20, 0x20, 0x20, 0x20, 0x20, 0x20, 0x20, 0x20, // ;.              
	0x20, 0x20, 0x20, 0x20, 0x20, 0x20, 0x20, 0x20, 0x20, 0x20, 0x20, 0x20, 0x20, 0x20, 0x62, 0x72, //               br
	0x65, 0x61, 0x6b, 0x3b, 0x0a, 0x20, 0x20, 0x20, 0x20, 0x20, 0x20, 0x20, 0x20, 0x20, 0x20, 0x20, // eak;.           
	0x20, 0x20, 0x20, 0x20, 0x20, 0x20, 0x20, 0x20, 0x20, 0x20, 0x20, 0x20, 0x20, 0x7d, 0x0a, 0x20, //              }. 
	0x20, 0x20, 0x20, 0x20, 0x20, 0x20, 0x20, 0x20, 0x20, 0x20, 0x20, 0x20, 0x20, 0x20, 0x20, 0x20, //                 
	0x20, 0x20, 0x20, 0x20, 0x20, 0x20, 0x20, 0x65, 0x6c, 0x73, 0x65, 0x0a, 0x20, 0x20, 0x20, 0x20, //        else.    
	0x20, 0x20, 0x20, 0x20, 0x20, 0x20, 0x20, 0x20, 0x20, 0x20, 0x20, 0x20, 0x20, 0x20, 0x20, 0x20, //                 
	0x20, 0x20, 0x20, 0x20, 0x7b, 0x0a, 0x20, 0x20, 0x20, 0x20, 0x20, 0x20, 0x20, 0x20, 0x20, 0x20, //     {.          
	0x20, 0x20, 0x20, 0x20, 0x20, 0x20, 0x20, 0x20, 0x20, 0x20, 0x20, 0x20, 0x20, 0x20, 0x20, 0x20, //                 
	0x20, 0x20, 0x5f, 0x34, 0x38, 0x37, 0x20, 0x3d, 0x20, 0x70, 0x6f, 0x77, 0x28, 0x28, 0x5f, 0x33, //   _487 = pow((_3
	0x32, 0x35, 0x20, 0x2a, 0x20, 0x30, 0x2e, 0x39, 0x34, 0x37, 0x38, 0x36, 0x37, 0x32, 0x37, 0x34, // 25 * 0.947867274
	0x32, 0x38, 0x34, 0x33, 0x36, 0x32, 0x37, 0x39, 0x32, 0x39, 0x36, 0x38, 0x37, 0x35, 0x29, 0x20, // 28436279296875) 
	0x2b, 0x20, 0x30, 0x2e, 0x30, 0x35, 0x32, 0x31, 0x33, 0x32, 0x36, 0x39, 0x39, 0x36, 0x33, 0x38, // + 0.052132699638
	0x36, 0x30, 0x35, 0x31, 0x31, 0x37, 0x37, 0x39, 0x37, 0x38, 0x35, 0x31, 0x35, 0x36, 0x32, 0x35, // 6051177978515625
	0x2c, 0x20, 0x32, 0x2e, 0x34, 0x30, 0x30, 0x30, 0x30, 0x30, 0x30, 0x39, 0x35, 0x33, 0x36, 0x37, // , 2.400000095367
	0x34, 0x33, 0x31, 0x36, 0x34, 0x30, 0x36, 0x32, 0x35, 0x29, 0x3b, 0x0a, 0x20, 0x20, 0x20, 0x20, // 431640625);.    
	0x20, 0x20, 0x20, 0x20, 0x20, 0x20, 0x20, 0x20, 0x20, 0x20, 0x20, 0x20, 0x20, 0x20, 0x20, 0x20, //                 
	0x20, 0x20, 0x20, 0x20, 0x20, 0x20, 0x20, 0x20, 0x62, 0x72, 0x65, 0x61, 0x6b, 0x3b, 0x0a, 0x20, //         break;. 
	0x20, 0x20, 0x20, 0x20, 0x20, 0x20, 0x20, 0x20, 0x20, 0x20, 0x20, 0x20, 0x20, 0x20, 0x20, 0x20, //                 
	0x20, 0x20, 0x20, 0x20, 0x20, 0x20, 0x20, 0x7d, 0x0a, 0x20, 0x20, 0x20, 0x20, 0x20, 0x20, 0x20, //        }.       
	0x20, 0x20, 0x20, 0x20, 0x20, 0x20, 0x20, 0x20, 0x20, 0x20, 0x20, 0x20, 0x20, 0x20, 0x20, 0x20, //                 
	0x20, 0x62, 0x72, 0x65, 0x61, 0x6b, 0x3b, 0x20, 0x2f, 0x2f, 0x20, 0x75, 0x6e, 0x72, 0x65, 0x61, //  break; // unrea
	0x63, 0x68, 0x61, 0x62, 0x6c, 0x65, 0x20, 0x77, 0x6f, 0x72, 0x6b, 0x61, 0x72, 0x6f, 0x75, 0x6e, // chable workaroun
	0x64, 0x0a, 0x20, 0x20, 0x20, 0x20, 0x20, 0x20, 0x20, 0x20, 0x20, 0x20, 0x20, 0x20, 0x20, 0x20, // d.              
	0x20, 0x20, 0x20, 0x20, 0x20, 0x20, 0x7d, 0x20, 0x77, 0x68, 0x69, 0x6c, 0x65, 0x28, 0x66, 0x61, //       } while(fa
	0x6c, 0x73, 0x65, 0x29, 0x3b, 0x0a, 0x20, 0x20, 0x20, 0x20, 0x20, 0x20, 0x20, 0x20, 0x20, 0x20, // lse);.          
	0x20, 0x20, 0x20, 0x20, 0x20, 0x20, 0x20, 0x20, 0x20, 0x20, 0x66, 0x6c, 0x6f, 0x61, 0x74, 0x20, //           float 
	0x5f, 0x33, 0x32, 0x38, 0x20, 0x3d, 0x20, 0x5f, 0x32, 0x32, 0x35, 0x2e, 0x7a, 0x3b, 0x0a, 0x20, // _328 = _225.z;. 
	0x20, 0x20, 0x20, 0x20, 0x20, 0x20, 0x20, 0x20, 0x20, 0x20, 0x20, 0x20, 0x20, 0x20, 0x20, 0x20, //                 
	0x20, 0x20, 0x20, 0x66, 0x6c, 0x6f, 0x61, 0x74, 0x20, 0x5f, 0x34, 0x38, 0x38, 0x3b, 0x0a, 0x20, //    float _488;. 
	0x20, 0x20, 0x20, 0x20, 0x20, 0x20, 0x20, 0x20, 0x20, 0x20, 0x20, 0x20, 0x20, 0x20, 0x20, 0x20, //                 
	0x20, 0x20, 0x20, 0x64, 0x6f, 0x0a, 0x20, 0x20, 0x20, 0x20, 0x20, 0x20, 0x20, 0x20, 0x20, 0x20, //    do.          
	0x20, 0x20, 0x20, 0x20, 0x20, 0x20, 0x20, 0x20, 0x20, 0x20, 0x7b, 0x0a, 0x20, 0x20, 0x20, 0x20, //           {.    
	0x20, 0x20, 0x20, 0x20, 0x20, 0x20, 0x20, 0x20, 0x20, 0x20, 0x20, 0x20, 0x20, 0x20, 0x20, 0x20, //                 
	0x20, 0x20, 0x20, 0x20, 0x69, 0x66, 0x20, 0x28, 0x5f, 0x33, 0x32, 0x38, 0x20, 0x3c, 0x3d, 0x20, //     if (_328 <= 
	0x30, 0x2e, 0x30, 0x34, 0x30, 0x34, 0x34, 0x39, 0x39, 0x39, 0x39, 0x32, 0x37, 0x32, 0x38, 0x32, // 0.04044999927282
	0x33, 0x33, 0x33, 0x33, 0x37, 0x34, 0x30, 0x32, 0x33, 0x34, 0x33, 0x37, 0x35, 0x29, 0x0a, 0x20, // 3333740234375). 
	0x20, 0x20, 0x20, 0x20, 0x20, 0x20, 0x20, 0x20, 0x20, 0x20, 0x20, 0x20, 0x20, 0x20, 0x20, 0x20, //                 
	0x20, 0x20, 0x20, 0x20, 0x20, 0x20, 0x20, 0x7b, 0x0a, 0x20, 0x20, 0x20, 0x20, 0x20, 0x20, 0x20, //        {.       
	0x20, 0x20, 0x20, 0x20, 0x20, 0x20, 0x20, 0x20, 0x20, 0x20, 0x20, 0x20, 0x20, 0x20, 0x20, 0x20, //                 
	0x20, 0x20, 0x20, 0x20, 0x20, 0x5f, 0x34, 0x38, 0x38, 0x20, 0x3d, 0x20, 0x5f, 0x33, 0x32, 0x38, //      _488 = _328
	0x20, 0x2a, 0x20, 0x30, 0x2e, 0x30, 0x37, 0x37, 0x33, 0x39, 0x39, 0x33, 0x38, 0x30, 0x35, 0x30, //  * 0.07739938050
	0x35, 0x30, 0x38, 0x34, 0x39, 0x39, 0x31, 0x34, 0x35, 0x35, 0x30, 0x37, 0x38, 0x31, 0x32, 0x35, // 5084991455078125
	0x3b, 0x0a, 0x20, 0x20, 0x20, 0x20, 0x20, 0x20, 0x20, 0x20, 0x20, 0x20, 0x20, 0x20, 0x20, 0x20, // ;.              
	0x20, 0x20, 0x20, 0x20, 0x20, 0x20, 0x20, 0x20, 0x20, 0x20, 0x20, 0x20, 0x20, 0x20, 0x62, 0x72, //               br
	0x65, 0x61, 0x6b, 0x3b, 0x0a, 0x20, 0x20, 0x20, 0x20, 0x20, 0x20, 0x20, 0x20, 0x20, 0x20, 0x20, // eak;.           
	0x20, 0x20, 0x20, 0x20, 0x20, 0x20, 0x20, 0x20, 0x20, 0x20, 0x20, 0x20, 0x20, 0x7d, 0x0a, 0x20, //              }. 
	0x20, 0x20, 0x20, 0x20, 0x20, 0x20, 0x20, 0x20, 0x20, 0x20, 0x20, 0x20, 0x20, 0x20, 0x20, 0x20, //                 
	0x20, 0x20, 0x20, 0x20, 0x20, 0x20, 0x20, 0x65, 0x6c, 0x73, 0x65, 0x0a, 0x20, 0x20, 0x20, 0x20, //        else.    
	0x20, 0x20, 0x20, 0x20, 0x20, 0x20, 0x20, 0x20, 0x20, 0x20, 0x20, 0x20, 0x20, 0x20, 0x20, 0x20, //                 
	0x20, 0x20, 0x20, 0x20, 0x7b, 0x0a, 0x20, 0x20, 0x20, 0x20, 0x20, 0x20, 0x20, 0x20, 0x20, 0x20, //     {.          
	0x20, 0x20, 0x20, 0x20, 0x20, 0x20, 0x20, 0x20, 0x20, 0x20, 0x20, 0x20, 0x20, 0x20, 0x20, 0x20, //                 
	0x20, 0x20, 0x5f, 0x34, 0x38, 0x38, 0x20, 0x3d, 0x20, 0x70, 0x6f, 0x77, 0x28, 0x28, 0x5f, 0x33, //   _488 = pow((_3
	0x32, 0x38, 0x20, 0x2a, 0x20, 0x30, 0x2e, 0x39, 0x34, 0x37, 0x38, 0x36, 0x37, 0x32, 0x37, 0x34, // 28 * 0.947867274
	0x32, 0x38, 0x34, 0x33, 0x36, 0x32, 0x37, 0x39, 0x32, 0x39, 0x36, 0x38, 0x37, 0x35, 0x29, 0x20, // 28436279296875) 
	0x2b, 0x20, 0x30, 0x2e, 0x30, 0x35, 0x32, 0x31, 0x33, 0x32, 0x36, 0x39, 0x39, 0x36, 0x33, 0x38, // + 0.052132699638
	0x36, 0x30, 0x35, 0x31, 0x31, 0x37, 0x37, 0x39, 0x37, 0x38, 0x35, 0x31, 0x35, 0x36, 0x32, 0x35, // 6051177978515625
	0x2c, 0x20, 0x32, 0x2e, 0x34, 0x30, 0x30, 0x30, 0x30, 0x30, 0x30, 0x39, 0x35, 0x33, 0x36, 0x37, // , 2.400000095367
	0x34, 0x33, 0x31, 0x36, 0x34, 0x30, 0x36, 0x32, 0x35, 0x29, 0x3b, 0x0a, 0x20, 0x20, 0x20, 0x20, // 431640625);.    
	0x20, 0x20, 0x20, 0x20, 0x20, 0x20, 0x20, 0x20, 0x20, 0x20, 0x20, 0x20, 0x20, 0x20, 0x20, 0x20, //                 
	0x20, 0x20, 0x20, 0x20, 0x20, 0x20, 0x20, 0x20, 0x62, 0x72, 0x65, 0x61, 0x6b, 0x3b, 0x0a, 0x20, //         break;. 
	0x20, 0x20, 0x20, 0x20, 0x20, 0x20, 0x20, 0x20, 0x20, 0x20, 0x20, 0x20, 0x20, 0x20, 0x20, 0x20, //                 
	0x20, 0x20, 0x20, 0x20, 0x20, 0x20, 0x20, 0x7d, 0x0a, 0x20, 0x20, 0x20, 0x20, 0x20, 0x20, 0x20, //        }.       
	0x20, 0x20, 0x20, 0x20, 0x20, 0x20, 0x20, 0x20, 0x20, 0x20, 0x20, 0x20, 0x20, 0x20, 0x20, 0x20, //                 
	0x20, 0x62, 0x72, 0x65, 0x61, 0x6b, 0x3b, 0x20, 0x2f, 0x2f, 0x20, 0x75, 0x6e, 0x72, 0x65, 0x61, //  break; // unrea
	0x63, 0x68, 0x61, 0x62, 0x6c, 0x65, 0x20, 0x77, 0x6f, 0x72, 0x6b, 0x61, 0x72, 0x6f, 0x75, 0x6e, // chable workaroun
	0x64, 0x0a, 0x20, 0x20, 0x20, 0x20, 0x20, 0x20, 0x20, 0x20, 0x20, 0x20, 0x20, 0x20, 0x20, 0x20, // d.              
	0x20, 0x20, 0x20, 0x20, 0x20, 0x20, 0x7d, 0x20, 0x77, 0x68, 0x69, 0x6c, 0x65, 0x28, 0x66, 0x61, //       } while(fa
	0x6c, 0x73, 0x65, 0x29, 0x3b, 0x0a, 0x20, 0x20, 0x20, 0x20, 0x20, 0x20, 0x20, 0x20, 0x20, 0x20, // lse);.          
	0x20, 0x20, 0x20, 0x20, 0x20, 0x20, 0x20, 0x20, 0x20, 0x20, 0x5f, 0x35, 0x31, 0x35, 0x20, 0x3d, //           _515 =
	0x20, 0x5f, 0x35, 0x30, 0x38, 0x20, 0x2b, 0x20, 0x5f, 0x32, 0x31, 0x32, 0x5b, 0x5f, 0x34, 0x37, //  _508 + _212[_47
	0x38, 0x5d, 0x5b, 0x5f, 0x34, 0x37, 0x32, 0x5d, 0x3b, 0x0a, 0x20, 0x20, 0x20, 0x20, 0x20, 0x20, // 8][_472];.      
	0x20, 0x20, 0x20, 0x20, 0x20, 0x20, 0x20, 0x20, 0x20, 0x20, 0x20, 0x20, 0x20, 0x20, 0x5f, 0x35, //               _5
	0x31, 0x32, 0x20, 0x3d, 0x20, 0x5f, 0x34, 0x39, 0x35, 0x20, 0x2b, 0x20, 0x28, 0x76, 0x65, 0x63, // 12 = _495 + (vec
	0x34, 0x28, 0x5f, 0x34, 0x38, 0x36, 0x2c, 0x20, 0x5f, 0x34, 0x38, 0x37, 0x2c, 0x20, 0x5f, 0x34, // 4(_486, _487, _4
	0x38, 0x38, 0x2c, 0x20, 0x5f, 0x32, 0x32, 0x35, 0x2e, 0x77, 0x29, 0x20, 0x2a, 0x20, 0x5f, 0x32, // 88, _225.w) * _2
	0x31, 0x32, 0x5b, 0x5f, 0x34, 0x37, 0x38, 0x5d, 0x5b, 0x5f, 0x34, 0x37, 0x32, 0x5d, 0x29, 0x3b, // 12[_478][_472]);
	0x0a, 0x20, 0x20, 0x20, 0x20, 0x20, 0x20, 0x20, 0x20, 0x20, 0x20, 0x20, 0x20, 0x20, 0x20, 0x20, // .               
	0x20, 0x7d, 0x0a, 0x20, 0x20, 0x20, 0x20, 0x20, 0x20, 0x20, 0x20, 0x20, 0x20, 0x20, 0x20, 0x20, //  }.             
	0x20, 0x20, 0x20, 0x65, 0x6c, 0x73, 0x65, 0x0a, 0x20, 0x20, 0x20, 0x20, 0x20, 0x20, 0x20, 0x20, //    else.        
	0x20, 0x20, 0x20, 0x20, 0x20, 0x20, 0x20, 0x20, 0x7b, 0x0a, 0x20, 0x20, 0x20, 0x20, 0x20, 0x20, //         {.      
	0x20, 0x20, 0x20, 0x20, 0x20, 0x20, 0x20, 0x20, 0x20, 0x20, 0x20, 0x20, 0x20, 0x20, 0x5f, 0x35, //               _5
	0x31, 0x35, 0x20, 0x3d, 0x20, 0x5f, 0x35, 0x30, 0x38, 0x3b, 0x0a, 0x20, 0x20, 0x20, 0x20, 0x20, // 15 = _508;.     
	0x20, 0x20, 0x20, 0x20, 0x20, 0x20, 0x20, 0x20, 0x20, 0x20, 0x20, 0x20, 0x20, 0x20, 0x20, 0x5f, //                _
	0x35, 0x31, 0x32, 0x20, 0x3d, 0x20, 0x5f, 0x34, 0x39, 0x35, 0x3b, 0x0a, 0x20, 0x20, 0x20, 0x20, // 512 = _495;.    
	0x20, 0x20, 0x20, 0x20, 0x20, 0x20, 0x20, 0x20, 0x20, 0x20, 0x20, 0x20, 0x7d, 0x0a, 0x20, 0x20, //             }.  
	0x20, 0x20, 0x20, 0x20, 0x20, 0x20, 0x20, 0x20, 0x20, 0x20, 0x7d, 0x0a, 0x20, 0x20, 0x20, 0x20, //           }.    
	0x20, 0x20, 0x20, 0x20, 0x7d, 0x0a, 0x20, 0x20, 0x20, 0x20, 0x20, 0x20, 0x20, 0x20, 0x76, 0x65, //     }.        ve
	0x63, 0x34, 0x20, 0x5f, 0x32, 0x34, 0x35, 0x20, 0x3d, 0x20, 0x5f, 0x34, 0x37, 0x33, 0x20, 0x2f, // c4 _245 = _473 /
	0x20, 0x76, 0x65, 0x63, 0x34, 0x28, 0x5f, 0x34, 0x37, 0x34, 0x29, 0x3b, 0x0a, 0x20, 0x20, 0x20, //  vec4(_474);.   
	0x20, 0x20, 0x20, 0x20, 0x20, 0x66, 0x6c, 0x6f, 0x61, 0x74, 0x20, 0x5f, 0x33, 0x39, 0x33, 0x20, //      float _393 
	0x3d, 0x20, 0x5f, 0x32, 0x34, 0x35, 0x2e, 0x78, 0x3b, 0x0a, 0x20, 0x20, 0x20, 0x20, 0x20, 0x20, // = _245.x;.      
	0x20, 0x20, 0x66, 0x6c, 0x6f, 0x61, 0x74, 0x20, 0x5f, 0x34, 0x37, 0x35, 0x3b, 0x0a, 0x20, 0x20, //   float _475;.  
	0x20, 0x20, 0x20, 0x20, 0x20, 0x20, 0x64, 0x6f, 0x0a, 0x20, 0x20, 0x20, 0x20, 0x20, 0x20, 0x20, //       do.       
	0x20, 0x7b, 0x0a, 0x20, 0x20, 0x20, 0x20, 0x20, 0x20, 0x20, 0x20, 0x20, 0x20, 0x20, 0x20, 0x69, //  {.            i
	0x66, 0x20, 0x28, 0x5f, 0x33, 0x39, 0x33, 0x20, 0x3c, 0x3d, 0x20, 0x30, 0x2e, 0x30, 0x30, 0x33, // f (_393 <= 0.003
	0x31, 0x33, 0x30, 0x38, 0x30, 0x30, 0x30, 0x39, 0x30, 0x37, 0x33, 0x30, 0x31, 0x39, 0x30, 0x32, // 1308000907301902
	0x37, 0x37, 0x30, 0x39, 0x39, 0x36, 0x30, 0x39, 0x33, 0x37, 0x35, 0x29, 0x0a, 0x20, 0x20, 0x20, // 77099609375).   
	0x20, 0x20, 0x20, 0x20, 0x20, 0x20, 0x20, 0x20, 0x20, 0x7b, 0x0a, 0x20, 0x20, 0x20, 0x20, 0x20, //          {.     
	0x20, 0x20, 0x20, 0x20, 0x20, 0x20, 0x20, 0x20, 0x20, 0x20, 0x20, 0x5f, 0x34, 0x37, 0x35, 0x20, //            _475 
	0x3d, 0x20, 0x31, 0x32, 0x2e, 0x39, 0x32, 0x30, 0x30, 0x30, 0x30, 0x30, 0x37, 0x36, 0x32, 0x39, // = 12.92000007629
	0x33, 0x39, 0x34, 0x35, 0x33, 0x31, 0x32, 0x35, 0x20, 0x2a, 0x20, 0x5f, 0x33, 0x39, 0x33, 0x3b, // 39453125 * _393;
	0x0a, 0x20, 0x20, 0x20, 0x20, 0x20, 0x20, 0x20, 0x20, 0x20, 0x20, 0x20, 0x20, 0x20, 0x20, 0x20, // .               
	0x20, 0x62, 0x72, 0x65, 0x61, 0x6b, 0x3b, 0x0a, 0x20, 0x20, 0x20, 0x20, 0x20, 0x20, 0x20, 0x20, //  break;.        
	0x20, 0x20, 0x20, 0x20, 0x7d, 0x0a, 0x20, 0x20, 0x20, 0x20, 0x20, 0x20, 0x20, 0x20, 0x20, 0x20, //     }.          
	0x20, 0x20, 0x65, 0x6c, 0x73, 0x65, 0x0a, 0x20, 0x20, 0x20, 0x20, 0x20, 0x20, 0x20, 0x20, 0x20, //   else.         
	0x20, 0x20, 0x20, 0x7b, 0x0a, 0x20, 0x20, 0x20, 0x20, 0x20, 0x20, 0x20, 0x20, 0x20, 0x20, 0x20, //    {.           
	0x20, 0x20, 0x20, 0x20, 0x20, 0x5f, 0x34, 0x37, 0x35, 0x20, 0x3d, 0x20, 0x28, 0x31, 0x2e, 0x30, //      _475 = (1.0
	0x35, 0x34, 0x39, 0x39, 0x39, 0x39, 0x34, 0x37, 0x35, 0x34, 0x37, 0x39, 0x31, 0x32, 0x35, 0x39, // 5499994754791259
	0x37, 0x36, 0x35, 0x36, 0x32, 0x35, 0x20, 0x2a, 0x20, 0x70, 0x6f, 0x77, 0x28, 0x5f, 0x33, 0x39, // 765625 * pow(_39
	0x33, 0x2c, 0x20, 0x30, 0x2e, 0x34, 0x31, 0x36, 0x36, 0x36, 0x36, 0x36, 0x35, 0x36, 0x37, 0x33, // 3, 0.41666665673
	0x32, 0x35, 0x35, 0x39, 0x32, 0x30, 0x34, 0x31, 0x30, 0x31, 0x35, 0x36, 0x32, 0x35, 0x29, 0x29, // 25592041015625))
	0x20, 0x2d, 0x20, 0x30, 0x2e, 0x30, 0x35, 0x34, 0x39, 0x39, 0x39, 0x39, 0x39, 0x39, 0x37, 0x30, //  - 0.05499999970
	0x31, 0x39, 0x37, 0x36, 0x37, 0x37, 0x36, 0x31, 0x32, 0x33, 0x30, 0x34, 0x36, 0x38, 0x37, 0x35, // 1976776123046875
	0x3b, 0x0a, 0x20, 0x20, 0x20, 0x20, 0x20, 0x20, 0x20, 0x20, 0x20, 0x20, 0x20, 0x20, 0x20, 0x20, // ;.              
	0x20, 0x20, 0x62, 0x72, 0x65, 0x61, 0x6b, 0x3b, 0x0a, 0x20, 0x20, 0x20, 0x20, 0x20, 0x20, 0x20, //   break;.       
	0x20, 0x20, 0x20, 0x20, 0x20, 0x7d, 0x0a, 0x20, 0x20, 0x20, 0x20, 0x20, 0x20, 0x20, 0x20, 0x20, //      }.         
	0x20, 0x20, 0x20, 0x62, 0x72, 0x65, 0x61, 0x6b, 0x3b, 0x20, 0x2f, 0x2f, 0x20, 0x75, 0x6e, 0x72, //    break; // unr
	0x65, 0x61, 0x63, 0x68, 0x61, 0x62, 0x6c, 0x65, 0x20, 0x77, 0x6f, 0x72, 0x6b, 0x61, 0x72, 0x6f, // eachable workaro
	0x75, 0x6e, 0x64, 0x0a, 0x20, 0x20, 0x20, 0x20, 0x20, 0x20, 0x20, 0x20, 0x7d, 0x20, 0x77, 0x68, // und.        } wh
	0x69, 0x6c, 0x65, 0x28, 0x66, 0x61, 0x6c, 0x73, 0x65, 0x29, 0x3b, 0x0a, 0x20, 0x20, 0x20, 0x20, // ile(false);.    
	0x20, 0x20, 0x20, 0x20, 0x66, 0x6c, 0x6f, 0x61, 0x74, 0x20, 0x5f, 0x33, 0x39, 0x36, 0x20, 0x3d, //     float _396 =
	0x20, 0x5f, 0x32, 0x34, 0x35, 0x2e, 0x79, 0x3b, 0x0a, 0x20, 0x20, 0x20, 0x20, 0x20, 0x20, 0x20, //  _245.y;.       
	0x20, 0x66, 0x6c, 0x6f, 0x61, 0x74, 0x20, 0x5f, 0x34, 0x37, 0x36, 0x3b, 0x0a, 0x20, 0x20, 0x20, //  float _476;.   
	0x20, 0x20, 0x20, 0x20, 0x20, 0x64, 0x6f, 0x0a, 0x20, 0x20, 0x20, 0x20, 0x20, 0x20, 0x20, 0x20, //      do.        
	0x7b, 0x0a, 0x20, 0x20, 0x20, 0x20, 0x20, 0x20, 0x20, 0x20, 0x20, 0x20, 0x20, 0x20, 0x69, 0x66, // {.            if
	0x20, 0x28, 0x5f, 0x33, 0x39, 0x36, 0x20, 0x3c, 0x3d, 0x20, 0x30, 0x2e, 0x30, 0x30, 0x33, 0x31, //  (_396 <= 0.0031
	0x33, 0x30, 0x38, 0x30, 0x30, 0x30, 0x39, 0x30, 0x37, 0x33, 0x30, 0x31, 0x39, 0x30, 0x32, 0x37, // 3080009073019027
	0x37, 0x30, 0x39, 0x39, 0x36, 0x30, 0x39, 0x33, 0x37, 0x35, 0x29, 0x0a, 0x20, 0x20, 0x20, 0x20, // 7099609375).    
	0x20, 0x20, 0x20, 0x20, 0x20, 0x20, 0x20, 0x20, 0x7b, 0x0a, 0x20, 0x20, 0x20, 0x20, 0x20, 0x20, //         {.      
	0x20, 0x20, 0x20, 0x20, 0x20, 0x20, 0x20, 0x20, 0x20, 0x20, 0x5f, 0x34, 0x37, 0x36, 0x20, 0x3d, //           _476 =
	0x20, 0x31, 0x32, 0x2e, 0x39, 0x32, 0x30, 0x30, 0x30, 0x30, 0x30, 0x37, 0x36, 0x32, 0x39, 0x33, //  12.920000076293
	0x39, 0x34, 0x35, 0x33, 0x31, 0x32, 0x35, 0x20, 0x2a, 0x20, 0x5f, 0x33, 0x39, 0x36, 0x3b, 0x0a, // 9453125 * _396;.
	0x20, 0x20, 0x20, 0x20, 0x20, 0x20, 0x20, 0x20, 0x20, 0x20, 0x20, 0x20, 0x20, 0x20, 0x20, 0x20, //                 
	0x62, 0x72, 0x65, 0x61, 0x6b, 0x3b, 0x0a, 0x20, 0x20, 0x20, 0x20, 0x20, 0x20, 0x20, 0x20, 0x20, // break;.         
	0x20, 0x20, 0x20, 0x7d, 0x0a, 0x20, 0x20, 0x20, 0x20, 0x20, 0x20, 0x20, 0x20, 0x20, 0x20, 0x20, //    }.           
	0x20, 0x65, 0x6c, 0x73, 0x65, 0x0a, 0x20, 0x20, 0x20, 0x20, 0x20, 0x20, 0x20, 0x20, 0x20, 0x20, //  else.          
	0x20, 0x20, 0x7b, 0x0a, 0x20, 0x20, 0x20, 0x20, 0x20, 0x20, 0x20, 0x20, 0x20, 0x20, 0x20, 0x20, //   {.            
	0x20, 0x20, 0x20, 0x20, 0x5f, 0x34, 0x37, 0x36, 0x20, 0x3d, 0x20, 0x28, 0x31, 0x2e, 0x30, 0x35, //     _476 = (1.05
	0x34, 0x39, 0x39, 0x39, 0x39, 0x34, 0x37, 0x35, 0x34, 0x37, 0x39, 0x31, 0x32, 0x35, 0x39, 0x37, // 4999947547912597
	0x36, 0x35, 0x36, 0x32, 0x35, 0x20, 0x2a, 0x20, 0x70, 0x6f, 0x77, 0x28, 0x5f, 0x33, 0x39, 0x36, // 65625 * pow(_396
	0x2c, 0x20, 0x30, 0x2e, 0x34, 0x31, 0x36, 0x36, 0x36, 0x36, 0x36, 0x35, 0x36, 0x37, 0x33, 0x32, // , 0.416666656732
	0x35, 0x35, 0x39, 0x32, 0x30, 0x34, 0x31, 0x30, 0x31, 0x35, 0x36, 0x32, 0x35, 0x29, 0x29, 0x20, // 5592041015625)) 
	0x2d, 0x20, 0x30, 0x2e, 0x30, 0x35, 0x34, 0x39, 0x39, 0x39, 0x39, 0x39, 0x39, 0x37, 0x30, 0x31, // - 0.054999999701
	0x39, 0x37, 0x36, 0x37, 0x37, 0x36, 0x31, 0x32, 0x33, 0x30, 0x34, 0x36, 0x38, 0x37, 0x35, 0x3b, // 976776123046875;
	0x0a, 0x20, 0x20, 0x20, 0x20, 0x20, 0x20, 0x20, 0x20, 0x20, 0x20, 0x20, 0x20, 0x20, 0x20, 0x20, // .               
	0x20, 0x62, 0x72, 0x65, 0x61, 0x6b, 0x3b, 0x0a, 0x20, 0x20, 0x20, 0x20, 0x20, 0x20, 0x20, 0x20, //  break;.        
	0x20, 0x20, 0x20, 0x20, 0x7d, 0x0a, 0x20, 0x20, 0x20, 0x20, 0x20, 0x20, 0x20, 0x20, 0x20, 0x20, //     }.          
	0x20, 0x20, 0x62, 0x72, 0x65, 0x61, 0x6b, 0x3b, 0x20, 0x2f, 0x2f, 0x20, 0x75, 0x6e, 0x72, 0x65, //   break; // unre
	0x61, 0x63, 0x68, 0x61, 0x62, 0x6c, 0x65, 0x20, 0x77, 0x6f, 0x72, 0x6b, 0x61, 0x72, 0x6f, 0x75, // achable workarou
	0x6e, 0x64, 0x0a, 0x20, 0x20, 0x20, 0x20, 0x20, 0x20, 0x20, 0x20, 0x7d, 0x20, 0x77, 0x68, 0x69, // nd.        } whi
	0x6c, 0x65, 0x28, 0x66, 0x61, 0x6c, 0x73, 0x65, 0x29, 0x3b, 0x0a, 0x20, 0x20, 0x20, 0x20, 0x20, // le(false);.     
	0x20, 0x20, 0x20, 0x66, 0x6c, 0x6f, 0x61, 0x74, 0x20, 0x5f, 0x33, 0x39, 0x39, 0x20, 0x3d, 0x20, //    float _399 = 
	0x5f, 0x32, 0x34, 0x35, 0x2e, 0x7a, 0x3b, 0x0a, 0x20, 0x20, 0x20, 0x20, 0x20, 0x20, 0x20, 0x20, // _245.z;.        
	0x66, 0x6c, 0x6f, 0x61, 0x74, 0x20, 0x5f, 0x34, 0x37, 0x37, 0x3b, 0x0a, 0x20, 0x20, 0x20, 0x20, // float _477;.    
	0x20, 0x20, 0x20, 0x20, 0x64, 0x6f, 0x0a, 0x20, 0x20, 0x20, 0x20, 0x20, 0x20, 0x20, 0x20, 0x7b, //     do.        {
	0x0a, 0x20, 0x20, 0x20, 0x20, 0x20, 0x20, 0x20, 0x20, 0x20, 0x20, 0x20, 0x20, 0x69, 0x66, 0x20, // .            if 
	0x28, 0x5f, 0x33, 0x39, 0x39, 0x20, 0x3c, 0x3d, 0x20, 0x30, 0x2e, 0x30, 0x30, 0x33, 0x31, 0x33, // (_399 <= 0.00313
	0x30, 0x38, 0x30, 0x30, 0x30, 0x39, 0x30, 0x37, 0x33, 0x30, 0x31, 0x39, 0x30, 0x32, 0x37, 0x37, // 0800090730190277
	0x30, 0x39, 0x39, 0x36, 0x30, 0x39, 0x33, 0x37, 0x35, 0x29, 0x0a, 0x20, 0x20, 0x20, 0x20, 0x20, // 099609375).     
	0x20, 0x20, 0x20, 0x20, 0x20, 0x20, 0x20, 0x7b, 0x0a, 0x20, 0x20, 0x20, 0x20, 0x20, 0x20, 0x20, //        {.       
	0x20, 0x20, 0x20, 0x20, 0x20, 0x20, 0x20, 0x20, 0x20, 0x5f, 0x34, 0x37, 0x37, 0x20, 0x3d, 0x20, //          _477 = 
	0x31, 0x32, 0x2e, 0x39, 0x32, 0x30, 0x30, 0x30, 0x30, 0x30, 0x37, 0x36, 0x32, 0x39, 0x33, 0x39, // 12.9200000762939
	0x34, 0x35, 0x33, 0x31, 0x32, 0x35, 0x20, 0x2a, 0x20, 0x5f, 0x33, 0x39, 0x39, 0x3b, 0x0a, 0x20, // 453125 * _399;. 
	0x20, 0x20, 0x20, 0x20, 0x20, 0x20, 0x20, 0x20, 0x20, 0x20, 0x20, 0x20, 0x20, 0x20, 0x20, 0x62, //                b
	0x72, 0x65, 0x61, 0x6b, 0x3b, 0x0a, 0x20, 0x20, 0x20, 0x20, 0x20, 0x20, 0x20, 0x20, 0x20, 0x20, // reak;.          
	0x20, 0x20, 0x7d, 0x0a, 0x20, 0x20, 0x20, 0x20, 0x20, 0x20, 0x20, 0x20, 0x20, 0x20, 0x20, 0x20, //   }.            
	0x65, 0x6c, 0x73, 0x65, 0x0a, 0x20, 0x20, 0x20, 0x20, 0x20, 0x20, 0x20, 0x20, 0x20, 0x20, 0x20, // else.           
	0x20, 0x7b, 0x0a, 0x20, 0x20, 0x20, 0x20, 0x20, 0x20, 0x20, 0x20, 0x20, 0x20, 0x20, 0x20, 0x20, //  {.             
	0x20, 0x20, 0x20, 0x5f, 0x34, 0x37, 0x37, 0x20, 0x3d, 0x20, 0x28, 0x31, 0x2e, 0x30, 0x35, 0x34, //    _477 = (1.054
	0x39, 0x39, 0x39, 0x39, 0x34, 0x37, 0x35, 0x34, 0x37, 0x39, 0x31, 0x32, 0x35, 0x39, 0x37, 0x36, // 9999475479125976
	0x35, 0x36, 0x32, 0x35, 0x20, 0x2a, 0x20, 0x70, 0x6f, 0x77, 0x28, 0x5f, 0x33, 0x39, 0x39, 0x2c, // 5625 * pow(_399,
	0x20, 0x30, 0x2e, 0x34, 0x31, 0x36, 0x36, 0x36, 0x36, 0x36, 0x35, 0x36, 0x37, 0x33, 0x32, 0x35, //  0.4166666567325
	0x35, 0x39, 0x32, 0x30, 0x34, 0x31, 0x30, 0x31, 0x35, 0x36, 0x32, 0x35, 0x29, 0x29, 0x20, 0x2d, // 592041015625)) -
	0x20, 0x30, 0x2e, 0x30, 0x35, 0x34, 0x39, 0x39, 0x39, 0x39, 0x39, 0x39, 0x37, 0x30, 0x31, 0x39, //  0.0549999997019
	0x37, 0x36, 0x37, 0x37, 0x36, 0x31, 0x32, 0x33, 0x30, 0x34, 0x36, 0x38, 0x37, 0x35, 0x3b, 0x0a, // 76776123046875;.
	0x20, 0x20, 0x20, 0x20, 0x20, 0x20, 0x20, 0x20, 0x20, 0x20, 0x20, 0x20, 0x20, 0x20, 0x20, 0x20, //                 
	0x62, 0x72, 0x65, 0x61, 0x6b, 0x3b, 0x0a, 0x20, 0x20, 0x20, 0x20, 0x20, 0x20, 0x20, 0x20, 0x20, // break;.         
	0x20, 0x20, 0x20, 0x7d, 0x0a, 0x20, 0x20, 0x20, 0x20, 0x20, 0x20, 0x20, 0x20, 0x20, 0x20, 0x20, //    }.           
	0x20, 0x62, 0x72, 0x65, 0x61, 0x6b, 0x3b, 0x20, 0x2f, 0x2f, 0x20, 0x75, 0x6e, 0x72, 0x65, 0x61, //  break; // unrea
	0x63, 0x68, 0x61, 0x62, 0x6c, 0x65, 0x20, 0x77, 0x6f, 0x72, 0x6b, 0x61, 0x72, 0x6f, 0x75, 0x6e, // chable workaroun
	0x64, 0x0a, 0x20, 0x20, 0x20, 0x20, 0x20, 0x20, 0x20, 0x20, 0x7d, 0x20, 0x77, 0x68, 0x69, 0x6c, // d.        } whil
	0x65, 0x28, 0x66, 0x61, 0x6c, 0x73, 0x65, 0x29, 0x3b, 0x0a, 0x20, 0x20, 0x20, 0x20, 0x20, 0x20, // e(false);.      
	0x20, 0x20, 0x69, 0x6d, 0x61, 0x67, 0x65, 0x53, 0x74, 0x6f, 0x72, 0x65, 0x28, 0x75, 0x5f, 0x44, //   imageStore(u_D
	0x65, 0x73, 0x74, 0x69, 0x6e, 0x61, 0x74, 0x69, 0x6f, 0x6e, 0x2c, 0x20, 0x5f, 0x31, 0x32, 0x30, // estination, _120
	0x2c, 0x20, 0x76, 0x65, 0x63, 0x34, 0x28, 0x5f, 0x34, 0x37, 0x35, 0x2c, 0x20, 0x5f, 0x34, 0x37, // , vec4(_475, _47
	0x36, 0x2c, 0x20, 0x5f, 0x34, 0x37, 0x37, 0x2c, 0x20, 0x5f, 0x32, 0x34, 0x35, 0x2e, 0x77, 0x29, // 6, _477, _245.w)
	0x29, 0x3b, 0x0a, 0x20, 0x20, 0x20, 0x20, 0x20, 0x20, 0x20, 0x20, 0x62, 0x72, 0x65, 0x61, 0x6b, // );.        break
	0x3b, 0x0a, 0x20, 0x20, 0x20, 0x20, 0x7d, 0x20, 0x77, 0x68, 0x69, 0x6c, 0x65, 0x28, 0x66, 0x61, // ;.    } while(fa
	0x6c, 0x73, 0x65, 0x29, 0x3b, 0x0a, 0x7d, 0x0a, 0x0a, 0x00,                                     // lse);.}...
};
static const uint8_t cs_mipmap_srgba8_glsl[6414] =
{
	0x43, 0x53, 0x48, 0x0c, 0x00, 0x00, 0x00, 0x00, 0x00, 0x00, 0x00, 0x00, 0x00, 0x00, 0x00, 0x00, // CSH.............
	0x00, 0x00, 0x00, 0x00, 0x00, 0x00, 0xf3, 0x18, 0x00, 0x00, 0x6c, 0x61, 0x79, 0x6f, 0x75, 0x74, // ..........layout
	0x28, 0x6c, 0x6f, 0x63, 0x61, 0x6c, 0x5f, 0x73, 0x69, 0x7a, 0x65, 0x5f, 0x78, 0x20, 0x3d, 0x20, // (local_size_x = 
	0x38, 0x2c, 0x20, 0x6c, 0x6f, 0x63, 0x61, 0x6c, 0x5f, 0x73, 0x69, 0x7a, 0x65, 0x5f, 0x79, 0x20, // 8, local_size_y 
	0x3d, 0x20, 0x38, 0x2c, 0x20, 0x6c, 0x6f, 0x63, 0x61, 0x6c, 0x5f, 0x73, 0x69, 0x7a, 0x65, 0x5f, // = 8, local_size_
	0x7a, 0x20, 0x3d, 0x20, 0x31, 0x29, 0x20, 0x69, 0x6e, 0x3b, 0x0a, 0x0a, 0x63, 0x6f, 0x6e, 0x73, // z = 1) in;..cons
	0x74, 0x20, 0x66, 0x6c, 0x6f, 0x61, 0x74, 0x20, 0x5f, 0x32, 0x31, 0x32, 0x5b, 0x34, 0x5d, 0x5b, // t float _212[4][
	0x34, 0x5d, 0x20, 0x3d, 0x20, 0x66, 0x6c, 0x6f, 0x61, 0x74, 0x5b, 0x5d, 0x5b, 0x5d, 0x28, 0x66, // 4] = float[][](f
	0x6c, 0x6f, 0x61, 0x74, 0x5b, 0x5d, 0x28, 0x39, 0x2e, 0x38, 0x39, 0x39, 0x39, 0x39, 0x39, 0x37, // loat[](9.8999997
	0x31, 0x33, 0x35, 0x32, 0x35, 0x31, 0x37, 0x36, 0x30, 0x34, 0x38, 0x32, 0x37, 0x38, 0x38, 0x30, // 1352517604827880
	0x38, 0x35, 0x39, 0x33, 0x37, 0x35, 0x65, 0x2d, 0x30, 0x35, 0x2c, 0x20, 0x30, 0x2e, 0x30, 0x30, // 859375e-05, 0.00
	0x34, 0x38, 0x37, 0x39, 0x39, 0x39, 0x39, 0x39, 0x30, 0x35, 0x38, 0x32, 0x34, 0x36, 0x36, 0x31, // 4879999905824661
	0x32, 0x35, 0x34, 0x38, 0x38, 0x32, 0x38, 0x31, 0x32, 0x35, 0x2c, 0x20, 0x30, 0x2e, 0x30, 0x30, // 2548828125, 0.00
	0x34, 0x38, 0x37, 0x39, 0x39, 0x39, 0x39, 0x39, 0x30, 0x35, 0x38, 0x32, 0x34, 0x36, 0x36, 0x31, // 4879999905824661
	0x32, 0x35, 0x34, 0x38, 0x38, 0x32, 0x38, 0x31, 0x32, 0x35, 0x2c, 0x20, 0x39, 0x2e, 0x38, 0x39, // 2548828125, 9.89
	0x39, 0x39, 0x39, 0x39, 0x37, 0x31, 0x33, 0x35, 0x32, 0x35, 0x31, 0x37, 0x36, 0x30, 0x34, 0x38, // 9999713525176048
	0x32, 0x37, 0x38, 0x38, 0x30, 0x38, 0x35, 0x39, 0x33, 0x37, 0x35, 0x65, 0x2d, 0x30, 0x35, 0x29, // 27880859375e-05)
	0x2c, 0x20, 0x66, 0x6c, 0x6f, 0x61, 0x74, 0x5b, 0x5d, 0x28, 0x30, 0x2e, 0x30, 0x30, 0x34, 0x38, // , float[](0.0048
	0x37, 0x39, 0x39, 0x39, 0x39, 0x39, 0x30, 0x35, 0x38, 0x32, 0x34, 0x36, 0x36, 0x31, 0x32, 0x35, // 7999990582466125
	0x34, 0x38, 0x38, 0x32, 0x38, 0x31, 0x32, 0x35, 0x2c, 0x20, 0x30, 0x2e, 0x32, 0x34, 0x30, 0x31, // 48828125, 0.2401
	0x34, 0x31, 0x30, 0x30, 0x34, 0x33, 0x32, 0x33, 0x39, 0x35, 0x39, 0x33, 0x35, 0x30, 0x35, 0x38, // 4100432395935058
	0x35, 0x39, 0x33, 0x37, 0x35, 0x2c, 0x20, 0x30, 0x2e, 0x32, 0x34, 0x30, 0x31, 0x34, 0x31, 0x30, // 59375, 0.2401410
	0x30, 0x34, 0x33, 0x32, 0x33, 0x39, 0x35, 0x39, 0x33, 0x35, 0x30, 0x35, 0x38, 0x35, 0x39, 0x33, // 0432395935058593
	0x37, 0x35, 0x2c, 0x20, 0x30, 0x2e, 0x30, 0x30, 0x34, 0x38, 0x37, 0x39, 0x39, 0x39, 0x39, 0x39, // 75, 0.0048799999
	0x30, 0x35, 0x38, 0x32, 0x34, 0x36, 0x36, 0x31, 0x32, 0x35, 0x34, 0x38, 0x38, 0x32, 0x38, 0x31, // 0582466125488281
	0x32, 0x35, 0x29, 0x2c, 0x20, 0x66, 0x6c, 0x6f, 0x61, 0x74, 0x5b, 0x5d, 0x28, 0x30, 0x2e, 0x30, // 25), float[](0.0
	0x30, 0x34, 0x38, 0x37, 0x39, 0x39, 0x39, 0x39, 0x39, 0x30, 0x35, 0x38, 0x32, 0x34, 0x36, 0x36, // 0487999990582466
	0x31, 0x32, 0x35, 0x34, 0x38, 0x38, 0x32, 0x38, 0x31, 0x32, 0x35, 0x2c, 0x20, 0x30, 0x2e, 0x32, // 12548828125, 0.2
	0x34, 0x30, 0x31, 0x34, 0x31, 0x30, 0x30, 0x34, 0x33, 0x32, 0x33, 0x39, 0x35, 0x39, 0x33, 0x35, // 4014100432395935
	0x30, 0x35, 0x38, 0x35, 0x39, 0x33, 0x37, 0x35, 0x2c, 0x20, 0x30, 0x2e, 0x32, 0x34, 0x30, 0x31, // 05859375, 0.2401
	0x34, 0x31, 0x30, 0x30, 0x34, 0x33, 0x32, 0x33, 0x39, 0x35, 0x39, 0x33, 0x35, 0x30, 0x35, 0x38, // 4100432395935058
	0x35, 0x39, 0x33, 0x37, 0x35, 0x2c, 0x20, 0x30, 0x2e, 0x30, 0x30, 0x34, 0x38, 0x37, 0x39, 0x39, // 59375, 0.0048799
	0x39, 0x39, 0x39, 0x30, 0x35, 0x38, 0x32, 0x34, 0x36, 0x36, 0x31, 0x32, 0x35, 0x34, 0x38, 0x38, // 9990582466125488
	0x32, 0x38, 0x31, 0x32, 0x35, 0x29, 0x2c, 0x20, 0x66, 0x6c, 0x6f, 0x61, 0x74, 0x5b, 0x5d, 0x28, // 28125), float[](
	0x39, 0x2e, 0x38, 0x39, 0x39, 0x39, 0x39, 0x39, 0x37, 0x31, 0x33, 0x35, 0x32, 0x35, 0x31, 0x37, // 9.89999971352517
	0x36, 0x30, 0x34, 0x38, 0x32, 0x37, 0x38, 0x38, 0x30, 0x38, 0x35, 0x39, 0x33, 0x37, 0x35, 0x65, // 604827880859375e
	0x2d, 0x30, 0x35, 0x2c, 0x20, 0x30, 0x2e, 0x30, 0x30, 0x34, 0x38, 0x37, 0x39, 0x39, 0x39, 0x39, // -05, 0.004879999
	0x39, 0x30, 0x35, 0x38, 0x32, 0x34, 0x36, 0x36, 0x31, 0x32, 0x35, 0x34, 0x38, 0x38, 0x32, 0x38, // 9058246612548828
	0x31, 0x32, 0x35, 0x2c, 0x20, 0x30, 0x2e, 0x30, 0x30, 0x34, 0x38, 0x37, 0x39, 0x39, 0x39, 0x39, // 125, 0.004879999
	0x39, 0x30, 0x35, 0x38, 0x32, 0x34, 0x36, 0x36, 0x31, 0x32, 0x35, 0x34, 0x38, 0x38, 0x32, 0x38, // 9058246612548828
	0x31, 0x32, 0x35, 0x2c, 0x20, 0x39, 0x2e, 0x38, 0x39, 0x39, 0x39, 0x39, 0x39, 0x37, 0x31, 0x33, // 125, 9.899999713
	0x35, 0x32, 0x35, 0x31, 0x37, 0x36, 0x30, 0x34, 0x38, 0x32, 0x37, 0x38, 0x38, 0x30, 0x38, 0x35, // 5251760482788085
	0x39, 0x33, 0x37, 0x35, 0x65, 0x2d, 0x30, 0x35, 0x29, 0x29, 0x3b, 0x0a, 0x0a, 0x6c, 0x61, 0x79, // 9375e-05));..lay
	0x6f, 0x75, 0x74, 0x28, 0x6c, 0x6f, 0x63, 0x61, 0x74, 0x69, 0x6f, 0x6e, 0x20, 0x3d, 0x20, 0x30, // out(location = 0
	0x2c, 0x20, 0x62, 0x69, 0x6e, 0x64, 0x69, 0x6e, 0x67, 0x20, 0x3d, 0x20, 0x30, 0x2c, 0x20, 0x72, // , binding = 0, r
	0x67, 0x62, 0x61, 0x38, 0x29, 0x20, 0x75, 0x6e, 0x69, 0x66, 0x6f, 0x72, 0x6d, 0x20, 0x72, 0x65, // gba8) uniform re
	0x61, 0x64, 0x6f, 0x6e, 0x6c, 0x79, 0x20, 0x69, 0x6d, 0x61, 0x67, 0x65, 0x32, 0x44, 0x20, 0x75, // adonly image2D u
	0x5f, 0x53, 0x6f, 0x75, 0x72, 0x63, 0x65, 0x3b, 0x0a, 0x6c, 0x61, 0x79, 0x6f, 0x75, 0x74, 0x28, // _Source;.layout(
	0x6c, 0x6f, 0x63, 0x61, 0x74, 0x69, 0x6f, 0x6e, 0x20, 0x3d, 0x20, 0x31, 0x2c, 0x20, 0x62, 0x69, // location = 1, bi
	0x6e, 0x64, 0x69, 0x6e, 0x67, 0x20, 0x3d, 0x20, 0x31, 0x2c, 0x20, 0x72, 0x67, 0x62, 0x61, 0x38, // nding = 1, rgba8
	0x29, 0x20, 0x75, 0x6e, 0x69, 0x66, 0x6f, 0x72, 0x6d, 0x20, 0x77, 0x72, 0x69, 0x74, 0x65, 0x6f, // ) uniform writeo
	0x6e, 0x6c, 0x79, 0x20, 0x69, 0x6d, 0x61, 0x67, 0x65, 0x32, 0x44, 0x20, 0x75, 0x5f, 0x44, 0x65, // nly image2D u_De
	0x73, 0x74, 0x69, 0x6e, 0x61, 0x74, 0x69, 0x6f, 0x6e, 0x3b, 0x0a, 0x0a, 0x76, 0x6f, 0x69, 0x64, // stination;..void
	0x20, 0x6d, 0x61, 0x69, 0x6e, 0x28, 0x29, 0x0a, 0x7b, 0x0a, 0x20, 0x20, 0x20, 0x20, 0x64, 0x6f, //  main().{.    do
	0x0a, 0x20, 0x20, 0x20, 0x20, 0x7b, 0x0a, 0x20, 0x20, 0x20, 0x20, 0x20, 0x20, 0x20, 0x20, 0x69, // .    {.        i
	0x76, 0x65, 0x63, 0x32, 0x20, 0x5f, 0x31, 0x32, 0x30, 0x20, 0x3d, 0x20, 0x69, 0x76, 0x65, 0x63, // vec2 _120 = ivec
	0x32, 0x28, 0x67, 0x6c, 0x5f, 0x47, 0x6c, 0x6f, 0x62, 0x61, 0x6c, 0x49, 0x6e, 0x76, 0x6f, 0x63, // 2(gl_GlobalInvoc
	0x61, 0x74, 0x69, 0x6f, 0x6e, 0x49, 0x44, 0x2e, 0x78, 0x79, 0x29, 0x3b, 0x0a, 0x20, 0x20, 0x20, // ationID.xy);.   
	0x20, 0x20, 0x20, 0x20, 0x20, 0x69, 0x76, 0x65, 0x63, 0x32, 0x20, 0x5f, 0x31, 0x32, 0x36, 0x20, //      ivec2 _126 
	0x3d, 0x20, 0x69, 0x6d, 0x61, 0x67, 0x65, 0x53, 0x69, 0x7a, 0x65, 0x28, 0x75, 0x5f, 0x53, 0x6f, // = imageSize(u_So
	0x75, 0x72, 0x63, 0x65, 0x29, 0x3b, 0x0a, 0x20, 0x20, 0x20, 0x20, 0x20, 0x20, 0x20, 0x20, 0x69, // urce);.        i
	0x66, 0x20, 0x28, 0x61, 0x6e, 0x79, 0x28, 0x67, 0x72, 0x65, 0x61, 0x74, 0x65, 0x72, 0x54, 0x68, // f (any(greaterTh
	0x61, 0x6e, 0x45, 0x71, 0x75, 0x61, 0x6c, 0x28, 0x5f, 0x31, 0x32, 0x30, 0x2c, 0x20, 0x69, 0x6d, // anEqual(_120, im
	0x61, 0x67, 0x65, 0x53, 0x69, 0x7a, 0x65, 0x28, 0x75, 0x5f, 0x44, 0x65, 0x73, 0x74, 0x69, 0x6e, // ageSize(u_Destin
	0x61, 0x74, 0x69, 0x6f, 0x6e, 0x29, 0x29, 0x29, 0x29, 0x0a, 0x20, 0x20, 0x20, 0x20, 0x20, 0x20, // ation)))).      
	0x20, 0x20, 0x7b, 0x0a, 0x20, 0x20, 0x20, 0x20, 0x20, 0x20, 0x20, 0x20, 0x20, 0x20, 0x20, 0x20, //   {.            
	0x62, 0x72, 0x65, 0x61, 0x6b, 0x3b, 0x0a, 0x20, 0x20, 0x20, 0x20, 0x20, 0x20, 0x20, 0x20, 0x7d, // break;.        }
	0x0a, 0x20, 0x20, 0x20, 0x20, 0x20, 0x20, 0x20, 0x20, 0x69, 0x76, 0x65, 0x63, 0x32, 0x20, 0x5f, // .        ivec2 _
	0x31, 0x35, 0x30, 0x20, 0x3d, 0x20, 0x28, 0x5f, 0x31, 0x32, 0x30, 0x20, 0x2a, 0x20, 0x69, 0x76, // 150 = (_120 * iv
	0x65, 0x63, 0x32, 0x28, 0x32, 0x29, 0x29, 0x20, 0x2d, 0x20, 0x69, 0x76, 0x65, 0x63, 0x32, 0x28, // ec2(2)) - ivec2(
	0x31, 0x29, 0x3b, 0x0a, 0x20, 0x20, 0x20, 0x20, 0x20, 0x20, 0x20, 0x20, 0x76, 0x65, 0x63, 0x34, // 1);.        vec4
	0x20, 0x5f, 0x34, 0x37, 0x33, 0x3b, 0x0a, 0x20, 0x20, 0x20, 0x20, 0x20, 0x20, 0x20, 0x20, 0x66, //  _473;.        f
	0x6c, 0x6f, 0x61, 0x74, 0x20, 0x5f, 0x34, 0x37, 0x34, 0x3b, 0x0a, 0x20, 0x20, 0x20, 0x20, 0x20, // loat _474;.     
	0x20, 0x20, 0x20, 0x5f, 0x34, 0x37, 0x34, 0x20, 0x3d, 0x20, 0x30, 0x2e, 0x30, 0x3b, 0x0a, 0x20, //    _474 = 0.0;. 
	0x20, 0x20, 0x20, 0x20, 0x20, 0x20, 0x20, 0x5f, 0x34, 0x37, 0x33, 0x20, 0x3d, 0x20, 0x76, 0x65, //        _473 = ve
	0x63, 0x34, 0x28, 0x30, 0x2e, 0x30, 0x29, 0x3b, 0x0a, 0x20, 0x20, 0x20, 0x20, 0x20, 0x20, 0x20, // c4(0.0);.       
	0x20, 0x76, 0x65, 0x63, 0x34, 0x20, 0x5f, 0x34, 0x39, 0x35, 0x3b, 0x0a, 0x20, 0x20, 0x20, 0x20, //  vec4 _495;.    
	0x20, 0x20, 0x20, 0x20, 0x66, 0x6c, 0x6f, 0x61, 0x74, 0x20, 0x5f, 0x35, 0x30, 0x38, 0x3b, 0x0a, //     float _508;.
	0x20, 0x20, 0x20, 0x20, 0x20, 0x20, 0x20, 0x20, 0x66, 0x6f, 0x72, 0x20, 0x28, 0x69, 0x6e, 0x74, //         for (int
	0x20, 0x5f, 0x34, 0x37, 0x32, 0x20, 0x3d, 0x20, 0x30, 0x3b, 0x20, 0x5f, 0x34, 0x37, 0x32, 0x20, //  _472 = 0; _472 
	0x3c, 0x20, 0x34, 0x3b, 0x20, 0x5f, 0x34, 0x37, 0x34, 0x20, 0x3d, 0x20, 0x5f, 0x35, 0x30, 0x38, // < 4; _474 = _508
	0x2c, 0x20, 0x5f, 0x34, 0x37, 0x33, 0x20, 0x3d, 0x20, 0x5f, 0x34, 0x39, 0x35, 0x2c, 0x20, 0x5f, // , _473 = _495, _
	0x34, 0x37, 0x32, 0x2b, 0x2b, 0x29, 0x0a, 0x20, 0x20, 0x20, 0x20, 0x20, 0x20, 0x20, 0x20, 0x7b, // 472++).        {
	0x0a, 0x20, 0x20, 0x20, 0x20, 0x20, 0x20, 0x20, 0x20, 0x20, 0x20, 0x20, 0x20, 0x5f, 0x35, 0x30, // .            _50
	0x38, 0x20, 0x3d, 0x20, 0x5f, 0x34, 0x37, 0x34, 0x3b, 0x0a, 0x20, 0x20, 0x20, 0x20, 0x20, 0x20, // 8 = _474;.      
	0x20, 0x20, 0x20, 0x20, 0x20, 0x20, 0x5f, 0x34, 0x39, 0x35, 0x20, 0x3d, 0x20, 0x5f, 0x34, 0x37, //       _495 = _47
	0x33, 0x3b, 0x0a, 0x20, 0x20, 0x20, 0x20, 0x20, 0x20, 0x20, 0x20, 0x20, 0x20, 0x20, 0x20, 0x76, // 3;.            v
	0x65, 0x63, 0x34, 0x20, 0x5f, 0x35, 0x31, 0x32, 0x3b, 0x0a, 0x20, 0x20, 0x20, 0x20, 0x20, 0x20, // ec4 _512;.      
	0x20, 0x20, 0x20, 0x20, 0x20, 0x20, 0x66, 0x6c, 0x6f, 0x61, 0x74, 0x20, 0x5f, 0x35, 0x31, 0x35, //       float _515
	0x3b, 0x0a, 0x20, 0x20, 0x20, 0x20, 0x20, 0x20, 0x20, 0x20, 0x20, 0x20, 0x20, 0x20, 0x66, 0x6f, // ;.            fo
	0x72, 0x20, 0x28, 0x69, 0x6e, 0x74, 0x20, 0x5f, 0x34, 0x37, 0x38, 0x20, 0x3d, 0x20, 0x30, 0x3b, // r (int _478 = 0;
	0x20, 0x5f, 0x34, 0x37, 0x38, 0x20, 0x3c, 0x20, 0x34, 0x3b, 0x20, 0x5f, 0x35, 0x30, 0x38, 0x20, //  _478 < 4; _508 
	0x3d, 0x20, 0x5f, 0x35, 0x31, 0x35, 0x2c, 0x20, 0x5f, 0x34, 0x39, 0x35, 0x20, 0x3d, 0x20, 0x5f, // = _515, _495 = _
	0x35, 0x31, 0x32, 0x2c, 0x20, 0x5f, 0x34, 0x37, 0x38, 0x2b, 0x2b, 0x29, 0x0a, 0x20, 0x20, 0x20, // 512, _478++).   
	0x20, 0x20, 0x20, 0x20, 0x20, 0x20, 0x20, 0x20, 0x20, 0x7b, 0x0a, 0x20, 0x20, 0x20, 0x20, 0x20, //          {.     
	0x20, 0x20, 0x20, 0x20, 0x20, 0x20, 0x20, 0x20, 0x20, 0x20, 0x20, 0x69, 0x76, 0x65, 0x63, 0x32, //            ivec2
	0x20, 0x5f, 0x31, 0x37, 0x36, 0x20, 0x3d, 0x20, 0x5f, 0x31, 0x35, 0x30, 0x20, 0x2b, 0x20, 0x69, //  _176 = _150 + i
	0x76, 0x65, 0x63, 0x32, 0x28, 0x5f, 0x34, 0x37, 0x38, 0x2c, 0x20, 0x5f, 0x34, 0x37, 0x32, 0x29, // vec2(_478, _472)
	0x3b, 0x0a, 0x20, 0x20, 0x20, 0x20, 0x20, 0x20, 0x20, 0x20, 0x20, 0x20, 0x20, 0x20, 0x20, 0x20, // ;.              
	0x20, 0x20, 0x69, 0x6e, 0x74, 0x20, 0x5f, 0x31, 0x37, 0x38, 0x20, 0x3d, 0x20, 0x5f, 0x31, 0x37, //   int _178 = _17
	0x36, 0x2e, 0x78, 0x3b, 0x0a, 0x20, 0x20, 0x20, 0x20, 0x20, 0x20, 0x20, 0x20, 0x20, 0x20, 0x20, // 6.x;.           
	0x20, 0x20, 0x20, 0x20, 0x20, 0x62, 0x6f, 0x6f, 0x6c, 0x20, 0x5f, 0x31, 0x37, 0x39, 0x20, 0x3d, //      bool _179 =
	0x20, 0x5f, 0x31, 0x37, 0x38, 0x20, 0x3e, 0x3d, 0x20, 0x30, 0x3b, 0x0a, 0x20, 0x20, 0x20, 0x20, //  _178 >= 0;.    
	0x20, 0x20, 0x20, 0x20, 0x20, 0x20, 0x20, 0x20, 0x20, 0x20, 0x20, 0x20, 0x62, 0x6f, 0x6f, 0x6c, //             bool
	0x20, 0x5f, 0x31, 0x38, 0x35, 0x3b, 0x0a, 0x20, 0x20, 0x20, 0x20, 0x20, 0x20, 0x20, 0x20, 0x20, //  _185;.         
	0x20, 0x20, 0x20, 0x20, 0x20, 0x20, 0x20, 0x69, 0x66, 0x20, 0x28, 0x5f, 0x31, 0x37, 0x39, 0x29, //        if (_179)
	0x0a, 0x20, 0x20, 0x20, 0x20, 0x20, 0x20, 0x20, 0x20, 0x20, 0x20, 0x20, 0x20, 0x20, 0x20, 0x20, // .               
	0x20, 0x7b, 0x0a, 0x20, 0x20, 0x20, 0x20, 0x20, 0x20, 0x20, 0x20, 0x20, 0x20, 0x20, 0x20, 0x20, //  {.             
	0x20, 0x20, 0x20, 0x20, 0x20, 0x20, 0x20, 0x5f, 0x31, 0x38, 0x35, 0x20, 0x3d, 0x20, 0x5f, 0x31, //        _185 = _1
	0x37, 0x36, 0x2e, 0x79, 0x20, 0x3e, 0x3d, 0x20, 0x30, 0x3b, 0x0a, 0x20, 0x20, 0x20, 0x20, 0x20, // 76.y >= 0;.     
	0x20, 0x20, 0x20, 0x20, 0x20, 0x20, 0x20, 0x20, 0x20, 0x20, 0x20, 0x7d, 0x0a, 0x20, 0x20, 0x20, //            }.   
	0x20, 0x20, 0x20, 0x20, 0x20, 0x20, 0x20, 0x20, 0x20, 0x20, 0x20, 0x20, 0x20, 0x65, 0x6c, 0x73, //              els
	0x65, 0x0a, 0x20, 0x20, 0x20, 0x20, 0x20, 0x20, 0x20, 0x20, 0x20, 0x20, 0x20, 0x20, 0x20, 0x20, // e.              
	0x20, 0x20, 0x7b, 0x0a, 0x20, 0x20, 0x20, 0x20, 0x20, 0x20, 0x20, 0x20, 0x20, 0x20, 0x20, 0x20, //   {.            
	0x20, 0x20, 0x20, 0x20, 0x20, 0x20, 0x20, 0x20, 0x5f, 0x31, 0x38, 0x35, 0x20, 0x3d, 0x20, 0x5f, //         _185 = _
	0x31, 0x37, 0x39, 0x3b, 0x0a, 0x20, 0x20, 0x20, 0x20, 0x20, 0x20, 0x20, 0x20, 0x20, 0x20, 0x20, // 179;.           
	0x20, 0x20, 0x20, 0x20, 0x20, 0x7d, 0x0a, 0x20, 0x20, 0x20, 0x20, 0x20, 0x20, 0x20, 0x20, 0x20, //      }.         
	0x20, 0x20, 0x20, 0x20, 0x20, 0x20, 0x20, 0x62, 0x6f, 0x6f, 0x6c, 0x20, 0x5f, 0x31, 0x39, 0x33, //        bool _193
	0x3b, 0x0a, 0x20, 0x20, 0x20, 0x20, 0x20, 0x20, 0x20, 0x20, 0x20, 0x20, 0x20, 0x20, 0x20, 0x20, // ;.              
	0x20, 0x20, 0x69, 0x66, 0x20, 0x28, 0x5f, 0x31, 0x38, 0x35, 0x29, 0x0a, 0x20, 0x20, 0x20, 0x20, //   if (_185).    
	0x20, 0x20, 0x20, 0x20, 0x20, 0x20, 0x20, 0x20, 0x20, 0x20, 0x20, 0x20, 0x7b, 0x0a, 0x20, 0x20, //             {.  
	0x20, 0x20, 0x20, 0x20, 0x20, 0x20, 0x20, 0x20, 0x20, 0x20, 0x20, 0x20, 0x20, 0x20, 0x20, 0x20, //                 
	0x20, 0x20, 0x5f, 0x31, 0x39, 0x33, 0x20, 0x3d, 0x20, 0x5f, 0x31, 0x37, 0x38, 0x20, 0x3c, 0x20, //   _193 = _178 < 
	0x5f, 0x31, 0x32, 0x36, 0x2e, 0x78, 0x3b, 0x0a, 0x20, 0x20, 0x20, 0x20, 0x20, 0x20, 0x20, 0x20, // _126.x;.        
	0x20, 0x20, 0x20, 0x20, 0x20, 0x20, 0x20, 0x20, 0x7d, 0x0a, 0x20, 0x20, 0x20, 0x20, 0x20, 0x20, //         }.      
	0x20, 0x20, 0x20, 0x20, 0x20, 0x20, 0x20, 0x20, 0x20, 0x20, 0x65, 0x6c, 0x73, 0x65, 0x0a, 0x20, //           else. 
	0x20, 0x20, 0x20, 0x20, 0x20, 0x20, 0x20, 0x20, 0x20, 0x20, 0x20, 0x20, 0x20, 0x20, 0x20, 0x7b, //                {
	0x0a, 0x20, 0x20, 0x20, 0x20, 0x20, 0x20, 0x20, 0x20, 0x20, 0x20, 0x20, 0x20, 0x20, 0x20, 0x20, // .               
	0x20, 0x20, 0x20, 0x20, 0x20, 0x5f, 0x31, 0x39, 0x33, 0x20, 0x3d, 0x20, 0x5f, 0x31, 0x38, 0x35, //      _193 = _185
	0x3b, 0x0a, 0x20, 0x20, 0x20, 0x20, 0x20, 0x20, 0x20, 0x20, 0x20, 0x20, 0x20, 0x20, 0x20, 0x20, // ;.              
	0x20, 0x20, 0x7d, 0x0a, 0x20, 0x20, 0x20, 0x20, 0x20, 0x20, 0x20, 0x20, 0x20, 0x20, 0x20, 0x20, //   }.            
	0x20, 0x20, 0x20, 0x20, 0x62, 0x6f, 0x6f, 0x6c, 0x20, 0x5f, 0x32, 0x30, 0x31, 0x3b, 0x0a, 0x20, //     bool _201;. 
	0x20, 0x20, 0x20, 0x20, 0x20, 0x20, 0x20, 0x20, 0x20, 0x20, 0x20, 0x20, 0x20, 0x20, 0x20, 0x69, //                i
	0x66, 0x20, 0x28, 0x5f, 0x31, 0x39, 0x33, 0x29, 0x0a, 0x20, 0x20, 0x20, 0x20, 0x20, 0x20, 0x20, // f (_193).       
	0x20, 0x20, 0x20, 0x20, 0x20, 0x20, 0x20, 0x20, 0x20, 0x7b, 0x0a, 0x20, 0x20, 0x20, 0x20, 0x20, //          {.     
	0x20, 0x20, 0x20, 0x20, 0x20, 0x20, 0x20, 0x20, 0x20, 0x20, 0x20, 0x20, 0x20, 0x20, 0x20, 0x5f, //                _
	0x32, 0x30, 0x31, 0x20, 0x3d, 0x20, 0x5f, 0x31, 0x37, 0x36, 0x2e, 0x79, 0x20, 0x3c, 0x20, 0x5f, // 201 = _176.y < _
	0x31, 0x32, 0x36, 0x2e, 0x79, 0x3b, 0x0a, 0x20, 0x20, 0x20, 0x20, 0x20, 0x20, 0x20, 0x20, 0x20, // 126.y;.         
	0x20, 0x20, 0x20, 0x20, 0x20, 0x20, 0x20, 0x7d, 0x0a, 0x20, 0x20, 0x20, 0x20, 0x20, 0x20, 0x20, //        }.       
	0x20, 0x20, 0x20, 0x20, 0x20, 0x20, 0x20, 0x20, 0x20, 0x65, 0x6c, 0x73, 0x65, 0x0a, 0x20, 0x20, //          else.  
	0x20, 0x20, 0x20, 0x20, 0x20, 0x20, 0x20, 0x20, 0x20, 0x20, 0x20, 0x20, 0x20, 0x20, 0x7b, 0x0a, //               {.
	0x20, 0x20, 0x20, 0x20, 0x20, 0x20, 0x20, 0x20, 0x20, 0x20, 0x20, 0x20, 0x20, 0x20, 0x20, 0x20, //                 
	0x20, 0x20, 0x20, 0x20, 0x5f, 0x32, 0x30, 0x31, 0x20, 0x3d, 0x20, 0x5f, 0x31, 0x39, 0x33, 0x3b, //     _201 = _193;
	0x0a, 0x20, 0x20, 0x20, 0x20, 0x20, 0x20, 0x20, 0x20, 0x20, 0x20, 0x20, 0x20, 0x20, 0x20, 0x20, // .               
	0x20, 0x7d, 0x0a, 0x20, 0x20, 0x20, 0x20, 0x20, 0x20, 0x20, 0x20, 0x20, 0x20, 0x20, 0x20, 0x20, //  }.             
	0x20, 0x20, 0x20, 0x69, 0x66, 0x20, 0x28, 0x5f, 0x32, 0x30, 0x31, 0x29, 0x0a, 0x20, 0x20, 0x20, //    if (_201).   
	0x20, 0x20, 0x20, 0x20, 0x20, 0x20, 0x20, 0x20, 0x20, 0x20, 0x20, 0x20, 0x20, 0x7b, 0x0a, 0x20, //              {. 
	0x20, 0x20, 0x20, 0x20, 0x20, 0x20, 0x20, 0x20, 0x20, 0x20, 0x20, 0x20, 0x20, 0x20, 0x20, 0x20, //                 
	0x20, 0x20, 0x20, 0x76, 0x65, 0x63, 0x34, 0x20, 0x5f, 0x32, 0x32, 0x35, 0x20, 0x3d, 0x20, 0x69, //    vec4 _225 = i
	0x6d, 0x61, 0x67, 0x65, 0x4c, 0x6f, 0x61, 0x64, 0x28, 0x75, 0x5f, 0x53, 0x6f, 0x75, 0x72, 0x63, // mageLoad(u_Sourc
	0x65, 0x2c, 0x20, 0x5f, 0x31, 0x37, 0x36, 0x29, 0x3b, 0x0a, 0x20, 0x20, 0x20, 0x20, 0x20, 0x20, // e, _176);.      
	0x20, 0x20, 0x20, 0x20, 0x20, 0x20, 0x20, 0x20, 0x20, 0x20, 0x20, 0x20, 0x20, 0x20, 0x66, 0x6c, //               fl
	0x6f, 0x61, 0x74, 0x20, 0x5f, 0x33, 0x32, 0x32, 0x20, 0x3d, 0x20, 0x5f, 0x32, 0x32, 0x35, 0x2e, // oat _322 = _225.
	0x78, 0x3b, 0x0a, 0x20, 0x20, 0x20, 0x20, 0x20, 0x20, 0x20, 0x20, 0x20, 0x20, 0x20, 0x20, 0x20, // x;.             
	0x20, 0x20, 0x20, 0x20, 0x20, 0x20, 0x20, 0x66, 0x6c, 0x6f, 0x61, 0x74, 0x20, 0x5f, 0x34, 0x38, //        float _48
	0x36, 0x3b, 0x0a, 0x20, 0x20, 0x20, 0x20, 0x20, 0x20, 0x20, 0x20, 0x20, 0x20, 0x20, 0x20, 0x20, // 6;.             
	0x20, 0x20, 0x20, 0x20, 0x20, 0x20, 0x20, 0x64, 0x6f, 0x0a, 0x20, 0x20, 0x20, 0x20, 0x20, 0x20, //        do.      
	0x20, 0x20, 0x20, 0x20, 0x20, 0x20, 0x20, 0x20, 0x20, 0x20, 0x20, 0x20, 0x20, 0x20, 0x7b, 0x0a, //               {.
	0x20, 0x20, 0x20, 0x20, 0x20, 0x20, 0x20, 0x20, 0x20, 0x20, 0x20, 0x20, 0x20, 0x20, 0x20, 0x20, //                 
	0x20, 0x20, 0x20, 0x20, 0x20, 0x20, 0x20, 0x20, 0x69, 0x66, 0x20, 0x28, 0x5f, 0x33, 0x32, 0x32, //         if (_322
	0x20, 0x3c, 0x3d, 0x20, 0x30, 0x2e, 0x30, 0x34, 0x30, 0x34, 0x34, 0x39, 0x39, 0x39, 0x39, 0x32, //  <= 0.0404499992
	0x37, 0x32, 0x38, 0x32, 0x33, 0x33, 0x33, 0x33, 0x37, 0x34, 0x30, 0x32, 0x33, 0x34, 0x33, 0x37, // 7282333374023437
	0x35, 0x29, 0x0a, 0x20, 0x20, 0x20, 0x20, 0x20, 0x20, 0x20, 0x20, 0x20, 0x20, 0x20, 0x20, 0x20, // 5).             
	0x20, 0x20, 0x20, 0x20, 0x20, 0x20, 0x20, 0x20, 0x20, 0x20, 0x20, 0x7b, 0x0a, 0x20, 0x20, 0x20, //            {.   
	0x20, 0x20, 0x20, 0x20, 0x20, 0x20, 0x20, 0x20, 0x20, 0x20, 0x20, 0x20, 0x20, 0x20, 0x20, 0x20, //                 
	0x20, 0x20, 0x20, 0x20, 0x20, 0x20, 0x20, 0x20, 0x20, 0x5f, 0x34, 0x38, 0x36, 0x20, 0x3d, 0x20, //          _486 = 
	0x5f, 0x33, 0x32, 0x32, 0x20, 0x2a, 0x20, 0x30, 0x2e, 0x30, 0x37, 0x37, 0x33, 0x39, 0x39, 0x33, // _322 * 0.0773993
	0x38, 0x30, 0x35, 0x30, 0x35, 0x30, 0x38, 0x34, 0x39, 0x39, 0x31, 0x34, 0x35, 0x35, 0x30, 0x37, // 8050508499145507
	0x38, 0x31, 0x32, 0x35, 0x3b, 0x0a, 0x20, 0x20, 0x20, 0x20, 0x20, 0x20, 0x20, 0x20, 0x20, 0x20, // 8125;.          
	0x20, 0x20, 0x20, 0x20, 0x20, 0x20, 0x20, 0x20, 0x20, 0x20, 0x20, 0x20, 0x20, 0x20, 0x20, 0x20, //                 
	0x20, 0x20, 0x62, 0x72, 0x65, 0x61, 0x6b, 0x3b, 0x0a, 0x20, 0x20, 0x20, 0x20, 0x20, 0x20, 0x20, //   break;.       
	0x20, 0x20, 0x20, 0x20, 0x20, 0x20, 0x20, 0x20, 0x20, 0x20, 0x20, 0x20, 0x20, 0x20, 0x20, 0x20, //                 
	0x20, 0x7d, 0x0a, 0x20, 0x20, 0x20, 0x20, 0x20, 0x20, 0x20, 0x20, 0x20, 0x20, 0x20, 0x20, 0x20, //  }.             
	0x20, 0x20, 0x20, 0x20, 0x20, 0x20, 0x20, 0x20, 0x20, 0x20, 0x20, 0x65, 0x6c, 0x73, 0x65, 0x0a, //            else.
	0x20, 0x20, 0x20, 0x20, 0x20, 0x20, 0x20, 0x20, 0x20, 0x20, 0x20, 0x20, 0x20, 0x20, 0x20, 0x20, //                 
	0x20, 0x20, 0x20, 0x20, 0x20, 0x20, 0x20, 0x20, 0x7b, 0x0a, 0x20, 0x20, 0x20, 0x20, 0x20, 0x20, //         {.      
	0x20, 0x20, 0x20, 0x20, 0x20, 0x20, 0x20, 0x20, 0x20, 0x20, 0x20, 0x20, 0x20, 0x20, 0x20, 0x20, //                 
	0x20, 0x20, 0x20, 0x20, 0x20, 0x20, 0x5f, 0x34, 0x38, 0x36, 0x20, 0x3d, 0x20, 0x70, 0x6f, 0x77, //       _486 = pow
	0x28, 0x28, 0x5f, 0x33, 0x32, 0x32, 0x20, 0x2a, 0x20, 0x30, 0x2e, 0x39, 0x34, 0x37, 0x38, 0x36, // ((_322 * 0.94786
	0x37, 0x32, 0x37, 0x34, 0x32, 0x38, 0x34, 0x33, 0x36, 0x32, 0x37, 0x39, 0x32, 0x39, 0x36, 0x38, // 7274284362792968
	0x37, 0x35, 0x29, 0x20, 0x2b, 0x20, 0x30, 0x2e, 0x30, 0x35, 0x32, 0x31, 0x33, 0x32, 0x36, 0x39, // 75) + 0.05213269
	0x39, 0x36, 0x33, 0x38, 0x36, 0x30, 0x35, 0x31, 0x31, 0x37, 0x37, 0x39, 0x37, 0x38, 0x35, 0x31, // 9638605117797851
	0x35, 0x36, 0x32, 0x35, 0x2c, 0x20, 0x32, 0x2e, 0x34, 0x30, 0x30, 0x30, 0x30, 0x30, 0x30, 0x39, // 5625, 2.40000009
	0x35, 0x33, 0x36, 0x37, 0x34, 0x33, 0x31, 0x36, 0x34, 0x30, 0x36, 0x32, 0x35, 0x29, 0x3b, 0x0a, // 5367431640625);.
	0x20, 0x20, 0x20, 0x20, 0x20, 0x20, 0x20, 0x20, 0x20, 0x20, 0x20, 0x20, 0x20, 0x20, 0x20, 0x20, //                 
	0x20, 0x20, 0x20, 0x20, 0x20, 0x20, 0x20, 0x20, 0x20, 0x20, 0x20, 0x20, 0x62, 0x72, 0x65, 0x61, //             brea
	0x6b, 0x3b, 0x0a, 0x20, 0x20, 0x20, 0x20, 0x20, 0x20, 0x20, 0x20, 0x20, 0x20, 0x20, 0x20, 0x20, // k;.             
	0x20, 0x20, 0x20, 0x20, 0x20, 0x20, 0x20, 0x20, 0x20, 0x20, 0x20, 0x7d, 0x0a, 0x20, 0x20, 0x20, //            }.   
	0x20, 0x20, 0x20, 0x20, 0x20, 0x20, 0x20, 0x20, 0x20, 0x20, 0x20, 0x20, 0x20, 0x20, 0x20, 0x20, //                 
	0x20, 0x20, 0x20, 0x20, 0x20, 0x62, 0x72, 0x65, 0x61, 0x6b, 0x3b, 0x20, 0x2f, 0x2f, 0x20, 0x75, //      break; // u
	0x6e, 0x72, 0x65, 0x61, 0x63, 0x68, 0x61, 0x62, 0x6c, 0x65, 0x20, 0x77, 0x6f, 0x72, 0x6b, 0x61, // nreachable worka
	0x72, 0x6f, 0x75, 0x6e, 0x64, 0x0a, 0x20, 0x20, 0x20, 0x20, 0x20, 0x20, 0x20, 0x20, 0x20, 0x20, // round.          
	0x20, 0x20, 0x20, 0x20, 0x20, 0x20, 0x20, 0x20, 0x20, 0x20, 0x7d, 0x20, 0x77, 0x68, 0x69, 0x6c, //           } whil
	0x65, 0x28, 0x66, 0x61, 0x6c, 0x73, 0x65, 0x29, 0x3b, 0x0a, 0x20, 0x20, 0x20, 0x20, 0x20, 0x20, // e(false);.      
	0x20, 0x20, 0x20, 0x20, 0x20, 0x20, 0x20, 0x20, 0x20, 0x20, 0x20, 0x20, 0x20, 0x20, 0x66, 0x6c, //               fl
	0x6f, 0x61, 0x74, 0x20, 0x5f, 0x33, 0x32, 0x35, 0x20, 0x3d, 0x20, 0x5f, 0x32, 0x32, 0x35, 0x2e, // oat _325 = _225.
	0x79, 0x3b, 0x0a, 0x20, 0x20, 0x20, 0x20, 0x20, 0x20, 0x20, 0x20, 0x20, 0x20, 0x20, 0x20, 0x20, // y;.             
	0x20, 0x20, 0x20, 0x20, 0x20, 0x20, 0x20, 0x66, 0x6c, 0x6f, 0x61, 0x74, 0x20, 0x5f, 0x34, 0x38, //        float _48
	0x37, 0x3b, 0x0a, 0x20, 0x20, 0x20, 0x20, 0x20, 0x20, 0x20, 0x20, 0x20, 0x20, 0x20, 0x20, 0x20, // 7;.             
	0x20, 0x20, 0x20, 0x20, 0x20, 0x20, 0x20, 0x64, 0x6f, 0x0a, 0x20, 0x20, 0x20, 0x20, 0x20, 0x20, //        do.      
	0x20, 0x20, 0x20, 0x20, 0x20, 0x20, 0x20, 0x20, 0x20, 0x20, 0x20, 0x20, 0x20, 0x20, 0x7b, 0x0a, //               {.
	0x20, 0x20, 0x20, 0x20, 0x20, 0x20, 0x20, 0x20, 0x20, 0x20, 0x20, 0x20, 0x20, 0x20, 0x20, 0x20, //                 
	0x20, 0x20, 0x20, 0x20, 0x20, 0x20, 0x20, 0x20, 0x69, 0x66, 0x20, 0x28, 0x5f, 0x33, 0x32, 0x35, //         if (_325
	0x20, 0x3c, 0x3d, 0x20, 0x30, 0x2e, 0x30, 0x34, 0x30, 0x34, 0x34, 0x39, 0x39, 0x39, 0x39, 0x32, //  <= 0.0404499992
	0x37, 0x32, 0x38, 0x32, 0x33, 0x33, 0x33, 0x33, 0x37, 0x34, 0x30, 0x32, 0x33, 0x34, 0x33, 0x37, // 7282333374023437
	0x35, 0x29, 0x0a, 0x20, 0x20, 0x20, 0x20, 0x20, 0x20, 0x20, 0x20, 0x20, 0x20, 0x20, 0x20, 0x20, // 5).             
	0x20, 0x20, 0x20, 0x20, 0x20, 0x20, 0x20, 0x20, 0x20, 0x20, 0x20, 0x7b, 0x0a, 0x20, 0x20, 0x20, //            {.   
	0x20, 0x20, 0x20, 0x20, 0x20, 0x20, 0x20, 0x20, 0x20, 0x20, 0x20, 0x20, 0x20, 0x20, 0x20, 0x20, //                 
	0x20, 0x20, 0x20, 0x20, 0x20, 0x20, 0x20, 0x20, 0x20, 0x5f, 0x34, 0x38, 0x37, 0x20, 0x3d, 0x20, //          _487 = 
	0x5f, 0x33, 0x32, 0x35, 0x20, 0x2a, 0x20, 0x30, 0x2e, 0x30, 0x37, 0x37, 0x33, 0x39, 0x39, 0x33, // _325 * 0.0773993
	0x38, 0x30, 0x35, 0x30, 0x35, 0x30, 0x38, 0x34, 0x39, 0x39, 0x31, 0x34, 0x35, 0x35, 0x30, 0x37, // 8050508499145507
	0x38, 0x31, 0x32, 0x35, 0x3b, 0x0a, 0x20, 0x20, 0x20, 0x20, 0x20, 0x20, 0x20, 0x20, 0x20, 0x20, // 8125;.          
	0x20, 0x20, 0x20, 0x20, 0x20, 0x20, 0x20, 0x20, 0x20, 0x20, 0x20, 0x20, 0x20, 0x20, 0x20, 0x20, //                 
	0x20, 0x20, 0x62, 0x72, 0x65, 0x61, 0x6b, 0x3b, 0x0a, 0x20, 0x20, 0x20, 0x20, 0x20, 0x20, 0x20, //   break;.       
	0x20, 0x20, 0x20, 0x20, 0x20, 0x20, 0x20, 0x20, 0x20, 0x20, 0x20, 0x20, 0x20, 0x20, 0x20, 0x20, //                 
	0x20, 0x7d, 0x0a, 0x20, 0x20, 0x20, 0x20, 0x20, 0x20, 0x20, 0x20, 0x20, 0x20, 0x20, 0x20, 0x20, //  }.             
	0x20, 0x20, 0x20, 0x20, 0x20, 0x20, 0x20, 0x20, 0x20, 0x20, 0x20, 0x65, 0x6c, 0x73, 0x65, 0x0a, //            else.
	0x20, 0x20, 0x20, 0x20, 0x20, 0x20, 0x20, 0x20, 0x20, 0x20, 0x20, 0x20, 0x20, 0x20, 0x20, 0x20, //                 
	0x20, 0x20, 0x20, 0x20, 0x20, 0x20, 0x20, 0x20, 0x7b, 0x0a, 0x20, 0x20, 0x20, 0x20, 0x20, 0x20, //         {.      
	0x20, 0x20, 0x20, 0x20, 0x20, 0x20, 0x20, 0x20, 0x20, 0x20, 0x20, 0x20, 0x20, 0x20, 0x20, 0x20, //                 
	0x20, 0x20, 0x20, 0x20, 0x20, 0x20, 0x5f, 0x34, 0x38, 0x37, 0x20, 0x3d, 0x20, 0x70, 0x6f, 0x77, //       _487 = pow
	0x28, 0x28, 0x5f, 0x33, 0x32, 0x35, 0x20, 0x2a, 0x20, 0x30, 0x2e, 0x39, 0x34, 0x37, 0x38, 0x36, // ((_325 * 0.94786
	0x37, 0x32, 0x37, 0x34, 0x32, 0x38, 0x34, 0x33, 0x36, 0x32, 0x37, 0x39, 0x32, 0x39, 0x36, 0x38, // 7274284362792968
	0x37, 0x35, 0x29, 0x20, 0x2b, 0x20, 0x30, 0x2e, 0x30, 0x35, 0x32, 0x31, 0x33, 0x32, 0x36, 0x39, // 75) + 0.05213269
	0x39, 0x36, 0x33, 0x38, 0x36, 0x30, 0x35, 0x31, 0x31, 0x37, 0x37, 0x39, 0x37, 0x38, 0x35, 0x31, // 9638605117797851
	0x35, 0x36, 0x32, 0x35, 0x2c, 0x20, 0x32, 0x2e, 0x34, 0x30, 0x30, 0x30, 0x30, 0x30, 0x30, 0x39, // 5625, 2.40000009
	0x35, 0x33, 0x36, 0x37, 0x34, 0x33, 0x31, 0x36, 0x34, 0x30, 0x36, 0x32, 0x35, 0x29, 0x3b, 0x0a, // 5367431640625);.
	0x20, 0x20, 0x20, 0x20, 0x20, 0x20, 0x20, 0x20, 0x20, 0x20, 0x20, 0x20, 0x20, 0x20, 0x20, 0x20, //                 
	0x20, 0x20, 0x20, 0x20, 0x20, 0x20, 0x20, 0x20, 0x20, 0x20, 0x20, 0x20, 0x62, 0x72, 0x65, 0x61, //             brea
	0x6b, 0x3b, 0x0a, 0x20, 0x20, 0x20, 0x20, 0x20, 0x20, 0x20, 0x20, 0x20, 0x20, 0x20, 0x20, 0x20, // k;.             
	0x20, 0x20, 0x20, 0x20, 0x20, 0x20, 0x20, 0x20, 0x20, 0x20, 0x20, 0x7d, 0x0a, 0x20, 0x20, 0x20, //            }.   
	0x20, 0x20, 0x20, 0x20, 0x20, 0x20, 0x20, 0x20, 0x20, 0x20, 0x20, 0x20, 0x20, 0x20, 0x20, 0x20, //                 
	0x20, 0x20, 0x20, 0x20, 0x20, 0x62, 0x72, 0x65, 0x61, 0x6b, 0x3b, 0x20, 0x2f, 0x2f, 0x20, 0x75, //      break; // u
	0x6e, 0x72, 0x65, 0x61, 0x63, 0x68, 0x61, 0x62, 0x6c, 0x65, 0x20, 0x77, 0x6f, 0x72, 0x6b, 0x61, // nreachable worka
	0x72, 0x6f, 0x75, 0x6e, 0x64, 0x0a, 0x20, 0x20, 0x20, 0x20, 0x20, 0x20, 0x20, 0x20, 0x20, 0x20, // round.          
	0x20, 0x20, 0x20, 0x20, 0x20, 0x20, 0x20, 0x20, 0x20, 0x20, 0x7d, 0x20, 0x77, 0x68, 0x69, 0x6c, //           } whil
	0x65, 0x28, 0x66, 0x61, 0x6c, 0x73, 0x65, 0x29, 0x3b, 0x0a, 0x20, 0x20, 0x20, 0x20, 0x20, 0x20, // e(false);.      
	0x20, 0x20, 0x20, 0x20, 0x20, 0x20, 0x20, 0x20, 0x20, 0x20, 0x20, 0x20, 0x20, 0x20, 0x66, 0x6c, //               fl
	0x6f, 0x61, 0x74, 0x20, 0x5f, 0x33, 0x32, 0x38, 0x20, 0x3d, 0x20, 0x5f, 0x32, 0x32, 0x35, 0x2e, // oat _328 = _225.
	0x7a, 0x3b, 0x0a, 0x20, 0x20, 0x20, 0x20, 0x20, 0x20, 0x20, 0x20, 0x20, 0x20, 0x20, 0x20, 0x20, // z;.             
	0x20, 0x20, 0x20, 0x20, 0x20, 0x20, 0x20, 0x66, 0x6c, 0x6f, 0x61, 0x74, 0x20, 0x5f, 0x34, 0x38, //        float _48
	0x38, 0x3b, 0x0a, 0x20, 0x20, 0x20, 0x20, 0x20, 0x20, 0x20, 0x20, 0x20, 0x20, 0x20, 0x20, 0x20, // 8;.             
	0x20, 0x20, 0x20, 0x20, 0x20, 0x20, 0x20, 0x64, 0x6f, 0x0a, 0x20, 0x20, 0x20, 0x20, 0x20, 0x20, //        do.      
	0x20, 0x20, 0x20, 0x20, 0x20, 0x20, 0x20, 0x20, 0x20, 0x20, 0x20, 0x20, 0x20, 0x20, 0x7b, 0x0a, //               {.
	0x20, 0x20, 0x20, 0x20, 0x20, 0x20, 0x20, 0x20, 0x20, 0x20, 0x20, 0x20, 0x20, 0x20, 0x20, 0x20, //                 
	0x20, 0x20, 0x20, 0x20, 0x20, 0x20, 0x20, 0x20, 0x69, 0x66, 0x20, 0x28, 0x5f, 0x33, 0x32, 0x38, //         if (_328
	0x20, 0x3c, 0x3d, 0x20, 0x30, 0x2e, 0x30, 0x34, 0x30, 0x34, 0x34, 0x39, 0x39, 0x39, 0x39, 0x32, //  <= 0.0404499992
	0x37, 0x32, 0x38, 0x32, 0x33, 0x33, 0x33, 0x33, 0x37, 0x34, 0x30, 0x32, 0x33, 0x34, 0x33, 0x37, // 7282333374023437
	0x35, 0x29, 0x0a, 0x20, 0x20, 0x20, 0x20, 0x20, 0x20, 0x20, 0x20, 0x20, 0x20, 0x20, 0x20, 0x20, // 5).             
	0x20, 0x20, 0x20, 0x20, 0x20, 0x20, 0x20, 0x20, 0x20, 0x20, 0x20, 0x7b, 0x0a, 0x20, 0x20, 0x20, //            {.   
	0x20, 0x20, 0x20, 0x20, 0x20, 0x20, 0x20, 0x20, 0x20, 0x20, 0x20, 0x20, 0x20, 0x20, 0x20, 0x20, //                 
	0x20, 0x20, 0x20, 0x20, 0x20, 0x20, 0x20, 0x20, 0x20, 0x5f, 0x34, 0x38, 0x38, 0x20, 0x3d, 0x20, //          _488 = 
	0x5f, 0x33, 0x32, 0x38, 0x20, 0x2a, 0x20, 0x30, 0x2e, 0x30, 0x37, 0x37, 0x33, 0x39, 0x39, 0x33, // _328 * 0.0773993
	0x38, 0x30, 0x35, 0x30, 0x35, 0x30, 0x38, 0x34, 0x39, 0x39, 0x31, 0x34, 0x35, 0x35, 0x30, 0x37, // 8050508499145507
	0x38, 0x31, 0x32, 0x35, 0x3b, 0x0a, 0x20, 0x20, 0x20, 0x20, 0x20, 0x20, 0x20, 0x20, 0x20, 0x20, // 8125;.          
	0x20, 0x20, 0x20, 0x20, 0x20, 0x20, 0x20, 0x20, 0x20, 0x20, 0x20, 0x20, 0x20, 0x20, 0x20, 0x20, //                 
	0x20, 0x20, 0x62, 0x72, 0x65, 0x61, 0x6b, 0x3b, 0x0a, 0x20, 0x20, 0x20, 0x20, 0x20, 0x20, 0x20, //   break;.       
	0x20, 0x20, 0x20, 0x20, 0x20, 0x20, 0x20, 0x20, 0x20, 0x20, 0x20, 0x20, 0x20, 0x20, 0x20, 0x20, //                 
	0x20, 0x7d, 0x0a, 0x20, 0x20, 0x20, 0x20, 0x20, 0x20, 0x20, 0x20, 0x20, 0x20, 0x20, 0x20, 0x20, //  }.             
	0x20, 0x20, 0x20, 0x20, 0x20, 0x20, 0x20, 0x20, 0x20, 0x20, 0x20, 0x65, 0x6c, 0x73, 0x65, 0x0a, //            else.
	0x20, 0x20, 0x20, 0x20, 0x20, 0x20, 0x20, 0x20, 0x20, 0x20, 0x20, 0x20, 0x20, 0x20, 0x20, 0x20, //                 
	0x20, 0x20, 0x20, 0x20, 0x20, 0x20, 0x20, 0x20, 0x7b, 0x0a, 0x20, 0x20, 0x20, 0x20, 0x20, 0x20, //         {.      
	0x20, 0x20, 0x20, 0x20, 0x20, 0x20, 0x20, 0x20, 0x20, 0x20, 0x20, 0x20, 0x20, 0x20, 0x20, 0x20, //                 
	0x20, 0x20, 0x20, 0x20, 0x20, 0x20, 0x5f, 0x34, 0x38, 0x38, 0x20, 0x3d, 0x20, 0x70, 0x6f, 0x77, //       _488 = pow
	0x28, 0x28, 0x5f, 0x33, 0x32, 0x38, 0x20, 0x2a, 0x20, 0x30, 0x2e, 0x39, 0x34, 0x37, 0x38, 0x36, // ((_328 * 0.94786
	0x37, 0x32, 0x37, 0x34, 0x32, 0x38, 0x34, 0x33, 0x36, 0x32, 0x37, 0x39, 0x32, 0x39, 0x36, 0x38, // 7274284362792968
	0x37, 0x35, 0x29, 0x20, 0x2b, 0x20, 0x30, 0x2e, 0x30, 0x35, 0x32, 0x31, 0x33, 0x32, 0x36, 0x39, // 75) + 0.05213269
	0x39, 0x36, 0x33, 0x38, 0x36, 0x30, 0x35, 0x31, 0x31, 0x37, 0x37, 0x39, 0x37, 0x38, 0x35, 0x31, // 9638605117797851
	0x35, 0x36, 0x32, 0x35, 0x2c, 0x20, 0x32, 0x2e, 0x34, 0x30, 0x30, 0x30, 0x30, 0x30, 0x30, 0x39, // 5625, 2.40000009
	0x35, 0x33, 0x36, 0x37, 0x34, 0x33, 0x31, 0x36, 0x34, 0x30, 0x36, 0x32, 0x35, 0x29, 0x3b, 0x0a, // 5367431640625);.
	0x20, 0x20, 0x20, 0x20, 0x20, 0x20, 0x20, 0x20, 0x20, 0x20, 0x20, 0x20, 0x20, 0x20, 0x20, 0x20, //                 
	0x20, 0x20, 0x20, 0x20, 0x20, 0x20, 0x20, 0x20, 0x20, 0x20, 0x20, 0x20, 0x62, 0x72, 0x65, 0x61, //             brea
	0x6b, 0x3b, 0x0a, 0x20, 0x20, 0x20, 0x20, 0x20, 0x20, 0x20, 0x20, 0x20, 0x20, 0x20, 0x20, 0x20, // k;.             
	0x20, 0x20, 0x20, 0x20, 0x20, 0x20, 0x20, 0x20, 0x20, 0x20, 0x20, 0x7d, 0x0a, 0x20, 0x20, 0x20, //            }.   
	0x20, 0x20, 0x20, 0x20, 0x20, 0x20, 0x20, 0x20, 0x20, 0x20, 0x20, 0x20, 0x20, 0x20, 0x20, 0x20, //                 
	0x20, 0x20, 0x20, 0x20, 0x20, 0x62, 0x72, 0x65, 0x61, 0x6b, 0x3b, 0x20, 0x2f, 0x2f, 0x20, 0x75, //      break; // u
	0x6e, 0x72, 0x65, 0x61, 0x63, 0x68, 0x61, 0x62, 0x6c, 0x65, 0x20, 0x77, 0x6f, 0x72, 0x6b, 0x61, // nreachable worka
	0x72, 0x6f, 0x75, 0x6e, 0x64, 0x0a, 0x20, 0x20, 0x20, 0x20, 0x20, 0x20, 0x20, 0x20, 0x20, 0x20, // round.          
	0x20, 0x20, 0x20, 0x20, 0x20, 0x20, 0x20, 0x20, 0x20, 0x20, 0x7d, 0x20, 0x77, 0x68, 0x69, 0x6c, //           } whil
	0x65, 0x28, 0x66, 0x61, 0x6c, 0x73, 0x65, 0x29, 0x3b, 0x0a, 0x20, 0x20, 0x20, 0x20, 0x20, 0x20, // e(false);.      
	0x20, 0x20, 0x20, 0x20, 0x20, 0x20, 0x20, 0x20, 0x20, 0x20, 0x20, 0x20, 0x20, 0x20, 0x5f, 0x35, //               _5
	0x31, 0x35, 0x20, 0x3d, 0x20, 0x5f, 0x35, 0x30, 0x38, 0x20, 0x2b, 0x20, 0x5f, 0x32, 0x31, 0x32, // 15 = _508 + _212
	0x5b, 0x5f, 0x34, 0x37, 0x38, 0x5d, 0x5b, 0x5f, 0x34, 0x37, 0x32, 0x5d, 0x3b, 0x0a, 0x20, 0x20, // [_478][_472];.  
	0x20, 0x20, 0x20, 0x20, 0x20, 0x20, 0x20, 0x20, 0x20, 0x20, 0x20, 0x20, 0x20, 0x20, 0x20, 0x20, //                 
	0x20, 0x20, 0x5f, 0x35, 0x31, 0x32, 0x20, 0x3d, 0x20, 0x5f, 0x34, 0x39, 0x35, 0x20, 0x2b, 0x20, //   _512 = _495 + 
	0x28, 0x76, 0x65, 0x63, 0x34, 0x28, 0x5f, 0x34, 0x38, 0x36, 0x2c, 0x20, 0x5f, 0x34, 0x38, 0x37, // (vec4(_486, _487
	0x2c, 0x20, 0x5f, 0x34, 0x38, 0x38, 0x2c, 0x20, 0x5f, 0x32, 0x32, 0x35, 0x2e, 0x77, 0x29, 0x20, // , _488, _225.w) 
	0x2a, 0x20, 0x5f, 0x32, 0x31, 0x32, 0x5b, 0x5f, 0x34, 0x37, 0x38, 0x5d, 0x5b, 0x5f, 0x34, 0x37, // * _212[_478][_47
	0x32, 0x5d, 0x29, 0x3b, 0x0a, 0x20, 0x20, 0x20, 0x20, 0x20, 0x20, 0x20, 0x20, 0x20, 0x20, 0x20, // 2]);.           
	0x20, 0x20, 0x20, 0x20, 0x20, 0x7d, 0x0a, 0x20, 0x20, 0x20, 0x20, 0x20, 0x20, 0x20, 0x20, 0x20, //      }.         
	0x20, 0x20, 0x20, 0x20, 0x20, 0x20, 0x20, 0x65, 0x6c, 0x73, 0x65, 0x0a, 0x20, 0x20, 0x20, 0x20, //        else.    
	0x20, 0x20, 0x20, 0x20, 0x20, 0x20, 0x20, 0x20, 0x20, 0x20, 0x20, 0x20, 0x7b, 0x0a, 0x20, 0x20, //             {.  
	0x20, 0x20, 0x20, 0x20, 0x20, 0x20, 0x20, 0x20, 0x20, 0x20, 0x20, 0x20, 0x20, 0x20, 0x20, 0x20, //                 
	0x20, 0x20, 0x5f, 0x35, 0x31, 0x35, 0x20, 0x3d, 0x20, 0x5f, 0x35, 0x30, 0x38, 0x3b, 0x0a, 0x20, //   _515 = _508;. 
	0x20, 0x20, 0x20, 0x20, 0x20, 0x20, 0x20, 0x20, 0x20, 0x20, 0x20, 0x20, 0x20, 0x20, 0x20, 0x20, //                 
	0x20, 0x20, 0x20, 0x5f, 0x35, 0x31, 0x32, 0x20, 0x3d, 0x20, 0x5f, 0x34, 0x39, 0x35, 0x3b, 0x0a, //    _512 = _495;.
	0x20, 0x20, 0x20, 0x20, 0x20, 0x20, 0x20, 0x20, 0x20, 0x20, 0x20, 0x20, 0x20, 0x20, 0x20, 0x20, //                 
	0x7d, 0x0a, 0x20, 0x20, 0x20, 0x20, 0x20, 0x20, 0x20, 0x20, 0x20, 0x20, 0x20, 0x20, 0x7d, 0x0a, // }.            }.
	0x20, 0x20, 0x20, 0x20, 0x20, 0x20, 0x20, 0x20, 0x7d, 0x0a, 0x20, 0x20, 0x20, 0x20, 0x20, 0x20, //         }.      
	0x20, 0x20, 0x76, 0x65, 0x63, 0x34, 0x20, 0x5f, 0x32, 0x34, 0x35, 0x20, 0x3d, 0x20, 0x5f, 0x34, //   vec4 _245 = _4
	0x37, 0x33, 0x20, 0x2f, 0x20, 0x76, 0x65, 0x63, 0x34, 0x28, 0x5f, 0x34, 0x37, 0x34, 0x29, 0x3b, // 73 / vec4(_474);
	0x0a, 0x20, 0x20, 0x20, 0x20, 0x20, 0x20, 0x20, 0x20, 0x66, 0x6c, 0x6f, 0x61, 0x74, 0x20, 0x5f, // .        float _
	0x33, 0x39, 0x33, 0x20, 0x3d, 0x20, 0x5f, 0x32, 0x34, 0x35, 0x2e, 0x78, 0x3b, 0x0a, 0x20, 0x20, // 393 = _245.x;.  
	0x20, 0x20, 0x20, 0x20, 0x20, 0x20, 0x66, 0x6c, 0x6f, 0x61, 0x74, 0x20, 0x5f, 0x34, 0x37, 0x35, //       float _475
	0x3b, 0x0a, 0x20, 0x20, 0x20, 0x20, 0x20, 0x20, 0x20, 0x20, 0x64, 0x6f, 0x0a, 0x20, 0x20, 0x20, // ;.        do.   
	0x20, 0x20, 0x20, 0x20, 0x20, 0x7b, 0x0a, 0x20, 0x20, 0x20, 0x20, 0x20, 0x20, 0x20, 0x20, 0x20, //      {.         
	0x20, 0x20, 0x20, 0x69, 0x66, 0x20, 0x28, 0x5f, 0x33, 0x39, 0x33, 0x20, 0x3c, 0x3d, 0x20, 0x30, //    if (_393 <= 0
	0x2e, 0x30, 0x30, 0x33, 0x31, 0x33, 0x30, 0x38, 0x30, 0x30, 0x30, 0x39, 0x30, 0x37, 0x33, 0x30, // .003130800090730
	0x31, 0x39, 0x30, 0x32, 0x37, 0x37, 0x30, 0x39, 0x39, 0x36, 0x30, 0x39, 0x33, 0x37, 0x35, 0x29, // 190277099609375)
	0x0a, 0x20, 0x20, 0x20, 0x20, 0x20, 0x20, 0x20, 0x20, 0x20, 0x20, 0x20, 0x20, 0x7b, 0x0a, 0x20, // .            {. 
	0x20, 0x20, 0x20, 0x20, 0x20, 0x20, 0x20, 0x20, 0x20, 0x20, 0x20, 0x20, 0x20, 0x20, 0x20, 0x5f, //                _
	0x34, 0x37, 0x35, 0x20, 0x3d, 0x20, 0x31, 0x32, 0x2e, 0x39, 0x32, 0x30, 0x30, 0x30, 0x30, 0x30, // 475 = 12.9200000
	0x37, 0x36, 0x32, 0x39, 0x33, 0x39, 0x34, 0x35, 0x33, 0x31, 0x32, 0x35, 0x20, 0x2a, 0x20, 0x5f, // 762939453125 * _
	0x33, 0x39, 0x33, 0x3b, 0x0a, 0x20, 0x20, 0x20, 0x20, 0x20, 0x20, 0x20, 0x20, 0x20, 0x20, 0x20, // 393;.           
	0x20, 0x20, 0x20, 0x20, 0x20, 0x62, 0x72, 0x65, 0x61, 0x6b, 0x3b, 0x0a, 0x20, 0x20, 0x20, 0x20, //      break;.    
	0x20, 0x20, 0x20, 0x20, 0x20, 0x20, 0x20, 0x20, 0x7d, 0x0a, 0x20, 0x20, 0x20, 0x20, 0x20, 0x20, //         }.      
	0x20, 0x20, 0x20, 0x20, 0x20, 0x20, 0x65, 0x6c, 0x73, 0x65, 0x0a, 0x20, 0x20, 0x20, 0x20, 0x20, //       else.     
	0x20, 0x20, 0x20, 0x20, 0x20, 0x20, 0x20, 0x7b, 0x0a, 0x20, 0x20, 0x20, 0x20, 0x20, 0x20, 0x20, //        {.       
	0x20, 0x20, 0x20, 0x20, 0x20, 0x20, 0x20, 0x20, 0x20, 0x5f, 0x34, 0x37, 0x35, 0x20, 0x3d, 0x20, //          _475 = 
	0x28, 0x31, 0x2e, 0x30, 0x35, 0x34, 0x39, 0x39, 0x39, 0x39, 0x34, 0x37, 0x35, 0x34, 0x37, 0x39, // (1.0549999475479
	0x31, 0x32, 0x35, 0x39, 0x37, 0x36, 0x35, 0x36, 0x32, 0x35, 0x20, 0x2a, 0x20, 0x70, 0x6f, 0x77, // 1259765625 * pow
	0x28, 0x5f, 0x33, 0x39, 0x33, 0x2c, 0x20, 0x30, 0x2e, 0x34, 0x31, 0x36, 0x36, 0x36, 0x36, 0x36, // (_393, 0.4166666
	0x35, 0x36, 0x37, 0x33, 0x32, 0x35, 0x35, 0x39, 0x32, 0x30, 0x34, 0x31, 0x30, 0x31, 0x35, 0x36, // 5673255920410156
	0x32, 0x35, 0x29, 0x29, 0x20, 0x2d, 0x20, 0x30, 0x2e, 0x30, 0x35, 0x34, 0x39, 0x39, 0x39, 0x39, // 25)) - 0.0549999
	0x39, 0x39, 0x37, 0x30, 0x31, 0x39, 0x37, 0x36, 0x37, 0x37, 0x36, 0x31, 0x32, 0x33, 0x30, 0x34, // 9970197677612304
	0x36, 0x38, 0x37, 0x35, 0x3b, 0x0a, 0x20, 0x20, 0x20, 0x20, 0x20, 0x20, 0x20, 0x20, 0x20, 0x20, // 6875;.          
	0x20, 0x20, 0x20, 0x20, 0x20, 0x20, 0x62, 0x72, 0x65, 0x61, 0x6b, 0x3b, 0x0a, 0x20, 0x20, 0x20, //       break;.   
	0x20, 0x20, 0x20, 0x20, 0x20, 0x20, 0x20, 0x20, 0x20, 0x7d, 0x0a, 0x20, 0x20, 0x20, 0x20, 0x20, //          }.     
	0x20, 0x20, 0x20, 0x20, 0x20, 0x20, 0x20, 0x62, 0x72, 0x65, 0x61, 0x6b, 0x3b, 0x20, 0x2f, 0x2f, //        break; //
	0x20, 0x75, 0x6e, 0x72, 0x65, 0x61, 0x63, 0x68, 0x61, 0x62, 0x6c, 0x65, 0x20, 0x77, 0x6f, 0x72, //  unreachable wor
	0x6b, 0x61, 0x72, 0x6f, 0x75, 0x6e, 0x64, 0x0a, 0x20, 0x20, 0x20, 0x20, 0x20, 0x20, 0x20, 0x20, // karound.        
	0x7d, 0x20, 0x77, 0x68, 0x69, 0x6c, 0x65, 0x28, 0x66, 0x61, 0x6c, 0x73, 0x65, 0x29, 0x3b, 0x0a, // } while(false);.
	0x20, 0x20, 0x20, 0x20, 0x20, 0x20, 0x20, 0x20, 0x66, 0x6c, 0x6f, 0x61, 0x74, 0x20, 0x5f, 0x33, //         float _3
	0x39, 0x36, 0x20, 0x3d, 0x20, 0x5f, 0x32, 0x34, 0x35, 0x2e, 0x79, 0x3b, 0x0a, 0x20, 0x20, 0x20, // 96 = _245.y;.   
	0x20, 0x20, 0x20, 0x20, 0x20, 0x66, 0x6c, 0x6f, 0x61, 0x74, 0x20, 0x5f, 0x34, 0x37, 0x36, 0x3b, //      float _476;
	0x0a, 0x20, 0x20, 0x20, 0x20, 0x20, 0x20, 0x20, 0x20, 0x64, 0x6f, 0x0a, 0x20, 0x20, 0x20, 0x20, // .        do.    
	0x20, 0x20, 0x20, 0x20, 0x7b, 0x0a, 0x20, 0x20, 0x20, 0x20, 0x20, 0x20, 0x20, 0x20, 0x20, 0x20, //     {.          
	0x20, 0x20, 0x69, 0x66, 0x20, 0x28, 0x5f, 0x33, 0x39, 0x36, 0x20, 0x3c, 0x3d, 0x20, 0x30, 0x2e, //   if (_396 <= 0.
	0x30, 0x30, 0x33, 0x31, 0x33, 0x30, 0x38, 0x30, 0x30, 0x30, 0x39, 0x30, 0x37, 0x33, 0x30, 0x31, // 0031308000907301
	0x39, 0x30, 0x32, 0x37, 0x37, 0x30, 0x39, 0x39, 0x36, 0x30, 0x39, 0x33, 0x37, 0x35, 0x29, 0x0a, // 90277099609375).
	0x20, 0x20, 0x20, 0x20, 0x20, 0x20, 0x20, 0x20, 0x20, 0x20, 0x20, 0x20, 0x7b, 0x0a, 0x20, 0x20, //             {.  
	0x20, 0x20, 0x20, 0x20, 0x20, 0x20, 0x20, 0x20, 0x20, 0x20, 0x20, 0x20, 0x20, 0x20, 0x5f, 0x34, //               _4
	0x37, 0x36, 0x20, 0x3d, 0x20, 0x31, 0x32, 0x2e, 0x39, 0x32, 0x30, 0x30, 0x30, 0x30, 0x30, 0x37, // 76 = 12.92000007
	0x36, 0x32, 0x39, 0x33, 0x39, 0x34, 0x35, 0x33, 0x31, 0x32, 0x35, 0x20, 0x2a, 0x20, 0x5f, 0x33, // 62939453125 * _3
	0x39, 0x36, 0x3b, 0x0a, 0x20, 0x20, 0x20, 0x20, 0x20, 0x20, 0x20, 0x20, 0x20, 0x20, 0x20, 0x20, // 96;.            
	0x20, 0x20, 0x20, 0x20, 0x62, 0x72, 0x65, 0x61, 0x6b, 0x3b, 0x0a, 0x20, 0x20, 0x20, 0x20, 0x20, //     break;.     
	0x20, 0x20, 0x20, 0x20, 0x20, 0x20, 0x20, 0x7d, 0x0a, 0x20, 0x20, 0x20, 0x20, 0x20, 0x20, 0x20, //        }.       
	0x20, 0x20, 0x20, 0x20, 0x20, 0x65, 0x6c, 0x73, 0x65, 0x0a, 0x20, 0x20, 0x20, 0x20, 0x20, 0x20, //      else.      
	0x20, 0x20, 0x20, 0x20, 0x20, 0x20, 0x7b, 0x0a, 0x20, 0x20, 0x20, 0x20, 0x20, 0x20, 0x20, 0x20, //       {.        
	0x20, 0x20, 0x20, 0x20, 0x20, 0x20, 0x20, 0x20, 0x5f, 0x34, 0x37, 0x36, 0x20, 0x3d, 0x20, 0x28, //         _476 = (
	0x31, 0x2e, 0x30, 0x35, 0x34, 0x39, 0x39, 0x39, 0x39, 0x34, 0x37, 0x35, 0x34, 0x37, 0x39, 0x31, // 1.05499994754791
	0x32, 0x35, 0x39, 0x37, 0x36, 0x35, 0x36, 0x32, 0x35, 0x20, 0x2a, 0x20, 0x70, 0x6f, 0x77, 0x28, // 259765625 * pow(
	0x5f, 0x33, 0x39, 0x36, 0x2c, 0x20, 0x30, 0x2e, 0x34, 0x31, 0x36, 0x36, 0x36, 0x36, 0x36, 0x35, // _396, 0.41666665
	0x36, 0x37, 0x33, 0x32, 0x35, 0x35, 0x39, 0x32, 0x30, 0x34, 0x31, 0x30, 0x31, 0x35, 0x36, 0x32, // 6732559204101562
	0x35, 0x29, 0x29, 0x20, 0x2d, 0x20, 0x30, 0x2e, 0x30, 0x35, 0x34, 0x39, 0x39, 0x39, 0x39, 0x39, // 5)) - 0.05499999
	0x39, 0x37, 0x30, 0x31, 0x39, 0x37, 0x36, 0x37, 0x37, 0x36, 0x31, 0x32, 0x33, 0x30, 0x34, 0x36, // 9701976776123046
	0x38, 0x37, 0x35, 0x3b, 0x0a, 0x20, 0x20, 0x20, 0x20, 0x20, 0x20, 0x20, 0x20, 0x20, 0x20, 0x20, // 875;.           
	0x20, 0x20, 0x20, 0x20, 0x20, 0x62, 0x72, 0x65, 0x61, 0x6b, 0x3b, 0x0a, 0x20, 0x20, 0x20, 0x20, //      break;.    
	0x20, 0x20, 0x20, 0x20, 0x20, 0x20, 0x20, 0x20, 0x7d, 0x0a, 0x20, 0x20, 0x20, 0x20, 0x20, 0x20, //         }.      
	0x20, 0x20, 0x20, 0x20, 0x20, 0x20, 0x62, 0x72, 0x65, 0x61, 0x6b, 0x3b, 0x20, 0x2f, 0x2f, 0x20, //       break; // 
	0x75, 0x6e, 0x72, 0x65, 0x61, 0x63, 0x68, 0x61, 0x62, 0x6c, 0x65, 0x20, 0x77, 0x6f, 0x72, 0x6b, // unreachable work
	0x61, 0x72, 0x6f, 0x75, 0x6e, 0x64, 0x0a, 0x20, 0x20, 0x20, 0x20, 0x20, 0x20, 0x20, 0x20, 0x7d, // around.        }
	0x20, 0x77, 0x68, 0x69, 0x6c, 0x65, 0x28, 0x66, 0x61, 0x6c, 0x73, 0x65, 0x29, 0x3b, 0x0a, 0x20, //  while(false);. 
	0x20, 0x20, 0x20, 0x20, 0x20, 0x20, 0x20, 0x66, 0x6c, 0x6f, 0x61, 0x74, 0x20, 0x5f, 0x33, 0x39, //        float _39
	0x39, 0x20, 0x3d, 0x20, 0x5f, 0x32, 0x34, 0x35, 0x2e, 0x7a, 0x3b, 0x0a, 0x20, 0x20, 0x20, 0x20, // 9 = _245.z;.    
	0x20, 0x20, 0x20, 0x20, 0x66, 0x6c, 0x6f, 0x61, 0x74, 0x20, 0x5f, 0x34, 0x37, 0x37, 0x3b, 0x0a, //     float _477;.
	0x20, 0x20, 0x20, 0x20, 0x20, 0x20, 0x20, 0x20, 0x64, 0x6f, 0x0a, 0x20, 0x20, 0x20, 0x20, 0x20, //         do.     
	0x20, 0x20, 0x20, 0x7b, 0x0a, 0x20, 0x20, 0x20, 0x20, 0x20, 0x20, 0x20, 0x20, 0x20, 0x20, 0x20, //    {.           
	0x20, 0x69, 0x66, 0x20, 0x28, 0x5f, 0x33, 0x39, 0x39, 0x20, 0x3c, 0x3d, 0x20, 0x30, 0x2e, 0x30, //  if (_399 <= 0.0
	0x30, 0x33, 0x31, 0x33, 0x30, 0x38, 0x30, 0x30, 0x30, 0x39, 0x30, 0x37, 0x33, 0x30, 0x31, 0x39, // 0313080009073019
	0x30, 0x32, 0x37, 0x37, 0x30, 0x39, 0x39, 0x36, 0x30, 0x39, 0x33, 0x37, 0x35, 0x29, 0x0a, 0x20, // 0277099609375). 
	0x20, 0x20, 0x20, 0x20, 0x20, 0x20, 0x20, 0x20, 0x20, 0x20, 0x20, 0x7b, 0x0a, 0x20, 0x20, 0x20, //            {.   
	0x20, 0x20, 0x20, 0x20, 0x20, 0x20, 0x20, 0x20, 0x20, 0x20, 0x20, 0x20, 0x20, 0x5f, 0x34, 0x37, //              _47
	0x37, 0x20, 0x3d, 0x20, 0x31, 0x32, 0x2e, 0x39, 0x32, 0x30, 0x30, 0x30, 0x30, 0x30, 0x37, 0x36, // 7 = 12.920000076
	0x32, 0x39, 0x33, 0x39, 0x34, 0x35, 0x33, 0x31, 0x32, 0x35, 0x20, 0x2a, 0x20, 0x5f, 0x33, 0x39, // 2939453125 * _39
	0x39, 0x3b, 0x0a, 0x20, 0x20, 0x20, 0x20, 0x20, 0x20, 0x20, 0x20, 0x20, 0x20, 0x20, 0x20, 0x20, // 9;.             
	0x20, 0x20, 0x20, 0x62, 0x72, 0x65, 0x61, 0x6b, 0x3b, 0x0a, 0x20, 0x20, 0x20, 0x20, 0x20, 0x20, //    break;.      
	0x20, 0x20, 0x20, 0x20, 0x20, 0x20, 0x7d, 0x0a, 0x20, 0x20, 0x20, 0x20, 0x20, 0x20, 0x20, 0x20, //       }.        
	0x20, 0x20, 0x20, 0x20, 0x65, 0x6c, 0x73, 0x65, 0x0a, 0x20, 0x20, 0x20, 0x20, 0x20, 0x20, 0x20, //     else.       
	0x20, 0x20, 0x20, 0x20, 0x20, 0x7b, 0x0a, 0x20, 0x20, 0x20, 0x20, 0x20, 0x20, 0x20, 0x20, 0x20, //      {.         
	0x20, 0x20, 0x20, 0x20, 0x20, 0x20, 0x20, 0x5f, 0x34, 0x37, 0x37, 0x20, 0x3d, 0x20, 0x28, 0x31, //        _477 = (1
	0x2e, 0x30, 0x35, 0x34, 0x39, 0x39, 0x39, 0x39, 0x34, 0x37, 0x35, 0x34, 0x37, 0x39, 0x31, 0x32, // .054999947547912
	0x35, 0x39, 0x37, 0x36, 0x35, 0x36, 0x32, 0x35, 0x20, 0x2a, 0x20, 0x70, 0x6f, 0x77, 0x28, 0x5f, // 59765625 * pow(_
	0x33, 0x39, 0x39, 0x2c, 0x20, 0x30, 0x2e, 0x34, 0x31, 0x36, 0x36, 0x36, 0x36, 0x36, 0x35, 0x36, // 399, 0.416666656
	0x37, 0x33, 0x32, 0x35, 0x35, 0x39, 0x32, 0x30, 0x34, 0x31, 0x30, 0x31, 0x35, 0x36, 0x32, 0x35, // 7325592041015625
	0x29, 0x29, 0x20, 0x2d, 0x20, 0x30, 0x2e, 0x30, 0x35, 0x34, 0x39, 0x39, 0x39, 0x39, 0x39, 0x39, // )) - 0.054999999
	0x37, 0x30, 0x31, 0x39, 0x37, 0x36, 0x37, 0x37, 0x36, 0x31, 0x32, 0x33, 0x30, 0x34, 0x36, 0x38, // 7019767761230468
	0x37, 0x35, 0x3b, 0x0a, 0x20, 0x20, 0x20, 0x20, 0x20, 0x20, 0x20, 0x20, 0x20, 0x20, 0x20, 0x20, // 75;.            
	0x20, 0x20, 0x20, 0x20, 0x62, 0x72, 0x65, 0x61, 0x6b, 0x3b, 0x0a, 0x20, 0x20, 0x20, 0x20, 0x20, //     break;.     
	0x20, 0x20, 0x20, 0x20, 0x20, 0x20, 0x20, 0x7d, 0x0a, 0x20, 0x20, 0x20, 0x20, 0x20, 0x20, 0x20, //        }.       
	0x20, 0x20, 0x20, 0x20, 0x20, 0x62, 0x72, 0x65, 0x61, 0x6b, 0x3b, 0x20, 0x2f, 0x2f, 0x20, 0x75, //      break; // u
	0x6e, 0x72, 0x65, 0x61, 0x63, 0x68, 0x61, 0x62, 0x6c, 0x65, 0x20, 0x77, 0x6f, 0x72, 0x6b, 0x61, // nreachable worka
	0x72, 0x6f, 0x75, 0x6e, 0x64, 0x0a, 0x20, 0x20, 0x20, 0x20, 0x20, 0x20, 0x20, 0x20, 0x7d, 0x20, // round.        } 
	0x77, 0x68, 0x69, 0x6c, 0x65, 0x28, 0x66, 0x61, 0x6c, 0x73, 0x65, 0x29, 0x3b, 0x0a, 0x20, 0x20, // while(false);.  
	0x20, 0x20, 0x20, 0x20, 0x20, 0x20, 0x69, 0x6d, 0x61, 0x67, 0x65, 0x53, 0x74, 0x6f, 0x72, 0x65, //       imageStore
	0x28, 0x75, 0x5f, 0x44, 0x65, 0x73, 0x74, 0x69, 0x6e, 0x61, 0x74, 0x69, 0x6f, 0x6e, 0x2c, 0x20, // (u_Destination, 
	0x5f, 0x31, 0x32, 0x30, 0x2c, 0x20, 0x76, 0x65, 0x63, 0x34, 0x28, 0x5f, 0x34, 0x37, 0x35, 0x2c, // _120, vec4(_475,
	0x20, 0x5f, 0x34, 0x37, 0x36, 0x2c, 0x20, 0x5f, 0x34, 0x37, 0x37, 0x2c, 0x20, 0x5f, 0x32, 0x34, //  _476, _477, _24
	0x35, 0x2e, 0x77, 0x29, 0x29, 0x3b, 0x0a, 0x20, 0x20, 0x20, 0x20, 0x20, 0x20, 0x20, 0x20, 0x62, // 5.w));.        b
	0x72, 0x65, 0x61, 0x6b, 0x3b, 0x0a, 0x20, 0x20, 0x20, 0x20, 0x7d, 0x20, 0x77, 0x68, 0x69, 0x6c, // reak;.    } whil
	0x65, 0x28, 0x66, 0x61, 0x6c, 0x73, 0x65, 0x29, 0x3b, 0x0a, 0x7d, 0x0a, 0x0a, 0x00,             // e(false);.}...
};
static const uint8_t cs_mipmap_srgba8_dxbc[2166] =
{
	0x43, 0x53, 0x48, 0x0c, 0x00, 0x00, 0x00, 0x00, 0x00, 0x00, 0x00, 0x00, 0x00, 0x00, 0x00, 0x00, // CSH.............
	0x00, 0x00, 0x00, 0x00, 0x00, 0x00, 0x58, 0x08, 0x00, 0x00, 0x44, 0x58, 0x42, 0x43, 0xf3, 0x5d, // ......X...DXBC.]
	0x73, 0x57, 0x92, 0xa3, 0x14, 0xfb, 0x80, 0x4e, 0xf8, 0xe5, 0x02, 0x1b, 0x18, 0x26, 0x01, 0x00, // sW.....N.....&..
	0x00, 0x00, 0x58, 0x08, 0x00, 0x00, 0x03, 0x00, 0x00, 0x00, 0x2c, 0x00, 0x00, 0x00, 0x3c, 0x00, // ..X.......,...<.
	0x00, 0x00, 0x4c, 0x00, 0x00, 0x00, 0x49, 0x53, 0x47, 0x4e, 0x08, 0x00, 0x00, 0x00, 0x00, 0x00, // ..L...ISGN......
	0x00, 0x00, 0x08, 0x00, 0x00, 0x00, 0x4f, 0x53, 0x47, 0x4e, 0x08, 0x00, 0x00, 0x00, 0x00, 0x00, // ......OSGN......
	0x00, 0x00, 0x08, 0x00, 0x00, 0x00, 0x53, 0x48, 0x45, 0x58, 0x04, 0x08, 0x00, 0x00, 0x50, 0x00, // ......SHEX....P.
	0x05, 0x00, 0x01, 0x02, 0x00, 0x00, 0x6a, 0x08, 0x00, 0x01, 0x35, 0x18, 0x00, 0x00, 0x42, 0x00, // ......j...5...B.
	0x00, 0x00, 0x38, 0x9e, 0xcf, 0x38, 0x00, 0x00, 0x00, 0x00, 0x00, 0x00, 0x00, 0x00, 0x00, 0x00, // ..8..8..........
	0x00, 0x00, 0x68, 0xe8, 0x9f, 0x3b, 0x00, 0x00, 0x00, 0x00, 0x00, 0x00, 0x00, 0x00, 0x00, 0x00, // ..h..;..........
	0x00, 0x00, 0x68, 0xe8, 0x9f, 0x3b, 0x00, 0x00, 0x00, 0x00, 0x00, 0x00, 0x00, 0x00, 0x00, 0x00, // ..h..;..........
	0x00, 0x00, 0x38, 0x9e, 0xcf, 0x38, 0x00, 0x00, 0x00, 0x00, 0x00, 0x00, 0x00, 0x00, 0x00, 0x00, // ..8..8..........
	0x00, 0x00, 0x68, 0xe8, 0x9f, 0x3b, 0x00, 0x00, 0x00, 0x00, 0x00, 0x00, 0x00, 0x00, 0x00, 0x00, // ..h..;..........
	0x00, 0x00, 0x86, 0xe7, 0x75, 0x3e, 0x00, 0x00, 0x00, 0x00, 0x00, 0x00, 0x00, 0x00, 0x00, 0x00, // ....u>..........
	0x00, 0x00, 0x86, 0xe7, 0x75, 0x3e, 0x00, 0x00, 0x00, 0x00, 0x00, 0x00, 0x00, 0x00, 0x00, 0x00, // ....u>..........
	0x00, 0x00, 0x68, 0xe8, 0x9f, 0x3b, 0x00, 0x00, 0x00, 0x00, 0x00, 0x00, 0x00, 0x00, 0x00, 0x00, // ..h..;..........
	0x00, 0x00, 0x68, 0xe8, 0x9f, 0x3b, 0x00, 0x00, 0x00, 0x00, 0x00, 0x00, 0x00, 0x00, 0x00, 0x00, // ..h..;..........
	0x00, 0x00, 0x86, 0xe7, 0x75, 0x3e, 0x00, 0x00, 0x00, 0x00, 0x00, 0x00, 0x00, 0x00, 0x00, 0x00, // ....u>..........
	0x00, 0x00, 0x86, 0xe7, 0x75, 0x3e, 0x00, 0x00, 0x00, 0x00, 0x00, 0x00, 0x00, 0x00, 0x00, 0x00, // ....u>..........
	0x00, 0x00, 0x68, 0xe8, 0x9f, 0x3b, 0x00, 0x00, 0x00, 0x00, 0x00, 0x00, 0x00, 0x00, 0x00, 0x00, // ..h..;..........
	0x00, 0x00, 0x38, 0x9e, 0xcf, 0x38, 0x00, 0x00, 0x00, 0x00, 0x00, 0x00, 0x00, 0x00, 0x00, 0x00, // ..8..8..........
	0x00, 0x00, 0x68, 0xe8, 0x9f, 0x3b, 0x00, 0x00, 0x00, 0x00, 0x00, 0x00, 0x00, 0x00, 0x00, 0x00, // ..h..;..........
	0x00, 0x00, 0x68, 0xe8, 0x9f, 0x3b, 0x00, 0x00, 0x00, 0x00, 0x00, 0x00, 0x00, 0x00, 0x00, 0x00, // ..h..;..........
	0x00, 0x00, 0x38, 0x9e, 0xcf, 0x38, 0x00, 0x00, 0x00, 0x00, 0x00, 0x00, 0x00, 0x00, 0x00, 0x00, // ..8..8..........
	0x00, 0x00, 0x58, 0x18, 0x00, 0x04, 0x00, 0x70, 0x10, 0x00, 0x00, 0x00, 0x00, 0x00, 0x11, 0x11, // ..X....p........
	0x00, 0x00, 0x9c, 0x18, 0x00, 0x04, 0x00, 0xe0, 0x11, 0x00, 0x01, 0x00, 0x00, 0x00, 0x11, 0x11, // ................
	0x00, 0x00, 0x5f, 0x00, 0x00, 0x02, 0x32, 0x00, 0x02, 0x00, 0x68, 0x00, 0x00, 0x02, 0x08, 0x00, // .._...2...h.....
	0x00, 0x00, 0x9b, 0x00, 0x00, 0x04, 0x08, 0x00, 0x00, 0x00, 0x08, 0x00, 0x00, 0x00, 0x01, 0x00, // ................
	0x00, 0x00, 0x3d, 0x10, 0x00, 0x89, 0xc2, 0x00, 0x00, 0x80, 0x43, 0x44, 0x04, 0x00, 0x32, 0x00, // ..=.......CD..2.
	0x10, 0x00, 0x00, 0x00, 0x00, 0x00, 0x01, 0x40, 0x00, 0x00, 0x00, 0x00, 0x00, 0x00, 0x46, 0xee, // .......@......F.
	0x11, 0x00, 0x01, 0x00, 0x00, 0x00, 0x2b, 0x00, 0x00, 0x04, 0xc2, 0x00, 0x10, 0x00, 0x00, 0x00, // ......+.........
	0x00, 0x00, 0x06, 0x04, 0x02, 0x00, 0x2b, 0x00, 0x00, 0x05, 0x32, 0x00, 0x10, 0x00, 0x00, 0x00, // ......+...2.....
	0x00, 0x00, 0x46, 0x00, 0x10, 0x00, 0x00, 0x00, 0x00, 0x00, 0x1d, 0x00, 0x00, 0x07, 0x32, 0x00, // ..F...........2.
	0x10, 0x00, 0x00, 0x00, 0x00, 0x00, 0xe6, 0x0a, 0x10, 0x00, 0x00, 0x00, 0x00, 0x00, 0x46, 0x00, // ..............F.
	0x10, 0x00, 0x00, 0x00, 0x00, 0x00, 0x3c, 0x00, 0x00, 0x07, 0x12, 0x00, 0x10, 0x00, 0x00, 0x00, // ......<.........
	0x00, 0x00, 0x1a, 0x00, 0x10, 0x00, 0x00, 0x00, 0x00, 0x00, 0x0a, 0x00, 0x10, 0x00, 0x00, 0x00, // ................
	0x00, 0x00, 0x1f, 0x00, 0x04, 0x03, 0x0a, 0x00, 0x10, 0x00, 0x00, 0x00, 0x00, 0x00, 0x3e, 0x00, // ..............>.
	0x00, 0x01, 0x15, 0x00, 0x00, 0x01, 0x3d, 0x10, 0x00, 0x89, 0xc2, 0x00, 0x00, 0x80, 0x43, 0x44, // ......=.......CD
	0x04, 0x00, 0x32, 0x00, 0x10, 0x00, 0x00, 0x00, 0x00, 0x00, 0x01, 0x40, 0x00, 0x00, 0x00, 0x00, // ..2........@....
	0x00, 0x00, 0x46, 0x7e, 0x10, 0x00, 0x00, 0x00, 0x00, 0x00, 0x29, 0x00, 0x00, 0x09, 0xc2, 0x00, // ..F~......).....
	0x10, 0x00, 0x00, 0x00, 0x00, 0x00, 0x06, 0x04, 0x02, 0x00, 0x02, 0x40, 0x00, 0x00, 0x00, 0x00, // ...........@....
	0x00, 0x00, 0x00, 0x00, 0x00, 0x00, 0x01, 0x00, 0x00, 0x00, 0x01, 0x00, 0x00, 0x00, 0x1e, 0x00, // ................
	0x00, 0x0a, 0xc2, 0x00, 0x10, 0x00, 0x00, 0x00, 0x00, 0x00, 0xa6, 0x0e, 0x10, 0x00, 0x00, 0x00, // ................
	0x00, 0x00, 0x02, 0x40, 0x00, 0x00, 0x00, 0x00, 0x00, 0x00, 0x00, 0x00, 0x00, 0x00, 0xff, 0xff, // ...@............
	0xff, 0xff, 0xff, 0xff, 0xff, 0xff, 0x36, 0x00, 0x00, 0x08, 0xc2, 0x00, 0x10, 0x00, 0x01, 0x00, // ......6.........
	0x00, 0x00, 0x02, 0x40, 0x00, 0x00, 0x00, 0x00, 0x00, 0x00, 0x00, 0x00, 0x00, 0x00, 0x00, 0x00, // ...@............
	0x00, 0x00, 0x00, 0x00, 0x00, 0x00, 0x36, 0x00, 0x00, 0x08, 0xf2, 0x00, 0x10, 0x00, 0x02, 0x00, // ......6.........
	0x00, 0x00, 0x02, 0x40, 0x00, 0x00, 0x00, 0x00, 0x00, 0x00, 0x00, 0x00, 0x00, 0x00, 0x00, 0x00, // ...@............
	0x00, 0x00, 0x00, 0x00, 0x00, 0x00, 0x36, 0x00, 0x00, 0x05, 0x12, 0x00, 0x10, 0x00, 0x03, 0x00, // ......6.........
	0x00, 0x00, 0x01, 0x40, 0x00, 0x00, 0x00, 0x00, 0x00, 0x00, 0x36, 0x00, 0x00, 0x05, 0x22, 0x00, // ...@......6...".
	0x10, 0x00, 0x04, 0x00, 0x00, 0x00, 0x01, 0x40, 0x00, 0x00, 0x00, 0x00, 0x00, 0x00, 0x30, 0x00, // .......@......0.
	0x00, 0x01, 0x21, 0x00, 0x00, 0x07, 0x22, 0x00, 0x10, 0x00, 0x03, 0x00, 0x00, 0x00, 0x1a, 0x00, // ..!...".........
	0x10, 0x00, 0x04, 0x00, 0x00, 0x00, 0x01, 0x40, 0x00, 0x00, 0x04, 0x00, 0x00, 0x00, 0x03, 0x00, // .......@........
	0x04, 0x03, 0x1a, 0x00, 0x10, 0x00, 0x03, 0x00, 0x00, 0x00, 0x36, 0x00, 0x00, 0x05, 0xf2, 0x00, // ..........6.....
	0x10, 0x00, 0x05, 0x00, 0x00, 0x00, 0x46, 0x0e, 0x10, 0x00, 0x02, 0x00, 0x00, 0x00, 0x36, 0x00, // ......F.......6.
	0x00, 0x05, 0x22, 0x00, 0x10, 0x00, 0x03, 0x00, 0x00, 0x00, 0x0a, 0x00, 0x10, 0x00, 0x03, 0x00, // ..".............
	0x00, 0x00, 0x36, 0x00, 0x00, 0x05, 0x12, 0x00, 0x10, 0x00, 0x04, 0x00, 0x00, 0x00, 0x01, 0x40, // ..6............@
	0x00, 0x00, 0x00, 0x00, 0x00, 0x00, 0x30, 0x00, 0x00, 0x01, 0x21, 0x00, 0x00, 0x07, 0x42, 0x00, // ......0...!...B.
	0x10, 0x00, 0x03, 0x00, 0x00, 0x00, 0x0a, 0x00, 0x10, 0x00, 0x04, 0x00, 0x00, 0x00, 0x01, 0x40, // ...............@
	0x00, 0x00, 0x04, 0x00, 0x00, 0x00, 0x03, 0x00, 0x04, 0x03, 0x2a, 0x00, 0x10, 0x00, 0x03, 0x00, // ..........*.....
	0x00, 0x00, 0x1e, 0x00, 0x00, 0x07, 0x32, 0x00, 0x10, 0x00, 0x01, 0x00, 0x00, 0x00, 0xe6, 0x0a, // ......2.........
	0x10, 0x00, 0x00, 0x00, 0x00, 0x00, 0x46, 0x00, 0x10, 0x00, 0x04, 0x00, 0x00, 0x00, 0x21, 0x00, // ......F.......!.
	0x00, 0x0a, 0xc2, 0x00, 0x10, 0x00, 0x03, 0x00, 0x00, 0x00, 0x06, 0x04, 0x10, 0x00, 0x01, 0x00, // ................
	0x00, 0x00, 0x02, 0x40, 0x00, 0x00, 0x00, 0x00, 0x00, 0x00, 0x00, 0x00, 0x00, 0x00, 0x00, 0x00, // ...@............
	0x00, 0x00, 0x00, 0x00, 0x00, 0x00, 0x01, 0x00, 0x00, 0x07, 0x42, 0x00, 0x10, 0x00, 0x03, 0x00, // ..........B.....
	0x00, 0x00, 0x3a, 0x00, 0x10, 0x00, 0x03, 0x00, 0x00, 0x00, 0x2a, 0x00, 0x10, 0x00, 0x03, 0x00, // ..:.......*.....
	0x00, 0x00, 0x22, 0x00, 0x00, 0x07, 0xc2, 0x00, 0x10, 0x00, 0x04, 0x00, 0x00, 0x00, 0x06, 0x04, // ..".............
	0x10, 0x00, 0x01, 0x00, 0x00, 0x00, 0x06, 0x04, 0x10, 0x00, 0x00, 0x00, 0x00, 0x00, 0x01, 0x00, // ................
	0x00, 0x07, 0x42, 0x00, 0x10, 0x00, 0x03, 0x00, 0x00, 0x00, 0x2a, 0x00, 0x10, 0x00, 0x03, 0x00, // ..B.......*.....
	0x00, 0x00, 0x2a, 0x00, 0x10, 0x00, 0x04, 0x00, 0x00, 0x00, 0x01, 0x00, 0x00, 0x07, 0x42, 0x00, // ..*...........B.
	0x10, 0x00, 0x03, 0x00, 0x00, 0x00, 0x3a, 0x00, 0x10, 0x00, 0x04, 0x00, 0x00, 0x00, 0x2a, 0x00, // ......:.......*.
	0x10, 0x00, 0x03, 0x00, 0x00, 0x00, 0x1f, 0x00, 0x04, 0x03, 0x2a, 0x00, 0x10, 0x00, 0x03, 0x00, // ..........*.....
	0x00, 0x00, 0x29, 0x00, 0x00, 0x07, 0x42, 0x00, 0x10, 0x00, 0x03, 0x00, 0x00, 0x00, 0x0a, 0x00, // ..)...B.........
	0x10, 0x00, 0x04, 0x00, 0x00, 0x00, 0x01, 0x40, 0x00, 0x00, 0x02, 0x00, 0x00, 0x00, 0x1e, 0x00, // .......@........
	0x00, 0x07, 0x42, 0x00, 0x10, 0x00, 0x03, 0x00, 0x00, 0x00, 0x1a, 0x00, 0x10, 0x00, 0x04, 0x00, // ..B.............
	0x00, 0x00, 0x2a, 0x00, 0x10, 0x00, 0x03, 0x00, 0x00, 0x00, 0x2d, 0x00, 0x00, 0x89, 0xc2, 0x00, // ..*.......-.....
	0x00, 0x80, 0x43, 0x44, 0x04, 0x00, 0xf2, 0x00, 0x10, 0x00, 0x06, 0x00, 0x00, 0x00, 0x46, 0x0e, // ..CD..........F.
	0x10, 0x00, 0x01, 0x00, 0x00, 0x00, 0x46, 0x7e, 0x10, 0x00, 0x00, 0x00, 0x00, 0x00, 0x1d, 0x00, // ......F~........
	0x00, 0x0a, 0x72, 0x00, 0x10, 0x00, 0x07, 0x00, 0x00, 0x00, 0x02, 0x40, 0x00, 0x00, 0xe6, 0xae, // ..r........@....
	0x25, 0x3d, 0xe6, 0xae, 0x25, 0x3d, 0xe6, 0xae, 0x25, 0x3d, 0x00, 0x00, 0x00, 0x00, 0x46, 0x02, // %=..%=..%=....F.
	0x10, 0x00, 0x06, 0x00, 0x00, 0x00, 0x38, 0x00, 0x00, 0x0a, 0x32, 0x00, 0x10, 0x00, 0x01, 0x00, // ......8...2.....
	0x00, 0x00, 0x46, 0x00, 0x10, 0x00, 0x06, 0x00, 0x00, 0x00, 0x02, 0x40, 0x00, 0x00, 0x91, 0x83, // ..F........@....
	0x9e, 0x3d, 0x91, 0x83, 0x9e, 0x3d, 0x00, 0x00, 0x00, 0x00, 0x00, 0x00, 0x00, 0x00, 0x32, 0x00, // .=...=........2.
	0x00, 0x0f, 0xc2, 0x00, 0x10, 0x00, 0x04, 0x00, 0x00, 0x00, 0x06, 0x04, 0x10, 0x00, 0x06, 0x00, // ................
	0x00, 0x00, 0x02, 0x40, 0x00, 0x00, 0x00, 0x00, 0x00, 0x00, 0x00, 0x00, 0x00, 0x00, 0x6e, 0xa7, // ...@..........n.
	0x72, 0x3f, 0x6e, 0xa7, 0x72, 0x3f, 0x02, 0x40, 0x00, 0x00, 0x00, 0x00, 0x00, 0x00, 0x00, 0x00, // r?n.r?.@........
	0x00, 0x00, 0x19, 0x89, 0x55, 0x3d, 0x19, 0x89, 0x55, 0x3d, 0x2f, 0x00, 0x00, 0x05, 0xc2, 0x00, // ....U=..U=/.....
	0x10, 0x00, 0x04, 0x00, 0x00, 0x00, 0xa6, 0x0e, 0x10, 0x00, 0x04, 0x00, 0x00, 0x00, 0x38, 0x00, // ..............8.
	0x00, 0x0a, 0xc2, 0x00, 0x10, 0x00, 0x04, 0x00, 0x00, 0x00, 0xa6, 0x0e, 0x10, 0x00, 0x04, 0x00, // ................
	0x00, 0x00, 0x02, 0x40, 0x00, 0x00, 0x00, 0x00, 0x00, 0x00, 0x00, 0x00, 0x00, 0x00, 0x9a, 0x99, // ...@............
	0x19, 0x40, 0x9a, 0x99, 0x19, 0x40, 0x19, 0x00, 0x00, 0x05, 0xc2, 0x00, 0x10, 0x00, 0x04, 0x00, // .@...@..........
	0x00, 0x00, 0xa6, 0x0e, 0x10, 0x00, 0x04, 0x00, 0x00, 0x00, 0x37, 0x00, 0x00, 0x09, 0x32, 0x00, // ..........7...2.
	0x10, 0x00, 0x06, 0x00, 0x00, 0x00, 0x46, 0x00, 0x10, 0x00, 0x07, 0x00, 0x00, 0x00, 0x46, 0x00, // ......F.......F.
	0x10, 0x00, 0x01, 0x00, 0x00, 0x00, 0xe6, 0x0a, 0x10, 0x00, 0x04, 0x00, 0x00, 0x00, 0x38, 0x00, // ..............8.
	0x00, 0x07, 0x12, 0x00, 0x10, 0x00, 0x01, 0x00, 0x00, 0x00, 0x2a, 0x00, 0x10, 0x00, 0x06, 0x00, // ..........*.....
	0x00, 0x00, 0x01, 0x40, 0x00, 0x00, 0x91, 0x83, 0x9e, 0x3d, 0x32, 0x00, 0x00, 0x09, 0x22, 0x00, // ...@.....=2...".
	0x10, 0x00, 0x01, 0x00, 0x00, 0x00, 0x2a, 0x00, 0x10, 0x00, 0x06, 0x00, 0x00, 0x00, 0x01, 0x40, // ......*........@
	0x00, 0x00, 0x6e, 0xa7, 0x72, 0x3f, 0x01, 0x40, 0x00, 0x00, 0x19, 0x89, 0x55, 0x3d, 0x2f, 0x00, // ..n.r?.@....U=/.
	0x00, 0x05, 0x22, 0x00, 0x10, 0x00, 0x01, 0x00, 0x00, 0x00, 0x1a, 0x00, 0x10, 0x00, 0x01, 0x00, // ..".............
	0x00, 0x00, 0x38, 0x00, 0x00, 0x07, 0x22, 0x00, 0x10, 0x00, 0x01, 0x00, 0x00, 0x00, 0x1a, 0x00, // ..8...".........
	0x10, 0x00, 0x01, 0x00, 0x00, 0x00, 0x01, 0x40, 0x00, 0x00, 0x9a, 0x99, 0x19, 0x40, 0x19, 0x00, // .......@.....@..
	0x00, 0x05, 0x22, 0x00, 0x10, 0x00, 0x01, 0x00, 0x00, 0x00, 0x1a, 0x00, 0x10, 0x00, 0x01, 0x00, // ..".............
	0x00, 0x00, 0x37, 0x00, 0x00, 0x09, 0x42, 0x00, 0x10, 0x00, 0x06, 0x00, 0x00, 0x00, 0x2a, 0x00, // ..7...B.......*.
	0x10, 0x00, 0x07, 0x00, 0x00, 0x00, 0x0a, 0x00, 0x10, 0x00, 0x01, 0x00, 0x00, 0x00, 0x1a, 0x00, // ................
	0x10, 0x00, 0x01, 0x00, 0x00, 0x00, 0x32, 0x00, 0x00, 0x0a, 0xf2, 0x00, 0x10, 0x00, 0x05, 0x00, // ......2.........
	0x00, 0x00, 0x06, 0x90, 0x90, 0x00, 0x2a, 0x00, 0x10, 0x00, 0x03, 0x00, 0x00, 0x00, 0x46, 0x0e, // ......*.......F.
	0x10, 0x00, 0x06, 0x00, 0x00, 0x00, 0x46, 0x0e, 0x10, 0x00, 0x05, 0x00, 0x00, 0x00, 0x00, 0x00, // ......F.........
	0x00, 0x08, 0x22, 0x00, 0x10, 0x00, 0x03, 0x00, 0x00, 0x00, 0x1a, 0x00, 0x10, 0x00, 0x03, 0x00, // ..".............
	0x00, 0x00, 0x0a, 0x90, 0x90, 0x00, 0x2a, 0x00, 0x10, 0x00, 0x03, 0x00, 0x00, 0x00, 0x15, 0x00, // ......*.........
	0x00, 0x01, 0x1e, 0x00, 0x00, 0x07, 0x12, 0x00, 0x10, 0x00, 0x04, 0x00, 0x00, 0x00, 0x0a, 0x00, // ................
	0x10, 0x00, 0x04, 0x00, 0x00, 0x00, 0x01, 0x40, 0x00, 0x00, 0x01, 0x00, 0x00, 0x00, 0x16, 0x00, // .......@........
	0x00, 0x01, 0x36, 0x00, 0x00, 0x05, 0xf2, 0x00, 0x10, 0x00, 0x02, 0x00, 0x00, 0x00, 0x46, 0x0e, // ..6...........F.
	0x10, 0x00, 0x05, 0x00, 0x00, 0x00, 0x36, 0x00, 0x00, 0x05, 0x12, 0x00, 0x10, 0x00, 0x03, 0x00, // ......6.........
	0x00, 0x00, 0x1a, 0x00, 0x10, 0x00, 0x03, 0x00, 0x00, 0x00, 0x1e, 0x00, 0x00, 0x07, 0x22, 0x00, // ..............".
	0x10, 0x00, 0x04, 0x00, 0x00, 0x00, 0x1a, 0x00, 0x10, 0x00, 0x04, 0x00, 0x00, 0x00, 0x01, 0x40, // ...............@
	0x00, 0x00, 0x01, 0x00, 0x00, 0x00, 0x16, 0x00, 0x00, 0x01, 0x0e, 0x00, 0x00, 0x07, 0xf2, 0x00, // ................
	0x10, 0x00, 0x00, 0x00, 0x00, 0x00, 0x46, 0x0e, 0x10, 0x00, 0x02, 0x00, 0x00, 0x00, 0x06, 0x00, // ......F.........
	0x10, 0x00, 0x03, 0x00, 0x00, 0x00, 0x1d, 0x00, 0x00, 0x0a, 0x72, 0x00, 0x10, 0x00, 0x01, 0x00, // ..........r.....
	0x00, 0x00, 0x02, 0x40, 0x00, 0x00, 0x1c, 0x2e, 0x4d, 0x3b, 0x1c, 0x2e, 0x4d, 0x3b, 0x1c, 0x2e, // ...@....M;..M;..
	0x4d, 0x3b, 0x00, 0x00, 0x00, 0x00, 0x46, 0x02, 0x10, 0x00, 0x00, 0x00, 0x00, 0x00, 0x38, 0x00, // M;....F.......8.
	0x00, 0x0a, 0x72, 0x00, 0x10, 0x00, 0x02, 0x00, 0x00, 0x00, 0x46, 0x02, 0x10, 0x00, 0x00, 0x00, // ..r.......F.....
	0x00, 0x00, 0x02, 0x40, 0x00, 0x00, 0x52, 0xb8, 0x4e, 0x41, 0x52, 0xb8, 0x4e, 0x41, 0x52, 0xb8, // ...@..R.NAR.NAR.
	0x4e, 0x41, 0x00, 0x00, 0x00, 0x00, 0x2f, 0x00, 0x00, 0x05, 0x72, 0x00, 0x10, 0x00, 0x03, 0x00, // NA..../...r.....
	0x00, 0x00, 0x46, 0x02, 0x10, 0x00, 0x00, 0x00, 0x00, 0x00, 0x38, 0x00, 0x00, 0x0a, 0x72, 0x00, // ..F.......8...r.
	0x10, 0x00, 0x03, 0x00, 0x00, 0x00, 0x46, 0x02, 0x10, 0x00, 0x03, 0x00, 0x00, 0x00, 0x02, 0x40, // ......F........@
	0x00, 0x00, 0x55, 0x55, 0xd5, 0x3e, 0x55, 0x55, 0xd5, 0x3e, 0x55, 0x55, 0xd5, 0x3e, 0x00, 0x00, // ..UU.>UU.>UU.>..
	0x00, 0x00, 0x19, 0x00, 0x00, 0x05, 0x72, 0x00, 0x10, 0x00, 0x03, 0x00, 0x00, 0x00, 0x46, 0x02, // ......r.......F.
	0x10, 0x00, 0x03, 0x00, 0x00, 0x00, 0x32, 0x00, 0x00, 0x0f, 0x72, 0x00, 0x10, 0x00, 0x03, 0x00, // ......2...r.....
	0x00, 0x00, 0x46, 0x02, 0x10, 0x00, 0x03, 0x00, 0x00, 0x00, 0x02, 0x40, 0x00, 0x00, 0x3d, 0x0a, // ..F........@..=.
	0x87, 0x3f, 0x3d, 0x0a, 0x87, 0x3f, 0x3d, 0x0a, 0x87, 0x3f, 0x00, 0x00, 0x00, 0x00, 0x02, 0x40, // .?=..?=..?.....@
	0x00, 0x00, 0xae, 0x47, 0x61, 0xbd, 0xae, 0x47, 0x61, 0xbd, 0xae, 0x47, 0x61, 0xbd, 0x00, 0x00, // ...Ga..Ga..Ga...
	0x00, 0x00, 0x37, 0x00, 0x00, 0x09, 0x72, 0x00, 0x10, 0x00, 0x00, 0x00, 0x00, 0x00, 0x46, 0x02, // ..7...r.......F.
	0x10, 0x00, 0x01, 0x00, 0x00, 0x00, 0x46, 0x02, 0x10, 0x00, 0x02, 0x00, 0x00, 0x00, 0x46, 0x02, // ......F.......F.
	0x10, 0x00, 0x03, 0x00, 0x00, 0x00, 0xa4, 0x00, 0x00, 0x06, 0xf2, 0xe0, 0x11, 0x00, 0x01, 0x00, // ................
	0x00, 0x00, 0x46, 0x05, 0x02, 0x00, 0x46, 0x0e, 0x10, 0x00, 0x00, 0x00, 0x00, 0x00, 0x3e, 0x00, // ..F...F.......>.
	0x00, 0x01, 0x00, 0x00, 0x00, 0x00,                                                             // ......
};
static const uint8_t cs_mipmap_srgba8_dxil[4762] =
{
	0x43, 0x53, 0x48, 0x0c, 0x00, 0x00, 0x00, 0x00, 0x00, 0x00, 0x00, 0x00, 0x00, 0x00, 0x00, 0x00, // CSH.............
	0x00, 0x00, 0x00, 0x00, 0x00, 0x00, 0x7c, 0x12, 0x00, 0x00, 0x44, 0x58, 0x42, 0x43, 0x51, 0xb7, // ......|...DXBCQ.
	0xd8, 0xc6, 0xb6, 0x51, 0xc7, 0xc8, 0x42, 0xef, 0x41, 0xb6, 0x49, 0x30, 0x74, 0xd4, 0x01, 0x00, // ...Q..B.A.I0t...
	0x00, 0x00, 0x7c, 0x12, 0x00, 0x00, 0x07, 0x00, 0x00, 0x00, 0x3c, 0x00, 0x00, 0x00, 0x4c, 0x00, // ..|.......<...L.
	0x00, 0x00, 0x5c, 0x00, 0x00, 0x00, 0x6c, 0x00, 0x00, 0x00, 0xf4, 0x00, 0x00, 0x00, 0x00, 0x08, // ......l.........
	0x00, 0x00, 0x1c, 0x08, 0x00, 0x00, 0x53, 0x46, 0x49, 0x30, 0x08, 0x00, 0x00, 0x00, 0x00, 0x00, // ......SFI0......
	0x00, 0x00, 0x00, 0x00, 0x00, 0x00, 0x49, 0x53, 0x47, 0x31, 0x08, 0x00, 0x00, 0x00, 0x00, 0x00, // ......ISG1......
	0x00, 0x00, 0x08, 0x00, 0x00, 0x00, 0x4f, 0x53, 0x47, 0x31, 0x08, 0x00, 0x00, 0x00, 0x00, 0x00, // ......OSG1......
	0x00, 0x00, 0x08, 0x00, 0x00, 0x00, 0x50, 0x53, 0x56, 0x30, 0x80, 0x00, 0x00, 0x00, 0x34, 0x00, // ......PSV0....4.
	0x00, 0x00, 0x00, 0x00, 0x00, 0x00, 0x00, 0x00, 0x00, 0x00, 0x00, 0x00, 0x00, 0x00, 0x00, 0x00, // ................
	0x00, 0x00, 0x00, 0x00, 0x00, 0x00, 0xff, 0xff, 0xff, 0xff, 0x05, 0x00, 0x00, 0x00, 0x00, 0x00, // ................
	0x00, 0x00, 0x00, 0x00, 0x00, 0x00, 0x08, 0x00, 0x00, 0x00, 0x08, 0x00, 0x00, 0x00, 0x01, 0x00, // ................
	0x00, 0x00, 0x01, 0x00, 0x00, 0x00, 0x02, 0x00, 0x00, 0x00, 0x18, 0x00, 0x00, 0x00, 0x03, 0x00, // ................
	0x00, 0x00, 0x00, 0x00, 0x00, 0x00, 0x00, 0x00, 0x00, 0x00, 0x00, 0x00, 0x00, 0x00, 0x02, 0x00, // ................
	0x00, 0x00, 0x00, 0x00, 0x00, 0x00, 0x06, 0x00, 0x00, 0x00, 0x00, 0x00, 0x00, 0x00, 0x01, 0x00, // ................
	0x00, 0x00, 0x01, 0x00, 0x00, 0x00, 0x02, 0x00, 0x00, 0x00, 0x00, 0x00, 0x00, 0x00, 0x08, 0x00, // ................
	0x00, 0x00, 0x00, 0x6d, 0x61, 0x69, 0x6e, 0x00, 0x00, 0x00, 0x00, 0x00, 0x00, 0x00, 0x53, 0x54, // ...main.......ST
	0x41, 0x54, 0x04, 0x07, 0x00, 0x00, 0x60, 0x00, 0x05, 0x00, 0xc1, 0x01, 0x00, 0x00, 0x44, 0x58, // AT....`.......DX
	0x49, 0x4c, 0x00, 0x01, 0x00, 0x00, 0x10, 0x00, 0x00, 0x00, 0xec, 0x06, 0x00, 0x00, 0x42, 0x43, // IL............BC
	0xc0, 0xde, 0x21, 0x0c, 0x00, 0x00, 0xb8, 0x01, 0x00, 0x00, 0x0b, 0x82, 0x20, 0x00, 0x02, 0x00, // ..!......... ...
	0x00, 0x00, 0x13, 0x00, 0x00, 0x00, 0x07, 0x81, 0x23, 0x91, 0x41, 0xc8, 0x04, 0x49, 0x06, 0x10, // ........#.A..I..
	0x32, 0x39, 0x92, 0x01, 0x84, 0x0c, 0x25, 0x05, 0x08, 0x19, 0x1e, 0x04, 0x8b, 0x62, 0x80, 0x18, // 29....%......b..
	0x45, 0x02, 0x42, 0x92, 0x0b, 0x42, 0xc4, 0x10, 0x32, 0x14, 0x38, 0x08, 0x18, 0x4b, 0x0a, 0x32, // E.B..B..2.8..K.2
	0x62, 0x88, 0x48, 0x90, 0x14, 0x20, 0x43, 0x46, 0x88, 0xa5, 0x00, 0x19, 0x32, 0x42, 0xe4, 0x48, // b.H.. CF....2B.H
	0x0e, 0x90, 0x11, 0x23, 0xc4, 0x50, 0x41, 0x51, 0x81, 0x8c, 0xe1, 0x83, 0xe5, 0x8a, 0x04, 0x31, // ...#.PAQ.......1
	0x46, 0x06, 0x51, 0x18, 0x00, 0x00, 0x08, 0x00, 0x00, 0x00, 0x1b, 0x8c, 0xe0, 0xff, 0xff, 0xff, // F.Q.............
	0xff, 0x07, 0x40, 0x02, 0xa8, 0x0d, 0x86, 0xf0, 0xff, 0xff, 0xff, 0xff, 0x03, 0x20, 0x01, 0xd5, // ..@.......... ..
	0x06, 0x62, 0xf8, 0xff, 0xff, 0xff, 0xff, 0x01, 0x90, 0x00, 0x49, 0x18, 0x00, 0x00, 0x03, 0x00, // .b........I.....
	0x00, 0x00, 0x13, 0x82, 0x60, 0x42, 0x20, 0x4c, 0x08, 0x06, 0x00, 0x00, 0x00, 0x00, 0x89, 0x20, // ....`B L....... 
	0x00, 0x00, 0x57, 0x00, 0x00, 0x00, 0x32, 0x22, 0x88, 0x09, 0x20, 0x64, 0x85, 0x04, 0x13, 0x23, // ..W...2".. d...#
	0xa4, 0x84, 0x04, 0x13, 0x23, 0xe3, 0x84, 0xa1, 0x90, 0x14, 0x12, 0x4c, 0x8c, 0x8c, 0x0b, 0x84, // ....#......L....
	0xc4, 0x4c, 0x10, 0x80, 0xc1, 0x0c, 0x40, 0x42, 0x00, 0x14, 0x8c, 0x00, 0x94, 0x60, 0x20, 0x62, // .L....@B.....` b
	0x8e, 0x00, 0x0c, 0xca, 0x60, 0x18, 0x06, 0x1d, 0x37, 0x0d, 0x97, 0x3f, 0x61, 0x0f, 0x21, 0xf9, // ....`...7..?a.!.
	0x1d, 0xc2, 0x10, 0x8d, 0x84, 0x38, 0x8d, 0x84, 0x08, 0xc3, 0x30, 0x8c, 0x39, 0x02, 0x84, 0x94, // .....8....0.9...
	0x7b, 0x86, 0xcb, 0x9f, 0xb0, 0x87, 0x90, 0xfc, 0x10, 0x68, 0x86, 0x85, 0x40, 0xc1, 0x52, 0x88, // {........h..@.R.
	0xc4, 0x60, 0x0c, 0x6a, 0xca, 0x00, 0x18, 0x00, 0x3d, 0x65, 0x19, 0x0c, 0xc6, 0x30, 0x0c, 0x00, // .`.j....=e...0..
	0x00, 0x00, 0x85, 0xa2, 0x9b, 0x86, 0xcb, 0x9f, 0xb0, 0x87, 0x90, 0xfc, 0x95, 0x90, 0x56, 0x62, // ..............Vb
	0xf2, 0x8b, 0xdb, 0x46, 0x05, 0x00, 0x00, 0x80, 0x51, 0x94, 0xc9, 0x60, 0x0c, 0xc3, 0x30, 0x0c, // ...F....Q..`..0.
	0xc3, 0x20, 0x6a, 0x8e, 0x20, 0x28, 0x06, 0x63, 0x28, 0x86, 0x61, 0xd1, 0x35, 0x10, 0x30, 0x8c, // . j. (.c(.a.5.0.
	0x40, 0x00, 0x33, 0xb5, 0xc1, 0x38, 0xb0, 0x43, 0x38, 0xcc, 0xc3, 0x3c, 0xb8, 0x01, 0x2d, 0x94, // @.3..8.C8..<..-.
	0x03, 0x3e, 0xd0, 0x43, 0x3d, 0xc8, 0x43, 0x39, 0xc8, 0x01, 0x29, 0xf0, 0x81, 0x3d, 0x94, 0xc3, // .>.C=.C9..)..=..
	0x38, 0xd0, 0xc3, 0x3b, 0xc8, 0x03, 0x1f, 0x98, 0x03, 0x3b, 0xbc, 0x43, 0x38, 0xd0, 0x03, 0x1b, // 8..;.....;.C8...
	0x80, 0x01, 0x1d, 0xf8, 0x01, 0x18, 0xf8, 0x81, 0x1e, 0xe8, 0x41, 0x3b, 0xa4, 0x03, 0x3c, 0xcc, // ..........A;..<.
	0xc3, 0x2f, 0xd0, 0x43, 0x3e, 0xc0, 0x43, 0x39, 0xa0, 0xc0, 0x98, 0x49, 0x0c, 0xc6, 0x81, 0x1d, // ./.C>.C9...I....
	0xc2, 0x61, 0x1e, 0xe6, 0xc1, 0x0d, 0x68, 0xa1, 0x1c, 0xf0, 0x81, 0x1e, 0xea, 0x41, 0x1e, 0xca, // .a....h......A..
	0x41, 0x0e, 0x48, 0x81, 0x0f, 0xec, 0xa1, 0x1c, 0xc6, 0x81, 0x1e, 0xde, 0x41, 0x1e, 0xf8, 0xc0, // A.H.........A...
	0x1c, 0xd8, 0xe1, 0x1d, 0xc2, 0x81, 0x1e, 0xd8, 0x00, 0x0c, 0xe8, 0xc0, 0x0f, 0xc0, 0xc0, 0x0f, // ................
	0x90, 0xa0, 0x6d, 0xc4, 0xcd, 0x44, 0x06, 0xe3, 0xc0, 0x0e, 0xe1, 0x30, 0x0f, 0xf3, 0xe0, 0x06, // ..m..D.....0....
	0xb2, 0x70, 0x0b, 0xb4, 0x50, 0x0e, 0xf8, 0x40, 0x0f, 0xf5, 0x20, 0x0f, 0xe5, 0x20, 0x07, 0xa4, // .p..P..@.. .. ..
	0xc0, 0x07, 0xf6, 0x50, 0x0e, 0xe3, 0x40, 0x0f, 0xef, 0x20, 0x0f, 0x7c, 0x60, 0x0e, 0xec, 0xf0, // ...P..@.. .|`...
	0x0e, 0xe1, 0x40, 0x0f, 0x6c, 0x00, 0x06, 0x74, 0xe0, 0x07, 0x60, 0xe0, 0x07, 0x28, 0xd0, 0xc8, // ..@.l..t..`..(..
	0x03, 0x00, 0x13, 0x14, 0x72, 0xc0, 0x87, 0x74, 0x60, 0x87, 0x36, 0x68, 0x87, 0x79, 0x68, 0x03, // ....r..t`.6h.yh.
	0x72, 0xc0, 0x87, 0x0d, 0xaf, 0x50, 0x0e, 0x6d, 0xd0, 0x0e, 0x7a, 0x50, 0x0e, 0x6d, 0x00, 0x0f, // r....P.m..zP.m..
	0x7a, 0x30, 0x07, 0x72, 0xa0, 0x07, 0x73, 0x20, 0x07, 0x6d, 0x90, 0x0e, 0x71, 0xa0, 0x07, 0x73, // z0.r..s .m..q..s
	0x20, 0x07, 0x6d, 0x90, 0x0e, 0x78, 0xa0, 0x07, 0x73, 0x20, 0x07, 0x6d, 0x90, 0x0e, 0x71, 0x60, //  .m..x..s .m..q`
	0x07, 0x7a, 0x30, 0x07, 0x72, 0xd0, 0x06, 0xe9, 0x30, 0x07, 0x72, 0xa0, 0x07, 0x73, 0x20, 0x07, // .z0.r...0.r..s .
	0x6d, 0x90, 0x0e, 0x76, 0x40, 0x07, 0x7a, 0x60, 0x07, 0x74, 0xd0, 0x06, 0xe6, 0x10, 0x07, 0x76, // m..v@.z`.t.....v
	0xa0, 0x07, 0x73, 0x20, 0x07, 0x6d, 0x60, 0x0e, 0x73, 0x20, 0x07, 0x7a, 0x30, 0x07, 0x72, 0xd0, // ..s .m`.s .z0.r.
	0x06, 0xe6, 0x60, 0x07, 0x74, 0xa0, 0x07, 0x76, 0x40, 0x07, 0x6d, 0xe0, 0x0e, 0x78, 0xa0, 0x07, // ..`.t..v@.m..x..
	0x71, 0x60, 0x07, 0x7a, 0x30, 0x07, 0x72, 0xa0, 0x07, 0x76, 0x40, 0x07, 0x3a, 0x0f, 0x24, 0x90, // q`.z0.r..v@.:.$.
	0x21, 0x23, 0x45, 0x44, 0x00, 0x1e, 0xaa, 0xf1, 0x90, 0x87, 0x00, 0x02, 0x00, 0x00, 0x00, 0x00, // !#ED............
	0x00, 0x00, 0x00, 0x00, 0x80, 0x21, 0xcf, 0x01, 0x04, 0x40, 0x00, 0x00, 0x00, 0x00, 0x00, 0x00, // .....!...@......
	0x00, 0x00, 0x43, 0x9e, 0x06, 0x08, 0x00, 0x01, 0x00, 0x00, 0x00, 0x00, 0x00, 0x00, 0x00, 0x86, // ..C.............
	0x3c, 0x0f, 0x10, 0x00, 0x01, 0x00, 0x00, 0x00, 0x00, 0x00, 0x00, 0x00, 0x0c, 0x79, 0x22, 0x20, // <............y" 
	0x00, 0x06, 0x00, 0x00, 0x00, 0x00, 0x00, 0x00, 0x00, 0x18, 0xf2, 0x50, 0x40, 0x00, 0x08, 0x00, // ...........P@...
	0x00, 0x00, 0x00, 0x00, 0x00, 0x00, 0x30, 0xe4, 0xb9, 0x80, 0x00, 0x10, 0x00, 0x00, 0x00, 0x00, // ......0.........
	0x00, 0x00, 0x00, 0x20, 0x0b, 0x04, 0x1e, 0x00, 0x00, 0x00, 0x32, 0x1e, 0x98, 0x14, 0x19, 0x11, // ... ......2.....
	0x4c, 0x90, 0x8c, 0x09, 0x26, 0x47, 0xc6, 0x04, 0x43, 0xb2, 0x46, 0x00, 0xc8, 0x28, 0x81, 0x11, // L...&G..C.F..(..
	0x80, 0x62, 0x28, 0x82, 0xe2, 0x28, 0x84, 0x82, 0x28, 0x8a, 0xd2, 0x2b, 0x54, 0x81, 0xd2, 0xa0, // .b(..(..(..+T...
	0x60, 0x2c, 0x08, 0x8f, 0xcf, 0x9f, 0xe5, 0xd0, 0x51, 0xff, 0xf3, 0x0e, 0x1d, 0xf5, 0x3f, 0xef, // `,......Q.....?.
	0xf0, 0xf8, 0xfc, 0x59, 0x0e, 0x1d, 0xf5, 0x3f, 0xef, 0x4c, 0x3e, 0x5f, 0xcf, 0xcf, 0xe4, 0xf3, // ...Y...?.L>_....
	0xf5, 0xfc, 0xd0, 0x51, 0xff, 0xf3, 0x0e, 0x1d, 0xf5, 0x3f, 0xef, 0x4c, 0x3e, 0x5f, 0xcf, 0xcf, // ...Q.....?.L>_..
	0xe4, 0xf3, 0xf5, 0xfc, 0xd0, 0x51, 0xff, 0xf3, 0x0e, 0x8f, 0xcf, 0x9f, 0xe5, 0xd0, 0x51, 0xff, // .....Q........Q.
	0xf3, 0x0e, 0x1d, 0xf5, 0x3f, 0xef, 0xf0, 0xf8, 0xfc, 0x59, 0x8e, 0xba, 0x19, 0x00, 0xfa, 0x66, // ....?....Y.....f
	0x00, 0x00, 0x79, 0x18, 0x00, 0x00, 0x67, 0x00, 0x00, 0x00, 0x1a, 0x03, 0x4c, 0x90, 0x46, 0x02, // ..y...g.....L.F.
	0x13, 0xc4, 0x34, 0x20, 0xc3, 0x1b, 0x43, 0x81, 0x93, 0x4b, 0xb3, 0x0b, 0xa3, 0x2b, 0x4b, 0x01, // ..4 ..C..K...+K.
	0x89, 0x71, 0xc9, 0x71, 0x81, 0x71, 0xa9, 0xa1, 0x81, 0x91, 0x01, 0x41, 0x81, 0x21, 0x9b, 0x29, // .q.q.q.....A.!.)
	0x2b, 0xb3, 0x11, 0xab, 0xa9, 0x69, 0x21, 0x4b, 0x93, 0xa3, 0xcb, 0x4b, 0xd9, 0x10, 0x04, 0x13, // +....i!K...K....
	0x04, 0x23, 0x99, 0x20, 0x18, 0xca, 0x06, 0x61, 0x20, 0x36, 0x08, 0x04, 0x41, 0x61, 0x6c, 0x6e, // .#. ...a 6..Aaln
	0x82, 0x60, 0x2c, 0x1b, 0x86, 0x03, 0x21, 0x26, 0x08, 0x5d, 0x45, 0xa4, 0xee, 0x6b, 0xea, 0xad, // .`,...!&.]E..k..
	0x4e, 0x6e, 0xac, 0x6c, 0x82, 0x60, 0x30, 0x13, 0x04, 0xa3, 0xd9, 0x20, 0x10, 0xcd, 0x86, 0x84, // Nn.l.`0.... ....
	0x50, 0x16, 0x82, 0x18, 0x18, 0xc2, 0xd9, 0x10, 0x3c, 0x13, 0x84, 0xcf, 0x62, 0x53, 0xf7, 0x45, // P.......<...bS.E
	0x54, 0x36, 0x47, 0x97, 0xe6, 0x16, 0x46, 0x97, 0xf6, 0xe6, 0x36, 0x41, 0xb0, 0x90, 0x0d, 0x0b, // T6G...F...6A....
	0x11, 0x49, 0xc4, 0x30, 0x30, 0xd3, 0x34, 0x39, 0x1b, 0x02, 0x6a, 0x03, 0x01, 0x55, 0x00, 0x30, // .I.00.49..j..U.0
	0x41, 0x28, 0x82, 0x0d, 0xc0, 0x86, 0x81, 0xc0, 0xb0, 0x0d, 0x41, 0xb6, 0x61, 0x18, 0x2e, 0x8d, // A(........A.a...
	0x44, 0x5b, 0x58, 0x9a, 0xdb, 0x04, 0xc1, 0x70, 0x26, 0x08, 0xc6, 0xb3, 0x61, 0xf0, 0xbc, 0x61, // D[X....p&...a..a
	0x83, 0xd0, 0x7d, 0x1b, 0x8a, 0x8b, 0x03, 0x2c, 0x30, 0x20, 0x22, 0x26, 0x17, 0xe6, 0x36, 0x86, // ..}....,0 "&..6.
	0x56, 0x36, 0x37, 0x41, 0x30, 0x20, 0x1a, 0x66, 0x6c, 0x6f, 0x61, 0x74, 0x73, 0x13, 0x04, 0x23, // V67A0 .floats..#
	0x62, 0x91, 0xe6, 0x36, 0x47, 0x37, 0x37, 0x41, 0x30, 0x24, 0x12, 0x69, 0x6e, 0x74, 0x73, 0x13, // b..6G77A0$.ints.
	0x04, 0x63, 0x22, 0x42, 0x57, 0x86, 0xf7, 0xc5, 0xf6, 0x16, 0x46, 0xc6, 0x84, 0xae, 0x0c, 0xef, // .c"BW.....F.....
	0x6b, 0x8e, 0xee, 0x4d, 0xae, 0x8c, 0x45, 0x5d, 0x9a, 0x1b, 0xdd, 0xdc, 0x06, 0x47, 0x0c, 0xc6, // k..M..E].....G..
	0x80, 0x0c, 0xca, 0xc0, 0x0c, 0xce, 0x00, 0x0d, 0xd2, 0x40, 0x0d, 0x86, 0x35, 0x18, 0xd8, 0x00, // .........@..5...
	0xa9, 0xc2, 0xc6, 0x66, 0xd7, 0xe6, 0x92, 0x46, 0x56, 0xe6, 0x46, 0x37, 0x25, 0x08, 0xaa, 0x90, // ...f...FV.F7%...
	0xe1, 0xb9, 0xd8, 0x95, 0xc9, 0xcd, 0xa5, 0xbd, 0xb9, 0x4d, 0x09, 0x88, 0x26, 0x64, 0x78, 0x2e, // .........M..&dx.
	0x76, 0x61, 0x6c, 0x76, 0x65, 0x72, 0x53, 0x82, 0xa2, 0x0e, 0x19, 0x9e, 0xcb, 0x1c, 0x5a, 0x18, // valverS.......Z.
	0x59, 0x99, 0x5c, 0xd3, 0x1b, 0x59, 0x19, 0xdb, 0x94, 0x00, 0x29, 0x43, 0x86, 0xe7, 0x22, 0x57, // Y....Y....)C.."W
	0x36, 0xf7, 0x56, 0x27, 0x37, 0x56, 0x36, 0x37, 0x25, 0xa8, 0x2a, 0x91, 0xe1, 0xb9, 0xd0, 0xe5, // 6.V'7V67%.*.....
	0xc1, 0x95, 0x05, 0xb9, 0xb9, 0xbd, 0xd1, 0x85, 0xd1, 0xa5, 0xbd, 0xb9, 0xcd, 0x4d, 0x09, 0xb4, // .............M..
	0x3a, 0x64, 0x78, 0x2e, 0x65, 0x6e, 0x74, 0x72, 0x79, 0x50, 0x6f, 0x69, 0x6e, 0x74, 0x73, 0x53, // :dx.entryPointsS
	0x02, 0x30, 0xe8, 0x42, 0x86, 0xe7, 0x32, 0xf6, 0x56, 0xe7, 0x46, 0x57, 0x26, 0x37, 0x37, 0x25, // .0.B..2.V.FW&77%
	0x60, 0x03, 0x00, 0x00, 0x00, 0x00, 0x79, 0x18, 0x00, 0x00, 0x51, 0x00, 0x00, 0x00, 0x33, 0x08, // `.....y...Q...3.
	0x80, 0x1c, 0xc4, 0xe1, 0x1c, 0x66, 0x14, 0x01, 0x3d, 0x88, 0x43, 0x38, 0x84, 0xc3, 0x8c, 0x42, // .....f..=.C8...B
	0x80, 0x07, 0x79, 0x78, 0x07, 0x73, 0x98, 0x71, 0x0c, 0xe6, 0x00, 0x0f, 0xed, 0x10, 0x0e, 0xf4, // ..yx.s.q........
	0x80, 0x0e, 0x33, 0x0c, 0x42, 0x1e, 0xc2, 0xc1, 0x1d, 0xce, 0xa1, 0x1c, 0x66, 0x30, 0x05, 0x3d, // ..3.B.......f0.=
	0x88, 0x43, 0x38, 0x84, 0x83, 0x1b, 0xcc, 0x03, 0x3d, 0xc8, 0x43, 0x3d, 0x8c, 0x03, 0x3d, 0xcc, // .C8.....=.C=..=.
	0x78, 0x8c, 0x74, 0x70, 0x07, 0x7b, 0x08, 0x07, 0x79, 0x48, 0x87, 0x70, 0x70, 0x07, 0x7a, 0x70, // x.tp.{..yH.pp.zp
	0x03, 0x76, 0x78, 0x87, 0x70, 0x20, 0x87, 0x19, 0xcc, 0x11, 0x0e, 0xec, 0x90, 0x0e, 0xe1, 0x30, // .vx.p .........0
	0x0f, 0x6e, 0x30, 0x0f, 0xe3, 0xf0, 0x0e, 0xf0, 0x50, 0x0e, 0x33, 0x10, 0xc4, 0x1d, 0xde, 0x21, // .n0.....P.3....!
	0x1c, 0xd8, 0x21, 0x1d, 0xc2, 0x61, 0x1e, 0x66, 0x30, 0x89, 0x3b, 0xbc, 0x83, 0x3b, 0xd0, 0x43, // ..!..a.f0.;..;.C
	0x39, 0xb4, 0x03, 0x3c, 0xbc, 0x83, 0x3c, 0x84, 0x03, 0x3b, 0xcc, 0xf0, 0x14, 0x76, 0x60, 0x07, // 9..<..<..;...v`.
	0x7b, 0x68, 0x07, 0x37, 0x68, 0x87, 0x72, 0x68, 0x07, 0x37, 0x80, 0x87, 0x70, 0x90, 0x87, 0x70, // {h.7h.rh.7..p..p
	0x60, 0x07, 0x76, 0x28, 0x07, 0x76, 0xf8, 0x05, 0x76, 0x78, 0x87, 0x77, 0x80, 0x87, 0x5f, 0x08, // `.v(.v..vx.w.._.
	0x87, 0x71, 0x18, 0x87, 0x72, 0x98, 0x87, 0x79, 0x98, 0x81, 0x2c, 0xee, 0xf0, 0x0e, 0xee, 0xe0, // .q..r..y..,.....
	0x0e, 0xf5, 0xc0, 0x0e, 0xec, 0x30, 0x03, 0x62, 0xc8, 0xa1, 0x1c, 0xe4, 0xa1, 0x1c, 0xcc, 0xa1, // .....0.b........
	0x1c, 0xe4, 0xa1, 0x1c, 0xdc, 0x61, 0x1c, 0xca, 0x21, 0x1c, 0xc4, 0x81, 0x1d, 0xca, 0x61, 0x06, // .....a..!.....a.
	0xd6, 0x90, 0x43, 0x39, 0xc8, 0x43, 0x39, 0x98, 0x43, 0x39, 0xc8, 0x43, 0x39, 0xb8, 0xc3, 0x38, // ..C9.C9.C9.C9..8
	0x94, 0x43, 0x38, 0x88, 0x03, 0x3b, 0x94, 0xc3, 0x2f, 0xbc, 0x83, 0x3c, 0xfc, 0x82, 0x3b, 0xd4, // .C8..;../..<..;.
	0x03, 0x3b, 0xb0, 0xc3, 0x0c, 0xc4, 0x21, 0x07, 0x7c, 0x70, 0x03, 0x7a, 0x28, 0x87, 0x76, 0x80, // .;....!.|p.z(.v.
	0x87, 0x19, 0xd1, 0x43, 0x0e, 0xf8, 0xe0, 0x06, 0xe4, 0x20, 0x0e, 0xe7, 0xe0, 0x06, 0xf6, 0x10, // ...C..... ......
	0x0e, 0xf2, 0xc0, 0x0e, 0xe1, 0x90, 0x0f, 0xef, 0x50, 0x0f, 0xf4, 0x30, 0x83, 0x81, 0xc8, 0x01, // ........P..0....
	0x1f, 0xdc, 0x40, 0x1c, 0xe4, 0xa1, 0x1c, 0xc2, 0x61, 0x1d, 0xdc, 0x40, 0x1c, 0xe4, 0x01, 0x00, // ..@.....a..@....
	0x00, 0x00, 0x71, 0x20, 0x00, 0x00, 0x1f, 0x00, 0x00, 0x00, 0x76, 0x20, 0x0d, 0x97, 0xef, 0x3c, // ..q ......v ...<
	0xbe, 0x10, 0x11, 0xc0, 0x44, 0x84, 0x40, 0x33, 0x2c, 0x84, 0x0d, 0x4c, 0xc3, 0xe5, 0x3b, 0x8f, // ....D.@3,..L..;.
	0x6f, 0x10, 0x53, 0x87, 0x30, 0x44, 0x23, 0x21, 0x4e, 0x23, 0x99, 0x41, 0x35, 0x5c, 0xbe, 0xf3, // o.S.0D#!N#.A5...
	0xf8, 0x13, 0x71, 0x4d, 0x54, 0x44, 0x94, 0x0e, 0x30, 0xf8, 0xc5, 0x6d, 0x5b, 0x81, 0x35, 0x5c, // ..qMTD..0..m[.5.
	0xbe, 0xf3, 0xf8, 0x13, 0x71, 0x4d, 0x54, 0x44, 0xb0, 0x93, 0x13, 0x11, 0x7e, 0x71, 0xdb, 0x26, // ....qMTD....~q.&
	0x20, 0x0d, 0x97, 0xef, 0x3c, 0xfe, 0x74, 0x44, 0x04, 0x30, 0x88, 0x83, 0x8f, 0xdc, 0xb6, 0x11, //  ...<.tD.0......
	0x3c, 0xc3, 0xe5, 0x3b, 0x8f, 0x4f, 0x35, 0x40, 0x84, 0xf9, 0xc5, 0x6d, 0x1b, 0x00, 0x65, 0xfc, // <..;.O5@...m..e.
	0x0a, 0x80, 0x48, 0x44, 0x44, 0x12, 0x51, 0x43, 0x2c, 0xb8, 0x5f, 0x0f, 0x08, 0x63, 0x01, 0x04, // ..HDD.QC,._..c..
	0x03, 0x20, 0x0d, 0x00, 0x00, 0x00, 0x00, 0x00, 0x00, 0x00, 0x48, 0x41, 0x53, 0x48, 0x14, 0x00, // . ........HASH..
	0x00, 0x00, 0x00, 0x00, 0x00, 0x00, 0xee, 0xee, 0xb5, 0x4d, 0xa2, 0xa2, 0xb0, 0xc3, 0x3c, 0xb2, // .........M....<.
	0xd7, 0xea, 0x71, 0xfd, 0x17, 0xa0, 0x44, 0x58, 0x49, 0x4c, 0x58, 0x0a, 0x00, 0x00, 0x60, 0x00, // ..q...DXILX...`.
	0x05, 0x00, 0x96, 0x02, 0x00, 0x00, 0x44, 0x58, 0x49, 0x4c, 0x00, 0x01, 0x00, 0x00, 0x10, 0x00, // ......DXIL......
	0x00, 0x00, 0x40, 0x0a, 0x00, 0x00, 0x42, 0x43, 0xc0, 0xde, 0x21, 0x0c, 0x00, 0x00, 0x8d, 0x02, // ..@...BC..!.....
	0x00, 0x00, 0x0b, 0x82, 0x20, 0x00, 0x02, 0x00, 0x00, 0x00, 0x13, 0x00, 0x00, 0x00, 0x07, 0x81, // .... ...........
	0x23, 0x91, 0x41, 0xc8, 0x04, 0x49, 0x06, 0x10, 0x32, 0x39, 0x92, 0x01, 0x84, 0x0c, 0x25, 0x05, // #.A..I..29....%.
	0x08, 0x19, 0x1e, 0x04, 0x8b, 0x62, 0x80, 0x18, 0x45, 0x02, 0x42, 0x92, 0x0b, 0x42, 0xc4, 0x10, // .....b..E.B..B..
	0x32, 0x14, 0x38, 0x08, 0x18, 0x4b, 0x0a, 0x32, 0x62, 0x88, 0x48, 0x90, 0x14, 0x20, 0x43, 0x46, // 2.8..K.2b.H.. CF
	0x88, 0xa5, 0x00, 0x19, 0x32, 0x42, 0xe4, 0x48, 0x0e, 0x90, 0x11, 0x23, 0xc4, 0x50, 0x41, 0x51, // ....2B.H...#.PAQ
	0x81, 0x8c, 0xe1, 0x83, 0xe5, 0x8a, 0x04, 0x31, 0x46, 0x06, 0x51, 0x18, 0x00, 0x00, 0x08, 0x00, // .......1F.Q.....
	0x00, 0x00, 0x1b, 0x8c, 0xe0, 0xff, 0xff, 0xff, 0xff, 0x07, 0x40, 0x02, 0xa8, 0x0d, 0x86, 0xf0, // ..........@.....
	0xff, 0xff, 0xff, 0xff, 0x03, 0x20, 0x01, 0xd5, 0x06, 0x62, 0xf8, 0xff, 0xff, 0xff, 0xff, 0x01, // ..... ...b......
	0x90, 0x00, 0x49, 0x18, 0x00, 0x00, 0x03, 0x00, 0x00, 0x00, 0x13, 0x82, 0x60, 0x42, 0x20, 0x4c, // ..I.........`B L
	0x08, 0x06, 0x00, 0x00, 0x00, 0x00, 0x89, 0x20, 0x00, 0x00, 0x59, 0x00, 0x00, 0x00, 0x32, 0x22, // ....... ..Y...2"
	0x88, 0x09, 0x20, 0x64, 0x85, 0x04, 0x13, 0x23, 0xa4, 0x84, 0x04, 0x13, 0x23, 0xe3, 0x84, 0xa1, // .. d...#....#...
	0x90, 0x14, 0x12, 0x4c, 0x8c, 0x8c, 0x0b, 0x84, 0xc4, 0x4c, 0x10, 0x8c, 0xc1, 0x0c, 0x40, 0x42, // ...L.....L....@B
	0x00, 0x14, 0x8c, 0x00, 0x94, 0x60, 0x20, 0x62, 0x8e, 0x00, 0x0c, 0xca, 0x60, 0x18, 0x06, 0x1d, // .....` b....`...
	0x37, 0x0d, 0x97, 0x3f, 0x61, 0x0f, 0x21, 0xf9, 0x1d, 0xc2, 0x10, 0x8d, 0x84, 0x38, 0x8d, 0x84, // 7..?a.!......8..
	0x08, 0xc3, 0x30, 0x8c, 0x39, 0x02, 0x84, 0x94, 0x7b, 0x86, 0xcb, 0x9f, 0xb0, 0x87, 0x90, 0xfc, // ..0.9...{.......
	0x10, 0x68, 0x86, 0x85, 0x40, 0xc1, 0x52, 0x88, 0xc4, 0x60, 0x0c, 0x6a, 0xca, 0x00, 0x18, 0x00, // .h..@.R..`.j....
	0x3d, 0x65, 0x19, 0x0c, 0xc6, 0x30, 0x0c, 0x00, 0x00, 0x00, 0x85, 0xa2, 0x9b, 0x86, 0xcb, 0x9f, // =e...0..........
	0xb0, 0x87, 0x90, 0xfc, 0x95, 0x90, 0x56, 0x62, 0xf2, 0x8b, 0xdb, 0x46, 0x05, 0x00, 0x00, 0x80, // ......Vb...F....
	0x51, 0x94, 0xc9, 0x60, 0x0c, 0xc3, 0x30, 0x0c, 0xc3, 0x20, 0x6a, 0x8e, 0x20, 0x28, 0x06, 0x63, // Q..`..0.. j. (.c
	0x28, 0x86, 0x61, 0xd1, 0x35, 0x10, 0x30, 0x8c, 0x40, 0x00, 0x33, 0xb5, 0xc1, 0x38, 0xb0, 0x43, // (.a.5.0.@.3..8.C
	0x38, 0xcc, 0xc3, 0x3c, 0xb8, 0x01, 0x2d, 0x94, 0x03, 0x3e, 0xd0, 0x43, 0x3d, 0xc8, 0x43, 0x39, // 8..<..-..>.C=.C9
	0xc8, 0x01, 0x29, 0xf0, 0x81, 0x3d, 0x94, 0xc3, 0x38, 0xd0, 0xc3, 0x3b, 0xc8, 0x03, 0x1f, 0x98, // ..)..=..8..;....
	0x03, 0x3b, 0xbc, 0x43, 0x38, 0xd0, 0x03, 0x1b, 0x80, 0x01, 0x1d, 0xf8, 0x01, 0x18, 0xf8, 0x81, // .;.C8...........
	0x1e, 0xe8, 0x41, 0x3b, 0xa4, 0x03, 0x3c, 0xcc, 0xc3, 0x2f, 0xd0, 0x43, 0x3e, 0xc0, 0x43, 0x39, // ..A;..<../.C>.C9
	0xa0, 0xc0, 0x98, 0x49, 0x0c, 0xc6, 0x81, 0x1d, 0xc2, 0x61, 0x1e, 0xe6, 0xc1, 0x0d, 0x68, 0xa1, // ...I.....a....h.
	0x1c, 0xf0, 0x81, 0x1e, 0xea, 0x41, 0x1e, 0xca, 0x41, 0x0e, 0x48, 0x81, 0x0f, 0xec, 0xa1, 0x1c, // .....A..A.H.....
	0xc6, 0x81, 0x1e, 0xde, 0x41, 0x1e, 0xf8, 0xc0, 0x1c, 0xd8, 0xe1, 0x1d, 0xc2, 0x81, 0x1e, 0xd8, // ....A...........
	0x00, 0x0c, 0xe8, 0xc0, 0x0f, 0xc0, 0xc0, 0x0f, 0x90, 0xa0, 0x6d, 0xc4, 0xcd, 0x44, 0x06, 0xe3, // ..........m..D..
	0xc0, 0x0e, 0xe1, 0x30, 0x0f, 0xf3, 0xe0, 0x06, 0xb2, 0x70, 0x0b, 0xb4, 0x50, 0x0e, 0xf8, 0x40, // ...0.....p..P..@
	0x0f, 0xf5, 0x20, 0x0f, 0xe5, 0x20, 0x07, 0xa4, 0xc0, 0x07, 0xf6, 0x50, 0x0e, 0xe3, 0x40, 0x0f, // .. .. .....P..@.
	0xef, 0x20, 0x0f, 0x7c, 0x60, 0x0e, 0xec, 0xf0, 0x0e, 0xe1, 0x40, 0x0f, 0x6c, 0x00, 0x06, 0x74, // . .|`.....@.l..t
	0xe0, 0x07, 0x60, 0xe0, 0x07, 0x28, 0xd0, 0xc8, 0x9b, 0x02, 0x20, 0x60, 0x8e, 0x00, 0x14, 0x00, // ..`..(.... `....
	0x00, 0x00, 0x13, 0x14, 0x72, 0xc0, 0x87, 0x74, 0x60, 0x87, 0x36, 0x68, 0x87, 0x79, 0x68, 0x03, // ....r..t`.6h.yh.
	0x72, 0xc0, 0x87, 0x0d, 0xaf, 0x50, 0x0e, 0x6d, 0xd0, 0x0e, 0x7a, 0x50, 0x0e, 0x6d, 0x00, 0x0f, // r....P.m..zP.m..
	0x7a, 0x30, 0x07, 0x72, 0xa0, 0x07, 0x73, 0x20, 0x07, 0x6d, 0x90, 0x0e, 0x71, 0xa0, 0x07, 0x73, // z0.r..s .m..q..s
	0x20, 0x07, 0x6d, 0x90, 0x0e, 0x78, 0xa0, 0x07, 0x73, 0x20, 0x07, 0x6d, 0x90, 0x0e, 0x71, 0x60, //  .m..x..s .m..q`
	0x07, 0x7a, 0x30, 0x07, 0x72, 0xd0, 0x06, 0xe9, 0x30, 0x07, 0x72, 0xa0, 0x07, 0x73, 0x20, 0x07, // .z0.r...0.r..s .
	0x6d, 0x90, 0x0e, 0x76, 0x40, 0x07, 0x7a, 0x60, 0x07, 0x74, 0xd0, 0x06, 0xe6, 0x10, 0x07, 0x76, // m..v@.z`.t.....v
	0xa0, 0x07, 0x73, 0x20, 0x07, 0x6d, 0x60, 0x0e, 0x73, 0x20, 0x07, 0x7a, 0x30, 0x07, 0x72, 0xd0, // ..s .m`.s .z0.r.
	0x06, 0xe6, 0x60, 0x07, 0x74, 0xa0, 0x07, 0x76, 0x40, 0x07, 0x6d, 0xe0, 0x0e, 0x78, 0xa0, 0x07, // ..`.t..v@.m..x..
	0x71, 0x60, 0x07, 0x7a, 0x30, 0x07, 0x72, 0xa0, 0x07, 0x76, 0x40, 0x07, 0x3a, 0x0f, 0x24, 0x90, // q`.z0.r..v@.:.$.
	0x21, 0x23, 0x45, 0x44, 0x00, 0x1e, 0xaa, 0xf1, 0x90, 0x87, 0x00, 0x00, 0x00, 0x00, 0x00, 0x00, // !#ED............
	0x00, 0x00, 0x00, 0x00, 0x80, 0x21, 0xcf, 0x01, 0x04, 0x40, 0x00, 0x00, 0x00, 0x00, 0x00, 0x00, // .....!...@......
	0x00, 0x00, 0x43, 0x9e, 0x06, 0x08, 0x00, 0x01, 0x00, 0x00, 0x00, 0x00, 0x00, 0x00, 0x00, 0x86, // ..C.............
	0x3c, 0x0f, 0x10, 0x00, 0x01, 0x00, 0x00, 0x00, 0x00, 0x00, 0x00, 0x00, 0x0c, 0x79, 0x22, 0x20, // <............y" 
	0x00, 0x06, 0x00, 0x00, 0x00, 0x00, 0x00, 0x00, 0x00, 0x18, 0xf2, 0x50, 0x40, 0x00, 0x08, 0x00, // ...........P@...
	0x00, 0x00, 0x00, 0x00, 0x00, 0x00, 0x30, 0xe4, 0xb9, 0x80, 0x00, 0x10, 0x00, 0x00, 0x00, 0x00, // ......0.........
	0x00, 0x00, 0x00, 0x20, 0x0b, 0x04, 0x1e, 0x00, 0x00, 0x00, 0x32, 0x1e, 0x98, 0x14, 0x19, 0x11, // ... ......2.....
	0x4c, 0x90, 0x8c, 0x09, 0x26, 0x47, 0xc6, 0x04, 0x43, 0x12, 0x47, 0x00, 0xc8, 0x28, 0x81, 0x11, // L...&G..C.G..(..
	0x80, 0x92, 0x28, 0x86, 0x22, 0x28, 0x8e, 0x42, 0x28, 0x08, 0xb2, 0x46, 0x00, 0xa8, 0x9b, 0x01, // ..(."(.B(..F....
	0xa0, 0x6f, 0x06, 0x80, 0x82, 0xb1, 0x20, 0x3c, 0x3e, 0x7f, 0x96, 0x43, 0x47, 0xfd, 0xcf, 0x3b, // .o.... <>..CG..;
	0x74, 0xd4, 0xff, 0xbc, 0xc3, 0xe3, 0xf3, 0x67, 0x39, 0x74, 0xd4, 0xff, 0xbc, 0x33, 0xf9, 0x7c, // t......g9t...3.|
	0x3d, 0x3f, 0x93, 0xcf, 0xd7, 0xf3, 0x43, 0x47, 0xfd, 0xcf, 0x3b, 0x74, 0xd4, 0xff, 0xbc, 0x33, // =?....CG..;t...3
	0xf9, 0x7c, 0x3d, 0x3f, 0x93, 0xcf, 0xd7, 0xf3, 0x43, 0x47, 0xfd, 0xcf, 0x3b, 0x3c, 0x3e, 0x7f, // .|=?....CG..;<>.
	0x96, 0x43, 0x47, 0xfd, 0xcf, 0x3b, 0x74, 0xd4, 0xff, 0xbc, 0xc3, 0xe3, 0xf3, 0x67, 0x39, 0x00, // .CG..;t......g9.
	0x00, 0x00, 0x79, 0x18, 0x00, 0x00, 0x50, 0x00, 0x00, 0x00, 0x1a, 0x03, 0x4c, 0x90, 0x46, 0x02, // ..y...P.....L.F.
	0x13, 0xc4, 0x34, 0x20, 0xc3, 0x1b, 0x43, 0x81, 0x93, 0x4b, 0xb3, 0x0b, 0xa3, 0x2b, 0x4b, 0x01, // ..4 ..C..K...+K.
	0x89, 0x71, 0xc9, 0x71, 0x81, 0x71, 0xa9, 0xa1, 0x81, 0x91, 0x01, 0x41, 0x81, 0x21, 0x9b, 0x29, // .q.q.q.....A.!.)
	0x2b, 0xb3, 0x11, 0xab, 0xa9, 0x69, 0x21, 0x4b, 0x93, 0xa3, 0xcb, 0x4b, 0xd9, 0x10, 0x04, 0x13, // +....i!K...K....
	0x04, 0x23, 0x99, 0x20, 0x18, 0xca, 0x06, 0x61, 0x20, 0x26, 0x08, 0xc6, 0xb2, 0x41, 0x18, 0x0c, // .#. ...a &...A..
	0x0a, 0x63, 0x73, 0x13, 0x04, 0x83, 0xd9, 0x30, 0x20, 0x09, 0x31, 0x41, 0xe8, 0x24, 0x02, 0x13, // .cs....0 .1A.$..
	0x04, 0xa3, 0x99, 0x20, 0x18, 0xce, 0x06, 0x81, 0x70, 0x36, 0x24, 0xc4, 0xc2, 0x10, 0xc4, 0xd0, // ... ....p6$.....
	0x10, 0xcf, 0x86, 0x00, 0x9a, 0x20, 0x7c, 0xd3, 0x04, 0xc1, 0x8a, 0x36, 0x2c, 0x84, 0xc4, 0x10, // ..... |....6,...
	0xc3, 0xd0, 0x4c, 0xd3, 0xf4, 0x6c, 0x08, 0xa8, 0x0d, 0x44, 0x54, 0x01, 0xc0, 0x04, 0xa1, 0x08, // ..L..l...DT.....
	0x48, 0xb4, 0x85, 0xa5, 0xb9, 0x4d, 0x10, 0x8c, 0x67, 0x82, 0x60, 0x40, 0x1b, 0x06, 0x4d, 0x1b, // H....M..g.`@..M.
	0x36, 0x08, 0xd9, 0xb6, 0xa1, 0xb8, 0x30, 0xc0, 0xe2, 0x58, 0x98, 0xb1, 0xbd, 0x85, 0xd1, 0xf1, // 6.....0..X......
	0x79, 0x6b, 0x73, 0x4b, 0x83, 0x7b, 0xa3, 0x2b, 0x73, 0xa3, 0x03, 0x19, 0x43, 0x0b, 0x93, 0x63, // yksK.{.+s...C..c
	0x34, 0x95, 0xd6, 0x06, 0xc7, 0x56, 0x06, 0x32, 0xf4, 0x32, 0xb4, 0xb2, 0x02, 0x42, 0x25, 0x14, // 4....V.2.2...B%.
	0x14, 0xb4, 0x21, 0x00, 0x83, 0x09, 0x82, 0x18, 0x20, 0x1b, 0x86, 0x2f, 0x0c, 0xc4, 0x60, 0xc3, // ..!..... ../..`.
	0xe0, 0x8d, 0x81, 0x18, 0x6c, 0x18, 0xc8, 0x80, 0x0c, 0xc4, 0xa0, 0x0a, 0x1b, 0x9b, 0x5d, 0x9b, // ....l.........].
	0x4b, 0x1a, 0x59, 0x99, 0x1b, 0xdd, 0x94, 0x20, 0xa8, 0x42, 0x86, 0xe7, 0x62, 0x57, 0x26, 0x37, // K.Y.... .B..bW&7
	0x97, 0xf6, 0xe6, 0x36, 0x25, 0x20, 0x9a, 0x90, 0xe1, 0xb9, 0xd8, 0x85, 0xb1, 0xd9, 0x95, 0xc9, // ...6% ..........
	0x4d, 0x09, 0x8c, 0x3a, 0x64, 0x78, 0x2e, 0x73, 0x68, 0x61, 0x64, 0x65, 0x72, 0x4d, 0x6f, 0x64, // M..:dx.shaderMod
	0x65, 0x6c, 0x53, 0x82, 0xa4, 0x0c, 0x19, 0x9e, 0x8b, 0x5c, 0xd9, 0xdc, 0x5b, 0x9d, 0xdc, 0x58, // elS.........[..X
	0xd9, 0xdc, 0x94, 0xa0, 0xaa, 0x43, 0x86, 0xe7, 0x52, 0xe6, 0x46, 0x27, 0x97, 0x07, 0xf5, 0x96, // .....C..R.F'....
	0xe6, 0x46, 0x37, 0x37, 0x25, 0xe0, 0x00, 0x00, 0x00, 0x00, 0x79, 0x18, 0x00, 0x00, 0x51, 0x00, // .F77%.....y...Q.
	0x00, 0x00, 0x33, 0x08, 0x80, 0x1c, 0xc4, 0xe1, 0x1c, 0x66, 0x14, 0x01, 0x3d, 0x88, 0x43, 0x38, // ..3......f..=.C8
	0x84, 0xc3, 0x8c, 0x42, 0x80, 0x07, 0x79, 0x78, 0x07, 0x73, 0x98, 0x71, 0x0c, 0xe6, 0x00, 0x0f, // ...B..yx.s.q....
	0xed, 0x10, 0x0e, 0xf4, 0x80, 0x0e, 0x33, 0x0c, 0x42, 0x1e, 0xc2, 0xc1, 0x1d, 0xce, 0xa1, 0x1c, // ......3.B.......
	0x66, 0x30, 0x05, 0x3d, 0x88, 0x43, 0x38, 0x84, 0x83, 0x1b, 0xcc, 0x03, 0x3d, 0xc8, 0x43, 0x3d, // f0.=.C8.....=.C=
	0x8c, 0x03, 0x3d, 0xcc, 0x78, 0x8c, 0x74, 0x70, 0x07, 0x7b, 0x08, 0x07, 0x79, 0x48, 0x87, 0x70, // ..=.x.tp.{..yH.p
	0x70, 0x07, 0x7a, 0x70, 0x03, 0x76, 0x78, 0x87, 0x70, 0x20, 0x87, 0x19, 0xcc, 0x11, 0x0e, 0xec, // p.zp.vx.p ......
	0x90, 0x0e, 0xe1, 0x30, 0x0f, 0x6e, 0x30, 0x0f, 0xe3, 0xf0, 0x0e, 0xf0, 0x50, 0x0e, 0x33, 0x10, // ...0.n0.....P.3.
	0xc4, 0x1d, 0xde, 0x21, 0x1c, 0xd8, 0x21, 0x1d, 0xc2, 0x61, 0x1e, 0x66, 0x30, 0x89, 0x3b, 0xbc, // ...!..!..a.f0.;.
	0x83, 0x3b, 0xd0, 0x43, 0x39, 0xb4, 0x03, 0x3c, 0xbc, 0x83, 0x3c, 0x84, 0x03, 0x3b, 0xcc, 0xf0, // .;.C9..<..<..;..
	0x14, 0x76, 0x60, 0x07, 0x7b, 0x68, 0x07, 0x37, 0x68, 0x87, 0x72, 0x68, 0x07, 0x37, 0x80, 0x87, // .v`.{h.7h.rh.7..
	0x70, 0x90, 0x87, 0x70, 0x60, 0x07, 0x76, 0x28, 0x07, 0x76, 0xf8, 0x05, 0x76, 0x78, 0x87, 0x77, // p..p`.v(.v..vx.w
	0x80, 0x87, 0x5f, 0x08, 0x87, 0x71, 0x18, 0x87, 0x72, 0x98, 0x87, 0x79, 0x98, 0x81, 0x2c, 0xee, // .._..q..r..y..,.
	0xf0, 0x0e, 0xee, 0xe0, 0x0e, 0xf5, 0xc0, 0x0e, 0xec, 0x30, 0x03, 0x62, 0xc8, 0xa1, 0x1c, 0xe4, // .........0.b....
	0xa1, 0x1c, 0xcc, 0xa1, 0x1c, 0xe4, 0xa1, 0x1c, 0xdc, 0x61, 0x1c, 0xca, 0x21, 0x1c, 0xc4, 0x81, // .........a..!...
	0x1d, 0xca, 0x61, 0x06, 0xd6, 0x90, 0x43, 0x39, 0xc8, 0x43, 0x39, 0x98, 0x43, 0x39, 0xc8, 0x43, // ..a...C9.C9.C9.C
	0x39, 0xb8, 0xc3, 0x38, 0x94, 0x43, 0x38, 0x88, 0x03, 0x3b, 0x94, 0xc3, 0x2f, 0xbc, 0x83, 0x3c, // 9..8.C8..;../..<
	0xfc, 0x82, 0x3b, 0xd4, 0x03, 0x3b, 0xb0, 0xc3, 0x0c, 0xc4, 0x21, 0x07, 0x7c, 0x70, 0x03, 0x7a, // ..;..;....!.|p.z
	0x28, 0x87, 0x76, 0x80, 0x87, 0x19, 0xd1, 0x43, 0x0e, 0xf8, 0xe0, 0x06, 0xe4, 0x20, 0x0e, 0xe7, // (.v....C..... ..
	0xe0, 0x06, 0xf6, 0x10, 0x0e, 0xf2, 0xc0, 0x0e, 0xe1, 0x90, 0x0f, 0xef, 0x50, 0x0f, 0xf4, 0x30, // ............P..0
	0x83, 0x81, 0xc8, 0x01, 0x1f, 0xdc, 0x40, 0x1c, 0xe4, 0xa1, 0x1c, 0xc2, 0x61, 0x1d, 0xdc, 0x40, // ......@.....a..@
	0x1c, 0xe4, 0x01, 0x00, 0x00, 0x00, 0x71, 0x20, 0x00, 0x00, 0x1f, 0x00, 0x00, 0x00, 0x76, 0x20, // ......q ......v 
	0x0d, 0x97, 0xef, 0x3c, 0xbe, 0x10, 0x11, 0xc0, 0x44, 0x84, 0x40, 0x33, 0x2c, 0x84, 0x0d, 0x4c, // ...<....D.@3,..L
	0xc3, 0xe5, 0x3b, 0x8f, 0x6f, 0x10, 0x53, 0x87, 0x30, 0x44, 0x23, 0x21, 0x4e, 0x23, 0x99, 0x41, // ..;.o.S.0D#!N#.A
	0x35, 0x5c, 0xbe, 0xf3, 0xf8, 0x13, 0x71, 0x4d, 0x54, 0x44, 0x94, 0x0e, 0x30, 0xf8, 0xc5, 0x6d, // 5.....qMTD..0..m
	0x5b, 0x81, 0x35, 0x5c, 0xbe, 0xf3, 0xf8, 0x13, 0x71, 0x4d, 0x54, 0x44, 0xb0, 0x93, 0x13, 0x11, // [.5.....qMTD....
	0x7e, 0x71, 0xdb, 0x26, 0x20, 0x0d, 0x97, 0xef, 0x3c, 0xfe, 0x74, 0x44, 0x04, 0x30, 0x88, 0x83, // ~q.& ...<.tD.0..
	0x8f, 0xdc, 0xb6, 0x11, 0x3c, 0xc3, 0xe5, 0x3b, 0x8f, 0x4f, 0x35, 0x40, 0x84, 0xf9, 0xc5, 0x6d, // ....<..;.O5@...m
	0x1b, 0x00, 0x65, 0xfc, 0x0a, 0x80, 0x48, 0x44, 0x44, 0x12, 0x51, 0x43, 0x2c, 0xb8, 0x5f, 0x0f, // ..e...HDD.QC,._.
	0x08, 0x63, 0x01, 0x04, 0x03, 0x20, 0x0d, 0x00, 0x00, 0x00, 0x61, 0x20, 0x00, 0x00, 0xe8, 0x00, // .c... ....a ....
	0x00, 0x00, 0x13, 0x04, 0x5b, 0x2c, 0x10, 0x00, 0x00, 0x00, 0x19, 0x00, 0x00, 0x00, 0xa4, 0x94, // ....[,..........
	0xc7, 0x08, 0x40, 0x09, 0x90, 0x51, 0x86, 0x01, 0x45, 0x18, 0x50, 0x90, 0x01, 0xa5, 0x1b, 0x50, // ..@..Q..E.P....P
	0x72, 0x35, 0x30, 0x03, 0x50, 0x2a, 0xe5, 0x42, 0xc0, 0x18, 0x81, 0xdb, 0xc7, 0xa2, 0xed, 0x0b, // r50.P*.B........
	0x63, 0x04, 0x7d, 0x2c, 0xba, 0xf8, 0x37, 0x46, 0x50, 0xab, 0xb5, 0xda, 0x7e, 0x63, 0x04, 0xb2, // c.},..7FP...~c..
	0xe8, 0xf6, 0x34, 0x18, 0x8c, 0x11, 0xf0, 0xf0, 0xaa, 0xd3, 0xdd, 0x18, 0x81, 0xce, 0x9a, 0x73, // ..4............s
	0x08, 0x06, 0x63, 0x04, 0x39, 0x2a, 0xae, 0xb5, 0x37, 0x46, 0xe0, 0xee, 0x69, 0x79, 0x7f, 0x63, // ..c.9*..7F..iy.c
	0x04, 0x31, 0x0f, 0xf6, 0xb9, 0x37, 0x46, 0x60, 0xde, 0xeb, 0x2a, 0x7b, 0x23, 0x00, 0x00, 0x00, // .1...7F`..*{#...
	0x00, 0x00, 0x23, 0x06, 0x09, 0x00, 0x82, 0x60, 0x70, 0x95, 0x01, 0x54, 0x89, 0xc1, 0x18, 0x6c, // ..#....`p..T...l
	0x23, 0x06, 0x09, 0x00, 0x82, 0x60, 0x70, 0x99, 0x41, 0x74, 0x8d, 0xc1, 0x18, 0x70, 0x23, 0x06, // #....`p.At...p#.
	0x06, 0x00, 0x82, 0x60, 0x70, 0xb0, 0xc1, 0x44, 0x06, 0x23, 0x06, 0x06, 0x00, 0x82, 0x60, 0x70, // ...`p..D.#....`p
	0xb4, 0x01, 0x65, 0x06, 0x23, 0x06, 0x07, 0x00, 0x82, 0x60, 0xd0, 0xb4, 0x81, 0x35, 0x98, 0xc1, // ..e.#....`...5..
	0x68, 0x42, 0x00, 0x8c, 0x26, 0x08, 0xc1, 0x88, 0xc1, 0x01, 0x80, 0x20, 0x18, 0x34, 0x70, 0x90, // hB..&...... .4p.
	0x1d, 0x69, 0x30, 0x9a, 0x10, 0x00, 0xa3, 0x09, 0x42, 0x70, 0x02, 0x60, 0x27, 0x00, 0x76, 0x0a, // .i0.....Bp.`'.v.
	0x60, 0xa7, 0x00, 0x36, 0x1c, 0x21, 0x10, 0xc3, 0x37, 0x1c, 0x21, 0x10, 0xc3, 0x57, 0x42, 0xb0, // `..6.!..7.!..WB.
	0xb3, 0x0c, 0x5a, 0x10, 0xd4, 0x43, 0x07, 0x57, 0x4f, 0x1d, 0x5c, 0x09, 0x62, 0x00, 0x25, 0x8c, // ..Z..C.WO...b.%.
	0x01, 0xcc, 0x12, 0x08, 0x03, 0x15, 0x00, 0x1b, 0x04, 0xfd, 0xf0, 0x0c, 0x54, 0x00, 0x6e, 0x10, // ............T.n.
	0xf4, 0xc3, 0x33, 0x50, 0x01, 0xc0, 0x41, 0xd0, 0x0f, 0xcf, 0x40, 0x05, 0x20, 0x07, 0x41, 0x3f, // ..3P..A...@. .A?
	0x3c, 0x03, 0x15, 0x00, 0x1d, 0x04, 0xfd, 0xf0, 0x0c, 0x54, 0x18, 0xf8, 0x10, 0x84, 0xc4, 0x33, // <........T.....3
	0x4b, 0x30, 0x0c, 0x54, 0x00, 0x8c, 0x10, 0x0f, 0xce, 0x40, 0x05, 0xc0, 0x08, 0xf1, 0xe0, 0x0c, // K0.T.....@......
	0x54, 0x00, 0x8c, 0x10, 0x0f, 0xce, 0x40, 0x05, 0xc0, 0x08, 0xf1, 0xe0, 0x0c, 0x54, 0x00, 0x8c, // T.....@......T..
	0x10, 0x0f, 0xce, 0x40, 0x85, 0x41, 0x12, 0x42, 0x3c, 0x38, 0xe5, 0x04, 0x50, 0x0e, 0x02, 0x25, // ...@.A.B<8..P..%
	0x04, 0x3b, 0xdc, 0x10, 0xcc, 0x81, 0x19, 0x0c, 0x37, 0x10, 0x60, 0x80, 0x06, 0x15, 0x08, 0x3a, // .;......7.`....:
	0xdc, 0x50, 0x84, 0x01, 0x1a, 0x54, 0x20, 0xe8, 0x2c, 0x03, 0xe1, 0x04, 0x95, 0x98, 0x82, 0x14, // .P...T .,.......
	0x14, 0xc0, 0x0a, 0x86, 0x5b, 0x68, 0x85, 0x80, 0x02, 0x60, 0x8c, 0x18, 0x34, 0x00, 0x08, 0x82, // ....[h...`..4...
	0x01, 0x35, 0x0b, 0xa0, 0xc0, 0x06, 0xaf, 0xc0, 0x2c, 0x7b, 0xb0, 0x07, 0x7b, 0xb0, 0x07, 0xa3, // .5......,{..{...
	0x09, 0x01, 0x30, 0x9a, 0x20, 0x04, 0xa3, 0x09, 0x83, 0x30, 0x9a, 0x40, 0x0c, 0xc3, 0x11, 0x04, // ..0. ....0.@....
	0x1d, 0x28, 0xdf, 0x2c, 0x83, 0x51, 0x04, 0x56, 0xd8, 0x81, 0x7c, 0x66, 0x09, 0x0e, 0x33, 0xf0, // .(.,.Q.V..|f..3.
	0x40, 0x3e, 0x16, 0xe8, 0x01, 0x7c, 0x46, 0x0c, 0x0c, 0x00, 0x04, 0xc1, 0xe0, 0xf1, 0x05, 0x51, // @>...|F........Q
	0x08, 0x2c, 0xe8, 0x03, 0xf9, 0x8c, 0x18, 0x18, 0x00, 0x08, 0x82, 0xc1, 0x03, 0x0e, 0xa5, 0x10, // .,..............
	0xcc, 0x12, 0x1c, 0x03, 0x15, 0x00, 0x53, 0x08, 0xc6, 0x70, 0xc4, 0xc2, 0x07, 0xca, 0x37, 0xcb, // ......S..p....7.
	0x90, 0x20, 0x81, 0x31, 0x7e, 0x20, 0x9f, 0x59, 0x02, 0xc5, 0x1a, 0x50, 0x90, 0x8f, 0x05, 0xa2, // . .1~ .Y...P....
	0x00, 0x9f, 0x11, 0x03, 0x03, 0x00, 0x41, 0x30, 0x78, 0xcc, 0x41, 0x15, 0x02, 0x0b, 0x4a, 0x41, // ......A0x.A...JA
	0x3e, 0x23, 0x06, 0x06, 0x00, 0x82, 0x60, 0xf0, 0xa0, 0x43, 0x2b, 0x04, 0xb3, 0x04, 0xca, 0x40, // >#....`..C+....@
	0x05, 0xc0, 0x20, 0x42, 0x32, 0x1c, 0x21, 0x91, 0x82, 0xf2, 0xcd, 0x32, 0x30, 0x4b, 0x60, 0x93, // .. B2.!....20K`.
	0x29, 0xc8, 0x67, 0x96, 0xa0, 0x31, 0x0a, 0x15, 0xe4, 0x63, 0x81, 0x2a, 0xc0, 0x67, 0xc4, 0xc0, // ).g..1...c.*.g..
	0x00, 0x40, 0x10, 0x0c, 0x1e, 0x77, 0x90, 0x85, 0xc0, 0x82, 0x56, 0x90, 0xcf, 0x88, 0x81, 0x01, // .@...w....V.....
	0x80, 0x20, 0x18, 0x3c, 0xf0, 0x50, 0x0b, 0xc1, 0x2c, 0x41, 0x33, 0x50, 0x01, 0x30, 0x8b, 0xc0, // . .<.P..,A3P.0..
	0x58, 0xe4, 0xc9, 0xc7, 0x94, 0x4f, 0x3e, 0x36, 0x80, 0x81, 0x7c, 0x8c, 0x0b, 0x03, 0xf9, 0x18, // X....O>6..|.....
	0x31, 0x07, 0xf0, 0x31, 0x62, 0x0e, 0xe0, 0x63, 0xc4, 0x1c, 0xc0, 0xc7, 0x88, 0x39, 0x80, 0x8f, // 1..1b..c.....9..
	0x99, 0xc1, 0x1c, 0xc0, 0x67, 0x96, 0xc0, 0x19, 0xa8, 0x00, 0x94, 0x06, 0x1e, 0x86, 0x81, 0x0a, // ....g...........
	0x40, 0x69, 0xe0, 0x61, 0x18, 0xa8, 0x00, 0x94, 0x06, 0x1e, 0x86, 0x81, 0x0a, 0x40, 0x69, 0xe0, // @i.a.........@i.
	0x61, 0x18, 0xa8, 0x00, 0x94, 0x06, 0x1e, 0x06, 0xc3, 0x83, 0x7d, 0x80, 0xc1, 0x70, 0x43, 0x60, // a.........}..pC`
	0x0f, 0x60, 0x30, 0xcb, 0xf0, 0x0c, 0x81, 0x81, 0x42, 0x3f, 0xc0, 0x60, 0xb8, 0x21, 0xc0, 0x07, // .`0.....B?.`.!..
	0x30, 0x98, 0x65, 0x80, 0x84, 0xc0, 0x92, 0x82, 0x3e, 0x96, 0x18, 0xf4, 0xb1, 0xe4, 0xa0, 0x8f, // 0.e.....>.......
	0x25, 0x08, 0x7d, 0x86, 0x23, 0x88, 0x73, 0x50, 0xbe, 0x59, 0x06, 0x29, 0x0a, 0xac, 0x48, 0x07, // %.}.#.sP.Y.)..H.
	0xf9, 0xcc, 0x12, 0x4c, 0x23, 0x06, 0x06, 0x00, 0x82, 0x60, 0xf0, 0xa8, 0x84, 0x3b, 0x18, 0x16, // ...L#....`...;..
	0xb0, 0x83, 0x7c, 0x46, 0x0c, 0x0c, 0x00, 0x04, 0xc1, 0xe0, 0x61, 0x89, 0x78, 0x08, 0x2c, 0x78, // ..|F......a.x.,x
	0x07, 0xf9, 0x58, 0x10, 0x0f, 0xf0, 0x99, 0x25, 0x98, 0x06, 0x2a, 0x00, 0x26, 0x12, 0xa4, 0xe1, // ..X....%..*.&...
	0x88, 0xe5, 0x1d, 0x94, 0x6f, 0x96, 0xa1, 0xa2, 0x02, 0x63, 0xe2, 0x41, 0x3e, 0xb3, 0x04, 0xd6, // ....o....c.A>...
	0x88, 0x81, 0x01, 0x80, 0x20, 0x18, 0x3c, 0x32, 0x61, 0x0f, 0x8d, 0x05, 0xf4, 0x20, 0x9f, 0x11, // .... .<2a.... ..
	0x03, 0x03, 0x00, 0x41, 0x30, 0x78, 0x68, 0x22, 0x1f, 0x02, 0x0b, 0xee, 0x41, 0x3e, 0x16, 0xe4, // ...A0xh"....A>..
	0x03, 0x7c, 0x66, 0x09, 0xac, 0x81, 0x0a, 0x80, 0xa1, 0x84, 0x6a, 0x38, 0x42, 0xba, 0x07, 0xe5, // .|f.......j8B...
	0x9b, 0x65, 0xc0, 0xae, 0xc0, 0xa6, 0x7c, 0x90, 0xcf, 0x2c, 0x41, 0x36, 0x62, 0x60, 0x00, 0x20, // .e....|..,A6b`. 
	0x08, 0x06, 0x8f, 0x4e, 0xf8, 0x03, 0x65, 0x01, 0x3f, 0xc8, 0x67, 0xc4, 0xc0, 0x00, 0x40, 0x10, // ...N..e.?.g...@.
	0x0c, 0x1e, 0x9e, 0x08, 0x89, 0xc0, 0x82, 0x7f, 0x90, 0x8f, 0x05, 0x21, 0x01, 0x9f, 0x59, 0x82, // ...........!..Y.
	0x6c, 0xa0, 0x02, 0x60, 0x2e, 0x01, 0x1b, 0x31, 0x70, 0x00, 0x10, 0x04, 0x83, 0xe8, 0x27, 0x58, // l..`...1p.....'X
	0x02, 0x1f, 0xec, 0xa1, 0x1e, 0x4c, 0x22, 0x4a, 0x82, 0xec, 0x25, 0x66, 0x09, 0x34, 0x0c, 0x88, // .....L"J..%f.4..
	0x01, 0x00, 0x02, 0x00, 0x00, 0x00, 0x5b, 0x06, 0x38, 0x08, 0xc8, 0x00, 0x00, 0x00, 0x00, 0x00, // ......[.8.......
	0x00, 0x00, 0x00, 0x00, 0x00, 0x00, 0x00, 0x00, 0x00, 0x00,                                     // ..........
};
static const uint8_t cs_mipmap_srgba8_spv[4465] =
{
	0x43, 0x53, 0x48, 0x0c, 0x00, 0x00, 0x00, 0x00, 0x00, 0x00, 0x00, 0x00, 0x00, 0x00, 0x00, 0x00, // CSH.............
	0x00, 0x00, 0x00, 0x00, 0x02, 0x00, 0x08, 0x75, 0x5f, 0x53, 0x6f, 0x75, 0x72, 0x63, 0x65, 0x20, // .......u_Source 
	0x00, 0x02, 0x00, 0x00, 0x00, 0x00, 0x02, 0x4a, 0x00, 0x0d, 0x75, 0x5f, 0x44, 0x65, 0x73, 0x74, // .......J..u_Dest
	0x69, 0x6e, 0x61, 0x74, 0x69, 0x6f, 0x6e, 0x01, 0x00, 0x03, 0x00, 0x03, 0x00, 0x00, 0x02, 0x4a, // ination........J
	0x00, 0x28, 0x11, 0x00, 0x00, 0x03, 0x02, 0x23, 0x07, 0x00, 0x00, 0x01, 0x00, 0x0b, 0x00, 0x08, // .(.....#........
	0x00, 0x06, 0x03, 0x00, 0x00, 0x00, 0x00, 0x00, 0x00, 0x11, 0x00, 0x02, 0x00, 0x01, 0x00, 0x00, // ................
	0x00, 0x11, 0x00, 0x02, 0x00, 0x32, 0x00, 0x00, 0x00, 0x0b, 0x00, 0x06, 0x00, 0x01, 0x00, 0x00, // .....2..........
	0x00, 0x47, 0x4c, 0x53, 0x4c, 0x2e, 0x73, 0x74, 0x64, 0x2e, 0x34, 0x35, 0x30, 0x00, 0x00, 0x00, // .GLSL.std.450...
	0x00, 0x0e, 0x00, 0x03, 0x00, 0x00, 0x00, 0x00, 0x00, 0x01, 0x00, 0x00, 0x00, 0x0f, 0x00, 0x06, // ................
	0x00, 0x05, 0x00, 0x00, 0x00, 0x04, 0x00, 0x00, 0x00, 0x6d, 0x61, 0x69, 0x6e, 0x00, 0x00, 0x00, // .........main...
	0x00, 0x52, 0x01, 0x00, 0x00, 0x10, 0x00, 0x06, 0x00, 0x04, 0x00, 0x00, 0x00, 0x11, 0x00, 0x00, // .R..............
	0x00, 0x08, 0x00, 0x00, 0x00, 0x08, 0x00, 0x00, 0x00, 0x01, 0x00, 0x00, 0x00, 0x03, 0x00, 0x03, // ................
	0x00, 0x05, 0x00, 0x00, 0x00, 0xf4, 0x01, 0x00, 0x00, 0x05, 0x00, 0x04, 0x00, 0x04, 0x00, 0x00, // ................
	0x00, 0x6d, 0x61, 0x69, 0x6e, 0x00, 0x00, 0x00, 0x00, 0x05, 0x00, 0x05, 0x00, 0xcb, 0x00, 0x00, // .main...........
	0x00, 0x75, 0x5f, 0x53, 0x6f, 0x75, 0x72, 0x63, 0x65, 0x00, 0x00, 0x00, 0x00, 0x05, 0x00, 0x06, // .u_Source.......
	0x00, 0xd2, 0x00, 0x00, 0x00, 0x75, 0x5f, 0x44, 0x65, 0x73, 0x74, 0x69, 0x6e, 0x61, 0x74, 0x69, // .....u_Destinati
	0x6f, 0x6e, 0x00, 0x00, 0x00, 0x05, 0x00, 0x08, 0x00, 0x52, 0x01, 0x00, 0x00, 0x67, 0x6c, 0x5f, // on.......R...gl_
	0x47, 0x6c, 0x6f, 0x62, 0x61, 0x6c, 0x49, 0x6e, 0x76, 0x6f, 0x63, 0x61, 0x74, 0x69, 0x6f, 0x6e, // GlobalInvocation
	0x49, 0x44, 0x00, 0x00, 0x00, 0x47, 0x00, 0x04, 0x00, 0xcb, 0x00, 0x00, 0x00, 0x21, 0x00, 0x00, // ID...G.......!..
	0x00, 0x02, 0x00, 0x00, 0x00, 0x47, 0x00, 0x04, 0x00, 0xcb, 0x00, 0x00, 0x00, 0x22, 0x00, 0x00, // .....G......."..
	0x00, 0x00, 0x00, 0x00, 0x00, 0x47, 0x00, 0x03, 0x00, 0xd2, 0x00, 0x00, 0x00, 0x19, 0x00, 0x00, // .....G..........
	0x00, 0x47, 0x00, 0x04, 0x00, 0xd2, 0x00, 0x00, 0x00, 0x21, 0x00, 0x00, 0x00, 0x03, 0x00, 0x00, // .G.......!......
	0x00, 0x47, 0x00, 0x04, 0x00, 0xd2, 0x00, 0x00, 0x00, 0x22, 0x00, 0x00, 0x00, 0x00, 0x00, 0x00, // .G......."......
	0x00, 0x47, 0x00, 0x04, 0x00, 0x52, 0x01, 0x00, 0x00, 0x0b, 0x00, 0x00, 0x00, 0x1c, 0x00, 0x00, // .G...R..........
	0x00, 0x13, 0x00, 0x02, 0x00, 0x02, 0x00, 0x00, 0x00, 0x21, 0x00, 0x03, 0x00, 0x03, 0x00, 0x00, // .........!......
	0x00, 0x02, 0x00, 0x00, 0x00, 0x16, 0x00, 0x03, 0x00, 0x06, 0x00, 0x00, 0x00, 0x20, 0x00, 0x00, // ............. ..
	0x00, 0x17, 0x00, 0x04, 0x00, 0x07, 0x00, 0x00, 0x00, 0x06, 0x00, 0x00, 0x00, 0x02, 0x00, 0x00, // ................
	0x00, 0x14, 0x00, 0x02, 0x00, 0x09, 0x00, 0x00, 0x00, 0x17, 0x00, 0x04, 0x00, 0x0a, 0x00, 0x00, // ................
	0x00, 0x09, 0x00, 0x00, 0x00, 0x02, 0x00, 0x00, 0x00, 0x20, 0x00, 0x04, 0x00, 0x10, 0x00, 0x00, // ......... ......
	0x00, 0x07, 0x00, 0x00, 0x00, 0x06, 0x00, 0x00, 0x00, 0x17, 0x00, 0x04, 0x00, 0x11, 0x00, 0x00, // ................
	0x00, 0x06, 0x00, 0x00, 0x00, 0x04, 0x00, 0x00, 0x00, 0x15, 0x00, 0x04, 0x00, 0x18, 0x00, 0x00, // ................
	0x00, 0x20, 0x00, 0x00, 0x00, 0x01, 0x00, 0x00, 0x00, 0x17, 0x00, 0x04, 0x00, 0x19, 0x00, 0x00, // . ..............
	0x00, 0x18, 0x00, 0x00, 0x00, 0x02, 0x00, 0x00, 0x00, 0x17, 0x00, 0x04, 0x00, 0x3f, 0x00, 0x00, // .............?..
	0x00, 0x18, 0x00, 0x00, 0x00, 0x03, 0x00, 0x00, 0x00, 0x2b, 0x00, 0x04, 0x00, 0x18, 0x00, 0x00, // .........+......
	0x00, 0x50, 0x00, 0x00, 0x00, 0x00, 0x00, 0x00, 0x00, 0x15, 0x00, 0x04, 0x00, 0x54, 0x00, 0x00, // .P...........T..
	0x00, 0x20, 0x00, 0x00, 0x00, 0x00, 0x00, 0x00, 0x00, 0x17, 0x00, 0x04, 0x00, 0x55, 0x00, 0x00, // . ...........U..
	0x00, 0x54, 0x00, 0x00, 0x00, 0x02, 0x00, 0x00, 0x00, 0x2b, 0x00, 0x04, 0x00, 0x54, 0x00, 0x00, // .T.......+...T..
	0x00, 0x5b, 0x00, 0x00, 0x00, 0x00, 0x00, 0x00, 0x00, 0x2b, 0x00, 0x04, 0x00, 0x06, 0x00, 0x00, // .[.......+......
	0x00, 0x7c, 0x00, 0x00, 0x00, 0xe6, 0xae, 0x25, 0x3d, 0x2b, 0x00, 0x04, 0x00, 0x06, 0x00, 0x00, // .|.....%=+......
	0x00, 0x81, 0x00, 0x00, 0x00, 0x91, 0x83, 0x9e, 0x3d, 0x2b, 0x00, 0x04, 0x00, 0x06, 0x00, 0x00, // ........=+......
	0x00, 0x86, 0x00, 0x00, 0x00, 0x6e, 0xa7, 0x72, 0x3f, 0x2b, 0x00, 0x04, 0x00, 0x06, 0x00, 0x00, // .....n.r?+......
	0x00, 0x88, 0x00, 0x00, 0x00, 0x19, 0x89, 0x55, 0x3d, 0x2b, 0x00, 0x04, 0x00, 0x06, 0x00, 0x00, // .......U=+......
	0x00, 0x8a, 0x00, 0x00, 0x00, 0x9a, 0x99, 0x19, 0x40, 0x2b, 0x00, 0x04, 0x00, 0x06, 0x00, 0x00, // ........@+......
	0x00, 0xa2, 0x00, 0x00, 0x00, 0x1c, 0x2e, 0x4d, 0x3b, 0x2b, 0x00, 0x04, 0x00, 0x06, 0x00, 0x00, // .......M;+......
	0x00, 0xa6, 0x00, 0x00, 0x00, 0x52, 0xb8, 0x4e, 0x41, 0x2b, 0x00, 0x04, 0x00, 0x06, 0x00, 0x00, // .....R.NA+......
	0x00, 0xab, 0x00, 0x00, 0x00, 0x3d, 0x0a, 0x87, 0x3f, 0x2b, 0x00, 0x04, 0x00, 0x06, 0x00, 0x00, // .....=..?+......
	0x00, 0xad, 0x00, 0x00, 0x00, 0x55, 0x55, 0xd5, 0x3e, 0x2b, 0x00, 0x04, 0x00, 0x06, 0x00, 0x00, // .....UU.>+......
	0x00, 0xb0, 0x00, 0x00, 0x00, 0xae, 0x47, 0x61, 0x3d, 0x19, 0x00, 0x09, 0x00, 0xc9, 0x00, 0x00, // ......Ga=.......
	0x00, 0x06, 0x00, 0x00, 0x00, 0x01, 0x00, 0x00, 0x00, 0x00, 0x00, 0x00, 0x00, 0x00, 0x00, 0x00, // ................
	0x00, 0x00, 0x00, 0x00, 0x00, 0x01, 0x00, 0x00, 0x00, 0x04, 0x00, 0x00, 0x00, 0x20, 0x00, 0x04, // ............. ..
	0x00, 0xca, 0x00, 0x00, 0x00, 0x00, 0x00, 0x00, 0x00, 0xc9, 0x00, 0x00, 0x00, 0x3b, 0x00, 0x04, // .............;..
	0x00, 0xca, 0x00, 0x00, 0x00, 0xcb, 0x00, 0x00, 0x00, 0x00, 0x00, 0x00, 0x00, 0x19, 0x00, 0x09, // ................
	0x00, 0xd0, 0x00, 0x00, 0x00, 0x06, 0x00, 0x00, 0x00, 0x01, 0x00, 0x00, 0x00, 0x00, 0x00, 0x00, // ................
	0x00, 0x00, 0x00, 0x00, 0x00, 0x00, 0x00, 0x00, 0x00, 0x02, 0x00, 0x00, 0x00, 0x04, 0x00, 0x00, // ................
	0x00, 0x20, 0x00, 0x04, 0x00, 0xd1, 0x00, 0x00, 0x00, 0x00, 0x00, 0x00, 0x00, 0xd0, 0x00, 0x00, // . ..............
	0x00, 0x3b, 0x00, 0x04, 0x00, 0xd1, 0x00, 0x00, 0x00, 0xd2, 0x00, 0x00, 0x00, 0x00, 0x00, 0x00, // .;..............
	0x00, 0x2b, 0x00, 0x04, 0x00, 0x06, 0x00, 0x00, 0x00, 0xe2, 0x00, 0x00, 0x00, 0x00, 0x00, 0x00, // .+..............
	0x00, 0x2b, 0x00, 0x04, 0x00, 0x18, 0x00, 0x00, 0x00, 0xe7, 0x00, 0x00, 0x00, 0x02, 0x00, 0x00, // .+..............
	0x00, 0x2b, 0x00, 0x04, 0x00, 0x18, 0x00, 0x00, 0x00, 0xea, 0x00, 0x00, 0x00, 0x01, 0x00, 0x00, // .+..............
	0x00, 0x2c, 0x00, 0x05, 0x00, 0x19, 0x00, 0x00, 0x00, 0xeb, 0x00, 0x00, 0x00, 0xea, 0x00, 0x00, // .,..............
	0x00, 0xea, 0x00, 0x00, 0x00, 0x2b, 0x00, 0x04, 0x00, 0x18, 0x00, 0x00, 0x00, 0xf6, 0x00, 0x00, // .....+..........
	0x00, 0x04, 0x00, 0x00, 0x00, 0x2b, 0x00, 0x04, 0x00, 0x54, 0x00, 0x00, 0x00, 0x1b, 0x01, 0x00, // .....+...T......
	0x00, 0x04, 0x00, 0x00, 0x00, 0x1c, 0x00, 0x04, 0x00, 0x1c, 0x01, 0x00, 0x00, 0x06, 0x00, 0x00, // ................
	0x00, 0x1b, 0x01, 0x00, 0x00, 0x1c, 0x00, 0x04, 0x00, 0x1d, 0x01, 0x00, 0x00, 0x1c, 0x01, 0x00, // ................
	0x00, 0x1b, 0x01, 0x00, 0x00, 0x2b, 0x00, 0x04, 0x00, 0x06, 0x00, 0x00, 0x00, 0x1e, 0x01, 0x00, // .....+..........
	0x00, 0x38, 0x9e, 0xcf, 0x38, 0x2b, 0x00, 0x04, 0x00, 0x06, 0x00, 0x00, 0x00, 0x1f, 0x01, 0x00, // .8..8+..........
	0x00, 0x68, 0xe8, 0x9f, 0x3b, 0x2c, 0x00, 0x07, 0x00, 0x1c, 0x01, 0x00, 0x00, 0x20, 0x01, 0x00, // .h..;,....... ..
	0x00, 0x1e, 0x01, 0x00, 0x00, 0x1f, 0x01, 0x00, 0x00, 0x1f, 0x01, 0x00, 0x00, 0x1e, 0x01, 0x00, // ................
	0x00, 0x2b, 0x00, 0x04, 0x00, 0x06, 0x00, 0x00, 0x00, 0x21, 0x01, 0x00, 0x00, 0x86, 0xe7, 0x75, // .+.......!.....u
	0x3e, 0x2c, 0x00, 0x07, 0x00, 0x1c, 0x01, 0x00, 0x00, 0x22, 0x01, 0x00, 0x00, 0x1f, 0x01, 0x00, // >,......."......
	0x00, 0x21, 0x01, 0x00, 0x00, 0x21, 0x01, 0x00, 0x00, 0x1f, 0x01, 0x00, 0x00, 0x2c, 0x00, 0x07, // .!...!.......,..
	0x00, 0x1d, 0x01, 0x00, 0x00, 0x23, 0x01, 0x00, 0x00, 0x20, 0x01, 0x00, 0x00, 0x22, 0x01, 0x00, // .....#... ..."..
	0x00, 0x22, 0x01, 0x00, 0x00, 0x20, 0x01, 0x00, 0x00, 0x20, 0x00, 0x04, 0x00, 0x26, 0x01, 0x00, // ."... ... ...&..
	0x00, 0x07, 0x00, 0x00, 0x00, 0x1d, 0x01, 0x00, 0x00, 0x20, 0x00, 0x04, 0x00, 0x51, 0x01, 0x00, // ......... ...Q..
	0x00, 0x01, 0x00, 0x00, 0x00, 0x3f, 0x00, 0x00, 0x00, 0x3b, 0x00, 0x04, 0x00, 0x51, 0x01, 0x00, // .....?...;...Q..
	0x00, 0x52, 0x01, 0x00, 0x00, 0x01, 0x00, 0x00, 0x00, 0x2c, 0x00, 0x07, 0x00, 0x11, 0x00, 0x00, // .R.......,......
	0x00, 0xe7, 0x02, 0x00, 0x00, 0xe2, 0x00, 0x00, 0x00, 0xe2, 0x00, 0x00, 0x00, 0xe2, 0x00, 0x00, // ................
	0x00, 0xe2, 0x00, 0x00, 0x00, 0x2c, 0x00, 0x05, 0x00, 0x19, 0x00, 0x00, 0x00, 0xe8, 0x02, 0x00, // .....,..........
	0x00, 0xe7, 0x00, 0x00, 0x00, 0xe7, 0x00, 0x00, 0x00, 0x36, 0x00, 0x05, 0x00, 0x02, 0x00, 0x00, // .........6......
	0x00, 0x04, 0x00, 0x00, 0x00, 0x00, 0x00, 0x00, 0x00, 0x03, 0x00, 0x00, 0x00, 0xf8, 0x00, 0x02, // ................
	0x00, 0x05, 0x00, 0x00, 0x00, 0x3b, 0x00, 0x04, 0x00, 0x26, 0x01, 0x00, 0x00, 0xa3, 0x01, 0x00, // .....;...&......
	0x00, 0x07, 0x00, 0x00, 0x00, 0x3b, 0x00, 0x04, 0x00, 0x26, 0x01, 0x00, 0x00, 0xa7, 0x01, 0x00, // .....;...&......
	0x00, 0x07, 0x00, 0x00, 0x00, 0x3d, 0x00, 0x04, 0x00, 0x3f, 0x00, 0x00, 0x00, 0x53, 0x01, 0x00, // .....=...?...S..
	0x00, 0x52, 0x01, 0x00, 0x00, 0xf7, 0x00, 0x03, 0x00, 0x0b, 0x02, 0x00, 0x00, 0x00, 0x00, 0x00, // .R..............
	0x00, 0xfb, 0x00, 0x03, 0x00, 0x5b, 0x00, 0x00, 0x00, 0xad, 0x01, 0x00, 0x00, 0xf8, 0x00, 0x02, // .....[..........
	0x00, 0xad, 0x01, 0x00, 0x00, 0x4f, 0x00, 0x07, 0x00, 0x19, 0x00, 0x00, 0x00, 0xaf, 0x01, 0x00, // .....O..........
	0x00, 0x53, 0x01, 0x00, 0x00, 0x53, 0x01, 0x00, 0x00, 0x00, 0x00, 0x00, 0x00, 0x01, 0x00, 0x00, // .S...S..........
	0x00, 0x3d, 0x00, 0x04, 0x00, 0xc9, 0x00, 0x00, 0x00, 0xb0, 0x01, 0x00, 0x00, 0xcb, 0x00, 0x00, // .=..............
	0x00, 0x67, 0x00, 0x05, 0x00, 0x55, 0x00, 0x00, 0x00, 0x11, 0x02, 0x00, 0x00, 0xb0, 0x01, 0x00, // .g...U..........
	0x00, 0x50, 0x00, 0x00, 0x00, 0x7c, 0x00, 0x04, 0x00, 0x19, 0x00, 0x00, 0x00, 0x19, 0x02, 0x00, // .P...|..........
	0x00, 0x11, 0x02, 0x00, 0x00, 0x3d, 0x00, 0x04, 0x00, 0xd0, 0x00, 0x00, 0x00, 0xb2, 0x01, 0x00, // .....=..........
	0x00, 0xd2, 0x00, 0x00, 0x00, 0x68, 0x00, 0x04, 0x00, 0x55, 0x00, 0x00, 0x00, 0x1f, 0x02, 0x00, // .....h...U......
	0x00, 0xb2, 0x01, 0x00, 0x00, 0x7c, 0x00, 0x04, 0x00, 0x19, 0x00, 0x00, 0x00, 0x27, 0x02, 0x00, // .....|.......'..
	0x00, 0x1f, 0x02, 0x00, 0x00, 0x6f, 0x00, 0x04, 0x00, 0x07, 0x00, 0x00, 0x00, 0xb5, 0x01, 0x00, // .....o..........
	0x00, 0xaf, 0x01, 0x00, 0x00, 0x6f, 0x00, 0x04, 0x00, 0x07, 0x00, 0x00, 0x00, 0xb7, 0x01, 0x00, // .....o..........
	0x00, 0x27, 0x02, 0x00, 0x00, 0xbe, 0x00, 0x05, 0x00, 0x0a, 0x00, 0x00, 0x00, 0x2d, 0x02, 0x00, // .'...........-..
	0x00, 0xb5, 0x01, 0x00, 0x00, 0xb7, 0x01, 0x00, 0x00, 0x9a, 0x00, 0x04, 0x00, 0x09, 0x00, 0x00, // ................
	0x00, 0xb9, 0x01, 0x00, 0x00, 0x2d, 0x02, 0x00, 0x00, 0xf7, 0x00, 0x03, 0x00, 0xbb, 0x01, 0x00, // .....-..........
	0x00, 0x00, 0x00, 0x00, 0x00, 0xfa, 0x00, 0x04, 0x00, 0xb9, 0x01, 0x00, 0x00, 0xba, 0x01, 0x00, // ................
	0x00, 0xbb, 0x01, 0x00, 0x00, 0xf8, 0x00, 0x02, 0x00, 0xba, 0x01, 0x00, 0x00, 0xf9, 0x00, 0x02, // ................
	0x00, 0x0b, 0x02, 0x00, 0x00, 0xf8, 0x00, 0x02, 0x00, 0xbb, 0x01, 0x00, 0x00, 0x84, 0x00, 0x05, // ................
	0x00, 0x19, 0x00, 0x00, 0x00, 0xbf, 0x01, 0x00, 0x00, 0xaf, 0x01, 0x00, 0x00, 0xe8, 0x02, 0x00, // ................
	0x00, 0x82, 0x00, 0x05, 0x00, 0x19, 0x00, 0x00, 0x00, 0xc0, 0x01, 0x00, 0x00, 0xbf, 0x01, 0x00, // ................
	0x00, 0xeb, 0x00, 0x00, 0x00, 0xf9, 0x00, 0x02, 0x00, 0xc1, 0x01, 0x00, 0x00, 0xf8, 0x00, 0x02, // ................
	0x00, 0xc1, 0x01, 0x00, 0x00, 0xf5, 0x00, 0x07, 0x00, 0x06, 0x00, 0x00, 0x00, 0xeb, 0x02, 0x00, // ................
	0x00, 0xe2, 0x00, 0x00, 0x00, 0xbb, 0x01, 0x00, 0x00, 0x01, 0x03, 0x00, 0x00, 0xfe, 0x01, 0x00, // ................
	0x00, 0xf5, 0x00, 0x07, 0x00, 0x11, 0x00, 0x00, 0x00, 0xea, 0x02, 0x00, 0x00, 0xe7, 0x02, 0x00, // ................
	0x00, 0xbb, 0x01, 0x00, 0x00, 0xf7, 0x02, 0x00, 0x00, 0xfe, 0x01, 0x00, 0x00, 0xf5, 0x00, 0x07, // ................
	0x00, 0x18, 0x00, 0x00, 0x00, 0xe9, 0x02, 0x00, 0x00, 0x50, 0x00, 0x00, 0x00, 0xbb, 0x01, 0x00, // .........P......
	0x00, 0x00, 0x02, 0x00, 0x00, 0xfe, 0x01, 0x00, 0x00, 0xb1, 0x00, 0x05, 0x00, 0x09, 0x00, 0x00, // ................
	0x00, 0xc4, 0x01, 0x00, 0x00, 0xe9, 0x02, 0x00, 0x00, 0xf6, 0x00, 0x00, 0x00, 0xf6, 0x00, 0x04, // ................
	0x00, 0x01, 0x02, 0x00, 0x00, 0xfe, 0x01, 0x00, 0x00, 0x00, 0x00, 0x00, 0x00, 0xfa, 0x00, 0x04, // ................
	0x00, 0xc4, 0x01, 0x00, 0x00, 0xc5, 0x01, 0x00, 0x00, 0x01, 0x02, 0x00, 0x00, 0xf8, 0x00, 0x02, // ................
	0x00, 0xc5, 0x01, 0x00, 0x00, 0xf9, 0x00, 0x02, 0x00, 0xc6, 0x01, 0x00, 0x00, 0xf8, 0x00, 0x02, // ................
	0x00, 0xc6, 0x01, 0x00, 0x00, 0xf5, 0x00, 0x07, 0x00, 0x06, 0x00, 0x00, 0x00, 0x01, 0x03, 0x00, // ................
	0x00, 0xeb, 0x02, 0x00, 0x00, 0xc5, 0x01, 0x00, 0x00, 0x05, 0x03, 0x00, 0x00, 0xfa, 0x01, 0x00, // ................
	0x00, 0xf5, 0x00, 0x07, 0x00, 0x11, 0x00, 0x00, 0x00, 0xf7, 0x02, 0x00, 0x00, 0xea, 0x02, 0x00, // ................
	0x00, 0xc5, 0x01, 0x00, 0x00, 0x04, 0x03, 0x00, 0x00, 0xfa, 0x01, 0x00, 0x00, 0xf5, 0x00, 0x07, // ................
	0x00, 0x18, 0x00, 0x00, 0x00, 0xef, 0x02, 0x00, 0x00, 0x50, 0x00, 0x00, 0x00, 0xc5, 0x01, 0x00, // .........P......
	0x00, 0xfc, 0x01, 0x00, 0x00, 0xfa, 0x01, 0x00, 0x00, 0xb1, 0x00, 0x05, 0x00, 0x09, 0x00, 0x00, // ................
	0x00, 0xc9, 0x01, 0x00, 0x00, 0xef, 0x02, 0x00, 0x00, 0xf6, 0x00, 0x00, 0x00, 0xf6, 0x00, 0x04, // ................
	0x00, 0xfd, 0x01, 0x00, 0x00, 0xfa, 0x01, 0x00, 0x00, 0x00, 0x00, 0x00, 0x00, 0xfa, 0x00, 0x04, // ................
	0x00, 0xc9, 0x01, 0x00, 0x00, 0xca, 0x01, 0x00, 0x00, 0xfd, 0x01, 0x00, 0x00, 0xf8, 0x00, 0x02, // ................
	0x00, 0xca, 0x01, 0x00, 0x00, 0x50, 0x00, 0x05, 0x00, 0x19, 0x00, 0x00, 0x00, 0xce, 0x01, 0x00, // .....P..........
	0x00, 0xef, 0x02, 0x00, 0x00, 0xe9, 0x02, 0x00, 0x00, 0x80, 0x00, 0x05, 0x00, 0x19, 0x00, 0x00, // ................
	0x00, 0xcf, 0x01, 0x00, 0x00, 0xc0, 0x01, 0x00, 0x00, 0xce, 0x01, 0x00, 0x00, 0x51, 0x00, 0x05, // .............Q..
	0x00, 0x18, 0x00, 0x00, 0x00, 0xd1, 0x01, 0x00, 0x00, 0xcf, 0x01, 0x00, 0x00, 0x00, 0x00, 0x00, // ................
	0x00, 0xaf, 0x00, 0x05, 0x00, 0x09, 0x00, 0x00, 0x00, 0xd2, 0x01, 0x00, 0x00, 0xd1, 0x01, 0x00, // ................
	0x00, 0x50, 0x00, 0x00, 0x00, 0x51, 0x00, 0x05, 0x00, 0x18, 0x00, 0x00, 0x00, 0xd4, 0x01, 0x00, // .P...Q..........
	0x00, 0xcf, 0x01, 0x00, 0x00, 0x01, 0x00, 0x00, 0x00, 0xaf, 0x00, 0x05, 0x00, 0x09, 0x00, 0x00, // ................
	0x00, 0xd5, 0x01, 0x00, 0x00, 0xd4, 0x01, 0x00, 0x00, 0x50, 0x00, 0x00, 0x00, 0xa7, 0x00, 0x05, // .........P......
	0x00, 0x09, 0x00, 0x00, 0x00, 0xd6, 0x01, 0x00, 0x00, 0xd2, 0x01, 0x00, 0x00, 0xd5, 0x01, 0x00, // ................
	0x00, 0x51, 0x00, 0x05, 0x00, 0x18, 0x00, 0x00, 0x00, 0xda, 0x01, 0x00, 0x00, 0x19, 0x02, 0x00, // .Q..............
	0x00, 0x00, 0x00, 0x00, 0x00, 0xb1, 0x00, 0x05, 0x00, 0x09, 0x00, 0x00, 0x00, 0xdb, 0x01, 0x00, // ................
	0x00, 0xd1, 0x01, 0x00, 0x00, 0xda, 0x01, 0x00, 0x00, 0xa7, 0x00, 0x05, 0x00, 0x09, 0x00, 0x00, // ................
	0x00, 0xdc, 0x01, 0x00, 0x00, 0xd6, 0x01, 0x00, 0x00, 0xdb, 0x01, 0x00, 0x00, 0x51, 0x00, 0x05, // .............Q..
	0x00, 0x18, 0x00, 0x00, 0x00, 0xe0, 0x01, 0x00, 0x00, 0x19, 0x02, 0x00, 0x00, 0x01, 0x00, 0x00, // ................
	0x00, 0xb1, 0x00, 0x05, 0x00, 0x09, 0x00, 0x00, 0x00, 0xe1, 0x01, 0x00, 0x00, 0xd4, 0x01, 0x00, // ................
	0x00, 0xe0, 0x01, 0x00, 0x00, 0xa7, 0x00, 0x05, 0x00, 0x09, 0x00, 0x00, 0x00, 0xe2, 0x01, 0x00, // ................
	0x00, 0xdc, 0x01, 0x00, 0x00, 0xe1, 0x01, 0x00, 0x00, 0xf7, 0x00, 0x03, 0x00, 0xf9, 0x01, 0x00, // ................
	0x00, 0x00, 0x00, 0x00, 0x00, 0xfa, 0x00, 0x04, 0x00, 0xe2, 0x01, 0x00, 0x00, 0xe3, 0x01, 0x00, // ................
	0x00, 0xf9, 0x01, 0x00, 0x00, 0xf8, 0x00, 0x02, 0x00, 0xe3, 0x01, 0x00, 0x00, 0x3e, 0x00, 0x03, // .............>..
	0x00, 0xa3, 0x01, 0x00, 0x00, 0x23, 0x01, 0x00, 0x00, 0x41, 0x00, 0x06, 0x00, 0x10, 0x00, 0x00, // .....#...A......
	0x00, 0xe6, 0x01, 0x00, 0x00, 0xa3, 0x01, 0x00, 0x00, 0xef, 0x02, 0x00, 0x00, 0xe9, 0x02, 0x00, // ................
	0x00, 0x3d, 0x00, 0x04, 0x00, 0x06, 0x00, 0x00, 0x00, 0xe7, 0x01, 0x00, 0x00, 0xe6, 0x01, 0x00, // .=..............
	0x00, 0x3d, 0x00, 0x04, 0x00, 0xc9, 0x00, 0x00, 0x00, 0xed, 0x01, 0x00, 0x00, 0xcb, 0x00, 0x00, // .=..............
	0x00, 0x5f, 0x00, 0x07, 0x00, 0x11, 0x00, 0x00, 0x00, 0x36, 0x02, 0x00, 0x00, 0xed, 0x01, 0x00, // ._.......6......
	0x00, 0xcf, 0x01, 0x00, 0x00, 0x02, 0x00, 0x00, 0x00, 0x50, 0x00, 0x00, 0x00, 0x51, 0x00, 0x05, // .........P...Q..
	0x00, 0x06, 0x00, 0x00, 0x00, 0x3d, 0x02, 0x00, 0x00, 0x36, 0x02, 0x00, 0x00, 0x00, 0x00, 0x00, // .....=...6......
	0x00, 0xf7, 0x00, 0x03, 0x00, 0x58, 0x02, 0x00, 0x00, 0x00, 0x00, 0x00, 0x00, 0xfb, 0x00, 0x03, // .....X..........
	0x00, 0x5b, 0x00, 0x00, 0x00, 0x4c, 0x02, 0x00, 0x00, 0xf8, 0x00, 0x02, 0x00, 0x4c, 0x02, 0x00, // .[...L.......L..
	0x00, 0xbc, 0x00, 0x05, 0x00, 0x09, 0x00, 0x00, 0x00, 0x4e, 0x02, 0x00, 0x00, 0x3d, 0x02, 0x00, // .........N...=..
	0x00, 0x7c, 0x00, 0x00, 0x00, 0xf7, 0x00, 0x03, 0x00, 0x57, 0x02, 0x00, 0x00, 0x00, 0x00, 0x00, // .|.......W......
	0x00, 0xfa, 0x00, 0x04, 0x00, 0x4e, 0x02, 0x00, 0x00, 0x4f, 0x02, 0x00, 0x00, 0x52, 0x02, 0x00, // .....N...O...R..
	0x00, 0xf8, 0x00, 0x02, 0x00, 0x52, 0x02, 0x00, 0x00, 0x85, 0x00, 0x05, 0x00, 0x06, 0x00, 0x00, // .....R..........
	0x00, 0x54, 0x02, 0x00, 0x00, 0x3d, 0x02, 0x00, 0x00, 0x86, 0x00, 0x00, 0x00, 0x81, 0x00, 0x05, // .T...=..........
	0x00, 0x06, 0x00, 0x00, 0x00, 0x55, 0x02, 0x00, 0x00, 0x54, 0x02, 0x00, 0x00, 0x88, 0x00, 0x00, // .....U...T......
	0x00, 0x0c, 0x00, 0x07, 0x00, 0x06, 0x00, 0x00, 0x00, 0x56, 0x02, 0x00, 0x00, 0x01, 0x00, 0x00, // .........V......
	0x00, 0x1a, 0x00, 0x00, 0x00, 0x55, 0x02, 0x00, 0x00, 0x8a, 0x00, 0x00, 0x00, 0xf9, 0x00, 0x02, // .....U..........
	0x00, 0x58, 0x02, 0x00, 0x00, 0xf8, 0x00, 0x02, 0x00, 0x4f, 0x02, 0x00, 0x00, 0x85, 0x00, 0x05, // .X.......O......
	0x00, 0x06, 0x00, 0x00, 0x00, 0x51, 0x02, 0x00, 0x00, 0x3d, 0x02, 0x00, 0x00, 0x81, 0x00, 0x00, // .....Q...=......
	0x00, 0xf9, 0x00, 0x02, 0x00, 0x58, 0x02, 0x00, 0x00, 0xf8, 0x00, 0x02, 0x00, 0x57, 0x02, 0x00, // .....X.......W..
	0x00, 0xff, 0x00, 0x01, 0x00, 0xf8, 0x00, 0x02, 0x00, 0x58, 0x02, 0x00, 0x00, 0xf5, 0x00, 0x07, // .........X......
	0x00, 0x06, 0x00, 0x00, 0x00, 0xf1, 0x02, 0x00, 0x00, 0x56, 0x02, 0x00, 0x00, 0x52, 0x02, 0x00, // .........V...R..
	0x00, 0x51, 0x02, 0x00, 0x00, 0x4f, 0x02, 0x00, 0x00, 0x51, 0x00, 0x05, 0x00, 0x06, 0x00, 0x00, // .Q...O...Q......
	0x00, 0x40, 0x02, 0x00, 0x00, 0x36, 0x02, 0x00, 0x00, 0x01, 0x00, 0x00, 0x00, 0xf7, 0x00, 0x03, // .@...6..........
	0x00, 0x6a, 0x02, 0x00, 0x00, 0x00, 0x00, 0x00, 0x00, 0xfb, 0x00, 0x03, 0x00, 0x5b, 0x00, 0x00, // .j...........[..
	0x00, 0x5e, 0x02, 0x00, 0x00, 0xf8, 0x00, 0x02, 0x00, 0x5e, 0x02, 0x00, 0x00, 0xbc, 0x00, 0x05, // .^.......^......
	0x00, 0x09, 0x00, 0x00, 0x00, 0x60, 0x02, 0x00, 0x00, 0x40, 0x02, 0x00, 0x00, 0x7c, 0x00, 0x00, // .....`...@...|..
	0x00, 0xf7, 0x00, 0x03, 0x00, 0x69, 0x02, 0x00, 0x00, 0x00, 0x00, 0x00, 0x00, 0xfa, 0x00, 0x04, // .....i..........
	0x00, 0x60, 0x02, 0x00, 0x00, 0x61, 0x02, 0x00, 0x00, 0x64, 0x02, 0x00, 0x00, 0xf8, 0x00, 0x02, // .`...a...d......
	0x00, 0x64, 0x02, 0x00, 0x00, 0x85, 0x00, 0x05, 0x00, 0x06, 0x00, 0x00, 0x00, 0x66, 0x02, 0x00, // .d...........f..
	0x00, 0x40, 0x02, 0x00, 0x00, 0x86, 0x00, 0x00, 0x00, 0x81, 0x00, 0x05, 0x00, 0x06, 0x00, 0x00, // .@..............
	0x00, 0x67, 0x02, 0x00, 0x00, 0x66, 0x02, 0x00, 0x00, 0x88, 0x00, 0x00, 0x00, 0x0c, 0x00, 0x07, // .g...f..........
	0x00, 0x06, 0x00, 0x00, 0x00, 0x68, 0x02, 0x00, 0x00, 0x01, 0x00, 0x00, 0x00, 0x1a, 0x00, 0x00, // .....h..........
	0x00, 0x67, 0x02, 0x00, 0x00, 0x8a, 0x00, 0x00, 0x00, 0xf9, 0x00, 0x02, 0x00, 0x6a, 0x02, 0x00, // .g...........j..
	0x00, 0xf8, 0x00, 0x02, 0x00, 0x61, 0x02, 0x00, 0x00, 0x85, 0x00, 0x05, 0x00, 0x06, 0x00, 0x00, // .....a..........
	0x00, 0x63, 0x02, 0x00, 0x00, 0x40, 0x02, 0x00, 0x00, 0x81, 0x00, 0x00, 0x00, 0xf9, 0x00, 0x02, // .c...@..........
	0x00, 0x6a, 0x02, 0x00, 0x00, 0xf8, 0x00, 0x02, 0x00, 0x69, 0x02, 0x00, 0x00, 0xff, 0x00, 0x01, // .j.......i......
	0x00, 0xf8, 0x00, 0x02, 0x00, 0x6a, 0x02, 0x00, 0x00, 0xf5, 0x00, 0x07, 0x00, 0x06, 0x00, 0x00, // .....j..........
	0x00, 0xf2, 0x02, 0x00, 0x00, 0x68, 0x02, 0x00, 0x00, 0x64, 0x02, 0x00, 0x00, 0x63, 0x02, 0x00, // .....h...d...c..
	0x00, 0x61, 0x02, 0x00, 0x00, 0x51, 0x00, 0x05, 0x00, 0x06, 0x00, 0x00, 0x00, 0x43, 0x02, 0x00, // .a...Q.......C..
	0x00, 0x36, 0x02, 0x00, 0x00, 0x02, 0x00, 0x00, 0x00, 0xf7, 0x00, 0x03, 0x00, 0x7c, 0x02, 0x00, // .6...........|..
	0x00, 0x00, 0x00, 0x00, 0x00, 0xfb, 0x00, 0x03, 0x00, 0x5b, 0x00, 0x00, 0x00, 0x70, 0x02, 0x00, // .........[...p..
	0x00, 0xf8, 0x00, 0x02, 0x00, 0x70, 0x02, 0x00, 0x00, 0xbc, 0x00, 0x05, 0x00, 0x09, 0x00, 0x00, // .....p..........
	0x00, 0x72, 0x02, 0x00, 0x00, 0x43, 0x02, 0x00, 0x00, 0x7c, 0x00, 0x00, 0x00, 0xf7, 0x00, 0x03, // .r...C...|......
	0x00, 0x7b, 0x02, 0x00, 0x00, 0x00, 0x00, 0x00, 0x00, 0xfa, 0x00, 0x04, 0x00, 0x72, 0x02, 0x00, // .{...........r..
	0x00, 0x73, 0x02, 0x00, 0x00, 0x76, 0x02, 0x00, 0x00, 0xf8, 0x00, 0x02, 0x00, 0x76, 0x02, 0x00, // .s...v.......v..
	0x00, 0x85, 0x00, 0x05, 0x00, 0x06, 0x00, 0x00, 0x00, 0x78, 0x02, 0x00, 0x00, 0x43, 0x02, 0x00, // .........x...C..
	0x00, 0x86, 0x00, 0x00, 0x00, 0x81, 0x00, 0x05, 0x00, 0x06, 0x00, 0x00, 0x00, 0x79, 0x02, 0x00, // .............y..
	0x00, 0x78, 0x02, 0x00, 0x00, 0x88, 0x00, 0x00, 0x00, 0x0c, 0x00, 0x07, 0x00, 0x06, 0x00, 0x00, // .x..............
	0x00, 0x7a, 0x02, 0x00, 0x00, 0x01, 0x00, 0x00, 0x00, 0x1a, 0x00, 0x00, 0x00, 0x79, 0x02, 0x00, // .z...........y..
	0x00, 0x8a, 0x00, 0x00, 0x00, 0xf9, 0x00, 0x02, 0x00, 0x7c, 0x02, 0x00, 0x00, 0xf8, 0x00, 0x02, // .........|......
	0x00, 0x73, 0x02, 0x00, 0x00, 0x85, 0x00, 0x05, 0x00, 0x06, 0x00, 0x00, 0x00, 0x75, 0x02, 0x00, // .s...........u..
	0x00, 0x43, 0x02, 0x00, 0x00, 0x81, 0x00, 0x00, 0x00, 0xf9, 0x00, 0x02, 0x00, 0x7c, 0x02, 0x00, // .C...........|..
	0x00, 0xf8, 0x00, 0x02, 0x00, 0x7b, 0x02, 0x00, 0x00, 0xff, 0x00, 0x01, 0x00, 0xf8, 0x00, 0x02, // .....{..........
	0x00, 0x7c, 0x02, 0x00, 0x00, 0xf5, 0x00, 0x07, 0x00, 0x06, 0x00, 0x00, 0x00, 0xf3, 0x02, 0x00, // .|..............
	0x00, 0x7a, 0x02, 0x00, 0x00, 0x76, 0x02, 0x00, 0x00, 0x75, 0x02, 0x00, 0x00, 0x73, 0x02, 0x00, // .z...v...u...s..
	0x00, 0x51, 0x00, 0x05, 0x00, 0x06, 0x00, 0x00, 0x00, 0x46, 0x02, 0x00, 0x00, 0x36, 0x02, 0x00, // .Q.......F...6..
	0x00, 0x03, 0x00, 0x00, 0x00, 0x50, 0x00, 0x07, 0x00, 0x11, 0x00, 0x00, 0x00, 0x47, 0x02, 0x00, // .....P.......G..
	0x00, 0xf1, 0x02, 0x00, 0x00, 0xf2, 0x02, 0x00, 0x00, 0xf3, 0x02, 0x00, 0x00, 0x46, 0x02, 0x00, // .............F..
	0x00, 0x8e, 0x00, 0x05, 0x00, 0x11, 0x00, 0x00, 0x00, 0xf0, 0x01, 0x00, 0x00, 0x47, 0x02, 0x00, // .............G..
	0x00, 0xe7, 0x01, 0x00, 0x00, 0x81, 0x00, 0x05, 0x00, 0x11, 0x00, 0x00, 0x00, 0xf2, 0x01, 0x00, // ................
	0x00, 0xf7, 0x02, 0x00, 0x00, 0xf0, 0x01, 0x00, 0x00, 0x3e, 0x00, 0x03, 0x00, 0xa7, 0x01, 0x00, // .........>......
	0x00, 0x23, 0x01, 0x00, 0x00, 0x41, 0x00, 0x06, 0x00, 0x10, 0x00, 0x00, 0x00, 0xf5, 0x01, 0x00, // .#...A..........
	0x00, 0xa7, 0x01, 0x00, 0x00, 0xef, 0x02, 0x00, 0x00, 0xe9, 0x02, 0x00, 0x00, 0x3d, 0x00, 0x04, // .............=..
	0x00, 0x06, 0x00, 0x00, 0x00, 0xf6, 0x01, 0x00, 0x00, 0xf5, 0x01, 0x00, 0x00, 0x81, 0x00, 0x05, // ................
	0x00, 0x06, 0x00, 0x00, 0x00, 0xf8, 0x01, 0x00, 0x00, 0x01, 0x03, 0x00, 0x00, 0xf6, 0x01, 0x00, // ................
	0x00, 0xf9, 0x00, 0x02, 0x00, 0xf9, 0x01, 0x00, 0x00, 0xf8, 0x00, 0x02, 0x00, 0xf9, 0x01, 0x00, // ................
	0x00, 0xf5, 0x00, 0x07, 0x00, 0x06, 0x00, 0x00, 0x00, 0x05, 0x03, 0x00, 0x00, 0x01, 0x03, 0x00, // ................
	0x00, 0xca, 0x01, 0x00, 0x00, 0xf8, 0x01, 0x00, 0x00, 0x7c, 0x02, 0x00, 0x00, 0xf5, 0x00, 0x07, // .........|......
	0x00, 0x11, 0x00, 0x00, 0x00, 0x04, 0x03, 0x00, 0x00, 0xf7, 0x02, 0x00, 0x00, 0xca, 0x01, 0x00, // ................
	0x00, 0xf2, 0x01, 0x00, 0x00, 0x7c, 0x02, 0x00, 0x00, 0xf9, 0x00, 0x02, 0x00, 0xfa, 0x01, 0x00, // .....|..........
	0x00, 0xf8, 0x00, 0x02, 0x00, 0xfa, 0x01, 0x00, 0x00, 0x80, 0x00, 0x05, 0x00, 0x18, 0x00, 0x00, // ................
	0x00, 0xfc, 0x01, 0x00, 0x00, 0xef, 0x02, 0x00, 0x00, 0xea, 0x00, 0x00, 0x00, 0xf9, 0x00, 0x02, // ................
	0x00, 0xc6, 0x01, 0x00, 0x00, 0xf8, 0x00, 0x02, 0x00, 0xfd, 0x01, 0x00, 0x00, 0xf9, 0x00, 0x02, // ................
	0x00, 0xfe, 0x01, 0x00, 0x00, 0xf8, 0x00, 0x02, 0x00, 0xfe, 0x01, 0x00, 0x00, 0x80, 0x00, 0x05, // ................
	0x00, 0x18, 0x00, 0x00, 0x00, 0x00, 0x02, 0x00, 0x00, 0xe9, 0x02, 0x00, 0x00, 0xea, 0x00, 0x00, // ................
	0x00, 0xf9, 0x00, 0x02, 0x00, 0xc1, 0x01, 0x00, 0x00, 0xf8, 0x00, 0x02, 0x00, 0x01, 0x02, 0x00, // ................
	0x00, 0x50, 0x00, 0x07, 0x00, 0x11, 0x00, 0x00, 0x00, 0x04, 0x02, 0x00, 0x00, 0xeb, 0x02, 0x00, // .P..............
	0x00, 0xeb, 0x02, 0x00, 0x00, 0xeb, 0x02, 0x00, 0x00, 0xeb, 0x02, 0x00, 0x00, 0x88, 0x00, 0x05, // ................
	0x00, 0x11, 0x00, 0x00, 0x00, 0x05, 0x02, 0x00, 0x00, 0xea, 0x02, 0x00, 0x00, 0x04, 0x02, 0x00, // ................
	0x00, 0x51, 0x00, 0x05, 0x00, 0x06, 0x00, 0x00, 0x00, 0x84, 0x02, 0x00, 0x00, 0x05, 0x02, 0x00, // .Q..............
	0x00, 0x00, 0x00, 0x00, 0x00, 0xf7, 0x00, 0x03, 0x00, 0x9f, 0x02, 0x00, 0x00, 0x00, 0x00, 0x00, // ................
	0x00, 0xfb, 0x00, 0x03, 0x00, 0x5b, 0x00, 0x00, 0x00, 0x93, 0x02, 0x00, 0x00, 0xf8, 0x00, 0x02, // .....[..........
	0x00, 0x93, 0x02, 0x00, 0x00, 0xbc, 0x00, 0x05, 0x00, 0x09, 0x00, 0x00, 0x00, 0x95, 0x02, 0x00, // ................
	0x00, 0x84, 0x02, 0x00, 0x00, 0xa2, 0x00, 0x00, 0x00, 0xf7, 0x00, 0x03, 0x00, 0x9e, 0x02, 0x00, // ................
	0x00, 0x00, 0x00, 0x00, 0x00, 0xfa, 0x00, 0x04, 0x00, 0x95, 0x02, 0x00, 0x00, 0x96, 0x02, 0x00, // ................
	0x00, 0x99, 0x02, 0x00, 0x00, 0xf8, 0x00, 0x02, 0x00, 0x99, 0x02, 0x00, 0x00, 0x0c, 0x00, 0x07, // ................
	0x00, 0x06, 0x00, 0x00, 0x00, 0x9b, 0x02, 0x00, 0x00, 0x01, 0x00, 0x00, 0x00, 0x1a, 0x00, 0x00, // ................
	0x00, 0x84, 0x02, 0x00, 0x00, 0xad, 0x00, 0x00, 0x00, 0x85, 0x00, 0x05, 0x00, 0x06, 0x00, 0x00, // ................
	0x00, 0x9c, 0x02, 0x00, 0x00, 0xab, 0x00, 0x00, 0x00, 0x9b, 0x02, 0x00, 0x00, 0x83, 0x00, 0x05, // ................
	0x00, 0x06, 0x00, 0x00, 0x00, 0x9d, 0x02, 0x00, 0x00, 0x9c, 0x02, 0x00, 0x00, 0xb0, 0x00, 0x00, // ................
	0x00, 0xf9, 0x00, 0x02, 0x00, 0x9f, 0x02, 0x00, 0x00, 0xf8, 0x00, 0x02, 0x00, 0x96, 0x02, 0x00, // ................
	0x00, 0x85, 0x00, 0x05, 0x00, 0x06, 0x00, 0x00, 0x00, 0x98, 0x02, 0x00, 0x00, 0xa6, 0x00, 0x00, // ................
	0x00, 0x84, 0x02, 0x00, 0x00, 0xf9, 0x00, 0x02, 0x00, 0x9f, 0x02, 0x00, 0x00, 0xf8, 0x00, 0x02, // ................
	0x00, 0x9e, 0x02, 0x00, 0x00, 0xff, 0x00, 0x01, 0x00, 0xf8, 0x00, 0x02, 0x00, 0x9f, 0x02, 0x00, // ................
	0x00, 0xf5, 0x00, 0x07, 0x00, 0x06, 0x00, 0x00, 0x00, 0xec, 0x02, 0x00, 0x00, 0x9d, 0x02, 0x00, // ................
	0x00, 0x99, 0x02, 0x00, 0x00, 0x98, 0x02, 0x00, 0x00, 0x96, 0x02, 0x00, 0x00, 0x51, 0x00, 0x05, // .............Q..
	0x00, 0x06, 0x00, 0x00, 0x00, 0x87, 0x02, 0x00, 0x00, 0x05, 0x02, 0x00, 0x00, 0x01, 0x00, 0x00, // ................
	0x00, 0xf7, 0x00, 0x03, 0x00, 0xb1, 0x02, 0x00, 0x00, 0x00, 0x00, 0x00, 0x00, 0xfb, 0x00, 0x03, // ................
	0x00, 0x5b, 0x00, 0x00, 0x00, 0xa5, 0x02, 0x00, 0x00, 0xf8, 0x00, 0x02, 0x00, 0xa5, 0x02, 0x00, // .[..............
	0x00, 0xbc, 0x00, 0x05, 0x00, 0x09, 0x00, 0x00, 0x00, 0xa7, 0x02, 0x00, 0x00, 0x87, 0x02, 0x00, // ................
	0x00, 0xa2, 0x00, 0x00, 0x00, 0xf7, 0x00, 0x03, 0x00, 0xb0, 0x02, 0x00, 0x00, 0x00, 0x00, 0x00, // ................
	0x00, 0xfa, 0x00, 0x04, 0x00, 0xa7, 0x02, 0x00, 0x00, 0xa8, 0x02, 0x00, 0x00, 0xab, 0x02, 0x00, // ................
	0x00, 0xf8, 0x00, 0x02, 0x00, 0xab, 0x02, 0x00, 0x00, 0x0c, 0x00, 0x07, 0x00, 0x06, 0x00, 0x00, // ................
	0x00, 0xad, 0x02, 0x00, 0x00, 0x01, 0x00, 0x00, 0x00, 0x1a, 0x00, 0x00, 0x00, 0x87, 0x02, 0x00, // ................
	0x00, 0xad, 0x00, 0x00, 0x00, 0x85, 0x00, 0x05, 0x00, 0x06, 0x00, 0x00, 0x00, 0xae, 0x02, 0x00, // ................
	0x00, 0xab, 0x00, 0x00, 0x00, 0xad, 0x02, 0x00, 0x00, 0x83, 0x00, 0x05, 0x00, 0x06, 0x00, 0x00, // ................
	0x00, 0xaf, 0x02, 0x00, 0x00, 0xae, 0x02, 0x00, 0x00, 0xb0, 0x00, 0x00, 0x00, 0xf9, 0x00, 0x02, // ................
	0x00, 0xb1, 0x02, 0x00, 0x00, 0xf8, 0x00, 0x02, 0x00, 0xa8, 0x02, 0x00, 0x00, 0x85, 0x00, 0x05, // ................
	0x00, 0x06, 0x00, 0x00, 0x00, 0xaa, 0x02, 0x00, 0x00, 0xa6, 0x00, 0x00, 0x00, 0x87, 0x02, 0x00, // ................
	0x00, 0xf9, 0x00, 0x02, 0x00, 0xb1, 0x02, 0x00, 0x00, 0xf8, 0x00, 0x02, 0x00, 0xb0, 0x02, 0x00, // ................
	0x00, 0xff, 0x00, 0x01, 0x00, 0xf8, 0x00, 0x02, 0x00, 0xb1, 0x02, 0x00, 0x00, 0xf5, 0x00, 0x07, // ................
	0x00, 0x06, 0x00, 0x00, 0x00, 0xed, 0x02, 0x00, 0x00, 0xaf, 0x02, 0x00, 0x00, 0xab, 0x02, 0x00, // ................
	0x00, 0xaa, 0x02, 0x00, 0x00, 0xa8, 0x02, 0x00, 0x00, 0x51, 0x00, 0x05, 0x00, 0x06, 0x00, 0x00, // .........Q......
	0x00, 0x8a, 0x02, 0x00, 0x00, 0x05, 0x02, 0x00, 0x00, 0x02, 0x00, 0x00, 0x00, 0xf7, 0x00, 0x03, // ................
	0x00, 0xc3, 0x02, 0x00, 0x00, 0x00, 0x00, 0x00, 0x00, 0xfb, 0x00, 0x03, 0x00, 0x5b, 0x00, 0x00, // .............[..
	0x00, 0xb7, 0x02, 0x00, 0x00, 0xf8, 0x00, 0x02, 0x00, 0xb7, 0x02, 0x00, 0x00, 0xbc, 0x00, 0x05, // ................
	0x00, 0x09, 0x00, 0x00, 0x00, 0xb9, 0x02, 0x00, 0x00, 0x8a, 0x02, 0x00, 0x00, 0xa2, 0x00, 0x00, // ................
	0x00, 0xf7, 0x00, 0x03, 0x00, 0xc2, 0x02, 0x00, 0x00, 0x00, 0x00, 0x00, 0x00, 0xfa, 0x00, 0x04, // ................
	0x00, 0xb9, 0x02, 0x00, 0x00, 0xba, 0x02, 0x00, 0x00, 0xbd, 0x02, 0x00, 0x00, 0xf8, 0x00, 0x02, // ................
	0x00, 0xbd, 0x02, 0x00, 0x00, 0x0c, 0x00, 0x07, 0x00, 0x06, 0x00, 0x00, 0x00, 0xbf, 0x02, 0x00, // ................
	0x00, 0x01, 0x00, 0x00, 0x00, 0x1a, 0x00, 0x00, 0x00, 0x8a, 0x02, 0x00, 0x00, 0xad, 0x00, 0x00, // ................
	0x00, 0x85, 0x00, 0x05, 0x00, 0x06, 0x00, 0x00, 0x00, 0xc0, 0x02, 0x00, 0x00, 0xab, 0x00, 0x00, // ................
	0x00, 0xbf, 0x02, 0x00, 0x00, 0x83, 0x00, 0x05, 0x00, 0x06, 0x00, 0x00, 0x00, 0xc1, 0x02, 0x00, // ................
	0x00, 0xc0, 0x02, 0x00, 0x00, 0xb0, 0x00, 0x00, 0x00, 0xf9, 0x00, 0x02, 0x00, 0xc3, 0x02, 0x00, // ................
	0x00, 0xf8, 0x00, 0x02, 0x00, 0xba, 0x02, 0x00, 0x00, 0x85, 0x00, 0x05, 0x00, 0x06, 0x00, 0x00, // ................
	0x00, 0xbc, 0x02, 0x00, 0x00, 0xa6, 0x00, 0x00, 0x00, 0x8a, 0x02, 0x00, 0x00, 0xf9, 0x00, 0x02, // ................
	0x00, 0xc3, 0x02, 0x00, 0x00, 0xf8, 0x00, 0x02, 0x00, 0xc2, 0x02, 0x00, 0x00, 0xff, 0x00, 0x01, // ................
	0x00, 0xf8, 0x00, 0x02, 0x00, 0xc3, 0x02, 0x00, 0x00, 0xf5, 0x00, 0x07, 0x00, 0x06, 0x00, 0x00, // ................
	0x00, 0xee, 0x02, 0x00, 0x00, 0xc1, 0x02, 0x00, 0x00, 0xbd, 0x02, 0x00, 0x00, 0xbc, 0x02, 0x00, // ................
	0x00, 0xba, 0x02, 0x00, 0x00, 0x51, 0x00, 0x05, 0x00, 0x06, 0x00, 0x00, 0x00, 0x8d, 0x02, 0x00, // .....Q..........
	0x00, 0x05, 0x02, 0x00, 0x00, 0x03, 0x00, 0x00, 0x00, 0x50, 0x00, 0x07, 0x00, 0x11, 0x00, 0x00, // .........P......
	0x00, 0x8e, 0x02, 0x00, 0x00, 0xec, 0x02, 0x00, 0x00, 0xed, 0x02, 0x00, 0x00, 0xee, 0x02, 0x00, // ................
	0x00, 0x8d, 0x02, 0x00, 0x00, 0x3d, 0x00, 0x04, 0x00, 0xd0, 0x00, 0x00, 0x00, 0x08, 0x02, 0x00, // .....=..........
	0x00, 0xd2, 0x00, 0x00, 0x00, 0x63, 0x00, 0x04, 0x00, 0x08, 0x02, 0x00, 0x00, 0xaf, 0x01, 0x00, // .....c..........
	0x00, 0x8e, 0x02, 0x00, 0x00, 0xf9, 0x00, 0x02, 0x00, 0x0b, 0x02, 0x00, 0x00, 0xf8, 0x00, 0x02, // ................
	0x00, 0x0b, 0x02, 0x00, 0x00, 0xfd, 0x00, 0x01, 0x00, 0x38, 0x00, 0x01, 0x00, 0x00, 0x00, 0x00, // .........8......
	0x00,                                                                                           // .
};
static const bgfx::EmbeddedShader cs_mipmap_srgba8 = BGFX_EMBEDDED_SHADER(cs_mipmap_srgba8);
